PLD (Å),LCD (Å),Sacc (m2/g),Porosity,KCO2 (mol/kg/Pa),%C,%H,%N,%O,%Metalloid,%Halogen,CO2-1 bar (mol/kg)
17.693,17.845,1071.29,0.562,3.38E-05,57.14285714,28.57142857,14.28571429,0,0,0,1.582
29.696,29.862,1718.32,0.687,6.71E-06,58.33333333,33.33333333,8.333333333,0,0,0,0.700
28.010,28.091,1283.02,0.619,4.80E-06,64.28571429,28.57142857,7.142857143,0,0,0,0.498
10.021,10.479,1015.62,0.522,3.26E-05,57.14285714,28.57142857,14.28571429,0,0,0,1.557
10.072,10.592,839.121,0.539,5.58E-05,57.14285714,0,14.28571429,0,0,0.285714286,2.401
19.103,19.354,1665.31,0.659,6.13E-06,58.33333333,33.33333333,8.333333333,0,0,0,0.632
15.706,15.851,1211.27,0.584,4.17E-06,64.28571429,28.57142857,7.142857143,0,0,0,0.430
35.229,35.298,1787.08,0.769,5.19E-06,57.14285714,23.80952381,9.523809524,9.523809524,0,0,0.529
10.419,10.824,1023.62,0.542,1.92E-05,57.14285714,28.57142857,14.28571429,0,0,0,1.216
10.660,10.918,936.39,0.532,7.80E-05,57.14285714,25.3968254,14.28571429,0,0,0.031746032,1.894
10.944,11.222,922.574,0.540,4.49E-03,57.14285714,22.22222222,14.28571429,0,0,0.063492063,2.216
10.588,10.839,839.27,0.521,9.15E-04,57.14285714,19.04761905,14.28571429,0,0,0.095238095,2.651
9.334,9.936,748.591,0.507,3.99E-05,57.14285714,15.87301587,14.28571429,0,0,0.126984127,2.783
10.585,11.042,769.758,0.526,2.10E-05,57.14285714,12.6984127,14.28571429,0,0,0.158730159,1.470
9.888,10.090,692.034,0.503,8.76E-05,57.14285714,9.523809524,14.28571429,0,0,0.19047619,3.067
11.599,11.786,817.662,0.554,9.09E-04,57.14285714,6.349206349,14.28571429,0,0,0.222222222,1.919
8.962,9.175,927.146,0.531,6.31E-05,57.14285714,22.22222222,14.28571429,0,0,0.063492063,2.186
9.407,10.054,862.348,0.543,1.86E-03,57.14285714,15.87301587,14.28571429,0,0,0.126984127,2.631
8.362,9.113,777.498,0.514,1.84E-03,57.14285714,12.6984127,14.28571429,0,0,0.158730159,3.858
9.156,9.375,812.757,0.536,1.39E-04,57.14285714,9.523809524,14.28571429,0,0,0.19047619,3.020
10.400,10.873,892.703,0.574,9.33E-04,57.14285714,0,14.28571429,0,0,0.285714286,1.984
18.067,18.365,1712.04,0.674,7.20E-06,58.33333333,33.33333333,8.333333333,0,0,0,0.806
18.868,19.065,1677.76,0.669,7.83E-06,59.09090909,32.72727273,8.181818182,0,0,0,0.871
17.352,17.577,1592.65,0.657,8.62E-06,59.82142857,32.14285714,8.035714286,0,0,0,0.781
16.913,17.083,1519.49,0.646,8.45E-06,60.52631579,31.57894737,7.894736842,0,0,0,0.765
18.096,18.215,1516.18,0.640,7.27E-06,61.20689655,31.03448276,7.75862069,0,0,0,0.827
18.112,18.191,1494.47,0.632,7.01E-06,61.86440678,30.50847458,7.627118644,0,0,0,0.793
16.878,17.146,1448.77,0.626,8.02E-06,62.5,30,7.5,0,0,0,0.720
16.488,16.830,1415.36,0.613,7.66E-06,63.1147541,29.50819672,7.37704918,0,0,0,0.682
16.888,16.951,1597.34,0.664,8.39E-06,59.82142857,32.14285714,8.035714286,0,0,0,0.731
16.388,16.476,1565.69,0.653,8.18E-06,60.52631579,31.57894737,7.894736842,0,0,0,0.712
17.810,18.018,1477.27,0.650,7.73E-06,61.20689655,31.03448276,7.75862069,0,0,0,0.680
17.466,17.752,1462.33,0.643,7.70E-06,61.86440678,30.50847458,7.627118644,0,0,0,0.681
17.735,18.044,1478.69,0.643,6.63E-06,62.5,30,7.5,0,0,0,0.668
15.874,15.929,1425.56,0.622,7.50E-06,63.1147541,29.50819672,7.37704918,0,0,0,0.654
17.440,17.784,1311.26,0.619,7.15E-06,63.70967742,29.03225806,7.258064516,0,0,0,0.624
17.333,17.660,1315,0.610,7.08E-06,64.28571429,28.57142857,7.142857143,0,0,0,0.611
20.804,20.927,716.705,0.571,1.02E-04,57.14285714,12.24489796,14.28571429,0,0,0.163265306,1.589
21.741,21.878,687.545,0.568,2.55E-04,57.14285714,24.48979592,14.28571429,0,0,0.040816327,1.959
22.106,22.165,846.692,0.594,4.76E-05,57.14285714,8.163265306,14.28571429,0,0,0.204081633,1.679
22.638,22.736,761.69,0.573,9.05E-05,57.14285714,20.40816327,14.28571429,0,0,0.081632653,1.541
21.151,21.672,865.487,0.611,1.08E-04,57.14285714,4.081632653,14.28571429,0,0,0.244897959,2.564
22.550,22.649,619.43,0.565,1.27E-03,57.14285714,16.32653061,14.28571429,0,0,0.12244898,1.897
22.390,22.621,924.66,0.612,1.04E-04,57.14285714,0,14.28571429,0,0,0.285714286,2.747
35.374,35.560,1755.2,0.704,7.62E-06,58.33333333,33.33333333,8.333333333,0,0,0,0.778
35.670,35.844,1697.85,0.694,8.05E-06,59.30232558,32.55813953,8.139534884,0,0,0,0.825
36.022,36.150,1621.97,0.685,7.48E-06,60.22727273,31.81818182,7.954545455,0,0,0,0.774
35.750,35.833,1339.96,0.656,5.31E-06,63.54166667,29.16666667,7.291666667,0,0,0,0.553
36.676,36.749,1556.39,0.684,7.38E-06,61.11111111,31.11111111,7.777777778,0,0,0,0.752
35.649,35.787,1255.03,0.647,5.24E-06,64.28571429,28.57142857,7.142857143,0,0,0,0.542
11.935,12.286,1037.41,0.546,3.88E-05,57.14285714,28.57142857,14.28571429,0,0,0,1.401
11.769,12.107,865.997,0.556,6.57E-05,57.14285714,0,14.28571429,0,0,0.285714286,2.055
20.860,21.144,1684.43,0.670,6.32E-06,58.33333333,33.33333333,8.333333333,0,0,0,0.663
19.436,19.548,1300.62,0.607,5.20E-06,64.28571429,28.57142857,7.142857143,0,0,0,0.543
12.412,12.710,1092.42,0.573,3.83E-05,57.14285714,28.57142857,14.28571429,0,0,0,0.914
11.919,12.272,841.421,0.544,2.84E-05,57.14285714,19.04761905,14.28571429,0,0,0.095238095,2.151
10.523,10.803,894.853,0.563,2.07E-03,57.14285714,9.523809524,14.28571429,0,0,0.19047619,3.518
12.645,12.999,992.212,0.598,1.50E-03,57.14285714,0,14.28571429,0,0,0.285714286,1.635
22.871,22.985,1688.94,0.694,7.54E-06,58.33333333,33.33333333,8.333333333,0,0,0,0.872
21.705,21.824,1600.88,0.670,7.43E-06,60.52631579,31.57894737,7.894736842,0,0,0,0.856
19.586,19.857,1374.2,0.652,1.01E-05,62.5,30,7.5,0,0,0,0.711
19.485,19.741,1326.1,0.631,9.88E-06,64.28571429,28.57142857,7.142857143,0,0,0,0.688
39.207,39.338,1789.59,0.783,5.52E-06,57.14285714,23.80952381,9.523809524,9.523809524,0,0,0.565
9.866,10.348,991.627,0.527,3.19E-05,57.14285714,28.57142857,14.28571429,0,0,0,1.250
15.822,16.155,1233.8,0.587,3.77E-06,64.28571429,28.57142857,7.142857143,0,0,0,0.381
33.549,33.594,1779.17,0.765,5.22E-06,57.14285714,23.80952381,9.523809524,9.523809524,0,0,0.525
6.179,7.564,810.923,0.521,7.69E-05,57.14285714,28.57142857,14.28571429,0,0,0,2.637
5.383,8.088,558.881,0.495,7.89E-04,57.14285714,0,14.28571429,0,0,0.285714286,3.838
12.526,13.568,1520.26,0.609,2.03E-05,58.33333333,33.33333333,8.333333333,0,0,0,1.600
21.721,21.862,1052.75,0.562,5.21E-05,57.14285714,28.57142857,14.28571429,0,0,0,2.066
19.780,20.459,555.925,0.540,1.01E-03,57.14285714,0,14.28571429,0,0,0.285714286,3.128
37.843,37.972,1725.98,0.681,6.71E-06,58.33333333,33.33333333,8.333333333,0,0,0,0.702
18.820,19.162,959.667,0.607,6.00E-05,57.14285714,19.04761905,14.28571429,0,0,0.095238095,1.616
18.046,18.376,923.262,0.613,2.25E-03,57.14285714,9.523809524,14.28571429,0,0,0.19047619,3.131
36.197,36.278,1737.47,0.723,9.20E-06,58.33333333,33.33333333,8.333333333,0,0,0,0.947
36.283,36.394,1588.28,0.707,1.03E-05,60.52631579,31.57894737,7.894736842,0,0,0,0.926
35.855,36.012,1610.55,0.701,8.73E-06,60.52631579,31.57894737,7.894736842,0,0,0,0.894
36.086,36.134,1439.73,0.680,1.09E-05,62.5,30,7.5,0,0,0,0.871
36.036,36.137,1582.41,0.710,8.17E-06,60.52631579,31.57894737,7.894736842,0,0,0,0.775
8.460,9.017,994.659,0.519,9.84E-06,57.14285714,28.57142857,14.28571429,0,0,0,1.093
7.741,7.976,652.147,0.484,1.45E-05,57.14285714,0,14.28571429,0,0,0.285714286,1.709
13.139,13.399,1717.62,0.643,6.90E-06,58.33333333,33.33333333,8.333333333,0,0,0,0.722
13.212,13.600,1295.16,0.579,3.69E-06,64.28571429,28.57142857,7.142857143,0,0,0,0.384
29.383,29.443,1803.03,0.769,5.01E-06,57.14285714,23.80952381,9.523809524,9.523809524,0,0,0.518
9.377,9.885,1092.96,0.542,9.99E-05,57.14285714,28.57142857,14.28571429,0,0,0,1.167
8.494,8.998,919.422,0.531,1.72E-03,57.14285714,15.87301587,14.28571429,0,0,0.126984127,3.468
9.170,9.487,806.981,0.513,7.42E-05,57.14285714,15.87301587,14.28571429,0,0,0.126984127,3.384
9.505,9.885,830.166,0.529,4.75E-05,57.14285714,12.6984127,14.28571429,0,0,0.158730159,1.721
16.492,16.710,1716.61,0.672,7.85E-06,58.33333333,33.33333333,8.333333333,0,0,0,0.840
15.947,16.169,1465.53,0.644,8.07E-06,61.20689655,31.03448276,7.75862069,0,0,0,0.634
16.472,16.583,1676.79,0.663,7.70E-06,59.09090909,32.72727273,8.181818182,0,0,0,0.817
15.381,15.668,1433.34,0.635,8.11E-06,61.86440678,30.50847458,7.627118644,0,0,0,0.623
15.669,15.947,1504.32,0.634,6.80E-06,61.20689655,31.03448276,7.75862069,0,0,0,0.710
15.113,15.264,1356.15,0.610,7.60E-06,63.70967742,29.03225806,7.258064516,0,0,0,0.600
16.094,16.210,1488.11,0.626,6.45E-06,61.86440678,30.50847458,7.627118644,0,0,0,0.680
15.177,15.397,1309.17,0.601,7.27E-06,64.28571429,28.57142857,7.142857143,0,0,0,0.566
9.087,9.336,1019.78,0.525,2.75E-05,57.14285714,28.57142857,14.28571429,0,0,0,1.331
9.372,9.974,804.924,0.534,4.73E-05,57.14285714,0,14.28571429,0,0,0.285714286,1.790
17.964,18.051,1691.24,0.661,6.24E-06,58.33333333,33.33333333,8.333333333,0,0,0,0.648
14.630,15.000,1279.89,0.586,4.48E-06,64.28571429,28.57142857,7.142857143,0,0,0,0.460
33.378,33.495,1780.6,0.768,5.14E-06,57.14285714,23.80952381,9.523809524,9.523809524,0,0,0.519
10.345,10.822,1003.89,0.529,1.89E-05,57.14285714,28.57142857,14.28571429,0,0,0,1.122
10.119,10.580,785.461,0.529,3.50E-05,57.14285714,0,14.28571429,0,0,0.285714286,1.781
16.358,16.681,1260.55,0.584,3.69E-06,64.28571429,28.57142857,7.142857143,0,0,0,0.372
10.300,10.779,1041.07,0.534,2.41E-05,57.14285714,28.57142857,14.28571429,0,0,0,1.118
16.958,17.790,1684.13,0.649,9.19E-06,58.33333333,33.33333333,8.333333333,0,0,0,0.910
15.573,15.629,1240.36,0.586,4.42E-06,64.28571429,28.57142857,7.142857143,0,0,0,0.460
9.013,9.485,884.061,0.514,1.36E-04,57.14285714,23.80952381,14.28571429,0,0,0.047619048,1.549
8.348,8.831,871.992,0.517,3.53E-04,57.14285714,23.80952381,14.28571429,0,0,0.047619048,2.011
8.439,9.032,744.34,0.508,1.96E-03,57.14285714,19.04761905,14.28571429,0,0,0.095238095,1.941
9.137,9.380,856.73,0.516,4.16E-05,57.14285714,19.04761905,14.28571429,0,0,0.095238095,2.062
9.210,9.494,756.808,0.506,1.01E-04,57.14285714,14.28571429,14.28571429,0,0,0.142857143,2.161
8.821,9.141,781.918,0.507,2.40E-04,57.14285714,14.28571429,14.28571429,0,0,0.142857143,1.783
8.897,9.257,640.835,0.501,1.25E-03,57.14285714,9.523809524,14.28571429,0,0,0.19047619,1.728
8.396,8.718,769.645,0.508,1.55E-04,57.14285714,19.04761905,14.28571429,0,0,0.095238095,1.786
7.703,7.897,644.491,0.488,4.01E-05,57.14285714,9.523809524,14.28571429,0,0,0.19047619,2.073
8.607,8.840,676.198,0.499,1.02E-04,57.14285714,9.523809524,14.28571429,0,0,0.19047619,1.706
8.771,9.050,632.394,0.497,7.84E-05,57.14285714,4.761904762,14.28571429,0,0,0.238095238,1.470
8.163,8.514,617.02,0.497,1.12E-04,57.14285714,4.761904762,14.28571429,0,0,0.238095238,1.308
16.481,16.795,1635.35,0.645,6.29E-06,59.45945946,32.43243243,8.108108108,0,0,0,0.647
15.652,15.788,1628.63,0.647,6.41E-06,59.45945946,32.43243243,8.108108108,0,0,0,0.672
15.712,15.903,1526.89,0.631,5.98E-06,60.52631579,31.57894737,7.894736842,0,0,0,0.625
16.081,16.163,1496.17,0.619,5.76E-06,61.53846154,30.76923077,7.692307692,0,0,0,0.590
15.488,15.845,1513.9,0.618,6.43E-06,61.53846154,30.76923077,7.692307692,0,0,0,0.665
14.528,14.581,1467.78,0.606,6.12E-06,62.5,30,7.5,0,0,0,0.620
15.309,15.606,1538.87,0.637,5.79E-06,60.52631579,31.57894737,7.894736842,0,0,0,0.612
15.119,15.309,1487.25,0.624,5.69E-06,61.53846154,30.76923077,7.692307692,0,0,0,0.598
14.512,14.850,1448.47,0.619,5.55E-06,61.53846154,30.76923077,7.692307692,0,0,0,0.591
15.157,15.276,1358.22,0.602,4.89E-06,63.41463415,29.26829268,7.317073171,0,0,0,0.519
14.306,14.691,1343.57,0.598,5.21E-06,63.41463415,29.26829268,7.317073171,0,0,0,0.544
14.466,14.733,1224.82,0.581,4.76E-06,64.28571429,28.57142857,7.142857143,0,0,0,0.502
23.038,23.250,1027.88,0.626,1.33E-03,57.14285714,0,14.28571429,0,0,0.285714286,2.296
10.509,10.935,1043.35,0.536,7.13E-05,57.14285714,28.57142857,14.28571429,0,0,0,1.523
10.094,10.352,868.988,0.565,8.64E-04,57.14285714,0,14.28571429,0,0,0.285714286,2.062
18.428,18.675,1717.73,0.669,7.57E-06,58.33333333,33.33333333,8.333333333,0,0,0,0.785
33.664,33.744,1794.64,0.779,5.27E-06,57.14285714,23.80952381,9.523809524,9.523809524,0,0,0.534
8.967,9.948,801.162,0.554,1.26E-04,57.14285714,9.523809524,14.28571429,0,0,0.19047619,4.140
12.347,12.628,1030.01,0.527,4.92E-05,57.14285714,28.57142857,14.28571429,0,0,0,1.427
13.062,13.475,743.521,0.523,4.07E-05,57.14285714,0,14.28571429,0,0,0.285714286,1.773
19.008,19.223,1268.77,0.583,4.99E-06,64.28571429,28.57142857,7.142857143,0,0,0,0.495
12.755,12.885,1015.85,0.531,2.91E-05,57.14285714,28.57142857,14.28571429,0,0,0,1.346
12.722,13.014,807.426,0.537,4.32E-05,57.14285714,0,14.28571429,0,0,0.285714286,1.960
22.815,22.963,1678.58,0.666,5.94E-06,58.33333333,33.33333333,8.333333333,0,0,0,0.612
19.957,20.047,1245.94,0.587,4.46E-06,64.28571429,28.57142857,7.142857143,0,0,0,0.452
41.164,41.214,1792.97,0.772,5.19E-06,57.14285714,23.80952381,9.523809524,9.523809524,0,0,0.520
15.082,15.329,1098.49,0.577,9.18E-06,57.14285714,28.57142857,14.28571429,0,0,0,0.852
15.676,15.871,911.73,0.606,1.03E-03,57.14285714,0,14.28571429,0,0,0.285714286,2.230
24.331,24.423,1316.59,0.635,8.36E-06,64.28571429,28.57142857,7.142857143,0,0,0,0.617
9.877,16.591,4555.12,0.808,1.08E-05,58.33333333,33.33333333,8.333333333,0,0,0,1.099
8.753,16.406,4069.56,0.787,2.57E-05,62.5,30,7.5,0,0,0,1.799
11.553,15.592,5422.51,0.867,1.74E-05,57.14285714,9.523809524,14.28571429,0,0,0.19047619,1.774
16.784,18.199,5444.59,0.874,1.81E-05,57.14285714,9.523809524,14.28571429,0,0,0.19047619,1.818
18.480,19.568,5597.6,0.868,1.48E-05,57.14285714,9.523809524,14.28571429,0,0,0.19047619,1.584
14.558,16.838,5131.47,0.868,1.80E-05,57.14285714,0,14.28571429,0,0,0.285714286,1.827
22.728,25.062,7950.65,0.942,9.91E-06,58.33333333,33.33333333,8.333333333,0,0,0,1.001
31.672,32.012,7615.21,0.942,1.08E-05,60.52631579,31.57894737,7.894736842,0,0,0,1.092
19.861,21.920,7690.6,0.932,1.04E-05,60.52631579,31.57894737,7.894736842,0,0,0,1.043
30.370,30.787,7427.89,0.938,1.13E-05,62.5,30,7.5,0,0,0,1.132
17.648,20.795,7553.82,0.927,1.02E-05,60.52631579,31.57894737,7.894736842,0,0,0,1.041
16.722,19.521,7352.35,0.918,1.08E-05,62.5,30,7.5,0,0,0,1.084
35.806,41.870,7125.22,0.954,1.18E-05,58.33333333,31.25,10.41666667,0,0,0,1.161
32.870,41.881,7171,0.954,1.19E-05,58.33333333,31.25,10.41666667,0,0,0,1.165
28.619,34.850,5968.36,0.945,1.39E-05,57.14285714,19.04761905,14.28571429,0,0,0.095238095,1.373
29.160,36.517,5378.9,0.942,1.42E-05,57.14285714,9.523809524,14.28571429,0,0,0.19047619,1.419
26.088,32.957,5944.69,0.939,1.52E-05,57.14285714,19.04761905,14.28571429,0,0,0.095238095,1.498
29.414,36.171,5501.21,0.942,3.31E-05,57.14285714,9.523809524,14.28571429,0,0,0.19047619,2.070
26.350,33.332,5425.41,0.935,1.52E-05,57.14285714,9.523809524,14.28571429,0,0,0.19047619,1.524
29.330,36.803,5028.97,0.938,3.27E-05,57.14285714,0,14.28571429,0,0,0.285714286,2.110
42.208,52.540,7320.93,0.968,1.47E-05,62.5,30,7.5,0,0,0,1.483
40.538,51.790,7210.38,0.968,1.53E-05,62.5,30,7.5,0,0,0,1.523
40.500,51.581,7008.86,0.965,1.54E-05,64.28571429,28.57142857,7.142857143,0,0,0,1.539
8.391,16.452,4963.62,0.802,1.42E-05,59.18367347,32.65306122,8.163265306,0,0,0,1.516
8.947,17.648,5235.63,0.819,1.24E-05,57.14285714,32.65306122,8.163265306,0,0.020408163,0,1.309
15.008,17.345,6662.58,0.865,1.14E-05,57.14285714,28.57142857,14.28571429,0,0,0,1.143
14.663,17.944,5975.91,0.861,1.45E-05,57.14285714,19.04761905,14.28571429,0,0,0.095238095,1.501
14.575,19.983,5913.55,0.869,1.38E-05,57.14285714,19.04761905,14.28571429,0,0,0.095238095,1.460
13.289,19.310,5387.45,0.865,1.42E-05,57.14285714,9.523809524,14.28571429,0,0,0.19047619,1.478
15.245,18.887,5756.56,0.867,1.31E-05,57.14285714,19.04761905,14.28571429,0,0,0.095238095,1.378
14.495,17.552,5441.81,0.859,1.61E-05,57.14285714,9.523809524,14.28571429,0,0,0.19047619,1.663
12.225,20.569,5437,0.871,1.45E-05,57.14285714,9.523809524,14.28571429,0,0,0.19047619,1.516
12.227,19.198,5051.36,0.865,1.55E-05,57.14285714,0,14.28571429,0,0,0.285714286,1.631
22.537,33.151,7998.04,0.944,9.99E-06,58.33333333,33.33333333,8.333333333,0,0,0,1.010
22.240,32.913,7664.45,0.940,1.03E-05,60.52631579,31.57894737,7.894736842,0,0,0,1.029
22.599,30.831,7726.08,0.937,1.03E-05,60.52631579,31.57894737,7.894736842,0,0,0,1.038
22.350,30.435,7471.15,0.934,1.06E-05,62.5,30,7.5,0,0,0,1.082
24.485,28.860,7542.75,0.932,1.03E-05,60.52631579,31.57894737,7.894736842,0,0,0,1.051
24.133,28.718,7247.14,0.928,1.08E-05,62.5,30,7.5,0,0,0,1.091
24.400,26.965,7290.65,0.925,1.10E-05,62.5,30,7.5,0,0,0,1.117
24.105,26.832,7027.99,0.920,1.15E-05,64.28571429,28.57142857,7.142857143,0,0,0,1.174
21.069,31.151,6126.46,0.928,9.78E-06,57.14285714,23.80952381,9.523809524,9.523809524,0,0,0.986
11.474,16.901,6837.11,0.884,9.14E-06,57.14285714,28.57142857,14.28571429,0,0,0,0.929
10.326,14.695,6012.45,0.873,1.31E-05,57.14285714,19.04761905,14.28571429,0,0,0.095238095,1.364
11.312,16.976,6182.25,0.876,1.22E-05,57.14285714,19.04761905,14.28571429,0,0,0.095238095,1.252
10.333,14.637,5450.44,0.866,1.46E-05,57.14285714,9.523809524,14.28571429,0,0,0.19047619,1.482
12.274,17.441,6022.77,0.880,1.32E-05,57.14285714,19.04761905,14.28571429,0,0,0.095238095,1.387
10.580,17.029,5394.55,0.866,1.62E-05,57.14285714,9.523809524,14.28571429,0,0,0.19047619,1.630
12.122,17.832,5541.44,0.872,1.45E-05,57.14285714,9.523809524,14.28571429,0,0,0.19047619,1.510
11.126,17.022,5020.57,0.862,1.67E-05,57.14285714,0,14.28571429,0,0,0.285714286,1.696
18.491,27.101,7855.52,0.941,1.00E-05,58.33333333,33.33333333,8.333333333,0,0,0,1.019
19.632,28.306,7634.54,0.941,1.07E-05,60.52631579,31.57894737,7.894736842,0,0,0,1.081
18.237,28.057,7553.85,0.938,1.04E-05,60.52631579,31.57894737,7.894736842,0,0,0,1.054
19.037,28.414,7415.17,0.937,1.10E-05,62.5,30,7.5,0,0,0,1.123
17.763,26.988,7571.33,0.937,1.04E-05,60.52631579,31.57894737,7.894736842,0,0,0,1.041
15.508,27.760,7413.7,0.929,1.08E-05,62.5,30,7.5,0,0,0,1.077
17.580,26.029,7279.86,0.932,1.08E-05,62.5,30,7.5,0,0,0,1.085
18.120,26.518,7162.66,0.932,1.14E-05,64.28571429,28.57142857,7.142857143,0,0,0,1.155
34.115,50.181,6924.62,0.961,1.09E-05,57.14285714,23.80952381,9.523809524,9.523809524,0,0,1.089
21.265,28.251,6477.28,0.928,1.13E-05,57.14285714,22.85714286,14.28571429,0,0,0.057142857,1.153
19.949,28.285,5363.61,0.920,1.86E-05,57.14285714,5.714285714,14.28571429,0,0,0.228571429,1.944
20.110,28.770,6437.51,0.926,1.22E-05,57.14285714,22.85714286,14.28571429,0,0,0.057142857,1.209
20.970,28.503,4983.02,0.918,1.73E-05,57.14285714,0,14.28571429,0,0,0.285714286,1.932
34.716,46.520,7975.16,0.966,1.23E-05,58.33333333,33.33333333,8.333333333,0,0,0,1.255
32.710,45.067,7359.79,0.960,1.34E-05,63.23529412,29.41176471,7.352941176,0,0,0,1.362
34.138,46.275,7809.81,0.965,1.25E-05,59.67741935,32.25806452,8.064516129,0,0,0,1.262
8.697,16.439,5618.68,0.844,1.83E-05,57.14285714,5.714285714,14.28571429,0,0,0.228571429,1.931
8.949,16.560,6119.57,0.842,1.57E-05,57.14285714,22.85714286,14.28571429,0,0,0.057142857,1.586
8.469,15.111,5258.04,0.836,2.08E-05,57.14285714,0,14.28571429,0,0,0.285714286,2.136
16.295,27.924,7909.77,0.929,9.41E-06,58.33333333,33.33333333,8.333333333,0,0,0,0.940
15.388,29.075,7145.18,0.916,1.11E-05,63.23529412,29.41176471,7.352941176,0,0,0,1.135
16.952,24.876,7817.32,0.928,9.81E-06,59.67741935,32.25806452,8.064516129,0,0,0,0.991
31.325,45.068,7588.71,0.970,1.19E-05,57.14285714,23.80952381,9.523809524,9.523809524,0,0,1.186
9.422,14.922,4865.45,0.801,2.22E-05,59.18367347,32.65306122,8.163265306,0,0,0,2.380
9.910,15.602,5163.49,0.817,1.77E-05,57.14285714,32.65306122,8.163265306,0,0.020408163,0,1.887
11.042,16.084,6834.39,0.878,9.46E-06,57.14285714,28.57142857,14.28571429,0,0,0,0.971
12.341,16.549,6319.93,0.881,1.12E-05,57.14285714,23.80952381,14.28571429,0,0,0.047619048,1.157
11.429,17.033,5952.14,0.877,1.34E-05,57.14285714,19.04761905,14.28571429,0,0,0.095238095,1.374
11.571,16.185,5635.2,0.874,1.46E-05,57.14285714,14.28571429,14.28571429,0,0,0.142857143,1.527
12.918,15.473,6149,0.879,1.24E-05,57.14285714,19.04761905,14.28571429,0,0,0.095238095,1.270
11.864,15.251,5810.15,0.871,1.39E-05,57.14285714,14.28571429,14.28571429,0,0,0.142857143,1.457
12.577,15.047,5157.42,0.869,1.65E-05,57.14285714,4.761904762,14.28571429,0,0,0.238095238,1.718
11.142,15.032,6369.79,0.872,1.16E-05,57.14285714,23.80952381,14.28571429,0,0,0.047619048,1.196
11.744,16.485,6036.53,0.878,1.23E-05,57.14285714,19.04761905,14.28571429,0,0,0.095238095,1.277
11.323,16.898,5769.86,0.874,1.48E-05,57.14285714,14.28571429,14.28571429,0,0,0.142857143,1.528
11.506,16.118,5413.26,0.870,1.52E-05,57.14285714,9.523809524,14.28571429,0,0,0.19047619,1.586
12.134,15.013,5735.03,0.873,1.33E-05,57.14285714,14.28571429,14.28571429,0,0,0.142857143,1.405
12.275,15.887,5467.92,0.871,1.38E-05,57.14285714,9.523809524,14.28571429,0,0,0.19047619,1.424
11.696,15.332,5309.73,0.868,1.67E-05,57.14285714,4.761904762,14.28571429,0,0,0.238095238,1.694
11.714,15.212,5022.88,0.865,1.65E-05,57.14285714,0,14.28571429,0,0,0.285714286,1.691
20.726,27.366,7945.32,0.944,9.99E-06,58.33333333,33.33333333,8.333333333,0,0,0,1.007
21.475,26.403,7773.37,0.943,1.03E-05,59.45945946,32.43243243,8.108108108,0,0,0,1.035
19.661,27.796,7639.83,0.943,1.06E-05,60.52631579,31.57894737,7.894736842,0,0,0,1.069
21.074,26.740,7545.16,0.939,1.09E-05,61.53846154,30.76923077,7.692307692,0,0,0,1.098
20.253,26.014,7628.25,0.939,1.04E-05,60.52631579,31.57894737,7.894736842,0,0,0,1.055
20.738,25.010,7446.36,0.936,1.07E-05,61.53846154,30.76923077,7.692307692,0,0,0,1.083
18.701,25.643,7320.83,0.934,1.10E-05,62.5,30,7.5,0,0,0,1.126
18.855,26.084,7262.46,0.933,1.15E-05,63.41463415,29.26829268,7.317073171,0,0,0,1.172
20.096,27.172,7765.24,0.943,1.02E-05,59.45945946,32.43243243,8.108108108,0,0,0,1.026
20.860,26.300,7613.51,0.941,1.04E-05,60.52631579,31.57894737,7.894736842,0,0,0,1.062
19.194,28.217,7525.48,0.940,1.08E-05,61.53846154,30.76923077,7.692307692,0,0,0,1.081
20.507,26.554,7389.26,0.937,1.11E-05,62.5,30,7.5,0,0,0,1.117
20.151,25.879,7431.38,0.937,1.07E-05,61.53846154,30.76923077,7.692307692,0,0,0,1.092
20.672,25.014,7332.2,0.934,1.09E-05,62.5,30,7.5,0,0,0,1.102
18.546,27.708,7193.31,0.933,1.13E-05,63.41463415,29.26829268,7.317073171,0,0,0,1.147
19.906,25.392,7201.83,0.932,1.17E-05,64.28571429,28.57142857,7.142857143,0,0,0,1.173
18.177,18.376,6662.03,0.894,9.13E-06,57.14285714,28.57142857,14.28571429,0,0,0,0.927
15.612,16.303,6029.87,0.888,1.24E-05,57.14285714,19.04761905,14.28571429,0,0,0.095238095,1.277
17.918,18.295,5877.22,0.887,1.17E-05,57.14285714,19.04761905,14.28571429,0,0,0.095238095,1.204
15.678,16.421,5297.83,0.880,1.30E-05,57.14285714,9.523809524,14.28571429,0,0,0.19047619,1.370
18.216,18.424,5923.81,0.887,1.19E-05,57.14285714,19.04761905,14.28571429,0,0,0.095238095,1.224
15.640,16.584,5360.65,0.880,1.37E-05,57.14285714,9.523809524,14.28571429,0,0,0.19047619,1.430
17.914,18.351,5348.64,0.879,1.35E-05,57.14285714,9.523809524,14.28571429,0,0,0.19047619,1.388
15.737,16.516,4952.2,0.874,1.44E-05,57.14285714,0,14.28571429,0,0,0.285714286,1.488
28.925,29.101,7895.06,0.949,1.04E-05,58.33333333,33.33333333,8.333333333,0,0,0,1.036
29.154,29.364,7606.44,0.945,1.07E-05,60.52631579,31.57894737,7.894736842,0,0,0,1.091
28.767,29.058,7551.16,0.945,1.08E-05,60.52631579,31.57894737,7.894736842,0,0,0,1.091
29.029,29.279,7297.51,0.942,1.13E-05,62.5,30,7.5,0,0,0,1.151
28.818,28.922,7617.63,0.946,1.08E-05,60.52631579,31.57894737,7.894736842,0,0,0,1.084
29.026,29.237,7330.8,0.942,1.12E-05,62.5,30,7.5,0,0,0,1.128
28.738,28.837,7291.93,0.942,1.13E-05,62.5,30,7.5,0,0,0,1.146
28.896,29.156,7085.74,0.938,1.16E-05,64.28571429,28.57142857,7.142857143,0,0,0,1.182
11.327,16.210,6831.1,0.880,9.29E-06,57.14285714,28.57142857,14.28571429,0,0,0,0.963
11.223,14.976,6350.06,0.872,1.07E-05,57.14285714,23.80952381,14.28571429,0,0,0.047619048,1.100
11.586,15.285,6346.05,0.870,1.14E-05,57.14285714,23.80952381,14.28571429,0,0,0.047619048,1.144
11.761,15.784,5965.55,0.871,1.24E-05,57.14285714,19.04761905,14.28571429,0,0,0.095238095,1.248
11.351,15.787,5916.65,0.875,1.23E-05,57.14285714,19.04761905,14.28571429,0,0,0.095238095,1.270
10.834,15.526,5633.27,0.870,1.29E-05,57.14285714,14.28571429,14.28571429,0,0,0.142857143,1.291
11.315,16.267,5658.73,0.871,1.44E-05,57.14285714,14.28571429,14.28571429,0,0,0.142857143,1.437
11.368,14.413,5926.31,0.864,1.33E-05,57.14285714,19.04761905,14.28571429,0,0,0.095238095,1.378
11.210,15.463,5665.58,0.868,1.33E-05,57.14285714,14.28571429,14.28571429,0,0,0.142857143,1.365
11.771,15.612,5480.09,0.867,1.43E-05,57.14285714,9.523809524,14.28571429,0,0,0.19047619,1.439
11.379,15.819,5351.31,0.867,1.42E-05,57.14285714,9.523809524,14.28571429,0,0,0.19047619,1.452
10.741,15.055,5181.56,0.863,1.43E-05,57.14285714,4.761904762,14.28571429,0,0,0.238095238,1.418
11.384,15.828,5123.61,0.864,1.53E-05,57.14285714,4.761904762,14.28571429,0,0,0.238095238,1.528
10.843,15.416,5070.51,0.860,1.54E-05,57.14285714,0,14.28571429,0,0,0.285714286,1.561
19.523,27.357,7839.55,0.943,1.01E-05,58.33333333,33.33333333,8.333333333,0,0,0,1.024
19.132,27.165,7731.72,0.941,1.03E-05,59.45945946,32.43243243,8.108108108,0,0,0,1.039
18.817,26.147,7712.13,0.940,1.02E-05,59.45945946,32.43243243,8.108108108,0,0,0,1.036
18.875,26.478,7616.49,0.939,1.05E-05,60.52631579,31.57894737,7.894736842,0,0,0,1.048
19.197,26.430,7582.79,0.939,1.05E-05,60.52631579,31.57894737,7.894736842,0,0,0,1.067
18.866,26.012,7457.45,0.936,1.08E-05,61.53846154,30.76923077,7.692307692,0,0,0,1.095
19.172,23.256,7379.44,0.935,1.08E-05,61.53846154,30.76923077,7.692307692,0,0,0,1.082
18.368,25.710,7294.06,0.934,1.10E-05,62.5,30,7.5,0,0,0,1.119
19.359,27.151,7520.95,0.939,1.06E-05,60.52631579,31.57894737,7.894736842,0,0,0,1.070
19.182,26.799,7419.78,0.937,1.07E-05,61.53846154,30.76923077,7.692307692,0,0,0,1.098
18.783,26.217,7386.87,0.936,1.07E-05,61.53846154,30.76923077,7.692307692,0,0,0,1.088
18.686,26.709,7284.35,0.934,1.09E-05,62.5,30,7.5,0,0,0,1.087
18.914,26.701,7334.68,0.935,1.10E-05,62.5,30,7.5,0,0,0,1.106
18.800,25.678,7203.82,0.934,1.11E-05,63.41463415,29.26829268,7.317073171,0,0,0,1.129
18.556,25.421,7211.61,0.932,1.12E-05,63.41463415,29.26829268,7.317073171,0,0,0,1.119
18.109,25.920,7114.15,0.929,1.15E-05,64.28571429,28.57142857,7.142857143,0,0,0,1.167
13.232,14.933,6867.66,0.889,8.85E-06,57.14285714,28.57142857,14.28571429,0,0,0,0.907
12.106,13.961,4997.25,0.866,1.51E-05,57.14285714,0,14.28571429,0,0,0.285714286,1.530
21.182,23.592,7877.27,0.945,1.01E-05,58.33333333,33.33333333,8.333333333,0,0,0,1.014
10.468,10.613,1071.27,0.539,6.55E-05,57.14285714,28.57142857,14.28571429,0,0,0,1.503
10.042,10.453,875.901,0.562,2.16E-04,57.14285714,0,14.28571429,0,0,0.285714286,2.074
21.028,22.018,7938.57,0.929,9.35E-06,58.33333333,33.33333333,8.333333333,0,0,0,0.946
9.812,13.039,6764.13,0.867,1.00E-05,57.14285714,28.57142857,14.28571429,0,0,0,1.027
21.882,22.828,7865.61,0.942,9.82E-06,58.33333333,33.33333333,8.333333333,0,0,0,0.994
16.504,19.669,7087.75,0.922,1.11E-05,64.28571429,28.57142857,7.142857143,0,0,0,1.147
10.989,15.799,6703.1,0.886,9.30E-06,57.14285714,28.57142857,14.28571429,0,0,0,0.955
10.645,14.381,4940.97,0.867,1.52E-05,57.14285714,0,14.28571429,0,0,0.285714286,1.554
18.883,24.378,7804.8,0.946,1.01E-05,58.33333333,33.33333333,8.333333333,0,0,0,1.024
16.903,22.701,7075.18,0.930,1.13E-05,64.28571429,28.57142857,7.142857143,0,0,0,1.145
11.870,15.027,6806.59,0.883,9.06E-06,57.14285714,28.57142857,14.28571429,0,0,0,0.920
10.654,15.211,6325.6,0.879,1.08E-05,57.14285714,23.80952381,14.28571429,0,0,0.047619048,1.105
9.843,11.813,5877.25,0.860,1.24E-05,57.14285714,19.04761905,14.28571429,0,0,0.095238095,1.319
9.671,12.196,5652.79,0.858,1.35E-05,57.14285714,14.28571429,14.28571429,0,0,0.142857143,1.445
11.436,15.496,6020.24,0.875,1.21E-05,57.14285714,19.04761905,14.28571429,0,0,0.095238095,1.223
10.549,15.006,5702.91,0.871,1.34E-05,57.14285714,14.28571429,14.28571429,0,0,0.142857143,1.333
9.742,12.629,5482.57,0.855,1.43E-05,57.14285714,9.523809524,14.28571429,0,0,0.19047619,1.515
10.196,12.220,5242.14,0.849,1.47E-05,57.14285714,4.761904762,14.28571429,0,0,0.238095238,1.575
11.079,15.967,6375.78,0.881,1.11E-05,57.14285714,23.80952381,14.28571429,0,0,0.047619048,1.138
6.210,6.435,739.214,0.468,2.02E-04,57.14285714,19.04761905,14.28571429,0,0,0.095238095,3.759
10.300,13.933,5693.31,0.867,1.34E-05,57.14285714,14.28571429,14.28571429,0,0,0.142857143,1.362
9.720,13.027,5315.09,0.859,1.40E-05,57.14285714,9.523809524,14.28571429,0,0,0.19047619,1.462
10.712,14.756,5763.22,0.873,1.34E-05,57.14285714,14.28571429,14.28571429,0,0,0.142857143,1.356
9.490,13.238,5453.18,0.855,1.44E-05,57.14285714,9.523809524,14.28571429,0,0,0.19047619,1.545
10.019,13.293,5119.4,0.856,1.43E-05,57.14285714,4.761904762,14.28571429,0,0,0.238095238,1.502
9.284,13.159,4979.07,0.852,1.50E-05,57.14285714,0,14.28571429,0,0,0.285714286,1.582
17.326,19.512,7854.45,0.934,9.50E-06,58.33333333,33.33333333,8.333333333,0,0,0,0.963
17.409,19.451,7676.06,0.933,9.75E-06,59.45945946,32.43243243,8.108108108,0,0,0,0.987
19.888,24.517,7602.66,0.939,1.05E-05,60.52631579,31.57894737,7.894736842,0,0,0,1.060
19.568,24.994,7477.21,0.938,1.08E-05,61.53846154,30.76923077,7.692307692,0,0,0,1.091
16.433,18.356,7561.87,0.928,9.88E-06,60.52631579,31.57894737,7.894736842,0,0,0,0.995
16.462,18.526,7388.2,0.927,1.02E-05,61.53846154,30.76923077,7.692307692,0,0,0,1.029
19.454,23.656,7316.4,0.935,1.09E-05,62.5,30,7.5,0,0,0,1.082
17.611,20.116,7204,0.928,1.09E-05,63.41463415,29.26829268,7.317073171,0,0,0,1.098
17.033,18.680,7733.93,0.928,9.58E-06,59.45945946,32.43243243,8.108108108,0,0,0,0.974
16.351,17.912,7569.61,0.926,9.82E-06,60.52631579,31.57894737,7.894736842,0,0,0,0.994
17.247,20.232,7511.39,0.931,1.04E-05,61.53846154,30.76923077,7.692307692,0,0,0,1.067
15.900,17.289,7434.28,0.919,9.97E-06,61.53846154,30.76923077,7.692307692,0,0,0,1.015
15.822,17.254,7286.02,0.917,1.02E-05,62.5,30,7.5,0,0,0,1.037
18.628,22.097,7255.66,0.932,1.10E-05,63.41463415,29.26829268,7.317073171,0,0,0,1.127
24.797,25.279,6756.61,0.908,9.36E-06,57.14285714,28.57142857,14.28571429,0,0,0,0.947
25.151,25.413,6496.93,0.907,1.02E-05,57.14285714,25.3968254,14.28571429,0,0,0.031746032,1.040
25.505,25.901,5711.21,0.901,1.28E-05,57.14285714,15.87301587,14.28571429,0,0,0.126984127,1.335
25.574,25.962,5573.52,0.900,1.31E-05,57.14285714,12.6984127,14.28571429,0,0,0.158730159,1.348
22.462,23.167,5781.07,0.899,1.31E-05,57.14285714,15.87301587,14.28571429,0,0,0.126984127,1.333
22.871,23.538,5606.9,0.897,1.34E-05,57.14285714,12.6984127,14.28571429,0,0,0.158730159,1.390
23.284,23.873,4981.38,0.894,1.41E-05,57.14285714,3.174603175,14.28571429,0,0,0.253968254,1.460
40.469,41.262,7885.89,0.957,1.11E-05,58.33333333,33.33333333,8.333333333,0,0,0,1.126
40.245,41.044,7787.65,0.956,1.12E-05,59.09090909,32.72727273,8.181818182,0,0,0,1.136
36.955,37.689,7574.85,0.952,1.15E-05,61.20689655,31.03448276,7.75862069,0,0,0,1.179
37.717,38.311,7492.31,0.950,1.17E-05,61.86440678,30.50847458,7.627118644,0,0,0,1.179
40.046,40.406,7437.34,0.953,1.15E-05,61.20689655,31.03448276,7.75862069,0,0,0,1.164
39.850,40.211,7407.18,0.953,1.16E-05,61.86440678,30.50847458,7.627118644,0,0,0,1.174
38.658,39.012,7213.14,0.948,1.20E-05,63.70967742,29.03225806,7.258064516,0,0,0,1.202
38.772,39.495,7175.78,0.948,1.21E-05,64.28571429,28.57142857,7.142857143,0,0,0,1.227
10.765,13.496,6760.14,0.871,9.53E-06,57.14285714,28.57142857,14.28571429,0,0,0,0.982
9.844,12.547,4998.24,0.849,1.60E-05,57.14285714,0,14.28571429,0,0,0.285714286,1.654
18.613,22.751,7870.78,0.941,9.74E-06,58.33333333,33.33333333,8.333333333,0,0,0,0.983
17.682,21.280,7057.3,0.926,1.12E-05,64.28571429,28.57142857,7.142857143,0,0,0,1.140
11.344,15.777,6712.52,0.885,9.24E-06,57.14285714,28.57142857,14.28571429,0,0,0,0.947
10.747,15.327,4936.35,0.864,1.51E-05,57.14285714,0,14.28571429,0,0,0.285714286,1.541
18.906,24.398,7866.81,0.944,1.01E-05,58.33333333,33.33333333,8.333333333,0,0,0,1.011
18.687,25.002,7064.85,0.933,1.15E-05,64.28571429,28.57142857,7.142857143,0,0,0,1.145
10.836,15.110,6710.14,0.881,9.47E-06,57.14285714,28.57142857,14.28571429,0,0,0,0.970
11.112,15.865,4943.16,0.861,1.59E-05,57.14285714,0,14.28571429,0,0,0.285714286,1.618
18.861,24.991,7845.95,0.944,1.00E-05,58.33333333,33.33333333,8.333333333,0,0,0,1.017
17.542,23.248,7128.63,0.930,1.14E-05,64.28571429,28.57142857,7.142857143,0,0,0,1.165
10.495,12.624,6720.13,0.871,9.37E-06,57.14285714,28.57142857,14.28571429,0,0,0,0.959
9.940,12.623,5029.79,0.849,1.58E-05,57.14285714,0,14.28571429,0,0,0.285714286,1.628
18.421,21.512,7884.53,0.940,9.71E-06,58.33333333,33.33333333,8.333333333,0,0,0,0.980
17.513,20.544,7112.84,0.925,1.12E-05,64.28571429,28.57142857,7.142857143,0,0,0,1.136
10.954,13.455,6846.89,0.877,9.33E-06,57.14285714,28.57142857,14.28571429,0,0,0,0.958
9.687,12.323,5001.02,0.852,1.61E-05,57.14285714,0,14.28571429,0,0,0.285714286,1.682
19.848,22.898,7884.85,0.941,9.85E-06,58.33333333,33.33333333,8.333333333,0,0,0,0.996
17.307,20.894,7125.99,0.928,1.14E-05,64.28571429,28.57142857,7.142857143,0,0,0,1.152
9.703,11.484,6649.48,0.869,9.42E-06,57.14285714,28.57142857,14.28571429,0,0,0,0.944
9.514,12.017,5931.1,0.860,1.32E-05,57.14285714,19.04761905,14.28571429,0,0,0.095238095,1.347
10.034,11.545,5816.59,0.860,1.24E-05,57.14285714,19.04761905,14.28571429,0,0,0.095238095,1.268
9.602,11.814,5375.23,0.852,1.43E-05,57.14285714,9.523809524,14.28571429,0,0,0.19047619,1.493
9.659,12.019,5434.27,0.851,1.47E-05,57.14285714,9.523809524,14.28571429,0,0,0.19047619,1.547
9.652,11.745,5388.08,0.853,1.43E-05,57.14285714,9.523809524,14.28571429,0,0,0.19047619,1.492
9.049,11.792,5047.39,0.845,1.55E-05,57.14285714,0,14.28571429,0,0,0.285714286,1.650
17.736,19.893,7867.19,0.939,9.59E-06,58.33333333,33.33333333,8.333333333,0,0,0,0.956
17.432,19.040,7511.75,0.934,1.01E-05,60.52631579,31.57894737,7.894736842,0,0,0,0.989
16.373,19.573,7550.11,0.934,1.01E-05,60.52631579,31.57894737,7.894736842,0,0,0,1.009
16.255,18.925,7314.95,0.929,1.06E-05,62.5,30,7.5,0,0,0,1.053
17.273,19.461,7532.59,0.935,1.01E-05,60.52631579,31.57894737,7.894736842,0,0,0,1.002
16.832,18.481,7278.83,0.929,1.05E-05,62.5,30,7.5,0,0,0,1.041
16.161,19.736,7305.19,0.930,1.06E-05,62.5,30,7.5,0,0,0,1.054
16.159,18.801,7066.57,0.925,1.10E-05,64.28571429,28.57142857,7.142857143,0,0,0,1.084
17.765,24.081,8590.56,0.925,8.93E-06,64.70588235,29.41176471,5.882352941,0,0,0,0.888
10.290,16.735,7021.75,0.870,9.77E-06,58.33333333,31.25,10.41666667,0,0,0,0.990
17.329,22.077,8584.34,0.925,8.97E-06,64.70588235,29.41176471,5.882352941,0,0,0,0.893
12.995,17.479,7034.97,0.871,9.80E-06,58.33333333,31.25,10.41666667,0,0,0,0.997
11.342,15.789,5552.15,0.845,1.75E-05,57.14285714,9.523809524,14.28571429,0,0,0.19047619,1.819
11.012,15.065,5097,0.840,2.09E-05,57.14285714,0,14.28571429,0,0,0.285714286,2.165
21.043,27.294,8002.24,0.937,9.53E-06,58.33333333,33.33333333,8.333333333,0,0,0,0.928
18.981,24.792,6461.26,0.901,1.10E-05,60.52631579,31.57894737,7.894736842,0,0,0,1.100
16.222,20.949,6841.51,0.904,9.11E-06,57.14285714,28.57142857,14.28571429,0,0,0,0.927
15.444,20.914,6516.27,0.905,1.03E-05,57.14285714,25.3968254,14.28571429,0,0,0.031746032,1.055
14.602,19.423,5780.58,0.899,1.24E-05,57.14285714,15.87301587,14.28571429,0,0,0.126984127,1.259
14.686,19.970,5561.61,0.898,1.29E-05,57.14285714,12.6984127,14.28571429,0,0,0.158730159,1.325
15.959,21.839,6175.89,0.906,1.13E-05,57.14285714,22.22222222,14.28571429,0,0,0.063492063,1.144
14.718,21.068,6006.76,0.903,1.18E-05,57.14285714,19.04761905,14.28571429,0,0,0.095238095,1.198
14.530,21.028,5353.25,0.898,1.33E-05,57.14285714,9.523809524,14.28571429,0,0,0.19047619,1.347
14.502,21.053,5247.82,0.897,1.35E-05,57.14285714,6.349206349,14.28571429,0,0,0.222222222,1.385
15.189,20.873,6343.43,0.899,1.11E-05,57.14285714,22.22222222,14.28571429,0,0,0.063492063,1.128
15.043,20.282,6058.25,0.898,1.18E-05,57.14285714,19.04761905,14.28571429,0,0,0.095238095,1.209
14.661,19.513,5442.74,0.895,1.34E-05,57.14285714,9.523809524,14.28571429,0,0,0.19047619,1.373
14.557,19.806,5225.98,0.894,1.34E-05,57.14285714,6.349206349,14.28571429,0,0,0.222222222,1.361
15.428,20.953,5825.01,0.898,1.29E-05,57.14285714,15.87301587,14.28571429,0,0,0.126984127,1.299
15.729,21.137,5527.34,0.899,1.32E-05,57.14285714,12.6984127,14.28571429,0,0,0.158730159,1.368
14.029,20.595,5125.66,0.894,1.38E-05,57.14285714,3.174603175,14.28571429,0,0,0.253968254,1.405
14.548,21.295,4943.94,0.891,1.38E-05,57.14285714,0,14.28571429,0,0,0.285714286,1.399
25.997,36.678,7938.76,0.957,1.09E-05,58.33333333,33.33333333,8.333333333,0,0,0,1.102
25.855,36.385,7811.14,0.956,1.10E-05,59.09090909,32.72727273,8.181818182,0,0,0,1.123
24.983,34.966,7614.29,0.952,1.14E-05,61.20689655,31.03448276,7.75862069,0,0,0,1.145
24.673,35.091,7512.23,0.949,1.16E-05,61.86440678,30.50847458,7.627118644,0,0,0,1.161
25.239,33.930,7717.9,0.954,1.11E-05,59.82142857,32.14285714,8.035714286,0,0,0,1.102
25.317,33.427,7602.7,0.952,1.12E-05,60.52631579,31.57894737,7.894736842,0,0,0,1.138
24.604,32.809,7406.12,0.950,1.17E-05,62.5,30,7.5,0,0,0,1.179
24.919,32.394,7354.91,0.948,1.18E-05,63.1147541,29.50819672,7.37704918,0,0,0,1.183
25.974,36.698,7721.03,0.955,1.11E-05,59.82142857,32.14285714,8.035714286,0,0,0,1.123
25.828,36.434,7615.9,0.954,1.12E-05,60.52631579,31.57894737,7.894736842,0,0,0,1.147
24.705,34.430,7446.68,0.951,1.17E-05,62.5,30,7.5,0,0,0,1.183
25.242,33.706,7359.11,0.949,1.18E-05,63.1147541,29.50819672,7.37704918,0,0,0,1.203
25.248,33.974,7513.69,0.951,1.14E-05,61.20689655,31.03448276,7.75862069,0,0,0,1.145
25.037,33.612,7428.04,0.950,1.15E-05,61.86440678,30.50847458,7.627118644,0,0,0,1.151
25.112,32.437,7262.9,0.945,1.19E-05,63.70967742,29.03225806,7.258064516,0,0,0,1.206
24.255,32.568,7214.52,0.946,1.20E-05,64.28571429,28.57142857,7.142857143,0,0,0,1.214
11.654,12.112,1076.3,0.547,3.19E-05,57.14285714,28.57142857,14.28571429,0,0,0,1.385
10.201,10.529,902.617,0.528,6.53E-05,57.14285714,22.22222222,14.28571429,0,0,0.063492063,2.053
11.905,12.137,867.612,0.527,1.43E-03,57.14285714,22.22222222,14.28571429,0,0,0.063492063,1.714
16.323,19.887,5947.92,0.892,1.40E-05,57.14285714,15.87301587,14.28571429,0,0,0.126984127,1.392
12.999,17.642,5476.36,0.874,1.46E-05,57.14285714,9.523809524,14.28571429,0,0,0.19047619,1.508
16.577,20.669,5532.25,0.889,1.61E-05,57.14285714,9.523809524,14.28571429,0,0,0.19047619,1.622
15.681,19.268,5224.28,0.882,1.52E-05,57.14285714,3.174603175,14.28571429,0,0,0.253968254,1.516
11.526,11.902,947.571,0.528,4.27E-05,57.14285714,25.3968254,14.28571429,0,0,0.031746032,1.824
10.415,10.568,792.217,0.512,1.20E-04,57.14285714,19.04761905,14.28571429,0,0,0.095238095,2.558
11.911,12.173,710.227,0.510,1.87E-03,57.14285714,19.04761905,14.28571429,0,0,0.095238095,2.189
10.559,10.828,722.993,0.508,1.63E-04,57.14285714,12.6984127,14.28571429,0,0,0.158730159,2.407
14.016,19.337,5659.49,0.890,1.38E-05,57.14285714,12.6984127,14.28571429,0,0,0.158730159,1.366
13.997,17.500,5330.02,0.874,1.45E-05,57.14285714,6.349206349,14.28571429,0,0,0.222222222,1.472
13.928,17.524,5027.98,0.867,1.57E-05,57.14285714,0,14.28571429,0,0,0.285714286,1.533
23.580,32.535,7941.83,0.949,1.03E-05,58.33333333,33.33333333,8.333333333,0,0,0,1.046
26.208,34.524,7754.41,0.950,1.09E-05,59.82142857,32.14285714,8.035714286,0,0,0,1.091
23.311,32.413,7678.66,0.947,1.06E-05,59.82142857,32.14285714,8.035714286,0,0,0,1.077
25.824,34.291,7606.77,0.947,1.12E-05,61.20689655,31.03448276,7.75862069,0,0,0,1.140
20.318,29.251,7419.3,0.938,1.07E-05,61.20689655,31.03448276,7.75862069,0,0,0,1.080
23.460,31.993,7423.26,0.943,1.13E-05,62.5,30,7.5,0,0,0,1.124
20.248,29.022,7246.86,0.935,1.10E-05,62.5,30,7.5,0,0,0,1.098
22.132,31.087,7176.35,0.938,1.15E-05,63.70967742,29.03225806,7.258064516,0,0,0,1.174
23.785,32.437,7829.64,0.948,1.04E-05,59.09090909,32.72727273,8.181818182,0,0,0,1.064
26.446,34.442,7682.83,0.948,1.10E-05,60.52631579,31.57894737,7.894736842,0,0,0,1.111
23.469,32.293,7590.17,0.946,1.07E-05,60.52631579,31.57894737,7.894736842,0,0,0,1.078
26.052,34.230,7511.39,0.946,1.12E-05,61.86440678,30.50847458,7.627118644,0,0,0,1.148
20.278,29.122,7399.5,0.936,1.08E-05,61.86440678,30.50847458,7.627118644,0,0,0,1.079
19.520,27.837,7194.55,0.932,1.11E-05,63.1147541,29.50819672,7.37704918,0,0,0,1.121
20.195,28.904,7169.41,0.934,1.11E-05,63.1147541,29.50819672,7.37704918,0,0,0,1.116
22.220,31.012,7104.26,0.937,1.16E-05,64.28571429,28.57142857,7.142857143,0,0,0,1.164
8.259,25.504,4725.69,0.845,1.41E-05,57.14285714,28.57142857,14.28571429,0,0,0,1.396
8.771,24.599,4245.96,0.827,2.45E-05,57.14285714,22.22222222,14.28571429,0,0,0.063492063,2.228
8.147,24.605,3935.34,0.818,4.07E-05,57.14285714,15.87301587,14.28571429,0,0,0.126984127,3.117
8.416,25.242,3992.43,0.835,5.30E-05,57.14285714,15.87301587,14.28571429,0,0,0.126984127,2.886
8.433,23.217,3712.61,0.824,7.96E-05,57.14285714,9.523809524,14.28571429,0,0,0.19047619,3.534
8.156,24.715,3955.76,0.833,6.66E-05,57.14285714,9.523809524,14.28571429,0,0,0.19047619,3.496
8.332,23.310,3493.16,0.816,5.76E-05,57.14285714,3.174603175,14.28571429,0,0,0.253968254,3.451
8.758,25.349,4492.38,0.841,2.11E-05,57.14285714,25.3968254,14.28571429,0,0,0.031746032,1.859
7.937,22.497,4029.19,0.829,3.43E-05,57.14285714,19.04761905,14.28571429,0,0,0.095238095,2.735
8.318,23.871,3774.73,0.816,4.06E-05,57.14285714,12.6984127,14.28571429,0,0,0.158730159,3.259
8.516,29.531,3153.45,0.810,6.02E-05,57.14285714,12.6984127,14.28571429,0,0,0.158730159,3.368
7.944,25.079,3286.34,0.801,6.88E-05,57.14285714,6.349206349,14.28571429,0,0,0.222222222,4.119
8.150,25.278,3406.35,0.815,5.08E-05,57.14285714,6.349206349,14.28571429,0,0,0.222222222,3.641
15.595,46.811,5487.09,0.906,1.19E-05,58.33333333,33.33333333,8.333333333,0,0,0,1.167
17.229,38.401,5778.83,0.907,1.26E-05,59.82142857,32.14285714,8.035714286,0,0,0,1.211
15.119,38.438,5833.19,0.914,1.16E-05,59.82142857,32.14285714,8.035714286,0,0,0,1.129
15.074,36.555,6055.22,0.911,1.26E-05,61.20689655,31.03448276,7.75862069,0,0,0,1.233
14.232,53.344,7196.72,0.935,1.21E-05,61.20689655,31.03448276,7.75862069,0,0,0,1.179
15.914,37.658,5305.3,0.898,1.31E-05,62.5,30,7.5,0,0,0,1.266
14.523,34.813,5583.67,0.902,1.39E-05,62.5,30,7.5,0,0,0,1.269
13.876,43.222,5453.71,0.902,1.58E-05,63.70967742,29.03225806,7.258064516,0,0,0,1.410
15.376,54.624,7405.43,0.938,1.20E-05,59.09090909,32.72727273,8.181818182,0,0,0,1.135
15.788,35.855,5964.99,0.911,1.20E-05,60.52631579,31.57894737,7.894736842,0,0,0,1.170
14.864,39.661,5698.56,0.910,1.31E-05,60.52631579,31.57894737,7.894736842,0,0,0,1.244
14.788,45.061,6074.49,0.913,1.30E-05,61.86440678,30.50847458,7.627118644,0,0,0,1.274
15.234,53.824,6998.5,0.932,1.33E-05,61.86440678,30.50847458,7.627118644,0,0,0,1.281
15.491,39.825,5617.56,0.911,1.45E-05,63.1147541,29.50819672,7.37704918,0,0,0,1.393
14.315,36.875,5322.9,0.903,1.34E-05,63.1147541,29.50819672,7.37704918,0,0,0,1.279
14.309,37.330,5641.33,0.905,1.54E-05,64.28571429,28.57142857,7.142857143,0,0,0,1.420
19.543,22.810,6823.5,0.911,9.11E-06,57.14285714,28.57142857,14.28571429,0,0,0,0.921
19.306,22.492,6545.56,0.909,1.04E-05,57.14285714,25.3968254,14.28571429,0,0,0.031746032,1.078
17.725,20.290,5729.53,0.901,1.25E-05,57.14285714,15.87301587,14.28571429,0,0,0.126984127,1.282
17.391,19.826,5519.28,0.899,1.32E-05,57.14285714,12.6984127,14.28571429,0,0,0.158730159,1.334
17.092,22.354,6292.52,0.907,1.11E-05,57.14285714,22.22222222,14.28571429,0,0,0.063492063,1.129
17.142,22.031,6096.13,0.905,1.20E-05,57.14285714,19.04761905,14.28571429,0,0,0.095238095,1.228
15.843,20.028,5362.13,0.897,1.33E-05,57.14285714,9.523809524,14.28571429,0,0,0.19047619,1.390
15.656,19.423,5280.67,0.894,1.38E-05,57.14285714,6.349206349,14.28571429,0,0,0.222222222,1.461
20.201,24.346,6232.34,0.909,1.13E-05,57.14285714,22.22222222,14.28571429,0,0,0.063492063,1.171
19.421,22.338,6019.71,0.906,1.18E-05,57.14285714,19.04761905,14.28571429,0,0,0.095238095,1.222
18.102,24.132,5422.99,0.902,1.34E-05,57.14285714,9.523809524,14.28571429,0,0,0.19047619,1.368
18.136,22.631,5186.47,0.900,1.36E-05,57.14285714,6.349206349,14.28571429,0,0,0.222222222,1.375
19.127,22.907,5810.55,0.906,1.31E-05,57.14285714,15.87301587,14.28571429,0,0,0.126984127,1.332
17.870,22.049,5626.97,0.903,1.33E-05,57.14285714,12.6984127,14.28571429,0,0,0.158730159,1.345
18.061,22.984,5041.23,0.898,1.38E-05,57.14285714,3.174603175,14.28571429,0,0,0.253968254,1.376
17.868,22.328,4933.47,0.896,1.40E-05,57.14285714,0,14.28571429,0,0,0.285714286,1.474
32.084,38.051,7864.75,0.958,1.11E-05,58.33333333,33.33333333,8.333333333,0,0,0,1.116
31.940,38.118,7799.56,0.957,1.12E-05,59.09090909,32.72727273,8.181818182,0,0,0,1.127
33.040,37.958,7589.68,0.955,1.17E-05,61.20689655,31.03448276,7.75862069,0,0,0,1.194
31.964,38.292,7474.22,0.953,1.18E-05,61.86440678,30.50847458,7.627118644,0,0,0,1.197
31.521,38.355,7735.58,0.957,1.13E-05,59.82142857,32.14285714,8.035714286,0,0,0,1.142
31.482,38.322,7629.64,0.955,1.14E-05,60.52631579,31.57894737,7.894736842,0,0,0,1.149
32.468,37.775,7386.23,0.953,1.19E-05,62.5,30,7.5,0,0,0,1.221
31.716,38.113,7307.46,0.952,1.21E-05,63.1147541,29.50819672,7.37704918,0,0,0,1.214
27.422,33.182,7695.66,0.954,1.12E-05,59.82142857,32.14285714,8.035714286,0,0,0,1.136
27.231,33.056,7613.17,0.953,1.13E-05,60.52631579,31.57894737,7.894736842,0,0,0,1.143
31.662,35.737,7414.65,0.951,1.19E-05,62.5,30,7.5,0,0,0,1.208
31.531,35.682,7341.84,0.950,1.20E-05,63.1147541,29.50819672,7.37704918,0,0,0,1.208
27.872,33.298,7513.02,0.952,1.14E-05,61.20689655,31.03448276,7.75862069,0,0,0,1.140
27.630,33.121,7417.33,0.951,1.15E-05,61.86440678,30.50847458,7.627118644,0,0,0,1.171
30.568,35.707,7266.84,0.950,1.21E-05,63.70967742,29.03225806,7.258064516,0,0,0,1.224
30.456,35.653,7184.3,0.948,1.22E-05,64.28571429,28.57142857,7.142857143,0,0,0,1.239
9.758,11.513,6666.62,0.867,9.45E-06,57.14285714,28.57142857,14.28571429,0,0,0,0.981
10.086,10.914,6049.67,0.858,1.24E-05,57.14285714,19.04761905,14.28571429,0,0,0.095238095,1.325
9.605,12.081,5286.64,0.850,1.47E-05,57.14285714,9.523809524,14.28571429,0,0,0.19047619,1.546
9.095,11.249,5103.68,0.842,1.56E-05,57.14285714,0,14.28571429,0,0,0.285714286,1.641
17.392,20.022,7803.18,0.935,9.67E-06,58.33333333,33.33333333,8.333333333,0,0,0,0.984
16.205,19.437,7559.75,0.931,1.01E-05,60.52631579,31.57894737,7.894736842,0,0,0,1.020
16.778,18.440,7238.08,0.926,1.06E-05,62.5,30,7.5,0,0,0,1.059
16.300,18.805,7011.99,0.922,1.11E-05,64.28571429,28.57142857,7.142857143,0,0,0,1.125
9.757,11.505,6650.7,0.867,9.46E-06,57.14285714,28.57142857,14.28571429,0,0,0,0.987
9.737,11.515,5711.75,0.858,1.24E-05,57.14285714,19.04761905,14.28571429,0,0,0.095238095,1.297
9.755,12.007,5536.38,0.850,1.49E-05,57.14285714,9.523809524,14.28571429,0,0,0.19047619,1.570
9.334,11.767,4986.24,0.842,1.54E-05,57.14285714,0,14.28571429,0,0,0.285714286,1.616
17.225,19.683,7804.04,0.935,9.66E-06,58.33333333,33.33333333,8.333333333,0,0,0,0.988
16.336,19.473,7527.56,0.931,1.02E-05,60.52631579,31.57894737,7.894736842,0,0,0,1.025
16.823,18.379,7214.45,0.926,1.06E-05,62.5,30,7.5,0,0,0,1.072
16.294,18.810,7001.22,0.922,1.11E-05,64.28571429,28.57142857,7.142857143,0,0,0,1.100
14.519,20.203,5155.33,0.906,3.64E-05,57.14285714,0,14.28571429,0,0,0.285714286,2.045
27.129,36.078,7939.84,0.964,1.19E-05,58.33333333,33.33333333,8.333333333,0,0,0,1.176
12.541,12.736,1060.65,0.573,4.47E-05,57.14285714,28.57142857,14.28571429,0,0,0,0.904
12.607,13.121,1023.39,0.606,1.99E-03,57.14285714,9.523809524,14.28571429,0,0,0.19047619,1.918
16.404,20.836,5262.83,0.913,3.66E-05,57.14285714,4.761904762,14.28571429,0,0,0.238095238,2.129
12.694,12.932,972.837,0.568,5.35E-05,57.14285714,23.80952381,14.28571429,0,0,0.047619048,1.528
14.991,19.190,5881.38,0.913,1.13E-05,57.14285714,19.04761905,14.28571429,0,0,0.095238095,1.152
12.528,12.905,990.971,0.601,1.78E-03,57.14285714,4.761904762,14.28571429,0,0,0.238095238,1.700
14.827,20.718,5219.21,0.910,3.81E-05,57.14285714,0,14.28571429,0,0,0.285714286,2.253
27.304,36.287,7975.77,0.965,1.19E-05,58.33333333,33.33333333,8.333333333,0,0,0,1.211
25.651,31.400,7347.45,0.957,1.29E-05,62.5,30,7.5,0,0,0,1.274
27.301,36.212,7788.12,0.963,1.20E-05,59.45945946,32.43243243,8.108108108,0,0,0,1.200
23.541,35.071,5066.01,0.936,3.33E-05,57.14285714,0,14.28571429,0,0,0.285714286,2.077
42.610,54.037,7101.8,0.970,1.51E-05,64.28571429,28.57142857,7.142857143,0,0,0,1.494
11.172,14.011,6093.4,0.876,1.08E-05,57.14285714,23.80952381,14.28571429,0,0,0.047619048,1.115
11.321,13.966,5338.24,0.870,1.40E-05,57.14285714,9.523809524,14.28571429,0,0,0.19047619,1.473
11.366,13.323,5166.61,0.866,1.40E-05,57.14285714,4.761904762,14.28571429,0,0,0.238095238,1.478
10.716,13.848,5801.21,0.871,1.20E-05,57.14285714,19.04761905,14.28571429,0,0,0.095238095,1.224
10.323,13.358,5249.68,0.866,1.44E-05,57.14285714,4.761904762,14.28571429,0,0,0.238095238,1.456
9.873,13.850,4955.64,0.862,1.46E-05,57.14285714,0,14.28571429,0,0,0.285714286,1.528
18.902,25.652,7813.95,0.944,1.01E-05,58.33333333,33.33333333,8.333333333,0,0,0,1.023
18.692,23.973,7176.84,0.936,1.09E-05,62.5,30,7.5,0,0,0,1.103
18.694,24.253,7150.57,0.935,1.12E-05,63.41463415,29.26829268,7.317073171,0,0,0,1.117
18.858,25.479,7701.87,0.942,1.03E-05,59.45945946,32.43243243,8.108108108,0,0,0,1.032
18.737,23.827,7549.98,0.941,1.06E-05,60.52631579,31.57894737,7.894736842,0,0,0,1.065
18.760,24.476,7089.25,0.935,1.12E-05,63.41463415,29.26829268,7.317073171,0,0,0,1.130
18.750,24.168,7003.87,0.933,1.14E-05,64.28571429,28.57142857,7.142857143,0,0,0,1.148
13.634,19.142,7051.97,0.900,9.43E-06,59.45945946,32.43243243,8.108108108,0,0,0,0.957
13.557,17.934,6471.03,0.897,1.15E-05,59.45945946,27.02702703,8.108108108,0,0,0.054054054,1.161
13.291,18.838,7019.41,0.900,8.79E-06,57.14285714,28.57142857,14.28571429,0,0,0,0.898
13.188,17.643,6429.28,0.896,1.07E-05,57.14285714,22.85714286,14.28571429,0,0,0.057142857,1.089
14.094,18.916,6796,0.900,8.96E-06,57.14285714,28.57142857,14.28571429,0,0,0,0.908
12.743,17.554,5156.53,0.884,1.36E-05,57.14285714,5.714285714,14.28571429,0,0,0.228571429,1.407
13.993,17.769,6243.33,0.895,1.10E-05,57.14285714,22.85714286,14.28571429,0,0,0.057142857,1.109
12.786,17.782,4841.86,0.880,1.37E-05,57.14285714,0,14.28571429,0,0,0.285714286,1.386
23.101,30.314,7817.59,0.952,1.07E-05,58.33333333,33.33333333,8.333333333,0,0,0,1.068
22.735,29.769,7250.16,0.942,1.15E-05,63.23529412,29.41176471,7.352941176,0,0,0,1.158
23.019,29.852,7671.3,0.950,1.09E-05,59.67741935,32.25806452,8.064516129,0,0,0,1.105
22.694,29.936,7154.45,0.942,1.18E-05,64.28571429,28.57142857,7.142857143,0,0,0,1.190
8.382,9.126,4824.32,0.783,1.48E-05,59.18367347,32.65306122,8.163265306,0,0,0,1.635
8.873,9.656,5165.77,0.801,1.26E-05,57.14285714,32.65306122,8.163265306,0,0.020408163,0,1.343
15.749,16.965,6739.01,0.899,9.31E-06,57.14285714,28.57142857,14.28571429,0,0,0,0.960
15.647,16.889,6340.77,0.896,1.02E-05,57.14285714,25.3968254,14.28571429,0,0,0.031746032,1.051
14.638,16.723,6211.06,0.893,1.16E-05,57.14285714,22.22222222,14.28571429,0,0,0.063492063,1.173
14.838,16.960,5928.71,0.892,1.20E-05,57.14285714,19.04761905,14.28571429,0,0,0.095238095,1.223
15.496,16.895,5753.54,0.886,1.79E-05,57.14285714,15.87301587,14.28571429,0,0,0.126984127,1.813
15.656,17.004,5463.34,0.886,1.67E-05,57.14285714,12.6984127,14.28571429,0,0,0.158730159,1.688
15.328,17.272,5388.22,0.882,1.80E-05,57.14285714,9.523809524,14.28571429,0,0,0.19047619,1.815
15.391,17.394,5087.46,0.880,1.60E-05,57.14285714,6.349206349,14.28571429,0,0,0.222222222,1.765
16.272,17.251,6137.08,0.895,1.13E-05,57.14285714,22.22222222,14.28571429,0,0,0.063492063,1.155
16.126,17.130,5781.36,0.893,1.16E-05,57.14285714,19.04761905,14.28571429,0,0,0.095238095,1.200
14.638,17.224,5704.26,0.891,1.25E-05,57.14285714,15.87301587,14.28571429,0,0,0.126984127,1.315
14.384,17.087,5488.99,0.889,1.26E-05,57.14285714,12.6984127,14.28571429,0,0,0.158730159,1.295
16.072,16.896,5504.15,0.883,1.73E-05,57.14285714,9.523809524,14.28571429,0,0,0.19047619,1.797
16.213,17.364,5084.03,0.882,1.67E-05,57.14285714,6.349206349,14.28571429,0,0,0.222222222,1.709
14.916,16.092,5154.91,0.877,1.68E-05,57.14285714,3.174603175,14.28571429,0,0,0.253968254,1.757
14.230,16.121,5055.91,0.876,1.62E-05,57.14285714,0,14.28571429,0,0,0.285714286,1.680
26.131,27.708,7870.17,0.951,1.04E-05,58.33333333,33.33333333,8.333333333,0,0,0,1.050
26.819,27.824,7778.05,0.949,1.05E-05,59.09090909,32.72727273,8.181818182,0,0,0,1.058
26.072,27.496,7649.35,0.949,1.07E-05,59.82142857,32.14285714,8.035714286,0,0,0,1.064
26.515,27.938,7566.4,0.947,1.08E-05,60.52631579,31.57894737,7.894736842,0,0,0,1.081
26.381,27.190,7487.59,0.947,1.10E-05,61.20689655,31.03448276,7.75862069,0,0,0,1.116
26.336,27.218,7344.03,0.945,1.12E-05,61.86440678,30.50847458,7.627118644,0,0,0,1.122
25.993,27.339,7242.38,0.944,1.13E-05,62.5,30,7.5,0,0,0,1.133
25.191,26.417,7140.81,0.942,1.14E-05,63.1147541,29.50819672,7.37704918,0,0,0,1.140
25.188,27.645,7686.38,0.948,1.07E-05,59.82142857,32.14285714,8.035714286,0,0,0,1.086
24.455,27.036,7568.38,0.946,1.08E-05,60.52631579,31.57894737,7.894736842,0,0,0,1.079
25.469,27.443,7469.67,0.946,1.09E-05,61.20689655,31.03448276,7.75862069,0,0,0,1.099
24.799,26.880,7402.89,0.944,1.10E-05,61.86440678,30.50847458,7.627118644,0,0,0,1.115
24.839,27.212,7307.78,0.944,1.13E-05,62.5,30,7.5,0,0,0,1.146
24.838,27.252,7219.36,0.942,1.14E-05,63.1147541,29.50819672,7.37704918,0,0,0,1.148
25.148,27.180,7151.97,0.942,1.15E-05,63.70967742,29.03225806,7.258064516,0,0,0,1.162
25.210,27.223,7105.28,0.940,1.17E-05,64.28571429,28.57142857,7.142857143,0,0,0,1.167
12.848,13.111,1137.11,0.581,1.07E-04,57.14285714,28.57142857,14.28571429,0,0,0,1.009
17.116,21.469,5639.52,0.923,2.60E-05,57.14285714,9.523809524,14.28571429,0,0,0.19047619,2.143
12.789,13.041,867.753,0.561,5.06E-05,57.14285714,19.04761905,14.28571429,0,0,0.095238095,2.420
12.879,13.139,981.74,0.604,1.54E-03,57.14285714,0,14.28571429,0,0,0.285714286,1.497
22.461,22.613,1697.95,0.698,7.71E-06,58.33333333,33.33333333,8.333333333,0,0,0,0.858
20.819,21.030,1376.1,0.659,8.77E-06,62.5,30,7.5,0,0,0,0.635
21.710,21.915,1616.94,0.678,7.44E-06,60.52631579,31.57894737,7.894736842,0,0,0,0.823
20.322,20.593,1324.11,0.636,8.58E-06,64.28571429,28.57142857,7.142857143,0,0,0,0.645
18.412,19.609,5373.41,0.913,1.33E-05,57.14285714,9.523809524,14.28571429,0,0,0.19047619,1.325
20.256,23.008,5080.63,0.919,3.20E-05,57.14285714,0,14.28571429,0,0,0.285714286,2.035
36.352,40.368,7972.99,0.969,1.31E-05,58.33333333,33.33333333,8.333333333,0,0,0,1.324
36.257,37.118,7666.02,0.965,1.32E-05,60.52631579,31.57894737,7.894736842,0,0,0,1.349
32.365,33.972,7625.55,0.961,1.32E-05,60.52631579,31.57894737,7.894736842,0,0,0,1.320
15.407,17.481,6734.9,0.902,9.08E-06,57.14285714,28.57142857,14.28571429,0,0,0,0.920
8.190,8.614,701.425,0.499,1.48E-05,57.14285714,0,14.28571429,0,0,0.285714286,1.862
14.042,14.312,1671.54,0.645,6.29E-06,58.33333333,33.33333333,8.333333333,0,0,0,0.641
11.750,11.922,1209.14,0.565,3.96E-06,64.28571429,28.57142857,7.142857143,0,0,0,0.408
19.513,19.863,6919.69,0.904,9.88E-06,57.14285714,28.57142857,14.28571429,0,0,0,1.019
17.251,19.544,6587.66,0.901,1.13E-05,57.14285714,23.80952381,14.28571429,0,0,0.047619048,1.142
17.419,18.256,6079.82,0.899,1.48E-05,57.14285714,19.04761905,14.28571429,0,0,0.095238095,1.452
16.855,18.341,5697.29,0.896,1.53E-05,57.14285714,14.28571429,14.28571429,0,0,0.142857143,1.513
18.758,19.583,6248.49,0.900,1.62E-05,57.14285714,19.04761905,14.28571429,0,0,0.095238095,1.613
17.331,19.728,5885.74,0.896,1.44E-05,57.14285714,14.28571429,14.28571429,0,0,0.142857143,1.461
17.529,18.334,5563.16,0.894,1.85E-05,57.14285714,9.523809524,14.28571429,0,0,0.19047619,1.871
16.959,19.017,5226.7,0.892,1.78E-05,57.14285714,4.761904762,14.28571429,0,0,0.238095238,1.767
19.635,20.239,6411.16,0.899,1.44E-05,57.14285714,23.80952381,14.28571429,0,0,0.047619048,1.450
16.894,19.430,6165.15,0.896,1.47E-05,57.14285714,19.04761905,14.28571429,0,0,0.095238095,1.489
17.260,18.433,5783.41,0.896,1.79E-05,57.14285714,14.28571429,14.28571429,0,0,0.142857143,1.806
17.526,18.755,5485.9,0.894,1.60E-05,57.14285714,9.523809524,14.28571429,0,0,0.19047619,1.652
17.873,20.041,5780.03,0.895,2.17E-05,57.14285714,14.28571429,14.28571429,0,0,0.142857143,2.159
17.865,19.746,5457.6,0.893,1.89E-05,57.14285714,9.523809524,14.28571429,0,0,0.19047619,1.952
17.337,18.361,5255.2,0.891,2.32E-05,57.14285714,4.761904762,14.28571429,0,0,0.238095238,2.195
17.303,18.290,4990.18,0.888,1.99E-05,57.14285714,0,14.28571429,0,0,0.285714286,1.947
30.430,32.178,7972.89,0.954,1.07E-05,58.33333333,33.33333333,8.333333333,0,0,0,1.085
30.446,32.287,7903.93,0.952,1.09E-05,59.45945946,32.43243243,8.108108108,0,0,0,1.105
32.747,34.128,7603.33,0.951,1.14E-05,60.52631579,31.57894737,7.894736842,0,0,0,1.154
31.219,34.119,7500.59,0.949,1.16E-05,61.53846154,30.76923077,7.692307692,0,0,0,1.183
29.591,30.817,7658.35,0.950,1.11E-05,60.52631579,31.57894737,7.894736842,0,0,0,1.117
29.482,30.761,7582.9,0.948,1.13E-05,61.53846154,30.76923077,7.692307692,0,0,0,1.149
30.667,31.125,7413.79,0.947,1.17E-05,62.5,30,7.5,0,0,0,1.193
30.787,31.224,7266.97,0.946,1.19E-05,63.41463415,29.26829268,7.317073171,0,0,0,1.197
30.088,30.897,7787.16,0.953,1.11E-05,59.45945946,32.43243243,8.108108108,0,0,0,1.099
30.202,30.910,7716.57,0.953,1.13E-05,60.52631579,31.57894737,7.894736842,0,0,0,1.129
32.266,32.661,7539.68,0.951,1.17E-05,61.53846154,30.76923077,7.692307692,0,0,0,1.186
30.141,32.579,7395.09,0.949,1.19E-05,62.5,30,7.5,0,0,0,1.206
28.982,29.751,7494.7,0.948,1.15E-05,61.53846154,30.76923077,7.692307692,0,0,0,1.171
29.104,29.801,7441.17,0.947,1.17E-05,62.5,30,7.5,0,0,0,1.189
30.793,31.186,7331.38,0.947,1.21E-05,63.41463415,29.26829268,7.317073171,0,0,0,1.242
30.692,31.300,7216.97,0.945,1.23E-05,64.28571429,28.57142857,7.142857143,0,0,0,1.257
9.794,15.820,4943.87,0.813,1.76E-05,59.45945946,32.43243243,8.108108108,0,0,0,1.784
10.562,16.851,5159.16,0.825,1.54E-05,58.10810811,32.43243243,8.108108108,0,0.013513514,0,1.588
10.023,15.717,4980.44,0.810,2.12E-05,59.45945946,32.43243243,8.108108108,0,0,0,2.222
10.521,16.264,5174.52,0.821,1.84E-05,58.10810811,32.43243243,8.108108108,0,0.013513514,0,1.956
19.153,33.399,6717.52,0.926,9.74E-06,57.14285714,28.57142857,14.28571429,0,0,0,0.963
17.361,33.333,5011.02,0.912,2.06E-05,57.14285714,0,14.28571429,0,0,0.285714286,1.637
31.080,52.466,7885.26,0.965,1.21E-05,58.33333333,33.33333333,8.333333333,0,0,0,1.197
30.451,51.512,7080.2,0.957,1.32E-05,64.28571429,28.57142857,7.142857143,0,0,0,1.306
40.333,58.802,6717.29,0.951,1.26E-05,57.14285714,28.57142857,14.28571429,0,0,0,1.172
37.154,61.488,5016.67,0.943,2.89E-05,57.14285714,0,14.28571429,0,0,0.285714286,1.884
22.412,22.531,3593.97,0.828,1.21E-05,57.14285714,28.57142857,14.28571429,0,0,0,1.208
18.886,19.709,2612.2,0.799,3.71E-05,57.14285714,9.523809524,14.28571429,0,0,0.19047619,2.996
18.648,20.474,3220.5,0.815,2.39E-05,57.14285714,19.04761905,14.28571429,0,0,0.095238095,2.415
19.125,20.396,2294.48,0.789,5.80E-05,57.14285714,0,14.28571429,0,0,0.285714286,3.568
33.081,33.418,6366.26,0.918,1.51E-05,58.33333333,33.33333333,8.333333333,0,0,0,1.520
28.331,29.397,5429.22,0.901,1.68E-05,62.5,30,7.5,0,0,0,1.518
32.916,33.273,6249.55,0.912,1.56E-05,60.52631579,31.57894737,7.894736842,0,0,0,1.582
29.398,30.032,5081.22,0.895,1.40E-05,64.28571429,28.57142857,7.142857143,0,0,0,1.359
43.557,48.197,6000.79,0.958,1.25E-05,57.14285714,23.80952381,9.523809524,9.523809524,0,0,1.253
20.270,20.755,6773.56,0.909,9.23E-06,57.14285714,28.57142857,14.28571429,0,0,0,0.942
18.443,21.180,5270.04,0.899,1.29E-05,57.14285714,9.523809524,14.28571429,0,0,0.19047619,1.322
18.111,19.278,6071.84,0.903,1.20E-05,57.14285714,19.04761905,14.28571429,0,0,0.095238095,1.220
19.017,21.171,4820.6,0.896,1.38E-05,57.14285714,0,14.28571429,0,0,0.285714286,1.402
32.558,33.563,7861.32,0.957,1.11E-05,58.33333333,33.33333333,8.333333333,0,0,0,1.104
31.750,32.965,7446.75,0.950,1.17E-05,62.5,30,7.5,0,0,0,1.180
32.615,33.185,7515.45,0.954,1.14E-05,60.52631579,31.57894737,7.894736842,0,0,0,1.151
31.799,32.441,7186.36,0.947,1.22E-05,64.28571429,28.57142857,7.142857143,0,0,0,1.234
19.755,23.514,6807.23,0.908,9.08E-06,57.14285714,28.57142857,14.28571429,0,0,0,0.924
19.650,23.614,5346.87,0.899,1.30E-05,57.14285714,9.523809524,14.28571429,0,0,0.19047619,1.323
17.992,22.062,6087.05,0.903,1.20E-05,57.14285714,19.04761905,14.28571429,0,0,0.095238095,1.216
18.085,22.301,4974.98,0.893,1.40E-05,57.14285714,0,14.28571429,0,0,0.285714286,1.439
32.449,38.432,7886.07,0.957,1.11E-05,58.33333333,33.33333333,8.333333333,0,0,0,1.120
31.516,36.185,7424.37,0.950,1.18E-05,62.5,30,7.5,0,0,0,1.189
31.803,38.472,7627.23,0.954,1.14E-05,60.52631579,31.57894737,7.894736842,0,0,0,1.153
30.773,35.867,7167.19,0.946,1.21E-05,64.28571429,28.57142857,7.142857143,0,0,0,1.230
33.305,33.559,7000.44,0.928,9.77E-06,58.62068966,31.03448276,10.34482759,0,0,0,0.994
30.815,31.226,5957.57,0.921,1.37E-05,58.62068966,17.24137931,10.34482759,0,0,0.137931034,1.394
33.170,33.332,6796.08,0.929,9.70E-06,57.14285714,28.57142857,14.28571429,0,0,0,0.985
30.751,30.869,5773.7,0.921,1.32E-05,57.14285714,14.28571429,14.28571429,0,0,0.142857143,1.325
32.531,32.829,6770.54,0.928,9.68E-06,57.14285714,28.57142857,14.28571429,0,0,0,0.969
31.908,32.135,5580.91,0.921,1.31E-05,57.14285714,14.28571429,14.28571429,0,0,0.142857143,1.344
30.774,30.912,5074.05,0.915,1.45E-05,57.14285714,0,14.28571429,0,0,0.285714286,1.506
51.123,51.754,7930.4,0.965,1.21E-05,58.33333333,33.33333333,8.333333333,0,0,0,1.208
51.630,51.872,7446.52,0.962,1.25E-05,61.53846154,30.76923077,7.692307692,0,0,0,1.258
50.317,50.776,7624.8,0.962,1.25E-05,61.53846154,30.76923077,7.692307692,0,0,0,1.252
48.891,49.515,7140.61,0.958,1.30E-05,64.28571429,28.57142857,7.142857143,0,0,0,1.322
25.482,25.663,6709.29,0.918,9.43E-06,57.14285714,28.57142857,14.28571429,0,0,0,0.948
23.213,24.062,6079.34,0.910,1.24E-05,57.14285714,19.04761905,14.28571429,0,0,0.095238095,1.208
22.813,23.851,6121.62,0.913,1.22E-05,57.14285714,19.04761905,14.28571429,0,0,0.095238095,1.254
22.728,24.495,5405.72,0.907,1.41E-05,57.14285714,9.523809524,14.28571429,0,0,0.19047619,1.444
24.233,25.494,5917.99,0.914,1.16E-05,57.14285714,19.04761905,14.28571429,0,0,0.095238095,1.146
22.926,24.381,5446.65,0.908,1.34E-05,57.14285714,9.523809524,14.28571429,0,0,0.19047619,1.331
22.995,24.215,5381.96,0.908,1.33E-05,57.14285714,9.523809524,14.28571429,0,0,0.19047619,1.367
22.557,23.678,4866.13,0.903,1.39E-05,57.14285714,0,14.28571429,0,0,0.285714286,1.438
39.596,39.922,7947.03,0.962,1.13E-05,58.33333333,33.33333333,8.333333333,0,0,0,1.152
39.553,39.874,7642.65,0.959,1.17E-05,60.52631579,31.57894737,7.894736842,0,0,0,1.165
39.623,39.968,7618.28,0.958,1.18E-05,60.52631579,31.57894737,7.894736842,0,0,0,1.159
39.795,40.139,7373.01,0.956,1.22E-05,62.5,30,7.5,0,0,0,1.217
39.599,39.880,7769.26,0.959,1.16E-05,60.52631579,31.57894737,7.894736842,0,0,0,1.186
39.546,39.864,7451.23,0.956,1.21E-05,62.5,30,7.5,0,0,0,1.227
39.566,39.860,7338.7,0.955,1.21E-05,62.5,30,7.5,0,0,0,1.216
39.709,40.010,7118.08,0.953,1.26E-05,64.28571429,28.57142857,7.142857143,0,0,0,1.255
16.601,17.928,6917.57,0.906,8.86E-06,57.14285714,28.57142857,14.28571429,0,0,0,0.902
14.778,17.373,6537.71,0.903,1.05E-05,57.14285714,23.80952381,14.28571429,0,0,0.047619048,1.065
15.536,17.364,5479.85,0.894,1.38E-05,57.14285714,9.523809524,14.28571429,0,0,0.19047619,1.390
14.695,16.788,5234.98,0.890,1.40E-05,57.14285714,4.761904762,14.28571429,0,0,0.238095238,1.417
16.423,17.362,6491.13,0.903,1.08E-05,57.14285714,23.80952381,14.28571429,0,0,0.047619048,1.117
14.367,17.260,6093.26,0.900,1.16E-05,57.14285714,19.04761905,14.28571429,0,0,0.095238095,1.177
15.615,16.558,5198.07,0.892,1.36E-05,57.14285714,4.761904762,14.28571429,0,0,0.238095238,1.379
14.346,17.185,5003.2,0.888,1.38E-05,57.14285714,0,14.28571429,0,0,0.285714286,1.379
27.404,28.658,8092.06,0.955,1.04E-05,58.33333333,33.33333333,8.333333333,0,0,0,1.040
26.668,28.847,7995.54,0.953,1.06E-05,59.45945946,32.43243243,8.108108108,0,0,0,1.048
26.398,28.023,7388.36,0.950,1.16E-05,62.5,30,7.5,0,0,0,1.151
25.933,28.276,7231.33,0.948,1.18E-05,63.41463415,29.26829268,7.317073171,0,0,0,1.160
27.658,28.530,7883.5,0.953,1.08E-05,59.45945946,32.43243243,8.108108108,0,0,0,1.072
26.943,28.518,7771.68,0.951,1.09E-05,60.52631579,31.57894737,7.894736842,0,0,0,1.094
26.838,28.241,7343.65,0.947,1.17E-05,63.41463415,29.26829268,7.317073171,0,0,0,1.157
26.347,28.361,7207.31,0.946,1.20E-05,64.28571429,28.57142857,7.142857143,0,0,0,1.175
20.336,23.010,6674.19,0.905,9.38E-06,57.14285714,28.57142857,14.28571429,0,0,0,0.954
19.890,21.908,5850.04,0.896,1.27E-05,57.14285714,19.04761905,14.28571429,0,0,0.095238095,1.295
20.227,23.083,5889.94,0.898,1.21E-05,57.14285714,19.04761905,14.28571429,0,0,0.095238095,1.259
19.797,21.421,5374.54,0.890,1.39E-05,57.14285714,9.523809524,14.28571429,0,0,0.19047619,1.428
18.421,22.725,5947.79,0.899,1.26E-05,57.14285714,19.04761905,14.28571429,0,0,0.095238095,1.296
17.961,21.237,5351.99,0.892,1.49E-05,57.14285714,9.523809524,14.28571429,0,0,0.19047619,1.525
18.136,22.459,5418.32,0.893,1.45E-05,57.14285714,9.523809524,14.28571429,0,0,0.19047619,1.504
31.060,36.343,7853.89,0.955,1.07E-05,58.33333333,33.33333333,8.333333333,0,0,0,1.088
32.277,36.578,7607.77,0.952,1.12E-05,60.52631579,31.57894737,7.894736842,0,0,0,1.132
31.287,36.085,7551.74,0.952,1.11E-05,60.52631579,31.57894737,7.894736842,0,0,0,1.109
32.227,36.567,7358.2,0.949,1.15E-05,62.5,30,7.5,0,0,0,1.151
31.479,35.693,7548.33,0.951,1.11E-05,60.52631579,31.57894737,7.894736842,0,0,0,1.127
32.215,36.283,7343.17,0.948,1.16E-05,62.5,30,7.5,0,0,0,1.171
31.368,35.302,7256.82,0.947,1.15E-05,62.5,30,7.5,0,0,0,1.153
32.354,35.753,7090.08,0.945,1.19E-05,64.28571429,28.57142857,7.142857143,0,0,0,1.205
20.377,22.011,6816.76,0.911,9.18E-06,57.14285714,28.57142857,14.28571429,0,0,0,0.933
20.623,22.349,6313.9,0.909,1.07E-05,57.14285714,23.80952381,14.28571429,0,0,0.047619048,1.097
18.302,22.101,6011.29,0.905,1.21E-05,57.14285714,19.04761905,14.28571429,0,0,0.095238095,1.239
18.889,22.283,5666.35,0.904,1.30E-05,57.14285714,14.28571429,14.28571429,0,0,0.142857143,1.315
18.314,22.041,6023.93,0.905,1.21E-05,57.14285714,19.04761905,14.28571429,0,0,0.095238095,1.238
17.895,22.249,5696.28,0.902,1.30E-05,57.14285714,14.28571429,14.28571429,0,0,0.142857143,1.334
18.860,21.882,5462.65,0.901,1.34E-05,57.14285714,9.523809524,14.28571429,0,0,0.19047619,1.371
19.294,22.315,5232.28,0.899,1.37E-05,57.14285714,4.761904762,14.28571429,0,0,0.238095238,1.414
20.177,22.014,6425.11,0.908,1.09E-05,57.14285714,23.80952381,14.28571429,0,0,0.047619048,1.117
19.289,21.805,5985.75,0.907,1.18E-05,57.14285714,19.04761905,14.28571429,0,0,0.095238095,1.209
18.606,21.667,5686.34,0.902,1.30E-05,57.14285714,14.28571429,14.28571429,0,0,0.142857143,1.341
18.434,22.038,5400.51,0.900,1.33E-05,57.14285714,9.523809524,14.28571429,0,0,0.19047619,1.361
18.594,21.639,5735.75,0.903,1.29E-05,57.14285714,14.28571429,14.28571429,0,0,0.142857143,1.320
17.869,21.857,5470.66,0.900,1.33E-05,57.14285714,9.523809524,14.28571429,0,0,0.19047619,1.375
18.848,21.265,5294.54,0.898,1.38E-05,57.14285714,4.761904762,14.28571429,0,0,0.238095238,1.452
18.800,21.882,5028.85,0.897,1.41E-05,57.14285714,0,14.28571429,0,0,0.285714286,1.421
33.932,35.826,7986.64,0.959,1.10E-05,58.33333333,33.33333333,8.333333333,0,0,0,1.106
33.663,34.770,7831.08,0.956,1.12E-05,59.45945946,32.43243243,8.108108108,0,0,0,1.123
32.722,35.194,7632.14,0.955,1.14E-05,60.52631579,31.57894737,7.894736842,0,0,0,1.170
32.532,34.309,7476.46,0.953,1.16E-05,61.53846154,30.76923077,7.692307692,0,0,0,1.169
32.719,35.192,7621.45,0.954,1.14E-05,60.52631579,31.57894737,7.894736842,0,0,0,1.154
32.527,34.309,7518.48,0.952,1.16E-05,61.53846154,30.76923077,7.692307692,0,0,0,1.165
32.050,34.942,7326.48,0.952,1.19E-05,62.5,30,7.5,0,0,0,1.211
31.646,34.338,7284.52,0.950,1.20E-05,63.41463415,29.26829268,7.317073171,0,0,0,1.197
33.940,35.518,7818.96,0.957,1.11E-05,59.45945946,32.43243243,8.108108108,0,0,0,1.124
33.752,34.555,7649.35,0.954,1.13E-05,60.52631579,31.57894737,7.894736842,0,0,0,1.145
32.772,35.259,7502.36,0.953,1.16E-05,61.53846154,30.76923077,7.692307692,0,0,0,1.164
32.695,34.338,7349.14,0.952,1.18E-05,62.5,30,7.5,0,0,0,1.183
32.773,35.258,7496.64,0.952,1.16E-05,61.53846154,30.76923077,7.692307692,0,0,0,1.179
32.695,34.338,7360.95,0.950,1.18E-05,62.5,30,7.5,0,0,0,1.174
32.351,34.952,7215.54,0.951,1.21E-05,63.41463415,29.26829268,7.317073171,0,0,0,1.219
31.956,34.394,7156.96,0.948,1.22E-05,64.28571429,28.57142857,7.142857143,0,0,0,1.237
20.350,22.005,6787.52,0.913,9.18E-06,57.14285714,28.57142857,14.28571429,0,0,0,0.934
20.568,21.529,6306.98,0.910,1.09E-05,57.14285714,23.80952381,14.28571429,0,0,0.047619048,1.113
19.511,21.927,5391.17,0.901,1.34E-05,57.14285714,9.523809524,14.28571429,0,0,0.19047619,1.381
19.153,21.985,5191.73,0.901,1.36E-05,57.14285714,4.761904762,14.28571429,0,0,0.238095238,1.426
19.297,22.012,6380.28,0.910,1.10E-05,57.14285714,23.80952381,14.28571429,0,0,0.047619048,1.104
19.240,22.308,5939.61,0.907,1.16E-05,57.14285714,19.04761905,14.28571429,0,0,0.095238095,1.181
19.368,20.861,5163.03,0.898,1.39E-05,57.14285714,4.761904762,14.28571429,0,0,0.238095238,1.452
19.598,21.805,4865.36,0.897,1.39E-05,57.14285714,0,14.28571429,0,0,0.285714286,1.455
33.970,35.813,7942.84,0.959,1.10E-05,58.33333333,33.33333333,8.333333333,0,0,0,1.116
33.675,34.785,7821.55,0.957,1.12E-05,59.45945946,32.43243243,8.108108108,0,0,0,1.142
32.040,34.938,7351.57,0.952,1.19E-05,62.5,30,7.5,0,0,0,1.200
31.633,34.340,7297.42,0.950,1.20E-05,63.41463415,29.26829268,7.317073171,0,0,0,1.229
33.930,35.515,7818.17,0.958,1.11E-05,59.45945946,32.43243243,8.108108108,0,0,0,1.126
33.750,34.561,7626.97,0.955,1.13E-05,60.52631579,31.57894737,7.894736842,0,0,0,1.150
32.347,34.955,7200.54,0.950,1.21E-05,63.41463415,29.26829268,7.317073171,0,0,0,1.222
31.942,34.397,7161.88,0.948,1.22E-05,64.28571429,28.57142857,7.142857143,0,0,0,1.215
19.857,21.496,6796.36,0.910,9.18E-06,57.14285714,28.57142857,14.28571429,0,0,0,0.934
19.006,21.117,6519.39,0.908,1.02E-05,57.14285714,25.3968254,14.28571429,0,0,0.031746032,1.035
18.907,20.603,5732.79,0.904,1.25E-05,57.14285714,15.87301587,14.28571429,0,0,0.126984127,1.275
19.006,20.229,5561.96,0.903,1.29E-05,57.14285714,12.6984127,14.28571429,0,0,0.158730159,1.329
17.666,20.436,6214.3,0.903,1.13E-05,57.14285714,22.22222222,14.28571429,0,0,0.063492063,1.165
16.940,19.952,5996.48,0.901,1.17E-05,57.14285714,19.04761905,14.28571429,0,0,0.095238095,1.197
20.165,21.819,5332.95,0.903,1.29E-05,57.14285714,9.523809524,14.28571429,0,0,0.19047619,1.333
18.949,20.276,6272.3,0.906,1.13E-05,57.14285714,22.22222222,14.28571429,0,0,0.063492063,1.139
18.751,19.738,6084.86,0.904,1.21E-05,57.14285714,19.04761905,14.28571429,0,0,0.095238095,1.245
17.667,19.875,5434.49,0.900,1.34E-05,57.14285714,9.523809524,14.28571429,0,0,0.19047619,1.371
18.887,20.415,5119.67,0.900,1.36E-05,57.14285714,6.349206349,14.28571429,0,0,0.222222222,1.391
16.981,19.243,5790.42,0.896,1.33E-05,57.14285714,15.87301587,14.28571429,0,0,0.126984127,1.391
16.002,18.639,5590.52,0.895,1.34E-05,57.14285714,12.6984127,14.28571429,0,0,0.158730159,1.365
32.681,34.702,7919.5,0.959,1.10E-05,58.33333333,33.33333333,8.333333333,0,0,0,1.106
32.509,34.659,7866.61,0.958,1.12E-05,59.09090909,32.72727273,8.181818182,0,0,0,1.126
29.621,34.974,7540.66,0.954,1.15E-05,61.20689655,31.03448276,7.75862069,0,0,0,1.167
29.148,34.876,7452.32,0.952,1.16E-05,61.86440678,30.50847458,7.627118644,0,0,0,1.171
30.493,34.864,7708.22,0.955,1.13E-05,59.82142857,32.14285714,8.035714286,0,0,0,1.126
30.355,34.737,7593.19,0.954,1.13E-05,60.52631579,31.57894737,7.894736842,0,0,0,1.163
32.138,33.525,7455.39,0.952,1.17E-05,62.5,30,7.5,0,0,0,1.185
31.489,33.439,7330.24,0.951,1.19E-05,63.1147541,29.50819672,7.37704918,0,0,0,1.191
32.786,34.759,7702.55,0.957,1.12E-05,59.82142857,32.14285714,8.035714286,0,0,0,1.135
32.103,34.668,7630.33,0.956,1.13E-05,60.52631579,31.57894737,7.894736842,0,0,0,1.153
29.276,34.247,7360.24,0.951,1.17E-05,62.5,30,7.5,0,0,0,1.188
28.828,34.167,7275.28,0.950,1.18E-05,63.1147541,29.50819672,7.37704918,0,0,0,1.189
30.555,34.286,7525.07,0.953,1.15E-05,61.20689655,31.03448276,7.75862069,0,0,0,1.170
30.411,34.156,7461.16,0.952,1.16E-05,61.86440678,30.50847458,7.627118644,0,0,0,1.181
31.689,33.543,7243.34,0.949,1.20E-05,63.70967742,29.03225806,7.258064516,0,0,0,1.212
31.089,33.471,7217.13,0.948,1.21E-05,64.28571429,28.57142857,7.142857143,0,0,0,1.235
15.200,20.542,6834.78,0.903,8.99E-06,57.14285714,28.57142857,14.28571429,0,0,0,0.917
14.870,19.372,6411.01,0.901,1.05E-05,57.14285714,23.80952381,14.28571429,0,0,0.047619048,1.063
14.600,19.045,6092.76,0.897,1.20E-05,57.14285714,19.04761905,14.28571429,0,0,0.095238095,1.199
14.371,18.564,5783.55,0.893,1.31E-05,57.14285714,14.28571429,14.28571429,0,0,0.142857143,1.308
14.231,21.106,5954.81,0.896,1.17E-05,57.14285714,19.04761905,14.28571429,0,0,0.095238095,1.188
13.821,20.121,5675.6,0.893,1.30E-05,57.14285714,14.28571429,14.28571429,0,0,0.142857143,1.307
13.968,19.843,5422.99,0.890,1.39E-05,57.14285714,9.523809524,14.28571429,0,0,0.19047619,1.401
13.337,18.711,5255.65,0.888,1.45E-05,57.14285714,4.761904762,14.28571429,0,0,0.238095238,1.428
15.478,20.372,6328.67,0.901,1.07E-05,57.14285714,23.80952381,14.28571429,0,0,0.047619048,1.105
14.649,18.897,5958.44,0.897,1.14E-05,57.14285714,19.04761905,14.28571429,0,0,0.095238095,1.139
15.119,18.529,5726.94,0.893,1.29E-05,57.14285714,14.28571429,14.28571429,0,0,0.142857143,1.294
14.431,18.109,5428.58,0.891,1.34E-05,57.14285714,9.523809524,14.28571429,0,0,0.19047619,1.354
14.477,20.039,5622.31,0.893,1.26E-05,57.14285714,14.28571429,14.28571429,0,0,0.142857143,1.265
13.662,18.993,5393.09,0.890,1.31E-05,57.14285714,9.523809524,14.28571429,0,0,0.19047619,1.337
13.655,19.694,5194.72,0.887,1.40E-05,57.14285714,4.761904762,14.28571429,0,0,0.238095238,1.419
13.711,18.672,4956.09,0.883,1.43E-05,57.14285714,0,14.28571429,0,0,0.285714286,1.438
24.405,33.863,7872.07,0.953,1.06E-05,58.33333333,33.33333333,8.333333333,0,0,0,1.058
24.297,32.937,7709.51,0.951,1.08E-05,59.45945946,32.43243243,8.108108108,0,0,0,1.066
24.241,33.386,7600.33,0.950,1.10E-05,60.52631579,31.57894737,7.894736842,0,0,0,1.073
24.154,32.743,7428.95,0.949,1.12E-05,61.53846154,30.76923077,7.692307692,0,0,0,1.100
25.679,32.416,7627.2,0.950,1.11E-05,60.52631579,31.57894737,7.894736842,0,0,0,1.096
25.634,32.205,7482.31,0.948,1.13E-05,61.53846154,30.76923077,7.692307692,0,0,0,1.106
25.024,32.027,7360.38,0.947,1.15E-05,62.5,30,7.5,0,0,0,1.134
25.127,32.066,7243.94,0.945,1.17E-05,63.41463415,29.26829268,7.317073171,0,0,0,1.141
23.832,34.582,7758.77,0.952,1.08E-05,59.45945946,32.43243243,8.108108108,0,0,0,1.071
23.946,33.764,7601.38,0.950,1.10E-05,60.52631579,31.57894737,7.894736842,0,0,0,1.079
23.753,33.651,7467.16,0.949,1.12E-05,61.53846154,30.76923077,7.692307692,0,0,0,1.102
23.665,33.371,7336.68,0.947,1.14E-05,62.5,30,7.5,0,0,0,1.109
24.684,32.494,7529.74,0.949,1.13E-05,61.53846154,30.76923077,7.692307692,0,0,0,1.104
25.289,32.506,7387.56,0.947,1.15E-05,62.5,30,7.5,0,0,0,1.126
24.580,32.093,7301.5,0.945,1.17E-05,63.41463415,29.26829268,7.317073171,0,0,0,1.148
24.517,32.182,7179.03,0.944,1.19E-05,64.28571429,28.57142857,7.142857143,0,0,0,1.168
16.759,21.524,6785.29,0.905,9.08E-06,57.14285714,28.57142857,14.28571429,0,0,0,0.918
16.732,19.690,6382.9,0.903,1.07E-05,57.14285714,23.80952381,14.28571429,0,0,0.047619048,1.079
14.487,20.193,5336.16,0.892,1.32E-05,57.14285714,9.523809524,14.28571429,0,0,0.19047619,1.366
14.357,19.294,5099.23,0.889,1.36E-05,57.14285714,4.761904762,14.28571429,0,0,0.238095238,1.421
17.506,21.376,6302.4,0.903,1.10E-05,57.14285714,23.80952381,14.28571429,0,0,0.047619048,1.124
17.189,19.837,5983.81,0.900,1.16E-05,57.14285714,19.04761905,14.28571429,0,0,0.095238095,1.183
15.589,21.047,5068.42,0.889,1.33E-05,57.14285714,4.761904762,14.28571429,0,0,0.238095238,1.400
14.811,19.675,4976.56,0.886,1.40E-05,57.14285714,0,14.28571429,0,0,0.285714286,1.426
28.027,34.434,7846.96,0.954,1.10E-05,58.33333333,33.33333333,8.333333333,0,0,0,1.113
27.931,34.505,7665.83,0.952,1.11E-05,59.45945946,32.43243243,8.108108108,0,0,0,1.130
27.838,34.287,7343.26,0.948,1.17E-05,62.5,30,7.5,0,0,0,1.178
27.720,34.363,7202.47,0.946,1.19E-05,63.41463415,29.26829268,7.317073171,0,0,0,1.186
26.346,34.142,7687.45,0.952,1.11E-05,59.45945946,32.43243243,8.108108108,0,0,0,1.116
26.241,34.169,7581.68,0.950,1.12E-05,60.52631579,31.57894737,7.894736842,0,0,0,1.121
26.535,34.015,7273.01,0.945,1.19E-05,63.41463415,29.26829268,7.317073171,0,0,0,1.205
26.428,34.051,7131.64,0.943,1.20E-05,64.28571429,28.57142857,7.142857143,0,0,0,1.226
20.587,31.550,6781.17,0.911,9.34E-06,57.14285714,28.57142857,14.28571429,0,0,0,0.938
19.616,32.199,6115.86,0.908,1.16E-05,57.14285714,21.42857143,14.28571429,0,0,0.071428571,1.176
19.294,31.171,6188.03,0.909,1.16E-05,57.14285714,21.42857143,14.28571429,0,0,0.071428571,1.181
18.902,31.943,5656.5,0.904,1.37E-05,57.14285714,14.28571429,14.28571429,0,0,0.142857143,1.414
19.633,29.335,5622.65,0.903,1.27E-05,57.14285714,14.28571429,14.28571429,0,0,0.142857143,1.291
19.401,30.406,5168.87,0.901,1.35E-05,57.14285714,7.142857143,14.28571429,0,0,0.214285714,1.391
19.377,29.810,5273.64,0.901,1.38E-05,57.14285714,7.142857143,14.28571429,0,0,0.214285714,1.415
19.121,29.383,4912.09,0.897,1.44E-05,57.14285714,0,14.28571429,0,0,0.285714286,1.474
33.105,51.163,7840.25,0.959,1.13E-05,58.33333333,33.33333333,8.333333333,0,0,0,1.135
32.969,49.111,7669.14,0.957,1.16E-05,60,32,8,0,0,0,1.160
33.389,51.209,7621.23,0.957,1.15E-05,60,32,8,0,0,0,1.150
32.704,48.606,7457.75,0.954,1.19E-05,61.53846154,30.76923077,7.692307692,0,0,0,1.187
32.330,50.233,7453.44,0.953,1.17E-05,61.53846154,30.76923077,7.692307692,0,0,0,1.173
19.442,27.975,6743.64,0.908,9.49E-06,57.14285714,28.57142857,14.28571429,0,0,0,0.931
18.061,23.873,5754.52,0.895,1.38E-05,57.14285714,14.28571429,14.28571429,0,0,0.142857143,1.372
17.141,27.174,6199.99,0.904,1.17E-05,57.14285714,21.42857143,14.28571429,0,0,0.071428571,1.146
16.481,24.125,5377.71,0.890,1.55E-05,57.14285714,7.142857143,14.28571429,0,0,0.214285714,1.557
18.887,27.011,6124.92,0.903,1.18E-05,57.14285714,21.42857143,14.28571429,0,0,0.071428571,1.173
17.351,23.806,5249.43,0.888,1.43E-05,57.14285714,7.142857143,14.28571429,0,0,0.214285714,1.478
15.813,24.256,5014.62,0.887,1.50E-05,57.14285714,0,14.28571429,0,0,0.285714286,1.533
27.988,43.173,7876.99,0.955,1.08E-05,58.33333333,33.33333333,8.333333333,0,0,0,1.070
29.133,43.483,7485.75,0.951,1.15E-05,61.53846154,30.76923077,7.692307692,0,0,0,1.126
29.990,43.486,7611.67,0.954,1.12E-05,60,32,8,0,0,0,1.102
29.368,43.403,7207.65,0.949,1.18E-05,62.96296296,29.62962963,7.407407407,0,0,0,1.159
30.440,43.472,7680.64,0.954,1.11E-05,60,32,8,0,0,0,1.106
28.787,41.800,7331.53,0.948,1.17E-05,62.96296296,29.62962963,7.407407407,0,0,0,1.159
30.243,42.663,7472.39,0.951,1.14E-05,61.53846154,30.76923077,7.692307692,0,0,0,1.131
28.983,42.223,7078.27,0.946,1.21E-05,64.28571429,28.57142857,7.142857143,0,0,0,1.196
13.645,19.442,6679.4,0.895,9.24E-06,57.14285714,28.57142857,14.28571429,0,0,0,0.941
13.860,19.538,6418.51,0.894,1.07E-05,57.14285714,25.3968254,14.28571429,0,0,0.031746032,1.104
10.847,14.353,5816.89,0.871,1.31E-05,57.14285714,15.87301587,14.28571429,0,0,0.126984127,1.347
10.756,13.826,5592.17,0.868,1.41E-05,57.14285714,12.6984127,14.28571429,0,0,0.158730159,1.452
13.765,19.844,6203.86,0.895,1.19E-05,57.14285714,22.22222222,14.28571429,0,0,0.063492063,1.220
13.861,19.791,5992.51,0.894,1.26E-05,57.14285714,19.04761905,14.28571429,0,0,0.095238095,1.326
13.827,19.296,5439.67,0.885,1.48E-05,57.14285714,9.523809524,14.28571429,0,0,0.19047619,1.551
14.451,19.124,5319.59,0.883,1.57E-05,57.14285714,6.349206349,14.28571429,0,0,0.222222222,1.657
13.378,19.440,6126.73,0.890,1.12E-05,57.14285714,22.22222222,14.28571429,0,0,0.063492063,1.177
13.885,19.544,5916.94,0.889,1.21E-05,57.14285714,19.04761905,14.28571429,0,0,0.095238095,1.252
10.961,14.954,5434.77,0.866,1.39E-05,57.14285714,9.523809524,14.28571429,0,0,0.19047619,1.436
10.316,14.469,5257.01,0.864,1.47E-05,57.14285714,6.349206349,14.28571429,0,0,0.222222222,1.504
14.271,19.732,5808.38,0.891,1.36E-05,57.14285714,15.87301587,14.28571429,0,0,0.126984127,1.426
14.364,19.833,5562.28,0.890,1.38E-05,57.14285714,12.6984127,14.28571429,0,0,0.158730159,1.423
10.302,13.143,5050.35,0.856,1.60E-05,57.14285714,0,14.28571429,0,0,0.285714286,1.627
21.250,31.344,7795.37,0.950,1.04E-05,58.33333333,33.33333333,8.333333333,0,0,0,1.045
23.105,32.529,7762.89,0.950,1.06E-05,59.09090909,32.72727273,8.181818182,0,0,0,1.075
25.568,31.622,7498.66,0.949,1.12E-05,61.20689655,31.03448276,7.75862069,0,0,0,1.115
25.433,31.590,7386.06,0.948,1.14E-05,61.86440678,30.50847458,7.627118644,0,0,0,1.147
18.819,27.718,7700.17,0.943,1.04E-05,59.82142857,32.14285714,8.035714286,0,0,0,1.069
19.476,28.477,7536.04,0.942,1.07E-05,60.52631579,31.57894737,7.894736842,0,0,0,1.072
22.756,31.474,7335.26,0.942,1.13E-05,62.5,30,7.5,0,0,0,1.141
22.280,31.256,7230.77,0.941,1.14E-05,63.1147541,29.50819672,7.37704918,0,0,0,1.159
20.344,30.576,7599.9,0.946,1.06E-05,59.82142857,32.14285714,8.035714286,0,0,0,1.072
21.262,31.019,7523.22,0.946,1.08E-05,60.52631579,31.57894737,7.894736842,0,0,0,1.090
25.198,31.420,7330.67,0.947,1.15E-05,62.5,30,7.5,0,0,0,1.179
24.646,31.415,7172.98,0.946,1.16E-05,63.1147541,29.50819672,7.37704918,0,0,0,1.162
19.652,28.406,7456.46,0.942,1.08E-05,61.20689655,31.03448276,7.75862069,0,0,0,1.085
18.645,27.633,7384.78,0.939,1.09E-05,61.86440678,30.50847458,7.627118644,0,0,0,1.094
22.751,31.380,7189.5,0.940,1.15E-05,63.70967742,29.03225806,7.258064516,0,0,0,1.171
22.829,31.441,7109.56,0.939,1.17E-05,64.28571429,28.57142857,7.142857143,0,0,0,1.188
20.189,29.148,6686.64,0.911,9.37E-06,57.14285714,28.57142857,14.28571429,0,0,0,0.958
18.193,29.188,6363.45,0.908,1.10E-05,57.14285714,23.80952381,14.28571429,0,0,0.047619048,1.131
18.921,26.649,5406.36,0.899,1.33E-05,57.14285714,9.523809524,14.28571429,0,0,0.19047619,1.378
18.830,26.349,5186.47,0.897,1.38E-05,57.14285714,4.761904762,14.28571429,0,0,0.238095238,1.411
20.178,26.764,6287.91,0.908,1.08E-05,57.14285714,23.80952381,14.28571429,0,0,0.047619048,1.103
18.155,26.463,6006.12,0.906,1.18E-05,57.14285714,19.04761905,14.28571429,0,0,0.095238095,1.223
19.204,26.277,5153.57,0.896,1.38E-05,57.14285714,4.761904762,14.28571429,0,0,0.238095238,1.450
18.803,26.389,5032.53,0.895,1.41E-05,57.14285714,0,14.28571429,0,0,0.285714286,1.464
33.734,45.336,7951.81,0.957,1.10E-05,58.33333333,33.33333333,8.333333333,0,0,0,1.103
33.899,45.251,7800.29,0.956,1.12E-05,59.45945946,32.43243243,8.108108108,0,0,0,1.130
31.299,45.770,7346.36,0.951,1.19E-05,62.5,30,7.5,0,0,0,1.201
31.908,45.727,7223.52,0.950,1.21E-05,63.41463415,29.26829268,7.317073171,0,0,0,1.218
33.514,45.146,7791.41,0.956,1.12E-05,59.45945946,32.43243243,8.108108108,0,0,0,1.131
33.742,45.066,7638.09,0.954,1.14E-05,60.52631579,31.57894737,7.894736842,0,0,0,1.157
31.130,45.016,7238.89,0.950,1.21E-05,63.41463415,29.26829268,7.317073171,0,0,0,1.228
31.743,44.964,7129.37,0.948,1.23E-05,64.28571429,28.57142857,7.142857143,0,0,0,1.244
16.463,18.099,6677.62,0.885,1.06E-05,57.14285714,28.57142857,14.28571429,0,0,0,1.088
16.637,18.487,5820.38,0.881,1.91E-05,57.14285714,14.28571429,14.28571429,0,0,0.142857143,1.887
16.029,17.774,6134.41,0.877,1.40E-05,57.14285714,21.42857143,14.28571429,0,0,0.071428571,1.420
16.988,19.019,5328.51,0.877,1.91E-05,57.14285714,7.142857143,14.28571429,0,0,0.214285714,2.007
15.130,17.449,6184.98,0.874,1.34E-05,57.14285714,21.42857143,14.28571429,0,0,0.071428571,1.404
12.016,17.911,4961.85,0.861,2.41E-05,57.14285714,7.142857143,14.28571429,0,0,0.214285714,2.333
14.205,16.587,5737.28,0.864,1.53E-05,57.14285714,14.28571429,14.28571429,0,0,0.142857143,1.592
26.422,29.651,7812.72,0.944,1.03E-05,58.33333333,33.33333333,8.333333333,0,0,0,1.016
25.680,28.130,7367.58,0.938,1.12E-05,61.53846154,30.76923077,7.692307692,0,0,0,1.099
26.431,29.662,7582.76,0.941,1.06E-05,60,32,8,0,0,0,1.047
25.512,27.845,7203.19,0.934,1.15E-05,62.96296296,29.62962963,7.407407407,0,0,0,1.127
27.264,30.575,7601.95,0.943,1.07E-05,60,32,8,0,0,0,1.051
26.573,28.886,7221.88,0.936,1.16E-05,62.96296296,29.62962963,7.407407407,0,0,0,1.140
27.162,30.466,7410.69,0.939,1.10E-05,61.53846154,30.76923077,7.692307692,0,0,0,1.083
26.347,28.593,7067.9,0.933,1.18E-05,64.28571429,28.57142857,7.142857143,0,0,0,1.165
17.861,22.778,6719.96,0.893,9.61E-06,57.14285714,28.57142857,14.28571429,0,0,0,0.981
17.512,22.107,6088.19,0.887,1.21E-05,57.14285714,21.42857143,14.28571429,0,0,0.071428571,1.229
17.300,21.932,6051.3,0.887,1.24E-05,57.14285714,21.42857143,14.28571429,0,0,0.071428571,1.269
17.444,22.008,5613.52,0.881,1.37E-05,57.14285714,14.28571429,14.28571429,0,0,0.142857143,1.390
17.803,20.343,5811.59,0.882,1.50E-05,57.14285714,14.28571429,14.28571429,0,0,0.142857143,1.523
17.258,21.704,5423.64,0.877,1.56E-05,57.14285714,7.142857143,14.28571429,0,0,0.214285714,1.595
17.084,22.339,5339.62,0.878,1.81E-05,57.14285714,7.142857143,14.28571429,0,0,0.214285714,1.814
17.502,22.287,5003.27,0.871,1.77E-05,57.14285714,0,14.28571429,0,0,0.285714286,1.823
29.268,35.773,7821.52,0.948,1.04E-05,58.33333333,33.33333333,8.333333333,0,0,0,1.025
28.731,35.589,7611.69,0.945,1.07E-05,60,32,8,0,0,0,1.053
28.270,35.774,7607.72,0.946,1.09E-05,60,32,8,0,0,0,1.080
28.072,35.588,7422.21,0.942,1.11E-05,61.53846154,30.76923077,7.692307692,0,0,0,1.093
29.460,36.046,7397.62,0.942,1.11E-05,61.53846154,30.76923077,7.692307692,0,0,0,1.089
28.858,35.699,7241.64,0.939,1.13E-05,62.96296296,29.62962963,7.407407407,0,0,0,1.107
28.487,35.842,7216.46,0.940,1.15E-05,62.96296296,29.62962963,7.407407407,0,0,0,1.125
28.290,35.648,7089.95,0.938,1.18E-05,64.28571429,28.57142857,7.142857143,0,0,0,1.141
20.760,21.847,6798.14,0.908,9.31E-06,57.14285714,28.57142857,14.28571429,0,0,0,0.967
20.457,21.921,6102.47,0.902,1.35E-05,57.14285714,21.42857143,14.28571429,0,0,0.071428571,1.343
19.022,21.979,6271.54,0.906,1.20E-05,57.14285714,21.42857143,14.28571429,0,0,0.071428571,1.204
18.639,22.653,5687.83,0.900,1.50E-05,57.14285714,14.28571429,14.28571429,0,0,0.142857143,1.472
19.562,21.304,5753.73,0.901,1.28E-05,57.14285714,14.28571429,14.28571429,0,0,0.142857143,1.280
19.595,21.274,5239.73,0.895,1.44E-05,57.14285714,7.142857143,14.28571429,0,0,0.214285714,1.444
18.393,21.156,5277.94,0.899,1.35E-05,57.14285714,7.142857143,14.28571429,0,0,0.214285714,1.374
18.253,21.632,4927.49,0.891,1.45E-05,57.14285714,0,14.28571429,0,0,0.285714286,1.435
32.713,34.539,7930.1,0.956,1.10E-05,58.33333333,33.33333333,8.333333333,0,0,0,1.081
32.946,34.391,7690.32,0.954,1.14E-05,60,32,8,0,0,0,1.113
32.933,35.233,7652.04,0.953,1.14E-05,60,32,8,0,0,0,1.107
33.243,35.120,7499.56,0.951,1.17E-05,61.53846154,30.76923077,7.692307692,0,0,0,1.141
32.192,34.069,7562.27,0.952,1.15E-05,61.53846154,30.76923077,7.692307692,0,0,0,1.117
32.554,33.954,7368.43,0.950,1.19E-05,62.96296296,29.62962963,7.407407407,0,0,0,1.163
32.664,34.470,7340.84,0.949,1.19E-05,62.96296296,29.62962963,7.407407407,0,0,0,1.171
33.161,34.439,7183.21,0.947,1.22E-05,64.28571429,28.57142857,7.142857143,0,0,0,1.187
16.038,17.192,5229.92,0.828,1.36E-05,60,32,8,0,0,0,1.318
18.895,24.154,5072.78,0.831,2.27E-05,59.73154362,32.2147651,8.053691275,0,0,0,2.320
18.754,24.532,5178.82,0.837,2.10E-05,59.06040268,32.2147651,8.053691275,0,0.006711409,0,2.216
12.683,17.866,6072.45,0.870,1.04E-05,58.53658537,31.70731707,9.756097561,0,0,0,1.050
7.134,11.283,5054.98,0.771,2.21E-05,60,32,8,0,0,0,2.294
22.798,28.246,6038.75,0.896,1.09E-05,58.53658537,31.70731707,9.756097561,0,0,0,1.104
15.759,18.895,5186.76,0.828,2.18E-05,60,32,8,0,0,0,2.149
10.952,31.250,6113.15,0.884,1.10E-05,58.53658537,31.70731707,9.756097561,0,0,0,1.112
23.336,45.594,6600.17,0.934,1.01E-05,57.14285714,28.57142857,14.28571429,0,0,0,1.028
20.962,45.435,6356.35,0.933,1.11E-05,57.14285714,25.3968254,14.28571429,0,0,0.031746032,1.124
21.118,45.415,5484.34,0.928,1.28E-05,57.14285714,15.87301587,14.28571429,0,0,0.126984127,1.280
18.859,45.170,5434.66,0.927,1.32E-05,57.14285714,12.6984127,14.28571429,0,0,0.158730159,1.308
22.734,42.886,5724.21,0.929,1.31E-05,57.14285714,15.87301587,14.28571429,0,0,0.126984127,1.306
20.346,42.863,5533.56,0.927,1.35E-05,57.14285714,12.6984127,14.28571429,0,0,0.158730159,1.339
20.437,42.891,4989.31,0.923,1.43E-05,57.14285714,3.174603175,14.28571429,0,0,0.253968254,1.433
18.534,42.928,4893.99,0.922,1.45E-05,57.14285714,0,14.28571429,0,0,0.285714286,1.450
37.687,70.463,7822.39,0.969,1.28E-05,58.33333333,33.33333333,8.333333333,0,0,0,1.272
37.978,70.997,7712.18,0.967,1.28E-05,59.09090909,32.72727273,8.181818182,0,0,0,1.261
35.853,69.719,7432.72,0.965,1.30E-05,61.20689655,31.03448276,7.75862069,0,0,0,1.284
37.351,70.712,7358.17,0.965,1.31E-05,61.86440678,30.50847458,7.627118644,0,0,0,1.277
34.716,69.585,7410.84,0.966,1.30E-05,61.20689655,31.03448276,7.75862069,0,0,0,1.271
35.246,69.741,7339.18,0.965,1.31E-05,61.86440678,30.50847458,7.627118644,0,0,0,1.280
36.496,69.792,7127.87,0.963,1.34E-05,63.70967742,29.03225806,7.258064516,0,0,0,1.326
36.876,69.897,7045.63,0.962,1.35E-05,64.28571429,28.57142857,7.142857143,0,0,0,1.329
47.080,58.044,6599.31,0.951,1.12E-05,57.14285714,28.57142857,14.28571429,0,0,0,1.119
45.884,55.378,4824.52,0.942,1.60E-05,57.14285714,0,14.28571429,0,0,0.285714286,1.651
28.233,47.902,6624.71,0.937,1.02E-05,57.14285714,28.57142857,14.28571429,0,0,0,1.030
25.754,47.651,6334.21,0.935,1.11E-05,57.14285714,25.3968254,14.28571429,0,0,0.031746032,1.131
24.925,48.584,5770.01,0.931,1.34E-05,57.14285714,15.87301587,14.28571429,0,0,0.126984127,1.322
24.480,48.797,5592.62,0.928,1.33E-05,57.14285714,12.6984127,14.28571429,0,0,0.158730159,1.349
25.767,45.763,6114.79,0.934,1.19E-05,57.14285714,22.22222222,14.28571429,0,0,0.063492063,1.209
25.795,46.366,5903.28,0.932,1.26E-05,57.14285714,19.04761905,14.28571429,0,0,0.095238095,1.244
25.294,46.229,5400.09,0.928,1.44E-05,57.14285714,9.523809524,14.28571429,0,0,0.19047619,1.449
24.177,46.554,5262.67,0.926,1.44E-05,57.14285714,6.349206349,14.28571429,0,0,0.222222222,1.456
28.223,45.580,6129,0.934,1.18E-05,57.14285714,22.22222222,14.28571429,0,0,0.063492063,1.180
26.001,45.450,5907.29,0.932,1.22E-05,57.14285714,19.04761905,14.28571429,0,0,0.095238095,1.210
25.467,45.490,5404.05,0.928,1.39E-05,57.14285714,9.523809524,14.28571429,0,0,0.19047619,1.384
24.339,45.878,5291.62,0.926,1.39E-05,57.14285714,6.349206349,14.28571429,0,0,0.222222222,1.402
25.795,45.378,5752.05,0.931,1.32E-05,57.14285714,15.87301587,14.28571429,0,0,0.126984127,1.325
25.703,45.078,5527.66,0.929,1.35E-05,57.14285714,12.6984127,14.28571429,0,0,0.158730159,1.367
24.867,45.799,5115.47,0.925,1.48E-05,57.14285714,3.174603175,14.28571429,0,0,0.253968254,1.536
23.884,45.820,5010.85,0.923,1.49E-05,57.14285714,0,14.28571429,0,0,0.285714286,1.505
43.716,74.815,7723.3,0.969,1.30E-05,59.09090909,32.72727273,8.181818182,0,0,0,1.259
44.250,73.519,7440.05,0.966,1.32E-05,61.20689655,31.03448276,7.75862069,0,0,0,1.283
44.300,73.419,7376.4,0.966,1.33E-05,61.86440678,30.50847458,7.627118644,0,0,0,1.308
43.402,74.562,7601.23,0.968,1.30E-05,59.82142857,32.14285714,8.035714286,0,0,0,1.284
43.612,74.289,7513.63,0.968,1.31E-05,60.52631579,31.57894737,7.894736842,0,0,0,1.279
43.469,73.529,7255.06,0.965,1.33E-05,62.5,30,7.5,0,0,0,1.310
43.359,73.379,7182.41,0.964,1.34E-05,63.1147541,29.50819672,7.37704918,0,0,0,1.332
43.522,74.069,7610.13,0.968,1.30E-05,59.82142857,32.14285714,8.035714286,0,0,0,1.272
43.582,73.985,7529.38,0.968,1.31E-05,60.52631579,31.57894737,7.894736842,0,0,0,1.268
44.281,72.852,7284.13,0.965,1.33E-05,62.5,30,7.5,0,0,0,1.302
44.248,72.671,7208.99,0.965,1.34E-05,63.1147541,29.50819672,7.37704918,0,0,0,1.314
43.396,74.006,7405.92,0.967,1.32E-05,61.20689655,31.03448276,7.75862069,0,0,0,1.293
43.316,73.723,7327.42,0.966,1.32E-05,61.86440678,30.50847458,7.627118644,0,0,0,1.309
43.357,72.659,7101.49,0.964,1.35E-05,63.70967742,29.03225806,7.258064516,0,0,0,1.327
43.271,72.678,7040.23,0.963,1.36E-05,64.28571429,28.57142857,7.142857143,0,0,0,1.351
25.467,45.029,6615.72,0.926,1.02E-05,57.14285714,28.57142857,14.28571429,0,0,0,1.009
22.200,43.661,4935,0.912,1.55E-05,57.14285714,0,14.28571429,0,0,0.285714286,1.599
38.764,71.300,7904.01,0.965,1.22E-05,58.33333333,33.33333333,8.333333333,0,0,0,1.212
39.312,68.443,7051.62,0.958,1.31E-05,64.28571429,28.57142857,7.142857143,0,0,0,1.314
8.607,20.941,5288.82,0.845,1.27E-05,58.37104072,32.57918552,9.049773756,0,0,0,1.330
29.878,37.919,6613.86,0.937,1.04E-05,57.14285714,28.57142857,14.28571429,0,0,0,1.052
27.580,34.716,5038.17,0.925,1.52E-05,57.14285714,0,14.28571429,0,0,0.285714286,1.526
46.217,58.673,6967.09,0.963,1.38E-05,64.28571429,28.57142857,7.142857143,0,0,0,1.356
29.132,51.696,6602.89,0.942,1.06E-05,57.14285714,28.57142857,14.28571429,0,0,0,1.055
25.719,48.712,4959.06,0.930,1.52E-05,57.14285714,0,14.28571429,0,0,0.285714286,1.556
45.339,79.551,6975.41,0.965,1.42E-05,64.28571429,28.57142857,7.142857143,0,0,0,1.419
12.675,17.682,6082.34,0.869,1.04E-05,58.53658537,31.70731707,9.756097561,0,0,0,1.048
8.222,10.868,5427.9,0.778,1.95E-05,60,32,8,0,0,0,2.064
8.692,12.938,5399.13,0.810,1.32E-05,58.37104072,32.57918552,9.049773756,0,0,0,1.359
18.453,23.208,6686.48,0.875,1.37E-05,57.14285714,28.57142857,14.28571429,0,0,0,1.411
18.375,23.114,6052.78,0.872,2.63E-05,57.14285714,23.80952381,14.28571429,0,0,0.047619048,2.246
15.418,22.366,5982.82,0.869,1.97E-05,57.14285714,19.04761905,14.28571429,0,0,0.095238095,1.965
15.130,22.285,5535,0.865,2.72E-05,57.14285714,14.28571429,14.28571429,0,0,0.142857143,2.635
15.015,24.165,5893.37,0.870,2.45E-05,57.14285714,19.04761905,14.28571429,0,0,0.095238095,2.525
15.864,23.139,5397.36,0.865,3.00E-05,57.14285714,14.28571429,14.28571429,0,0,0.142857143,2.974
13.841,22.434,5379.95,0.863,2.59E-05,57.14285714,9.523809524,14.28571429,0,0,0.19047619,2.770
13.694,21.966,5035.85,0.859,2.80E-05,57.14285714,4.761904762,14.28571429,0,0,0.238095238,2.959
16.476,21.359,6145.91,0.869,1.63E-05,57.14285714,23.80952381,14.28571429,0,0,0.047619048,1.692
16.113,21.353,5559.86,0.864,2.63E-05,57.14285714,19.04761905,14.28571429,0,0,0.095238095,2.379
15.688,21.430,5527.35,0.862,2.31E-05,57.14285714,14.28571429,14.28571429,0,0,0.142857143,2.249
15.693,21.356,5069.32,0.858,2.89E-05,57.14285714,9.523809524,14.28571429,0,0,0.19047619,2.825
16.190,23.014,5456.14,0.864,3.41E-05,57.14285714,14.28571429,14.28571429,0,0,0.142857143,3.231
16.336,22.311,5068.87,0.858,4.01E-05,57.14285714,9.523809524,14.28571429,0,0,0.19047619,3.737
14.832,21.949,5090.59,0.858,2.85E-05,57.14285714,4.761904762,14.28571429,0,0,0.238095238,3.038
14.621,22.028,4755.71,0.852,3.47E-05,57.14285714,0,14.28571429,0,0,0.285714286,3.561
27.989,38.197,7899.74,0.942,1.00E-05,58.33333333,33.33333333,8.333333333,0,0,0,0.999
27.838,37.883,7743.58,0.940,1.03E-05,59.45945946,32.43243243,8.108108108,0,0,0,1.025
29.221,37.954,7579.6,0.938,1.05E-05,60.52631579,31.57894737,7.894736842,0,0,0,1.037
27.013,37.681,7455.06,0.936,1.07E-05,61.53846154,30.76923077,7.692307692,0,0,0,1.073
30.183,36.877,7569.8,0.937,1.06E-05,60.52631579,31.57894737,7.894736842,0,0,0,1.063
29.945,36.737,7464.3,0.934,1.08E-05,61.53846154,30.76923077,7.692307692,0,0,0,1.092
28.289,37.230,7287.52,0.931,1.12E-05,62.5,30,7.5,0,0,0,1.128
28.172,37.104,7195.93,0.929,1.14E-05,63.41463415,29.26829268,7.317073171,0,0,0,1.146
27.874,37.960,7734.03,0.940,1.03E-05,59.45945946,32.43243243,8.108108108,0,0,0,1.031
27.698,37.493,7594.45,0.937,1.05E-05,60.52631579,31.57894737,7.894736842,0,0,0,1.049
27.559,37.214,7460.68,0.935,1.07E-05,61.53846154,30.76923077,7.692307692,0,0,0,1.074
27.425,37.031,7339.73,0.932,1.10E-05,62.5,30,7.5,0,0,0,1.093
29.015,36.453,7423.04,0.934,1.10E-05,61.53846154,30.76923077,7.692307692,0,0,0,1.109
28.902,36.419,7319.81,0.932,1.12E-05,62.5,30,7.5,0,0,0,1.125
29.276,36.438,7161.78,0.929,1.16E-05,63.41463415,29.26829268,7.317073171,0,0,0,1.164
28.918,36.136,7070.18,0.928,1.18E-05,64.28571429,28.57142857,7.142857143,0,0,0,1.182
17.796,21.901,6793.65,0.917,9.90E-06,57.14285714,28.57142857,14.28571429,0,0,0,0.984
17.137,20.163,6050.76,0.911,2.76E-05,57.14285714,19.04761905,14.28571429,0,0,0.095238095,1.590
18.747,21.263,6019,0.910,1.23E-05,57.14285714,19.04761905,14.28571429,0,0,0.095238095,1.229
17.840,20.803,5448.41,0.912,2.47E-05,57.14285714,9.523809524,14.28571429,0,0,0.19047619,1.604
19.351,21.317,6101.72,0.916,1.21E-05,57.14285714,19.04761905,14.28571429,0,0,0.095238095,1.213
17.786,20.754,5578.59,0.910,2.61E-05,57.14285714,9.523809524,14.28571429,0,0,0.19047619,1.703
19.271,22.030,5523.3,0.916,1.28E-05,57.14285714,9.523809524,14.28571429,0,0,0.19047619,1.277
19.128,21.754,5074.97,0.909,2.43E-05,57.14285714,0,14.28571429,0,0,0.285714286,1.714
32.612,35.335,8013.08,0.965,1.18E-05,58.33333333,33.33333333,8.333333333,0,0,0,1.193
30.902,35.089,7629.52,0.960,1.25E-05,60.52631579,31.57894737,7.894736842,0,0,0,1.247
30.892,33.352,7737.8,0.960,1.19E-05,60.52631579,31.57894737,7.894736842,0,0,0,1.221
29.958,32.891,7404.16,0.957,1.26E-05,62.5,30,7.5,0,0,0,1.271
29.746,32.434,7681.58,0.959,1.19E-05,60.52631579,31.57894737,7.894736842,0,0,0,1.197
29.191,32.589,7399.36,0.956,1.25E-05,62.5,30,7.5,0,0,0,1.268
28.415,31.708,7392.71,0.955,1.22E-05,62.5,30,7.5,0,0,0,1.230
25.622,30.796,7100.5,0.949,1.28E-05,64.28571429,28.57142857,7.142857143,0,0,0,1.281
9.770,15.805,4968.88,0.812,1.75E-05,59.45945946,32.43243243,8.108108108,0,0,0,1.798
10.545,16.850,5140.78,0.824,1.54E-05,58.10810811,32.43243243,8.108108108,0,0.013513514,0,1.585
27.402,47.945,6667.77,0.931,1.01E-05,57.14285714,28.57142857,14.28571429,0,0,0,1.037
23.629,44.136,5073.18,0.916,1.50E-05,57.14285714,0,14.28571429,0,0,0.285714286,1.538
42.091,73.565,7841.65,0.967,1.24E-05,58.33333333,33.33333333,8.333333333,0,0,0,1.234
42.793,73.707,7023.75,0.960,1.34E-05,64.28571429,28.57142857,7.142857143,0,0,0,1.302
27.920,32.952,6644.91,0.927,9.73E-06,57.14285714,28.57142857,14.28571429,0,0,0,0.963
26.543,30.501,6029.98,0.923,1.21E-05,57.14285714,20.40816327,14.28571429,0,0,0.081632653,1.215
26.011,32.290,6040.12,0.923,1.20E-05,57.14285714,20.40816327,14.28571429,0,0,0.081632653,1.209
25.953,30.553,5538.12,0.919,1.32E-05,57.14285714,12.24489796,14.28571429,0,0,0.163265306,1.326
25.567,32.851,6027.57,0.922,1.21E-05,57.14285714,20.40816327,14.28571429,0,0,0.081632653,1.211
25.505,30.333,5551.62,0.919,1.35E-05,57.14285714,12.24489796,14.28571429,0,0,0.163265306,1.367
25.994,32.215,5536.1,0.918,1.38E-05,57.14285714,12.24489796,14.28571429,0,0,0.163265306,1.383
25.747,29.479,5172.76,0.914,1.42E-05,57.14285714,4.081632653,14.28571429,0,0,0.244897959,1.463
26.766,33.113,6310.31,0.925,1.11E-05,57.14285714,24.48979592,14.28571429,0,0,0.040816327,1.107
26.321,30.427,5759.23,0.921,1.25E-05,57.14285714,16.32653061,14.28571429,0,0,0.12244898,1.265
26.380,32.533,5703.43,0.922,1.29E-05,57.14285714,16.32653061,14.28571429,0,0,0.12244898,1.307
25.992,30.424,5291.68,0.916,1.36E-05,57.14285714,8.163265306,14.28571429,0,0,0.204081633,1.375
25.874,33.015,5755.96,0.920,1.31E-05,57.14285714,16.32653061,14.28571429,0,0,0.12244898,1.316
25.846,30.432,5338.95,0.916,1.38E-05,57.14285714,8.163265306,14.28571429,0,0,0.204081633,1.417
26.329,32.373,5296.99,0.916,1.41E-05,57.14285714,8.163265306,14.28571429,0,0,0.204081633,1.426
25.881,30.075,4971.73,0.913,1.44E-05,57.14285714,0,14.28571429,0,0,0.285714286,1.477
44.409,52.191,7880.79,0.965,1.19E-05,58.33333333,33.33333333,8.333333333,0,0,0,1.182
44.032,51.718,7638.25,0.963,1.21E-05,60.22727273,31.81818182,7.954545455,0,0,0,1.202
42.748,53.143,7621.56,0.963,1.22E-05,60.22727273,31.81818182,7.954545455,0,0,0,1.217
42.610,52.400,7389.18,0.961,1.25E-05,61.95652174,30.43478261,7.608695652,0,0,0,1.236
44.432,51.702,7617.31,0.964,1.21E-05,60.22727273,31.81818182,7.954545455,0,0,0,1.218
44.364,51.337,7403.01,0.961,1.24E-05,61.95652174,30.43478261,7.608695652,0,0,0,1.242
43.066,52.055,7388.78,0.962,1.25E-05,61.95652174,30.43478261,7.608695652,0,0,0,1.252
42.896,51.528,7176.34,0.960,1.27E-05,63.54166667,29.16666667,7.291666667,0,0,0,1.278
43.581,52.198,7745.78,0.965,1.21E-05,59.30232558,32.55813953,8.139534884,0,0,0,1.207
43.395,51.707,7519.86,0.962,1.23E-05,61.11111111,31.11111111,7.777777778,0,0,0,1.226
43.176,52.391,7455,0.962,1.24E-05,61.11111111,31.11111111,7.777777778,0,0,0,1.246
42.932,51.612,7253.02,0.960,1.27E-05,62.76595745,29.78723404,7.446808511,0,0,0,1.260
43.947,51.692,7509.75,0.963,1.23E-05,61.11111111,31.11111111,7.777777778,0,0,0,1.227
43.798,51.261,7307.93,0.961,1.25E-05,62.76595745,29.78723404,7.446808511,0,0,0,1.250
43.415,51.577,7253.88,0.961,1.27E-05,62.76595745,29.78723404,7.446808511,0,0,0,1.276
43.265,51.105,7067.4,0.958,1.29E-05,64.28571429,28.57142857,7.142857143,0,0,0,1.295
15.666,20.104,3995.95,0.835,6.68E-05,57.14285714,0,14.28571429,0,0,0.285714286,3.075
24.401,33.230,7318.02,0.930,1.12E-05,58.33333333,33.33333333,8.333333333,0,0,0,1.110
16.897,21.422,4257.36,0.852,3.77E-05,57.14285714,0,14.28571429,0,0,0.285714286,2.725
28.513,36.359,7521.51,0.940,1.11E-05,58.33333333,33.33333333,8.333333333,0,0,0,1.092
19.921,40.034,6180.69,0.914,1.28E-05,57.14285714,28.57142857,14.28571429,0,0,0,1.243
17.527,37.412,4514.74,0.895,3.27E-05,57.14285714,0,14.28571429,0,0,0.285714286,2.114
13.521,17.216,5147.97,0.900,2.07E-05,57.14285714,0,14.28571429,0,0,0.285714286,1.710
25.574,31.043,7942.54,0.959,1.23E-05,58.33333333,33.33333333,8.333333333,0,0,0,1.245
11.215,30.387,6794.54,0.900,9.63E-06,57.14285714,28.57142857,14.28571429,0,0,0,0.990
10.889,28.027,6510.89,0.897,1.05E-05,57.14285714,25.3968254,14.28571429,0,0,0.031746032,1.060
10.692,29.930,5856.54,0.891,1.33E-05,57.14285714,15.87301587,14.28571429,0,0,0.126984127,1.334
10.691,27.630,5648.11,0.888,1.35E-05,57.14285714,12.6984127,14.28571429,0,0,0.158730159,1.350
9.819,33.708,5673,0.889,1.43E-05,57.14285714,15.87301587,14.28571429,0,0,0.126984127,1.451
9.902,31.312,5526.59,0.888,1.44E-05,57.14285714,12.6984127,14.28571429,0,0,0.158730159,1.485
10.034,32.332,5076.65,0.881,1.56E-05,57.14285714,3.174603175,14.28571429,0,0,0.253968254,1.597
10.116,31.042,4960.99,0.879,1.59E-05,57.14285714,0,14.28571429,0,0,0.285714286,1.613
17.842,52.029,7894.14,0.952,1.04E-05,58.33333333,33.33333333,8.333333333,0,0,0,1.019
17.510,52.077,7789.94,0.951,1.06E-05,59.09090909,32.72727273,8.181818182,0,0,0,1.045
17.012,52.174,7470.45,0.947,1.10E-05,61.20689655,31.03448276,7.75862069,0,0,0,1.073
16.913,52.539,7406.62,0.946,1.11E-05,61.86440678,30.50847458,7.627118644,0,0,0,1.096
18.810,45.970,7541.76,0.948,1.14E-05,61.20689655,31.03448276,7.75862069,0,0,0,1.113
18.622,47.274,7479.25,0.948,1.15E-05,61.86440678,30.50847458,7.627118644,0,0,0,1.122
18.190,47.374,7208.39,0.943,1.18E-05,63.70967742,29.03225806,7.258064516,0,0,0,1.168
18.853,46.583,7105.74,0.941,1.20E-05,64.28571429,28.57142857,7.142857143,0,0,0,1.167
22.874,28.694,5688.43,0.930,4.60E-05,57.14285714,9.523809524,14.28571429,0,0,0.19047619,2.501
22.896,28.091,5108.54,0.928,3.29E-05,57.14285714,0,14.28571429,0,0,0.285714286,2.031
38.259,46.966,7951.83,0.969,1.34E-05,58.33333333,33.33333333,8.333333333,0,0,0,1.314
38.688,47.368,7684.15,0.968,1.35E-05,60.52631579,31.57894737,7.894736842,0,0,0,1.336
17.596,20.729,2741.06,0.821,2.49E-05,57.14285714,9.523809524,14.28571429,0,0,0.19047619,2.007
16.938,20.260,2608.67,0.816,6.12E-05,57.14285714,0,14.28571429,0,0,0.285714286,3.023
17.051,20.668,6835.48,0.906,8.98E-06,57.14285714,28.57142857,14.28571429,0,0,0,0.910
15.259,20.327,5366.64,0.896,1.29E-05,57.14285714,9.523809524,14.28571429,0,0,0.19047619,1.336
14.829,18.533,6170.57,0.900,1.19E-05,57.14285714,19.04761905,14.28571429,0,0,0.095238095,1.230
15.397,19.482,5017.65,0.890,1.39E-05,57.14285714,0,14.28571429,0,0,0.285714286,1.438
27.731,33.346,7889.08,0.956,1.09E-05,58.33333333,33.33333333,8.333333333,0,0,0,1.110
26.863,32.589,7443.41,0.950,1.17E-05,62.5,30,7.5,0,0,0,1.174
27.586,33.230,7622.02,0.953,1.12E-05,60.52631579,31.57894737,7.894736842,0,0,0,1.138
26.455,32.678,7194.68,0.947,1.20E-05,64.28571429,28.57142857,7.142857143,0,0,0,1.210
12.842,13.052,1104.71,0.580,4.51E-05,57.14285714,28.57142857,14.28571429,0,0,0,0.781
23.587,31.129,5933.56,0.939,1.25E-05,57.14285714,19.04761905,14.28571429,0,0,0.095238095,1.248
27.653,32.725,5471.21,0.941,1.37E-05,57.14285714,9.523809524,14.28571429,0,0,0.19047619,1.413
19.338,28.131,5364.21,0.931,1.41E-05,57.14285714,9.523809524,14.28571429,0,0,0.19047619,1.470
26.406,30.745,5093.96,0.937,3.46E-05,57.14285714,0,14.28571429,0,0,0.285714286,1.989
22.747,22.874,1718.73,0.696,7.95E-06,58.33333333,33.33333333,8.333333333,0,0,0,0.900
21.782,21.889,1622.66,0.676,7.77E-06,60.52631579,31.57894737,7.894736842,0,0,0,0.867
22.372,22.493,1564.6,0.676,8.72E-06,60.52631579,31.57894737,7.894736842,0,0,0,0.817
22.601,22.760,1551.38,0.679,8.43E-06,60.52631579,31.57894737,7.894736842,0,0,0,0.790
22.015,22.086,1488.31,0.658,8.02E-06,62.5,30,7.5,0,0,0,0.776
20.389,20.540,1313.85,0.636,9.32E-06,64.28571429,28.57142857,7.142857143,0,0,0,0.663
37.957,73.677,6558.67,0.956,1.17E-05,57.14285714,28.57142857,14.28571429,0,0,0,1.158
36.667,71.180,4953.92,0.948,1.56E-05,57.14285714,0,14.28571429,0,0,0.285714286,1.612
10.766,17.442,5113.21,0.820,2.06E-05,59.73154362,32.2147651,8.053691275,0,0,0,2.161
10.643,17.820,5204.9,0.826,1.89E-05,59.06040268,32.2147651,8.053691275,0,0.006711409,0,1.995
33.224,35.802,5804.9,0.936,3.36E-05,57.14285714,15.87301587,14.28571429,0,0,0.126984127,2.165
31.728,34.250,5633.65,0.934,2.87E-05,57.14285714,12.6984127,14.28571429,0,0,0.158730159,1.884
33.193,35.468,6252.49,0.938,1.19E-05,57.14285714,22.22222222,14.28571429,0,0,0.063492063,1.192
33.014,33.831,6064.18,0.937,1.20E-05,57.14285714,19.04761905,14.28571429,0,0,0.095238095,1.204
33.366,35.898,5444.79,0.933,3.09E-05,57.14285714,9.523809524,14.28571429,0,0,0.19047619,1.989
33.423,34.215,5322.17,0.932,2.88E-05,57.14285714,6.349206349,14.28571429,0,0,0.222222222,1.879
31.622,34.560,5517.46,0.934,3.68E-05,57.14285714,9.523809524,14.28571429,0,0,0.19047619,2.168
30.338,31.973,5391.55,0.929,3.71E-05,57.14285714,6.349206349,14.28571429,0,0,0.222222222,2.129
33.080,35.542,5801.34,0.936,2.16E-05,57.14285714,15.87301587,14.28571429,0,0,0.126984127,1.555
33.064,33.799,5643.05,0.935,2.04E-05,57.14285714,12.6984127,14.28571429,0,0,0.158730159,1.570
32.823,34.738,5176.93,0.932,3.59E-05,57.14285714,3.174603175,14.28571429,0,0,0.253968254,2.208
32.836,34.389,5053.11,0.930,3.59E-05,57.14285714,0,14.28571429,0,0,0.285714286,2.150
51.404,55.441,7462.48,0.970,1.43E-05,61.20689655,31.03448276,7.75862069,0,0,0,1.454
50.670,54.484,7397.96,0.968,1.43E-05,61.86440678,30.50847458,7.627118644,0,0,0,1.436
52.217,56.088,7792.88,0.970,1.36E-05,59.82142857,32.14285714,8.035714286,0,0,0,1.375
50.848,56.052,7690.63,0.969,1.36E-05,60.52631579,31.57894737,7.894736842,0,0,0,1.373
53.903,56.564,7397.67,0.967,1.44E-05,62.5,30,7.5,0,0,0,1.429
50.555,54.068,7306.46,0.968,1.44E-05,63.1147541,29.50819672,7.37704918,0,0,0,1.450
51.616,55.636,7322.61,0.968,1.46E-05,62.5,30,7.5,0,0,0,1.472
54.382,57.505,7234.54,0.968,1.46E-05,63.1147541,29.50819672,7.37704918,0,0,0,1.478
53.303,56.809,7554.05,0.968,1.40E-05,61.20689655,31.03448276,7.75862069,0,0,0,1.413
53.330,57.260,7492.39,0.967,1.40E-05,61.86440678,30.50847458,7.627118644,0,0,0,1.429
20.950,30.921,5545.02,0.936,3.96E-05,57.14285714,9.523809524,14.28571429,0,0,0.19047619,2.414
20.859,32.845,5076.1,0.933,3.57E-05,57.14285714,0,14.28571429,0,0,0.285714286,2.133
34.760,54.513,7325.09,0.969,1.45E-05,62.5,30,7.5,0,0,0,1.446
43.247,44.821,6567.46,0.953,1.14E-05,57.14285714,28.57142857,14.28571429,0,0,0,1.141
42.376,45.795,4970.9,0.944,1.57E-05,57.14285714,0,14.28571429,0,0,0.285714286,1.617
24.928,25.740,6754.74,0.915,9.61E-06,57.14285714,28.57142857,14.28571429,0,0,0,0.982
22.229,24.787,6221.97,0.912,1.12E-05,57.14285714,22.22222222,14.28571429,0,0,0.063492063,1.139
23.345,24.327,6176.7,0.911,1.15E-05,57.14285714,22.22222222,14.28571429,0,0,0.063492063,1.167
21.883,23.401,5791.54,0.907,1.29E-05,57.14285714,15.87301587,14.28571429,0,0,0.126984127,1.323
22.563,24.771,5712.55,0.907,1.30E-05,57.14285714,15.87301587,14.28571429,0,0,0.126984127,1.337
22.188,24.319,5391.64,0.904,1.36E-05,57.14285714,9.523809524,14.28571429,0,0,0.19047619,1.389
22.996,23.494,5363.3,0.903,1.46E-05,57.14285714,9.523809524,14.28571429,0,0,0.19047619,1.438
21.726,23.092,5127.03,0.899,1.47E-05,57.14285714,3.174603175,14.28571429,0,0,0.253968254,1.476
24.947,25.765,6477.85,0.913,1.09E-05,57.14285714,25.3968254,14.28571429,0,0,0.031746032,1.110
22.229,24.444,6053.69,0.909,1.22E-05,57.14285714,19.04761905,14.28571429,0,0,0.095238095,1.227
23.361,24.331,5981.98,0.909,1.21E-05,57.14285714,19.04761905,14.28571429,0,0,0.095238095,1.237
21.910,23.424,5619.08,0.905,1.33E-05,57.14285714,12.6984127,14.28571429,0,0,0.158730159,1.362
23.678,25.343,5559.89,0.906,1.35E-05,57.14285714,12.6984127,14.28571429,0,0,0.158730159,1.373
21.940,23.970,5252.27,0.900,1.38E-05,57.14285714,6.349206349,14.28571429,0,0,0.222222222,1.425
23.076,23.605,5210.75,0.901,1.48E-05,57.14285714,6.349206349,14.28571429,0,0,0.222222222,1.494
21.812,23.242,4998.34,0.897,1.48E-05,57.14285714,0,14.28571429,0,0,0.285714286,1.506
36.130,38.087,7834.71,0.958,1.12E-05,58.33333333,33.33333333,8.333333333,0,0,0,1.128
36.828,38.196,7680.95,0.957,1.14E-05,59.82142857,32.14285714,8.035714286,0,0,0,1.131
34.533,36.401,7646.55,0.956,1.13E-05,59.82142857,32.14285714,8.035714286,0,0,0,1.135
35.586,37.073,7477.51,0.954,1.16E-05,61.20689655,31.03448276,7.75862069,0,0,0,1.167
38.697,40.831,7539.06,0.956,1.18E-05,61.20689655,31.03448276,7.75862069,0,0,0,1.195
38.773,40.384,7360.4,0.953,1.20E-05,62.5,30,7.5,0,0,0,1.234
38.761,40.520,7324.08,0.953,1.21E-05,62.5,30,7.5,0,0,0,1.225
38.923,40.396,7151.24,0.951,1.23E-05,63.70967742,29.03225806,7.258064516,0,0,0,1.235
36.210,38.068,7797.82,0.956,1.13E-05,59.09090909,32.72727273,8.181818182,0,0,0,1.145
36.474,38.021,7585.56,0.956,1.15E-05,60.52631579,31.57894737,7.894736842,0,0,0,1.157
34.748,36.513,7572.83,0.954,1.14E-05,60.52631579,31.57894737,7.894736842,0,0,0,1.151
35.107,36.711,7385,0.953,1.16E-05,61.86440678,30.50847458,7.627118644,0,0,0,1.178
38.663,40.684,7450.61,0.954,1.19E-05,61.86440678,30.50847458,7.627118644,0,0,0,1.215
38.708,40.279,7280.95,0.952,1.21E-05,63.1147541,29.50819672,7.37704918,0,0,0,1.216
38.658,40.496,7251.04,0.952,1.22E-05,63.1147541,29.50819672,7.37704918,0,0,0,1.232
38.865,40.290,7098.24,0.950,1.24E-05,64.28571429,28.57142857,7.142857143,0,0,0,1.235
18.889,22.283,6748.81,0.914,9.87E-06,57.14285714,28.57142857,14.28571429,0,0,0,0.996
17.279,21.440,5158.53,0.908,2.40E-05,57.14285714,0,14.28571429,0,0,0.285714286,1.662
30.821,36.310,7979.4,0.963,1.16E-05,58.33333333,33.33333333,8.333333333,0,0,0,1.155
28.291,33.009,7074.59,0.948,1.26E-05,64.28571429,28.57142857,7.142857143,0,0,0,1.278
7.481,7.856,995.781,0.506,1.56E-05,57.14285714,28.57142857,14.28571429,0,0,0,1.630
6.615,7.104,801.343,0.478,9.51E-05,57.14285714,22.22222222,14.28571429,0,0,0.063492063,3.062
7.018,7.287,802.413,0.486,1.13E-04,57.14285714,22.22222222,14.28571429,0,0,0.063492063,3.186
6.673,7.099,660.101,0.462,8.67E-05,57.14285714,15.87301587,14.28571429,0,0,0.126984127,2.410
7.732,8.057,692.145,0.487,4.30E-05,57.14285714,9.523809524,14.28571429,0,0,0.19047619,3.216
7.993,8.390,681.57,0.491,1.88E-05,57.14285714,3.174603175,14.28571429,0,0,0.253968254,2.135
7.219,7.601,869.688,0.492,3.68E-05,57.14285714,25.3968254,14.28571429,0,0,0.031746032,2.449
5.904,6.298,712.896,0.463,2.24E-04,57.14285714,19.04761905,14.28571429,0,0,0.095238095,3.619
7.024,7.247,721.393,0.473,1.33E-04,57.14285714,19.04761905,14.28571429,0,0,0.095238095,3.172
6.071,6.315,595.966,0.449,1.40E-04,57.14285714,12.6984127,14.28571429,0,0,0.158730159,2.902
7.764,8.100,670.242,0.485,2.87E-05,57.14285714,6.349206349,14.28571429,0,0,0.222222222,2.597
8.111,8.449,684.184,0.495,1.44E-05,57.14285714,0,14.28571429,0,0,0.285714286,1.779
13.032,13.220,1601.08,0.634,6.06E-06,59.82142857,32.14285714,8.035714286,0,0,0,0.623
12.290,12.585,1406.53,0.592,5.01E-06,62.5,30,7.5,0,0,0,0.513
12.254,12.628,1328.05,0.589,4.49E-06,62.5,30,7.5,0,0,0,0.468
12.090,12.360,1254.13,0.573,4.11E-06,63.70967742,29.03225806,7.258064516,0,0,0,0.426
13.779,14.146,1641.48,0.639,6.10E-06,59.09090909,32.72727273,8.181818182,0,0,0,0.618
12.016,12.252,1453.34,0.603,5.43E-06,61.86440678,30.50847458,7.627118644,0,0,0,0.554
11.708,11.954,1359.42,0.584,4.78E-06,63.1147541,29.50819672,7.37704918,0,0,0,0.491
11.500,11.721,1208.95,0.566,3.90E-06,64.28571429,28.57142857,7.142857143,0,0,0,0.409
16.659,18.318,6953.01,0.907,8.79E-06,57.14285714,28.57142857,14.28571429,0,0,0,0.909
16.880,17.764,6458.83,0.904,1.06E-05,57.14285714,23.80952381,14.28571429,0,0,0.047619048,1.077
14.858,17.931,5470.79,0.895,1.29E-05,57.14285714,9.523809524,14.28571429,0,0,0.19047619,1.341
15.013,18.279,5170.56,0.894,1.33E-05,57.14285714,4.761904762,14.28571429,0,0,0.238095238,1.366
15.900,18.333,6534.1,0.904,1.04E-05,57.14285714,23.80952381,14.28571429,0,0,0.047619048,1.079
15.869,17.764,6095.53,0.902,1.14E-05,57.14285714,19.04761905,14.28571429,0,0,0.095238095,1.164
14.660,17.863,5288.15,0.892,1.36E-05,57.14285714,4.761904762,14.28571429,0,0,0.238095238,1.412
15.152,17.443,4995.5,0.891,1.38E-05,57.14285714,0,14.28571429,0,0,0.285714286,1.443
27.968,30.460,7979.38,0.956,1.08E-05,58.33333333,33.33333333,8.333333333,0,0,0,1.093
27.033,29.918,7833.71,0.954,1.10E-05,59.45945946,32.43243243,8.108108108,0,0,0,1.110
26.992,29.268,7436.04,0.948,1.16E-05,62.5,30,7.5,0,0,0,1.159
25.919,28.946,7376.77,0.947,1.18E-05,63.41463415,29.26829268,7.317073171,0,0,0,1.199
27.932,30.085,7821.19,0.954,1.10E-05,59.45945946,32.43243243,8.108108108,0,0,0,1.105
27.003,29.607,7686.28,0.952,1.12E-05,60.52631579,31.57894737,7.894736842,0,0,0,1.123
26.297,28.945,7349.35,0.947,1.18E-05,63.41463415,29.26829268,7.317073171,0,0,0,1.183
25.967,28.721,7262.27,0.945,1.20E-05,64.28571429,28.57142857,7.142857143,0,0,0,1.212
14.164,18.795,6656.28,0.900,9.18E-06,57.14285714,28.57142857,14.28571429,0,0,0,0.942
16.657,19.921,4974.86,0.894,1.41E-05,57.14285714,0,14.28571429,0,0,0.285714286,1.412
31.129,34.199,7854.03,0.958,1.12E-05,58.33333333,33.33333333,8.333333333,0,0,0,1.134
22.446,29.504,7067.77,0.942,1.18E-05,64.28571429,28.57142857,7.142857143,0,0,0,1.138
6.703,10.253,5462.12,0.810,2.57E-05,57.14285714,9.523809524,14.28571429,0,0,0.19047619,3.062
6.801,9.990,5187.22,0.799,2.68E-05,57.14285714,4.761904762,14.28571429,0,0,0.238095238,3.304
10.889,13.442,3923.01,0.798,1.84E-05,57.14285714,23.80952381,14.28571429,0,0,0.047619048,1.767
11.176,13.641,3602.79,0.798,2.85E-05,57.14285714,19.04761905,14.28571429,0,0,0.095238095,2.566
12.287,13.884,3465.75,0.800,4.42E-05,57.14285714,4.761904762,14.28571429,0,0,0.238095238,3.476
12.552,13.844,3307.55,0.794,5.93E-05,57.14285714,0,14.28571429,0,0,0.285714286,3.831
12.575,16.964,8020.2,0.919,8.75E-06,58.33333333,33.33333333,8.333333333,0,0,0,0.876
12.641,16.400,7849.14,0.916,9.27E-06,59.45945946,32.43243243,8.108108108,0,0,0,0.932
11.912,15.206,7385.41,0.899,1.02E-05,62.5,30,7.5,0,0,0,1.051
11.950,15.049,7202.76,0.894,1.08E-05,63.41463415,29.26829268,7.317073171,0,0,0,1.103
12.314,16.946,7821.64,0.915,9.08E-06,59.45945946,32.43243243,8.108108108,0,0,0,0.924
12.298,16.362,7623.87,0.913,9.57E-06,60.52631579,31.57894737,7.894736842,0,0,0,0.964
11.150,15.731,7258.92,0.897,1.06E-05,63.41463415,29.26829268,7.317073171,0,0,0,1.071
11.638,15.504,7152.25,0.892,1.11E-05,64.28571429,28.57142857,7.142857143,0,0,0,1.124
22.291,30.809,7575.77,0.964,1.04E-05,57.14285714,23.80952381,9.523809524,9.523809524,0,0,1.061
7.520,7.878,970.213,0.504,1.53E-05,57.14285714,28.57142857,14.28571429,0,0,0,1.606
7.459,7.813,812.901,0.481,1.01E-04,57.14285714,23.80952381,14.28571429,0,0,0.047619048,2.741
20.201,21.345,5306.04,0.904,1.48E-05,57.14285714,4.761904762,14.28571429,0,0,0.238095238,1.490
7.358,7.783,820.87,0.483,1.22E-04,57.14285714,23.80952381,14.28571429,0,0,0.047619048,2.710
7.983,8.158,691.757,0.493,2.40E-05,57.14285714,4.761904762,14.28571429,0,0,0.238095238,2.389
18.869,21.060,5034.43,0.902,1.47E-05,57.14285714,0,14.28571429,0,0,0.285714286,1.521
32.824,33.943,8017.86,0.959,1.12E-05,58.33333333,33.33333333,8.333333333,0,0,0,1.129
13.942,14.109,1627.21,0.634,6.22E-06,59.45945946,32.43243243,8.108108108,0,0,0,0.632
11.621,11.876,1354.47,0.589,4.83E-06,62.5,30,7.5,0,0,0,0.493
13.908,14.178,1615.97,0.634,6.22E-06,59.45945946,32.43243243,8.108108108,0,0,0,0.636
11.692,12.078,1287.46,0.577,4.36E-06,63.41463415,29.26829268,7.317073171,0,0,0,0.449
29.188,29.253,1784.96,0.766,5.08E-06,57.14285714,23.80952381,9.523809524,9.523809524,0,0,0.512
14.621,24.614,6893.06,0.910,9.60E-06,58.62068966,31.03448276,10.34482759,0,0,0,0.978
15.687,22.386,5917.24,0.905,1.37E-05,58.62068966,17.24137931,10.34482759,0,0,0.137931034,1.413
14.662,24.664,6818.01,0.911,9.23E-06,57.14285714,28.57142857,14.28571429,0,0,0,0.942
15.553,21.101,5862.6,0.904,1.35E-05,57.14285714,14.28571429,14.28571429,0,0,0.142857143,1.362
14.281,23.465,6721.11,0.907,9.32E-06,57.14285714,28.57142857,14.28571429,0,0,0,0.960
15.709,22.231,5843.09,0.904,1.36E-05,57.14285714,14.28571429,14.28571429,0,0,0.142857143,1.397
14.533,23.187,5670.67,0.901,1.25E-05,57.14285714,14.28571429,14.28571429,0,0,0.142857143,1.277
15.779,19.551,4963.87,0.896,1.41E-05,57.14285714,0,14.28571429,0,0,0.285714286,1.477
28.269,35.608,8003.76,0.959,1.10E-05,58.33333333,33.33333333,8.333333333,0,0,0,1.096
23.869,38.046,7477.38,0.952,1.15E-05,61.53846154,30.76923077,7.692307692,0,0,0,1.169
25.951,38.808,7575.69,0.954,1.16E-05,61.53846154,30.76923077,7.692307692,0,0,0,1.163
21.860,35.643,7101.38,0.945,1.21E-05,64.28571429,28.57142857,7.142857143,0,0,0,1.211
13.858,18.291,6693.71,0.898,9.54E-06,57.14285714,28.57142857,14.28571429,0,0,0,0.983
12.936,18.045,6183.4,0.893,1.12E-05,57.14285714,22.22222222,14.28571429,0,0,0.063492063,1.168
15.231,21.785,6278.29,0.908,1.18E-05,57.14285714,22.22222222,14.28571429,0,0,0.063492063,1.195
15.154,21.528,5827.66,0.904,1.29E-05,57.14285714,15.87301587,14.28571429,0,0,0.126984127,1.310
15.331,20.199,5778.34,0.900,1.32E-05,57.14285714,15.87301587,14.28571429,0,0,0.126984127,1.364
14.702,20.234,5524.34,0.898,1.39E-05,57.14285714,9.523809524,14.28571429,0,0,0.19047619,1.433
15.454,23.228,5460.94,0.903,1.44E-05,57.14285714,9.523809524,14.28571429,0,0,0.19047619,1.461
15.490,22.978,5087.91,0.901,1.45E-05,57.14285714,3.174603175,14.28571429,0,0,0.253968254,1.499
14.457,18.079,6382.01,0.896,1.10E-05,57.14285714,25.3968254,14.28571429,0,0,0.031746032,1.123
13.801,17.868,5943.67,0.890,1.22E-05,57.14285714,19.04761905,14.28571429,0,0,0.095238095,1.232
14.840,20.895,5946.34,0.905,1.25E-05,57.14285714,19.04761905,14.28571429,0,0,0.095238095,1.256
15.394,20.541,5630.44,0.901,1.35E-05,57.14285714,12.6984127,14.28571429,0,0,0.158730159,1.374
14.552,20.140,5238.76,0.896,1.40E-05,57.14285714,6.349206349,14.28571429,0,0,0.222222222,1.425
15.078,22.195,5280.7,0.901,1.47E-05,57.14285714,6.349206349,14.28571429,0,0,0.222222222,1.501
15.153,22.381,4998.56,0.898,1.48E-05,57.14285714,0,14.28571429,0,0,0.285714286,1.520
26.771,37.660,7974.43,0.959,1.11E-05,58.33333333,33.33333333,8.333333333,0,0,0,1.139
26.270,38.118,7740.67,0.957,1.13E-05,59.82142857,32.14285714,8.035714286,0,0,0,1.137
24.946,32.160,7707.23,0.952,1.10E-05,59.82142857,32.14285714,8.035714286,0,0,0,1.124
24.482,32.534,7536.79,0.950,1.13E-05,61.20689655,31.03448276,7.75862069,0,0,0,1.136
23.918,32.994,7521.68,0.952,1.14E-05,61.20689655,31.03448276,7.75862069,0,0,0,1.153
23.631,32.813,7351.6,0.950,1.17E-05,62.5,30,7.5,0,0,0,1.186
21.357,26.836,7253.03,0.941,1.14E-05,62.5,30,7.5,0,0,0,1.138
21.241,26.920,7123.74,0.939,1.17E-05,63.70967742,29.03225806,7.258064516,0,0,0,1.193
26.661,37.478,7807.55,0.958,1.12E-05,59.09090909,32.72727273,8.181818182,0,0,0,1.126
26.205,37.980,7633.39,0.956,1.15E-05,60.52631579,31.57894737,7.894736842,0,0,0,1.145
24.896,32.140,7607.52,0.951,1.12E-05,60.52631579,31.57894737,7.894736842,0,0,0,1.137
24.415,32.520,7413.92,0.949,1.15E-05,61.86440678,30.50847458,7.627118644,0,0,0,1.169
23.955,33.373,7425.43,0.952,1.16E-05,61.86440678,30.50847458,7.627118644,0,0,0,1.176
23.728,33.110,7283.42,0.950,1.19E-05,63.1147541,29.50819672,7.37704918,0,0,0,1.196
21.538,27.349,7200.9,0.941,1.17E-05,63.1147541,29.50819672,7.37704918,0,0,0,1.178
21.415,27.382,7087.6,0.938,1.19E-05,64.28571429,28.57142857,7.142857143,0,0,0,1.208
28.364,28.456,6721.91,0.916,9.64E-06,57.14285714,28.57142857,14.28571429,0,0,0,0.972
25.798,26.071,5949.75,0.911,1.26E-05,57.14285714,19.04761905,14.28571429,0,0,0.095238095,1.288
27.110,27.589,5965.45,0.911,1.20E-05,57.14285714,19.04761905,14.28571429,0,0,0.095238095,1.240
25.926,26.150,5398.08,0.905,1.33E-05,57.14285714,9.523809524,14.28571429,0,0,0.19047619,1.398
28.181,28.327,5897.29,0.910,1.64E-05,57.14285714,19.04761905,14.28571429,0,0,0.095238095,1.684
25.287,26.337,5457.88,0.903,1.57E-05,57.14285714,9.523809524,14.28571429,0,0,0.19047619,1.623
26.886,28.406,5371.2,0.905,1.64E-05,57.14285714,9.523809524,14.28571429,0,0,0.19047619,1.699
24.625,25.497,5081.51,0.897,1.62E-05,57.14285714,0,14.28571429,0,0,0.285714286,1.713
44.196,44.483,7812.13,0.961,1.14E-05,58.33333333,33.33333333,8.333333333,0,0,0,1.148
44.292,44.465,7577.1,0.958,1.17E-05,60.52631579,31.57894737,7.894736842,0,0,0,1.186
43.941,44.251,7544.59,0.958,1.18E-05,60.52631579,31.57894737,7.894736842,0,0,0,1.204
44.292,44.393,7330.28,0.955,1.20E-05,62.5,30,7.5,0,0,0,1.218
43.896,44.254,7470.95,0.959,1.18E-05,60.52631579,31.57894737,7.894736842,0,0,0,1.180
44.280,44.465,7210.41,0.956,1.21E-05,62.5,30,7.5,0,0,0,1.213
43.998,44.115,7288.98,0.956,1.21E-05,62.5,30,7.5,0,0,0,1.226
44.320,44.392,7044.53,0.953,1.24E-05,64.28571429,28.57142857,7.142857143,0,0,0,1.252
15.184,21.517,6858.61,0.909,9.05E-06,57.14285714,28.57142857,14.28571429,0,0,0,0.910
14.107,20.960,5031.04,0.894,1.40E-05,57.14285714,0,14.28571429,0,0,0.285714286,1.417
26.474,35.932,7930.04,0.958,1.10E-05,58.33333333,33.33333333,8.333333333,0,0,0,1.111
24.432,34.029,7206.29,0.948,1.21E-05,64.28571429,28.57142857,7.142857143,0,0,0,1.246
15.686,23.779,6865.05,0.907,9.10E-06,57.14285714,28.57142857,14.28571429,0,0,0,0.921
14.853,23.823,6473.49,0.904,1.07E-05,57.14285714,23.80952381,14.28571429,0,0,0.047619048,1.085
13.748,22.081,5407.54,0.895,1.31E-05,57.14285714,9.523809524,14.28571429,0,0,0.19047619,1.340
13.737,22.478,5142.39,0.892,1.35E-05,57.14285714,4.761904762,14.28571429,0,0,0.238095238,1.402
14.999,21.844,6417.85,0.904,1.06E-05,57.14285714,23.80952381,14.28571429,0,0,0.047619048,1.090
14.834,21.846,6073.77,0.902,1.16E-05,57.14285714,19.04761905,14.28571429,0,0,0.095238095,1.171
13.673,20.995,5178.1,0.892,1.36E-05,57.14285714,4.761904762,14.28571429,0,0,0.238095238,1.410
13.492,21.445,4966.24,0.889,1.39E-05,57.14285714,0,14.28571429,0,0,0.285714286,1.431
25.286,36.982,7891.86,0.956,1.09E-05,58.33333333,33.33333333,8.333333333,0,0,0,1.093
25.175,36.911,7777.08,0.954,1.11E-05,59.45945946,32.43243243,8.108108108,0,0,0,1.108
24.991,37.499,7415.14,0.949,1.18E-05,62.5,30,7.5,0,0,0,1.177
25.023,37.390,7286.96,0.947,1.20E-05,63.41463415,29.26829268,7.317073171,0,0,0,1.198
25.139,36.535,7776.1,0.954,1.10E-05,59.45945946,32.43243243,8.108108108,0,0,0,1.126
25.054,36.513,7641.97,0.952,1.12E-05,60.52631579,31.57894737,7.894736842,0,0,0,1.126
24.177,37.572,7297.93,0.947,1.20E-05,63.41463415,29.26829268,7.317073171,0,0,0,1.205
24.195,37.472,7205.01,0.945,1.21E-05,64.28571429,28.57142857,7.142857143,0,0,0,1.215
20.040,25.632,6771.02,0.908,9.25E-06,57.14285714,28.57142857,14.28571429,0,0,0,0.938
18.685,23.314,6215.53,0.904,1.13E-05,57.14285714,22.22222222,14.28571429,0,0,0.063492063,1.168
20.119,24.219,6197.73,0.905,1.12E-05,57.14285714,22.22222222,14.28571429,0,0,0.063492063,1.153
18.084,22.832,5771.06,0.901,1.30E-05,57.14285714,15.87301587,14.28571429,0,0,0.126984127,1.325
18.947,24.847,5736.78,0.901,1.26E-05,57.14285714,15.87301587,14.28571429,0,0,0.126984127,1.285
18.759,23.586,5334.63,0.896,1.33E-05,57.14285714,9.523809524,14.28571429,0,0,0.19047619,1.339
18.810,22.358,5149.05,0.894,1.39E-05,57.14285714,3.174603175,14.28571429,0,0,0.253968254,1.450
19.966,25.671,6468.24,0.906,1.05E-05,57.14285714,25.3968254,14.28571429,0,0,0.031746032,1.061
18.806,24.073,5972.49,0.902,1.22E-05,57.14285714,19.04761905,14.28571429,0,0,0.095238095,1.252
20.054,23.645,5973.02,0.902,1.19E-05,57.14285714,19.04761905,14.28571429,0,0,0.095238095,1.219
19.005,24.864,5488.93,0.899,1.30E-05,57.14285714,12.6984127,14.28571429,0,0,0.158730159,1.343
18.447,22.959,5202.45,0.895,1.36E-05,57.14285714,6.349206349,14.28571429,0,0,0.222222222,1.403
19.041,23.147,5216.62,0.896,1.36E-05,57.14285714,6.349206349,14.28571429,0,0,0.222222222,1.420
18.700,22.293,5000.79,0.892,1.41E-05,57.14285714,0,14.28571429,0,0,0.285714286,1.476
32.435,37.494,7871.79,0.956,1.10E-05,58.33333333,33.33333333,8.333333333,0,0,0,1.102
33.014,37.891,7685.68,0.954,1.12E-05,59.82142857,32.14285714,8.035714286,0,0,0,1.132
33.314,38.325,7647.85,0.954,1.12E-05,59.82142857,32.14285714,8.035714286,0,0,0,1.120
33.307,38.895,7513.26,0.952,1.14E-05,61.20689655,31.03448276,7.75862069,0,0,0,1.164
30.989,39.441,7489.4,0.951,1.15E-05,61.20689655,31.03448276,7.75862069,0,0,0,1.164
31.319,39.926,7382.21,0.949,1.17E-05,62.5,30,7.5,0,0,0,1.185
31.169,40.057,7371.79,0.949,1.17E-05,62.5,30,7.5,0,0,0,1.189
31.278,40.124,7171.35,0.947,1.20E-05,63.70967742,29.03225806,7.258064516,0,0,0,1.203
31.785,36.841,7764.96,0.954,1.11E-05,59.09090909,32.72727273,8.181818182,0,0,0,1.113
32.202,37.053,7570.34,0.952,1.13E-05,60.52631579,31.57894737,7.894736842,0,0,0,1.140
33.338,38.224,7556.66,0.953,1.13E-05,60.52631579,31.57894737,7.894736842,0,0,0,1.130
33.325,38.776,7402.71,0.950,1.15E-05,61.86440678,30.50847458,7.627118644,0,0,0,1.173
31.184,39.947,7411.83,0.950,1.17E-05,61.86440678,30.50847458,7.627118644,0,0,0,1.179
31.128,39.596,7296.91,0.949,1.19E-05,63.1147541,29.50819672,7.37704918,0,0,0,1.200
31.204,39.943,7269.01,0.948,1.19E-05,63.1147541,29.50819672,7.37704918,0,0,0,1.202
31.315,40.112,7151.56,0.946,1.21E-05,64.28571429,28.57142857,7.142857143,0,0,0,1.219
15.786,20.765,6846.38,0.908,9.10E-06,57.14285714,28.57142857,14.28571429,0,0,0,0.928
15.558,20.698,6271.6,0.904,1.10E-05,57.14285714,22.22222222,14.28571429,0,0,0.063492063,1.108
15.426,21.603,6331.47,0.905,1.13E-05,57.14285714,22.22222222,14.28571429,0,0,0.063492063,1.148
15.582,20.792,5867.61,0.902,1.31E-05,57.14285714,15.87301587,14.28571429,0,0,0.126984127,1.336
15.616,19.873,5702.93,0.900,1.23E-05,57.14285714,15.87301587,14.28571429,0,0,0.126984127,1.245
15.545,21.319,5355.25,0.899,1.33E-05,57.14285714,9.523809524,14.28571429,0,0,0.19047619,1.365
15.091,21.513,5055.89,0.895,1.37E-05,57.14285714,3.174603175,14.28571429,0,0,0.253968254,1.416
15.220,20.223,6499.94,0.905,1.04E-05,57.14285714,25.3968254,14.28571429,0,0,0.031746032,1.063
14.801,19.785,6014.57,0.900,1.16E-05,57.14285714,19.04761905,14.28571429,0,0,0.095238095,1.178
15.589,21.658,5999.53,0.903,1.19E-05,57.14285714,19.04761905,14.28571429,0,0,0.095238095,1.220
15.303,20.664,5591.12,0.901,1.32E-05,57.14285714,12.6984127,14.28571429,0,0,0.158730159,1.339
15.218,19.910,5625.04,0.899,1.30E-05,57.14285714,12.6984127,14.28571429,0,0,0.158730159,1.316
14.271,19.752,5269.44,0.894,1.36E-05,57.14285714,6.349206349,14.28571429,0,0,0.222222222,1.388
14.940,21.245,5196.03,0.896,1.36E-05,57.14285714,6.349206349,14.28571429,0,0,0.222222222,1.372
15.015,21.207,4918.58,0.893,1.40E-05,57.14285714,0,14.28571429,0,0,0.285714286,1.395
26.460,35.751,7905,0.957,1.09E-05,58.33333333,33.33333333,8.333333333,0,0,0,1.104
26.144,35.963,7740.8,0.955,1.11E-05,59.82142857,32.14285714,8.035714286,0,0,0,1.132
25.915,33.963,7731.53,0.954,1.11E-05,59.82142857,32.14285714,8.035714286,0,0,0,1.127
25.410,34.055,7553.07,0.952,1.14E-05,61.20689655,31.03448276,7.75862069,0,0,0,1.151
26.111,34.095,7553.2,0.952,1.15E-05,61.20689655,31.03448276,7.75862069,0,0,0,1.166
25.869,35.201,7407.98,0.950,1.17E-05,62.5,30,7.5,0,0,0,1.192
25.477,32.184,7380.96,0.949,1.17E-05,62.5,30,7.5,0,0,0,1.187
24.507,32.526,7264.03,0.949,1.20E-05,63.70967742,29.03225806,7.258064516,0,0,0,1.216
26.344,35.605,7796.18,0.955,1.11E-05,59.09090909,32.72727273,8.181818182,0,0,0,1.124
26.000,35.797,7645.44,0.954,1.12E-05,60.52631579,31.57894737,7.894736842,0,0,0,1.132
25.725,33.752,7612.31,0.952,1.13E-05,60.52631579,31.57894737,7.894736842,0,0,0,1.134
25.260,33.803,7426.47,0.951,1.15E-05,61.86440678,30.50847458,7.627118644,0,0,0,1.160
25.606,33.097,7477.88,0.951,1.16E-05,61.86440678,30.50847458,7.627118644,0,0,0,1.175
25.481,34.140,7367.51,0.948,1.18E-05,63.1147541,29.50819672,7.37704918,0,0,0,1.202
24.992,32.504,7314.45,0.948,1.18E-05,63.1147541,29.50819672,7.37704918,0,0,0,1.189
24.695,31.836,7191.13,0.946,1.21E-05,64.28571429,28.57142857,7.142857143,0,0,0,1.221
15.234,21.643,6819.08,0.906,9.11E-06,57.14285714,28.57142857,14.28571429,0,0,0,0.930
14.573,20.723,6252.35,0.902,1.12E-05,57.14285714,22.22222222,14.28571429,0,0,0.063492063,1.123
15.188,21.279,6270.42,0.906,1.12E-05,57.14285714,22.22222222,14.28571429,0,0,0.063492063,1.159
15.294,21.341,5832.42,0.901,1.31E-05,57.14285714,15.87301587,14.28571429,0,0,0.126984127,1.323
15.404,20.473,5743.54,0.900,1.23E-05,57.14285714,15.87301587,14.28571429,0,0,0.126984127,1.276
13.717,19.752,5477.03,0.895,1.38E-05,57.14285714,9.523809524,14.28571429,0,0,0.19047619,1.415
14.438,20.797,5447.58,0.899,1.31E-05,57.14285714,9.523809524,14.28571429,0,0,0.19047619,1.332
14.369,20.406,5088.88,0.895,1.37E-05,57.14285714,3.174603175,14.28571429,0,0,0.253968254,1.371
14.662,21.220,6507.74,0.903,1.05E-05,57.14285714,25.3968254,14.28571429,0,0,0.031746032,1.076
14.885,20.948,6032.9,0.901,1.21E-05,57.14285714,19.04761905,14.28571429,0,0,0.095238095,1.237
14.928,21.407,6084.09,0.905,1.20E-05,57.14285714,19.04761905,14.28571429,0,0,0.095238095,1.207
14.228,20.740,5661.06,0.898,1.34E-05,57.14285714,12.6984127,14.28571429,0,0,0.158730159,1.349
15.024,19.884,5595.53,0.897,1.31E-05,57.14285714,12.6984127,14.28571429,0,0,0.158730159,1.343
14.376,19.950,5278.82,0.893,1.38E-05,57.14285714,6.349206349,14.28571429,0,0,0.222222222,1.411
15.124,20.681,5219.87,0.898,1.33E-05,57.14285714,6.349206349,14.28571429,0,0,0.222222222,1.336
13.756,20.666,4995,0.894,1.40E-05,57.14285714,0,14.28571429,0,0,0.285714286,1.415
26.999,35.167,7898.61,0.958,1.09E-05,58.33333333,33.33333333,8.333333333,0,0,0,1.098
26.354,35.159,7689.64,0.956,1.11E-05,59.82142857,32.14285714,8.035714286,0,0,0,1.122
25.531,33.998,7697.79,0.952,1.10E-05,59.82142857,32.14285714,8.035714286,0,0,0,1.104
24.658,34.008,7538.99,0.950,1.12E-05,61.20689655,31.03448276,7.75862069,0,0,0,1.138
25.122,34.181,7547.62,0.952,1.14E-05,61.20689655,31.03448276,7.75862069,0,0,0,1.164
25.490,34.774,7442.59,0.950,1.16E-05,62.5,30,7.5,0,0,0,1.177
24.863,33.547,7422.83,0.950,1.16E-05,62.5,30,7.5,0,0,0,1.161
24.194,32.848,7242.62,0.946,1.18E-05,63.70967742,29.03225806,7.258064516,0,0,0,1.176
26.510,35.123,7828.4,0.957,1.10E-05,59.09090909,32.72727273,8.181818182,0,0,0,1.112
25.952,35.111,7600.34,0.955,1.12E-05,60.52631579,31.57894737,7.894736842,0,0,0,1.114
25.265,33.920,7601.65,0.951,1.11E-05,60.52631579,31.57894737,7.894736842,0,0,0,1.121
24.721,33.897,7426.05,0.948,1.13E-05,61.86440678,30.50847458,7.627118644,0,0,0,1.141
25.345,34.962,7465.65,0.950,1.16E-05,61.86440678,30.50847458,7.627118644,0,0,0,1.168
24.707,34.726,7367.91,0.950,1.18E-05,63.1147541,29.50819672,7.37704918,0,0,0,1.210
24.170,33.664,7315.78,0.947,1.17E-05,63.1147541,29.50819672,7.37704918,0,0,0,1.181
24.019,33.195,7197.84,0.946,1.20E-05,64.28571429,28.57142857,7.142857143,0,0,0,1.207
9.263,14.804,4872.43,0.806,1.82E-05,59.18367347,32.65306122,8.163265306,0,0,0,1.872
9.278,14.917,4961.95,0.810,1.74E-05,58.50340136,32.65306122,8.163265306,0,0.006802721,0,1.780
9.798,15.714,5080.46,0.817,1.57E-05,57.82312925,32.65306122,8.163265306,0,0.013605442,0,1.609
9.992,15.852,5160.77,0.822,1.51E-05,57.14285714,32.65306122,8.163265306,0,0.020408163,0,1.545
21.699,40.325,6394.46,0.917,1.15E-05,57.14285714,22.22222222,14.28571429,0,0,0.063492063,1.152
22.470,41.264,5892.3,0.914,1.35E-05,57.14285714,15.87301587,14.28571429,0,0,0.126984127,1.362
21.735,41.543,5524.69,0.909,1.40E-05,57.14285714,9.523809524,14.28571429,0,0,0.19047619,1.428
21.630,40.474,6649.31,0.919,1.11E-05,57.14285714,25.3968254,14.28571429,0,0,0.031746032,1.102
21.848,40.849,6117.63,0.913,1.24E-05,57.14285714,19.04761905,14.28571429,0,0,0.095238095,1.236
22.250,41.342,5655.44,0.913,1.40E-05,57.14285714,12.6984127,14.28571429,0,0,0.158730159,1.426
22.297,41.900,5310.74,0.908,1.44E-05,57.14285714,6.349206349,14.28571429,0,0,0.222222222,1.482
20.571,39.894,6409.09,0.916,1.16E-05,57.14285714,22.22222222,14.28571429,0,0,0.063492063,1.131
21.168,39.575,5882.02,0.913,1.30E-05,57.14285714,15.87301587,14.28571429,0,0,0.126984127,1.303
21.211,41.262,5513.31,0.910,1.37E-05,57.14285714,9.523809524,14.28571429,0,0,0.19047619,1.380
21.156,41.221,5184.51,0.907,1.43E-05,57.14285714,3.174603175,14.28571429,0,0,0.253968254,1.462
20.887,39.936,6174.13,0.916,1.25E-05,57.14285714,19.04761905,14.28571429,0,0,0.095238095,1.245
20.814,40.216,5678.64,0.911,1.35E-05,57.14285714,12.6984127,14.28571429,0,0,0.158730159,1.345
21.230,41.133,5347.6,0.908,1.43E-05,57.14285714,6.349206349,14.28571429,0,0,0.222222222,1.448
21.787,41.485,5058.04,0.905,1.48E-05,57.14285714,0,14.28571429,0,0,0.285714286,1.511
36.820,66.459,8020.28,0.963,1.15E-05,58.33333333,33.33333333,8.333333333,0,0,0,1.135
36.760,65.577,7810.08,0.961,1.17E-05,59.82142857,32.14285714,8.035714286,0,0,0,1.171
35.200,63.240,7638.08,0.959,1.21E-05,61.20689655,31.03448276,7.75862069,0,0,0,1.199
34.917,63.634,7473.48,0.955,1.24E-05,62.5,30,7.5,0,0,0,1.236
36.971,66.423,7908.19,0.962,1.17E-05,59.09090909,32.72727273,8.181818182,0,0,0,1.167
36.573,64.563,7722.13,0.960,1.20E-05,60.52631579,31.57894737,7.894736842,0,0,0,1.190
35.003,63.863,7558.54,0.957,1.23E-05,61.86440678,30.50847458,7.627118644,0,0,0,1.224
34.976,63.220,7410.82,0.955,1.26E-05,63.1147541,29.50819672,7.37704918,0,0,0,1.254
34.908,64.713,7807.87,0.960,1.17E-05,59.82142857,32.14285714,8.035714286,0,0,0,1.159
35.123,64.250,7656.51,0.959,1.20E-05,61.20689655,31.03448276,7.75862069,0,0,0,1.194
33.822,63.044,7470.59,0.955,1.24E-05,62.5,30,7.5,0,0,0,1.232
33.429,62.675,7345.77,0.955,1.27E-05,63.70967742,29.03225806,7.258064516,0,0,0,1.264
34.942,64.229,7729.94,0.959,1.20E-05,60.52631579,31.57894737,7.894736842,0,0,0,1.182
34.495,64.202,7574.52,0.958,1.23E-05,61.86440678,30.50847458,7.627118644,0,0,0,1.224
33.872,62.294,7435.52,0.955,1.26E-05,63.1147541,29.50819672,7.37704918,0,0,0,1.256
33.479,61.089,7278.01,0.953,1.29E-05,64.28571429,28.57142857,7.142857143,0,0,0,1.280
14.171,33.283,6840.41,0.914,9.32E-06,57.14285714,28.57142857,14.28571429,0,0,0,0.925
15.166,32.459,6181.85,0.910,1.18E-05,57.14285714,20.40816327,14.28571429,0,0,0.081632653,1.182
13.551,34.114,5530.18,0.906,1.30E-05,57.14285714,12.24489796,14.28571429,0,0,0.163265306,1.334
13.973,33.100,5134.07,0.901,1.37E-05,57.14285714,4.081632653,14.28571429,0,0,0.244897959,1.410
14.363,32.185,6457.35,0.912,1.08E-05,57.14285714,24.48979592,14.28571429,0,0,0.040816327,1.082
14.360,30.685,5902.13,0.907,1.27E-05,57.14285714,16.32653061,14.28571429,0,0,0.12244898,1.295
13.454,34.012,5293.8,0.903,1.34E-05,57.14285714,8.163265306,14.28571429,0,0,0.204081633,1.356
13.761,31.811,4953.37,0.898,1.41E-05,57.14285714,0,14.28571429,0,0,0.285714286,1.445
25.077,53.395,7909.4,0.961,1.12E-05,58.33333333,33.33333333,8.333333333,0,0,0,1.107
24.987,53.354,7622.96,0.958,1.15E-05,60.22727273,31.81818182,7.954545455,0,0,0,1.149
23.155,52.123,7476.25,0.954,1.19E-05,61.95652174,30.43478261,7.608695652,0,0,0,1.194
22.431,50.536,7258.34,0.953,1.22E-05,63.54166667,29.16666667,7.291666667,0,0,0,1.222
24.976,53.548,7771.35,0.960,1.13E-05,59.30232558,32.55813953,8.139534884,0,0,0,1.129
24.933,53.562,7513.98,0.957,1.16E-05,61.11111111,31.11111111,7.777777778,0,0,0,1.158
23.145,51.612,7380.08,0.952,1.21E-05,62.76595745,29.78723404,7.446808511,0,0,0,1.202
22.382,51.496,7167.36,0.951,1.23E-05,64.28571429,28.57142857,7.142857143,0,0,0,1.231
37.777,40.276,6567.68,0.946,1.09E-05,57.14285714,28.57142857,14.28571429,0,0,0,1.083
36.175,38.658,4970.07,0.935,1.53E-05,57.14285714,0,14.28571429,0,0,0.285714286,1.567
21.296,23.596,6644.83,0.919,9.55E-06,57.14285714,28.57142857,14.28571429,0,0,0,0.959
21.000,23.692,5760.1,0.914,1.16E-05,57.14285714,19.04761905,14.28571429,0,0,0.095238095,1.146
18.739,21.555,5434.39,0.907,1.37E-05,57.14285714,9.523809524,14.28571429,0,0,0.19047619,1.382
18.229,21.898,4984.66,0.902,1.41E-05,57.14285714,0,14.28571429,0,0,0.285714286,1.448
32.686,38.148,7853.42,0.961,1.15E-05,58.33333333,33.33333333,8.333333333,0,0,0,1.125
33.191,37.742,7575.52,0.958,1.18E-05,60.52631579,31.57894737,7.894736842,0,0,0,1.160
33.300,37.095,7263.74,0.955,1.22E-05,62.5,30,7.5,0,0,0,1.200
33.751,36.584,7033.38,0.952,1.25E-05,64.28571429,28.57142857,7.142857143,0,0,0,1.233
30.748,63.718,6558.62,0.949,1.12E-05,57.14285714,28.57142857,14.28571429,0,0,0,1.090
28.776,63.776,6301.18,0.948,1.21E-05,57.14285714,25.3968254,14.28571429,0,0,0.031746032,1.185
30.363,58.125,5644.12,0.946,1.34E-05,57.14285714,15.87301587,14.28571429,0,0,0.126984127,1.346
29.811,63.794,5485.36,0.944,1.42E-05,57.14285714,12.6984127,14.28571429,0,0,0.158730159,1.438
28.658,63.718,5846.52,0.946,1.32E-05,57.14285714,19.04761905,14.28571429,0,0,0.095238095,1.331
30.983,61.876,5367.19,0.943,1.46E-05,57.14285714,9.523809524,14.28571429,0,0,0.19047619,1.470
29.632,63.686,5233.5,0.943,1.50E-05,57.14285714,6.349206349,14.28571429,0,0,0.222222222,1.506
30.680,61.042,6081.77,0.947,1.27E-05,57.14285714,22.22222222,14.28571429,0,0,0.063492063,1.296
28.676,61.053,5842.27,0.946,1.35E-05,57.14285714,19.04761905,14.28571429,0,0,0.095238095,1.339
31.479,61.080,5337.85,0.944,1.43E-05,57.14285714,9.523809524,14.28571429,0,0,0.19047619,1.460
29.989,61.316,5202.39,0.943,1.47E-05,57.14285714,6.349206349,14.28571429,0,0,0.222222222,1.505
30.674,60.989,5684.3,0.945,1.42E-05,57.14285714,15.87301587,14.28571429,0,0,0.126984127,1.434
28.461,61.074,5516.2,0.944,1.42E-05,57.14285714,12.6984127,14.28571429,0,0,0.158730159,1.430
31.213,60.698,5119.57,0.942,1.52E-05,57.14285714,3.174603175,14.28571429,0,0,0.253968254,1.533
29.446,60.772,4981.44,0.941,1.54E-05,57.14285714,0,14.28571429,0,0,0.285714286,1.567
20.205,37.787,6619.13,0.925,9.82E-06,57.14285714,28.57142857,14.28571429,0,0,0,0.999
18.850,34.303,5443.37,0.914,1.38E-05,57.14285714,9.523809524,14.28571429,0,0,0.19047619,1.391
18.517,35.260,5887.34,0.921,1.20E-05,57.14285714,19.04761905,14.28571429,0,0,0.095238095,1.202
18.836,33.936,4938.18,0.911,1.45E-05,57.14285714,0,14.28571429,0,0,0.285714286,1.491
33.875,56.835,7950.93,0.964,1.17E-05,58.33333333,33.33333333,8.333333333,0,0,0,1.176
31.282,58.402,7268.7,0.958,1.25E-05,62.5,30,7.5,0,0,0,1.230
33.725,57.073,7663.89,0.962,1.20E-05,60.52631579,31.57894737,7.894736842,0,0,0,1.193
31.760,58.261,7032.53,0.955,1.29E-05,64.28571429,28.57142857,7.142857143,0,0,0,1.249
8.460,13.075,3515.88,0.758,2.82E-05,60,20,20,0,0,0,3.339
19.795,29.519,7069.54,0.919,9.93E-06,60,33.33333333,6.666666667,0,0,0,0.987
19.817,29.561,6809.68,0.918,9.30E-06,57.14285714,28.57142857,14.28571429,0,0,0,0.921
27.868,40.726,8604.51,0.954,1.05E-05,64.70588235,29.41176471,5.882352941,0,0,0,1.037
14.955,23.288,6209.47,0.882,9.52E-06,56.75675676,32.43243243,10.81081081,0,0,0,0.949
8.460,13.084,3520.76,0.756,2.82E-05,60,20,20,0,0,0,3.329
19.792,29.524,7076.76,0.918,9.94E-06,60,33.33333333,6.666666667,0,0,0,0.982
19.820,29.565,6826.94,0.919,9.31E-06,57.14285714,28.57142857,14.28571429,0,0,0,0.912
27.867,40.720,8588.03,0.953,1.05E-05,64.70588235,29.41176471,5.882352941,0,0,0,1.043
14.949,23.289,6206.78,0.882,9.56E-06,56.75675676,32.43243243,10.81081081,0,0,0,0.940
20.452,29.697,6667.23,0.918,9.51E-06,57.14285714,28.57142857,14.28571429,0,0,0,0.940
17.895,29.927,5907.48,0.912,1.16E-05,57.14285714,19.04761905,14.28571429,0,0,0.095238095,1.157
19.384,27.273,5380.46,0.906,1.35E-05,57.14285714,9.523809524,14.28571429,0,0,0.19047619,1.389
17.741,27.275,5026.33,0.902,1.43E-05,57.14285714,0,14.28571429,0,0,0.285714286,1.468
32.343,47.260,7850.79,0.959,1.16E-05,58.33333333,33.33333333,8.333333333,0,0,0,1.157
32.871,46.799,7582.81,0.957,1.19E-05,60.52631579,31.57894737,7.894736842,0,0,0,1.191
31.659,46.342,7256.13,0.954,1.21E-05,62.5,30,7.5,0,0,0,1.220
31.936,45.781,7061.29,0.952,1.25E-05,64.28571429,28.57142857,7.142857143,0,0,0,1.254
50.505,59.723,6541.63,0.959,1.22E-05,57.14285714,28.57142857,14.28571429,0,0,0,1.223
54.442,67.223,4930.66,0.956,1.70E-05,57.14285714,0,14.28571429,0,0,0.285714286,1.748
38.243,50.091,6577.53,0.949,1.10E-05,57.14285714,28.57142857,14.28571429,0,0,0,1.106
38.053,50.148,6250.51,0.947,1.21E-05,57.14285714,25.3968254,14.28571429,0,0,0.031746032,1.220
34.837,49.446,5654.58,0.944,1.32E-05,57.14285714,15.87301587,14.28571429,0,0,0.126984127,1.322
34.640,50.101,5572.41,0.942,1.41E-05,57.14285714,12.6984127,14.28571429,0,0,0.158730159,1.405
37.033,49.503,6068.93,0.946,1.27E-05,57.14285714,22.22222222,14.28571429,0,0,0.063492063,1.260
36.887,49.661,5806.69,0.946,1.31E-05,57.14285714,19.04761905,14.28571429,0,0,0.095238095,1.327
34.908,48.948,5404.8,0.943,1.43E-05,57.14285714,9.523809524,14.28571429,0,0,0.19047619,1.404
34.550,49.732,5242.4,0.941,1.50E-05,57.14285714,6.349206349,14.28571429,0,0,0.222222222,1.492
38.153,47.221,6071.37,0.947,1.27E-05,57.14285714,22.22222222,14.28571429,0,0,0.063492063,1.279
37.977,47.701,5796.06,0.945,1.36E-05,57.14285714,19.04761905,14.28571429,0,0,0.095238095,1.386
35.162,47.244,5330.2,0.942,1.39E-05,57.14285714,9.523809524,14.28571429,0,0,0.19047619,1.387
34.414,47.118,5196.96,0.941,1.45E-05,57.14285714,6.349206349,14.28571429,0,0,0.222222222,1.474
36.819,47.565,5666.19,0.945,1.42E-05,57.14285714,15.87301587,14.28571429,0,0,0.126984127,1.419
36.708,47.264,5435.88,0.943,1.43E-05,57.14285714,12.6984127,14.28571429,0,0,0.158730159,1.425
34.668,47.189,5108.36,0.941,1.50E-05,57.14285714,3.174603175,14.28571429,0,0,0.253968254,1.524
34.400,47.170,4971.34,0.938,1.53E-05,57.14285714,0,14.28571429,0,0,0.285714286,1.531
44.783,57.546,6569.18,0.956,1.16E-05,57.14285714,28.57142857,14.28571429,0,0,0,1.144
41.908,54.373,5000.71,0.947,1.59E-05,57.14285714,0,14.28571429,0,0,0.285714286,1.592
20.453,29.688,6629.89,0.918,9.54E-06,57.14285714,28.57142857,14.28571429,0,0,0,0.969
18.745,29.878,5890.43,0.914,1.16E-05,57.14285714,19.04761905,14.28571429,0,0,0.095238095,1.175
19.467,27.274,5380.08,0.906,1.35E-05,57.14285714,9.523809524,14.28571429,0,0,0.19047619,1.380
18.041,27.276,4961.26,0.902,1.43E-05,57.14285714,0,14.28571429,0,0,0.285714286,1.499
32.367,47.264,7848.77,0.961,1.16E-05,58.33333333,33.33333333,8.333333333,0,0,0,1.168
32.886,46.704,7554.63,0.958,1.19E-05,60.52631579,31.57894737,7.894736842,0,0,0,1.204
31.673,46.338,7256.3,0.955,1.22E-05,62.5,30,7.5,0,0,0,1.236
31.970,45.740,7052.43,0.952,1.25E-05,64.28571429,28.57142857,7.142857143,0,0,0,1.282
17.892,21.524,6775.83,0.913,9.60E-06,57.14285714,28.57142857,14.28571429,0,0,0,0.988
16.342,20.570,5554.49,0.906,1.47E-05,57.14285714,9.523809524,14.28571429,0,0,0.19047619,1.493
17.646,20.754,6003.95,0.909,1.21E-05,57.14285714,19.04761905,14.28571429,0,0,0.095238095,1.225
15.910,20.691,5105.83,0.901,1.49E-05,57.14285714,0,14.28571429,0,0,0.285714286,1.483
28.713,35.066,8028.99,0.960,1.11E-05,58.33333333,33.33333333,8.333333333,0,0,0,1.113
28.167,33.683,7316.65,0.953,1.20E-05,62.5,30,7.5,0,0,0,1.195
28.902,35.213,7708.79,0.957,1.16E-05,60.52631579,31.57894737,7.894736842,0,0,0,1.144
28.292,33.120,7072.09,0.950,1.25E-05,64.28571429,28.57142857,7.142857143,0,0,0,1.229
7.868,7.968,1007.31,0.510,1.45E-05,57.14285714,28.57142857,14.28571429,0,0,0,1.538
7.096,7.564,766.843,0.479,1.08E-04,57.14285714,19.04761905,14.28571429,0,0,0.095238095,3.347
14.018,21.121,5379.91,0.898,1.40E-05,57.14285714,9.523809524,14.28571429,0,0,0.19047619,1.440
13.775,21.290,5009.83,0.894,1.45E-05,57.14285714,0,14.28571429,0,0,0.285714286,1.502
24.244,34.768,7990.28,0.955,1.08E-05,58.33333333,33.33333333,8.333333333,0,0,0,1.094
23.812,34.145,7664.56,0.951,1.12E-05,60.52631579,31.57894737,7.894736842,0,0,0,1.121
12.349,12.622,1387.92,0.595,5.06E-06,62.5,30,7.5,0,0,0,0.514
11.764,11.906,1206.19,0.569,3.94E-06,64.28571429,28.57142857,7.142857143,0,0,0,0.407
29.123,29.287,1784.24,0.767,5.05E-06,57.14285714,23.80952381,9.523809524,9.523809524,0,0,0.511
15.776,19.338,6851.32,0.910,9.10E-06,57.14285714,28.57142857,14.28571429,0,0,0,0.927
14.655,18.845,4965.03,0.894,1.44E-05,57.14285714,0,14.28571429,0,0,0.285714286,1.462
27.991,33.011,7919.02,0.959,1.11E-05,58.33333333,33.33333333,8.333333333,0,0,0,1.116
25.391,30.305,7126.54,0.948,1.21E-05,64.28571429,28.57142857,7.142857143,0,0,0,1.205
12.895,26.503,6970.43,0.904,9.64E-06,59.45945946,32.43243243,8.108108108,0,0,0,0.988
12.781,26.461,6464.2,0.901,1.12E-05,59.45945946,27.02702703,8.108108108,0,0,0.054054054,1.165
12.872,25.690,6874.92,0.904,9.03E-06,57.14285714,28.57142857,14.28571429,0,0,0,0.922
12.766,25.543,6384.75,0.900,1.06E-05,57.14285714,22.85714286,14.28571429,0,0,0.057142857,1.088
13.342,27.305,6787.51,0.905,9.26E-06,57.14285714,28.57142857,14.28571429,0,0,0,0.948
11.324,24.310,5252.08,0.887,1.38E-05,57.14285714,5.714285714,14.28571429,0,0,0.228571429,1.451
12.488,27.275,6303.47,0.902,1.10E-05,57.14285714,22.85714286,14.28571429,0,0,0.057142857,1.118
10.894,24.478,5021.4,0.885,1.44E-05,57.14285714,0,14.28571429,0,0,0.285714286,1.531
20.591,40.589,7938.73,0.954,1.06E-05,58.33333333,33.33333333,8.333333333,0,0,0,1.070
22.136,42.567,7241.53,0.947,1.18E-05,63.23529412,29.41176471,7.352941176,0,0,0,1.187
20.726,41.397,7672.77,0.952,1.09E-05,59.67741935,32.25806452,8.064516129,0,0,0,1.095
22.022,42.523,7099.4,0.945,1.20E-05,64.28571429,28.57142857,7.142857143,0,0,0,1.223
11.384,22.503,6093.01,0.868,1.05E-05,58.53658537,31.70731707,9.756097561,0,0,0,1.064
6.512,13.837,5040.82,0.770,2.10E-05,60,32,8,0,0,0,2.229
19.467,19.670,7127.02,0.914,9.74E-06,60,33.33333333,6.666666667,0,0,0,0.983
19.171,19.466,6983.14,0.913,9.05E-06,57.14285714,28.57142857,14.28571429,0,0,0,0.923
26.621,27.669,8619.44,0.952,1.01E-05,64.70588235,29.41176471,5.882352941,0,0,0,1.024
15.084,15.637,6097.35,0.873,9.41E-06,56.75675676,32.43243243,10.81081081,0,0,0,0.970
20.025,21.000,6940.15,0.917,9.68E-06,58.33333333,31.25,10.41666667,0,0,0,0.984
18.731,19.618,7083.11,0.914,9.78E-06,60,33.33333333,6.666666667,0,0,0,0.995
18.158,19.228,7029.19,0.912,9.31E-06,58.13953488,30.23255814,11.62790698,0,0,0,0.946
18.815,19.697,7004.43,0.914,9.51E-06,59.09090909,31.81818182,9.090909091,0,0,0,0.971
18.173,19.256,6949.52,0.913,9.06E-06,57.14285714,28.57142857,14.28571429,0,0,0,0.920
26.096,27.222,8595.99,0.952,1.01E-05,64.70588235,29.41176471,5.882352941,0,0,0,1.008
14.215,14.900,6291.34,0.873,8.89E-06,56.75675676,32.43243243,10.81081081,0,0,0,0.918
19.072,19.478,6857.51,0.912,9.06E-06,57.14285714,28.57142857,14.28571429,0,0,0,0.918
17.843,19.129,5437.16,0.902,1.30E-05,57.14285714,9.523809524,14.28571429,0,0,0.19047619,1.355
17.751,18.513,6066.98,0.906,1.20E-05,57.14285714,19.04761905,14.28571429,0,0,0.095238095,1.243
17.171,18.496,5010.55,0.895,1.41E-05,57.14285714,0,14.28571429,0,0,0.285714286,1.461
30.584,32.151,8055.2,0.958,1.08E-05,58.33333333,33.33333333,8.333333333,0,0,0,1.074
30.103,30.472,7396.04,0.953,1.18E-05,62.5,30,7.5,0,0,0,1.201
30.582,32.322,7747.89,0.955,1.12E-05,60.52631579,31.57894737,7.894736842,0,0,0,1.125
30.172,30.627,7178.96,0.950,1.21E-05,64.28571429,28.57142857,7.142857143,0,0,0,1.219
23.161,23.222,845.751,0.615,1.34E-03,57.14285714,9.523809524,14.28571429,0,0,0.19047619,2.331
21.203,21.464,994.566,0.619,4.31E-05,57.14285714,19.04761905,14.28571429,0,0,0.095238095,1.302
21.615,22.106,5235.58,0.892,1.51E-05,57.14285714,9.523809524,14.28571429,0,0,0.19047619,1.515
22.659,22.823,932.647,0.640,1.34E-03,57.14285714,0,14.28571429,0,0,0.285714286,2.292
28.920,32.693,7999.31,0.963,1.22E-05,58.33333333,33.33333333,8.333333333,0,0,0,1.240
37.407,37.517,7705.08,0.925,1.03E-05,60.52631579,31.57894737,7.894736842,0,0,0,1.038
28.910,33.017,7691.47,0.960,1.23E-05,60.52631579,31.57894737,7.894736842,0,0,0,1.246
35.834,36.081,7402.47,0.917,1.07E-05,62.5,30,7.5,0,0,0,1.099
14.143,18.685,5082.12,0.899,3.38E-05,57.14285714,0,14.28571429,0,0,0.285714286,2.205
26.055,34.068,8001.51,0.958,1.18E-05,58.33333333,33.33333333,8.333333333,0,0,0,1.192
20.707,21.865,5941.53,0.915,1.29E-05,57.14285714,19.04761905,14.28571429,0,0,0.095238095,1.319
19.397,21.228,5329.14,0.910,1.32E-05,57.14285714,9.523809524,14.28571429,0,0,0.19047619,1.323
21.125,22.087,5908.32,0.923,1.33E-05,57.14285714,19.04761905,14.28571429,0,0,0.095238095,1.357
20.412,21.562,5501.78,0.918,3.74E-05,57.14285714,9.523809524,14.28571429,0,0,0.19047619,2.180
19.916,22.885,5429.15,0.920,1.40E-05,57.14285714,9.523809524,14.28571429,0,0,0.19047619,1.392
19.091,21.272,4962.19,0.914,3.28E-05,57.14285714,0,14.28571429,0,0,0.285714286,1.931
36.760,38.323,7969.9,0.965,1.24E-05,58.33333333,33.33333333,8.333333333,0,0,0,1.252
33.225,37.027,7565.99,0.962,1.31E-05,60.52631579,31.57894737,7.894736842,0,0,0,1.317
36.634,38.209,7640.79,0.963,1.27E-05,60.52631579,31.57894737,7.894736842,0,0,0,1.275
33.370,36.288,7341.32,0.960,1.33E-05,62.5,30,7.5,0,0,0,1.336
34.706,36.677,7597.88,0.963,1.28E-05,60.52631579,31.57894737,7.894736842,0,0,0,1.277
31.636,33.622,7221.58,0.953,1.33E-05,62.5,30,7.5,0,0,0,1.356
34.324,36.373,7319.25,0.960,1.30E-05,62.5,30,7.5,0,0,0,1.312
32.171,33.480,7036.78,0.951,1.37E-05,64.28571429,28.57142857,7.142857143,0,0,0,1.382
14.220,18.350,5466.19,0.901,3.82E-05,57.14285714,9.523809524,14.28571429,0,0,0.19047619,2.091
13.869,16.546,5246.39,0.894,3.50E-05,57.14285714,4.761904762,14.28571429,0,0,0.238095238,1.965
13.994,17.681,5936.2,0.904,1.16E-05,57.14285714,19.04761905,14.28571429,0,0,0.095238095,1.187
14.614,16.739,5264.51,0.897,3.72E-05,57.14285714,4.761904762,14.28571429,0,0,0.238095238,2.138
13.746,17.109,5145.82,0.894,3.60E-05,57.14285714,0,14.28571429,0,0,0.285714286,2.011
25.143,27.851,7881.9,0.958,1.11E-05,58.33333333,33.33333333,8.333333333,0,0,0,1.111
23.828,27.835,7760.79,0.958,1.13E-05,59.45945946,32.43243243,8.108108108,0,0,0,1.123
24.696,27.205,7320.77,0.952,1.25E-05,62.5,30,7.5,0,0,0,1.240
23.637,27.746,7155.35,0.949,1.26E-05,63.41463415,29.26829268,7.317073171,0,0,0,1.239
25.053,27.645,7734.77,0.957,1.13E-05,59.45945946,32.43243243,8.108108108,0,0,0,1.129
23.751,27.556,7593.7,0.956,1.15E-05,60.52631579,31.57894737,7.894736842,0,0,0,1.152
24.317,28.433,7176.61,0.949,1.26E-05,63.41463415,29.26829268,7.317073171,0,0,0,1.231
22.948,27.287,7067.33,0.947,1.27E-05,64.28571429,28.57142857,7.142857143,0,0,0,1.234
17.305,19.876,6748.67,0.914,9.34E-06,57.14285714,28.57142857,14.28571429,0,0,0,0.948
16.793,21.979,5058.84,0.910,2.40E-05,57.14285714,0,14.28571429,0,0,0.285714286,1.685
26.231,37.600,7925.74,0.962,1.16E-05,58.33333333,33.33333333,8.333333333,0,0,0,1.173
27.269,31.977,7114.17,0.949,1.25E-05,64.28571429,28.57142857,7.142857143,0,0,0,1.270
19.316,22.824,6756.49,0.923,9.47E-06,57.14285714,28.57142857,14.28571429,0,0,0,0.961
16.807,21.212,5012.21,0.909,2.43E-05,57.14285714,0,14.28571429,0,0,0.285714286,1.701
30.538,36.806,7933,0.965,1.16E-05,58.33333333,33.33333333,8.333333333,0,0,0,1.180
26.464,33.649,7115.67,0.953,1.27E-05,64.28571429,28.57142857,7.142857143,0,0,0,1.260
29.136,51.802,5968.32,0.949,1.44E-05,57.14285714,19.04761905,14.28571429,0,0,0.095238095,1.396
26.849,54.995,6048.33,0.951,1.39E-05,57.14285714,19.04761905,14.28571429,0,0,0.095238095,1.363
26.600,52.883,5404.46,0.948,1.41E-05,57.14285714,9.523809524,14.28571429,0,0,0.19047619,1.408
29.215,50.844,6085.76,0.949,1.91E-05,57.14285714,19.04761905,14.28571429,0,0,0.095238095,1.608
28.524,50.005,5387.53,0.944,1.47E-05,57.14285714,9.523809524,14.28571429,0,0,0.19047619,1.463
28.865,53.357,5529.19,0.948,3.79E-05,57.14285714,9.523809524,14.28571429,0,0,0.19047619,2.155
26.646,51.404,5084.78,0.944,3.49E-05,57.14285714,0,14.28571429,0,0,0.285714286,2.048
27.720,53.285,6698.38,0.945,1.06E-05,57.14285714,28.57142857,14.28571429,0,0,0,1.047
24.283,53.257,5979.11,0.940,2.75E-05,57.14285714,19.04761905,14.28571429,0,0,0.095238095,1.686
27.638,52.420,5901.42,0.941,1.22E-05,57.14285714,19.04761905,14.28571429,0,0,0.095238095,1.198
25.365,53.160,5407.05,0.937,2.48E-05,57.14285714,9.523809524,14.28571429,0,0,0.19047619,1.694
27.807,50.807,5996.41,0.941,1.26E-05,57.14285714,19.04761905,14.28571429,0,0,0.095238095,1.237
25.075,50.551,5521.56,0.937,2.55E-05,57.14285714,9.523809524,14.28571429,0,0,0.19047619,1.737
27.787,49.233,5366.38,0.937,1.35E-05,57.14285714,9.523809524,14.28571429,0,0,0.19047619,1.350
24.695,50.248,5030.79,0.933,2.43E-05,57.14285714,0,14.28571429,0,0,0.285714286,1.756
42.455,81.969,7317.62,0.969,1.45E-05,62.5,30,7.5,0,0,0,1.424
42.607,81.975,7268.65,0.970,1.45E-05,62.5,30,7.5,0,0,0,1.432
44.121,81.841,7322.54,0.969,1.42E-05,62.5,30,7.5,0,0,0,1.394
42.367,81.295,7088.3,0.968,1.46E-05,64.28571429,28.57142857,7.142857143,0,0,0,1.441
8.042,12.659,2296.55,0.711,1.30E-04,57.14285714,0,14.28571429,0,0,0.285714286,6.029
18.542,22.996,4787.08,0.853,1.14E-05,60.52631579,31.57894737,7.894736842,0,0,0,1.135
36.490,47.053,6660.02,0.940,1.06E-05,57.14285714,28.57142857,14.28571429,0,0,0,1.056
36.507,47.041,6391.18,0.939,1.19E-05,57.14285714,25.3968254,14.28571429,0,0,0.031746032,1.192
33.414,46.695,5771.25,0.935,1.34E-05,57.14285714,15.87301587,14.28571429,0,0,0.126984127,1.353
33.391,46.944,5587.08,0.933,1.42E-05,57.14285714,12.6984127,14.28571429,0,0,0.158730159,1.459
36.675,45.105,6142.98,0.938,1.25E-05,57.14285714,22.22222222,14.28571429,0,0,0.063492063,1.251
36.714,45.099,5923.06,0.937,1.33E-05,57.14285714,19.04761905,14.28571429,0,0,0.095238095,1.343
33.510,45.468,5430.14,0.933,1.41E-05,57.14285714,9.523809524,14.28571429,0,0,0.19047619,1.448
33.475,45.564,5292.05,0.931,1.48E-05,57.14285714,6.349206349,14.28571429,0,0,0.222222222,1.532
37.126,48.339,6006.56,0.939,1.26E-05,57.14285714,22.22222222,14.28571429,0,0,0.063492063,1.276
37.116,48.287,5791.59,0.937,1.30E-05,57.14285714,19.04761905,14.28571429,0,0,0.095238095,1.338
33.761,47.171,5345.99,0.934,1.46E-05,57.14285714,9.523809524,14.28571429,0,0,0.19047619,1.491
33.813,47.112,5176.1,0.933,1.52E-05,57.14285714,6.349206349,14.28571429,0,0,0.222222222,1.552
36.270,46.383,5681.69,0.937,1.53E-05,57.14285714,15.87301587,14.28571429,0,0,0.126984127,1.530
36.055,46.235,5491.18,0.935,1.52E-05,57.14285714,12.6984127,14.28571429,0,0,0.158730159,1.557
33.778,46.306,5126.33,0.932,1.52E-05,57.14285714,3.174603175,14.28571429,0,0,0.253968254,1.563
33.694,46.259,4991.41,0.929,1.56E-05,57.14285714,0,14.28571429,0,0,0.285714286,1.609
28.440,45.113,6693.65,0.931,1.05E-05,57.14285714,28.57142857,14.28571429,0,0,0,1.064
25.908,44.981,6286.92,0.929,1.17E-05,57.14285714,23.80952381,14.28571429,0,0,0.047619048,1.206
24.797,43.719,5447.36,0.921,1.46E-05,57.14285714,9.523809524,14.28571429,0,0,0.19047619,1.462
23.588,43.732,5188.79,0.919,1.44E-05,57.14285714,4.761904762,14.28571429,0,0,0.238095238,1.438
28.130,43.069,6274.98,0.930,1.22E-05,57.14285714,23.80952381,14.28571429,0,0,0.047619048,1.244
26.124,43.071,5936.21,0.928,1.30E-05,57.14285714,19.04761905,14.28571429,0,0,0.095238095,1.334
24.681,41.852,5191.88,0.919,1.55E-05,57.14285714,4.761904762,14.28571429,0,0,0.238095238,1.564
23.757,42.055,4944.88,0.917,1.54E-05,57.14285714,0,14.28571429,0,0,0.285714286,1.569
43.289,68.751,7850.43,0.965,1.27E-05,58.33333333,33.33333333,8.333333333,0,0,0,1.265
43.545,68.602,7663.89,0.964,1.28E-05,59.45945946,32.43243243,8.108108108,0,0,0,1.283
44.322,69.334,7297.91,0.961,1.34E-05,62.5,30,7.5,0,0,0,1.330
44.142,69.159,7187.44,0.961,1.36E-05,63.41463415,29.26829268,7.317073171,0,0,0,1.324
43.212,68.603,7683.57,0.964,1.28E-05,59.45945946,32.43243243,8.108108108,0,0,0,1.275
43.430,69.046,7519.13,0.963,1.29E-05,60.52631579,31.57894737,7.894736842,0,0,0,1.280
44.269,69.611,7173.88,0.960,1.36E-05,63.41463415,29.26829268,7.317073171,0,0,0,1.342
44.165,69.507,7041.73,0.959,1.37E-05,64.28571429,28.57142857,7.142857143,0,0,0,1.341
14.305,15.051,4949.73,0.802,1.38E-05,59.18367347,32.65306122,8.163265306,0,0,0,1.436
15.360,16.668,5341.97,0.819,1.20E-05,57.14285714,32.65306122,8.163265306,0,0.020408163,0,1.270
22.239,44.029,5570.68,0.936,2.94E-05,57.14285714,9.523809524,14.28571429,0,0,0.19047619,2.269
21.358,42.240,5097.43,0.932,3.37E-05,57.14285714,0,14.28571429,0,0,0.285714286,2.159
34.002,67.723,7677.65,0.970,1.42E-05,60.52631579,31.57894737,7.894736842,0,0,0,1.371
30.542,45.902,6058.05,0.950,1.44E-05,57.14285714,19.04761905,14.28571429,0,0,0.095238095,1.466
26.662,42.482,5387.25,0.944,1.43E-05,57.14285714,9.523809524,14.28571429,0,0,0.19047619,1.435
28.562,42.513,5462.01,0.944,3.06E-05,57.14285714,9.523809524,14.28571429,0,0,0.19047619,1.963
28.524,43.410,5042.69,0.942,3.04E-05,57.14285714,0,14.28571429,0,0,0.285714286,1.967
15.605,21.562,6347.45,0.888,1.17E-05,57.14285714,28.57142857,14.28571429,0,0,0,1.155
12.912,21.061,5267.22,0.859,2.22E-05,57.14285714,22.22222222,14.28571429,0,0,0.063492063,2.097
17.075,22.042,6157.15,0.889,1.28E-05,57.14285714,22.22222222,14.28571429,0,0,0.063492063,1.346
15.007,20.531,5468.96,0.880,1.90E-05,57.14285714,15.87301587,14.28571429,0,0,0.126984127,1.817
17.117,22.451,5660.86,0.889,1.52E-05,57.14285714,15.87301587,14.28571429,0,0,0.126984127,1.592
16.487,21.785,5319.51,0.884,1.79E-05,57.14285714,9.523809524,14.28571429,0,0,0.19047619,1.852
17.219,21.250,5300.31,0.883,1.63E-05,57.14285714,9.523809524,14.28571429,0,0,0.19047619,1.658
14.637,18.696,4859.05,0.874,2.38E-05,57.14285714,3.174603175,14.28571429,0,0,0.253968254,2.132
14.282,20.725,5661.73,0.866,1.57E-05,57.14285714,25.3968254,14.28571429,0,0,0.031746032,1.545
15.101,20.476,5492.75,0.879,1.64E-05,57.14285714,19.04761905,14.28571429,0,0,0.095238095,1.654
10.794,23.501,5263.62,0.859,2.33E-05,57.14285714,19.04761905,14.28571429,0,0,0.095238095,2.143
15.610,19.892,5242.7,0.878,1.95E-05,57.14285714,12.6984127,14.28571429,0,0,0.158730159,1.923
15.109,20.287,5178.52,0.871,2.55E-05,57.14285714,12.6984127,14.28571429,0,0,0.158730159,1.967
10.828,21.884,4405.81,0.855,3.65E-05,57.14285714,6.349206349,14.28571429,0,0,0.222222222,2.657
13.123,19.184,4719.96,0.855,2.70E-05,57.14285714,6.349206349,14.28571429,0,0,0.222222222,2.274
16.280,21.351,4910.66,0.877,1.88E-05,57.14285714,0,14.28571429,0,0,0.285714286,1.930
25.524,31.339,7618.02,0.943,1.06E-05,58.33333333,33.33333333,8.333333333,0,0,0,1.072
27.925,36.688,7656.76,0.944,1.09E-05,59.82142857,32.14285714,8.035714286,0,0,0,1.106
21.292,32.120,7306.31,0.937,1.07E-05,59.82142857,32.14285714,8.035714286,0,0,0,1.081
22.200,32.364,7107.28,0.933,1.11E-05,61.20689655,31.03448276,7.75862069,0,0,0,1.115
22.870,30.307,6920.13,0.932,1.18E-05,62.5,30,7.5,0,0,0,1.189
21.400,31.873,6924.34,0.928,1.15E-05,62.5,30,7.5,0,0,0,1.159
22.824,31.174,6752.55,0.928,1.20E-05,63.70967742,29.03225806,7.258064516,0,0,0,1.206
39.333,53.836,7766.49,0.963,1.21E-05,59.09090909,32.72727273,8.181818182,0,0,0,1.215
24.136,32.737,7345.78,0.940,1.12E-05,60.52631579,31.57894737,7.894736842,0,0,0,1.129
27.730,36.727,7592.32,0.946,1.11E-05,60.52631579,31.57894737,7.894736842,0,0,0,1.117
25.048,35.022,7244.21,0.940,1.17E-05,61.86440678,30.50847458,7.627118644,0,0,0,1.183
24.659,31.278,7137.93,0.939,1.18E-05,61.86440678,30.50847458,7.627118644,0,0,0,1.179
28.432,35.188,7190.79,0.942,1.21E-05,63.1147541,29.50819672,7.37704918,0,0,0,1.202
28.291,35.235,7213.62,0.941,1.19E-05,63.1147541,29.50819672,7.37704918,0,0,0,1.205
22.470,31.657,6657.91,0.926,1.25E-05,64.28571429,28.57142857,7.142857143,0,0,0,1.229
16.467,28.418,6838.96,0.905,9.74E-06,57.14285714,28.57142857,14.28571429,0,0,0,0.984
16.948,26.599,5051.49,0.887,1.84E-05,57.14285714,0,14.28571429,0,0,0.285714286,1.934
27.981,43.230,7901.55,0.955,1.09E-05,58.33333333,33.33333333,8.333333333,0,0,0,1.078
16.767,17.316,7126,0.907,8.88E-06,58.62068966,31.03448276,10.34482759,0,0,0,0.903
15.836,17.289,5918.86,0.898,1.31E-05,58.62068966,17.24137931,10.34482759,0,0,0.137931034,1.356
16.655,17.040,7028.28,0.907,8.78E-06,57.14285714,28.57142857,14.28571429,0,0,0,0.890
16.652,17.225,5750.07,0.899,1.24E-05,57.14285714,14.28571429,14.28571429,0,0,0.142857143,1.284
16.349,17.241,7116.62,0.907,8.57E-06,57.14285714,28.57142857,14.28571429,0,0,0,0.870
15.590,16.739,5693.68,0.899,1.30E-05,57.14285714,14.28571429,14.28571429,0,0,0.142857143,1.335
15.364,16.616,5779.77,0.898,1.26E-05,57.14285714,14.28571429,14.28571429,0,0,0.142857143,1.329
15.117,16.405,4943.48,0.890,1.35E-05,57.14285714,0,14.28571429,0,0,0.285714286,1.409
27.799,28.091,7908.23,0.956,1.09E-05,58.33333333,33.33333333,8.333333333,0,0,0,1.099
26.311,28.513,7549.39,0.951,1.14E-05,61.53846154,30.76923077,7.692307692,0,0,0,1.123
27.069,27.734,7600.6,0.950,1.13E-05,61.53846154,30.76923077,7.692307692,0,0,0,1.155
25.696,27.275,7322.75,0.946,1.20E-05,64.28571429,28.57142857,7.142857143,0,0,0,1.201
16.670,17.239,7266.08,0.910,9.22E-06,60,33.33333333,6.666666667,0,0,0,0.943
16.426,16.682,7085.87,0.910,8.85E-06,57.14285714,28.57142857,14.28571429,0,0,0,0.902
23.491,23.955,8674.58,0.950,1.00E-05,64.70588235,29.41176471,5.882352941,0,0,0,1.013
12.917,13.518,6302.18,0.869,8.48E-06,56.75675676,32.43243243,10.81081081,0,0,0,0.871
14.130,17.037,7035.75,0.899,9.40E-06,58.33333333,31.25,10.41666667,0,0,0,0.960
16.671,17.239,7280,0.910,9.22E-06,60,33.33333333,6.666666667,0,0,0,0.945
16.427,16.685,7102.3,0.910,8.85E-06,57.14285714,28.57142857,14.28571429,0,0,0,0.912
23.489,23.958,8663.03,0.950,1.00E-05,64.70588235,29.41176471,5.882352941,0,0,0,1.006
12.917,13.516,6295.56,0.869,8.47E-06,56.75675676,32.43243243,10.81081081,0,0,0,0.866
14.311,18.802,7073.54,0.904,9.39E-06,58.33333333,31.25,10.41666667,0,0,0,0.960
16.344,17.229,7099.7,0.910,8.59E-06,57.14285714,28.57142857,14.28571429,0,0,0,0.875
15.028,16.331,4947.15,0.891,1.36E-05,57.14285714,0,14.28571429,0,0,0.285714286,1.355
27.802,28.076,7939.88,0.957,1.09E-05,58.33333333,33.33333333,8.333333333,0,0,0,1.106
25.688,27.258,7258.03,0.948,1.20E-05,64.28571429,28.57142857,7.142857143,0,0,0,1.204
5.120,11.227,2865.77,0.705,1.30E-04,57.14285714,19.04761905,14.28571429,0,0,0.095238095,4.867
6.120,10.201,2289.55,0.690,2.05E-04,57.14285714,9.523809524,14.28571429,0,0,0.19047619,6.948
6.437,10.933,1874.8,0.671,2.64E-04,57.14285714,0,14.28571429,0,0,0.285714286,6.704
12.239,15.938,7259.17,0.871,1.09E-05,58.33333333,33.33333333,8.333333333,0,0,0,1.150
12.211,15.890,6330.97,0.862,1.33E-05,60.52631579,31.57894737,7.894736842,0,0,0,1.412
10.446,14.881,6206.2,0.850,1.37E-05,62.5,30,7.5,0,0,0,1.448
10.405,14.831,5662.91,0.842,1.76E-05,64.28571429,28.57142857,7.142857143,0,0,0,1.887
23.391,30.803,7617.4,0.945,8.88E-06,57.14285714,23.80952381,9.523809524,9.523809524,0,0,0.900
6.673,7.508,7104.64,0.818,1.28E-05,57.14285714,28.57142857,14.28571429,0,0,0,1.349
6.162,8.849,5031.48,0.781,3.10E-05,57.14285714,0,14.28571429,0,0,0.285714286,4.134
12.751,13.319,8030.06,0.913,8.58E-06,58.33333333,33.33333333,8.333333333,0,0,0,0.878
11.275,12.390,7309.29,0.894,1.06E-05,64.28571429,28.57142857,7.142857143,0,0,0,1.078
23.442,24.909,7621.28,0.961,1.04E-05,57.14285714,23.80952381,9.523809524,9.523809524,0,0,1.058
16.344,17.229,7099.7,0.910,8.59E-06,57.14285714,28.57142857,14.28571429,0,0,0,0.872
15.028,16.331,4947.15,0.891,1.36E-05,57.14285714,0,14.28571429,0,0,0.285714286,1.354
27.802,28.076,7939.88,0.957,1.09E-05,58.33333333,33.33333333,8.333333333,0,0,0,1.101
25.688,27.258,7258.03,0.948,1.20E-05,64.28571429,28.57142857,7.142857143,0,0,0,1.210
19.222,26.211,6675.85,0.922,1.13E-05,57.14285714,28.57142857,14.28571429,0,0,0,1.110
36.546,39.858,5088.92,0.941,3.17E-05,57.14285714,0,14.28571429,0,0,0.285714286,1.974
27.274,40.067,7032.04,0.952,1.32E-05,64.28571429,28.57142857,7.142857143,0,0,0,1.305
24.689,38.165,5060.87,0.930,3.46E-05,57.14285714,0,14.28571429,0,0,0.285714286,1.998
20.939,55.149,5055.97,0.931,3.49E-05,57.14285714,0,14.28571429,0,0,0.285714286,2.054
33.364,79.091,7071.66,0.964,1.46E-05,64.28571429,28.57142857,7.142857143,0,0,0,1.460
14.663,17.653,6990.08,0.904,8.71E-06,57.14285714,28.57142857,14.28571429,0,0,0,0.881
14.775,17.544,6516.21,0.901,1.08E-05,57.14285714,23.80952381,14.28571429,0,0,0.047619048,1.085
14.461,17.567,5407.03,0.892,1.39E-05,57.14285714,9.523809524,14.28571429,0,0,0.19047619,1.424
14.081,17.345,5122.89,0.890,1.35E-05,57.14285714,4.761904762,14.28571429,0,0,0.238095238,1.376
14.803,17.646,6466.04,0.902,1.06E-05,57.14285714,23.80952381,14.28571429,0,0,0.047619048,1.069
14.652,17.621,6100.21,0.899,1.17E-05,57.14285714,19.04761905,14.28571429,0,0,0.095238095,1.187
14.368,17.211,5153.18,0.889,1.40E-05,57.14285714,4.761904762,14.28571429,0,0,0.238095238,1.413
13.520,16.753,5030.61,0.886,1.40E-05,57.14285714,0,14.28571429,0,0,0.285714286,1.386
25.700,28.772,7870.92,0.954,1.08E-05,58.33333333,33.33333333,8.333333333,0,0,0,1.081
25.192,28.735,7757.42,0.953,1.10E-05,59.45945946,32.43243243,8.108108108,0,0,0,1.106
25.013,27.735,7397.42,0.948,1.15E-05,62.5,30,7.5,0,0,0,1.132
22.996,27.923,7343.11,0.947,1.17E-05,63.41463415,29.26829268,7.317073171,0,0,0,1.165
25.636,28.737,7768.46,0.953,1.10E-05,59.45945946,32.43243243,8.108108108,0,0,0,1.089
24.154,28.765,7649.66,0.951,1.12E-05,60.52631579,31.57894737,7.894736842,0,0,0,1.122
25.042,28.102,7314.94,0.946,1.17E-05,63.41463415,29.26829268,7.317073171,0,0,0,1.157
22.898,27.970,7249.99,0.945,1.19E-05,64.28571429,28.57142857,7.142857143,0,0,0,1.164
20.481,36.313,6946.51,0.932,9.87E-06,57.14285714,28.57142857,14.28571429,0,0,0,0.996
19.741,32.815,6435.2,0.928,1.13E-05,57.14285714,22.85714286,14.28571429,0,0,0.057142857,1.141
20.473,32.873,6880.1,0.929,1.07E-05,57.14285714,28.57142857,14.28571429,0,0,0,1.091
20.053,34.703,5275.51,0.921,1.76E-05,57.14285714,5.714285714,14.28571429,0,0,0.228571429,1.857
20.303,31.297,6387.29,0.924,1.21E-05,57.14285714,22.85714286,14.28571429,0,0,0.057142857,1.224
19.766,33.732,5044.29,0.917,1.73E-05,57.14285714,0,14.28571429,0,0,0.285714286,1.822
34.094,55.196,7943.87,0.967,1.24E-05,58.33333333,33.33333333,8.333333333,0,0,0,1.217
32.313,51.365,7341.41,0.960,1.35E-05,63.23529412,29.41176471,7.352941176,0,0,0,1.335
34.291,56.318,7756.85,0.966,1.26E-05,59.67741935,32.25806452,8.064516129,0,0,0,1.223
31.748,50.047,7201.99,0.958,1.36E-05,64.28571429,28.57142857,7.142857143,0,0,0,1.347
16.430,31.619,6054.92,0.897,1.09E-05,58.53658537,31.70731707,9.756097561,0,0,0,1.078
10.599,20.033,5153.03,0.828,1.95E-05,60,32,8,0,0,0,2.044
16.435,31.613,6060.12,0.896,1.09E-05,58.53658537,31.70731707,9.756097561,0,0,0,1.099
10.595,20.038,5182.46,0.827,1.96E-05,60,32,8,0,0,0,2.025
16.433,31.628,6041.9,0.897,1.09E-05,58.53658537,31.70731707,9.756097561,0,0,0,1.083
10.595,20.042,5163.94,0.828,1.95E-05,60,32,8,0,0,0,2.018
6.528,10.038,6026.34,0.771,4.71E-05,60,33.33333333,6.666666667,0,0,0,4.439
8.760,11.416,3934.41,0.773,1.67E-05,57.14285714,28.57142857,14.28571429,0,0,0,1.707
8.850,12.831,8759.48,0.875,9.55E-06,64.70588235,29.41176471,5.882352941,0,0,0,0.974
4.164,6.728,385.441,0.479,8.72E-05,56.75675676,32.43243243,10.81081081,0,0,0,2.359
6.576,9.253,6469.78,0.772,4.44E-05,60,33.33333333,6.666666667,0,0,0,4.350
8.851,12.755,8769.11,0.874,9.73E-06,64.70588235,29.41176471,5.882352941,0,0,0,0.996
6.590,8.130,947.972,0.495,1.64E-05,57.14285714,28.57142857,14.28571429,0,0,0,1.707
4.640,5.469,448.912,0.424,1.99E-04,57.14285714,9.523809524,14.28571429,0,0,0.19047619,2.544
8.047,12.178,3310.11,0.752,1.77E-05,57.14285714,19.04761905,14.28571429,0,0,0.095238095,1.877
6.606,10.435,2811.56,0.728,3.29E-05,57.14285714,0,14.28571429,0,0,0.285714286,3.376
6.837,9.176,6252.15,0.773,4.41E-05,60,33.33333333,6.666666667,0,0,0,4.308
9.657,12.713,8832.84,0.874,9.72E-06,64.70588235,29.41176471,5.882352941,0,0,0,1.022
5.185,6.555,1974.73,0.668,6.33E-05,56.75675676,32.43243243,10.81081081,0,0,0,3.802
6.823,9.177,6279.37,0.773,4.41E-05,60,33.33333333,6.666666667,0,0,0,4.305
9.658,12.713,8656.7,0.874,9.74E-06,64.70588235,29.41176471,5.882352941,0,0,0,1.010
5.198,6.557,1973.39,0.668,6.34E-05,56.75675676,32.43243243,10.81081081,0,0,0,3.810
8.031,8.355,982.641,0.510,1.20E-05,57.14285714,28.57142857,14.28571429,0,0,0,1.280
7.219,7.449,783.835,0.486,1.14E-04,57.14285714,19.04761905,14.28571429,0,0,0.095238095,3.784
6.550,6.779,561.028,0.438,1.05E-04,57.14285714,9.523809524,14.28571429,0,0,0.19047619,2.705
11.750,15.908,7839.61,0.891,9.29E-06,58.33333333,33.33333333,8.333333333,0,0,0,0.954
13.167,13.391,1535.6,0.618,5.40E-06,60.52631579,31.57894737,7.894736842,0,0,0,0.565
11.684,13.298,7288.28,0.875,1.13E-05,62.5,30,7.5,0,0,0,1.195
11.839,13.203,7099.09,0.867,1.22E-05,64.28571429,28.57142857,7.142857143,0,0,0,1.268
11.501,14.891,7059.84,0.885,9.57E-06,60,33.33333333,6.666666667,0,0,0,0.980
15.926,22.153,8763.44,0.937,8.86E-06,64.70588235,29.41176471,5.882352941,0,0,0,0.890
9.000,11.172,6232.1,0.832,1.03E-05,56.75675676,32.43243243,10.81081081,0,0,0,1.075
11.506,14.891,7032.08,0.885,9.58E-06,60,33.33333333,6.666666667,0,0,0,0.974
15.926,22.142,8785.17,0.935,8.85E-06,64.70588235,29.41176471,5.882352941,0,0,0,0.896
9.013,11.172,6211.11,0.831,1.03E-05,56.75675676,32.43243243,10.81081081,0,0,0,1.077
10.810,14.350,5803.85,0.873,1.19E-05,57.14285714,19.04761905,14.28571429,0,0,0.095238095,1.222
9.766,13.912,5075.77,0.861,1.46E-05,57.14285714,0,14.28571429,0,0,0.285714286,1.535
18.907,25.663,7888.62,0.945,1.00E-05,58.33333333,33.33333333,8.333333333,0,0,0,1.010
18.717,24.366,7220.32,0.937,1.09E-05,62.5,30,7.5,0,0,0,1.092
14.085,17.746,7498.24,0.919,8.10E-06,57.14285714,23.80952381,9.523809524,9.523809524,0,0,0.821
8.030,8.353,1016.95,0.513,1.20E-05,57.14285714,28.57142857,14.28571429,0,0,0,1.277
6.554,6.801,576.907,0.441,1.05E-04,57.14285714,9.523809524,14.28571429,0,0,0.19047619,2.715
7.251,7.452,805.101,0.488,1.13E-04,57.14285714,19.04761905,14.28571429,0,0,0.095238095,3.772
7.118,7.298,561.629,0.456,1.42E-05,57.14285714,0,14.28571429,0,0,0.285714286,1.374
11.684,15.916,7804.71,0.893,9.32E-06,58.33333333,33.33333333,8.333333333,0,0,0,0.956
11.587,13.297,7224.51,0.878,1.14E-05,62.5,30,7.5,0,0,0,1.192
12.413,15.579,7589.43,0.884,1.01E-05,60.52631579,31.57894737,7.894736842,0,0,0,1.041
12.117,12.198,1232.18,0.570,3.78E-06,64.28571429,28.57142857,7.142857143,0,0,0,0.402
23.806,30.063,7574.41,0.955,9.49E-06,57.14285714,23.80952381,9.523809524,9.523809524,0,0,0.973
11.315,14.562,6634.77,0.886,9.06E-06,57.14285714,28.57142857,14.28571429,0,0,0,0.932
11.346,13.605,5891.71,0.878,1.18E-05,57.14285714,19.04761905,14.28571429,0,0,0.095238095,1.228
9.990,13.287,5113.31,0.863,1.46E-05,57.14285714,0,14.28571429,0,0,0.285714286,1.504
16.661,17.709,7245.78,0.925,1.05E-05,62.5,30,7.5,0,0,0,1.070
11.187,14.746,5836.32,0.878,1.19E-05,57.14285714,19.04761905,14.28571429,0,0,0.095238095,1.242
9.994,13.279,5085.3,0.863,1.46E-05,57.14285714,0,14.28571429,0,0,0.285714286,1.506
18.845,25.387,7804.51,0.946,1.01E-05,58.33333333,33.33333333,8.333333333,0,0,0,1.014
18.736,24.495,7244.21,0.937,1.09E-05,62.5,30,7.5,0,0,0,1.105
21.369,22.704,5099.44,0.915,2.12E-05,57.14285714,0,14.28571429,0,0,0.285714286,1.677
35.000,37.612,8009.79,0.965,1.32E-05,58.33333333,33.33333333,8.333333333,0,0,0,1.316
55.039,56.079,6717.86,0.950,1.09E-05,57.14285714,28.57142857,14.28571429,0,0,0,1.113
51.863,52.946,6317.19,0.948,1.20E-05,57.14285714,24.48979592,14.28571429,0,0,0.040816327,1.213
52.397,52.792,5538.13,0.944,1.46E-05,57.14285714,12.24489796,14.28571429,0,0,0.163265306,1.521
52.153,52.677,5402.15,0.943,1.47E-05,57.14285714,8.163265306,14.28571429,0,0,0.204081633,1.511
55.169,56.332,5864.8,0.948,1.30E-05,57.14285714,20.40816327,14.28571429,0,0,0.081632653,1.324
52.915,53.804,5698.33,0.945,1.36E-05,57.14285714,16.32653061,14.28571429,0,0,0.12244898,1.404
53.287,53.825,5044,0.942,1.47E-05,57.14285714,4.081632653,14.28571429,0,0,0.244897959,1.508
52.769,53.747,4951.89,0.940,1.53E-05,57.14285714,0,14.28571429,0,0,0.285714286,1.537
15.063,32.460,7049.51,0.915,9.14E-06,57.14285714,28.57142857,14.28571429,0,0,0,0.932
14.978,31.725,6229.41,0.910,1.16E-05,57.14285714,19.78021978,14.28571429,0,0,0.087912088,1.189
15.063,29.807,6822.99,0.913,9.97E-06,57.14285714,26.37362637,14.28571429,0,0,0.021978022,1.023
14.806,30.432,6043.66,0.910,1.21E-05,57.14285714,17.58241758,14.28571429,0,0,0.10989011,1.222
14.767,32.035,5542.71,0.906,1.30E-05,57.14285714,10.98901099,14.28571429,0,0,0.175824176,1.331
14.347,31.801,5050.9,0.901,1.37E-05,57.14285714,2.197802198,14.28571429,0,0,0.263736264,1.422
15.157,30.334,5436.4,0.904,1.33E-05,57.14285714,8.791208791,14.28571429,0,0,0.197802198,1.363
13.724,30.513,4977.8,0.901,1.39E-05,57.14285714,0,14.28571429,0,0,0.285714286,1.442
24.837,51.244,8003.07,0.959,1.11E-05,58.33333333,33.33333333,8.333333333,0,0,0,1.117
24.604,49.947,7732.06,0.956,1.15E-05,60.36585366,31.70731707,7.926829268,0,0,0,1.165
24.800,51.568,7943.38,0.959,1.12E-05,58.86075949,32.91139241,8.227848101,0,0,0,1.125
24.832,50.178,7704.79,0.956,1.16E-05,60.84337349,31.3253012,7.831325301,0,0,0,1.165
24.116,50.968,7537.66,0.954,1.20E-05,62.20930233,30.23255814,7.558139535,0,0,0,1.219
23.945,49.935,7338.71,0.950,1.24E-05,63.88888889,28.88888889,7.222222222,0,0,0,1.256
24.059,51.281,7481.51,0.954,1.20E-05,62.64367816,29.88505747,7.471264368,0,0,0,1.200
23.888,49.870,7268.34,0.950,1.25E-05,64.28571429,28.57142857,7.142857143,0,0,0,1.250
15.150,25.960,6640.09,0.900,9.89E-06,57.14285714,28.57142857,14.28571429,0,0,0,1.023
15.123,25.574,6224.57,0.896,1.12E-05,57.14285714,23.80952381,14.28571429,0,0,0.047619048,1.149
17.216,24.277,5443.15,0.911,1.45E-05,57.14285714,9.523809524,14.28571429,0,0,0.19047619,1.503
17.644,24.096,5171.78,0.908,1.44E-05,57.14285714,4.761904762,14.28571429,0,0,0.238095238,1.479
13.783,25.971,6233.36,0.898,1.16E-05,57.14285714,23.80952381,14.28571429,0,0,0.047619048,1.205
13.802,25.457,5886.35,0.892,1.27E-05,57.14285714,19.04761905,14.28571429,0,0,0.095238095,1.307
16.145,24.883,5262.13,0.908,1.56E-05,57.14285714,4.761904762,14.28571429,0,0,0.238095238,1.666
16.930,24.041,4958.26,0.905,1.55E-05,57.14285714,0,14.28571429,0,0,0.285714286,1.649
27.330,46.116,7983.37,0.962,1.15E-05,58.33333333,33.33333333,8.333333333,0,0,0,1.162
27.199,46.110,7792.64,0.960,1.16E-05,59.45945946,32.43243243,8.108108108,0,0,0,1.167
24.207,38.438,7292.97,0.943,1.16E-05,62.5,30,7.5,0,0,0,1.157
24.336,38.218,7174.7,0.941,1.18E-05,63.41463415,29.26829268,7.317073171,0,0,0,1.189
27.500,45.794,7775.26,0.960,1.17E-05,59.45945946,32.43243243,8.108108108,0,0,0,1.170
27.323,45.828,7625.76,0.959,1.19E-05,60.52631579,31.57894737,7.894736842,0,0,0,1.212
24.279,38.321,7158.54,0.941,1.18E-05,63.41463415,29.26829268,7.317073171,0,0,0,1.186
24.150,41.533,7087.6,0.944,1.22E-05,64.28571429,28.57142857,7.142857143,0,0,0,1.228
19.296,31.059,5597.13,0.928,2.83E-05,57.14285714,9.523809524,14.28571429,0,0,0.19047619,2.215
18.946,31.283,5327.52,0.926,2.90E-05,57.14285714,4.761904762,14.28571429,0,0,0.238095238,2.108
18.425,31.030,5352.73,0.926,2.98E-05,57.14285714,4.761904762,14.28571429,0,0,0.238095238,2.172
18.333,31.197,5114.45,0.924,3.12E-05,57.14285714,0,14.28571429,0,0,0.285714286,2.069
33.098,51.379,7989.72,0.970,1.31E-05,58.33333333,33.33333333,8.333333333,0,0,0,1.323
33.017,51.533,7825.69,0.969,1.32E-05,59.45945946,32.43243243,8.108108108,0,0,0,1.347
13.881,32.612,5554.74,0.888,1.47E-05,63.41463415,29.26829268,7.317073171,0,0,0,1.448
33.176,51.371,7823.37,0.968,1.32E-05,59.45945946,32.43243243,8.108108108,0,0,0,1.324
32.814,51.059,7664.5,0.967,1.33E-05,60.52631579,31.57894737,7.894736842,0,0,0,1.344
27.930,31.433,6612.3,0.915,9.67E-06,57.14285714,28.57142857,14.28571429,0,0,0,0.981
26.966,29.064,6157.1,0.913,1.11E-05,57.14285714,23.80952381,14.28571429,0,0,0.047619048,1.150
26.012,28.513,5369.88,0.909,1.38E-05,57.14285714,9.523809524,14.28571429,0,0,0.19047619,1.410
25.512,28.439,5067.71,0.906,1.42E-05,57.14285714,4.761904762,14.28571429,0,0,0.238095238,1.478
26.609,31.210,6226.11,0.912,1.11E-05,57.14285714,23.80952381,14.28571429,0,0,0.047619048,1.136
26.218,28.775,5858.1,0.910,1.22E-05,57.14285714,19.04761905,14.28571429,0,0,0.095238095,1.277
21.843,27.670,5186.56,0.907,1.40E-05,57.14285714,4.761904762,14.28571429,0,0,0.238095238,1.454
24.684,28.900,4917.28,0.903,1.45E-05,57.14285714,0,14.28571429,0,0,0.285714286,1.512
41.176,48.404,7864.72,0.960,1.15E-05,58.33333333,33.33333333,8.333333333,0,0,0,1.163
42.340,48.845,7709.86,0.960,1.17E-05,59.45945946,32.43243243,8.108108108,0,0,0,1.189
43.595,48.063,7274.25,0.953,1.21E-05,62.5,30,7.5,0,0,0,1.212
42.905,47.829,7152.18,0.951,1.22E-05,63.41463415,29.26829268,7.317073171,0,0,0,1.232
44.138,49.350,7645.51,0.959,1.17E-05,59.45945946,32.43243243,8.108108108,0,0,0,1.182
42.037,49.101,7556.46,0.958,1.19E-05,60.52631579,31.57894737,7.894736842,0,0,0,1.200
43.517,48.078,7148.08,0.951,1.23E-05,63.41463415,29.26829268,7.317073171,0,0,0,1.219
43.009,48.006,7035.79,0.950,1.24E-05,64.28571429,28.57142857,7.142857143,0,0,0,1.256
14.099,16.129,6648,0.896,1.24E-05,57.14285714,23.80952381,14.28571429,0,0,0.047619048,1.244
13.568,15.685,5499.67,0.886,1.35E-05,57.14285714,9.523809524,14.28571429,0,0,0.19047619,1.393
13.589,14.983,5148.27,0.882,1.40E-05,57.14285714,4.761904762,14.28571429,0,0,0.238095238,1.455
13.967,15.651,6648.27,0.897,1.06E-05,57.14285714,23.80952381,14.28571429,0,0,0.047619048,1.065
13.981,16.174,6243.22,0.894,1.31E-05,57.14285714,19.04761905,14.28571429,0,0,0.095238095,1.314
13.095,15.906,5199.2,0.881,1.39E-05,57.14285714,4.761904762,14.28571429,0,0,0.238095238,1.436
13.687,14.726,4901.47,0.879,1.44E-05,57.14285714,0,14.28571429,0,0,0.285714286,1.510
24.528,25.272,8057.67,0.952,1.04E-05,58.33333333,33.33333333,8.333333333,0,0,0,1.052
23.924,25.157,7874.31,0.950,1.06E-05,59.45945946,32.43243243,8.108108108,0,0,0,1.073
22.673,25.811,7459.83,0.944,1.13E-05,62.5,30,7.5,0,0,0,1.149
22.544,24.853,7402.38,0.943,1.16E-05,63.41463415,29.26829268,7.317073171,0,0,0,1.170
24.279,25.867,7820.91,0.949,1.07E-05,59.45945946,32.43243243,8.108108108,0,0,0,1.079
23.697,26.085,7720.91,0.947,1.09E-05,60.52631579,31.57894737,7.894736842,0,0,0,1.103
22.432,25.611,7341.04,0.942,1.16E-05,63.41463415,29.26829268,7.317073171,0,0,0,1.181
22.602,24.707,7303.17,0.941,1.19E-05,64.28571429,28.57142857,7.142857143,0,0,0,1.205
9.054,9.080,1138.8,0.533,1.30E-05,60,33.33333333,6.666666667,0,0,0,1.547
8.848,8.878,1104.24,0.533,1.16E-05,57.14285714,28.57142857,14.28571429,0,0,0,1.341
11.581,12.009,1884.05,0.643,6.14E-06,64.70588235,29.41176471,5.882352941,0,0,0,0.644
10.867,12.218,5194.13,0.821,1.31E-05,58.33333333,31.25,10.41666667,0,0,0,1.356
9.051,9.082,1133.66,0.533,1.30E-05,60,33.33333333,6.666666667,0,0,0,1.551
8.843,8.870,1075.02,0.533,1.15E-05,57.14285714,28.57142857,14.28571429,0,0,0,1.338
11.579,12.010,1895.69,0.642,6.14E-06,64.70588235,29.41176471,5.882352941,0,0,0,0.640
10.129,12.045,5099.31,0.816,1.25E-05,58.33333333,31.25,10.41666667,0,0,0,1.287
9.857,10.222,7010.82,0.837,1.13E-05,57.14285714,28.57142857,14.28571429,0,0,0,1.184
7.808,8.179,753.824,0.481,9.20E-05,57.14285714,19.04761905,14.28571429,0,0,0.095238095,3.310
10.047,11.033,5115.53,0.824,3.16E-05,57.14285714,9.523809524,14.28571429,0,0,0.19047619,3.030
8.158,8.384,696.649,0.503,1.48E-05,57.14285714,0,14.28571429,0,0,0.285714286,1.863
17.382,18.043,7949.85,0.921,9.02E-06,58.33333333,33.33333333,8.333333333,0,0,0,0.920
17.496,18.832,7651.36,0.924,9.79E-06,60.52631579,31.57894737,7.894736842,0,0,0,0.999
14.712,15.614,7441.23,0.896,1.02E-05,62.5,30,7.5,0,0,0,1.047
15.705,16.347,7229.45,0.907,1.07E-05,64.28571429,28.57142857,7.142857143,0,0,0,1.088
29.997,31.011,7530.72,0.934,8.80E-06,57.14285714,23.80952381,9.523809524,9.523809524,0,0,0.889
8.206,8.246,954.723,0.504,1.15E-05,57.14285714,28.57142857,14.28571429,0,0,0,1.211
7.567,7.727,739.655,0.477,7.90E-05,57.14285714,19.04761905,14.28571429,0,0,0.095238095,3.491
7.607,7.688,631.5,0.470,7.16E-05,57.14285714,9.523809524,14.28571429,0,0,0.19047619,3.705
7.445,7.768,566.406,0.469,1.54E-05,57.14285714,0,14.28571429,0,0,0.285714286,1.568
15.783,15.799,1653.69,0.657,5.25E-06,58.33333333,33.33333333,8.333333333,0,0,0,0.543
15.366,15.463,1550.88,0.631,5.16E-06,60.52631579,31.57894737,7.894736842,0,0,0,0.531
13.322,13.351,1388.23,0.603,4.40E-06,62.5,30,7.5,0,0,0,0.458
12.849,13.025,1341.73,0.577,4.09E-06,64.28571429,28.57142857,7.142857143,0,0,0,0.422
9.857,10.223,7063.26,0.836,1.13E-05,57.14285714,28.57142857,14.28571429,0,0,0,1.195
7.782,8.149,755.859,0.479,9.19E-05,57.14285714,19.04761905,14.28571429,0,0,0.095238095,3.306
10.172,11.727,5373.97,0.830,3.23E-05,57.14285714,9.523809524,14.28571429,0,0,0.19047619,3.180
8.155,8.400,704.138,0.503,1.52E-05,57.14285714,0,14.28571429,0,0,0.285714286,1.885
17.384,18.049,7955.84,0.921,9.03E-06,58.33333333,33.33333333,8.333333333,0,0,0,0.923
17.497,18.834,7667.77,0.924,9.78E-06,60.52631579,31.57894737,7.894736842,0,0,0,0.990
14.744,15.670,7471.2,0.896,1.01E-05,62.5,30,7.5,0,0,0,1.035
15.714,16.360,7270.6,0.906,1.07E-05,64.28571429,28.57142857,7.142857143,0,0,0,1.088
29.608,33.474,7584.64,0.966,1.09E-05,57.14285714,23.80952381,9.523809524,9.523809524,0,0,1.090
16.134,16.947,6799.69,0.904,9.05E-06,57.14285714,28.57142857,14.28571429,0,0,0,0.916
15.808,16.400,5959.43,0.897,1.18E-05,57.14285714,19.04761905,14.28571429,0,0,0.095238095,1.196
15.106,16.623,6016.05,0.897,1.17E-05,57.14285714,19.04761905,14.28571429,0,0,0.095238095,1.202
14.573,16.422,5385.32,0.890,1.28E-05,57.14285714,9.523809524,14.28571429,0,0,0.19047619,1.321
14.403,16.779,6022.97,0.898,1.17E-05,57.14285714,19.04761905,14.28571429,0,0,0.095238095,1.202
14.061,16.669,5454.76,0.892,1.34E-05,57.14285714,9.523809524,14.28571429,0,0,0.19047619,1.380
13.984,16.195,5472.16,0.892,1.31E-05,57.14285714,9.523809524,14.28571429,0,0,0.19047619,1.348
13.533,15.672,4946.51,0.886,1.38E-05,57.14285714,0,14.28571429,0,0,0.285714286,1.420
25.532,26.828,7943.07,0.954,1.06E-05,58.33333333,33.33333333,8.333333333,0,0,0,1.057
26.205,27.421,7565.77,0.951,1.12E-05,60.52631579,31.57894737,7.894736842,0,0,0,1.131
24.738,27.176,7700.72,0.951,1.10E-05,60.52631579,31.57894737,7.894736842,0,0,0,1.118
25.934,26.951,7359.11,0.948,1.17E-05,62.5,30,7.5,0,0,0,1.177
25.381,26.575,7701.41,0.951,1.09E-05,60.52631579,31.57894737,7.894736842,0,0,0,1.100
26.384,27.356,7400.75,0.948,1.15E-05,62.5,30,7.5,0,0,0,1.156
25.093,27.067,7441,0.948,1.14E-05,62.5,30,7.5,0,0,0,1.150
26.012,26.913,7151.16,0.945,1.20E-05,64.28571429,28.57142857,7.142857143,0,0,0,1.213
21.652,28.990,6867.9,0.919,9.98E-06,57.14285714,28.57142857,14.28571429,0,0,0,1.006
19.314,27.663,5499.85,0.907,1.50E-05,57.14285714,9.523809524,14.28571429,0,0,0.19047619,1.484
20.149,26.695,6118.68,0.913,1.24E-05,57.14285714,19.04761905,14.28571429,0,0,0.095238095,1.234
18.290,25.262,5068.76,0.901,1.54E-05,57.14285714,0,14.28571429,0,0,0.285714286,1.564
32.354,42.433,7947.21,0.959,1.13E-05,58.33333333,33.33333333,8.333333333,0,0,0,1.109
32.064,43.786,7484.46,0.954,1.24E-05,62.5,30,7.5,0,0,0,1.225
31.395,42.697,7632.62,0.956,1.17E-05,60.52631579,31.57894737,7.894736842,0,0,0,1.141
31.660,43.772,7236.15,0.951,1.27E-05,64.28571429,28.57142857,7.142857143,0,0,0,1.252
18.466,21.613,5733.52,0.893,1.71E-05,57.14285714,19.04761905,14.28571429,0,0,0.095238095,1.658
18.741,21.099,6061.49,0.893,1.43E-05,57.14285714,19.04761905,14.28571429,0,0,0.095238095,1.453
18.631,20.981,5192.55,0.887,1.63E-05,57.14285714,9.523809524,14.28571429,0,0,0.19047619,1.627
17.749,21.371,5220.34,0.887,1.64E-05,57.14285714,9.523809524,14.28571429,0,0,0.19047619,1.641
18.070,21.073,5488.32,0.887,1.47E-05,57.14285714,9.523809524,14.28571429,0,0,0.19047619,1.496
17.975,20.864,4781.92,0.880,1.64E-05,57.14285714,0,14.28571429,0,0,0.285714286,1.707
29.478,35.398,7859.98,0.952,1.08E-05,58.33333333,33.33333333,8.333333333,0,0,0,1.088
29.833,35.681,7629.9,0.950,1.13E-05,60.52631579,31.57894737,7.894736842,0,0,0,1.121
30.050,34.367,7652.81,0.950,1.13E-05,60.52631579,31.57894737,7.894736842,0,0,0,1.141
30.405,34.690,7440.34,0.947,1.21E-05,62.5,30,7.5,0,0,0,1.179
29.341,35.210,7604.15,0.949,1.11E-05,60.52631579,31.57894737,7.894736842,0,0,0,1.111
29.650,35.451,7392.6,0.947,1.15E-05,62.5,30,7.5,0,0,0,1.143
29.997,34.279,7407.94,0.946,1.16E-05,62.5,30,7.5,0,0,0,1.139
30.317,34.566,7221.3,0.943,1.23E-05,64.28571429,28.57142857,7.142857143,0,0,0,1.210
11.548,13.960,6704.96,0.882,9.43E-06,57.14285714,28.57142857,14.28571429,0,0,0,0.970
11.035,14.714,5909.71,0.875,1.24E-05,57.14285714,19.04761905,14.28571429,0,0,0.095238095,1.265
11.445,13.973,6015.46,0.873,1.22E-05,57.14285714,19.04761905,14.28571429,0,0,0.095238095,1.247
10.470,14.454,5364.25,0.865,1.40E-05,57.14285714,9.523809524,14.28571429,0,0,0.19047619,1.426
12.135,14.994,6023.21,0.877,1.28E-05,57.14285714,19.04761905,14.28571429,0,0,0.095238095,1.286
11.590,13.622,5411.75,0.867,1.57E-05,57.14285714,9.523809524,14.28571429,0,0,0.19047619,1.582
12.031,14.913,5505.41,0.870,1.44E-05,57.14285714,9.523809524,14.28571429,0,0,0.19047619,1.454
11.641,14.085,5033.25,0.862,1.56E-05,57.14285714,0,14.28571429,0,0,0.285714286,1.596
19.634,23.564,7873.04,0.944,1.00E-05,58.33333333,33.33333333,8.333333333,0,0,0,1.015
20.227,23.790,7610.63,0.941,1.05E-05,60.52631579,31.57894737,7.894736842,0,0,0,1.075
19.274,23.062,7595.92,0.941,1.05E-05,60.52631579,31.57894737,7.894736842,0,0,0,1.062
19.508,23.130,7331.45,0.936,1.09E-05,62.5,30,7.5,0,0,0,1.097
18.782,22.432,7537.75,0.940,1.04E-05,60.52631579,31.57894737,7.894736842,0,0,0,1.057
19.116,22.644,7258.1,0.935,1.11E-05,62.5,30,7.5,0,0,0,1.123
18.431,21.805,7272.64,0.935,1.08E-05,62.5,30,7.5,0,0,0,1.099
18.477,22.004,7095.03,0.930,1.15E-05,64.28571429,28.57142857,7.142857143,0,0,0,1.171
14.667,16.498,6656.05,0.864,1.04E-05,57.14285714,28.57142857,14.28571429,0,0,0,1.044
9.544,13.478,5034.24,0.832,1.79E-05,57.14285714,19.04761905,14.28571429,0,0,0.095238095,1.879
14.223,15.105,5936.15,0.859,1.35E-05,57.14285714,19.04761905,14.28571429,0,0,0.095238095,1.429
14.015,15.056,5251.76,0.851,1.48E-05,57.14285714,9.523809524,14.28571429,0,0,0.19047619,1.600
12.296,16.113,5897.24,0.855,1.39E-05,57.14285714,19.04761905,14.28571429,0,0,0.095238095,1.427
11.957,15.817,5320.82,0.846,1.85E-05,57.14285714,9.523809524,14.28571429,0,0,0.19047619,1.985
13.774,14.593,5464.72,0.851,1.65E-05,57.14285714,9.523809524,14.28571429,0,0,0.19047619,1.738
12.746,14.609,4892.75,0.845,1.67E-05,57.14285714,0,14.28571429,0,0,0.285714286,1.810
23.187,26.648,7831.79,0.936,9.63E-06,58.33333333,33.33333333,8.333333333,0,0,0,0.969
23.623,26.497,7564.22,0.932,1.01E-05,60.52631579,31.57894737,7.894736842,0,0,0,1.027
24.047,26.675,7534.8,0.930,1.01E-05,60.52631579,31.57894737,7.894736842,0,0,0,1.023
24.370,26.847,7348.84,0.925,1.06E-05,62.5,30,7.5,0,0,0,1.073
22.835,26.481,7556.92,0.932,1.01E-05,60.52631579,31.57894737,7.894736842,0,0,0,1.030
23.271,26.268,7320.02,0.927,1.07E-05,62.5,30,7.5,0,0,0,1.071
22.407,25.481,7279.03,0.926,1.06E-05,62.5,30,7.5,0,0,0,1.063
23.150,26.143,7079.76,0.921,1.11E-05,64.28571429,28.57142857,7.142857143,0,0,0,1.118
12.811,13.052,946.158,0.570,4.84E-04,57.14285714,19.04761905,14.28571429,0,0,0.095238095,2.222
11.543,11.823,885.135,0.576,4.08E-05,57.14285714,9.523809524,14.28571429,0,0,0.19047619,2.044
11.803,12.209,913.595,0.571,7.10E-04,57.14285714,9.523809524,14.28571429,0,0,0.19047619,2.279
12.513,13.171,2543.88,0.753,5.11E-05,57.14285714,9.523809524,14.28571429,0,0,0.19047619,3.976
11.919,13.039,4783.11,0.812,3.80E-05,57.14285714,0,14.28571429,0,0,0.285714286,3.895
24.182,24.528,8045.77,0.926,9.14E-06,58.33333333,33.33333333,8.333333333,0,0,0,0.919
16.174,17.364,4628.67,0.836,1.41E-05,60.52631579,31.57894737,7.894736842,0,0,0,1.393
22.098,24.427,7802.73,0.920,9.80E-06,60.52631579,31.57894737,7.894736842,0,0,0,0.986
13.689,18.203,4439.21,0.826,1.72E-05,62.5,30,7.5,0,0,0,1.600
21.442,21.558,1632.72,0.674,8.10E-06,60.52631579,31.57894737,7.894736842,0,0,0,0.881
21.704,21.949,1460.57,0.652,8.22E-06,62.5,30,7.5,0,0,0,0.761
19.771,19.965,1327.27,0.633,9.22E-06,64.28571429,28.57142857,7.142857143,0,0,0,0.670
40.856,42.715,7573.96,0.967,1.11E-05,57.14285714,23.80952381,9.523809524,9.523809524,0,0,1.108
13.108,13.708,6637.98,0.868,9.99E-06,57.14285714,28.57142857,14.28571429,0,0,0,1.036
11.800,13.430,5874.97,0.860,1.42E-05,57.14285714,19.04761905,14.28571429,0,0,0.095238095,1.512
11.317,12.795,5428.68,0.849,1.73E-05,57.14285714,9.523809524,14.28571429,0,0,0.19047619,1.825
13.470,13.857,5843.48,0.859,1.31E-05,57.14285714,19.04761905,14.28571429,0,0,0.095238095,1.401
12.088,13.785,5303.55,0.851,1.58E-05,57.14285714,9.523809524,14.28571429,0,0,0.19047619,1.679
10.797,13.113,4999.42,0.847,1.67E-05,57.14285714,0,14.28571429,0,0,0.285714286,1.757
22.498,23.335,7833.17,0.931,9.53E-06,58.33333333,33.33333333,8.333333333,0,0,0,0.959
16.201,20.215,6619.06,0.910,1.02E-05,60.52631579,31.57894737,7.894736842,0,0,0,1.036
21.749,22.553,7529.18,0.928,1.02E-05,60.52631579,31.57894737,7.894736842,0,0,0,1.046
20.604,22.782,7310.57,0.924,1.08E-05,62.5,30,7.5,0,0,0,1.099
21.366,22.105,7494.52,0.932,1.02E-05,60.52631579,31.57894737,7.894736842,0,0,0,1.042
21.355,22.193,7264.38,0.927,1.07E-05,62.5,30,7.5,0,0,0,1.074
20.941,22.027,7300.7,0.926,1.08E-05,62.5,30,7.5,0,0,0,1.086
18.941,20.660,7101.49,0.919,1.12E-05,64.28571429,28.57142857,7.142857143,0,0,0,1.132
9.076,13.000,2836.23,0.736,3.51E-05,57.14285714,19.04761905,14.28571429,0,0,0.095238095,3.252
7.858,12.788,2387.87,0.719,5.74E-05,57.14285714,9.523809524,14.28571429,0,0,0.19047619,5.008
10.158,11.039,2073.71,0.702,7.15E-05,57.14285714,0,14.28571429,0,0,0.285714286,5.460
18.373,22.412,6317.34,0.878,1.07E-05,58.33333333,33.33333333,8.333333333,0,0,0,1.095
15.693,23.211,6123.91,0.875,1.17E-05,60.52631579,31.57894737,7.894736842,0,0,0,1.172
36.698,40.422,7547.33,0.956,9.86E-06,57.14285714,23.80952381,9.523809524,9.523809524,0,0,0.974
9.904,12.779,6704.4,0.849,1.11E-05,57.14285714,28.57142857,14.28571429,0,0,0,1.114
9.982,13.706,5910.3,0.840,1.78E-05,57.14285714,19.04761905,14.28571429,0,0,0.095238095,1.867
12.701,17.027,5055.53,0.836,2.10E-05,57.14285714,19.04761905,14.28571429,0,0,0.095238095,2.039
8.342,14.056,5298.11,0.843,1.82E-05,57.14285714,9.523809524,14.28571429,0,0,0.19047619,1.902
9.230,11.627,5983.64,0.839,1.59E-05,57.14285714,19.04761905,14.28571429,0,0,0.095238095,1.679
9.137,12.400,5370.95,0.830,1.94E-05,57.14285714,9.523809524,14.28571429,0,0,0.19047619,2.115
10.965,16.476,4279.08,0.821,2.29E-05,57.14285714,9.523809524,14.28571429,0,0,0.19047619,2.408
9.042,13.029,4928.74,0.835,1.86E-05,57.14285714,0,14.28571429,0,0,0.285714286,1.942
20.458,25.013,7835.81,0.928,9.58E-06,58.33333333,33.33333333,8.333333333,0,0,0,0.969
18.839,23.633,7601.71,0.928,1.01E-05,60.52631579,31.57894737,7.894736842,0,0,0,1.016
18.408,24.199,7528.45,0.922,1.02E-05,60.52631579,31.57894737,7.894736842,0,0,0,1.038
17.796,22.585,7318.41,0.917,1.07E-05,62.5,30,7.5,0,0,0,1.074
16.657,22.161,7489.18,0.926,1.00E-05,60.52631579,31.57894737,7.894736842,0,0,0,1.017
17.398,22.024,7359.78,0.923,1.06E-05,62.5,30,7.5,0,0,0,1.078
15.947,21.218,7277.77,0.917,1.06E-05,62.5,30,7.5,0,0,0,1.080
16.119,20.836,7133.66,0.915,1.12E-05,64.28571429,28.57142857,7.142857143,0,0,0,1.123
35.583,47.470,7266.92,0.966,1.14E-05,57.14285714,23.80952381,9.523809524,9.523809524,0,0,1.117
7.728,7.947,991.395,0.509,1.45E-05,57.14285714,28.57142857,14.28571429,0,0,0,1.544
6.040,6.273,722.438,0.462,2.09E-04,57.14285714,19.04761905,14.28571429,0,0,0.095238095,3.675
10.649,11.583,6065.34,0.870,1.15E-05,57.14285714,19.04761905,14.28571429,0,0,0.095238095,1.191
6.105,6.353,558.584,0.441,9.64E-05,57.14285714,9.523809524,14.28571429,0,0,0.19047619,2.618
6.005,6.288,563.124,0.439,9.42E-05,57.14285714,9.523809524,14.28571429,0,0,0.19047619,2.619
8.134,9.718,5210.86,0.821,1.83E-05,57.14285714,9.523809524,14.28571429,0,0,0.19047619,2.034
9.503,11.449,4926.34,0.832,1.64E-05,57.14285714,0,14.28571429,0,0,0.285714286,1.761
11.951,12.282,1545.12,0.625,5.96E-06,60.52631579,31.57894737,7.894736842,0,0,0,0.621
13.072,13.330,1522.39,0.622,5.53E-06,60.52631579,31.57894737,7.894736842,0,0,0,0.582
11.793,12.096,1429.94,0.597,5.21E-06,62.5,30,7.5,0,0,0,0.543
11.916,12.131,1446.51,0.597,5.25E-06,62.5,30,7.5,0,0,0,0.550
12.096,12.437,1339.21,0.594,4.60E-06,62.5,30,7.5,0,0,0,0.483
11.645,11.824,1225.25,0.569,3.88E-06,64.28571429,28.57142857,7.142857143,0,0,0,0.414
29.883,32.514,7545.76,0.965,1.10E-05,57.14285714,23.80952381,9.523809524,9.523809524,0,0,1.101
12.955,22.335,7879.66,0.919,9.21E-06,58.33333333,33.33333333,8.333333333,0,0,0,0.919
12.720,21.571,7576.85,0.914,9.78E-06,60.52631579,31.57894737,7.894736842,0,0,0,0.976
12.614,20.471,7525.44,0.903,9.92E-06,60.52631579,31.57894737,7.894736842,0,0,0,0.989
12.606,19.740,7263.87,0.897,1.05E-05,62.5,30,7.5,0,0,0,1.038
6.189,6.622,759.118,0.469,1.25E-05,60.52631579,31.57894737,7.894736842,0,0,0,1.259
5.830,6.622,667.071,0.442,1.29E-05,62.5,30,7.5,0,0,0,1.184
5.908,6.510,577.491,0.460,1.59E-04,62.5,30,7.5,0,0,0,1.832
4.434,5.485,411.398,0.432,4.17E-05,64.28571429,28.57142857,7.142857143,0,0,0,1.332
13.544,14.889,1115.42,0.596,3.61E-05,57.14285714,23.80952381,9.523809524,9.523809524,0,0,1.377
22.521,23.347,4654.58,0.856,1.38E-05,57.14285714,28.57142857,14.28571429,0,0,0,1.366
20.337,21.968,4035.6,0.843,2.96E-05,57.14285714,19.04761905,14.28571429,0,0,0.095238095,2.472
20.754,22.038,4271.58,0.848,2.31E-05,57.14285714,19.04761905,14.28571429,0,0,0.095238095,2.320
20.008,21.542,3677.78,0.833,3.37E-05,57.14285714,9.523809524,14.28571429,0,0,0.19047619,3.045
22.005,22.989,3858.49,0.847,2.65E-05,57.14285714,19.04761905,14.28571429,0,0,0.095238095,2.407
19.886,21.377,3716.9,0.840,3.23E-05,57.14285714,9.523809524,14.28571429,0,0,0.19047619,3.044
19.432,21.160,3312.17,0.827,3.44E-05,57.14285714,0,14.28571429,0,0,0.285714286,3.329
32.447,38.650,7025.92,0.930,1.19E-05,58.33333333,33.33333333,8.333333333,0,0,0,1.181
33.194,34.981,6032.63,0.921,1.36E-05,60.52631579,31.57894737,7.894736842,0,0,0,1.342
32.124,38.425,6732.93,0.926,1.24E-05,60.52631579,31.57894737,7.894736842,0,0,0,1.232
33.160,35.158,5855.53,0.916,1.43E-05,62.5,30,7.5,0,0,0,1.417
31.695,36.564,6293.07,0.920,1.30E-05,60.52631579,31.57894737,7.894736842,0,0,0,1.299
29.607,32.583,5461.4,0.906,1.27E-05,62.5,30,7.5,0,0,0,1.264
32.834,34.830,5556.61,0.909,1.33E-05,62.5,30,7.5,0,0,0,1.319
33.154,34.516,5448.91,0.909,1.49E-05,64.28571429,28.57142857,7.142857143,0,0,0,1.435
22.434,23.113,4529.42,0.855,1.39E-05,57.14285714,28.57142857,14.28571429,0,0,0,1.357
22.549,23.481,3866.72,0.851,2.54E-05,57.14285714,19.04761905,14.28571429,0,0,0.095238095,2.359
15.568,17.106,3370.5,0.823,3.17E-05,57.14285714,9.523809524,14.28571429,0,0,0.19047619,2.812
18.972,20.731,4129.16,0.845,2.31E-05,57.14285714,19.04761905,14.28571429,0,0,0.095238095,2.312
17.830,18.828,3360.19,0.816,2.85E-05,57.14285714,9.523809524,14.28571429,0,0,0.19047619,2.743
21.567,22.964,5286.73,0.871,2.36E-05,57.14285714,9.523809524,14.28571429,0,0,0.19047619,2.510
12.731,13.817,3082.43,0.794,4.45E-05,57.14285714,0,14.28571429,0,0,0.285714286,3.767
38.438,38.647,7936.63,0.942,1.01E-05,58.33333333,33.33333333,8.333333333,0,0,0,1.022
36.481,39.139,7644.36,0.938,1.08E-05,60.52631579,31.57894737,7.894736842,0,0,0,1.087
23.607,26.037,5431.38,0.899,1.14E-05,60.52631579,31.57894737,7.894736842,0,0,0,1.121
19.670,21.886,5160.08,0.881,1.10E-05,62.5,30,7.5,0,0,0,1.093
11.554,14.784,5175.01,0.827,1.25E-05,60.52631579,31.57894737,7.894736842,0,0,0,1.269
14.608,17.673,5154.35,0.855,1.18E-05,62.5,30,7.5,0,0,0,1.206
23.663,25.386,5309.98,0.892,1.25E-05,62.5,30,7.5,0,0,0,1.223
18.939,21.190,4950.45,0.870,1.25E-05,64.28571429,28.57142857,7.142857143,0,0,0,1.236
22.134,22.372,827.421,0.606,6.15E-04,57.14285714,9.523809524,14.28571429,0,0,0.19047619,1.826
20.734,20.813,979.908,0.613,1.03E-05,57.14285714,19.04761905,14.28571429,0,0,0.095238095,1.064
21.028,21.198,977.259,0.635,3.20E-04,57.14285714,9.523809524,14.28571429,0,0,0.19047619,2.798
21.776,21.963,960.135,0.644,7.39E-04,57.14285714,0,14.28571429,0,0,0.285714286,2.434
38.335,38.367,1688.07,0.724,7.91E-06,58.33333333,33.33333333,8.333333333,0,0,0,0.871
36.720,36.805,1577.06,0.704,1.04E-05,60.52631579,31.57894737,7.894736842,0,0,0,0.912
7.785,9.349,4481.6,0.771,1.36E-05,57.14285714,28.57142857,14.28571429,0,0,0,1.432
7.518,8.426,3814.86,0.754,2.36E-05,57.14285714,19.04761905,14.28571429,0,0,0.095238095,2.953
7.680,10.067,3966.2,0.769,2.70E-05,57.14285714,19.04761905,14.28571429,0,0,0.095238095,2.884
7.243,8.237,3192.72,0.739,3.55E-05,57.14285714,9.523809524,14.28571429,0,0,0.19047619,4.551
6.116,11.543,5874.26,0.800,3.70E-05,57.14285714,19.04761905,14.28571429,0,0,0.095238095,3.855
7.042,9.201,3426.62,0.748,4.06E-05,57.14285714,9.523809524,14.28571429,0,0,0.19047619,5.059
6.342,11.497,4714.43,0.787,5.12E-05,57.14285714,9.523809524,14.28571429,0,0,0.19047619,5.247
6.814,9.430,3195.92,0.745,5.69E-05,57.14285714,0,14.28571429,0,0,0.285714286,5.842
13.926,14.970,5796.05,0.878,9.39E-06,58.33333333,33.33333333,8.333333333,0,0,0,0.964
12.635,18.128,7590.38,0.902,1.11E-05,60.52631579,31.57894737,7.894736842,0,0,0,1.109
13.375,14.703,5379.35,0.868,9.45E-06,60.52631579,31.57894737,7.894736842,0,0,0,0.945
12.030,18.124,7303.61,0.896,1.19E-05,62.5,30,7.5,0,0,0,1.197
13.896,14.768,5660.69,0.869,1.03E-05,60.52631579,31.57894737,7.894736842,0,0,0,1.033
13.026,13.949,5369.04,0.856,1.13E-05,62.5,30,7.5,0,0,0,1.121
13.531,14.553,5276.49,0.858,1.04E-05,62.5,30,7.5,0,0,0,1.047
12.434,13.973,4988.47,0.845,1.13E-05,64.28571429,28.57142857,7.142857143,0,0,0,1.114
21.231,38.140,7554.76,0.961,1.03E-05,57.14285714,23.80952381,9.523809524,9.523809524,0,0,1.052
13.621,34.683,7197.73,0.919,9.16E-06,59.45945946,32.43243243,8.108108108,0,0,0,0.926
13.649,32.276,6681.23,0.915,1.10E-05,59.45945946,27.02702703,8.108108108,0,0,0.054054054,1.104
13.854,34.308,6978.1,0.918,9.22E-06,57.14285714,28.57142857,14.28571429,0,0,0,0.936
13.895,32.005,6471.24,0.914,1.06E-05,57.14285714,22.85714286,14.28571429,0,0,0.057142857,1.058
14.563,33.283,7017.46,0.918,9.18E-06,57.14285714,28.57142857,14.28571429,0,0,0,0.931
14.302,30.668,6458.67,0.913,1.12E-05,57.14285714,22.85714286,14.28571429,0,0,0.057142857,1.114
13.795,33.129,5200.83,0.905,1.35E-05,57.14285714,5.714285714,14.28571429,0,0,0.228571429,1.368
13.860,31.892,4977.91,0.902,1.39E-05,57.14285714,0,14.28571429,0,0,0.285714286,1.404
24.929,53.268,7951.2,0.961,1.13E-05,58.33333333,33.33333333,8.333333333,0,0,0,1.112
24.834,53.507,7769.47,0.959,1.15E-05,59.67741935,32.25806452,8.064516129,0,0,0,1.120
22.855,49.657,7360.19,0.954,1.23E-05,63.23529412,29.41176471,7.352941176,0,0,0,1.217
23.087,50.550,7220.69,0.952,1.25E-05,64.28571429,28.57142857,7.142857143,0,0,0,1.240
16.419,31.463,6031.95,0.897,1.09E-05,58.53658537,31.70731707,9.756097561,0,0,0,1.093
10.566,20.021,5185.26,0.828,2.05E-05,60,32,8,0,0,0,2.150
15.696,30.946,6013.38,0.896,1.09E-05,58.53658537,31.70731707,9.756097561,0,0,0,1.110
10.473,19.972,5173.98,0.829,2.15E-05,60,32,8,0,0,0,2.200
21.396,22.917,6746.45,0.923,9.30E-06,57.14285714,28.57142857,14.28571429,0,0,0,0.940
21.048,22.743,6132.91,0.919,1.10E-05,57.14285714,22.22222222,14.28571429,0,0,0.063492063,1.115
20.442,22.933,6191.04,0.917,1.12E-05,57.14285714,22.22222222,14.28571429,0,0,0.063492063,1.137
20.370,22.226,5726.84,0.914,1.24E-05,57.14285714,15.87301587,14.28571429,0,0,0.126984127,1.290
18.608,22.901,5858.79,0.915,3.07E-05,57.14285714,15.87301587,14.28571429,0,0,0.126984127,1.792
19.694,22.468,5435.08,0.913,2.87E-05,57.14285714,9.523809524,14.28571429,0,0,0.19047619,1.779
18.796,22.713,5549.46,0.910,3.06E-05,57.14285714,9.523809524,14.28571429,0,0,0.19047619,1.868
19.815,22.494,5139.53,0.910,2.79E-05,57.14285714,3.174603175,14.28571429,0,0,0.253968254,1.780
20.288,22.310,6545.88,0.920,1.06E-05,57.14285714,25.3968254,14.28571429,0,0,0.031746032,1.059
20.005,21.126,6017.05,0.916,1.19E-05,57.14285714,19.04761905,14.28571429,0,0,0.095238095,1.205
18.633,21.007,5682.93,0.913,2.86E-05,57.14285714,12.6984127,14.28571429,0,0,0.158730159,1.772
18.846,21.673,5337.43,0.909,2.93E-05,57.14285714,6.349206349,14.28571429,0,0,0.222222222,1.905
19.592,21.147,5064.83,0.907,2.81E-05,57.14285714,0,14.28571429,0,0,0.285714286,1.811
35.296,36.866,7951.5,0.964,1.18E-05,58.33333333,33.33333333,8.333333333,0,0,0,1.189
34.436,36.820,7815.44,0.961,1.19E-05,59.82142857,32.14285714,8.035714286,0,0,0,1.191
35.170,36.755,7742.3,0.963,1.20E-05,59.82142857,32.14285714,8.035714286,0,0,0,1.216
32.790,37.410,7553.35,0.960,1.21E-05,61.20689655,31.03448276,7.75862069,0,0,0,1.223
32.519,35.918,7538.38,0.960,1.26E-05,61.20689655,31.03448276,7.75862069,0,0,0,1.260
32.243,35.422,7337.42,0.958,1.28E-05,62.5,30,7.5,0,0,0,1.300
32.350,35.513,7302.82,0.959,1.28E-05,62.5,30,7.5,0,0,0,1.281
33.785,35.551,7174.06,0.955,1.29E-05,63.70967742,29.03225806,7.258064516,0,0,0,1.310
35.437,37.004,7796.64,0.963,1.19E-05,59.09090909,32.72727273,8.181818182,0,0,0,1.215
33.912,36.446,7672.81,0.959,1.19E-05,60.52631579,31.57894737,7.894736842,0,0,0,1.182
35.304,36.886,7609.9,0.962,1.20E-05,60.52631579,31.57894737,7.894736842,0,0,0,1.239
34.485,36.926,7493.13,0.959,1.22E-05,61.86440678,30.50847458,7.627118644,0,0,0,1.210
31.450,34.885,7460.23,0.959,1.27E-05,61.86440678,30.50847458,7.627118644,0,0,0,1.276
30.972,35.719,7234.25,0.954,1.26E-05,63.1147541,29.50819672,7.37704918,0,0,0,1.265
32.247,36.527,7203.08,0.958,1.29E-05,63.1147541,29.50819672,7.37704918,0,0,0,1.286
29.774,35.480,7120.19,0.954,1.31E-05,64.28571429,28.57142857,7.142857143,0,0,0,1.321
19.378,23.700,6783.58,0.910,9.21E-06,57.14285714,28.57142857,14.28571429,0,0,0,0.938
18.712,23.739,6383.72,0.907,1.08E-05,57.14285714,23.80952381,14.28571429,0,0,0.047619048,1.134
18.958,21.599,5364.4,0.897,1.29E-05,57.14285714,9.523809524,14.28571429,0,0,0.19047619,1.332
18.542,22.193,5154.16,0.896,1.35E-05,57.14285714,4.761904762,14.28571429,0,0,0.238095238,1.375
19.292,21.676,6414.65,0.907,1.11E-05,57.14285714,23.80952381,14.28571429,0,0,0.047619048,1.139
18.737,21.686,6069.02,0.903,1.19E-05,57.14285714,19.04761905,14.28571429,0,0,0.095238095,1.231
19.022,21.425,5164.69,0.893,1.35E-05,57.14285714,4.761904762,14.28571429,0,0,0.238095238,1.404
18.483,20.739,4916.35,0.892,1.39E-05,57.14285714,0,14.28571429,0,0,0.285714286,1.458
33.064,37.211,7927.7,0.957,1.10E-05,58.33333333,33.33333333,8.333333333,0,0,0,1.106
33.289,37.143,7775.36,0.955,1.11E-05,59.45945946,32.43243243,8.108108108,0,0,0,1.119
29.905,37.466,7402.24,0.949,1.18E-05,62.5,30,7.5,0,0,0,1.195
29.969,37.378,7293.15,0.948,1.20E-05,63.41463415,29.26829268,7.317073171,0,0,0,1.223
33.048,36.711,7750.59,0.955,1.11E-05,59.45945946,32.43243243,8.108108108,0,0,0,1.127
33.312,36.685,7629.41,0.954,1.13E-05,60.52631579,31.57894737,7.894736842,0,0,0,1.141
29.951,37.303,7288.6,0.948,1.20E-05,63.41463415,29.26829268,7.317073171,0,0,0,1.194
30.003,37.222,7163.67,0.946,1.22E-05,64.28571429,28.57142857,7.142857143,0,0,0,1.230
9.119,13.061,6702.19,0.855,1.09E-05,57.14285714,28.57142857,14.28571429,0,0,0,1.120
8.874,14.093,6086.59,0.854,1.29E-05,57.14285714,21.42857143,14.28571429,0,0,0.071428571,1.329
9.461,13.224,5237.68,0.841,1.76E-05,57.14285714,7.142857143,14.28571429,0,0,0.214285714,1.853
8.331,12.296,6083.04,0.842,1.42E-05,57.14285714,21.42857143,14.28571429,0,0,0.071428571,1.494
8.875,14.118,5587.37,0.848,1.50E-05,57.14285714,14.28571429,14.28571429,0,0,0.142857143,1.578
8.665,13.038,4927.2,0.834,1.82E-05,57.14285714,0,14.28571429,0,0,0.285714286,1.913
17.001,24.606,7852.21,0.935,9.60E-06,58.33333333,33.33333333,8.333333333,0,0,0,0.975
16.489,22.629,7436.61,0.925,1.03E-05,61.53846154,30.76923077,7.692307692,0,0,0,1.025
15.336,21.452,7654.56,0.927,9.83E-06,60,32,8,0,0,0,0.992
14.699,20.803,7253.44,0.919,1.06E-05,62.96296296,29.62962963,7.407407407,0,0,0,1.071
16.946,24.429,7608.02,0.931,9.99E-06,60,32,8,0,0,0,1.002
16.494,22.661,7217.58,0.921,1.06E-05,62.96296296,29.62962963,7.407407407,0,0,0,1.065
15.117,20.754,7428.91,0.923,1.02E-05,61.53846154,30.76923077,7.692307692,0,0,0,1.032
14.487,20.287,7055.92,0.915,1.10E-05,64.28571429,28.57142857,7.142857143,0,0,0,1.089
26.229,33.580,7538.16,0.965,1.08E-05,57.14285714,23.80952381,9.523809524,9.523809524,0,0,1.071
