PLD,LCD,LCD/PLD,ASA,Porosity,Pore volume,Qst CH4,N1bar_CH4,log_D0_CH4,log_D1bar_CH4
4.3226,11.39486,2.636112525,1334.33,0.66554,0.701213538,18.71111786,0.966553761,-5.563022198,-5.190821281
4.5108,11.27344,2.499210783,1339.03,0.6655,0.679589938,18.62921307,1.000706932,-5.513767364,-5.072660279
7.83744,9.47418,1.208836049,3724.87,0.73276,1.226924835,10.84098807,1.037599388,-3.433092036,-3.382353659
13.71867,18.8079,1.370971093,2380.22,0.75256,1.115943598,14.94972073,1.047255631,-3.918805746,-3.835773249
3.9715,4.73097,1.191230014,316.992,0.47138,0.247260558,17.26899355,0.4238105,-3.826049454,-4.173946244
3.92183,4.69665,1.197565932,272.424,0.46724,0.237223424,17.49229449,0.413723701,-3.957427305,-4.157568621
3.82431,4.33176,1.132690603,290.352,0.44506,0.330504006,20.7281284,0.836736419,-3.406403935,-4.394382034
4.03039,5.07969,1.260347014,988.368,0.61912,0.534493624,17.19729401,1.472676719,-3.763019317,-3.98297336
8.27985,8.50423,1.027099525,977.119,0.58898,0.525537155,12.74922056,0.452227972,-3.451586011,-3.529537437
6.10482,6.86398,1.124354199,840.2,0.51508,0.422643615,16.67643927,1.015820225,-3.999318116,-4.031405768
4.17956,5.49574,1.314908746,753.406,0.53518,0.407498496,15.3268202,0.509120744,-4.127690639,-4.395192048
7.03071,8.25776,1.174527181,1635.07,0.64752,0.588151943,13.39072944,0.869562954,-3.659243781,-3.724953266
4.65537,7.1439,1.534550422,1317.57,0.60312,0.524798998,16.87624935,1.574026845,-4.093883231,-4.197410205
3.89327,5.20085,1.335856491,919.536,0.5576,0.48294618,20.20241693,2.513491396,-4.550162061,-4.801641494
3.94888,5.20115,1.317120297,859.911,0.55324,0.439246697,20.21471892,2.297437091,-4.318732494,-4.585919135
5.53552,8.42183,1.521416236,2318.74,0.68256,0.790538921,13.14877882,1.072739434,-3.639545982,-3.682089571
4.98474,7.43431,1.491413795,1258.54,0.5899,0.544017559,16.83066696,1.327045965,-4.098386268,-4.132829561
10.4443,11.38761,1.090318164,982.267,0.57586,0.560256847,30.18886463,1.441889634,-5.634655233,-4.984598395
5.80535,7.28268,1.254477336,601.112,0.50044,0.430615669,16.51907395,0.694500899,-3.850952886,-3.969225413
4.59021,6.64699,1.448079717,929.278,0.5298,0.478638347,20.660454,2.662111237,-3.701516,-4.449724429
5.43889,6.29847,1.158043277,664.428,0.50736,0.455742594,14.84257638,0.448230477,-4.172951659,-4.190642454
6.88163,13.37732,1.943917357,2601.94,0.74408,0.925151595,11.2562119,0.618247274,-3.826469306,-3.825057737
5.0609,12.13124,2.397051908,2130.9,0.69536,0.765209889,14.96033117,1.013098858,-3.856024986,-3.847987194
8.11021,14.70209,1.812787832,3347.01,0.81698,1.299772813,6.971069668,0.310516601,-3.47093642,-3.439082086
15.85622,20.5205,1.294160903,4866.62,0.89086,3.019843933,5.662625301,0.411289948,-3.033255186,-3.062404517
10.92309,21.62414,1.979672419,4183.97,0.85002,1.951346053,10.27002333,0.657354648,-3.401330839,-3.405623603
6.60024,18.23438,2.762684387,3371.44,0.76974,1.223263849,11.01830629,0.841851686,-3.490145627,-3.464334123
6.71346,18.07263,2.691999357,3391.08,0.77286,1.223576721,11.62813648,0.944548881,-3.47456665,-3.485623264
13.33904,27.33782,2.049459331,6255.09,0.89344,3.741733919,5.802736962,0.578973799,-3.07990352,-3.109879781
12.17426,24.55082,2.016617026,4551.51,0.87,2.304165773,8.720533272,0.55812097,-3.299237554,-3.310599138
9.07611,10.5421,1.161521841,3367.6,0.73488,1.162643159,14.54273143,1.061255923,-3.928118045,-3.892924016
8.80719,10.21446,1.159786493,3268.72,0.72402,1.104803933,15.31193102,1.154156595,-4.061388604,-3.981487566
8.70819,10.15021,1.165593539,3321.14,0.72628,1.106682026,14.96747968,1.133825614,-3.990335411,-3.955396436
4.10445,5.76724,1.405118834,869.785,0.50398,0.398898237,19.53229659,2.062862077,-3.587928061,-3.910868384
5.00855,5.72682,1.143408771,774.948,0.49644,0.387655979,19.03575564,1.743965513,-3.906091691,-4.804532895
3.91364,4.43355,1.132845637,405.691,0.48232,0.389712596,26.68710867,4.539643613,-4.192045782,-5.901842263
3.86825,5.46006,1.411506495,183.716,0.45158,0.265549381,18.94816875,0.58017215,-3.442437794,-3.899229919
3.85093,5.42762,1.409430969,187.69,0.45174,0.265643468,19.02031387,0.589359021,-3.406562319,-3.926376458
4.9065,10.017,2.041577499,1816.8,0.67828,0.65297085,10.86876591,0.419711994,-3.72628669,-3.758743165
5.30365,5.97541,1.126659942,753.379,0.53846,0.442590477,18.57860758,1.551340948,-3.065598613,-3.643953568
5.31331,5.9443,1.118756481,687.652,0.52528,0.407838753,19.10225438,1.616804118,-3.034522487,-3.707930933
5.29096,5.93338,1.121418419,677.01,0.52144,0.396312313,19.35358825,1.632569789,-3.016032006,-3.691080303
17.12424,25.68553,1.499951531,3165.13,0.84016,2.087006635,7.562806048,0.450093984,-3.039577472,-3.074421572
5.37167,7.3314,1.364826953,1146.88,0.55594,0.546738393,17.65283619,1.312580499,-4.033165615,-4.126212801
5.08524,7.14066,1.404193312,876.407,0.5421,0.409797029,17.14451955,0.886655272,-4.088298525,-4.141619539
4.52097,6.3306,1.40027472,965.88,0.55848,0.497651996,18.51915199,1.022106463,-5.03164465,-4.949637862
4.7481,6.43864,1.356045576,1003.43,0.5662,0.502958054,18.72370244,1.016387528,-4.862309151,-4.726614194
6.81408,8.80212,1.29175472,1422.51,0.62122,0.586228048,20.76153563,1.686250373,-4.587711617,-4.337090686
6.54754,8.32882,1.272053321,1419.5,0.61562,0.591504367,20.52305267,1.695022832,-4.390862699,-4.238184371
6.74118,8.79334,1.304421481,1353.64,0.61642,0.563043478,21.16047983,1.736024922,-4.549177087,-4.33602156
8.61929,9.08566,1.054107705,2493.39,0.71372,0.936779339,12.03414867,0.834636695,-3.594738545,-3.52232774
4.95529,7.35231,1.483729509,1409.83,0.58552,0.610461631,16.52522887,1.371693283,-4.02223725,-4.127666289
4.7743,5.96671,1.249755985,1528.32,0.58902,0.613754298,22.77175443,2.099874299,-4.255137706,-4.146913871
4.58891,5.43312,1.183967435,1352.46,0.62754,0.452636666,14.93736433,0.991812639,-3.577133059,-3.760057201
6.25183,6.77693,1.083991407,648.222,0.51648,0.291475493,13.66707401,0.441967069,-3.166133249,-3.35995897
6.85619,10.92956,1.594115682,2101.19,0.68816,0.689283532,12.95715471,0.868830393,-3.45960399,-3.479147464
8.71559,12.6138,1.44726863,3274.82,0.75884,1.30010708,13.60741392,0.847620737,-3.719651536,-3.654164361
4.90729,5.63222,1.147725119,794.401,0.55474,0.385857771,16.12012026,1.022298353,-3.353788476,-3.657576212
5.90611,6.16099,1.043155309,1902.44,0.66248,0.611973802,12.20453317,0.816390219,-3.340936273,-3.429096846
8.64841,12.48057,1.443105727,3204.15,0.7613,1.185437785,11.46884557,0.944581371,-3.681367778,-3.640873731
8.32661,13.59793,1.63306916,2502.53,0.73366,0.983318724,15.74703336,1.282219009,-3.981816247,-3.921180977
4.54136,8.31511,1.830973541,870.726,0.62074,0.521472496,19.27875689,1.876677486,-4.315547557,-4.369357626
4.11181,6.0722,1.476770571,1071.12,0.59632,0.512060453,16.27611361,1.068945628,-4.848596966,-4.795739352
3.90831,4.44036,1.136133009,156.183,0.40324,0.179223354,20.6800747,0.514089446,-3.367565502,-3.827113943
4.32303,5.2765,1.220555953,619.682,0.51092,0.373689869,19.57435979,1.226379156,-4.196257961,-4.550726427
4.89301,7.12611,1.456385742,357.969,0.42696,0.215210291,18.40127647,0.709293906,-3.489205566,-4.041324884
4.85632,5.15455,1.061410698,288.927,0.42748,0.218491089,17.56798804,0.467151714,-3.532835186,-3.809093172
9.1997,9.48255,1.030745568,928.923,0.5582,0.488329776,12.28027585,0.53901229,-2.882147114,-2.989312562
5.31262,5.94406,1.118856609,1651.78,0.585,0.631851129,18.14932539,2.774701372,-3.868737223,-3.636148707
3.80044,4.84557,1.275002368,634.174,0.49344,0.428850783,22.19726777,2.513117645,-4.686380118,-5.103319954
4.38484,5.04792,1.151221025,636.56,0.50342,0.385830453,20.10442384,1.642053999,-3.655938954,-4.182020245
14.56862,19.86541,1.363575273,5239.13,0.8979,3.268954219,6.885394042,0.564231448,-3.117623514,-3.14012033
7.13825,18.06508,2.53074353,3583.27,0.78558,1.307595767,11.213642,0.82208075,-3.432828228,-3.472611459
5.01976,7.8603,1.565871675,1901.19,0.63848,0.651621246,13.3595706,0.826750993,-3.65436587,-3.689870556
13.37911,18.75501,1.401812976,3444.39,0.83558,1.961704066,7.503938608,0.399314665,-3.257903581,-3.234514748
6.0951,6.93247,1.137384128,581.981,0.45062,0.308821514,17.59587344,1.112397227,-3.170477402,-3.63870953
9.17864,11.03089,1.201800049,1154.62,0.60242,0.597959224,20.54362744,1.147393736,-3.739731783,-3.660574333
11.07263,11.39418,1.029040074,1175.97,0.6096,0.620543281,20.35009374,1.094529335,-3.504229046,-3.646441655
9.50667,11.07211,1.164667544,1172.55,0.60696,0.613756742,20.52417869,1.117126141,-3.819536187,-3.688904094
10.87494,11.21563,1.031327989,1159.15,0.60852,0.617172136,20.71383914,1.098048961,-3.531476868,-3.625063539
4.48972,4.82905,1.075579323,521.72,0.46842,0.40045481,21.16593827,1.507629585,-3.186962541,-3.965019123
8.78636,9.98598,1.136532079,3028.97,0.7058,0.914761777,13.97169147,1.138396289,-3.474708296,-3.517154375
6.10595,6.92762,1.13456874,1008.65,0.59186,0.411511132,14.58160238,0.830251748,-3.342192337,-3.551492007
4.44244,5.09322,1.146491568,299.59,0.40752,0.271714417,19.53745058,0.617262521,-4.370294114,-5.097511506
4.98752,7.28969,1.461586119,2849.13,0.69504,0.833652182,13.45058855,1.29964607,-3.632256907,-3.641222969
5.88473,7.80429,1.326193385,2759.46,0.70156,0.876048765,12.71584951,1.101035879,-3.614319001,-3.627787376
7.08849,11.39005,1.606837281,4048.27,0.7795,1.333230711,10.65578837,0.881083584,-3.437050572,-3.485743393
7.02092,8.26528,1.177236032,3489.57,0.744,1.093538715,12.52878025,1.265528084,-3.286032424,-3.369927899
4.07573,5.65344,1.387098753,1053.2,0.62164,0.617153296,17.61597746,1.84151555,-4.475371979,-4.795611135
11.06312,12.00094,1.084769938,993.47,0.5942,0.615459829,28.00587815,1.375928694,-5.14604791,-4.887179871
4.06272,5.40727,1.330948232,791.432,0.50734,0.38716127,20.46845522,1.850731142,-4.068640538,-4.108184144
3.80274,4.93858,1.298689892,458.737,0.48374,0.323396688,20.33440286,1.092019573,-4.518828941,-4.894703168
5.37606,5.6853,1.057521679,1420.93,0.60772,0.564863785,14.50180777,1.168480428,-3.061371389,-3.499807804
5.13016,6.30636,1.229271602,1365.99,0.6208,0.564071345,14.77043583,1.242820714,-3.13173284,-3.402682027
6.30843,7.60741,1.205911772,2136.04,0.66196,0.76818991,13.20037172,1.164766683,-3.476726575,-3.549195757
9.80847,15.56875,1.587276099,1591.32,0.71824,0.924093938,15.69194526,1.254839102,-3.929344489,-3.767743721
5.59471,9.38154,1.676859033,1604.12,0.68288,0.65523561,11.91640232,0.521776965,-3.86455496,-3.925176012
10.59979,11.41407,1.07682039,1224.38,0.64844,0.540497287,11.39239068,0.520105467,-3.096785751,-3.206641567
10.7235,11.51533,1.07384063,1224.91,0.65144,0.543410077,11.35852234,0.527076556,-2.985404134,-3.095323161
5.62446,9.38408,1.668441059,1646.23,0.68264,0.656649801,11.86661856,0.515243065,-3.930980665,-3.898343348
10.54479,11.3608,1.077385135,1223.85,0.64786,0.5401399,11.38045344,0.505276854,-3.219641757,-3.253632424
5.3868,5.98273,1.110627831,1847.56,0.6472,0.547657731,14.26140761,1.126024831,-3.498707735,-3.62939755
4.26368,5.82193,1.365470673,729.385,0.50118,0.429835846,23.25848028,3.012094503,-3.55533033,-4.222486658
4.05664,5.44423,1.342054015,634.137,0.49082,0.409200807,24.0452093,2.984820957,-3.684844771,-4.39744807
4.25745,5.78749,1.359379441,712.146,0.50502,0.425889695,23.36314997,2.954254751,-3.657621536,-4.268570563
5.15676,8.28593,1.606809314,2399.39,0.68804,0.803629203,14.14636694,1.080022759,-3.790645676,-3.786350381
5.0837,6.42024,1.262906938,468.517,0.45748,0.257256931,16.52438356,0.669353612,-3.156155157,-3.696839571
4.61254,5.76705,1.2502981,732.709,0.51364,0.337698882,17.38060302,1.069192481,-3.690371766,-3.992898706
7.73483,9.7655,1.262535828,2462.86,0.6857,0.942650502,14.91196548,1.221628213,-3.821117289,-3.843703091
4.32918,9.00116,2.079183587,2201.56,0.67476,0.751965836,16.21381086,1.664466752,-4.164358182,-4.020325168
5.9183,9.52144,1.608813342,2338.43,0.67852,0.81880011,15.06161135,1.254388091,-4.046244484,-4.063622832
4.73321,7.16113,1.512954211,802.611,0.52734,0.458217839,17.93493847,1.020596372,-4.622950843,-4.62363164
5.70377,6.40025,1.122108711,1486.93,0.63598,0.523405866,13.52648531,0.983092633,-3.305076802,-3.448548188
5.8507,10.41989,1.780964671,2819.8,0.72036,0.921342595,14.67134987,1.306032364,-3.779616164,-3.732258458
5.75428,10.54748,1.832979973,2566.31,0.70918,0.858693059,14.76674227,1.331328093,-3.793469163,-3.762131755
8.16815,10.52737,1.28883162,3199.82,0.73192,1.01319793,14.25194567,1.54079835,-3.448400713,-3.554003965
8.1108,10.25531,1.264401785,3116.86,0.72418,0.964116874,14.84685657,1.675856916,-3.511005361,-3.633478153
7.74023,10.53968,1.361675299,3229.25,0.74936,1.089765777,12.3193215,1.084933958,-3.440751263,-3.517653685
4.08689,4.75983,1.164658212,427.97,0.50594,0.326311852,21.20844735,1.560125277,-4.550743641,-5.347167984
5.06381,7.08528,1.399199417,939.267,0.5264,0.473057982,17.23670005,1.668295598,-3.467578383,-3.634620091
13.69556,13.96867,1.019941499,1519.32,0.68178,0.791265877,19.60474188,1.326311852,-3.137738115,-3.276034295
7.69493,9.54888,1.240931366,1932.37,0.6774,0.781542942,12.59807281,0.935159724,-3.865968295,-3.849004706
7.73922,9.60606,1.241218107,1897.81,0.677,0.782209528,12.22567401,0.895628262,-3.634208529,-3.72161867
4.20115,4.7399,1.128238697,246.312,0.39348,0.22381616,23.39597054,1.108946103,-3.330538899,-4.141562669
7.17951,9.42302,1.3124879,4347,0.78436,1.410151306,10.13695285,0.977490185,-3.298458653,-3.321707895
4.68679,4.84155,1.033020468,444.782,0.46642,0.332092076,20.64539678,1.136877845,-5.061037245,-5.622001867
4.57423,4.8139,1.052395704,437.041,0.4677,0.332951285,20.50340002,1.192319382,-4.924052306,-5.788451773
4.26622,4.77305,1.118800718,588.744,0.4922,0.367895476,19.61308293,0.818303847,-4.784902576,-4.894096467
19.54,37.53,1.920675537,6207.17,0.93,5.8125,5.049085291,0.649396673,-2.87085824,-2.873477568
4.98141,8.08398,1.622829681,1687.67,0.61126,0.667867078,15.75645353,1.35729007,-3.809919006,-3.946247452
4.88927,8.10638,1.657993934,1730.84,0.60644,0.671822431,16.0886173,1.451330327,-3.930239787,-3.996743677
4.97897,7.89565,1.585799874,1727.98,0.60914,0.671399552,15.84204573,1.342599621,-3.883902777,-3.975029956
6.22752,7.54994,1.212350984,2625.77,0.71052,0.886758897,11.8886518,1.142746238,-3.335361995,-3.396305503
6.80894,7.00959,1.02946861,793.947,0.59612,0.35115664,13.83622464,0.555677749,-3.544849834,-3.794566624
4.28231,5.87217,1.371262239,2218.57,0.65652,0.687788949,16.34916838,2.410124517,-3.533360411,-3.653109671
4.06042,6.33732,1.560754799,1600.82,0.62358,0.526414425,15.45053418,1.402063989,-3.689073931,-3.783339573
6.45442,6.88379,1.066523406,867.384,0.5708,0.352076189,15.2946252,0.965170257,-3.248236436,-3.501241598
10.76844,25.42698,2.361250098,2429.07,0.83658,1.279013946,9.649126234,0.388300449,-3.421426526,-3.427896721
5.68454,5.83174,1.025894795,345.079,0.41258,0.271671923,17.53274198,0.575925071,-2.869608421,-3.389293242
5.25081,7.26399,1.383403703,1762.91,0.59932,0.621823803,16.43815468,1.570995815,-3.982810904,-3.805305016
5.5873,6.57451,1.176688204,1582.38,0.60734,0.646685648,14.86359794,1.475528578,-3.42764292,-3.703264046
6.93274,11.69294,1.686626067,2124.14,0.69224,0.973746104,16.93132797,1.538068792,-4.178784691,-4.179430985
7.39815,11.84006,1.60040821,2048.29,0.70204,0.953172308,17.04640619,1.419283152,-4.362796922,-4.269850144
7.36492,11.84801,1.608708581,2067.8,0.70488,0.961580699,16.99209985,1.448822177,-4.192677063,-4.269727717
6.70311,11.79938,1.760284405,2122.86,0.70388,0.958588456,17.12197369,1.516186705,-4.298963679,-4.192686972
7.13512,11.94166,1.673645293,2232.87,0.71434,1.007329985,16.93717002,1.582381726,-4.412450425,-4.267689507
6.91892,12.04076,1.740265822,2134.58,0.70596,0.967361352,16.70079857,1.411465101,-4.379169724,-4.302949951
4.52481,10.64181,2.351879968,2211.32,0.67086,0.750713382,14.40706597,1.163980462,-3.688484827,-3.723598804
7.28684,8.54501,1.172663322,1113.55,0.59522,0.600661998,14.06287845,0.905184027,-3.387971021,-3.470653389
4.40002,8.03493,1.826112154,573.552,0.48206,0.419649697,23.74984918,1.338692186,-4.04055421,-4.224008468
4.27216,9.42427,2.205973091,1474.96,0.61826,0.629302369,18.4068059,0.96118169,-4.367142617,-4.112400684
4.5072,7.01648,1.556727015,804.887,0.5435,0.512571439,15.60606053,0.779821278,-3.919199721,-4.032991821
10.50387,10.88001,1.035809659,981.784,0.59548,0.498831414,18.53904671,1.108153069,-2.761739465,-3.233449825
5.9875,6.82031,1.139091441,825.578,0.5077,0.432210171,16.11327274,1.150084065,-3.434554067,-3.981465794
6.12106,6.83308,1.11632299,793.258,0.50646,0.425850718,16.49612675,1.222993318,-3.534401371,-4.102502416
8.80996,17.2872,1.962233654,4741.45,0.84252,2.197547673,7.799491076,0.641097255,-3.299318188,-3.276403506
5.62993,8.06476,1.432479622,2869.72,0.70336,0.938611779,14.59393133,1.322099526,-3.852366804,-3.866574208
8.65235,9.6188,1.111697978,2701.78,0.67854,0.903923342,15.45391074,1.60263189,-3.802744022,-3.799982206
3.94175,6.41608,1.627723727,692.797,0.58084,0.345557089,15.89956522,0.73425774,-4.245226344,-4.346158191
4.3641,6.81111,1.560713549,1052.63,0.61502,0.409800237,14.22848313,0.666646946,-3.821017423,-3.843611693
4.2994,7.85983,1.828122529,896.656,0.6021,0.572817566,17.77573121,1.751772387,-4.47937364,-4.418048423
7.33698,11.74827,1.601240565,1972.76,0.71176,0.738493463,10.96811937,0.532806698,-3.401415942,-3.475414763
11.51164,12.50781,1.086535889,1917.32,0.73012,0.811359838,15.80566553,0.636298751,-3.590516656,-3.563797595
11.17828,12.20276,1.091649162,1798.43,0.71436,0.764480078,15.92454072,0.622154564,-3.642543775,-3.598435402
6.87343,12.16451,1.769787428,2800.76,0.71512,0.923003453,12.2264707,0.953484159,-3.580418903,-3.591787331
5.4451,6.31092,1.159009017,645.76,0.49582,0.445232665,14.94573609,0.449978876,-4.251141138,-4.160979957
4.93668,5.48228,1.11051962,785.597,0.53086,0.447990683,19.71015683,1.977300073,-3.289734897,-3.795296552
4.89759,5.65614,1.154882299,913.914,0.55704,0.500444708,18.16749408,1.699744648,-3.248203354,-3.779660084
4.51467,5.44142,1.205275247,500.175,0.5001,0.275040148,18.67003369,1.087907275,-3.042123358,-3.662612366
4.88169,5.99991,1.229064115,1468.41,0.61502,0.556765614,15.3457996,1.283327346,-4.218405583,-4.306031485
4.20229,5.16583,1.229289268,602.813,0.51252,0.439463575,20.7758524,1.722140936,-4.205370209,-5.452581145
5.24025,7.13491,1.361559086,1971.32,0.64884,0.674984864,14.21724168,0.836732133,-4.172987158,-4.147855979
6.30914,7.54763,1.196300922,1344.47,0.61346,0.603359758,13.72775881,0.871856888,-3.436468877,-3.499367333
5.41267,6.44764,1.19121247,2206.57,0.63174,0.687438315,15.09985104,1.772510409,-3.632133099,-3.693939272
5.21845,6.19215,1.186587972,1780.51,0.62202,0.648383939,16.02271924,2.110347599,-3.530735908,-3.761563181
5.72948,7.70901,1.345499068,1552.97,0.59466,0.591760374,15.54796022,1.455718888,-3.719659524,-3.651378174
6.19226,7.11646,1.149250839,1324.79,0.57908,0.561684627,15.59335554,1.663011533,-3.231478689,-3.520879284
5.75134,6.79615,1.181663751,1173.51,0.5675,0.512350583,15.09188675,0.824879746,-3.779396755,-3.543497885
5.81846,6.76349,1.162419266,1181.72,0.56678,0.509076211,15.42753952,0.904202785,-3.936892429,-3.640927101
8.81485,9.37681,1.06375151,1034.7,0.62004,0.60803138,10.87105273,0.214413131,-3.249285943,-3.309977659
11.54677,12.36039,1.070462995,1097.12,0.6806,0.492681444,10.96648277,0.402402549,-2.98188996,-3.087219889
4.59142,5.47244,1.191883992,1247.91,0.55474,0.538467512,18.10655217,1.968927847,-3.976228697,-4.128055504
9.13066,13.54985,1.483994585,3063.99,0.77418,1.229087353,10.78650216,0.631011306,-3.625512661,-3.625222036
5.06628,5.31376,1.048848465,500.296,0.43594,0.290756538,18.52235855,1.095341031,-3.616951757,-4.400617215
8.54605,20.14565,2.357305422,5410.53,0.8642,2.526442575,6.860425302,0.567635053,-3.203436492,-3.230289278
7.46421,8.75902,1.173469128,2449.21,0.68932,0.89469442,14.31390765,1.175415367,-3.895779432,-3.893921108
4.41775,4.76295,1.078139324,485.717,0.47632,0.362347285,27.84955146,4.214832324,-2.222360124,-3.456434636
4.56338,5.47883,1.200607883,348.291,0.45418,0.217427521,13.47211502,0.184592982,-3.371060582,-3.447425429
4.1969,5.64744,1.345621768,1024.7,0.56064,0.516404768,18.45717327,1.977283508,-4.592433361,-4.949711326
10.45745,10.54661,1.008525979,1438.1,0.66182,0.75013488,13.2375082,0.630140307,-4.036700765,-3.477054199
10.23297,10.35764,1.012183169,1390.52,0.65554,0.733276882,13.79901298,0.680845657,-4.050247996,-3.522195578
10.09526,10.20776,1.011143844,1062.17,0.6163,0.608595185,10.75140336,0.309655761,-3.314218403,-3.460731929
9.95473,10.07029,1.011608552,1045.07,0.61098,0.598126267,10.63616158,0.297175701,-3.315353224,-3.40006451
10.23127,10.36311,1.012885986,1409.99,0.6572,0.738175655,13.2675107,0.614796222,-3.845347422,-3.732242213
10.2098,10.32563,1.011344982,921.145,0.6122,0.52518251,10.85788469,0.288344235,-3.192680663,-3.23624087
9.78954,9.9082,1.012121101,1055.67,0.6064,0.587750671,10.62874027,0.288539093,-3.347422602,-3.416777502
9.63706,9.77409,1.014219067,1141.74,0.59722,0.60298575,12.18818945,0.502888567,-3.415109219,-3.374103384
9.89092,10.03622,1.014690241,1208.74,0.6104,0.63534888,12.32756704,0.517643832,-3.43852911,-3.498180379
5.16047,6.75364,1.308725756,2935.51,0.6548,0.819826069,16.05178044,2.990539198,-3.742441282,-3.840428267
5.02845,6.64209,1.320902067,2823.58,0.65108,0.805574734,16.39250982,3.134429562,-3.727725329,-3.89601152
5.44633,7.19383,1.320858266,3056.13,0.67,0.874350599,15.16085437,2.603329929,-3.626761409,-3.718598518
5.16957,6.75186,1.306077682,2939.45,0.65506,0.820151595,16.05977739,3.005333333,-3.694035951,-3.833481038
6.03558,10.21454,1.692387476,2563.33,0.68238,0.892734026,13.30307223,1.287976082,-3.765980259,-3.797971261
5.96794,8.00306,1.34100879,3061.76,0.68974,0.944800134,13.51714823,1.78364087,-3.589471852,-3.665115385
7.20236,7.55271,1.048643778,545.57,0.44976,0.311709914,15.70837971,0.807547819,-3.596406762,-3.896919573
10.44621,10.53908,1.008890306,645.574,0.5418,0.503681392,13.25449909,0.303458216,-3.557689233,-3.529645806
4.09504,5.33845,1.30363806,174.546,0.60088,0.398464181,22.13679653,1.006495398,-5.138526332,-5.340194676
9.65919,15.53135,1.607935034,1705.48,0.73432,0.998781311,11.88558501,0.70406095,-3.842888072,-4.094610037
4.72091,7.75357,1.642388861,1299.21,0.55784,0.522654874,19.34587044,1.583271892,-4.357678449,-4.348929566
8.28637,10.23635,1.235323791,3308.72,0.7734,1.077825285,6.230867542,0.199881065,-3.236587986,-3.268746015
7.89385,9.01955,1.142604686,3220.74,0.77522,1.085800085,5.587440673,0.185211056,-3.144380813,-3.220702321
5.82599,6.17717,1.060278167,4176.69,0.70416,0.940122215,13.827204,1.842282684,-3.236024642,-3.313782758
6.15688,9.97626,1.620343421,2854.51,0.73308,0.936442545,12.66638005,0.993980688,-3.612171801,-3.639538361
4.74798,5.61731,1.183094706,1045.48,0.54568,0.462526912,16.53100954,0.998094361,-3.969851084,-4.122553815
5.12647,14.73899,2.875075832,2592.56,0.71414,0.965307121,11.58071618,0.95477888,-3.700883241,-3.771219416
9.90606,13.79678,1.392761602,3776.02,0.8154,1.49928566,8.611043261,0.610137205,-3.317930721,-3.30953432
10.18096,11.98539,1.177235742,4102.78,0.77866,1.338704242,12.45143065,1.241314756,-3.491404743,-3.488911402
20.98793,21.72315,1.03503061,4580.18,0.89992,2.918937153,5.751460168,0.369676446,-3.10492563,-3.043804385
10.23686,21.31368,2.082052504,3650.11,0.78646,1.560863887,12.95254286,1.152751191,-3.771994022,-3.726848203
10.09364,21.10286,2.090708605,3623.14,0.78424,1.53250895,13.21798721,1.22530884,-3.816654347,-3.742633226
9.52705,21.88013,2.296632221,3907.44,0.79112,1.677612257,12.22839881,1.103489432,-3.746529497,-3.688183637
5.75458,7.36646,1.280103848,1405.71,0.59344,0.551549793,13.35821745,0.661458513,-3.76255446,-3.78647882
16.92881,18.61448,1.09957404,4498.68,0.83828,1.916112368,8.358808668,0.580254562,-3.282325588,-3.248886457
4.86094,6.48832,1.334787099,816.468,0.51428,0.384370469,16.69527333,1.125917551,-3.5673637,-3.922855599
4.74657,6.37536,1.343150949,775.425,0.5131,0.372189177,17.40888664,1.254943322,-3.629635265,-3.980732333
7.50799,8.31867,1.107975637,1042.15,0.5793,0.436121358,14.02270116,0.482357109,-4.240937326,-3.932848016
6.38588,6.55466,1.026430187,655.426,0.53696,0.387431004,15.46364282,0.657373843,-3.798662967,-4.193197972
5.70379,7.95789,1.395193371,1708.74,0.61892,0.606160325,14.04203624,0.894591993,-3.816117933,-3.653533345
7.16704,7.9618,1.110890968,973.163,0.56886,0.400171645,14.25695953,0.476309316,-4.253297522,-3.926698974
6.80286,8.39634,1.234236777,1923.66,0.64358,0.722106156,18.33256521,1.577315238,-4.041593027,-4.001184272
6.8904,8.30709,1.205603448,1894.26,0.64216,0.715343184,18.48035761,1.591216091,-4.008189138,-3.979232146
6.3971,8.11197,1.268069907,2096.97,0.65336,0.76876826,17.40000813,1.727577451,-3.940301397,-3.984411225
6.47185,8.33004,1.28711883,2086.19,0.65498,0.765836342,17.38683477,1.753844253,-3.949342933,-3.93009639
6.36998,8.09188,1.27031482,2057.4,0.65232,0.753964172,17.52326225,1.749539524,-3.990959911,-3.970727922
6.66,13.15,1.974474474,2177.31,0.72,0.808988764,18.36378815,0.966856369,-4.115429133,-3.881410258
4.49353,7.07757,1.575057917,989.762,0.54344,0.408733651,12.47862583,0.480016758,-3.765861751,-3.794641038
5.10301,7.91374,1.55079845,1994.19,0.64696,0.718710285,15.7932381,1.485326787,-3.966074976,-4.010505335
4.28567,5.96735,1.392396055,1013,0.53236,0.473798505,17.97446527,1.800584082,-3.83498765,-4.114486463
5.02673,6.20221,1.23384586,2051.65,0.63816,0.745231075,17.66287516,2.690154908,-3.575259961,-3.772817845
5.27399,6.55516,1.242922342,1959.6,0.6337,0.738896727,17.40241569,2.529207255,-3.537610244,-3.745712073
5.24121,6.90751,1.31792277,1037.8,0.57342,0.463864486,17.19733812,1.426286776,-3.964990278,-4.069840189
4.21234,5.96594,1.416300678,260.353,0.4552,0.331667225,21.88131905,0.671781034,-3.985703681,-4.447273776
4.22597,5.76843,1.364995492,735.503,0.531,0.438379235,22.07085839,2.829128889,-3.723242633,-4.306621616
4.61744,7.01096,1.518365155,1015.75,0.59098,0.586930182,18.47917849,1.872109432,-4.155665689,-4.329040777
9.99848,15.52711,1.552947048,1685.96,0.74322,0.964864907,12.66426339,0.738877124,-3.70642096,-3.671159067
7.81351,8.36121,1.070096538,1307.06,0.60632,0.678146572,15.58498498,1.182972382,-3.882670571,-4.052781468
6.12785,12.37213,2.019000139,3656.28,0.76108,1.239727712,15.69786465,1.209888987,-3.831640532,-3.674610659
4.59373,4.92609,1.072350791,329.359,0.42358,0.333501299,22.83039716,1.409819606,-3.387212587,-4.049397429
6.48081,9.47252,1.461625939,1271.45,0.58954,0.516234676,14.11958687,0.583785747,-3.618673724,-3.64765617
4.75385,5.87158,1.235121007,1483.35,0.59392,0.562733319,17.80732779,2.050586556,-4.231260785,-4.291613027
4.04185,5.27797,1.305830251,1042.87,0.59626,0.466268895,15.22701917,0.663392203,-3.895209498,-3.962348612
4.1432,4.67913,1.129351709,546.6,0.5207,0.309340209,16.84636843,0.577800416,-3.751780173,-3.843901667
4.18275,4.72751,1.130239675,582.465,0.52418,0.32001221,16.57379487,0.567262932,-3.699912018,-3.889425619
4.73838,5.90111,1.245385554,3224.14,0.7112,0.833263036,11.995694,0.914079213,-3.548564578,-3.542101182
5.09371,10.84979,2.130036849,2242.39,0.73102,0.740178225,9.989222416,0.455628049,-3.768561095,-3.754485232
5.10475,10.83424,2.122384054,2220.75,0.7295,0.736265544,10.04935355,0.459485154,-3.747524842,-3.778973928
5.15775,10.83211,2.100161892,2228.38,0.73028,0.736679535,10.05098154,0.466166004,-3.724802455,-3.723532253
36.09316,38.39638,1.063813199,4256.39,0.86952,2.628926292,8.788520666,0.705133009,-3.196998434,-3.159671961
5.89987,7.33941,1.243995207,703.164,0.50038,0.431849761,15.94571132,0.771313484,-3.634190136,-3.797582517
5.43293,7.07895,1.302970957,551.249,0.45578,0.368762996,17.16282985,0.830173045,-3.409876138,-3.841205235
5.51917,6.9387,1.257199905,1279,0.56722,0.530990517,19.15466901,1.846172003,-4.257232675,-4.362692997
5.38791,7.02744,1.304297956,557.072,0.47072,0.383097858,16.78472551,0.790596298,-3.613925708,-3.948886342
5.70931,7.08217,1.24045988,593.246,0.4914,0.411485417,16.89338995,0.754608871,-3.77461851,-4.005120791
5.20998,6.82532,1.310047255,521.764,0.45816,0.361481715,17.33296421,0.821551992,-3.643539777,-4.027724909
5.43055,7.07901,1.303553047,578.494,0.47396,0.386656768,16.65852213,0.774170866,-3.579004487,-3.848167467
5.55881,7.01349,1.261689103,564.084,0.48404,0.399481707,17.18255251,0.789965654,-3.845791581,-4.034392813
8.55613,10.88811,1.272550791,2713.4,0.69748,0.993466436,16.55405114,2.101752016,-4.076500722,-4.112202581
8.62628,10.81747,1.254013317,2981.53,0.70756,1.035975689,15.76169634,1.955705403,-3.879334794,-3.914489991
5.51512,5.77667,1.047424172,548.02,0.464,0.322591859,15.76705168,0.548887978,-3.315688648,-3.685028107
5.83562,6.37209,1.091930249,886.13,0.51612,0.387710337,14.08902702,0.587594393,-3.641933655,-3.469307941
31.81617,33.37685,1.049053044,2501.76,0.83682,1.506480881,11.44607683,0.643672984,-3.392456248,-3.427862714
3.8396,6.40626,1.668470674,1013.26,0.59228,0.482371625,19.08384601,2.180871414,-4.623523384,-4.734739474
3.96851,4.621,1.164416872,1398.72,0.56826,0.618566127,18.41507386,1.785909876,-4.030064677,-4.1459792
4.99124,7.04652,1.411777434,1034.51,0.53774,0.486242099,17.13043339,1.48380301,-4.030592475,-3.950386088
5.95944,6.92785,1.162500168,1516.95,0.59038,0.620160087,18.10214024,1.829651643,-3.931555891,-4.268735708
4.08235,8.5781,2.101265203,1113.76,0.59616,0.488247531,16.35019874,0.918265888,-4.825985784,-4.71431249
7.22422,12.70758,1.759024504,2296.11,0.73656,0.875857206,10.21721784,0.464825791,-3.513860451,-3.539184865
4.48945,5.4044,1.20380002,686.609,0.52304,0.391177856,19.4194537,1.367560211,-4.011868295,-4.379375181
5.55178,6.21978,1.120321771,2629.43,0.7017,0.769949054,12.55010975,1.404165754,-3.309172817,-3.375542945
10.48758,11.72847,1.118319956,1451.86,0.65056,0.631084725,10.53914607,0.405330653,-3.359545719,-3.46991701
4.44258,5.67441,1.277278068,835.09,0.54036,0.478076229,20.92451908,2.641842419,-3.269865752,-4.021104886
8.33336,9.56221,1.147461528,2471.49,0.69308,0.982678219,13.93038421,1.108923997,-3.9327958,-3.911008533
7.41464,12.56279,1.694322314,2899.59,0.74308,1.06168846,13.77204902,0.787612751,-3.775214485,-3.692651671
6.18664,12.83222,2.074182432,2224.88,0.70894,0.772084969,18.2495521,1.105256462,-4.272655319,-3.958171205
4.31087,7.7671,1.801747675,1487.68,0.61816,0.556174367,15.8544717,1.542773449,-3.88356809,-4.074224116
9.88681,11.25321,1.138204335,2525.06,0.72208,1.102267489,10.54276424,0.543975525,-3.559629756,-3.338616589
8.23046,13.93661,1.693296608,2673.77,0.75038,1.063370282,19.4569375,1.158486421,-4.109997874,-3.83497668
4.146,5.27667,1.272713459,728.873,0.52182,0.421349267,22.12916341,3.17873481,-4.731044085,-5.192035524
4.56478,7.19069,1.575254448,939.672,0.55654,0.42490781,16.41975777,1.332322369,-3.58374965,-4.08315033
4.43531,6.98874,1.575704968,1837.37,0.60518,0.702425957,18.89662013,1.891312657,-4.225247687,-4.213343373
4.21694,6.93935,1.645588982,1637,0.59946,0.634770371,18.51606823,1.566251481,-4.25825844,-4.222830321
5.67839,6.29148,1.107968984,758.172,0.52096,0.300488548,17.91507489,1.755796845,-2.834088838,-3.350513532
5.45003,6.08438,1.116393855,746.235,0.51598,0.295409524,18.33037966,1.833574003,-2.787231917,-3.314076892
9.36955,10.28847,1.098075148,1288.78,0.5922,0.617226047,19.13357186,1.270144269,-4.452222308,-4.285108803
4.75286,5.24143,1.102794949,387.193,0.41706,0.240948403,17.85994696,0.765187196,-2.866729213,-3.360069188
7.75151,19.92035,2.569867032,4661.65,0.8176,1.964685641,8.157649508,0.63225203,-3.338782037,-3.320045106
6.42877,8.06449,1.254437474,1735.19,0.64948,0.653342561,19.4368973,1.581408878,-4.513128715,-4.377116057
5.30054,7.18071,1.354712916,1772.64,0.63984,0.623230897,19.34918058,1.576881404,-4.653748398,-4.549686758
6.17686,8.70352,1.409052496,1314.29,0.63354,0.572386253,14.3457339,0.992479641,-3.751795034,-3.724453046
13.27334,13.47664,1.015316416,2034.15,0.69836,0.983177744,18.52407145,1.589951379,-4.473993932,-4.305711805
10.7455,11.47981,1.068336513,1344.75,0.63868,0.557769899,11.01620833,0.480304153,-3.098251159,-3.114439998
10.74209,11.51419,1.071876143,1347.31,0.64112,0.560909886,11.07247469,0.487221304,-3.089118904,-3.117948542
5.54947,9.21896,1.661232514,1451.9,0.58362,0.625004016,16.06988428,2.17855726,-3.312655703,-3.670171899
5.43687,9.32301,1.714775229,1385.03,0.58002,0.609917548,16.33825156,2.242572569,-3.384004163,-3.725273599
4.06161,5.32548,1.311174633,476.164,0.50186,0.335858552,18.41646779,0.756662302,-4.110176814,-4.243595287
4.88565,5.0519,1.034028226,345.654,0.46146,0.305841651,17.93704085,0.586000967,-3.089845243,-3.499068089
4.94322,5.11017,1.033773532,348.373,0.46644,0.311743515,17.62463006,0.55447295,-3.156390372,-3.516087151
5.02601,5.1864,1.031911994,383.441,0.46914,0.316409253,17.4039972,0.573531855,-3.168819959,-3.558317386
5.00326,5.16234,1.031795269,384.303,0.4668,0.312933652,17.49156128,0.577166018,-3.160813849,-3.639553487
5.02281,5.18598,1.0324858,383.829,0.46988,0.316844235,17.33705067,0.567785433,-3.18206538,-3.496599379
4.99439,5.14847,1.030850614,403.219,0.46774,0.315720553,17.29025796,0.554343889,-3.220089397,-3.564620519
4.91671,5.07682,1.032564459,365.373,0.46468,0.310525718,17.70326453,0.568962318,-3.157059791,-3.473939998
5.01099,5.19048,1.035819269,388.112,0.4702,0.318931018,17.22075382,0.546418757,-3.168676734,-3.58818681
4.98367,5.16273,1.035929345,379.738,0.46598,0.313371307,17.47960845,0.561079356,-3.083652355,-3.577875083
4.99038,5.16264,1.034518413,390.564,0.46744,0.314226366,17.47284995,0.569007043,-3.133439517,-3.49491667
4.35949,5.09274,1.16819628,532.704,0.47664,0.322546591,19.78813068,1.361885877,-3.503224382,-4.357875635
4.99057,7.01369,1.405388563,516.603,0.47134,0.403624001,16.82417814,0.470376508,-3.856378595,-4.51552459
5.08651,7.10061,1.395968945,559.058,0.47504,0.410944921,17.11533705,0.532160498,-4.311553951,-4.512717955
5.22809,7.23384,1.383648713,575.002,0.484,0.432335864,16.19804354,0.43860135,-4.174549589,-3.966600913
5.09264,6.26427,1.230063386,2411.6,0.65386,0.785833697,14.32711501,1.650071477,-3.654699981,-3.720456187
7.67167,10.27831,1.339774782,2922.27,0.70564,1.016069577,13.59173615,1.421733988,-3.865857279,-3.834720072
6.03194,8.49795,1.408825353,3283.08,0.735,0.954977055,12.46888963,0.694622915,-3.752084008,-3.748902777
4.94828,5.4924,1.109961441,1400.28,0.6196,0.510290642,16.06980388,1.142582782,-3.990432282,-4.046132465
4.36372,7.19009,1.647697377,1236.06,0.55574,0.534452747,18.8489863,2.52567588,-3.995895052,-4.191171066
4.52273,5.3255,1.177496777,561.466,0.5167,0.317023039,15.84770804,0.747304583,-3.118379854,-3.496654034
6.38689,7.02334,1.099649438,777.944,0.53406,0.316949555,16.94907192,1.583614309,-2.906068,-3.383183111
4.03981,8.5056,2.105445553,782.841,0.57816,0.452536005,16.21882336,0.541086085,-4.185484767,-4.231000491
4.12189,8.21931,1.994063403,773.642,0.58244,0.456339661,15.8748553,0.484635678,-4.108571658,-4.111525569
7.35018,9.71439,1.321653347,1525.51,0.68302,0.641550195,12.39030316,0.46927034,-4.250006598,-3.793023272
3.93376,5.7859,1.470831978,1061.51,0.55152,0.502757546,18.17611036,1.559013745,-4.732974059,-4.758893251
3.83237,5.36995,1.401208652,636.727,0.51436,0.426256951,22.7754042,2.704538166,-4.097908646,-4.82720397
5.51273,6.23351,1.130748286,2602.63,0.70158,0.761525787,12.76209211,1.466713884,-3.321768467,-3.394484934
4.11195,4.69664,1.142192877,1240.58,0.59184,0.539266873,17.46017306,1.808888477,-3.474862654,-3.657267946
4.62513,5.76822,1.247147648,1093.55,0.56466,0.508404988,17.1226557,1.51188811,-4.105093738,-4.330044686
6.53639,8.26997,1.265219793,2774.46,0.72522,0.940696994,12.0597818,1.169984086,-3.358666628,-3.438455911
6.61957,8.20931,1.240157593,2763.89,0.71726,0.91158771,12.20251957,1.149745894,-3.392018646,-3.472553539
5.53828,7.03754,1.270708595,2279.26,0.65416,0.703311637,13.4465336,1.028718021,-3.55872683,-3.616132453
9.90922,20.37708,2.056375779,3587.2,0.828,1.6069869,9.591598508,0.609298858,-3.522388116,-3.513980845
9.49767,11.24994,1.184494723,3709.73,0.79266,1.429509214,9.64005211,0.706630496,-3.340882802,-3.368236362
5.07098,10.40468,2.051808526,2268.58,0.66682,0.799192681,16.89412238,1.256517565,-3.770435273,-3.741436878
4.82619,7.16379,1.484357226,1243.97,0.59762,0.601186842,18.05676119,1.947420813,-4.173250263,-4.218508181
7.18297,17.06774,2.376139675,2104.22,0.69226,0.887957938,19.86440191,2.434049679,-4.028541304,-3.947351158
4.86183,6.41301,1.319052702,601.77,0.49572,0.429767829,23.17096349,2.055799208,-4.993663033,-4.835037916
7.52711,9.02632,1.199174716,3201.03,0.76362,1.034346838,6.019137738,0.193017419,-3.164263725,-3.197961098
8.21137,10.58889,1.289539991,3667,0.8007,1.288316018,4.930030297,0.176027472,-3.10684678,-3.155675093
10.84338,15.26084,1.407387733,2079.12,0.72518,0.868795346,15.48413132,1.197178017,-4.179286909,-4.191716477
9.2554,11.07723,1.196839683,1264.7,0.62052,0.658693949,13.62850804,0.911165031,-3.343310218,-3.435516719
4.03207,5.56405,1.379948761,1542.83,0.60148,0.613769507,15.59880132,1.476876406,-4.18735554,-4.214291809
4.13005,6.0819,1.472597184,1487.3,0.59992,0.610831901,15.67145601,1.438784755,-4.219486166,-4.342153956
5.16856,5.80851,1.123815918,1029.51,0.54928,0.468257419,16.74490992,1.667250124,-3.378437369,-4.155290545
7.98095,9.37773,1.175014253,2417.23,0.68628,0.919725696,13.52601562,1.23843769,-3.721256187,-3.764122791
6.44934,7.90061,1.225026127,1584.9,0.62044,0.570252112,13.41187902,0.860402709,-3.751190972,-3.781490869
4.74475,6.7857,1.430149112,1024.9,0.56918,0.456692155,15.95942136,1.012725823,-4.381415117,-4.455953168
4.40026,5.67314,1.289273816,1337.13,0.68924,0.477584224,11.87156553,0.36926243,-3.72546743,-3.789798862
4.43683,5.72943,1.291334128,1445.99,0.69446,0.486858617,11.70771576,0.383544015,-3.670621611,-3.719878615
7.15132,15.60203,2.181699323,4009.59,0.7783,1.33325796,13.58172821,1.190794756,-3.634050322,-3.611313382
4.73452,5.76312,1.217255392,1864.99,0.64784,0.672648627,14.67350809,1.252298004,-4.007186957,-4.189868505
4.01709,5.3881,1.34129432,833.666,0.55242,0.520718649,19.1025755,1.623534477,-5.026522245,-5.285159481
7.32788,8.13471,1.11010415,1328.07,0.66578,0.540629644,13.89387012,0.646301709,-3.934690725,-4.010490799
7.41537,8.18288,1.10350259,1340,0.66352,0.538807594,14.06841616,0.674935995,-3.898530238,-3.972135818
7.67164,8.21788,1.071202507,1397.34,0.67178,0.554997439,13.79775992,0.66920532,-3.848886029,-3.941202904
7.79985,8.32352,1.067138471,1312.52,0.66686,0.540111933,13.60357424,0.637990419,-3.810872635,-3.882694738
7.62763,8.30771,1.089160067,1338.91,0.66736,0.546232863,13.66129099,0.63382062,-3.878939484,-3.953984043
4.57125,7.106,1.554498223,784.155,0.52752,0.37356334,16.36634035,1.045760954,-4.042725367,-4.340737558
7.52386,8.16009,1.084561648,1339.59,0.66272,0.54013611,13.81816257,0.656444445,-3.911706486,-3.959790725
7.79803,8.41278,1.078834013,1368.5,0.67308,0.558127964,13.5755228,0.641413024,-3.828367595,-3.910311447
4.91458,6.80411,1.38447436,2524.6,0.68262,0.878438983,15.56973068,2.008571813,-4.003214818,-4.09281796
5.8505,6.03686,1.031853688,1132.86,0.58636,0.522980048,14.88221833,1.058946767,-2.910137556,-3.239826402
6.70407,7.25727,1.082517038,787.458,0.47158,0.384179226,16.82356452,1.184559498,-2.724821021,-3.119491382
5.06719,7.09965,1.401101991,1675.11,0.61886,0.585731052,14.54802325,1.091602952,-3.615254124,-3.698954498
6.68961,13.2781,1.984884022,2162.49,0.7225,0.81515822,18.53415463,0.964618033,-4.195179676,-3.8894267
6.5701,13.193,2.008036407,2210.71,0.72222,0.812856783,18.17344978,0.991540057,-4.178157042,-3.902409332
6.64275,13.20287,1.987560875,2201.29,0.7231,0.820746697,18.13342094,0.972509684,-4.113046375,-3.907187467
6.60546,13.18132,1.995518859,2181.3,0.72282,0.81674484,18.1558906,0.976208814,-4.160192666,-3.941356252
6.68183,13.19195,1.97430195,2171.13,0.72382,0.823671187,18.19296481,0.950805707,-4.051671017,-3.895717311
6.69993,13.19966,1.970119091,2167.39,0.7232,0.82119109,18.34641092,0.951154438,-4.12246483,-3.891133971
6.66924,13.25601,1.987634273,2229.54,0.7244,0.827108705,17.9877726,0.953022085,-4.152478392,-3.925277338
8.27815,8.89284,1.074254513,2880.12,0.75336,0.897070731,10.41594137,0.452974763,-3.44201841,-3.42676728
4.70156,5.98836,1.27369639,1367.97,0.5669,0.499145931,17.36333397,2.054952499,-3.624052879,-3.84215717
7.94447,8.29761,1.044451046,1902.31,0.65206,0.753697633,15.40351463,1.374429284,-4.061160724,-4.030315799
7.94315,8.31402,1.046690545,1905.69,0.65228,0.753951925,15.39078649,1.37585172,-4.028871301,-4.062142117
10.90273,11.49614,1.054427653,1285.96,0.63924,0.56251815,11.09796355,0.503599728,-3.093417714,-3.107965474
10.75448,11.457,1.065323474,1248.66,0.63676,0.543088155,11.1982723,0.498913464,-3.125557824,-3.181662824
10.64671,11.40307,1.071041665,1079.51,0.62802,0.474378342,11.51059388,0.492605197,-2.992730104,-3.101009572
10.95857,11.78987,1.075858438,1368.61,0.64822,0.603281557,10.62399538,0.45222552,-3.133624109,-3.185527946
10.75702,11.6018,1.078532902,1231.33,0.65904,0.536686265,12.02005508,0.609979672,-3.195377072,-3.230221732
10.64506,11.38518,1.069527086,1074.64,0.62758,0.474311108,11.47176022,0.480245787,-3.04182817,-3.082195144
10.62301,11.39174,1.072364612,1088.8,0.62762,0.475340059,11.39663251,0.468445928,-3.063711972,-3.107753538
10.57016,11.32953,1.071840918,1110.12,0.62972,0.476587629,11.48460783,0.478563676,-3.121957482,-3.158052333
11.06125,11.7757,1.064590349,1356.1,0.64684,0.601258587,10.56478121,0.452005061,-3.086160421,-3.087738947
11.07374,11.88903,1.073623726,1359.45,0.65134,0.605385209,10.66816512,0.466728985,-3.079345451,-3.090037365
10.82581,11.40668,1.053656031,1294.75,0.63544,0.558525459,11.15862202,0.510550792,-3.154277044,-3.106046552
10.79186,11.55541,1.0707524,1238.1,0.64,0.545038025,11.2650334,0.520320808,-3.143494678,-3.1439296
10.81874,11.57951,1.070319649,1222.22,0.6622,0.537290666,12.07261957,0.635273416,-3.19212564,-3.154220681
10.88858,11.43729,1.050393164,1264.74,0.63788,0.545429671,11.22529249,0.501050459,-3.194746825,-3.200441836
11.05538,11.52097,1.042114337,1296.77,0.63882,0.566440263,11.00418007,0.490957547,-3.005309864,-3.063335975
10.88298,11.69077,1.074225074,1217.22,0.66136,0.539221042,11.98859061,0.62903932,-3.071042033,-3.196718342
6.46655,11.06918,1.711759748,3361.09,0.75462,1.013273178,12.22851543,0.883369619,-3.675327186,-3.667174926
7.45633,8.75515,1.174190252,2583.43,0.70352,0.79585691,15.21893312,1.552774874,-3.60069237,-3.827524369
4.24065,5.14726,1.213790339,733.99,0.52196,0.482737572,22.32955246,2.826177051,-4.282909959,-4.817528385
4.31105,5.20924,1.208345995,720.06,0.52204,0.481840082,22.34860553,2.897482728,-4.266853307,-4.842707886
4.15335,5.06649,1.219856261,698.549,0.51966,0.479152452,22.50075246,3.002548667,-4.359273709,-4.944553463
7.84231,9.63817,1.228996303,1856.81,0.68382,0.706238117,12.36074899,0.505212902,-3.686815586,-3.706882627
4.95411,5.58641,1.127631401,247.714,0.42952,0.250013097,17.79739139,0.450734606,-3.392078427,-3.979154375
5.57745,6.73617,1.207750854,1558.49,0.64406,0.526653202,12.58226453,0.687218378,-3.755765991,-3.797912209
5.52931,6.74228,1.219370952,1541.66,0.64732,0.522782704,12.65346079,0.692699876,-3.745160249,-3.804592737
5.5633,6.72492,1.208800532,1533.55,0.6466,0.518557726,12.6641605,0.690703009,-3.779812451,-3.842778968
8.38156,8.70899,1.03906552,3336.55,0.78544,1.14229203,5.207437838,0.175501366,-3.12698903,-3.172421145
8.24745,8.57279,1.039447344,3231.08,0.78816,1.116470403,5.33915817,0.176922278,-3.140974366,-3.118477482
8.47314,8.79766,1.038299851,3470.84,0.78884,1.196787892,5.078410645,0.175071826,-3.131925987,-3.2348299
8.34849,11.31649,1.355513392,2932.93,0.73996,1.121816106,11.09954013,0.732983037,-3.480578578,-3.431201023
4.35736,7.59167,1.742263664,874.592,0.55396,0.385685442,14.22319902,0.584458496,-3.819107673,-3.897685802
5.53023,6.24795,1.129781221,2618.01,0.70226,0.765037442,12.70658892,1.466174366,-3.292398468,-3.389707883
5.43307,6.88574,1.267375535,2564.42,0.69694,0.745439805,13.19824107,1.573337755,-3.307079248,-3.426167419
5.58095,6.84864,1.227145916,2641.33,0.70248,0.768503689,12.71098451,1.441165149,-3.322008549,-3.390760549
5.54383,6.2822,1.133187706,2635.62,0.7047,0.771426882,12.6145018,1.440890283,-3.301643318,-3.370090673
5.52998,6.2305,1.126676769,2607.18,0.702,0.765305288,12.67270954,1.43999908,-3.324887725,-3.40137705
4.08035,8.60996,2.1101033,1751.77,0.62412,0.699569242,18.31664306,2.097875205,-4.074528247,-4.240647169
5.84334,7.60651,1.301740101,2298.34,0.66298,0.74294295,12.63314669,1.10546072,-3.515759821,-3.585922251
4.10064,4.8322,1.17840142,679.338,0.532,0.418861358,21.58140904,2.678009257,-4.459236688,-4.862898315
4.25829,5.05781,1.187756118,262.756,0.3907,0.194209987,23.72794175,1.164561183,-3.072020604,-3.858174114
4.11246,5.10711,1.241862535,256.607,0.41838,0.208300557,18.79208395,0.480609385,-3.117381128,-3.569028181
3.97439,5.66406,1.425139455,1511.69,0.63118,0.518550772,15.70470718,1.431713454,-3.513415102,-3.714465561
4.80162,6.76874,1.4096784,1763.4,0.6401,0.595480636,15.33724206,1.743662677,-3.604443059,-3.750923766
5.76711,8.64942,1.499784121,964.048,0.63514,0.3843254,9.804588151,0.194478105,-3.308167765,-3.320405132
4.45617,4.94603,1.109928481,588.67,0.51764,0.331718446,15.46666374,0.537908164,-2.989275193,-3.179738235
4.50865,5.05516,1.121213667,509.707,0.55578,0.286350217,15.75836999,0.511490499,-3.150941741,-3.370448492
6.48549,7.09668,1.094239603,847.573,0.52214,0.424007666,15.82392489,0.98005333,-3.594243607,-3.796074845
5.41366,7.45968,1.377936553,3082.43,0.70364,1.033354481,14.6562379,1.946702006,-3.896632008,-4.028455103
4.57463,5.69204,1.244262378,1094.95,0.566,0.511555182,18.40096735,1.917159348,-4.176819414,-4.358075608
5.3048,8.5131,1.604791887,3919.89,0.7317,1.225121265,14.82657544,1.459165259,-4.013840399,-4.000533027
4.00763,8.23055,2.053720029,1725.06,0.6435,0.813117024,14.8712747,1.240114206,-4.196847815,-3.907823425
9.16908,11.02009,1.201875215,1137.17,0.58894,0.575924115,14.19805778,1.002697481,-3.230556137,-3.338917683
6.77493,8.38862,1.238185487,1397.17,0.5852,0.662826231,12.80554134,0.54461568,-3.706553599,-3.78013265
4.12404,5.46793,1.325867353,580.8,0.50342,0.424243446,21.86779622,2.231012519,-4.362179411,-5.333810631
10.88335,11.49174,1.055900986,1241.27,0.64072,0.54497359,11.20252793,0.509452409,-3.05476357,-3.142732727
4.77619,6.50652,1.362282489,1370.96,0.57322,0.539861931,16.57695288,1.369668103,-3.817577327,-4.038372313
4.76212,7.16308,1.504178811,1563.98,0.59774,0.590191451,15.3677439,1.230425536,-4.275665191,-4.307078193
4.09689,5.39541,1.316952615,1002.02,0.50016,0.405519791,19.92236543,1.945528849,-3.648275544,-3.863922813
4.58604,7.47672,1.630321585,1763.41,0.62816,0.666225458,17.78052858,2.677106446,-4.046335746,-4.053789872
3.83367,5.04944,1.317129539,835.247,0.57222,0.493089067,20.03573897,2.107734214,-4.021839606,-4.489131102
3.82141,5.05464,1.322715961,837.919,0.57504,0.495130835,20.03275392,2.099507845,-4.053903153,-4.491453111
6.40353,7.28891,1.138264364,1568.32,0.61566,0.725809589,21.97201501,2.310592919,-4.147669146,-3.988294172
6.771,9.5833,1.415344853,1825.57,0.68152,0.740863943,12.10878217,0.722118914,-3.670778618,-3.439201948
6.45176,9.80418,1.519613253,1963.35,0.67426,0.765425203,11.71078007,0.679718079,-3.917392662,-3.936542439
4.95704,6.0526,1.221010926,720.619,0.49142,0.448691142,17.63783882,0.852665779,-4.043808036,-4.126432005
4.69208,8.09916,1.726134252,912.99,0.52074,0.496576583,17.70484477,1.057294875,-4.470228672,-4.552667827
3.81491,8.83929,2.317037623,1463.71,0.59704,0.607294162,17.35629088,2.608646831,-4.447657336,-4.378851968
4.57898,8.75163,1.911261897,2495.83,0.64868,0.819919333,16.1807093,2.649438441,-3.790996704,-3.839800911
3.8004,8.91057,2.344640038,1543.25,0.60862,0.644264582,16.76075614,2.294333859,-4.58180149,-4.496621229
3.82289,8.8152,2.305899463,1561.09,0.60764,0.636437525,17.06608726,2.459395091,-4.45481776,-4.445862786
4.59038,8.8603,1.930188786,2453.17,0.66052,0.79072184,15.3622396,2.07132447,-3.705828197,-3.777754875
6.13062,13.83308,2.256391686,889.461,0.57056,0.533652587,16.47545557,0.869367634,-4.326636436,-4.601420294
5.75649,10.56447,1.835227717,2067.12,0.71746,0.76494063,19.21614955,1.028074464,-4.048482764,-3.79809775
7.58192,8.31671,1.096913447,1452.39,0.67452,0.563984649,13.08067856,0.619981417,-3.766910639,-3.82398241
8.74362,10.02859,1.14696087,2361.15,0.71526,0.858328823,14.64455989,1.097131386,-3.713200692,-3.709112528
8.829,10.07569,1.141203987,2412.57,0.7208,0.883207779,14.54299001,1.073033941,-3.735412466,-3.722810015
5.1267,11.12385,2.169787583,1394.76,0.6626,0.670136353,19.04122127,0.903624879,-5.070308706,-4.68300267
4.39114,10.03517,2.285322263,1274.04,0.5942,0.554741255,16.39211557,1.046856552,-4.153210616,-4.174041388
4.52398,7.17145,1.585208157,1523.19,0.60376,0.599956277,16.91701025,1.85977202,-4.032617174,-4.090680356
4.42397,7.1893,1.625078832,1256.77,0.5928,0.495233958,17.35008111,1.692419599,-4.204998816,-4.254637861
4.47496,7.10811,1.588418667,1245.71,0.5954,0.498238508,17.18565213,1.642079637,-4.12631952,-4.199330762
4.61334,7.43495,1.611619781,1424.59,0.61094,0.555389902,16.33106384,1.500441289,-4.028596511,-4.113617547
4.54841,7.33279,1.61216557,1374.02,0.60744,0.544671999,16.47014362,1.509723719,-4.080704265,-4.174844009
4.51709,7.56073,1.673805481,1331.16,0.60318,0.531230184,16.46535855,1.430776196,-4.26853859,-4.301949691
4.58286,7.31141,1.595381487,1377.3,0.60742,0.538225704,16.59666716,1.544798163,-4.038936775,-4.107953304
4.46533,7.29188,1.632999129,1308.26,0.59566,0.510039645,16.89231378,1.563958226,-4.148890206,-4.202092017
4.4641,7.3373,1.643623575,1275.03,0.5942,0.504988697,16.88636195,1.52171687,-4.286463634,-4.29587249
4.44483,7.25725,1.63273961,1279.54,0.59316,0.500641458,16.9974516,1.569890701,-4.186613568,-4.227618452
3.89955,5.07471,1.301357849,258.176,0.49194,0.358894296,21.47105822,1.440682849,-4.222189297,-4.804234178
4.41246,5.52672,1.252525802,557.463,0.47838,0.357795695,20.65874788,1.722022829,-3.234414061,-3.988388181
4.3714,5.49841,1.25781443,614.56,0.48644,0.359441965,20.84682753,1.765855314,-3.237373958,-4.049729459
5.54367,7.07962,1.27706375,1686.38,0.63618,0.639167469,17.88067251,1.567225737,-4.109555665,-4.05143863
4.38111,6.44243,1.470501768,1584.65,0.59318,0.607250604,18.69695949,2.687418345,-4.270959187,-4.479170196
6.92477,7.62222,1.100718147,2200.35,0.66538,0.754348632,12.64082422,0.915309363,-3.637070306,-3.707008311
6.96811,7.67683,1.101709072,2172.38,0.66442,0.752427707,12.71728372,0.906287467,-3.655544325,-3.693000819
6.78537,7.50015,1.105341345,2253.99,0.66724,0.7612272,12.63864049,0.909669121,-3.631958139,-3.652095122
6.81104,7.57949,1.11282418,2172.13,0.66514,0.747151033,12.7985108,0.958656398,-3.610798892,-3.711198235
4.38331,6.74211,1.538132142,1002.39,0.56112,0.500879252,18.54599247,0.999259856,-5.106856585,-5.020158199
7.46506,15.39913,2.062827358,3516.88,0.75948,1.324608188,8.892815524,0.41538015,-3.51917721,-3.512674951
8.6308,15.82486,1.833533392,4194.59,0.81936,1.720513197,7.889665572,0.480312995,-3.307155677,-3.283854904
5.14242,9.6589,1.878279098,1977.4,0.65304,0.766057182,12.37358896,0.491701084,-4.066061431,-4.06097699
9.8601,17.02678,1.726836442,4791.8,0.82956,2.057588467,6.865289356,0.418655155,-3.254991449,-3.209059916
11.04076,18.83776,1.706201385,5179.17,0.84878,2.400076913,6.372889273,0.419051494,-3.183585711,-3.134379471
5.49118,9.43325,1.717891236,2682.59,0.68322,0.923010829,12.62875007,0.782894894,-3.846662118,-3.829116186
5.66915,8.39488,1.480800473,1840.05,0.65236,0.728921546,11.90615493,0.576487014,-3.911553271,-3.904136477
6.61649,9.97603,1.5077526,2716.73,0.70778,0.976508229,11.02665556,0.604824962,-3.71549576,-3.748162711
6.24123,8.23227,1.319014041,872.412,0.59654,0.476595269,14.77663325,0.525313625,-4.391443418,-4.345973824
8.23621,13.74339,1.668654636,4005.21,0.79656,1.442288367,7.554625061,0.395445799,-3.273569411,-3.275061794
12.08403,12.38134,1.024603547,2036.14,0.744,0.921349678,8.79649799,0.235230157,-3.661223148,-3.622602559
7.81628,14.53341,1.859376839,3043.22,0.76952,1.106912449,9.290627699,0.418174801,-3.479798906,-3.421888047
6.78856,10.21096,1.504142263,2739.44,0.7235,0.948034352,9.597929049,0.411399689,-3.56562948,-3.568738452
5.03586,8.49984,1.687862649,1561.97,0.61898,0.623457673,13.46976233,0.696137098,-3.943149978,-3.90722442
4.31366,9.21841,2.137027489,1338.02,0.60768,0.599988152,13.27428262,0.461235653,-4.078593174,-4.176214016
8.02745,11.1208,1.38534653,2681.31,0.71352,0.99498547,11.13281375,0.632375722,-3.664198332,-3.677847646
7.63358,14.04257,1.839578546,1861.17,0.73444,0.725222423,9.438083633,0.23338813,-3.560827057,-3.5716721
8.937,13.6058,1.522412443,4228.68,0.80374,1.681239332,9.48573647,0.692911871,-3.413627589,-3.430529661
4.56707,7.42185,1.625079099,1082.29,0.60242,0.442104182,14.5988765,0.512172248,-4.289017573,-4.324651763
8.37226,15.73732,1.879697955,4255.86,0.81496,1.754409381,8.201064272,0.526195214,-3.313853413,-3.300171227
9.85657,15.58677,1.581358424,4270.1,0.82504,1.813952466,6.689413148,0.3613399,-3.223504784,-3.241682503
9.22072,13.79662,1.496262765,4969.05,0.83554,1.973275268,6.628284499,0.378921171,-3.149417955,-3.168460813
7.30038,14.83508,2.032096959,4016.09,0.7845,1.560647415,8.638011812,0.445831851,-3.45063934,-3.42747237
6.25609,11.01021,1.759918735,2884.91,0.72392,0.991748671,9.283057151,0.382102396,-3.563170181,-3.537530713
4.41471,6.44862,1.460712029,1249.83,0.6082,0.579580324,15.38560368,0.877428319,-4.146025685,-4.115799335
9.60592,14.23114,1.481496827,4256.65,0.82006,1.721986691,7.198717772,0.425565079,-3.258121611,-3.305246991
11.7071,16.19958,1.383739782,5218.06,0.84086,2.296822973,6.99554699,0.478191661,-3.22251906,-3.215480968
6.75446,11.71753,1.734784128,1926.52,0.70588,0.702514953,10.72509062,0.342988233,-3.746826742,-3.7760588
8.81282,15.66291,1.777286952,3979.57,0.78914,1.553871782,8.776514472,0.534764681,-3.384358091,-3.388030864
4.94512,9.10223,1.840648963,1318.07,0.62584,0.534353361,11.07612572,0.294318626,-3.836191223,-3.849442892
7.16817,14.65581,2.04456786,2599.61,0.74408,0.960432871,9.635255178,0.362451858,-3.596934067,-3.571463137
5.68768,9.0278,1.58725526,2490.35,0.69172,0.828125524,11.63916906,0.659305171,-3.614176322,-3.618987337
6.30052,11.77104,1.868264842,2437.28,0.70068,0.906111871,9.741970826,0.34826832,-3.663353608,-3.695171248
6.35167,11.21522,1.76571201,2722.28,0.72062,0.973112537,10.63513642,0.529980792,-3.703336549,-3.655349005
5.30279,9.89667,1.866313771,1932.04,0.6658,0.723114017,12.0841838,0.563071359,-3.896390028,-3.947922843
29.81855,30.86782,1.035188498,6693.84,0.9347,6.084335781,3.771897366,0.548959068,-2.717934783,-2.745847986
12.29107,19.85841,1.615677886,6376.09,0.88944,3.45023682,5.091053652,0.453244723,-2.99496295,-2.988377622
9.23847,16.71115,1.808865537,4155.55,0.81764,1.800513086,8.149808748,0.503995094,-3.308406938,-3.338311402
8.24032,14.04283,1.704160761,3965.21,0.78636,1.43913384,9.126677399,0.584892295,-3.377849782,-3.42231472
13.99286,21.25617,1.519072584,6110.66,0.90248,4.013091194,4.778647273,0.463088304,-2.945503234,-2.959006546
9.20227,16.15304,1.755332108,4280.76,0.81586,1.799359089,8.664527991,0.590755391,-3.337870978,-3.348036298
7.0521,13.97259,1.981337474,2503.66,0.70966,0.891765688,11.23129439,0.51902536,-3.676522303,-3.699977789
5.32756,11.63552,2.184024206,2165.86,0.69384,0.811594203,10.9948632,0.476858509,-3.776147107,-3.752121337
9.00297,16.22184,1.801832062,4295.79,0.82444,1.838769752,7.367336254,0.413054052,-3.293457163,-3.282815327
7.96989,12.71714,1.595648121,2645.69,0.71704,0.978182428,14.13119705,0.686000017,-3.769829729,-3.739523819
16.89053,18.49241,1.094838942,1574.71,0.77368,0.782745761,7.824565831,0.145422852,-3.409021361,-3.420927092
6.81833,10.67091,1.565032787,3448.55,0.75032,1.181024157,9.520306108,0.450422898,-3.533158076,-3.525522246
8.18408,16.08754,1.965711479,3894.78,0.80064,1.555338414,7.630168222,0.375222324,-3.323407071,-3.323056668
4.04868,8.03932,1.985664463,769.499,0.59676,0.529629465,13.4919915,0.424490781,-4.543863834,-4.488735344
5.28696,8.43931,1.596250019,2164.61,0.6738,0.782383029,11.58978427,0.590634898,-3.644203924,-3.660649182
11.99886,20.55663,1.713215255,5841.38,0.87984,3.163162587,5.415295831,0.445099489,-3.046721341,-3.005072857
12.12997,17.5124,1.443729869,4888.33,0.8535,2.424364652,6.394435216,0.40180317,-3.204033211,-3.201763825
8.28353,11.34384,1.369445152,4241,0.78912,1.407135177,7.69715709,0.407766377,-3.258744089,-3.245246737
6.71112,12.03359,1.793082228,2516.12,0.71434,0.908180156,11.49179128,0.643345399,-3.537837561,-3.566258098
11.99899,17.72882,1.477526025,5202.83,0.85818,2.638459315,6.420453265,0.439186855,-3.171053073,-3.165768302
6.74592,11.52912,1.709050804,3031.91,0.73552,1.107779245,10.21851265,0.589183706,-3.462129433,-3.454487001
7.61337,15.88492,2.086450547,4109.11,0.79612,1.571440415,8.152343777,0.445110784,-3.387552721,-3.346548804
4.03989,8.87659,2.197235568,1259.56,0.63032,0.513197961,12.48821084,0.38143863,-4.241571588,-4.218707199
4.21044,9.82617,2.333763217,1055.87,0.62788,0.491718289,14.00157178,0.401982665,-4.711591613,-4.749585765
5.1846,9.52956,1.838051151,1160.93,0.63842,0.486890072,12.77845698,0.318741661,-4.307967518,-4.264947795
10.87819,15.78123,1.450722041,4784.18,0.85456,2.30239087,6.081164073,0.374027091,-3.186041342,-3.171757393
9.21752,17.37293,1.884772694,4306.96,0.82444,1.795958201,6.565960236,0.337604421,-3.187642052,-3.184566907
3.96751,6.1889,1.559895249,502.036,0.53098,0.472679687,18.57332094,1.107992034,-4.827563322,-4.936902642
7.58589,10.76138,1.418604804,2805.72,0.76036,1.003737151,7.786464133,0.280743241,-3.333073136,-3.342497379
17.53921,21.685,1.236372676,5565.94,0.90078,3.730262259,5.216486974,0.477520268,-2.943605587,-2.965309975
13.5586,18.28784,1.348800024,5351.35,0.88796,3.0435334,4.932674476,0.406916802,-2.954139632,-2.995782656
19.07381,21.17046,1.109922978,4567.55,0.8921,2.781120429,4.917434747,0.345968559,-2.92107793,-3.031506979
17.31443,20.77643,1.199948829,5132.19,0.89952,3.403006079,4.85247397,0.403193105,-2.932233892,-2.930015524
16.61296,19.62649,1.181396332,4749.43,0.89526,3.111966991,4.951732303,0.379926231,-2.922495862,-2.944929803
10.46009,12.77927,1.221717022,4415.15,0.82784,1.869185889,6.680533762,0.349488622,-3.216330552,-3.28587325
11.72979,15.03194,1.281518254,3939.93,0.86008,1.839507229,5.496703801,0.263977395,-3.138865958,-3.137725826
16.6109,21.20738,1.276714687,5219.95,0.9015,3.306315558,4.700114342,0.40529299,-2.921987006,-2.893752329
14.75528,17.08535,1.157914319,5277.08,0.85996,2.487475269,5.844264133,0.353155682,-3.187647748,-3.228664061
8.30186,11.93121,1.437173115,3753.83,0.76562,1.293384081,8.89497108,0.410398423,-3.517218636,-3.48621315
16.92765,21.83544,1.289927426,5176.41,0.90816,3.68329264,4.453087246,0.408341208,-2.883621516,-2.886456517
11.07962,15.63188,1.410867882,4420.14,0.84344,1.990076046,5.890858973,0.351080669,-3.111494616,-3.118364643
16.51265,21.70721,1.31458064,5328.41,0.90298,3.476530015,4.625444155,0.386006404,-2.94872043,-2.912081322
17.63026,21.33243,1.209989529,5362.11,0.90106,3.570703949,4.752196906,0.405241455,-2.945248493,-2.91877544
13.6746,19.06072,1.3938777,5062.48,0.85866,2.491736868,6.321237968,0.340417796,-3.18497716,-3.259269192
21.54787,24.40483,1.132586655,6241.82,0.91272,4.376714299,4.164889871,0.44383655,-2.828770314,-2.813284264
19.37232,22.75672,1.174702875,6655.65,0.92444,4.918934738,3.283349066,0.432446312,-2.728841744,-2.711651107
12.38391,14.90552,1.203619858,4652.36,0.85478,2.222667159,5.529059878,0.329815609,-3.120379632,-3.031989415
16.28042,20.90483,1.28404734,5794.97,0.91332,4.135008489,4.659647098,0.474391006,-2.893139083,-2.91071576
18.39779,20.91569,1.136858829,6255.19,0.915,4.510032975,4.194444438,0.462327652,-2.845576116,-2.928915152
11.10404,14.77469,1.330568874,4738.43,0.82764,1.931243043,7.014942703,0.416423378,-3.19818381,-3.355414634
17.9321,19.43069,1.083570246,5055.44,0.87902,2.625060847,5.22438743,0.350824149,-3.05701703,-3.044715177
8.53808,15.43687,1.808002502,5068.5,0.84012,2.103486782,6.43858589,0.409271332,-3.267781754,-3.141310148
22.18311,25.4917,1.14914906,6486.13,0.93178,5.645030352,3.635730431,0.506744283,-2.746220925,-2.736285173
13.12754,16.12696,1.228483021,5062.68,0.86892,2.506287929,6.200186839,0.390976225,-3.163022806,-3.186429545
16.31977,21.42107,1.312584062,4702.53,0.89746,3.087768794,4.726364416,0.343247987,-2.940634746,-2.920951695
16.23565,20.18755,1.243408795,3811.21,0.87706,2.118128929,5.39913179,0.276103939,-3.043563559,-3.071173878
19.66276,22.68177,1.153539483,6082.77,0.91874,4.583981958,3.79191108,0.436131744,-2.796151559,-2.828348105
29.16322,30.56541,1.048080767,3602.09,0.84756,1.839658271,7.35903604,0.356608726,-3.247321449,-3.257418691
11.58139,14.60536,1.261105964,4390.56,0.84078,2.07433541,6.021708236,0.328769715,-3.13412799,-3.220196393
12.31316,15.85097,1.287319421,4761.94,0.86062,2.324310164,5.565122521,0.34661799,-3.118753094,-3.184466461
10.84509,13.78108,1.270720667,2896.09,0.80736,1.166211416,6.837121473,0.250249488,-3.284248664,-3.258551809
8.8183,13.43902,1.523992153,4421.9,0.82556,1.807750757,7.618641078,0.477346078,-3.285777773,-3.335040989
27.64341,30.01445,1.085772341,7481.49,0.95072,8.453850258,2.757125129,0.61415314,-2.543997588,-2.486845627
19.35806,22.55489,1.165142065,6319.36,0.91516,4.256855129,3.767360658,0.415685593,-2.821822985,-2.840343256
11.89898,14.66389,1.232365295,4706.14,0.85322,2.165796848,5.288788313,0.296734913,-3.073720534,-3.138381846
17.60073,20.34931,1.156162841,5657.05,0.90082,3.75905525,4.744207734,0.424823767,-2.990818576,-2.986503712
15.34453,19.36442,1.26197544,4603.08,0.88264,2.763102699,6.228314342,0.459728998,-2.974407516,-2.981866405
27.40034,29.51798,1.077285172,7559.14,0.94848,8.091935195,2.802804513,0.602210779,-2.576958846,-2.610910345
16.55917,21.24827,1.283172405,4991.85,0.90276,3.282703951,4.232060829,0.325325468,-2.922316479,-2.886592497
14.45104,16.53606,1.144281657,5225.27,0.88542,2.972504784,4.888132127,0.387830048,-2.976121312,-3.063463246
15.88302,20.00354,1.259429252,4061.15,0.88486,2.319101147,5.620471628,0.294889353,-3.071582564,-3.01568738
15.48115,18.95443,1.224355426,5435.73,0.86232,2.724678895,6.467871336,0.460072105,-3.174975882,-3.141327209
16.41064,23.25432,1.417027002,6182.2,0.91232,4.374922075,4.352560016,0.462767351,-2.912982341,-2.9061107
9.06095,11.38834,1.25685938,3585.93,0.80024,1.348758503,7.368729905,0.33075357,-3.347862371,-3.358774237
15.33085,20.38896,1.329930173,6031.86,0.89774,3.691987547,4.900025529,0.41028258,-2.974303707,-2.958578848
15.78499,19.74192,1.250676751,5901.54,0.89142,3.483252317,5.601991409,0.453171472,-3.054479921,-3.034628034
25.20215,29.22667,1.15968955,6895.62,0.93932,6.810911148,3.47216451,0.571631856,-2.644276215,-2.808577711
7.33296,11.41636,1.556855622,3245.61,0.75642,1.102858842,8.144535123,0.311968253,-3.451624181,-3.426419515
11.39135,15.37414,1.349632835,4539.32,0.84728,2.09962358,5.760910563,0.333249358,-3.135541081,-3.186109943
22.14481,26.00631,1.174374944,6078.21,0.92902,5.274297296,3.655478664,0.464705013,-2.751447595,-2.741019152
16.46001,23.56753,1.431805327,5118.52,0.91036,3.675712342,3.920225191,0.336921884,-2.87852966,-2.81168891
15.24795,19.14273,1.255429746,5273.06,0.89424,3.203312784,5.488399889,0.436691774,-3.006746263,-3.005287906
10.15489,13.49645,1.329059202,3475.9,0.8047,1.450908553,7.680057984,0.359608185,-3.339356169,-3.34128201
16.28244,22.12328,1.358720192,5743.77,0.91478,4.186099722,4.260453241,0.443037617,-2.837589213,-2.8753186
10.67357,13.25723,1.242061466,4013.2,0.82186,1.750399871,6.967670113,0.346873645,-3.289223041,-3.338237057
16.04687,18.57018,1.157246242,5161.83,0.8799,2.647932422,5.389062476,0.398849162,-2.988736642,-3.022458974
27.18524,30.25469,1.112908696,7054.53,0.94246,7.155840705,3.466029307,0.587287763,-2.658007191,-2.677441074
8.01975,9.73587,1.21398672,3034.34,0.74174,1.018677727,9.219490417,0.314001581,-3.571922822,-3.657901088
16.94091,19.70884,1.163387327,5630.35,0.89926,3.515659514,4.724452656,0.39831396,-2.955183376,-2.941286541
18.91713,21.19624,1.120478635,6444.31,0.92314,5.001733816,3.741919881,0.466494132,-2.828435855,-2.768299814
19.3466,23.95685,1.238297685,6682,0.9306,5.453522579,3.326010903,0.467128881,-2.723779648,-2.804600786
15.46386,16.64269,1.07623129,4028.36,0.81898,1.912655597,10.17916298,0.656384091,-3.559579883,-3.523726657
13.59268,17.49532,1.287113358,3543.84,0.8299,1.612611755,6.74073048,0.270321538,-3.253757614,-3.232452073
25.10797,27.44335,1.093013493,6316.67,0.93124,5.691619402,3.72888884,0.504165477,-2.67456082,-2.766048166
22.404,26.27861,1.172942778,6489.05,0.93198,5.706640541,3.745700914,0.517210219,-2.731566336,-2.825400869
14.48543,19.12007,1.319951841,5842.89,0.88752,3.285127867,5.66716218,0.433795229,-3.085402533,-3.081442593
11.85148,14.30148,1.206725236,4004.44,0.84248,1.886701184,5.909608576,0.305191073,-3.141404683,-3.196929413
18.03522,21.08674,1.169197825,5162.7,0.8726,2.748303176,6.967160556,0.561560494,-3.113876569,-3.088420387
13.99609,20.49043,1.46401102,4361.82,0.8646,2.256033441,6.290383485,0.317951337,-3.162203144,-3.089885209
26.49021,29.33065,1.107226028,7197.76,0.94354,7.332281653,3.224141974,0.587316545,-2.649819105,-2.57745491
24.36234,27.12063,1.11321942,5942.94,0.91722,4.430650623,4.492955045,0.475147665,-2.842755263,-2.845882337
16.49129,20.16987,1.223061992,4946.04,0.89236,3.032638691,4.971969325,0.343437498,-3.01696403,-3.013044718
26.86089,30.75443,1.14495201,6606.46,0.93622,6.431937784,3.577529926,0.519254821,-2.667657609,-2.777136888
21.96735,25.0397,1.139859837,6588.63,0.92554,5.139547539,3.64678661,0.475245958,-2.761942645,-2.796987782
14.8097,21.5337,1.454026753,5646.34,0.89354,3.608236183,4.995415518,0.374981848,-2.976196931,-2.977046692
21.87676,25.29948,1.156454612,6772.26,0.929,5.615193056,3.919429232,0.530021383,-2.778811366,-2.78413833
15.53851,17.96398,1.156094117,4847.44,0.87738,2.680479772,5.535221062,0.38861455,-3.060817217,-3.024010561
15.03687,20.97881,1.395158035,6025.83,0.9022,3.917243775,4.887749935,0.42690537,-2.936642095,-2.908141943
11.79407,14.05525,1.191721772,3827.04,0.84908,1.786404826,5.50496993,0.263503201,-3.132437474,-3.09672984
8.8261,13.70298,1.55255209,4017.36,0.81348,1.584446141,7.097965559,0.353808086,-3.323377047,-3.379448314
17.06903,22.55048,1.321134241,5687.48,0.91454,4.16260059,4.198412102,0.408953207,-2.90217613,-2.889116673
26.64962,29.97281,1.124699339,7020.34,0.94402,7.456655161,3.171516343,0.582345174,-2.590165535,-2.597640161
22.29958,24.26332,1.088061748,5165.48,0.91088,3.662064696,4.401819878,0.387079471,-2.85683796,-2.802021359
17.63342,22.68288,1.286357383,6410.54,0.92094,5.024907925,4.16877023,0.497954276,-2.839817908,-2.790315903
22.06864,26.65095,1.207638985,6938.53,0.93716,6.361044744,3.30323378,0.526318124,-2.663194894,-2.692976039
15.48548,17.88276,1.154808246,5507.95,0.90178,3.445485389,3.922274488,0.355163789,-2.840563154,-2.870312573
16.28042,20.90483,1.28404734,5794.97,0.91332,4.135008489,4.658706096,0.467865592,-2.894198672,-2.860183443
27.0488,31.14541,1.15145256,7435.49,0.9482,8.097975079,2.949143629,0.607943935,-2.597053788,-2.671005825
19.56061,24.99167,1.277652895,6838.06,0.93778,6.176350488,3.105070152,0.496043769,-2.693212436,-2.631481233
15.93293,19.34519,1.214163999,5957.7,0.89082,3.466293119,5.146914265,0.410002029,-3.050786461,-3.028202291
21.89661,25.32153,1.156413253,6969.86,0.93296,6.062433395,3.572943644,0.530919843,-2.702689616,-2.762491638
16.01775,19.77157,1.234353764,5197.65,0.89726,3.304253039,4.68764999,0.383198884,-2.971231667,-2.946948694
24.97789,26.4471,1.058820421,5349.42,0.914,4.006856371,4.578527315,0.433438763,-2.861023983,-3.017094578
16.98563,20.63761,1.215004095,4930.43,0.8913,2.963275728,5.081973299,0.400936852,-2.950042123,-3.000656625
16.31834,19.9916,1.225100102,5287.77,0.8887,3.079017846,5.536505492,0.394340716,-3.07476808,-2.998020809
13.38175,16.23178,1.21297887,3274.53,0.85714,1.58733451,5.867999016,0.226252284,-3.170348363,-3.146124398
16.72908,17.20935,1.028708692,3574.77,0.8458,1.782008415,5.788837644,0.292623546,-3.016306641,-3.098085626
11.30103,14.62035,1.29371836,3435.72,0.82166,1.419143567,5.943413376,0.243497634,-3.176643836,-3.235663892
21.33052,23.61732,1.107207888,6233.98,0.9105,4.277298608,4.571627658,0.47826923,-2.893128941,-2.849049676
11.73185,14.66698,1.250184753,4835.06,0.854,2.259677718,5.722279469,0.36682288,-3.144062626,-3.16865252
22.32692,26.28608,1.177326743,6720.02,0.93142,5.803818449,3.91013789,0.546362476,-2.741427974,-2.776014281
17.76006,20.4248,1.15004116,5286.4,0.88542,3.096253038,5.702682954,0.480560923,-3.026508938,-3.032751448
12.90186,14.14048,1.096003212,4424.32,0.88572,2.314591238,3.476682009,0.21853975,-2.858730814,-2.822945592
9.52047,16.03225,1.683976736,5068.12,0.83912,2.176445872,6.503799749,0.431968245,-3.180292596,-3.177552508
11.65009,13.60732,1.168001277,3008.69,0.81192,1.240369764,6.216364246,0.222897313,-3.210969884,-3.25670617
16.94453,19.70275,1.162779375,3902.55,0.86988,2.048646765,5.129836568,0.250662988,-3.055549635,-3.05765682
21.08391,23.98497,1.13759592,6518.41,0.92964,5.227248447,3.353627971,0.454184953,-2.73912853,-2.650751024
9.41003,11.98011,1.27312134,3610.5,0.79986,1.325630075,6.891454228,0.265819075,-3.325934441,-3.284398396
14.43781,17.59692,1.218808116,4702.09,0.84892,2.10765182,6.087629326,0.300080293,-3.205418867,-3.228523695
12.23026,14.44637,1.181198928,4161.68,0.85086,1.999905982,5.387797536,0.287535529,-3.134255828,-3.165406975
17.72589,23.61011,1.331956252,6136.35,0.92486,5.231582044,4.411819332,0.547844188,-2.812448789,-2.856591052
11.30831,14.47659,1.280172723,3241.75,0.82036,1.364324274,6.177098588,0.250205212,-3.180645974,-3.171804366
10.48571,16.50519,1.574065085,4299.6,0.8302,2.07707858,8.057824446,0.522563071,-3.312630098,-3.365061816
16.59805,18.33156,1.104440582,5380.77,0.87114,2.716539853,6.870712494,0.555036576,-3.079015206,-3.126359083
14.47429,17.68599,1.221889986,4190.23,0.84228,1.880702193,6.373854335,0.301007315,-3.202893728,-3.222530691
8.6424,14.74526,1.706153383,3952.07,0.81742,1.540642063,5.771380449,0.270680955,-3.145029157,-3.146937397
10.12021,12.0301,1.188720392,3196.27,0.81258,1.203376527,5.983840521,0.223341154,-3.143214716,-3.122542189
24.80463,29.23944,1.178789605,6494.75,0.93288,6.049570056,3.805773441,0.539414115,-2.723124306,-2.82225412
14.77482,21.51579,1.456247183,5280.85,0.89574,3.335356477,4.733052672,0.34301688,-2.965922186,-3.016364602
16.61102,20.02644,1.205611696,4852.04,0.88828,2.751771204,4.188280666,0.281882652,-2.936528946,-2.999779522
15.80943,20.80539,1.316011393,4226.77,0.9001,2.749992362,4.756459012,0.29751519,-2.974923349,-3.001631825
22.11262,24.87361,1.124860374,6041.82,0.91266,4.304451792,4.232190536,0.442794954,-2.831404705,-2.851482399
15.9927,19.54995,1.222429609,5211.91,0.88162,3.103268636,5.994525275,0.431016098,-3.086904364,-3.04928698
19.20144,22.47499,1.170484609,5089.63,0.90754,3.324395408,3.994532772,0.334737759,-2.83168183,-2.828510699
16.40643,20.53514,1.251651944,5066.62,0.8982,3.307044867,4.963935863,0.393071099,-2.931130045,-2.893555517
14.3654,18.48736,1.286936667,5350.03,0.88992,3.201784526,5.14890925,0.42956271,-2.969234672,-2.935084875
15.17557,19.07015,1.256634841,5360.05,0.89346,3.15965923,5.638033718,0.455520879,-3.000595632,-2.999021217
17.55269,20.34201,1.158911255,4176.8,0.88176,2.42428908,5.455976493,0.351451517,-2.984906628,-3.027132364
16.4778,18.22015,1.105739237,3234.5,0.85146,1.609939551,7.568159636,0.28098231,-3.223142172,-3.222835694
16.3496,19.53268,1.194688555,4785.63,0.87892,2.707818575,5.77480007,0.41348991,-3.046009441,-3.058337679
16.318,21.12145,1.294365118,5478.63,0.89616,3.572009375,5.569094592,0.506406129,-2.938060873,-2.962936482
15.84638,18.45379,1.164542943,3785.4,0.84016,2.057067865,7.437079388,0.44224618,-3.233156401,-3.223397289
15.5404,19.18316,1.234405807,5110.47,0.87674,2.876792787,5.562866325,0.356366965,-3.09853554,-3.116892938
12.28091,15.03566,1.224311553,4605.05,0.84758,2.201683772,6.130348838,0.387198973,-3.158695897,-3.182199595
11.05946,13.28419,1.201160816,3208.42,0.8194,1.378813655,6.872106079,0.276038192,-3.268119698,-3.346986285
8.82514,12.25523,1.388672588,4587.94,0.83622,1.858840842,6.193705967,0.385908592,-3.073724066,-3.112434088
18.136,21.47404,1.184056021,4966.6,0.87414,2.730910897,6.377629252,0.495764495,-3.058925708,-3.055285961
22.22275,26.3352,1.185055855,6376.53,0.92696,5.348566153,3.996969308,0.499482807,-2.781512343,-2.766565339
12.49233,14.26911,1.142229672,4926.25,0.84906,2.261072882,6.00054567,0.393939875,-3.162034637,-3.075444286
23.18313,24.25468,1.04622111,6121.82,0.91144,4.284693494,4.291398002,0.452254092,-2.834551588,-2.861603302
16.18303,20.69461,1.278784628,5029.52,0.87452,2.796942463,6.367599381,0.5069595,-3.037203914,-2.997793633
17.27579,20.00048,1.157717245,5826.12,0.88874,3.177953071,5.185388545,0.439677337,-2.97675576,-3.023780088
9.42102,13.67473,1.451512681,3646.52,0.79602,1.531912437,6.964482051,0.295481552,-3.39195784,-3.305551117
16.65039,20.73293,1.245191854,6310.98,0.91716,4.505445382,3.905809992,0.439044296,-2.816662242,-2.898730528
14.99243,16.89559,1.126941396,4119.77,0.83456,1.797981321,6.896758258,0.314040571,-3.274730118,-3.263458698
15.80961,20.80575,1.316019181,4227.08,0.90008,2.749914455,4.749335624,0.299691115,-2.952227176,-2.992242597
26.00532,29.88397,1.149148328,6925.59,0.9404,6.825175637,3.245585778,0.546725334,-2.623263399,-2.625139828
26.58409,28.15548,1.059110167,6604.49,0.92758,5.331011454,3.689418546,0.485725605,-2.759861009,-2.802957089
24.82604,28.32057,1.140760669,6719.07,0.93142,5.924234522,3.766727488,0.546199591,-2.740784941,-2.792248768
16.41457,22.51189,1.371457796,6087.8,0.9119,4.46314079,4.800767544,0.493690814,-2.93663129,-2.970396624
15.45106,19.34531,1.252037724,5466.56,0.895,3.419045036,5.063076308,0.452987918,-2.97700927,-2.960450726
26.64057,30.35991,1.139611878,6953.22,0.94302,7.045980962,3.273221299,0.566276597,-2.615499536,-2.637282068
13.11916,14.94998,1.139553142,4833.88,0.86568,2.421191297,5.781273747,0.369625763,-3.111665329,-3.12404947
12.58163,14.30445,1.136931383,3561.09,0.83616,1.65530348,5.858588741,0.286300355,-3.073016945,-3.065685165
16.50764,21.87518,1.325154898,4996.79,0.90194,3.303035186,4.219602439,0.323420163,-2.918093578,-2.825622816
11.084,13.54617,1.222137315,4329.69,0.83554,1.865298623,5.816122039,0.290195124,-3.175312487,-3.188928855
18.34881,22.52873,1.227803329,5809.49,0.90674,4.00692907,5.269987413,0.531007155,-2.907652726,-2.94355063
21.87418,27.32376,1.249132996,6975.29,0.94078,6.995791133,3.390204727,0.577539773,-2.644749818,-2.673043163
26.73396,28.45884,1.064520183,5634.93,0.92688,4.685211115,3.896886735,0.428323711,-2.748013122,-2.812900661
26.25487,29.79611,1.134879358,7324.57,0.94536,7.473319736,3.013831596,0.581617126,-2.638183315,-2.587797046
16.13681,18.40095,1.14030902,5048.16,0.88188,2.845196384,5.437359083,0.408529218,-3.014647879,-3.1292416
15.32621,17.92894,1.169822154,5030.64,0.86432,2.450428383,6.478297964,0.404715707,-3.157852345,-3.169810951
16.38061,22.59232,1.379211153,5498.34,0.90274,3.68400648,5.462076218,0.516892642,-2.886380224,-3.01673126
10.92278,15.23895,1.395153065,4383.74,0.84804,2.015926974,6.134992845,0.350067766,-3.189402154,-3.236615417
14.43924,17.08029,1.182907826,5502.32,0.89748,3.305854532,3.897689632,0.33655424,-2.856263042,-2.74375487
10.42481,12.46916,1.196104294,4227.44,0.82184,1.774825398,6.621635836,0.323121785,-3.283161384,-3.359436711
19.24221,23.12463,1.201765805,6118.87,0.92236,4.658454421,3.497639616,0.400312137,-2.782641448,-2.802841706
10.62085,14.45907,1.361385388,4713.18,0.83742,2.082973701,6.560438079,0.387686775,-3.29236101,-3.224436201
21.90037,24.81575,1.133120125,6222.05,0.91656,4.401755785,4.05528707,0.442711365,-2.82446116,-2.818881646
16.67687,20.73716,1.243468349,4601.14,0.8913,2.851083431,4.449616533,0.285372078,-2.926296556,-2.913489873
19.36203,23.90077,1.23441447,6421.03,0.9281,5.105453665,3.363386537,0.435328731,-2.70280248,-2.776219122
16.60452,18.77941,1.130981805,4956.31,0.87872,2.614327749,5.56111837,0.360111251,-3.10727151,-3.059552607
16.45741,22.06497,1.340731622,5113.46,0.90906,3.62507477,3.915391219,0.336665253,-2.883253878,-2.83861661
26.38234,28.77719,1.090774738,6712.28,0.93126,5.727869901,3.64065085,0.506338361,-2.667193109,-2.682834933
21.85158,24.10045,1.10291567,6402.51,0.9141,4.47066994,4.308434796,0.471191455,-2.861501243,-2.880356626
16.65806,20.10498,1.206922055,5112.03,0.90102,3.292467688,4.800740739,0.38853833,-2.925112945,-2.996874045
14.17121,18.62105,1.314005649,5560.76,0.8917,3.238635538,5.046096742,0.429560684,-2.968014636,-2.937227943
14.04233,17.91278,1.275627335,5040.38,0.863,2.623586744,5.689198311,0.331800308,-3.196528933,-3.153134727
18.35074,23.99504,1.307578877,6450.69,0.92946,5.562564336,3.810736973,0.51571711,-2.78019194,-2.789813572
21.29212,25.56929,1.20088042,4704.5,0.91624,3.688848986,4.359734351,0.361316327,-2.831613889,-2.848063446
21.20313,24.59611,1.1600226,6484.48,0.9225,5.139705268,4.190498465,0.506302006,-2.832075439,-2.859269867
15.15779,20.27893,1.337855321,6057.76,0.90262,3.85992371,4.99332839,0.456792967,-2.990226374,-3.020881136
22.50637,24.91783,1.107145666,6399,0.91712,4.573069789,4.29903586,0.478166218,-2.859197116,-2.852445631
11.96965,15.45074,1.290826382,4707.06,0.85424,2.242105622,5.85642839,0.379635619,-3.101703505,-3.161889111
11.35675,13.63064,1.200223656,3433.54,0.8007,1.419627993,8.714035462,0.418582399,-3.495084317,-3.46522785
15.65365,20.39032,1.302592047,5349.83,0.89454,3.311075413,5.074537472,0.43374046,-2.955744286,-2.972920476
18.31807,21.14163,1.154140693,5168.99,0.87732,2.878082066,6.43749878,0.523358131,-3.074176252,-3.116481571
11.0978,15.08043,1.358866622,3516.25,0.83164,1.520407324,6.159649872,0.285625755,-3.103513306,-3.199101807
14.42779,22.23403,1.541055837,5468.03,0.88228,3.20944631,5.493567818,0.367545058,-3.066512463,-3.121026417
14.21545,15.69477,1.10406424,4962.09,0.8749,2.62315234,5.762523394,0.384895287,-3.089642848,-3.125005421
11.56393,13.09519,1.132416921,4785.66,0.86166,2.150231204,4.776314283,0.296254134,-3.020766292,-3.065032321
16.17921,20.32107,1.255998902,4117.38,0.89692,2.580374173,4.729307103,0.281176235,-2.976883459,-2.996488957
14.49519,16.80014,1.159014818,2351.56,0.8148,1.047193091,7.150098875,0.190199087,-3.336582134,-3.355835136
14.79554,19.84987,1.341611729,5710.98,0.88846,3.291494706,5.19426279,0.3903334,-3.041634155,-3.039274764
16.89306,19.40592,1.148751026,3756.25,0.87976,2.168071369,5.336268261,0.257437029,-3.089392111,-3.027958112
11.47073,14.50583,1.264595191,4840.39,0.85634,2.288223002,5.751019582,0.36764879,-3.118195417,-3.150488525
12.29506,14.60251,1.187672935,4330.96,0.84052,1.910950246,5.906683851,0.327938529,-3.115474256,-3.15225205
15.50418,19.02295,1.226956214,3476.05,0.8569,1.664788623,6.040775788,0.252063537,-3.179403522,-3.126552041
8.84652,13.31927,1.50559429,4324.46,0.82218,1.667241218,5.889082152,0.310593297,-3.105021019,-3.166897676
19.29732,25.19835,1.305795313,6809.34,0.93508,5.895801414,3.048547408,0.47413418,-2.630311703,-2.610487014
22.20304,26.25917,1.182683542,7031.72,0.93732,6.391413745,3.355338188,0.539062726,-2.676658501,-2.74868027
22.43177,27.47156,1.224671972,6921.74,0.93948,6.709852516,3.472014824,0.559661173,-2.655908925,-2.701150975
23.91053,28.87107,1.20746257,4802.37,0.92498,4.30740144,4.032103147,0.396856386,-2.793493961,-2.703207804
19.30876,23.88619,1.237064938,6488.27,0.92882,5.266972123,3.475204461,0.464458306,-2.698351075,-2.734223753
19.40281,21.53548,1.109915523,5601.41,0.91194,4.016772892,4.359436747,0.427255284,-2.855445344,-2.916286324
17.03611,22.48361,1.319761964,5140.64,0.90494,3.543281806,4.927188008,0.438691863,-2.884084392,-2.89909682
22.12353,24.53577,1.109035041,6303.54,0.9163,4.523307647,4.232458321,0.469712499,-2.848442126,-2.848922409
19.39465,22.54853,1.162615979,6294.91,0.9146,4.266037287,3.866503527,0.418830719,-2.82813119,-2.872494051
17.89197,22.56147,1.260983,6103.03,0.91458,4.498362139,4.577504685,0.502633078,-2.832802123,-2.922856495
21.31996,24.33664,1.141495575,6021.19,0.91934,4.818545851,4.041770472,0.459116752,-2.789455014,-2.806199516
24.20367,27.00561,1.115765089,6372.64,0.9178,4.797399013,4.413329722,0.504120175,-2.844309992,-2.822624954
11.86193,15.40735,1.298890653,4911.77,0.86338,2.502710318,5.487029533,0.360105984,-3.067045058,-3.018658147
18.08135,23.67267,1.309231335,6727.28,0.92938,5.793272827,3.74430195,0.527855943,-2.726751321,-2.757859478
14.5405,22.21993,1.52814071,5520.47,0.88234,3.230251621,5.223955589,0.359742025,-3.042900577,-3.046835772
26.67482,28.7454,1.077623017,6852.71,0.93098,5.64008118,3.469583757,0.498621068,-2.717341714,-2.716658153
16.67104,21.64685,1.298470281,5055.04,0.89488,3.339179235,5.244966373,0.43233175,-2.919598184,-2.990280311
10.32572,13.98778,1.354654203,5023.1,0.84758,2.165353526,6.052653329,0.376143262,-3.136618011,-3.113567063
26.06312,29.04918,1.11457032,6260.26,0.92852,5.341940086,3.794037163,0.483427887,-2.717592377,-2.786088324
15.06645,20.37893,1.352603301,5255.59,0.895,3.27940934,5.043869718,0.43305367,-2.920939704,-2.97555809
16.41662,21.57458,1.31419135,4893.12,0.897,3.088279343,4.455404028,0.319207333,-2.958931511,-2.919861431
18.01153,23.27993,1.292501525,5722.06,0.91998,4.652590588,4.350332879,0.491679762,-2.846672595,-2.815391402
14.77835,20.03417,1.355643221,4435.97,0.86852,2.410031717,5.971624725,0.325358041,-3.134560979,-3.083916905
16.37579,20.98291,1.281337267,4375.72,0.89212,2.652064438,4.846616711,0.285944592,-2.99472114,-2.972328275
10.27324,12.99056,1.264504674,3213.22,0.82838,1.406838036,6.072404347,0.238242471,-3.190125122,-3.23896244
19.36306,23.00438,1.188054987,6293.02,0.9139,4.280060883,3.943884877,0.426429189,-2.788319752,-2.854589759
21.23375,25.14072,1.183998116,4631.23,0.91608,3.63871798,4.41956639,0.360307597,-2.843744585,-2.880061346
15.8388,19.66508,1.241576382,5791.61,0.91048,4.099230111,4.748299717,0.473112325,-2.907206469,-2.857475852
16.70577,20.05185,1.200294868,5415.18,0.89916,3.231610234,4.351741136,0.34981563,-2.944080584,-2.961269769
19.35919,22.38954,1.156532892,6067.04,0.91446,4.075823892,3.676238486,0.383806801,-2.826661639,-2.757028369
15.80201,18.06567,1.143251396,6253.55,0.91978,4.456082554,3.265346942,0.388535258,-2.788559162,-2.754277412
16.16657,19.00399,1.175511565,4505.07,0.8692,2.363369406,6.095798212,0.370672571,-3.114587629,-3.13910794
17.40933,20.16624,1.158358191,6274.19,0.91786,4.629250431,3.903923862,0.452961439,-2.82546327,-2.825524911
14.95862,20.19423,1.350006217,5930.88,0.89028,3.41030277,5.458266505,0.42353132,-3.029281148,-3.082927342
16.12149,20.64827,1.280791664,4970.78,0.87732,2.828951187,6.078265875,0.480857838,-3.033956091,-3.003670721
14.42566,21.07135,1.460685334,5487.21,0.87628,3.012140962,5.552833442,0.349198573,-3.09363094,-3.077036724
15.12681,17.49959,1.156859245,3378.51,0.85616,1.592947686,6.341023521,0.244321142,-3.184828369,-3.10807632
21.87649,25.88239,1.183114384,6582.05,0.93012,5.532312268,3.783724938,0.509632701,-2.74679098,-2.798528341
15.52664,18.33929,1.181149946,5301.3,0.86506,2.630313092,6.577924376,0.460253826,-3.155087878,-3.168223062
19.04546,20.92727,1.098806225,4681.2,0.88964,2.976449766,5.58998512,0.437289112,-3.017479282,-3.008418216
21.08432,24.98399,1.184955929,6902.95,0.93592,5.997411153,3.113562599,0.487294414,-2.668207407,-2.6784524
17.49757,23.03077,1.316226767,6236.31,0.91992,4.862207846,4.211535846,0.488000352,-2.84857888,-2.902488834
16.62707,19.66519,1.182721309,5262.38,0.8851,2.864021279,5.049257756,0.358005691,-3.047619383,-3.021218441
26.45987,28.61818,1.081569184,6405.9,0.93704,6.12724776,3.314305251,0.49410061,-2.631248648,-2.637245946
21.93275,26.48721,1.207655675,6948.58,0.93952,6.722044546,3.367146356,0.553237432,-2.656676095,-2.672307425
11.54767,16.58914,1.436578981,5572.14,0.8735,2.679193083,4.97048881,0.357937354,-3.014623443,-3.036253577
16.68025,19.59253,1.174594505,4114.15,0.88234,2.393240751,5.441767576,0.341397948,-2.981115213,-2.969119107
18.3169,22.11393,1.20729654,4793.84,0.87814,2.697503824,6.269366398,0.473858222,-3.02421922,-3.02837625
15.8473,21.062,1.329059209,5622.82,0.89436,3.385342145,5.437346697,0.495233892,-2.918636455,-2.93732141
14.99583,17.5114,1.167751302,2646.87,0.83212,1.202794939,6.7800938,0.198784386,-3.253174185,-3.258082571
19.76403,24.20799,1.224850903,6808.58,0.93516,5.888471904,3.06213612,0.473735928,-2.641847811,-2.727140949
21.62877,26.06876,1.205281669,6224.46,0.9253,5.305558422,3.891382083,0.496096068,-2.769127997,-2.815189999
10.09302,14.12994,1.399971465,4595.17,0.8153,2.00235282,8.296401143,0.524921266,-3.356634648,-3.336458621
18.82201,20.61594,1.095310225,5546,0.88626,3.163688936,5.737166629,0.497226004,-3.045680789,-3.029903025
11.9896,13.45261,1.122023253,3999.22,0.81494,1.666755294,6.573044868,0.314054954,-3.201569935,-3.173972904
17.48979,20.83639,1.191345922,6483.2,0.92492,4.961724362,3.59937999,0.453496944,-2.796768217,-2.825818596
15.56951,21.1764,1.360119875,6160.76,0.8924,3.733844345,5.885732503,0.530248536,-3.045415783,-3.102524132
21.07582,24.11694,1.144294267,6545.88,0.91152,4.247094892,4.561573127,0.479704945,-2.883508896,-2.836006832
17.89089,23.51466,1.314337073,6069.59,0.92014,4.85400632,4.937027881,0.561997163,-2.879120959,-2.878597841
11.60409,15.44497,1.330993641,2303.91,0.8202,1.029675028,6.436226479,0.152925688,-3.25353648,-3.274950507
17.58895,22.01071,1.251394199,5894.76,0.92052,4.542435443,4.354886626,0.474916246,-2.808088964,-2.908605816
13.7003,17.36806,1.267713846,4215.16,0.82274,1.887819373,7.161779062,0.30784277,-3.399128787,-3.398553966
16.69815,20.74953,1.242624482,4658.52,0.9009,3.059249399,4.797314075,0.363567965,-2.889031166,-2.984660196
17.49633,19.34351,1.105575284,4354.45,0.87044,2.391581492,6.402945721,0.439509609,-3.119276479,-3.044445576
26.93396,29.16873,1.082972203,6625.05,0.93038,5.669211692,3.797259725,0.518421785,-2.69652111,-2.804896488
21.80729,25.18474,1.154877108,6474.04,0.92264,5.070955119,4.119153426,0.473277298,-2.798752866,-2.863043669
14.63909,19.39999,1.325218303,4024.43,0.8868,2.31481844,5.456768189,0.284005264,-3.058587627,-3.054051534
26.48383,29.13825,1.10022795,7042.28,0.93794,6.467793431,3.192202178,0.523765178,-2.675527057,-2.837764455
17.43048,23.00609,1.31987702,5914.74,0.91056,4.159859657,5.09437957,0.525152113,-2.872475461,-2.960660754
11.99538,14.7662,1.230990598,3466.13,0.84754,1.625689087,5.794837811,0.260517132,-3.086240622,-3.14017577
17.07841,20.60307,1.206381039,5343.26,0.89816,3.389922627,4.649647571,0.368176434,-2.983739044,-3.002958337
17.62078,20.46557,1.16144518,5663.19,0.89468,3.403377967,4.917413864,0.436533605,-2.968515765,-2.945959413
16.96352,18.98097,1.118928736,5127.61,0.88246,2.857772035,5.619685106,0.434893663,-3.043385301,-3.026994642
15.88578,18.33825,1.154381466,5059.89,0.87158,2.656211429,5.664165521,0.422963809,-3.06856062,-3.027393081
22.20894,26.77475,1.205584328,6368.67,0.92746,5.328239451,3.956002587,0.512518276,-2.789444537,-2.828028822
15.50108,20.03698,1.292618321,5373.54,0.90194,3.397764559,4.81158624,0.417413172,-2.937363655,-2.967468819
21.87702,25.29858,1.156399729,6772.32,0.92902,5.615246062,3.913552411,0.52315417,-2.789702497,-2.716819652
20.78465,25.39987,1.222049445,7155.52,0.9414,6.89099866,2.96034969,0.540922812,-2.612099756,-2.579708919
13.82012,15.81587,1.144409021,5651.28,0.89192,3.212088909,4.689853425,0.396214518,-2.975137202,-2.953002958
16.37772,18.33149,1.119294383,4664.86,0.85054,2.143406154,6.107771319,0.316570097,-3.188094941,-3.183405128
18.20639,22.88957,1.25722727,6270.56,0.91466,4.56619956,4.041557904,0.449592223,-2.850518632,-2.838224092
27.25458,30.16259,1.10669803,7188.32,0.9434,7.231557,3.318191416,0.585147705,-2.679095372,-2.674812334
17.60309,20.20401,1.147753605,5636.94,0.89312,3.394241586,5.120498072,0.446979539,-2.971306489,-2.979127783
10.63457,12.43264,1.169077828,4394.88,0.84564,1.863952866,5.391367045,0.306786515,-3.044811557,-3.121178657
25.83107,28.81921,1.115680071,7341.38,0.93894,6.532483616,3.093293867,0.529600806,-2.648838762,-2.734763234
13.96221,17.39865,1.24612436,4651.33,0.83174,2.052979479,6.74903471,0.325461593,-3.319601447,-3.304516498
19.13401,21.90663,1.144905328,6098.12,0.91252,4.03145571,3.876394091,0.391355825,-2.828337129,-2.901245936
11.21281,13.86573,1.236597249,3984.69,0.83884,1.797917533,5.458688608,0.254988899,-3.160214056,-3.183331698
13.75819,18.84573,1.369782653,4619.98,0.85412,2.361417536,5.802428114,0.297600417,-3.208342196,-3.210393416
22.13702,25.47048,1.15058305,6650.91,0.92752,5.271138087,3.869323862,0.501270899,-2.778412739,-2.865317916
18.09131,21.59107,1.193449783,6185.61,0.91346,4.377743698,4.097391951,0.450725911,-2.815781027,-2.83046296
12.27204,13.18849,1.074677886,3787.94,0.82526,1.62159082,5.886606041,0.277087833,-3.161585253,-3.210051414
16.03982,18.55882,1.15704665,5364.84,0.86092,2.71646152,6.74423199,0.488856639,-3.225396764,-3.221534975
12.07717,15.71333,1.301077156,4555.94,0.85376,2.215210893,5.783261908,0.359747509,-3.124049778,-3.112919092
11.45676,15.88972,1.386929638,4449.58,0.8503,2.031629676,5.659142276,0.341921875,-3.088558259,-3.093079991
18.68492,21.35826,1.143074736,5918.21,0.92452,4.353878612,3.406039947,0.377779182,-2.780774785,-2.76767277
16.14092,18.34744,1.136703484,4624.15,0.8556,2.22640881,6.643329312,0.391110593,-3.223258463,-3.20207373
9.62616,11.80403,1.226244941,3825.21,0.8125,1.547969921,6.371081406,0.262948199,-3.279377411,-3.302807543
26.24887,29.43728,1.121468467,7380.54,0.94446,7.49785653,3.077134613,0.582738906,-2.596663048,-2.668942169
16.7611,22.64907,1.351287803,5176.06,0.90934,3.654521634,4.700040863,0.430532388,-2.849366811,-2.910837803
17.12122,20.79492,1.21456999,4602.64,0.9025,3.114764848,4.905320505,0.378396152,-2.89761871,-2.911549379
13.85297,17.52858,1.265330106,5040.59,0.85356,2.177687859,7.131819692,0.446085161,-3.242351009,-3.226093928
17.43987,22.56098,1.293643817,5645.75,0.91892,4.388494362,4.386880966,0.470181805,-2.801768509,-2.874762856
22.01456,26.01478,1.181707924,5708.33,0.9223,4.779449868,3.993057687,0.4472347,-2.770883888,-2.812646771
14.36927,21.23724,1.477962346,4735.67,0.89014,2.983072886,5.318354704,0.34590101,-3.014262552,-2.980341671
14.42011,17.96016,1.245493966,3548.27,0.85674,1.693162055,6.358402647,0.26644142,-3.218128768,-3.207587579
15.9122,20.05983,1.260657232,6073.13,0.88146,3.259656454,5.825879368,0.479694742,-3.076582289,-3.061503513
22.31609,27.76019,1.243954026,6887.75,0.9391,6.715628084,3.431320547,0.557254696,-2.728361072,-2.722408086
18.17171,23.57574,1.297386982,6661.5,0.92642,5.353636337,3.633663712,0.489955649,-2.764848724,-2.697277728
11.72896,15.15005,1.291678887,4761.5,0.85516,2.304063284,5.701143884,0.351506103,-3.086422325,-3.119078601
15.17934,20.02189,1.319022434,5667.1,0.9063,3.856530102,4.764773942,0.45958938,-2.933959862,-2.992241384
10.72172,14.8716,1.38705357,4019.53,0.8251,1.814862472,6.47480228,0.331943143,-3.197091223,-3.130988757
16.59542,21.33711,1.285722808,6101.64,0.91032,4.302364051,4.786718096,0.475622584,-2.942578903,-2.977524776
10.79794,13.51834,1.251936944,2952.94,0.82848,1.318597367,5.689825959,0.19766185,-3.155550904,-3.04890993
14.50887,19.18033,1.321972697,5017.67,0.87758,2.692252236,5.069640016,0.299960211,-3.084314934,-3.060708818
14.196,18.37025,1.294044097,5156.14,0.85132,2.373196031,5.671687431,0.311557272,-3.191366509,-3.157389422
14.84295,20.08075,1.352881334,5810.82,0.90298,3.76995658,4.502929577,0.4219043,-2.933331596,-2.937625363
14.37948,17.94405,1.247892831,3733.39,0.8251,1.660037382,6.924823454,0.295597687,-3.301423284,-3.258899693
14.87789,18.42276,1.238264297,5636.37,0.85996,2.693587085,6.98606047,0.518215006,-3.205558929,-3.186374451
17.65103,22.66866,1.284268397,6190.67,0.92108,4.984226105,4.050974301,0.49349318,-2.812551175,-2.814747225
21.9224,25.03958,1.142191548,5695.27,0.92668,4.713697843,3.923232651,0.440939741,-2.794406218,-2.773791617
15.4082,20.26157,1.314986176,5372.03,0.8954,3.305681386,5.258165249,0.431809187,-2.983010539,-2.999133512
18.64796,23.18843,1.24348347,5968.67,0.9159,4.610807382,4.655832088,0.525008211,-2.834528629,-2.876015525
21.88058,24.12703,1.102668668,5291.11,0.91068,3.690429877,4.372363977,0.393146245,-2.853167836,-2.862087108
10.67158,14.71961,1.379328085,4822.97,0.85848,2.316072325,5.906950189,0.386637815,-3.126322938,-3.151373166
22.53175,25.22455,1.119511356,6343.55,0.91674,4.563779104,4.183539033,0.47174208,-2.853359863,-2.894100813
11.18017,15.39746,1.377211617,4947.27,0.83322,2.009080672,7.030743266,0.421771777,-3.257128095,-3.18781069
21.8828,28.25845,1.291354397,7212.22,0.94524,7.490787482,3.114945756,0.583790182,-2.617047759,-2.669835338
18.51016,22.67417,1.224958077,5587.03,0.9185,4.366656525,4.339962057,0.461607259,-2.814084926,-2.858923844
26.65522,32.27873,1.210972185,7508.48,0.95426,9.378292319,2.70850708,0.654699213,-2.485314805,-2.572944961
18.25779,20.56757,1.126509287,5445.47,0.90358,3.414051726,4.441997069,0.386465862,-2.876532529,-2.912654636
6.87859,10.87754,1.581361878,3108.07,0.74794,1.032823784,9.404787179,0.416088681,-3.511798061,-3.50733106
15.70215,17.95874,1.143712167,5058.15,0.88938,3.080242574,4.549377359,0.34879174,-2.94063724,-3.007935774
15.19961,20.33353,1.337766561,4175.58,0.89844,2.59169621,4.824505926,0.286233564,-2.997658695,-2.977003442
11.6538,13.74171,1.179161304,4386.7,0.83108,1.845269814,6.554223675,0.376831268,-3.182632302,-3.239258605
12.11266,14.09858,1.163954078,3453.27,0.84384,1.6256579,5.391779547,0.229810133,-3.160885294,-3.171362958
16.82899,21.22465,1.26119571,5294.42,0.90184,3.536405559,5.115436896,0.447288408,-2.922231925,-3.022746536
16.00839,19.57353,1.222704469,5516.9,0.88694,3.288348744,5.373716718,0.41111874,-3.076146761,-3.055848491
26.21171,28.40695,1.083750354,6808.29,0.92882,5.463165015,3.639450535,0.485295348,-2.715895355,-2.831359173
21.68676,24.19312,1.115570975,6511.88,0.91572,4.548850518,4.324831869,0.482057907,-2.854509866,-2.864629079
14.8194,18.91409,1.276306058,5075.15,0.87972,2.846483636,5.241598889,0.33758074,-3.055945804,-3.062874109
18.14368,23.5539,1.298187578,6393.11,0.9193,4.79724053,4.146241247,0.493084374,-2.809220793,-2.886510038
11.54339,14.09225,1.220806886,2605.5,0.81282,1.167831404,6.667139421,0.22372295,-3.239338199,-3.240765626
19.31594,24.57614,1.272324308,6847.55,0.93174,5.674594232,3.335265532,0.486387148,-2.677939159,-2.73356804
11.90918,15.31251,1.285773664,4673.11,0.85338,2.182044123,5.970492918,0.373468756,-3.085400738,-3.067942792
15.9579,18.21627,1.141520501,4691.52,0.85076,2.121093507,6.053960508,0.307965479,-3.189229562,-3.195807361
15.74752,18.64427,1.1839496,4824.79,0.8784,2.678579597,5.682544399,0.403802555,-3.020677534,-3.112650007
10.82558,12.32041,1.138083133,3263.4,0.81292,1.33305784,6.30878924,0.254513874,-3.205421389,-3.275957913
9.88262,12.71813,1.286918854,4120.35,0.8147,1.742569429,7.460358553,0.385232357,-3.298031121,-3.315157102
19.07281,21.5006,1.12729063,5496.38,0.88262,3.0495954,6.159812931,0.533803611,-3.062728643,-3.058721993
19.46707,23.33941,1.198917454,6470.68,0.92284,4.99610204,3.678776406,0.451863943,-2.76061874,-2.831749718
22.29775,25.57737,1.147083002,6404.31,0.9312,5.533700187,3.578606377,0.485463279,-2.701037684,-2.702470345
15.36533,18.77424,1.221857259,4703.1,0.88052,2.554690311,5.934800964,0.409753638,-3.048852335,-3.065834244
17.72717,20.51547,1.157289629,4843.54,0.86356,2.53493178,7.621267363,0.588817897,-3.196961172,-3.180947348
15.21659,22.62667,1.486973757,5747,0.91198,4.181169653,5.057807709,0.460909838,-2.899846382,-2.869510105
9.37555,11.21862,1.1965826,4248.09,0.8357,1.657342422,5.487902838,0.264501787,-3.121605769,-3.127725646
14.89526,18.88612,1.267928187,4693.36,0.89124,2.758761585,4.867839993,0.345780765,-2.994531024,-3.035433083
9.56567,11.34488,1.185999517,4598.62,0.83516,1.815841541,5.895535991,0.331205861,-3.131565537,-3.099789656
24.95289,28.72789,1.151285082,5900.06,0.92718,5.229795587,3.988280801,0.481276309,-2.755457423,-2.79744587
22.25006,24.28585,1.091495933,5927.04,0.91012,4.150511449,4.500652399,0.451923846,-2.886364197,-2.863580239
10.477,14.02655,1.338794502,4082.42,0.83682,1.758065838,6.642257131,0.333867697,-3.225754182,-3.244867392
14.73117,18.92469,1.284669853,4096.5,0.85864,2.159117484,5.917562654,0.287137274,-3.137605317,-3.017738786
9.58973,12.10597,1.262389035,3598.31,0.80888,1.382048811,6.589763185,0.277506489,-3.26683735,-3.250126183
18.83539,19.99314,1.061466739,4511.88,0.88116,2.752386426,6.336073201,0.4742951,-3.077512896,-3.032870465
19.48286,23.66615,1.214716423,6798.05,0.92768,5.217988019,3.401269711,0.46252742,-2.75766656,-2.793531834
15.01747,17.54724,1.168455139,4101.68,0.84342,1.864673955,6.319731973,0.276116829,-3.232228852,-3.230306191
10.13508,12.64353,1.247501746,2934.28,0.7804,1.246225314,9.20757795,0.443301317,-3.52915076,-3.434020199
15.02764,17.94872,1.194380488,5465.15,0.88344,3.170770225,5.68915331,0.475745142,-3.057079031,-3.142220238
16.44586,19.4107,1.180278806,5024.85,0.8808,2.671649216,5.747756452,0.426119033,-2.992677775,-3.025704381
17.57032,21.69198,1.234580816,5727.26,0.9059,3.931738185,4.704102124,0.44612918,-2.891407267,-2.946933679
14.6418,20.30595,1.386847929,2800.32,0.85054,1.462693189,5.705327389,0.183709223,-3.157791045,-3.057217517
14.60355,17.52308,1.199919198,5082.95,0.86924,2.498009903,5.274304868,0.304082475,-3.099431833,-3.100992431
14.60056,18.80054,1.28765883,2899.46,0.85678,1.523966389,6.106143555,0.207266502,-3.157432957,-3.10147311
16.96688,20.71961,1.221179734,5661.85,0.90156,3.652495199,4.894537499,0.424013964,-2.951264926,-2.982571728
22.05778,24.12654,1.093788223,6326.3,0.91756,4.524970781,4.065466389,0.458156165,-2.819299461,-2.846557748
27.18903,29.15383,1.072264439,7500.81,0.94614,7.660060235,2.981289621,0.589481909,-2.582745059,-2.462463095
13.60749,17.31227,1.272260351,4190.83,0.82096,1.888358313,7.225222437,0.316711709,-3.390793529,-3.377022258
12.37343,16.01966,1.294682234,5137.24,0.86764,2.575409476,5.388449582,0.375730977,-3.063217201,-3.106845303
15.7166,19.51701,1.241808661,5319.73,0.90042,3.384655866,5.009578052,0.42144938,-2.943296542,-2.855335753
22.05974,25.23584,1.143977218,6117.79,0.92122,5.013605886,4.008800985,0.462170098,-2.799229243,-2.802012659
28.9615,32.09205,1.108093503,7930.55,0.9367,6.810134865,3.003866623,0.534665916,-2.619600156,-2.630688092
15.15875,18.23996,1.203262802,2896.96,0.8582,1.48422813,5.617733913,0.190541618,-3.084444231,-3.130549869
17.69809,20.414,1.153457803,5398.48,0.89362,3.296906821,4.773463174,0.402504465,-2.969174963,-2.948576068
17.67556,19.75453,1.117618339,5450.26,0.88696,3.183061188,5.212455456,0.418295332,-2.982342639,-3.035357134
14.51942,19.21666,1.3235143,5396.08,0.87612,2.99409465,5.214081695,0.336247609,-3.070789563,-3.070357949
26.88763,30.28878,1.126494972,7041.75,0.94366,7.309527498,3.307197145,0.590477554,-2.570588077,-2.606950908
14.40871,22.53061,1.563679885,5485,0.88728,3.389177916,5.61350723,0.386176344,-3.049705584,-2.999403703
11.0351,12.87807,1.167009814,4267.43,0.8377,1.737894693,5.321701782,0.280966982,-3.063312283,-3.136644715
8.77025,16.03404,1.828230666,3887.72,0.82332,1.647823137,6.372512669,0.280280601,-3.217876195,-3.190141605
16.32783,20.4668,1.253491738,6138.51,0.91758,4.458275636,3.850330748,0.432856908,-2.839620002,-2.820018143
19.2309,22.50817,1.170416881,4550.9,0.91574,3.400129955,3.692427844,0.304758987,-2.806986754,-2.791575538
16.69275,20.92248,1.253387249,4892.91,0.89396,3.069864872,4.848806345,0.340461275,-3.041627081,-2.885709523
15.71712,17.89798,1.138756973,5114.94,0.85624,2.454506886,6.216289653,0.373173507,-3.184539262,-3.227589134
18.17757,22.00173,1.210377955,5478.35,0.88784,3.198340022,5.704753409,0.488483238,-3.03040715,-3.025759969
19.04893,22.20656,1.165764166,6008.3,0.92338,4.783014079,4.130378127,0.48076696,-2.807044216,-2.817074027
17.04416,20.93358,1.228196637,5953.85,0.91046,4.076418862,4.288414961,0.410915551,-2.921188541,-2.971143634
19.34034,21.12256,1.092150397,6315.47,0.92418,4.980088913,3.666835678,0.454434254,-2.770632897,-2.681857882
22.0765,24.89079,1.127478993,5647.62,0.92612,4.66617962,3.885866529,0.429949462,-2.782942943,-2.752569731
14.1969,20.23531,1.425332995,5451.43,0.89306,3.323261266,5.281785871,0.463516933,-2.950222127,-2.954911578
17.01292,19.01097,1.117443096,5357.46,0.88068,2.854087268,5.509311188,0.390615011,-3.072500874,-3.068801856
21.87942,25.42328,1.161972301,6611.02,0.93032,5.618315447,3.757438848,0.511207641,-2.754545939,-2.759154398
14.83872,19.12972,1.289175886,2867.08,0.85656,1.530634673,5.870192336,0.210860925,-3.105488354,-3.093236833
15.11493,21.50875,1.423013537,5980.85,0.90344,3.951796689,4.756613029,0.422507507,-2.963680168,-2.9282666
27.16182,30.35527,1.117571282,6682.38,0.94254,6.81040774,3.14197299,0.524809273,-2.619838105,-2.679650129
15.05237,16.92938,1.124698635,5011.25,0.88698,2.854356935,4.776511189,0.348319616,-3.002084305,-3.076698449
18.89406,23.1897,1.227353994,5816.78,0.91876,4.295940935,3.875070725,0.394903643,-2.782121211,-2.796148477
12.67382,16.04533,1.26602161,4484.37,0.86402,2.237194044,5.251567278,0.325276725,-3.088017355,-3.050603159
18.44369,22.45049,1.217245031,5505.7,0.90126,3.67046232,5.420559389,0.497898045,-2.960342303,-3.011844976
10.4537,12.28241,1.174934234,3871.26,0.8305,1.480764328,5.653410848,0.254567355,-3.127140977,-3.086696387
26.58569,29.76517,1.119593661,7144.14,0.9417,6.988134197,3.192317031,0.563271973,-2.684445202,-2.619531824
17.65423,22.44589,1.271417105,6253.82,0.92172,4.981300936,4.058891735,0.491016948,-2.830490402,-2.819463587
19.88383,23.43102,1.178395711,4641.31,0.88036,2.961881371,5.90697625,0.423495178,-3.010286339,-3.003047813
21.57005,25.1666,1.166738139,6516.44,0.92532,5.261954723,3.884402713,0.503647032,-2.754229322,-2.759268999
11.27084,14.1751,1.257679108,3621.01,0.81354,1.509683956,6.52263844,0.302630814,-3.206279686,-3.217216907
16.93003,19.39141,1.145385448,5320.62,0.88162,2.860767873,5.392292307,0.386181757,-3.057648799,-3.082543464
21.93242,24.9308,1.136709948,6403.28,0.91162,4.232730042,4.472587277,0.476615501,-2.873161322,-2.908491638
14.53981,22.21277,1.527720789,5519.35,0.8823,3.231453843,5.208718804,0.355781481,-3.108480245,-3.066726211
14.86325,19.86117,1.336260239,5959.6,0.90852,3.955039354,4.155747456,0.415215052,-2.876221609,-2.865827234
14.85852,20.62731,1.388247955,4531.67,0.87542,2.518013133,6.013937509,0.360178192,-3.132008726,-3.124057984
8.66567,14.65216,1.690828291,4467.11,0.81888,1.879061571,7.857521592,0.469766411,-3.33007062,-3.3059288
22.19492,24.87168,1.120602372,6709.41,0.92624,5.273483982,3.956746726,0.510007498,-2.799137825,-2.779636688
11.69604,18.29844,1.564498753,5878.87,0.88538,3.093149431,4.937892945,0.392340324,-3.03928613,-3.011302388
16.23564,20.53504,1.264812474,5240.79,0.89704,3.243974324,5.293099232,0.442813135,-2.951981767,-2.976954407
12.51026,15.52489,1.24097261,3810.09,0.85932,1.91928171,5.416975125,0.27688808,-3.092036846,-3.066036842
10.98009,14.25846,1.298574055,4240.07,0.83208,1.882171981,5.906957343,0.302166847,-3.216421735,-3.224439299
14.93496,16.22558,1.086416033,3804.53,0.82108,1.755213288,9.314435864,0.462168444,-3.434180236,-3.371119234
22.04316,24.18716,1.097263732,6414.15,0.91614,4.538132319,4.180681698,0.471243013,-2.860932971,-2.868299289
10.5545,13.98913,1.325418542,4005.94,0.84606,1.764842083,6.100526583,0.289669727,-3.188974517,-3.130953567
4.52274,7.29369,1.612670638,985.536,0.60902,0.430484969,12.56071648,0.309873826,-4.346371537,-4.290470127
16.64465,21.78461,1.308805532,5823.05,0.90632,3.893194041,4.919900073,0.487723618,-2.861028265,-2.851921713
15.04018,17.97823,1.195346731,5147.54,0.8799,2.89679966,5.729366649,0.408985804,-3.090166456,-3.035203126
27.06742,28.86271,1.066326602,6768.54,0.93046,5.654332541,3.895842455,0.516814414,-2.735206192,-2.772176504
16.47099,18.54818,1.126112031,5884.34,0.8914,3.287067084,5.243775154,0.426551638,-3.038869342,-3.030102015
19.06062,21.30077,1.117527656,5286.36,0.89052,3.42719915,6.89093428,0.521091781,-3.103664403,-3.03209858
22.37416,26.16801,1.169563908,6542.82,0.92708,5.481269511,3.977066015,0.506741408,-2.794406649,-2.800765362
15.00541,17.32343,1.154478951,4939.52,0.88564,2.646142263,4.537903914,0.310971282,-2.962786899,-3.039441332
11.40756,14.11041,1.23693498,3722.17,0.8309,1.581266117,5.981195104,0.278776956,-3.172731412,-3.171326789
19.11965,22.32451,1.167621269,5775.95,0.90886,3.82827802,3.942437739,0.380532998,-2.847006439,-2.867285718
10.55154,12.93182,1.225586028,4775.39,0.85842,2.104749552,5.130832294,0.323427263,-3.030887033,-3.057332176
16.39228,21.02307,1.282498225,6215.58,0.9157,4.367464133,3.843164499,0.431398492,-2.828364129,-2.816496921
12.99803,16.9401,1.303282113,4935.07,0.87584,2.551594747,4.279244791,0.283192191,-2.933114105,-2.963725347
21.97285,25.30627,1.15170631,5545.14,0.92586,4.651113723,3.894362286,0.425455602,-2.771685722,-2.756033794
9.28206,11.56741,1.246211509,3140.61,0.78988,1.17505296,7.151082243,0.249667419,-3.322123995,-3.332375547
18.50152,21.77681,1.177028158,4894.52,0.89,3.175339387,5.745745939,0.459718763,-2.997930564,-3.057440276
26.71551,28.89089,1.081427605,6870.01,0.9313,5.814229348,3.837546317,0.529224458,-2.744262261,-2.834298698
10.94385,12.59376,1.150761387,5030.05,0.8614,2.235759169,4.977457153,0.326139695,-3.035220762,-2.982031165
11.69169,13.53128,1.157341667,3382.98,0.81382,1.395006008,6.930242123,0.304108837,-3.297833945,-3.371054336
14.30512,21.43221,1.498219519,4299.27,0.86532,2.272964873,5.635056797,0.275492825,-3.102225465,-3.108118552
11.89098,14.91638,1.254428146,2934.69,0.79326,1.246911252,7.180613121,0.241492761,-3.44254939,-3.42091963
16.21715,20.10541,1.239762227,5538.46,0.89596,3.432323511,5.148609027,0.408520314,-3.006185127,-3.036395966
15.18554,17.20225,1.132804629,4710.83,0.85518,2.233866649,7.377287156,0.492167994,-3.239023383,-3.194450209
5.24685,9.61645,1.832804445,1093.72,0.64532,0.42600441,10.88740636,0.190232366,-3.788167347,-3.784443377
22.1668,25.76537,1.162340527,6725.43,0.92686,5.643739192,4.207228136,0.541591661,-2.819037981,-2.855160248
17.65234,21.49575,1.217728075,5692.05,0.91596,4.169367467,4.388233045,0.444756442,-2.803276721,-2.895595944
15.26847,19.34465,1.266967155,5066.35,0.89876,3.27823169,4.820584229,0.387532291,-2.939756002,-2.921469011
11.79982,15.32515,1.298761337,4618.23,0.84228,2.142350257,6.343159439,0.408262268,-3.162182936,-3.189785038
14.52992,22.54506,1.551630016,4752.66,0.89674,3.249281653,5.013280894,0.345647447,-2.940663109,-2.954382573
16.43891,19.22847,1.169692516,5119.38,0.8776,2.741463384,5.379744034,0.363882139,-3.033508015,-3.150413451
11.225,18.1985,1.621247216,4859.66,0.84262,2.417612055,8.125683767,0.578764988,-3.354346609,-3.32852344
14.52681,21.09801,1.452349828,3011.29,0.88326,1.95734553,5.039940519,0.21525443,-2.990563398,-2.998221649
10.86528,14.27546,1.313860296,4261.58,0.83704,1.854525313,5.92425738,0.29726118,-3.157378434,-3.133721667
22.15577,26.19702,1.182401695,6721.09,0.9277,5.603508157,3.854597383,0.519076593,-2.758499245,-2.779137005
15.62477,19.83024,1.269154042,5923.2,0.88536,3.499128538,5.834843544,0.480883905,-3.106797858,-3.065125527
10.18273,12.85291,1.262226338,4041.7,0.8077,1.471273999,7.183636833,0.349249099,-3.248845431,-3.226535122
14.16331,19.39692,1.369518848,5654.02,0.898,3.531665035,4.920218761,0.452394327,-2.963938209,-2.917776567
15.93726,18.96401,1.189916585,5717.71,0.87952,3.004594756,5.736058134,0.446792348,-3.107407702,-3.03536347
16.36915,20.52539,1.253906892,4238.03,0.8871,2.547922543,5.18548505,0.295417573,-3.056045271,-3.018408878
22.16085,26.78392,1.208614291,6925.19,0.9395,6.671069075,3.311092777,0.549421203,-2.673669733,-2.751511388
16.4562,18.61618,1.131256305,3728.87,0.86286,1.792095638,6.125705393,0.273470317,-3.160453715,-3.181480765
15.70359,18.39371,1.171306052,4223.91,0.87236,2.261318126,5.846962299,0.356547567,-3.093159763,-3.122052051
10.825,12.85131,1.187187991,2658.15,0.81744,1.134794306,6.539016788,0.204471258,-3.24212061,-3.282399274
16.57572,19.20607,1.158686923,5174.46,0.88448,3.018342519,5.632701321,0.451903823,-2.994483782,-2.991655012
17.13008,22.17367,1.294428864,6014.07,0.90426,3.783530475,4.663689528,0.447171915,-2.892994439,-2.920029352
21.56579,24.24993,1.124462865,6356.87,0.907,4.048095119,4.763721281,0.489059468,-2.942668075,-2.906341252
11.50353,12.61407,1.096539062,3659.79,0.80622,1.475326139,7.245828319,0.341765001,-3.305116062,-3.323707263
15.74755,19.51656,1.239339453,4142.96,0.87978,2.340132942,5.298611173,0.324393562,-2.991604509,-2.96602468
16.33805,18.77543,1.149184266,3708.03,0.86166,1.808883823,6.005383914,0.272571974,-3.141891564,-3.16176658
14.10022,20.30745,1.440222209,6393.75,0.90208,3.881232763,4.438319888,0.438021595,-2.939990163,-2.931420462
10.09785,13.80804,1.367423759,4147.29,0.82632,1.729929804,6.358745826,0.291455419,-3.248897858,-3.261604851
10.47704,13.3302,1.272325008,4389.11,0.83078,1.796603499,6.651430277,0.370104905,-3.235497766,-3.251112036
18.53749,23.50538,1.267991513,5877.84,0.91062,4.302033335,5.159817762,0.536585824,-2.913749977,-2.933866879
15.97887,19.91934,1.246605048,5337.94,0.89968,3.481073635,4.702785072,0.409758676,-2.954345142,-2.912536763
17.55189,22.89908,1.304650382,6220.72,0.91944,4.763296136,4.021318844,0.468577918,-2.802432259,-2.813684811
10.94865,14.31708,1.307657108,3605.83,0.83474,1.580902058,6.513498619,0.295069082,-3.203065831,-3.235729565
16.0158,21.99668,1.373436232,5797.42,0.91324,4.048534177,4.489164111,0.449478268,-2.848082166,-2.946709359
17.6065,22.35806,1.26987533,6286.77,0.91646,4.621536848,4.324002578,0.484073144,-2.910377069,-2.804639779
13.94041,16.88796,1.211439262,5021.66,0.87222,2.608367998,5.55859771,0.406405747,-3.095364301,-3.077164529
11.8892,14.82646,1.247052787,4583.35,0.86222,2.214727519,5.081393379,0.305347044,-3.041761104,-3.062350183
10.07184,13.19419,1.310007903,3095.18,0.80368,1.241394437,6.900694043,0.265348803,-3.245468959,-3.236729467
15.46447,18.70511,1.2095539,5513.65,0.89564,3.356719886,5.342360386,0.442258649,-2.985365252,-3.015219904
10.34785,14.45733,1.397133704,4320.5,0.8367,1.893479073,6.143860496,0.312354581,-3.209471015,-3.218405633
8.7413,15.77896,1.805104504,4039.86,0.8112,1.653317028,7.623977241,0.370532702,-3.364340716,-3.356590861
15.02755,20.99669,1.397213119,4222.46,0.90188,2.770693103,4.813596147,0.300113008,-2.965914429,-2.992526003
26.0233,28.19417,1.083420243,7067.19,0.93076,5.681567076,3.56857258,0.503476464,-2.716737608,-2.741571507
23.09142,23.86114,1.033333593,6263.34,0.899,3.596100691,5.37645868,0.488344871,-3.045623913,-3.063860585
14.49292,19.32409,1.333346903,5848.86,0.88496,3.196832645,5.26700016,0.436286924,-3.031526603,-3.013447062
13.91814,16.09669,1.156525944,3373.24,0.80218,1.532278552,8.121750336,0.301184425,-3.500543777,-3.456604682
16.48355,20.89125,1.267399923,5609.82,0.9075,3.702676127,4.041528744,0.379887874,-2.873311343,-2.86970115
19.22744,23.00274,1.196349592,6291.58,0.9146,4.244378959,3.864105982,0.418087367,-2.812361465,-2.788454242
16.39172,21.08529,1.286337858,5515.69,0.90636,3.78515855,4.631580844,0.438663534,-2.883282871,-2.899706286
26.28237,28.69642,1.091850545,6572.85,0.91976,4.910047939,4.66427768,0.523680054,-2.884577923,-2.851461964
9.70589,12.10053,1.24672029,2582.28,0.8021,1.0430402,7.052891114,0.213915443,-3.322466458,-3.37697112
10.07871,14.49356,1.438037209,3886.4,0.82972,1.707875345,6.524517252,0.311662381,-3.234683659,-3.172658971
16.99024,20.53036,1.208361977,3983.41,0.89228,2.503071753,4.941750181,0.279960482,-2.975656577,-2.95878196
15.2191,21.28945,1.398863928,5582.02,0.89762,3.47819011,5.224007413,0.416655246,-3.036949526,-3.036081659
10.92749,14.96018,1.369040832,4501.99,0.84196,2.058566808,6.352435108,0.382373168,-3.164209763,-3.19258476
9.48999,16.39022,1.72710614,4280.55,0.84134,1.915471025,6.474929931,0.34294884,-3.196881471,-3.226503818
11.66352,15.5622,1.334262727,4625.68,0.86006,2.273781166,5.734850915,0.361722107,-3.121542114,-3.095466606
14.56712,20.98056,1.44026822,5429.73,0.87894,3.151248754,5.191965123,0.347340697,-3.045291297,-3.046684964
26.88373,29.28148,1.089189633,6503.17,0.9268,5.502746029,3.944998483,0.508188326,-2.732502335,-2.833589952
14.98958,21.47436,1.432619193,3089.51,0.89102,2.105549215,4.804963937,0.214203682,-2.938358817,-2.904238068
14.7872,18.16248,1.228256871,5517.96,0.90282,3.442579819,3.774188459,0.34544598,-2.855612907,-2.869911636
11.05144,15.42888,1.396096798,6178.01,0.87448,2.998326796,6.094519499,0.475848535,-3.150313843,-3.13938768
19.29703,22.2306,1.15202184,6528.33,0.91806,4.404327281,3.697578927,0.420064045,-2.790983401,-2.839230108
8.79032,11.5785,1.317187543,4017.31,0.82094,1.552746159,6.089798617,0.308275048,-3.192893858,-3.190048567
10.88898,13.42667,1.233051213,3762.16,0.83144,1.652627101,5.7763266,0.253341447,-3.166735146,-3.159259752
10.16112,15.71785,1.54686196,3738.32,0.8295,1.613317307,6.87419033,0.326483541,-3.267179773,-3.353441028
15.80014,20.80932,1.3170339,5907.26,0.89404,3.510995916,5.209557985,0.447349943,-3.038745724,-3.013160479
17.5324,22.2026,1.266375396,5920.54,0.91182,4.195555147,4.429073447,0.463182704,-2.890195606,-2.856621437
16.21033,18.0751,1.115035906,3859.31,0.87662,2.006789873,5.282299402,0.253628115,-3.053167027,-3.042163833
16.12887,21.17734,1.313008289,5466.39,0.8933,3.346645487,5.124042193,0.400156751,-3.028297563,-3.043616655
18.95374,22.86895,1.20656662,4630.59,0.9161,3.426709708,3.921288829,0.318018408,-2.821577525,-2.861095491
10.6213,13.79663,1.298958696,3850.73,0.81822,1.670822179,6.014068543,0.26508949,-3.236455405,-3.256001933
10.95802,12.38401,1.130132086,5345.79,0.86738,2.472027314,4.868490125,0.349674557,-3.019791071,-2.967560623
11.11483,13.90084,1.250657005,2702.03,0.82298,1.217323391,6.643040714,0.227711074,-3.225170056,-3.213675942
17.6329,22.40995,1.270916866,5919.62,0.90096,3.741046626,4.686171582,0.441856517,-2.873681231,-2.941157096
18.46311,22.34121,1.21004587,5617.58,0.91746,4.195963467,4.146040315,0.412367712,-2.82940229,-2.825632478
15.94693,21.4851,1.347287534,5607.49,0.90514,3.90101152,5.246562459,0.451910467,-2.958295239,-2.951818769
11.685,14.12024,1.20840736,4064.96,0.82872,1.864919786,6.399803229,0.33282538,-3.18158158,-3.232199938
16.24405,18.32856,1.128324525,5286.06,0.8709,2.681548765,5.99549719,0.414994594,-3.139304542,-3.09564297
16.62931,18.964,1.140396084,5205.72,0.8818,2.830936765,5.2951856,0.371439149,-3.053345978,-3.075581114
14.91433,17.85185,1.196959568,5430.24,0.8836,2.904878065,4.761862632,0.361198016,-3.035578478,-3.096730372
21.55558,23.88743,1.108178486,5957.55,0.92748,4.899110482,3.670291295,0.440890223,-2.757712097,-2.719209931
19.53124,24.34877,1.246657662,6573.1,0.92552,5.196047608,3.708452355,0.474324505,-2.749948743,-2.823328908
10.5276,12.10492,1.149827121,4387.97,0.8462,1.827408975,5.071782197,0.265372043,-3.075345677,-3.068317749
14.50107,20.05552,1.383037252,2834.79,0.86108,1.529835234,5.877415749,0.19191111,-3.117239226,-3.036690182
16.37924,19.48503,1.189617467,4374.37,0.87294,2.261414712,5.027459602,0.272822961,-3.080951397,-3.011182178
19.26226,22.34037,1.159800044,6192.14,0.91336,4.114067448,3.920462176,0.41082411,-2.792735278,-2.794722184
19.51722,21.97426,1.12589088,6383.55,0.912,4.016099627,3.850919273,0.407267866,-2.794159869,-2.807185129
17.63558,23.43143,1.328645273,6343.74,0.92078,4.937687688,4.296149189,0.502163502,-2.875917404,-2.864301505
10.18721,12.29804,1.207203935,3888.72,0.8097,1.636121158,6.3832644,0.281640241,-3.224688671,-3.232907786
14.379,17.85154,1.2415008,5789.93,0.90788,3.687720866,3.435747885,0.339615911,-2.853015743,-2.73985568
5.77092,10.69227,1.852784305,2525.46,0.71134,0.893642093,9.844315353,0.429514219,-3.649185693,-3.670272766
14.98361,18.5665,1.239120612,5077.8,0.86242,2.464916342,6.45730249,0.408716162,-3.189999678,-3.173223775
11.40609,13.95433,1.223410476,4678.97,0.84998,2.105630837,5.525263374,0.3008869,-3.136397295,-3.181721078
16.05247,20.71221,1.290281807,6127.06,0.9074,4.104340904,4.780206034,0.465434873,-2.945541771,-3.003388266
9.32356,12.40166,1.330142135,4897.31,0.84194,1.936393452,5.526330285,0.306818754,-3.101879394,-3.078200525
16.53187,20.01431,1.210650096,4909.24,0.88968,2.841656419,4.657898781,0.312418251,-2.989950696,-2.986420221
5.74192,9.61066,1.673771143,1359.85,0.65638,0.518537244,10.96855223,0.270107741,-4.169548363,-4.156873097
22.73521,25.99472,1.14336837,4703.22,0.88268,3.216658346,6.377155386,0.493874027,-3.057949821,-3.045474138
26.59035,28.85043,1.084996249,7382.11,0.94538,7.568125781,2.953628075,0.574048783,-2.611360111,-2.612253877
17.99714,20.76882,1.154006692,5446.79,0.90542,3.686323367,4.419511811,0.387716431,-2.926984837,-2.969614628
9.03064,14.05914,1.556826537,3906.31,0.80376,1.52666188,7.549471713,0.419065522,-3.325360837,-3.35569607
10.24762,12.80773,1.249824837,4298.42,0.819,1.744356931,7.303953339,0.425080269,-3.299941212,-3.29047822
14.08562,16.37545,1.162565084,5212.25,0.87672,2.792084127,5.397006017,0.376954154,-3.04346658,-3.155678295
11.09413,12.81085,1.154741291,4349.9,0.84708,1.87242621,4.988888411,0.276660065,-3.039672421,-3.120803782
15.47282,22.1515,1.431639481,5956.45,0.90562,4.112790423,4.772192083,0.435366014,-2.928576169,-2.963216995
21.85743,24.50917,1.121319844,6548.2,0.91792,4.704845183,4.1040689,0.482756742,-2.788040865,-2.798249363
17.24277,19.45903,1.128532713,4913.3,0.888,2.909186214,5.100032276,0.400085675,-2.960715058,-3.022525016
14.46574,19.94563,1.378818505,5416.34,0.87154,2.917278938,5.305686296,0.341462894,-3.096147805,-3.075304601
15.40704,19.66784,1.276548902,5642.58,0.8785,3.165857034,6.242666688,0.454179871,-3.146926623,-3.191029494
15.57368,18.65806,1.198050814,4741.31,0.8539,2.18280444,5.844826393,0.301191613,-3.122801638,-3.116917503
21.28541,26.0598,1.224303408,5544.14,0.92328,4.495209161,4.177294476,0.437062895,-2.83118657,-2.8326844
16.98428,19.16233,1.128239172,5368.86,0.88214,2.883488925,5.344646985,0.382443316,-3.055249105,-3.079418167
11.19152,12.68743,1.133664596,4554.18,0.8604,2.037216373,4.792128998,0.285259779,-3.013218536,-3.049329187
19.1702,22.22692,1.159451649,6061.09,0.91074,4.030928839,3.918618135,0.400348286,-2.857365527,-2.808377554
16.55509,20.4391,1.234611228,5092.9,0.90126,3.322470527,4.410168369,0.343499713,-2.948993458,-2.897096759
9.76034,11.77659,1.206575796,3475.62,0.7928,1.311241147,7.594887327,0.321289296,-3.349222829,-3.364630462
21.42291,24.32976,1.135688849,5907.67,0.90798,4.072882884,4.588717402,0.452196285,-2.831090981,-2.847125291
12.42581,16.25096,1.307839087,4114.58,0.84584,1.96802632,5.927410886,0.263933131,-3.197448533,-3.110875836
10.2014,12.84067,1.258716451,3501.56,0.80862,1.399945984,7.367357446,0.340314063,-3.283700937,-3.31571795
14.65325,19.68967,1.343706686,3004.71,0.87464,1.733549769,5.24737657,0.198069441,-3.036930695,-2.985283019
11.23403,13.37232,1.190340421,2996.84,0.81264,1.19842322,6.765066271,0.24486799,-3.284173913,-3.319128441
26.60005,28.09238,1.056102526,5851.65,0.92766,4.702655845,3.627838248,0.421157929,-2.767129122,-2.707652844
16.09928,18.17332,1.128828122,5970.63,0.91224,3.932747025,3.327359222,0.352966795,-2.743427448,-2.756588704
11.73748,16.16742,1.377418321,5213.13,0.85592,2.405046574,6.960626396,0.502449335,-3.178601906,-3.130212157
22.16543,24.03538,1.084363353,6355.46,0.91472,4.46464045,4.170254277,0.458704787,-2.816354516,-2.844987876
11.47955,14.25874,1.242099211,4186.75,0.82442,1.842357553,6.614504472,0.267868244,-3.325824148,-3.325528698
15.4907,18.85324,1.217068305,5425.63,0.88884,3.194244294,5.326645305,0.451614556,-2.994836188,-3.025035922
13.67051,15.73865,1.151284773,3025.97,0.85554,1.613550551,5.772974367,0.235460869,-3.115984968,-3.122628474
9.29743,12.29443,1.322347143,4856.7,0.84326,1.912609578,5.28505825,0.288261274,-3.080369913,-3.114998526
11.93577,13.67133,1.145408298,4425.29,0.82076,1.844230432,7.011012028,0.425644369,-3.238283091,-3.230524058
9.18859,11.86852,1.291658459,4701.91,0.8407,1.8635881,5.81773923,0.326250982,-3.105350261,-3.152045538
24.23315,27.90404,1.151482164,6720.86,0.92782,5.651442981,4.147494923,0.555906504,-2.802693968,-2.797820523
10.59283,16.67793,1.574454608,5583.72,0.86358,2.676746543,6.20424973,0.460760934,-3.143880166,-3.167460024
16.58889,23.23769,1.400798366,6049.72,0.91534,4.488082805,4.570440849,0.505193572,-2.834633473,-2.879220916
24.74153,27.69258,1.119275162,6691.58,0.93218,6.046285366,4.073951104,0.565186588,-2.792960943,-2.7721986
11.65615,15.57023,1.335795267,4031.34,0.85134,1.899426384,5.377014113,0.279930117,-3.084216569,-3.138411724
10.12711,14.74879,1.456367118,4766.85,0.82204,1.985397652,8.077121758,0.486121974,-3.336419537,-3.295698349
14.28446,17.09421,1.19669977,5602.65,0.8968,3.344284548,4.005306595,0.351203713,-2.925202148,-2.810797666
25.42691,27.93724,1.098727293,6623.74,0.93344,6.0747104,3.927792158,0.558594061,-2.730281302,-2.820188013
11.76948,13.71799,1.165556167,3942.93,0.81904,1.660217338,6.417515563,0.318399935,-3.194235865,-3.202546863
14.5552,20.83469,1.431425882,5378.03,0.8792,3.132180735,5.469995826,0.356167583,-3.051683902,-2.978929056
19.19222,23.92025,1.246351386,6536.31,0.92806,5.124345694,3.49925197,0.458802033,-2.733768164,-2.734002109
17.59438,20.49565,1.164897541,5600.36,0.89512,3.386526835,4.811180858,0.425190437,-2.977179773,-2.924673291
11.68169,13.20057,1.130022283,3826.97,0.81074,1.543085104,6.98528806,0.336845231,-3.289723052,-3.351927403
15.32054,17.58003,1.147481094,5136.34,0.85422,2.41286,6.288528114,0.387381167,-3.24191489,-3.200789752
21.81941,24.78741,1.136025676,5976.92,0.91208,4.224470135,4.306355215,0.445775656,-2.837793556,-2.870998492
18.3148,22.17563,1.210803831,6374.29,0.91484,4.676354974,4.281780785,0.483400748,-2.84747915,-2.87638502
14.59248,17.29075,1.184908254,5455.98,0.86424,2.602121465,5.899009403,0.381264295,-3.166870671,-3.175037688
11.77331,13.20341,1.121469663,5089.86,0.87272,2.417768125,4.506548892,0.309207222,-2.961857851,-3.02711401
18.15451,23.40602,1.289267515,6193.61,0.91918,4.637545155,4.082759086,0.472269385,-2.811127642,-2.807220071
14.06888,18.32042,1.302194631,5058.3,0.8709,2.611253366,5.819249414,0.43068466,-3.086819974,-3.046482893
22.12165,24.86643,1.12407664,5628.31,0.91014,3.935059882,4.548646689,0.436220372,-2.874978096,-2.977080088
17.03517,18.86638,1.107495845,5154.2,0.88118,2.748594012,5.239911096,0.358135616,-3.088164461,-3.040429678
17.59137,21.55059,1.225066041,5694.25,0.90842,3.939665977,4.41764655,0.419003212,-2.927108469,-2.931065634
17.53807,22.52219,1.284188625,6030.56,0.91208,4.226721473,4.51498849,0.470554187,-2.930610898,-2.903950557
14.84931,21.73937,1.463998664,4695.91,0.89686,3.222197472,5.166033252,0.346755571,-2.935250328,-2.974059216
21.83842,24.83278,1.137114315,6262.59,0.9286,5.270267202,3.609251638,0.46432945,-2.73189025,-2.689351018
22.01534,24.96146,1.133821236,6619.92,0.92754,5.460807517,3.858810097,0.494623559,-2.736069117,-2.78398744
14.97859,18.09086,1.20778124,4465.63,0.86524,2.289358099,5.763626511,0.305648555,-3.124124625,-3.084066367
15.83907,19.66027,1.241251538,5802.24,0.91052,4.09896729,4.754798139,0.474365338,-2.916747053,-2.915819802
18.79228,22.95764,1.221652721,5809.44,0.92516,4.889050948,3.985319605,0.47449651,-2.746859913,-2.768984431
16.69108,20.16892,1.208365187,5229.63,0.896,3.252752678,4.819445469,0.358450655,-2.978210246,-2.998765053
19.69919,23.32705,1.184162902,6624.04,0.92508,4.924069431,3.309925844,0.429588408,-2.727826406,-2.793536144
17.0445,22.67185,1.330156355,5725.76,0.90408,3.900427111,5.238836356,0.498896612,-2.941739166,-2.961960124
22.28754,25.12813,1.127451931,6176.61,0.91644,4.451655211,4.20846749,0.459895704,-2.862637012,-2.878825909
16.44089,19.12698,1.163378625,4592.61,0.87674,2.424230694,4.90065538,0.2866248,-3.00925186,-3.066937038
10.08563,13.71991,1.360342388,3669.03,0.8162,1.571107937,6.516692116,0.289825349,-3.271525541,-3.215265994
21.88216,26.00372,1.188352521,4868.64,0.9216,3.914422967,3.904745794,0.35813291,-2.808300743,-2.888400548
16.47056,21.09262,1.280625553,4418.32,0.89202,2.674602342,4.831755539,0.28770607,-2.983278333,-2.992299844
14.51847,18.83895,1.297585076,5142.32,0.86168,2.69525153,6.252412448,0.359245757,-3.155496909,-3.086489914
19.55638,20.91688,1.06956809,4868.35,0.89726,3.001893623,4.315304377,0.325930103,-2.921917203,-2.87013148
14.15328,17.59506,1.243178966,5118.86,0.88548,2.785938793,4.161935316,0.310127114,-2.953602525,-2.992427562
15.69354,19.20559,1.223789534,4357.33,0.8795,2.515185486,6.456628967,0.36919937,-3.1271912,-3.146272366
16.47704,20.96454,1.272348674,5695.58,0.9003,3.599947218,5.070830778,0.420395407,-2.983359251,-3.009975224
15.15179,20.66357,1.363770881,6133.12,0.90318,3.972763621,4.756627591,0.427467868,-2.92790301,-2.978071472
14.41106,17.67846,1.226728638,5202.55,0.89296,2.914274711,3.789906743,0.297433837,-2.870185307,-2.876276391
12.10127,15.36328,1.269559311,4680.64,0.86076,2.361468524,5.357086598,0.343698885,-3.056751689,-3.060763815
27.2542,30.71814,1.127097475,7236.34,0.94374,7.518223171,3.22776869,0.588538792,-2.590647014,-2.683502443
21.88714,25.03531,1.143836518,6370.33,0.92252,5.018113774,4.07665387,0.4669794,-2.792428181,-2.80753268
11.60119,14.44233,1.244900739,3534.45,0.8396,1.614385645,6.327950221,0.302297013,-3.126090215,-3.147597411
11.16452,14.80058,1.325679922,4360.21,0.84106,1.874512461,6.039072865,0.33052128,-3.147041699,-3.117377738
11.45835,15.03476,1.312122601,4192.76,0.8477,1.999485799,5.776021433,0.301049513,-3.113574973,-3.150108691
13.93358,16.90755,1.213439044,5507.1,0.89798,3.303789877,3.916613968,0.334285793,-2.905088839,-2.860582985
21.54252,26.08296,1.210766428,6610.67,0.92856,5.603997683,3.938318937,0.530072121,-2.799144623,-2.782844889
14.75116,21.29529,1.443634941,6043.54,0.90198,3.957371755,4.780786012,0.422793475,-2.960592547,-2.964534355
18.4439,22.44763,1.217076106,6039.17,0.9059,4.054513718,5.136457123,0.494285496,-2.972652678,-2.97265935
15.32943,18.0896,1.180056923,4853.65,0.87658,2.607076682,5.704084564,0.395613913,-3.023839589,-3.071036925
11.45982,14.79417,1.290960067,4376.73,0.8457,2.185576282,6.180703242,0.351838553,-3.173447742,-3.21314444
21.23862,26.71497,1.257848674,6656.99,0.93562,6.466063567,3.670019555,0.565187132,-2.705150652,-2.704445996
15.7686,19.18805,1.216851845,5192.14,0.88294,2.899629229,5.586862726,0.436311465,-3.004112603,-3.103963201
21.87418,27.32376,1.249132996,6975.29,0.94078,6.995791133,3.390074118,0.575716439,-2.6602874,-2.692702403
9.60167,14.20074,1.478986468,4048.74,0.8017,1.57389266,8.834801906,0.54489576,-3.378284838,-3.416428075
21.27132,25.71082,1.208708251,5985.17,0.929,5.329890993,3.928822967,0.493069573,-2.765696673,-2.777167475
27.12549,30.34669,1.118751772,6970.59,0.94376,7.125136839,3.237376763,0.558764974,-2.628970445,-2.621962627
21.46881,26.18832,1.219831001,6412.45,0.924,5.348924716,4.219170123,0.537147759,-2.79844815,-2.813809711
14.67985,18.28194,1.245376485,4066.43,0.84554,1.962060124,8.606752402,0.490806055,-3.27625667,-3.296208497
24.48449,26.54983,1.084352992,6016.27,0.93334,5.557977228,3.879287104,0.503181474,-2.723436867,-2.798009791
8.01733,12.06142,1.504418553,4784.38,0.80566,1.748196818,8.561169315,0.546010809,-3.360760437,-3.374693255
16.75168,22.22741,1.326876469,5291.11,0.90334,3.597373273,4.978708303,0.440828577,-2.923877393,-2.938674601
13.74379,15.89557,1.156563801,5424.68,0.88344,2.992764032,4.922127055,0.394422287,-2.981302648,-2.966018977
11.02865,12.7021,1.151736613,4223.18,0.84098,1.741869872,5.206111967,0.269606576,-3.04932852,-3.086263059
14.97462,20.23914,1.351562844,3575.01,0.88222,2.071084818,5.301549995,0.24816394,-3.069448475,-3.046061185
14.80456,19.37084,1.3084374,5845.4,0.90182,3.603316352,4.006835233,0.382611221,-2.882968122,-2.819180937
15.88587,19.73001,1.241984858,5097.45,0.90406,3.397865951,4.466707712,0.375121569,-2.882786245,-2.907665805
10.8843,13.94059,1.28079803,3988.18,0.81352,1.580522074,6.272918437,0.286922735,-3.190078458,-3.266753048
13.9365,16.02465,1.149833172,4917.18,0.87112,2.559648339,5.452526247,0.393992989,-3.028592848,-3.034244348
13.62354,15.54384,1.140954554,4871.27,0.86856,2.485633829,5.192332711,0.321088791,-3.064120674,-3.08673189
19.3899,24.26649,1.251501555,6506.74,0.92758,5.149731848,3.429726916,0.446592632,-2.7146492,-2.75963886
32.86475,33.43567,1.017371804,3637.93,0.86984,2.113226616,5.882025452,0.318605298,-3.039858312,-3.089002237
16.47373,23.56982,1.43075187,5206.7,0.91726,4.112812465,3.713878963,0.355949663,-2.809228751,-2.798685631
11.03311,16.86769,1.528824602,5704.18,0.877,2.83107794,5.028658633,0.378335896,-3.016943166,-3.060166987
17.59783,20.69509,1.176002382,5800.01,0.89872,3.608114564,5.610380482,0.491301124,-3.029977174,-3.044515398
16.53375,20.36398,1.231661299,4596.97,0.8873,2.707196817,5.070534529,0.299915496,-2.995508264,-2.963070654
17.59752,21.34514,1.212962963,5991.36,0.90854,4.146691009,4.618029209,0.46380096,-2.920833608,-2.899780697
21.74486,24.08231,1.107494369,5822.79,0.91072,4.110433601,4.449755963,0.440119661,-2.884484847,-2.883205875
13.89977,20.61416,1.483057633,2834.5,0.85808,1.502422386,5.829648313,0.195222017,-3.086970108,-3.109215367
14.81255,16.79413,1.133777101,4916.16,0.87238,2.560333872,6.241578381,0.391896693,-3.140490818,-3.188199522
27.22358,29.93626,1.099644499,7589.85,0.9491,8.10586909,2.787448589,0.59787269,-2.556389164,-2.629937541
14.77018,19.38588,1.312501269,4997.98,0.88088,2.818121615,5.177845963,0.324882008,-3.062903812,-3.019018351
17.55596,22.81664,1.299652084,5899.66,0.92236,4.622315768,3.833704856,0.417174488,-2.792427491,-2.805281743
20.09532,24.15224,1.201883822,6651.61,0.93014,5.577850272,3.531545525,0.491406956,-2.736243139,-2.763332845
14.85674,21.15474,1.423915341,4624.43,0.88264,2.810123116,5.230207884,0.322796594,-3.038260522,-2.995150179
14.70022,16.63609,1.131689866,4055.61,0.85894,2.020445799,6.057418386,0.349405292,-3.093112066,-3.040530292
10.44024,12.6819,1.214713455,3409.03,0.78394,1.406142659,7.250198298,0.317631743,-3.3965835,-3.449668249
26.36056,29.4251,1.116254738,7267.67,0.93968,6.52641668,2.997960915,0.514838398,-2.58422177,-2.566668359
18.29768,21.52235,1.176233818,5973.03,0.90408,3.822780742,4.517108732,0.440329943,-2.928764248,-2.889366451
16.65239,22.07369,1.325556872,5723.73,0.91636,4.240758224,4.138250825,0.414360393,-2.877458648,-2.901803199
15.04434,19.96612,1.327151607,6040.24,0.9083,3.996093217,4.232761105,0.426249852,-2.922627678,-2.899306707
12.01534,14.54118,1.210217938,4441.78,0.8461,2.08067951,6.202609262,0.374854084,-3.1871938,-3.168600957
15.96609,20.82549,1.304357548,5376.81,0.88834,3.119324686,5.680092744,0.415810894,-3.094756767,-3.057982482
19.52589,25.07134,1.28400498,6958.07,0.93696,6.213221398,3.180860879,0.507645543,-2.691720505,-2.675970224
22.35476,28.30382,1.266120504,7036.44,0.94482,7.505242755,3.256706572,0.594497296,-2.654197831,-2.665605562
14.61792,21.77109,1.489342533,4864.3,0.89668,3.212018742,4.981819638,0.342832684,-2.953149559,-2.946568769
15.5393,17.17668,1.105370255,5613.34,0.85792,2.622012903,7.192725692,0.534136983,-3.20183647,-3.189088163
11.81696,12.57368,1.064036774,3580.26,0.82562,1.526125204,6.20949653,0.296310085,-3.105930789,-3.172765052
16.52245,20.7555,1.256199898,5678.88,0.89864,3.586798169,5.351623554,0.462882138,-3.009664074,-2.98815197
22.66661,24.41213,1.077008428,5214.61,0.91094,3.688359645,4.472498576,0.392346111,-2.847521707,-2.839480989
17.63282,23.40794,1.327521066,6241.8,0.9203,4.587439498,3.966131318,0.453303371,-2.775947254,-2.795119832
15.42526,20.49406,1.328603861,5010.62,0.87956,2.861381307,5.015150486,0.320981573,-3.038695824,-3.030633415
14.37125,16.67523,1.160318692,4932.7,0.86856,2.520370499,5.640330385,0.398578631,-3.079119164,-3.079654175
12.51883,14.64783,1.170063816,4427.75,0.8466,2.099827371,5.933203397,0.35009207,-3.14864772,-3.106634802
15.66581,20.99707,1.3403118,5279.25,0.88722,3.032681258,5.923021096,0.424202328,-3.080934368,-3.086298179
15.92024,20.76548,1.304344658,6026.78,0.89176,3.679560975,5.920430617,0.523388344,-3.082674131,-3.05935684
9.11983,13.9637,1.531135997,4489.21,0.8064,1.748618713,7.911956676,0.448139136,-3.307965158,-3.284353165
9.61559,12.13132,1.261630332,3396.77,0.822,1.296532013,4.839659962,0.178087252,-3.029056212,-3.12181675
14.63176,17.04041,1.164617927,4393.05,0.83168,1.927880648,6.719480199,0.3087085,-3.333862658,-3.299609008
18.16364,22.00216,1.211329888,5313.14,0.88878,3.170421103,5.540491856,0.47677403,-2.971910902,-3.010730491
19.34029,23.57438,1.21892588,6751.32,0.92748,5.227124146,3.394290126,0.458472707,-2.767724829,-2.766532287
11.83536,14.47749,1.223240358,4252.67,0.8203,1.807763931,7.010796661,0.414293686,-3.232665627,-3.273333087
12.35816,16.09363,1.30226749,4581.17,0.86354,2.251581379,5.11063139,0.312940392,-3.064170373,-2.967069811
15.24696,17.72646,1.162622582,5487.42,0.86296,2.608240973,6.223280058,0.403692979,-3.200749602,-3.149838153
26.618,31.32895,1.17698362,7297.6,0.94922,8.266450691,2.995626568,0.614766178,-2.576436595,-2.576129889
18.3546,22.10999,1.204602116,6295.49,0.91642,4.634047674,4.289860057,0.486770661,-2.811461934,-2.885757429
19.29631,23.16298,1.200383908,6342.95,0.9146,4.292566623,3.813916754,0.419180275,-2.78665,-2.852490228
18.13209,21.1609,1.167041417,5793.75,0.9037,3.70938943,4.363481756,0.416466717,-2.875531098,-2.958501053
9.90919,14.00936,1.413774486,3696.39,0.82536,1.526592744,6.421735347,0.258193627,-3.245490231,-3.252951072
12.13349,15.46146,1.2742797,4546.32,0.85638,2.221553515,5.675759727,0.320606331,-3.116053832,-3.170720637
15.55291,18.44822,1.186158732,3948.64,0.84432,1.97031184,8.407745721,0.51534942,-3.342719189,-3.346508689
11.95993,13.34112,1.11548479,4576.67,0.86296,2.078154763,4.38351979,0.261160217,-2.958362913,-2.897700146
10.47405,13.45967,1.285049241,4053.47,0.81352,1.741956896,6.742801423,0.322212546,-3.272736929,-3.266417966
9.35292,11.29089,1.207204809,3923.2,0.79924,1.370243947,6.622407642,0.29201618,-3.23767439,-3.234308192
27.19813,32.02998,1.177653758,7517.79,0.95436,9.44527469,2.732263938,0.660543842,-2.507608701,-2.503254604
16.12741,20.53823,1.273498348,5304.85,0.8801,2.9487841,6.17262128,0.524077132,-3.041641278,-3.05875891
15.74257,20.99964,1.333939757,6016.28,0.89226,3.691402614,5.827033049,0.517362684,-3.058993162,-3.029784692
19.51235,25.33444,1.298379744,7015.62,0.93478,5.945114001,3.138198491,0.487965777,-2.702147857,-2.735259034
12.18987,15.17017,1.244489892,2959.46,0.81864,1.327861673,5.988365238,0.211891174,-3.231419014,-3.251936157
10.04786,14.00743,1.394070976,3248.59,0.81556,1.393655106,6.454362314,0.246020311,-3.298144085,-3.324309157
21.40326,25.11145,1.173253514,6219.58,0.91242,4.335134056,4.379364627,0.47076163,-2.883689818,-2.892580432
12.11704,13.94182,1.150596185,4005.45,0.84296,1.85054037,5.563601612,0.274648734,-3.15366465,-3.202630311
15.74343,21.79233,1.384217416,5635.82,0.90258,3.729700245,5.100211637,0.424600167,-2.999058916,-3.017193384
10.99152,12.37232,1.125624118,4525.5,0.85542,1.945033731,5.138102576,0.298378356,-3.045611269,-3.010190573
26.10317,28.26705,1.082897211,7060.67,0.93052,5.721031178,3.639845527,0.516808728,-2.725216494,-2.720036712
14.75985,19.2013,1.300914305,2709.62,0.85178,1.444772373,5.712762631,0.184605978,-3.106561385,-3.122451596
9.82571,17.19552,1.750053686,4877.41,0.8436,2.165181035,6.475729371,0.382741549,-3.213187442,-3.230797587
14.75878,20.66282,1.400035775,5800.66,0.90626,3.757390317,4.230585699,0.40618805,-2.892016603,-2.964815841
17.68875,21.21797,1.199517773,5910.48,0.91012,4.17004197,4.423838977,0.441239796,-2.874391499,-2.825931667
13.32152,16.74574,1.257044241,5099.62,0.86564,2.625028808,6.55022699,0.441226,-3.131752542,-3.202653781
14.58285,16.85905,1.156087459,4381.96,0.83116,1.912145654,6.900890393,0.309384762,-3.326056049,-3.30370246
9.51862,12.93275,1.358679094,3693.69,0.80898,1.433957448,7.118179749,0.324057663,-3.292918566,-3.245152893
15.08441,16.92554,1.122055155,5496.35,0.89306,3.280113125,4.73144687,0.400353172,-2.975547659,-2.94793617
11.50695,14.23603,1.237167972,4387.38,0.84146,1.994382755,6.665662653,0.393903651,-3.178683266,-3.243008388
25.22784,27.82144,1.102807058,6812.65,0.93064,6.083608433,4.250601844,0.586899215,-2.779688328,-2.844312783
14.98255,19.22627,1.283244174,4416.41,0.8686,2.405354586,5.920858821,0.325966627,-3.109347783,-3.068414031
10.72241,14.41762,1.344624949,3887.61,0.82794,1.716076533,6.4142548,0.312570476,-3.208171178,-3.249072333
11.43423,14.06565,1.230135304,3314.34,0.81314,1.393314953,6.204226977,0.253490776,-3.208782171,-3.200463111
17.05307,20.78613,1.218908384,4974.64,0.89142,3.087885328,5.10595387,0.35777183,-3.040112243,-3.056048047
22.59321,24.22024,1.072014114,6214.93,0.91422,4.438219702,4.422783825,0.472847012,-2.883372575,-2.857611552
16.52482,19.90194,1.204366523,3759.56,0.8796,2.189295946,5.151174677,0.252968446,-3.039718561,-3.006868282
9.28555,12.10697,1.303850607,4113.94,0.83102,1.633595829,5.582118033,0.284369681,-3.108332481,-3.091626676
18.44256,21.72889,1.178192724,5331.34,0.87842,2.951908246,6.462548551,0.549191057,-3.075258907,-3.081556156
6.03889,9.74109,1.613059685,2413.64,0.70776,0.838276261,9.930480708,0.345891091,-3.696710971,-3.680558486
15.76311,20.57743,1.305416888,5435.75,0.9049,3.631861163,4.914024349,0.448275549,-2.895783333,-2.904676965
16.44753,21.106,1.283232194,4896.56,0.89854,3.145135321,4.574642238,0.337392181,-2.94671645,-2.971903944
12.07105,14.74985,1.221919386,4542.33,0.84896,2.18538273,6.175260111,0.385399223,-3.147863948,-3.157455759
15.68266,23.45344,1.495501401,6251.37,0.90506,4.315378417,5.33708671,0.526203594,-2.993217341,-2.969064083
18.21138,21.57245,1.184558776,5997.27,0.9056,3.833373547,4.402598664,0.430640608,-2.896651625,-2.844067401
14.70643,21.97818,1.494460586,3151.67,0.89192,2.128463837,4.759723981,0.221595243,-2.945957027,-2.965474181
16.18528,18.30046,1.130685413,5241.32,0.86596,2.522972934,6.333802669,0.416827551,-3.16400891,-3.168332658
15.76936,18.56547,1.17731284,5293.35,0.86634,2.673740348,6.258922728,0.432040959,-3.20711515,-3.15435453
18.21503,21.13006,1.160034323,5931.89,0.90104,3.624369484,4.577202489,0.41532224,-2.917886345,-2.904453409
21.67068,25.47338,1.175476727,6460.43,0.92566,5.324536377,4.201200305,0.520310697,-2.826679647,-2.827226197
8.91398,10.58359,1.187302417,4528.19,0.82644,1.710577789,6.160602304,0.331558532,-3.152267552,-3.189666587
11.10547,14.58181,1.313029525,4313.63,0.834,1.89085204,6.222584393,0.323619758,-3.191278666,-3.276855176
5.55912,10.84376,1.950625279,2454.25,0.71028,0.856569165,9.485861257,0.341269405,-3.649112528,-3.600753671
20.96143,23.11671,1.102821229,5827.87,0.8936,3.425894332,6.24826322,0.527012641,-3.023172764,-3.077787634
16.58003,20.79627,1.254296283,4734.74,0.89516,3.042992001,4.526602223,0.322948543,-2.954211666,-2.931090574
18.55155,23.10737,1.245576246,5927.42,0.91372,4.4103777,5.100097931,0.551560369,-2.905212174,-2.905035952
22.07082,26.39861,1.196086507,6521.14,0.92992,5.648510912,4.00096655,0.539595211,-2.753035022,-2.787066903
15.51519,19.76434,1.273870317,5950.78,0.88636,3.471565095,6.001609818,0.493452614,-3.05102353,-3.10035241
22.18606,25.23277,1.13732542,6429.47,0.92544,5.237292164,3.943310796,0.503607545,-2.764677667,-2.831630446
17.08224,21.45735,1.256120392,5886.69,0.90808,3.942157837,4.575288739,0.422775202,-2.914700945,-2.957021916
16.69148,19.87879,1.190954307,4820.9,0.88676,2.826975433,5.086645063,0.388690156,-2.954657351,-3.02224689
22.16604,25.35437,1.143838503,6670.27,0.92916,5.568901036,3.861627017,0.510744941,-2.764828545,-2.743543794
16.15092,19.7893,1.225273854,5653.65,0.89544,3.437416026,5.592266343,0.448909919,-3.056200647,-3.067291423
10.86764,13.85765,1.275129651,4076.35,0.80882,1.695070836,7.211152084,0.403109483,-3.229636147,-3.382212725
19.28313,23.15744,1.200917071,6209.8,0.9216,4.6863797,3.568872884,0.41214236,-2.766811599,-2.815528938
12.79396,15.61163,1.220234392,4376.09,0.85824,2.199160555,6.280764637,0.35327897,-3.179357257,-3.15947265
15.12802,18.74753,1.239258674,4485.53,0.86428,2.29580832,5.652333379,0.301993001,-3.100803333,-3.130407989
23.38892,25.6978,1.098716828,6632.14,0.93068,5.648803996,3.949662032,0.530057512,-2.745510353,-2.818988369
14.54493,18.34733,1.261424428,5010.07,0.87524,2.684110132,5.216637431,0.318731228,-3.085529636,-3.081314678
10.24329,12.38075,1.208669285,4218.43,0.83342,1.751596239,6.065927576,0.311503065,-3.165254785,-3.168458582
19.25488,23.98368,1.245589689,6523.82,0.92766,5.208910052,3.811437581,0.488755327,-2.733410027,-2.782366994
13.00488,15.60005,1.199553552,5109.21,0.87612,2.764675069,5.491906742,0.402754473,-3.010301885,-3.038472171
14.41418,16.45019,1.141250491,3974.55,0.8742,2.19315961,5.160188063,0.287922156,-3.014522871,-3.003444957
17.65282,20.80247,1.178421918,5987.65,0.90592,4.030771832,4.621795982,0.443940387,-2.903951487,-2.86900881
13.87723,18.48138,1.331777307,4828.48,0.8625,2.44641292,6.032258489,0.412591632,-3.079262613,-3.070455834
13.26154,15.83515,1.194065697,4986.27,0.8737,2.566625931,5.015207733,0.335313176,-3.060108786,-2.999915492
11.60096,13.92238,1.200105853,4180.3,0.8314,1.859851239,6.164435141,0.313432356,-3.189094707,-3.21090069
16.88842,20.8595,1.235136265,5492.34,0.9055,3.694953155,4.500642706,0.389691213,-2.952779643,-2.971423929
10.00459,12.83225,1.28263627,3781.4,0.7952,1.368611097,7.544231141,0.359624007,-3.321050709,-3.319810112
10.01754,13.12579,1.310280768,4630.52,0.83592,1.965506296,6.407052679,0.347437148,-3.232942652,-3.146119081
14.96509,22.25131,1.486881135,5349.9,0.89402,3.358704636,4.761927536,0.348211913,-2.930187766,-2.948918606
25.11041,28.27978,1.126217374,6589.9,0.93452,6.048359955,3.853506579,0.549477017,-2.765431296,-2.85623872
12.99448,17.34521,1.334813706,4935.33,0.87338,2.611844781,6.205577609,0.394802484,-3.134091344,-3.171607963
8.27976,10.29854,1.243821077,3958.74,0.8047,1.386323856,6.255399735,0.269488469,-3.196814304,-3.223610996
15.19156,21.27737,1.400604678,5719.67,0.9017,3.724370942,5.152498914,0.43394255,-2.977188646,-3.032532468
16.88311,20.70298,1.226253931,4383.93,0.8804,2.536569063,5.909660197,0.403233191,-3.046856661,-3.051549366
17.40649,21.29841,1.223590167,5985.27,0.90536,3.800552435,4.319623786,0.420947027,-2.880644815,-2.816679812
17.55833,22.26359,1.267978788,5126.38,0.90684,3.507121835,4.776210491,0.39344218,-2.959477366,-2.922195439
18.40497,23.52802,1.278351445,6619.45,0.93016,5.775059758,3.629035611,0.513395426,-2.740929451,-2.757799912
11.80693,13.62721,1.154170474,4388.25,0.8407,1.961475108,5.851156502,0.305008275,-3.169224097,-3.173497465
11.31593,13.19421,1.165985474,4711.09,0.85994,2.12609619,4.98545528,0.313538415,-3.037915055,-2.978345153
14.69776,17.79846,1.21096412,5502.82,0.88788,3.09949033,4.835942967,0.392661996,-2.984806014,-2.970268922
22.06701,25.02145,1.133884926,6357.8,0.9265,5.30189014,3.874289186,0.494196689,-2.793504771,-2.770527095
22.971,25.33161,1.10276479,6632.27,0.92984,5.678446891,3.999913505,0.537403799,-2.760832444,-2.759902495
16.57012,20.81989,1.25647189,5784.94,0.90114,3.671274398,4.988816265,0.433614939,-2.967629498,-3.016936052
17.51054,19.60501,1.119611959,5293.75,0.8864,3.081297732,5.548207293,0.459749378,-3.050346869,-3.053742783
11.02548,14.21527,1.28931076,2712.55,0.81794,1.195650903,6.536312799,0.219124725,-3.218975968,-3.302585579
10.79809,13.76905,1.275137547,4775.5,0.8272,2.004473232,8.891040211,0.62187875,-3.402690809,-3.35184782
11.46736,14.93017,1.301970985,4571.74,0.85126,2.169937573,5.832157982,0.356235318,-3.124399099,-3.156965885
10.24913,14.1211,1.377785236,3868.22,0.82268,1.664895888,6.728877803,0.325904198,-3.230660915,-3.223105847
17.44172,20.72288,1.188121355,5023.97,0.89018,3.014728543,5.285085463,0.427007581,-2.980507089,-2.971536018
19.0468,22.61666,1.187425709,6378.2,0.91318,4.275227296,3.966651702,0.427952714,-2.851164936,-2.854534797
11.3192,13.97255,1.234411443,3407.33,0.8287,1.486828106,5.810821363,0.24223487,-3.141038478,-3.184265557
16.99958,21.83111,1.284214669,5795.55,0.91824,4.260065137,4.278739399,0.449265241,-2.802556838,-2.853668717
13.79658,17.4385,1.263972666,5167.58,0.8762,2.724824451,5.628594608,0.432346774,-3.058125724,-2.993675598
13.80964,16.54363,1.19797692,3928.26,0.87524,2.177008144,5.212084901,0.286113978,-3.031992468,-2.995407094
11.29157,15.03099,1.331169182,4754.51,0.8563,2.276999987,5.86566837,0.381512476,-3.141711818,-3.310128041
12.85273,16.87192,1.312710996,4582.16,0.84062,2.164337429,6.814805434,0.38539578,-3.272762627,-3.293005585
11.16593,14.88153,1.332762251,2949.72,0.84164,1.438499219,6.100614777,0.229991279,-3.146474177,-3.185236328
14.83145,19.44515,1.311075451,5647.62,0.89868,3.519694198,4.608546381,0.402926446,-2.92143148,-2.913095529
22.00272,24.18512,1.099187737,5956.84,0.92148,4.719826262,3.996178382,0.444676428,-2.810147361,-2.799763542
14.88135,19.60383,1.317342177,3789.95,0.87314,2.145122655,5.457170715,0.268336154,-3.072755585,-3.102013337
17.1035,21.72415,1.270158155,5825.13,0.9124,4.235132476,4.354745798,0.430972274,-2.869419352,-2.88614384
16.38922,20.51732,1.251878979,4755.09,0.88556,2.827341138,4.59797694,0.292472853,-2.981134021,-2.973526916
14.54561,20.08452,1.380795993,2829.25,0.85968,1.536275861,5.420239572,0.184235854,-3.093222031,-3.112672995
11.0696,13.11081,1.18439781,3384.02,0.81088,1.473386984,6.925692023,0.286161507,-3.263785821,-3.321769851
18.03744,22.42472,1.243231856,6155.97,0.9158,4.499604479,4.025652561,0.441011056,-2.812533827,-2.86736272
5.46321,10.30844,1.886883352,2608.24,0.70402,0.880822144,10.65858366,0.482187966,-3.76717846,-3.782310085
10.24524,14.09249,1.375515849,4214.94,0.82686,1.78402905,6.624622032,0.367284876,-3.242674469,-3.240372981
14.60722,17.6609,1.209052783,4553.92,0.86694,2.318238338,5.791680356,0.379895734,-3.067909284,-3.071294594
16.76192,19.06735,1.137539733,6129.87,0.92146,4.419536013,3.211138083,0.380609028,-2.738588252,-2.715156486
18.01803,22.77948,1.264260299,6090.91,0.92086,4.763101814,4.09879593,0.452218928,-2.786748491,-2.880333625
12.38143,15.44555,1.247477068,4902.11,0.86536,2.522106613,5.351212105,0.363840954,-3.056832592,-3.126811177
12.59928,20.33137,1.613693005,5681.69,0.88782,3.333971723,5.170373916,0.434747212,-3.02208716,-2.963768669
23.73521,25.93121,1.092520774,6952.49,0.93716,6.451914935,3.426777448,0.543050179,-2.712539756,-2.747128924
16.67665,19.29625,1.157081908,3917.75,0.88842,2.289464936,5.353692538,0.289204577,-3.006747653,-3.081787463
21.8887,26.1238,1.193483396,6763.52,0.9312,5.80740519,3.846301102,0.536542497,-2.761640377,-2.813720051
15.93548,19.26145,1.208714767,3674.09,0.8757,2.073850584,5.504414961,0.257624636,-3.070354842,-3.022221021
26.63312,30.31024,1.138065687,6915.31,0.9429,7.110645229,3.19417561,0.567549512,-2.586631825,-2.636403227
25.16456,28.90092,1.148477065,6972.5,0.94192,7.21700354,3.511455805,0.601117373,-2.675856886,-2.70600171
22.23952,25.96923,1.167706407,6794.93,0.92976,5.574635457,3.737474377,0.509773808,-2.796346624,-2.786897338
21.81482,26.34256,1.207553397,6788.01,0.9337,6.074742033,3.642744456,0.540810637,-2.725912707,-2.782392331
26.46414,28.12754,1.062854867,6543.39,0.92956,5.283241922,3.631637077,0.479740485,-2.697981046,-2.740785079
16.55,20.20363,1.220763142,5092.64,0.89154,3.178475042,4.823513464,0.346986896,-2.962370923,-2.919925274
21.07582,24.11694,1.144294267,6545.88,0.91152,4.247094892,4.561096654,0.483737744,-2.895599274,-2.88758205
14.82292,19.66452,1.326629301,4644.48,0.88396,2.772659835,5.372609174,0.327091687,-3.032998294,-3.002532485
11.96124,21.71035,1.815058472,5228.82,0.87724,2.85348114,5.784566843,0.420615164,-3.095467049,-3.114271085
17.84292,22.33813,1.251932419,5709.82,0.90606,3.988782841,5.218734296,0.528411347,-2.915647961,-2.96770245
21.87479,24.10252,1.101840063,6534.21,0.91416,4.548421765,4.421835401,0.496913573,-2.885934813,-2.866618675
16.56145,20.69287,1.249460041,4874.19,0.89384,2.985198247,4.247353478,0.303600844,-2.931839089,-2.944994278
15.63931,18.12851,1.159163032,3887,0.82858,1.884541203,8.606680158,0.464013502,-3.353694719,-3.338955434
19.29771,23.67986,1.227081348,6373.23,0.92722,5.127606744,3.402817182,0.446799216,-2.708345806,-2.728564316
15.60451,22.64579,1.45123365,4301.44,0.90838,3.087858371,4.472889652,0.309182762,-2.861867717,-2.957914561
13.0529,15.53462,1.190127864,5245.85,0.86766,2.718318243,5.857099474,0.433585595,-3.09491289,-3.08972916
14.83356,18.34722,1.236872335,4001.12,0.88964,2.424344821,4.502225216,0.264411016,-2.940146797,-2.980629151
9.93027,13.07579,1.316760773,3824.16,0.81864,1.601063934,6.571151021,0.293246234,-3.235083615,-3.276529649
16.93716,21.42454,1.264942883,5401.57,0.88834,3.178864349,5.563880473,0.473542621,-2.986555364,-2.988230198
9.76446,12.55242,1.285521166,2878.03,0.76406,1.234816505,10.21727686,0.524841084,-3.644692165,-3.690690101
12.20198,14.99425,1.228837451,4058.87,0.84346,1.870361295,5.372757459,0.281889941,-3.088814171,-2.998297593
9.74984,14.93047,1.531355386,2649.22,0.8097,1.099038324,7.041274738,0.218243787,-3.329531704,-3.354390225
17.63342,22.68288,1.286357383,6410.54,0.92094,5.024907925,4.168511985,0.502487113,-2.896715474,-2.836586089
11.6331,14.84166,1.275812982,4631.04,0.84282,2.110786091,6.494816542,0.410453822,-3.191323003,-3.236662015
16.4933,18.78296,1.138823644,4589.49,0.8739,2.412861971,5.05895996,0.295723677,-3.066330645,-3.071110954
8.94544,10.8629,1.214350552,3924.74,0.80484,1.410755071,6.468036877,0.296374368,-3.209812133,-3.247237313
18.37391,22.29805,1.213571308,5899.75,0.91496,4.289947487,3.876520741,0.413894998,-2.832337552,-2.880106425
18.47122,22.65952,1.22674734,5714.19,0.90062,3.655380669,5.45729909,0.511940362,-2.942630074,-2.90839378
11.64513,13.46476,1.156256736,3645.71,0.80638,1.465969538,6.365247034,0.262853215,-3.278482531,-3.3024434
9.61757,16.88687,1.755835414,4578.82,0.82348,1.982841443,8.036329443,0.504429553,-3.314337822,-3.388642524
13.34876,15.78377,1.182414696,4976.89,0.873,2.622172829,5.150436853,0.357215809,-3.056320732,-3.063199208
17.41957,22.92915,1.316286797,6238.78,0.91928,4.776001538,4.555150961,0.49997383,-2.874464008,-2.914063557
15.78401,19.97173,1.265314074,5799.47,0.90322,3.736915706,4.6978877,0.449334652,-2.95229591,-2.941195931
17.60096,21.07871,1.197588654,4259.56,0.89766,2.832154925,4.743690147,0.314140436,-2.941773834,-2.958627586
15.62663,19.58409,1.253251021,3953.98,0.88306,2.260309562,5.503667622,0.283188123,-3.067982764,-3.044488018
12.73568,15.45175,1.213264623,5124.83,0.8716,2.620486456,5.521317359,0.384446231,-3.043005683,-3.063670537
15.86233,18.08007,1.139811743,4816.75,0.85622,2.481962566,5.680096794,0.303753571,-3.172809941,-3.165565721
9.23519,11.51819,1.247206609,3641.85,0.80246,1.256128333,7.21475207,0.315291286,-3.236374778,-3.234507797
16.68689,20.53445,1.230573822,6178.28,0.91566,4.451585615,3.807373594,0.429017053,-2.794236534,-2.854337957
13.79297,19.66634,1.425823445,5973.51,0.90102,3.773953181,4.820305817,0.441060641,-2.970587037,-3.051525695
13.63518,15.63991,1.147026295,5025.76,0.87248,2.619124097,5.246505331,0.381660079,-3.044935992,-3.108454325
19.37513,22.393,1.155759987,6269.29,0.916,4.241310176,3.671362617,0.402773788,-2.78226279,-2.785431892
16.27242,21.89496,1.345525742,4900.24,0.89038,3.141545616,5.768662394,0.454633144,-2.964680551,-2.970644709
18.39154,22.33703,1.21452744,5294.01,0.89936,3.49225333,5.410272303,0.469312617,-2.954054861,-3.02767237
10.82465,12.55814,1.160142822,5021.4,0.86234,2.231948276,5.00286107,0.328056259,-3.020240227,-3.000894678
14.9493,20.19313,1.350774284,5762.72,0.8885,3.27081301,5.27819545,0.420529475,-3.018852328,-3.000691146
11.19605,14.1486,1.263713542,4268.77,0.83626,1.914159691,6.607063407,0.377293332,-3.19089877,-3.219529441
19.25398,22.77768,1.183011512,6433.99,0.91204,4.264639182,4.088419542,0.443508154,-2.856697044,-2.866294295
20.33739,23.36816,1.149024531,4885.74,0.87622,2.947437114,6.681298679,0.499508532,-3.099580041,-3.138717012
18.04635,22.64363,1.254748467,6438.51,0.91912,4.692667834,3.88720215,0.463662146,-2.799342311,-2.830729284
18.22582,22.43193,1.230777545,5913.91,0.91888,4.383593012,4.022035967,0.430427238,-2.81509068,-2.865331213
10.89633,13.01258,1.194216768,4192.92,0.81966,1.699661378,6.770311722,0.355663254,-3.293561584,-3.255486612
16.25378,18.79534,1.156367319,5926.99,0.89022,3.312890285,5.121246328,0.421299287,-3.071539099,-3.083882821
16.48515,18.74037,1.136803123,4540.28,0.87234,2.373436577,4.990786469,0.290030765,-3.036495745,-2.984974291
17.86495,20.06356,1.123068355,5508.59,0.89928,3.605990737,5.213430654,0.448786299,-2.93339749,-2.980007308
16.82334,21.95224,1.304868118,5485.73,0.9019,3.716340112,5.203390397,0.48021008,-2.918758616,-2.885763407
20.17235,24.93574,1.23613461,6886.35,0.93728,6.327628692,3.198753005,0.516847111,-2.663527144,-2.718943387
27.09995,33.23281,1.226305215,7460.89,0.95528,9.500263543,2.767402586,0.677285446,-2.511036511,-2.442606418
19.07292,23.4176,1.227793122,5837.02,0.91842,4.306553941,3.950142135,0.409570459,-2.808567246,-2.741806763
16.50185,20.86958,1.264681233,4983.96,0.90188,3.289431932,4.848713422,0.386369797,-2.925340895,-2.939410547
16.2031,17.9934,1.110491202,5487.88,0.87444,2.83946889,6.323517003,0.472067211,-3.125777654,-3.141949357
16.33726,19.75426,1.209153799,5304.44,0.89732,3.443747242,5.154380197,0.447040659,-2.969654498,-2.99044998
15.5602,20.86061,1.340638938,6126.47,0.90714,4.050979989,4.940145033,0.462276756,-2.961576743,-2.952458812
21.67115,23.29142,1.074766221,6185.63,0.90874,4.194913885,4.595048614,0.474966979,-2.934759152,-2.933570257
14.84873,22.14442,1.491334276,5016.93,0.89314,3.121077424,5.925220766,0.486604061,-3.001380524,-2.985135126
10.41651,19.12073,1.835617688,5421.21,0.85652,2.576472676,6.595005822,0.460420582,-3.190210308,-3.197824625
16.39755,21.22404,1.294342143,4926.96,0.89444,3.056973923,4.821886608,0.332371054,-2.98596041,-2.938285346
22.12242,27.08701,1.224414418,6777.05,0.93634,6.318296839,3.390074853,0.529788442,-2.672622682,-2.687666492
10.24282,13.35234,1.303580459,3840.13,0.82572,1.644117102,6.410850178,0.282486109,-3.238193566,-3.259289459
19.9892,24.9963,1.250490265,6855.26,0.93318,5.734741034,3.281528974,0.483561763,-2.716410888,-2.74622315
21.93284,26.48833,1.207701784,6948.33,0.93956,6.722523128,3.367610035,0.559263328,-2.695708639,-2.700054292
17.61828,22.52274,1.278373371,5511.55,0.91282,4.021924472,4.519702227,0.45130528,-2.85831638,-2.849024762
18.65855,23.62106,1.265964397,5462.93,0.90252,3.734915827,5.449348609,0.515672699,-2.921735929,-2.987915225
16.5371,21.64566,1.308915106,5699.43,0.90464,3.894425527,5.141244349,0.491419752,-2.900123232,-2.975813269
10.40469,13.95463,1.341186523,4203.64,0.83556,1.826292793,6.032326443,0.287965885,-3.201558432,-3.177166278
14.54668,22.42335,1.541475443,5489.47,0.88712,3.423164784,5.153535672,0.376436023,-3.03430312,-3.063159659
5.61701,9.01599,1.605122654,2078.46,0.6782,0.716898921,10.75929762,0.411564343,-3.572323701,-3.541455502
26.44319,28.85204,1.091095288,7248.8,0.942,7.105251248,3.2041276,0.566211725,-2.652216961,-2.689015213
8.54229,14.815,1.734312462,3922.3,0.7978,1.524628541,7.575568928,0.319757145,-3.363209872,-3.344219437
16.28967,17.75053,1.089680147,4782.74,0.84966,2.153507694,6.143006947,0.321945717,-3.18005127,-3.153218785
5.86064,10.5397,1.798387207,2832.33,0.72358,0.932352335,9.731183549,0.424549777,-3.584115885,-3.602605448
14.78563,17.50924,1.184206557,5298.16,0.86314,2.535172381,5.719984702,0.359610746,-3.130034979,-3.118225777
19.2756,22.38657,1.161394198,6499.16,0.91718,4.386741917,3.709843638,0.417817261,-2.787635815,-2.79299794
11.27444,16.284,1.444328942,3988.26,0.85,1.827092558,6.193816884,0.316559209,-3.196921699,-3.166397871
26.69963,30.91897,1.158029905,7209.14,0.95034,8.447391579,2.921435697,0.618114354,-2.536797668,-2.656472944
16.86017,22.11642,1.311755457,5372.17,0.90724,3.646140615,4.529799974,0.419309869,-2.879272573,-2.966269737
16.45878,21.96111,1.334309712,6041.51,0.91602,4.504403499,4.409854729,0.455363518,-2.912658122,-2.853366925
17.65817,21.59648,1.223030473,5656.09,0.90414,3.84202542,4.62610488,0.423595085,-2.939465766,-2.965184083
15.13615,19.16963,1.266479917,5152.06,0.85908,2.563805658,5.549077415,0.323278308,-3.123280469,-3.05191218
26.98078,30.45183,1.128648986,7122.55,0.9405,7.151166769,3.641797804,0.597914498,-2.687748306,-2.633368128
14.99656,17.86934,1.191562598,5970.13,0.9123,4.048656661,3.483796025,0.375998361,-2.774136002,-2.776816662
9.87362,12.41213,1.257100233,3751.65,0.81136,1.501234129,7.729544201,0.37128902,-3.365914065,-3.343207175
27.16953,30.83927,1.135068218,7274.29,0.94968,8.500156635,2.961148772,0.626132809,-2.533960098,-2.630592778
18.65662,18.88651,1.012322168,4449.82,0.89556,2.619937102,3.354930791,0.23306928,-2.836546846,-2.852769493
24.56092,26.8659,1.093847462,6233.12,0.91614,4.637603394,4.452563179,0.492274923,-2.825341909,-2.888306411
22.32918,24.20735,1.084112807,6009.52,0.92202,4.773719226,4.031369998,0.451970949,-2.794552402,-2.86645904
22.11223,25.7963,1.1666078,6682.53,0.93172,5.867882582,3.605167682,0.519662408,-2.722274809,-2.775801892
19.26206,23.93507,1.242601778,6573.61,0.92792,5.194997145,3.539459737,0.468321791,-2.747883319,-2.691062745
15.82787,20.66279,1.305468771,4186.17,0.90008,2.733611934,4.825518575,0.298371968,-2.953317691,-3.065822629
10.5939,12.76817,1.20523792,3714.51,0.80108,1.464489226,7.354413615,0.359294865,-3.309871794,-3.347280213
15.35559,20.8629,1.3586518,5735.93,0.91016,3.906467286,4.683504076,0.452920464,-2.904452122,-2.941275069
16.50283,18.69327,1.132731174,5259,0.87604,2.754427005,5.399892284,0.364347412,-3.105272448,-3.090480953
12.19279,15.26957,1.252344213,4617.58,0.85178,2.158060487,6.060506492,0.359446826,-3.162116326,-3.129537797
21.3864,23.88918,1.117026709,6070.47,0.9134,4.347950266,4.097248967,0.442877895,-2.810974473,-2.81069875
15.25096,16.90556,1.108491531,4030.47,0.84232,1.841353952,6.408353654,0.289236617,-3.193591839,-3.173176623
14.70894,19.17312,1.303501136,5812.89,0.88034,3.091472237,5.395437102,0.399392232,-3.069894733,-3.060055434
14.57598,18.0904,1.241110375,2577.42,0.8261,1.173375831,6.732221894,0.189202402,-3.27551651,-3.267984004
11.16795,13.45388,1.204686626,3846.54,0.80842,1.507380088,6.327959702,0.274949321,-3.222481762,-3.256219227
21.97566,24.29431,1.105509914,6098.85,0.91692,4.763245523,4.265692408,0.472014989,-2.860994023,-2.911879881
21.08874,24.62813,1.167833166,6444.85,0.92004,4.855732946,3.866342445,0.47577065,-2.787229473,-2.796878474
26.53643,29.19758,1.100282894,7199.92,0.94392,7.315281244,3.151486084,0.575696359,-2.63948435,-2.668128494
11.76128,14.06783,1.196113858,4146.31,0.83206,1.780451115,5.822154432,0.302293944,-3.120332525,-3.227836832
13.75536,16.01606,1.164350479,4486.8,0.87178,2.409376831,4.737649857,0.29677204,-3.033095851,-2.997034486
19.42697,22.61105,1.16389998,5502.36,0.92402,4.204888304,3.705218728,0.3832087,-2.781784547,-2.811664967
15.80027,18.43344,1.166653481,5267.5,0.86286,2.536249563,6.04279234,0.381978326,-3.191787324,-3.195571205
15.7084,19.33237,1.230702681,3900.85,0.88082,2.283330871,5.100318047,0.265586492,-3.048391473,-3.064357795
10.44588,13.42781,1.2854647,2669.87,0.8145,1.161759084,7.230469691,0.256815998,-3.216138492,-3.252282357
10.4714,12.95377,1.237061902,4883.46,0.85618,2.123572904,5.357816965,0.344998857,-3.058616031,-3.050974059
21.90037,24.81575,1.133120125,6222.05,0.91656,4.401755785,4.060925296,0.441986404,-2.834881667,-2.83319342
8.99461,14.92578,1.659413804,3793.26,0.80658,1.582323676,7.278306386,0.336247587,-3.344435554,-3.285674702
16.7761,18.7709,1.118907255,5307.24,0.87786,2.813311199,5.524557659,0.389239581,-3.078077005,-3.057160483
12.31103,14.42607,1.17180041,4332.73,0.83858,2.065834335,5.916694341,0.32543706,-3.114373553,-3.304992442
16.41184,22.21268,1.353454579,5640.85,0.91608,4.25371471,4.287057232,0.45089292,-2.818753207,-2.867272964
16.43081,18.42764,1.121529614,5186.99,0.88992,3.196746928,5.011776462,0.393985627,-3.003499591,-2.98268166
25.20509,29.08932,1.154104984,6905.14,0.94254,7.199743341,3.463774501,0.598288631,-2.612473243,-2.70384746
17.0129,19.99626,1.175358698,4846.04,0.88532,2.824951419,5.281300739,0.39031293,-2.968558126,-3.009451642
26.56679,29.09793,1.095274589,6179.5,0.9363,6.102934467,3.450578519,0.491748587,-2.632612061,-2.768087311
16.63801,18.61345,1.118730545,4555.23,0.87338,2.406443045,5.004430219,0.292936327,-3.059980431,-3.042317189
15.84263,20.7547,1.310053949,6410.01,0.90212,4.069212518,5.313046512,0.508567281,-2.997660587,-3.005538763
16.07119,18.89388,1.175636652,2840.36,0.85762,1.553164209,5.839830883,0.205573101,-3.14637232,-3.099556273
24.73822,30.26157,1.223271925,7084.37,0.94558,7.959092631,3.319441205,0.630879674,-2.60095832,-2.671612448
11.17681,14.31991,1.281216197,3993.49,0.8209,1.786787048,6.548999073,0.326895717,-3.203376886,-3.254327691
21.87737,25.52725,1.166833582,6858.65,0.92926,5.580671895,3.661443958,0.510552419,-2.736034877,-2.790650411
25.07779,26.57962,1.059886856,6542.08,0.91776,4.895320493,4.583632828,0.536390653,-2.84517465,-2.936225581
22.06854,26.65115,1.207653519,6938.85,0.93714,6.360908992,3.304876019,0.533006557,-2.670142256,-2.717871761
10.47776,12.04675,1.149744793,3220.95,0.80978,1.256464404,5.998067356,0.210975082,-3.210728801,-3.142732174
8.77687,11.33248,1.291175556,3892.43,0.7929,1.344310712,6.894925041,0.317677383,-3.266228036,-3.254203575
12.15007,14.97481,1.232487549,4230.11,0.8573,2.109025784,5.069376869,0.289156893,-3.022913178,-3.137307143
14.46096,18.71413,1.294113945,5656.77,0.88196,3.185017461,5.642436721,0.418414199,-3.081240685,-3.10651331
8.94031,10.34464,1.157078446,4407.6,0.82402,1.655459771,6.199445582,0.32548535,-3.178455988,-3.186845638
19.67803,24.7967,1.260121059,6778.18,0.93342,5.659354651,3.215174053,0.474963064,-2.718792001,-2.689788135
15.59034,19.28469,1.236964043,5398.58,0.88938,3.151136794,6.014942434,0.457225665,-3.112223747,-3.076617143
24.72442,26.89253,1.087691036,6400.35,0.91888,4.813864063,4.412673895,0.509634884,-2.824794583,-2.821371056
13.03133,17.658,1.355042041,4176.41,0.85468,2.072373526,5.911658455,0.266471735,-3.167362658,-3.138542418
13.20403,15.72615,1.191011381,5477.91,0.88352,2.923858943,5.31073553,0.405089336,-3.010381323,-3.021772817
12.82285,16.34693,1.274828139,4503.5,0.86448,2.263072195,5.143766218,0.318955491,-3.03497975,-3.045077675
11.01016,16.49811,1.498444164,5121.56,0.86154,2.52775561,6.164115726,0.430886499,-3.144403706,-3.186235275
14.29428,21.87942,1.530641627,4616.79,0.88606,2.83458471,5.216136715,0.32186612,-3.016904431,-2.967273636
10.06913,11.88469,1.18030952,3354.73,0.82098,1.27041849,4.995453631,0.18008746,-3.080516776,-3.094143773
14.35763,15.79235,1.099927356,4306.1,0.86288,2.218308863,5.740598052,0.311368709,-3.096286779,-3.084298546
22.68765,25.63599,1.129953521,4681.87,0.92122,3.901656008,3.95244203,0.360770968,-2.801506895,-2.870839545
16.8928,20.26214,1.199454205,5773.25,0.90556,3.874036903,4.787035433,0.456801201,-2.91109874,-2.90143378
11.01531,14.38872,1.306247396,2711.86,0.82396,1.251872582,6.569158732,0.236610918,-3.183495113,-3.213969402
11.18612,12.6716,1.132796716,3580.96,0.8028,1.457132745,6.847936238,0.289825454,-3.320216037,-3.338654454
19.42074,23.91897,1.231619907,6671.29,0.92884,5.355026174,3.703446739,0.486984587,-2.738088666,-2.784082411
10.35895,12.38686,1.195764049,3841.64,0.82446,1.522405092,6.229006135,0.296565101,-3.174062707,-3.17227233
19.10775,23.00775,1.204105664,5797.61,0.91786,4.287122192,3.830043205,0.389941247,-2.821262424,-2.777310356
11.24578,12.78376,1.136760634,2308.94,0.77438,0.899922835,7.5583824,0.218075861,-3.379582977,-3.392402366
9.01542,11.2368,1.246397838,4116.53,0.82192,1.5614842,5.619726727,0.260735757,-3.095125174,-3.136452767
16.58713,20.327,1.225468179,5270.01,0.88142,2.979078649,5.809507335,0.462862987,-3.037469316,-3.067050729
16.64323,19.96519,1.199598275,5258.84,0.9048,3.434949319,4.921764182,0.430189747,-2.889015057,-2.917285902
22.18499,25.35241,1.142773109,6706.63,0.92956,5.54961194,3.599684643,0.494199647,-2.751315366,-2.713420673
17.60886,22.27697,1.265100069,5805.85,0.91286,4.163082887,4.437093804,0.42432401,-2.888635107,-2.972526341
16.26741,20.31613,1.248885348,5157.92,0.88694,2.994688879,5.337331483,0.428964249,-2.998455631,-3.000134805
24.79685,27.33761,1.102463014,6808.72,0.92674,5.496678529,3.880723986,0.518798911,-2.749585788,-2.862591384
16.11443,21.7122,1.347376234,5310.64,0.8964,3.524928923,4.659181404,0.364518839,-2.944911431,-2.908118429
15.07372,18.65701,1.237717697,2980.44,0.86962,1.657663084,5.705685429,0.206821352,-3.096674315,-3.057485679
23.32763,26.39045,1.131295807,6937.67,0.93816,6.556478835,3.468597115,0.553506566,-2.703768946,-2.722460056
16.24679,22.14611,1.363106804,5309.88,0.89798,3.45053104,5.494173198,0.472951175,-2.942769279,-2.899880148
17.0349,20.28799,1.190966193,4489.69,0.88852,2.719049135,4.722199253,0.307548549,-2.947841941,-2.992689558
13.81287,17.06689,1.235578848,4587.4,0.83036,2.019308869,6.598564608,0.305795575,-3.334152838,-3.302504575
8.41552,10.60626,1.260321406,4463.58,0.81304,1.56864561,6.411542903,0.310022212,-3.224263753,-3.177065446
14.78514,22.62847,1.530487368,6449.51,0.90826,4.254384321,4.376448805,0.459041712,-2.918061927,-2.903547049
15.21082,17.9098,1.177438166,6182.18,0.92068,4.419271071,3.152375912,0.379339771,-2.721790381,-2.788278958
15.82918,20.10497,1.270120752,5907.86,0.88724,3.572840868,6.097538947,0.520198497,-3.075912978,-3.073560764
21.33892,23.67795,1.109613326,5715.96,0.90574,3.9247412,4.647253855,0.442012036,-2.867002366,-2.883241976
12.27362,15.5313,1.265421286,4938.54,0.87272,2.581126004,5.172818708,0.35982433,-3.071050407,-3.107258319
22.79589,25.18371,1.10474783,5674.91,0.91366,4.088403229,4.246618954,0.422667947,-2.841971222,-2.85810649
13.82871,15.54225,1.123911775,5303.49,0.88262,2.853291264,4.936909114,0.366221852,-3.03243295,-3.047529742
25.26609,28.25495,1.118295312,7020.55,0.93918,6.84069836,3.504066742,0.5796404,-2.696805462,-2.664900446
15.94396,23.0269,1.4442397,5044.44,0.89094,3.04161247,5.593443012,0.399407831,-3.053119752,-3.042068367
10.30053,13.62413,1.322663009,4308.52,0.83562,1.81618224,6.163267634,0.331753231,-3.159450532,-3.189532548
17.55589,23.17073,1.319826565,5536.52,0.91698,4.309967193,4.524054364,0.473185053,-2.821918795,-2.863881899
15.80588,23.05531,1.458653995,5814.77,0.91058,4.174578797,4.852693081,0.457044274,-2.91091894,-2.947460093
17.16235,19.33503,1.126595717,5065.48,0.88354,2.787385875,5.485440589,0.432285991,-2.965535022,-2.981946247
24.67052,26.55956,1.076570741,5429.03,0.91426,4.023181722,4.672213423,0.442692297,-2.885933586,-2.831320498
9.28949,13.47623,1.450696432,4666.77,0.82456,1.920824462,7.142743726,0.447615359,-3.280829328,-3.270301123
16.39094,19.74437,1.204590463,4030.91,0.85832,2.164670515,5.532536358,0.263172133,-3.133010934,-3.101096878
17.39944,19.84177,1.140368311,4719.94,0.89498,3.154848352,4.958678355,0.384995081,-2.929282828,-2.972572195
25.32634,28.11524,1.110118556,6734.2,0.93112,5.919690766,4.116155187,0.548763065,-2.772387666,-2.835896847
19.30413,21.83442,1.13107506,6477.19,0.91022,4.042547522,3.949899279,0.425101372,-2.777275245,-2.817949061
15.10964,21.23967,1.405703246,3102.61,0.8921,2.090666642,5.068438916,0.222204795,-2.964411473,-2.988654311
15.08418,21.17996,1.404117426,5666.33,0.89698,3.515170041,4.762204377,0.406263166,-2.989344432,-3.026599393
17.97449,21.77769,1.211588757,5533.66,0.88584,2.951206349,5.650569429,0.423039658,-3.030650104,-3.026601002
24.70363,27.1669,1.099712876,6450.35,0.91704,4.815374921,4.5063358,0.51577724,-2.885952858,-2.831840416
15.05393,18.58341,1.23445572,5508.31,0.86396,2.602516485,5.966328876,0.378983832,-3.180590133,-3.142441003
14.6571,20.79018,1.418437481,3249.93,0.8723,1.799528818,5.558621403,0.232033135,-3.087381586,-3.062588796
15.7368,20.41305,1.297153805,3922.54,0.88544,2.217458378,5.135009655,0.267093549,-3.002677385,-3.02026545
22.29311,28.09509,1.260258887,7089.83,0.94522,7.456121668,3.055709183,0.581509763,-2.5873887,-2.59138003
21.1625,22.85867,1.080149793,6112.79,0.90898,4.179487415,4.530391468,0.470006712,-2.882771149,-2.856715771
15.39478,17.36091,1.127714069,4751.48,0.85884,2.251449034,6.880651879,0.45305518,-3.173779649,-3.168539536
11.82721,14.01842,1.185268546,3511.78,0.84264,1.591306959,5.973192294,0.267505233,-3.173752505,-3.235974665
3.91173,7.08498,1.811213964,1029.87,0.60318,0.529634898,13.44091533,0.429196803,-4.673988981,-4.627167382
11.73795,12.48825,1.063920872,3019.62,0.81396,1.234222705,5.910464415,0.206000979,-3.143069585,-3.156866333
16.51006,19.67725,1.191833949,4133.11,0.8907,2.444372482,5.092870521,0.285551937,-3.012326138,-2.982975662
11.29565,14.17803,1.255176108,3593.62,0.81856,1.502322602,5.869969138,0.248334823,-3.183487449,-3.239488099
16.81366,22.70457,1.350364525,5111.28,0.9119,3.866817625,3.96752195,0.358244972,-2.817340165,-2.854373026
28.19328,29.2693,1.038165832,2937.14,0.82528,1.510716038,7.368680141,0.266243028,-3.330773695,-3.249049491
13.49628,15.91493,1.179208641,4565.76,0.86666,2.286267516,5.723751157,0.362695194,-3.122328643,-3.076044326
26.28607,28.83612,1.097011459,6688.02,0.9305,5.718341712,3.706996061,0.514873454,-2.731575472,-2.759835274
15.89499,21.26531,1.337862433,5820.77,0.89634,3.631671069,5.186876707,0.458003696,-2.997943431,-3.038839049
16.68161,21.45661,1.286243354,5667.75,0.90996,3.851063109,4.28433043,0.391781005,-2.883581401,-2.868540708
27.81292,29.94386,1.07661691,3290.34,0.83612,1.644746419,8.077076161,0.351974044,-3.316496496,-3.293140409
14.70788,19.57384,1.330840339,4073.18,0.88784,2.334479748,5.305086507,0.283085121,-3.050591048,-3.006867777
25.96246,28.57485,1.100621821,7062.13,0.92668,5.338448953,4.254363393,0.535661579,-2.802403514,-2.763964472
26.30174,28.21328,1.072677321,7187.9,0.92932,5.790408304,3.730155629,0.531026037,-2.740179879,-2.824424736
11.62079,15.24327,1.311724074,4897.17,0.85926,2.342380163,5.546864059,0.354881364,-3.087804054,-3.051737826
13.97357,16.99144,1.215969863,5172.88,0.87618,2.84047954,5.724055845,0.403297831,-3.034208672,-3.09938194
29.3798,30.75291,1.046736533,3461.33,0.83612,1.731118813,7.43113561,0.3275254,-3.303343532,-3.27408733
10.68312,13.87641,1.298909869,4018.94,0.81988,1.754440776,6.75839676,0.330469303,-3.191249816,-3.235473474
12.29235,13.72672,1.116688021,4053.68,0.8258,1.740259248,6.527458337,0.332665748,-3.224468918,-3.263303381
21.53913,23.02686,1.069071035,5192.54,0.88488,3.078228926,6.209880872,0.466538398,-3.110298538,-3.127349983
21.58161,25.70535,1.191076569,4759.36,0.92048,3.889806837,3.842324686,0.34971469,-2.793895698,-2.81258002
19.4385,22.53927,1.159516938,6138.04,0.9141,4.117753052,3.773109139,0.403293402,-2.772945196,-2.787721717
17.51178,19.91658,1.137324704,5278.79,0.8874,3.092449391,5.223876382,0.412776908,-3.025372162,-3.014090155
15.43843,20.30349,1.315126603,5393.58,0.88794,3.183288043,5.864743868,0.445393734,-3.090204994,-3.064438145
16.79229,21.619,1.287436079,5802.57,0.90788,4.098336975,4.948333055,0.508372154,-2.897610737,-2.941458629
5.1718,8.91802,1.724355157,1755.08,0.66274,0.59243566,12.41907262,0.478790165,-3.776458689,-3.768577778
16.72391,18.5016,1.106296315,5599.97,0.87494,2.871621511,6.073395864,0.451607765,-3.126671168,-3.121700082
22.1869,26.34789,1.187542649,6501.84,0.9309,5.594754429,3.718803706,0.498664798,-2.807949629,-2.834369914
17.18972,23.55916,1.37053774,6296.27,0.91932,4.842986962,4.453765686,0.495617928,-2.856882774,-2.919521327
11.17281,13.9408,1.247743406,3241.34,0.82064,1.376360822,6.181324408,0.256063961,-3.193813058,-3.145914939
8.8431,14.54847,1.645177596,5215.83,0.83298,2.129316251,7.287164664,0.494049166,-3.302979085,-3.304344092
11.7788,13.82621,1.173821612,3244.18,0.8216,1.352724135,6.241005533,0.259240174,-3.230099858,-3.183364993
19.45585,23.78783,1.222656939,6476.06,0.92424,4.962042714,3.532269276,0.431816105,-2.770111861,-2.780821936
15.75681,18.61603,1.181459318,2828.62,0.85728,1.534298355,6.146010938,0.207925309,-3.130523112,-3.143466796
16.11243,20.09758,1.247333891,4174.61,0.87882,2.364014429,5.419099971,0.338396021,-3.002733849,-2.922709335
22.06863,25.72801,1.165818177,6599.05,0.93064,5.579777922,3.68226052,0.500228055,-2.790188965,-2.726635569
17.44658,20.75417,1.189583861,5403.36,0.90856,3.844438521,4.801092929,0.463593691,-2.898989526,-2.9250931
11.74951,14.28602,1.215882194,4793.42,0.85042,2.234712916,6.027236758,0.373655164,-3.182679848,-3.234919949
15.85918,21.76153,1.372172458,5679.5,0.90492,3.931563032,5.092894006,0.448312112,-2.958132667,-2.984545628
18.28391,22.15257,1.211588222,5811.97,0.91966,4.59956488,4.238085771,0.474195223,-2.774009941,-2.858657912
10.41326,13.06477,1.254628234,3523.07,0.80002,1.394307186,6.766123885,0.266889217,-3.318217472,-3.306103391
16.49929,20.95147,1.269840702,5698.14,0.91092,3.989751002,4.467229701,0.449071951,-2.883810593,-2.875857727
11.96591,15.52855,1.297732475,4859.35,0.86502,2.490656654,5.422039903,0.355160249,-3.08860866,-3.065500907
18.90133,21.46608,1.13569151,5643.82,0.88398,2.981764948,6.203151756,0.462204673,-3.058246496,-3.086050067
20.52476,24.43781,1.19065022,6201.93,0.91194,4.279519836,4.511548838,0.476610402,-2.884454344,-2.883147468
16.1301,20.31643,1.259535279,5557.39,0.8898,3.315695335,5.252154903,0.409907679,-3.047353569,-3.094972743
11.554,14.07275,1.217998096,3259.24,0.8079,1.370643892,7.684291998,0.318139716,-3.453226117,-3.403531702
14.76215,18.12098,1.227529865,5244.63,0.87216,2.68659475,5.682252371,0.434111412,-3.083048825,-3.034269205
9.29156,16.22431,1.746134126,4179.79,0.83246,1.812307739,6.373634167,0.317866542,-3.200630349,-3.28254534
11.32306,13.48943,1.191323723,3779.34,0.81884,1.519318975,6.15702447,0.264170088,-3.174994792,-3.149850917
22.08337,24.90713,1.127868165,6674.74,0.92582,5.173537186,3.569321034,0.473058696,-2.769983925,-2.746938954
10.80472,12.95327,1.198852909,3332.26,0.80162,1.310339755,7.590133194,0.312981178,-3.410269169,-3.416472389
18.53075,20.62081,1.112788743,5344.28,0.90564,3.53256439,4.441931246,0.381824836,-2.908981636,-2.900096301
17.43793,22.95259,1.316245105,5898.13,0.9143,4.564994882,5.102954288,0.560148898,-2.861380953,-2.825133062
24.59687,27.09777,1.101675538,6025.07,0.9163,4.445576499,4.563230921,0.484966666,-2.846651623,-2.895516824
15.99798,20.86544,1.304254662,5544.8,0.90256,3.51736743,4.722428094,0.430431914,-2.896150993,-2.93617611
22.11949,24.16439,1.092447882,6447.37,0.9166,4.557432802,4.14709841,0.474164871,-2.855648234,-2.807688037
17.98953,23.63541,1.313842552,6303.39,0.92444,5.218049017,4.382696664,0.543014555,-2.804118866,-2.836784672
26.80972,30.78525,1.14828689,6520.12,0.93936,6.538271467,3.271641509,0.51181966,-2.648215697,-2.705182762
21.63714,24.05291,1.111649229,5920.94,0.9124,4.164137484,4.357333126,0.45379805,-2.870246743,-2.877879501
18.33678,20.92087,1.14092387,5099.6,0.87666,2.914747961,6.499680435,0.445620463,-3.168573481,-3.177020693
18.43645,22.53001,1.222036238,6462.76,0.9206,4.941226987,3.958545847,0.487823054,-2.799042509,-2.854712223
12.73947,16.32003,1.281060358,4900.24,0.87002,2.520620812,5.231787954,0.371127163,-3.047946689,-3.065443903
21.16438,24.24407,1.145512885,6264.14,0.91266,4.392413166,4.422513391,0.484085098,-2.810556475,-2.843086244
14.96653,22.88348,1.528976991,6023.73,0.90598,4.166019065,4.761875068,0.441883655,-2.934211679,-2.941634232
18.43897,22.89227,1.241515659,6116.59,0.92136,4.864137177,4.019924672,0.455624959,-2.823611305,-2.806510163
10.81192,12.88199,1.191461831,3953.42,0.80368,1.51237954,6.637256655,0.289690702,-3.353707904,-3.337962699
19.0436,21.99113,1.154777983,6406.75,0.90482,3.699878146,4.449078204,0.425425318,-2.855959608,-2.898504081
20.15789,22.38899,1.110681227,6196.54,0.91832,4.635264189,3.880702567,0.444404785,-2.805195093,-2.816268527
17.61225,20.48311,1.163003591,5715.04,0.89378,3.418681151,5.040013414,0.442100466,-2.981366147,-3.005102832
22.34684,24.5914,1.100441942,5176.65,0.9112,3.669296222,4.308065782,0.385104851,-2.851030636,-2.905173175
15.2589,21.34867,1.399096265,6628.22,0.9146,4.541188971,4.201867579,0.462874225,-2.907437594,-2.842714744
15.0281,19.4406,1.293616625,5649.84,0.90504,3.685541506,4.041988171,0.377574914,-2.87241657,-2.879270033
15.90379,20.29013,1.275804698,5676.57,0.88774,3.402515072,6.00817723,0.484485477,-3.083259937,-3.122462638
18.01134,23.07065,1.280895813,6300.71,0.91774,4.666300579,4.142404991,0.479103392,-2.850603633,-2.878784446
17.52803,22.00755,1.255563232,5070.33,0.90584,3.468378955,4.644918658,0.38250074,-2.910143182,-2.931814804
14.40153,18.33735,1.273291796,4810.76,0.85718,2.398021558,6.213404068,0.425513475,-3.128059093,-3.12085684
15.71279,20.3633,1.295969716,6011.18,0.89438,3.46949384,4.933586522,0.429203948,-2.983828636,-2.979911348
22.22904,24.37849,1.096695584,6371.94,0.9146,4.559890315,4.46342385,0.4912244,-2.858025294,-2.868344164
11.00552,14.18857,1.289223044,2660.8,0.81766,1.175209161,6.591309783,0.223702996,-3.206601588,-3.239788402
14.2823,20.52219,1.436896718,5183.9,0.86736,2.814048179,5.455689519,0.342193818,-3.0908183,-3.096533348
19.30547,24.07049,1.246822274,6586.61,0.92676,5.251002878,3.865157715,0.497599462,-2.75330224,-2.812111466
13.22654,15.60476,1.179806661,5270.44,0.87518,2.749674034,5.268483974,0.374019302,-3.016820395,-3.093504057
18.79134,23.40052,1.245282135,6284.18,0.92444,5.180793113,4.346421574,0.543525294,-2.78683225,-2.763550641
22.43177,27.47156,1.224671972,6921.74,0.93948,6.709852516,3.473502207,0.564280057,-2.715113836,-2.700811021
9.50354,16.81784,1.769639524,4425.99,0.83046,1.969571559,8.096889011,0.544647005,-3.350269199,-3.320986863
16.79909,21.41388,1.274704761,5176.77,0.90528,3.534055021,4.795425252,0.428708079,-2.882117018,-2.939523345
14.1953,17.94484,1.264139539,5392.44,0.89854,3.213248652,3.839939923,0.327923667,-2.840632897,-2.90418483
15.92669,20.36009,1.278362924,5641.82,0.89696,3.537313021,5.221804139,0.433689152,-3.003361579,-3.047161645
19.16124,23.2003,1.210793247,6310.94,0.9141,4.261399395,3.911030818,0.421978791,-2.815827335,-2.842325799
11.36863,14.53136,1.278197989,3844,0.82062,1.656636782,6.079618487,0.302352295,-3.181386081,-3.157497312
10.00412,14.3107,1.430480642,4007.52,0.81652,1.606889481,7.382282094,0.40130022,-3.303299952,-3.270939121
16.20228,22.89713,1.413204191,5563.92,0.90058,3.712124647,5.7544015,0.5497291,-2.914911665,-2.991920492
22.17527,26.65829,1.20216304,6932.3,0.93876,6.684230013,3.392326334,0.557817501,-2.649514908,-2.66408368
17.12574,20.55109,1.200011795,5622.95,0.89896,3.578377518,4.806869394,0.401100315,-3.014248172,-2.987922702
12.61026,15.23716,1.208314499,3868.34,0.86132,1.939599749,5.460505593,0.281042631,-3.089016704,-3.056052893
15.58186,18.2009,1.168082629,5769.07,0.86816,2.891447489,6.346501001,0.491625196,-3.151411249,-3.111603589
16.29648,22.77961,1.397823947,5688.34,0.90314,3.859358241,5.424122918,0.532119186,-2.948528678,-2.946006009
11.49812,14.23995,1.238458983,5553.69,0.85988,2.5570282,5.684361401,0.410314783,-3.065988533,-3.085497877
25.23708,28.32546,1.122374696,6497.09,0.93424,6.000642302,3.770751697,0.52999153,-2.705349726,-2.688751593
22.06863,25.72801,1.165818177,6599.05,0.93064,5.579777922,3.676281303,0.495476454,-2.73984727,-2.798929446
15.59752,20.69335,1.326707707,5465.16,0.9023,3.490036204,4.605030472,0.415439812,-2.901084744,-2.918686472
16.71748,20.52068,1.227498403,6178.6,0.9155,4.461609688,3.807616615,0.429164061,-2.849407845,-2.838930798
26.58185,31.11101,1.170385432,7606.86,0.9555,9.516363564,2.62433173,0.657329166,-2.516888896,-2.619232097
10.49795,12.98846,1.237237746,3729.39,0.79792,1.502561012,7.105651483,0.331020258,-3.279040779,-3.270174119
19.46941,23.48439,1.206219911,6593.56,0.92652,5.218331634,3.892806538,0.496691148,-2.787267013,-2.764158238
8.62884,14.31456,1.65892055,4610.46,0.81516,1.791013295,7.502722185,0.433421391,-3.314396623,-3.34487179
8.87612,10.64214,1.19896306,3594.07,0.78762,1.327797052,7.998882575,0.371501793,-3.361823382,-3.314047062
12.40234,14.48294,1.167758665,4142.07,0.8349,1.724714923,5.840705511,0.295931719,-3.143584886,-3.141262749
11.31288,13.23855,1.170219255,3143.57,0.8304,1.406082526,5.843398863,0.22248508,-3.196084042,-3.146643077
13.10949,16.65295,1.270297319,4225.25,0.83586,2.004215312,6.910034475,0.285896373,-3.27960146,-3.256803251
16.5673,20.88805,1.260799889,4811.91,0.89716,3.070593953,4.221290231,0.306353111,-2.88164169,-2.920043664
26.50331,28.63151,1.080299404,6770.5,0.93146,5.598052768,3.407210366,0.481700177,-2.727911113,-2.677090246
24.1918,28.5459,1.179982473,6653.25,0.93248,5.914537071,3.977015679,0.55559827,-2.744722894,-2.749145752
21.15183,25.90395,1.224667086,6845.69,0.93818,6.251241013,3.208730535,0.512211713,-2.698020581,-2.653638444
19.09956,22.06123,1.155064829,6392.73,0.90376,3.710823783,4.490924424,0.431323348,-2.910195825,-2.893607475
26.5429,29.10999,1.096714752,7207.87,0.94326,7.17455295,3.348853402,0.583568772,-2.634895791,-2.642493147
12.22152,14.37488,1.176194123,3989.61,0.83808,1.763573273,5.477575656,0.27481874,-3.113295192,-3.148358563
6.20961,10.29122,1.65730537,2672.66,0.7165,0.853067591,9.392148343,0.350986893,-3.576527916,-3.547756068
11.18777,18.95079,1.693884483,5625.12,0.87032,2.903912501,6.391922192,0.521183186,-3.15976304,-3.162386138
21.91805,25.95427,1.184150506,6490.87,0.92694,5.371074284,3.955364053,0.502615824,-2.777582492,-2.83926591
19.37373,24.93812,1.287213149,6834.86,0.9354,6.043611694,3.169139774,0.500644942,-2.645718138,-2.70445633
19.43056,23.24373,1.196246017,6125.32,0.91446,4.109692467,3.799636013,0.40156926,-2.789497782,-2.862878946
21.99837,24.69379,1.122528169,6464.44,0.91898,4.670610598,4.0714692,0.47486735,-2.865651414,-2.817171565
6.48935,11.28012,1.738251135,3095.63,0.72502,1.066209018,9.321722135,0.33205385,-3.656015357,-3.644869305
16.14714,18.96353,1.174420362,4803.26,0.85492,2.256243518,5.672176097,0.303149614,-3.118006787,-3.133096906
19.33084,22.37393,1.157421509,6212.71,0.91306,4.153841255,3.998589434,0.424435438,-2.806734215,-2.799107451
19.43271,21.77625,1.120597693,6317.76,0.91152,4.259459156,4.05385692,0.438041845,-2.818385407,-2.826584512
20.52719,25.73202,1.253557842,7128.51,0.94172,6.83882587,2.935012962,0.525728399,-2.631488038,-2.641578333
17.28216,19.40742,1.122974212,5528.12,0.87972,2.972840541,6.071386895,0.508206872,-3.019561003,-3.031406623
21.63381,25.68519,1.187270758,4764.06,0.9204,3.893746906,3.83210515,0.35516036,-2.740784012,-2.768947053
10.07391,11.60141,1.151629308,3624.29,0.7977,1.384424744,7.633585894,0.37434577,-3.306300419,-3.305151275
16.42033,19.0028,1.157272722,5256.15,0.87812,2.812621114,5.475696335,0.386468999,-3.101855226,-3.061634722
17.63613,21.70216,1.230551147,6120.14,0.90992,4.201873923,4.463126475,0.459478227,-2.884047483,-2.887524663
14.4513,17.69342,1.224347983,4473.28,0.83426,2.053345738,6.437728848,0.308580573,-3.305843429,-3.303831414
15.81088,18.45842,1.167450515,5464.78,0.86364,2.731473428,6.387054632,0.455753421,-3.124871047,-3.200689628
15.30087,19.57348,1.279239677,5470.07,0.88884,3.189590518,5.748038452,0.433505296,-3.111527757,-3.045149601
16.07587,23.29068,1.448797483,5950.41,0.9103,4.16821206,5.081561339,0.527101747,-2.863749034,-2.941954844
11.63652,15.4719,1.32959854,3387.12,0.8446,1.49427748,4.650392641,0.183884418,-3.034511046,-3.095140157
9.62964,13.78899,1.431932035,4445.03,0.82704,1.836030636,6.950386226,0.367121346,-3.29143697,-3.257002771
11.27528,12.61517,1.118834299,4565.61,0.82596,1.947610054,6.535183961,0.350881983,-3.291671947,-3.252026751
14.81982,19.17614,1.293952288,4943.56,0.87922,2.79138728,5.071575412,0.309068162,-3.060949692,-3.046136115
17.67618,21.52646,1.217823082,6095.09,0.9128,4.439580749,4.412134667,0.478596988,-2.892928642,-2.906093399
13.94699,18.40197,1.319422327,4573,0.83508,2.076192702,7.019442119,0.330937562,-3.346498598,-3.322489866
11.08949,14.28103,1.287798627,3625.82,0.83434,1.590203459,6.543440583,0.298927734,-3.229773383,-3.20847846
22.43015,23.77831,1.060104814,6229.02,0.9107,4.303610837,4.358081454,0.454665486,-2.890432512,-2.843122629
26.57669,29.39421,1.106014707,6419.44,0.92816,5.37814347,3.84907866,0.490596201,-2.703681045,-2.777183448
10.75074,14.01078,1.303238661,3921.07,0.84668,1.799459746,5.806201741,0.27682058,-3.186211752,-3.193145081
8.47806,9.56369,1.128051701,3077.52,0.7884,1.06630456,6.181158281,0.210215593,-3.173558856,-3.167593908
28.01826,29.80435,1.063747356,6878.27,0.92986,5.794675574,3.725665077,0.526676491,-2.741140523,-2.741260299
10.57428,12.27271,1.160618974,4650.06,0.8419,1.937727572,5.878787588,0.367577891,-3.07015603,-3.06352162
10.26181,12.0695,1.176157033,5090.72,0.85818,2.246515098,5.21076261,0.347454239,-3.055086547,-3.028331666
21.37691,25.72883,1.203580405,6510.62,0.92776,5.408039545,4.14141965,0.527471879,-2.770083784,-2.827771324
11.44254,14.17323,1.238643693,3998.48,0.8438,1.88296937,6.043574156,0.30796938,-3.177119504,-3.059935528
11.62517,14.1624,1.218253152,4653.93,0.84096,2.171996188,6.434753008,0.410389036,-3.193624172,-3.221783561
29.7526,31.46845,1.05767059,3388.73,0.85482,1.846590541,6.654788304,0.306576074,-3.19813337,-3.209772964
18.3089,22.13011,1.208707787,5940.94,0.92322,4.701454914,4.071854099,0.473122196,-2.767572844,-2.822528659
11.91485,14.86072,1.247243566,3297.46,0.80838,1.436499432,7.046665486,0.287844644,-3.356282476,-3.371398507
16.74796,20.58132,1.22888519,5037.66,0.89058,2.998585859,5.209105201,0.416198574,-2.985824241,-3.021186244
15.20644,17.98123,1.182474662,4358.4,0.86866,2.370829296,6.150283226,0.346659678,-3.137747904,-3.128714559
9.4926,11.16269,1.175935992,3049.37,0.78912,1.059564235,6.991274484,0.257635246,-3.229603213,-3.24814758
17.62117,21.12561,1.198876692,6060.51,0.90582,3.936738898,4.392448564,0.437750825,-2.936434897,-2.959419358
16.4628,22.02037,1.337583522,5924.76,0.91204,4.219164901,4.506258114,0.435747455,-2.917364876,-2.980588958
11.38014,12.7119,1.117024922,4728.42,0.85802,2.050555286,5.090197422,0.310662161,-3.024693997,-2.980094919
11.93343,15.15336,1.269824351,4291.25,0.84094,2.079573472,6.297716326,0.351792715,-3.160607471,-3.16722497
14.92491,17.60901,1.17984028,4669.6,0.88168,2.527918985,5.184473969,0.34848523,-3.051518878,-3.00148239
11.82977,14.60798,1.234849029,4814.49,0.84382,2.221607903,6.552066698,0.446234543,-3.137417789,-3.163712085
18.23089,21.3138,1.169103648,5082.69,0.8741,2.803588439,6.461160623,0.513249715,-3.055068208,-3.061184268
17.40157,18.41707,1.058356803,5935.92,0.91634,3.951035684,3.530273699,0.359763035,-2.80366079,-2.870575685
26.46835,28.51482,1.077317627,7123.38,0.93076,5.798983203,3.652479355,0.526153149,-2.71518647,-2.750607579
13.77235,15.61674,1.133919774,4954.37,0.86604,2.481802863,5.687181545,0.4062409,-3.06930017,-3.118514637
12.64741,15.14773,1.197694231,5291.31,0.86588,2.582149684,5.786584313,0.404272711,-3.102217275,-3.085741893
10.93492,13.63539,1.246958368,4565.51,0.83978,1.968302035,6.132431028,0.326548156,-3.211223858,-3.212566627
14.25359,18.91839,1.327271936,4824.93,0.87692,2.650938947,5.07378059,0.296945726,-3.082334552,-2.972243604
21.87894,23.38605,1.06888405,5120.36,0.90574,3.485666565,4.681015409,0.394332665,-2.928880077,-2.961471254
13.26005,20.59075,1.552841053,6066.2,0.88942,3.586284203,5.609977276,0.496072083,-3.05138148,-3.092888442
27.08993,30.47223,1.124854512,7436.5,0.95274,8.814892259,2.782346952,0.636122547,-2.519226548,-2.611770536
12.1463,14.62683,1.204221039,4398.97,0.84652,2.030618071,5.984047789,0.344863809,-3.151784761,-3.180459171
11.71452,13.61606,1.162323339,4416.07,0.83096,1.781394571,6.661893135,0.386649688,-3.217393267,-3.215539003
27.48589,30.29303,1.10213022,7092.33,0.9435,7.346585998,3.358147426,0.5856992,-2.659221265,-2.588769601
21.74773,25.90871,1.191329394,6377.95,0.92564,5.279958018,4.18773412,0.517170981,-2.776934934,-2.802401492
15.77957,20.46736,1.297079705,5329.93,0.8987,3.374739957,5.031586329,0.418918513,-2.957437654,-2.953268442
10.56936,14.10966,1.334958787,5037.66,0.83936,2.182440321,7.896587423,0.55582619,-3.311915289,-3.297524806
27.00872,28.93976,1.071496909,5718.07,0.92706,4.724594843,3.966216701,0.439584972,-2.753414608,-2.79647474
18.13879,21.50117,1.185369586,5238.42,0.89312,3.382031067,5.581338941,0.468779876,-3.025090953,-3.02626522
24.7549,28.20395,1.139327971,6803.91,0.93394,6.3081038,3.870347117,0.568632326,-2.735741014,-2.80730145
16.64471,21.23369,1.27570201,5322.9,0.9044,3.551067205,4.861101087,0.436445521,-2.879947059,-2.956983134
14.29428,21.87942,1.530641627,4616.79,0.88606,2.83458471,5.218230079,0.325585287,-2.987389769,-2.976360707
15.03675,19.89397,1.32302326,3025.16,0.88156,1.85060941,5.497697022,0.214223142,-3.034302572,-3.053459242
16.97345,20.66765,1.217645794,5765.82,0.89622,3.48437664,5.383688554,0.454419928,-3.034382886,-3.083549941
13.73591,16.38727,1.193023979,5611.9,0.89304,3.14584735,4.08476595,0.325462903,-2.879271212,-2.865826302
14.3875,18.44957,1.282333275,4877.23,0.87996,2.696063262,5.941160309,0.391227399,-3.123606322,-3.080565973
16.40615,20.19866,1.231163923,5633.15,0.8958,3.365328625,5.011294307,0.400934384,-3.005871947,-3.036027285
16.97104,20.31303,1.196923111,5765.05,0.8994,3.554463037,4.709061555,0.402785082,-2.975860389,-2.961027298
11.22128,13.36546,1.191081588,3971.29,0.8316,1.734035344,6.27247959,0.295781764,-3.176411844,-3.192246316
15.87599,16.78369,1.057174387,3175.21,0.83222,1.551497209,5.875820689,0.250754469,-3.074841911,-3.148369744
16.72692,21.13332,1.263431642,5583.9,0.90686,3.957995993,4.968133659,0.493464564,-2.893544332,-2.912586344
7.87527,13.95218,1.771644655,2454.28,0.77586,0.927765893,7.273478173,0.188423519,-3.320241888,-3.301659003
20.27434,25.63032,1.264175307,7053.73,0.94104,6.876032092,3.001175923,0.536981377,-2.606382513,-2.610201681
16.92963,20.10816,1.187749526,5059.76,0.8961,3.32451594,4.899475083,0.39134491,-2.91572601,-2.926854434
21.98918,25.22186,1.147012303,5910.82,0.91242,4.193569144,4.252163325,0.432642923,-2.838007634,-2.822649499
14.52358,19.51283,1.34352756,5369.28,0.8847,3.012390743,4.991755479,0.334492569,-2.995206341,-2.964324158
19.3891,24.53408,1.265354245,6822.93,0.93296,5.649783204,3.248518376,0.473680732,-2.705956479,-2.700028737
13.29258,15.50154,1.166179929,4548.68,0.85574,2.195984439,5.76295725,0.320608357,-3.104977906,-3.111127323
15.59756,18.14275,1.163178728,3720.55,0.86164,1.798639393,5.831101531,0.263346863,-3.137110582,-3.201246005
24.44442,26.84576,1.098236735,6235.7,0.91852,4.717132293,4.274356067,0.48969373,-2.83954105,-2.828308641
17.56256,21.00618,1.196077337,5960.75,0.90626,3.89514493,4.277274079,0.422794372,-2.887704374,-2.907361037
26.43899,28.62178,1.082559508,6837.42,0.931,5.783147498,3.865936024,0.531733541,-2.718229712,-2.687768266
24.02461,27.50304,1.144786117,3262.75,0.84068,2.051314585,9.637230605,0.453397721,-3.340029263,-3.313951286
29.09948,31.5638,1.084686049,4777.85,0.89668,3.425083461,6.250224264,0.479844398,-2.918837024,-2.974903448
37.58527,40.87415,1.087504493,3559.12,0.9564,6.263343331,2.820375069,0.40941271,-2.322175299,-2.258529167
11.71093,19.55677,1.669958748,4578.5,0.86904,2.338178081,5.816895121,0.344878815,-3.098443372,-3.10322909
33.26008,40.4499,1.216169654,4827.72,0.93376,5.466594853,5.274916372,0.525993044,-2.666104422,-2.609883184
19.27005,20.84026,1.08148448,2393.68,0.78264,1.273113242,10.10235672,0.365976114,-3.543131772,-3.479978688
40.27187,45.93717,1.140676358,4197.12,0.96824,8.958797894,4.028762283,0.608622384,-2.297242449,-2.201376272
34.30052,38.28348,1.116119522,3844.84,0.94768,5.708296691,5.124369305,0.456141903,-2.504036648,-2.521532761
38.94432,46.00985,1.181426457,4780.07,0.96096,9.146425036,3.149471796,0.603733449,-2.268017002,-2.313179587
10.61705,15.38008,1.44862085,4835.87,0.82286,2.036177373,8.198377763,0.521705248,-3.367363108,-3.382947275
34.16756,38.04426,1.113461424,4363.1,0.94396,6.269118633,4.451621564,0.474418793,-2.454182529,-2.433895764
21.64681,23.72432,1.095973033,2325.46,0.81182,1.403158844,10.51119419,0.315267534,-3.577815307,-3.306719408
24.51849,28.65973,1.168902734,2256.22,0.80716,1.499355424,10.38683866,0.362399713,-3.452228199,-3.418479444
34.10503,38.48573,1.128447329,3921.47,0.94836,5.842713243,4.389717597,0.453148543,-2.458847267,-2.448749597
30.32085,31.22149,1.029703653,3444.35,0.87546,2.48080863,7.12848829,0.395524348,-3.109834997,-3.053424606
31.48256,35.46368,1.126454774,4396.81,0.90456,3.752489048,10.31139892,0.662137887,-3.000674539,-3.058727483
31.51019,37.43248,1.187948407,4993.61,0.9436,7.122369494,6.827530227,0.661619639,-2.585743358,-2.597456859
33.57233,35.89518,1.069189419,2836.98,0.87984,2.237053874,8.488010384,0.354191065,-3.094055589,-3.057956937
27.30067,29.95727,1.097308967,3704.78,0.86268,2.570353398,8.813898532,0.427323535,-3.260083576,-3.185619036
30.54052,34.22639,1.12068786,4671.06,0.90964,3.967393438,7.351483556,0.50357112,-2.896558552,-2.920516761
34.30355,36.6978,1.069795983,3932.18,0.8898,3.099776,7.518446918,0.496094299,-3.051075132,-2.998733744
39.56575,44.62964,1.127986706,2754.44,0.95186,4.939543959,3.484357144,0.330300478,-2.280151013,-2.274035331
29.38648,30.76996,1.047078793,3421.35,0.8608,2.454666518,7.992355982,0.417805868,-3.192784746,-3.173232072
30.93895,36.47714,1.179003812,4518.24,0.94526,6.292085469,4.525851835,0.500910583,-2.51352197,-2.490488613
23.73271,25.12034,1.058469092,2931.05,0.82528,1.716976068,8.503089409,0.343411525,-3.360430819,-3.303084173
25.40334,31.31604,1.232752858,6290.24,0.94884,7.366655797,3.846691605,0.593943209,-2.579872222,-2.592458832
27.21709,30.94397,1.136931612,3676.24,0.86474,2.521137273,7.011917528,0.379325571,-3.160180304,-3.133928088
33.09194,37.51237,1.133580262,4550.9,0.94694,6.661132957,4.195957304,0.501051613,-2.476824063,-2.480445657
32.75663,37.16115,1.134461939,4711.46,0.90978,4.083558133,9.503915883,0.675083594,-2.999360594,-3.014142884
38.04667,44.75881,1.176418593,5705.64,0.96942,11.95243291,4.392730493,0.858992293,-2.285243161,-2.312786862
9.37787,15.86037,1.69125505,3930.4,0.83188,1.697752399,6.230886949,0.284610934,-3.192439751,-3.144027314
24.47676,28.44483,1.162115819,4940.17,0.9236,4.75962257,7.935362711,0.556273593,-2.799298032,-2.723514324
31.36875,36.81142,1.173506117,4809.11,0.95096,7.043730742,5.439447923,0.607980982,-2.500865108,-2.501305709
10.10065,15.11852,1.49678684,4022.56,0.82966,1.692461787,6.349613234,0.295912738,-3.214057376,-3.215435525
31.42322,33.65842,1.071132112,2885.02,0.8805,2.247084915,8.406021575,0.313216035,-2.987916709,-2.938361862
25.76811,28.10783,1.090799054,3590.45,0.86636,2.390255342,7.532136436,0.375833503,-3.101414319,-3.12660582
39.34474,41.98919,1.067212288,4189.79,0.91336,3.883779175,6.046848846,0.440984928,-2.78337078,-2.825725743
30.84556,37.07235,1.201869896,4875.56,0.95242,7.160783429,5.111434836,0.600017987,-2.483385589,-2.547518429
18.06632,19.1665,1.06089674,2411.05,0.77452,1.283667432,12.18445752,0.429214546,-3.597993473,-3.589164844
35.03669,38.25325,1.091805476,4665.1,0.9471,6.870710793,4.329140383,0.519871893,-2.441764431,-2.484786456
30.67827,35.18819,1.147006986,4439.64,0.94218,5.898024977,4.111968648,0.455636695,-2.453945378,-2.573363344
39.80204,45.97636,1.155125717,4501.01,0.96222,8.526312991,4.125892525,0.595881017,-2.292667264,-2.319911704
29.62342,31.60867,1.067016232,3861.1,0.88022,2.826989719,6.686783189,0.402722087,-3.017949645,-3.00995319
31.86938,37.64627,1.181267725,5109.47,0.94944,7.51377018,6.303136091,0.702069056,-2.525551395,-2.454766631
25.18671,31.35855,1.245043517,4478.45,0.92818,4.978544916,4.675094242,0.429422312,-2.69503396,-2.707631067
24.76315,25.68864,1.037373678,2808.47,0.82606,1.776186637,9.03115225,0.372964999,-3.376992458,-3.320511404
41.32298,44.64291,1.080341011,5056.25,0.95838,9.353699004,4.858782685,0.673642968,-2.303525318,-2.381908578
16.53649,20.39452,1.233304045,4908.43,0.90118,3.44618185,5.910814038,0.427703491,-2.997893393,-2.97636087
28.4862,30.24529,1.061752357,3944.63,0.87208,2.799363139,6.73118834,0.405651864,-3.081628288,-3.099023342
26.8622,32.15233,1.196935843,5342.96,0.94852,7.187282151,5.221328049,0.647120783,-2.598399498,-2.55025119
12.55372,16.20632,1.290957581,1701.29,0.71984,0.723593278,12.66178704,0.374929638,-3.834446565,-3.775257501
22.04397,22.73883,1.031521545,2930.3,0.8212,1.6943767,10.57033822,0.453113447,-3.424815887,-3.355074182
20.82103,22.84235,1.097080692,2920,0.81794,1.688971118,9.845192289,0.422185678,-3.477353405,-3.505553287
34.68964,37.6833,1.086298388,3224.81,0.88612,2.885153241,7.300610777,0.410092195,-3.01642944,-2.966178059
26.24405,29.23504,1.113968309,2712.31,0.8328,1.805461913,10.1237372,0.46104609,-3.420917839,-3.376883978
32.04673,33.97212,1.060080701,3511.29,0.88466,2.670316999,10.83971669,0.548459386,-3.184739198,-3.19544537
38.02645,42.22554,1.110425506,5610.26,0.95746,8.606691477,3.788206736,0.633229181,-2.381005131,-2.464127215
31.63286,35.56422,1.12428089,4447.02,0.89874,3.462818833,6.532918288,0.490570554,-3.023824603,-2.957096264
32.99296,37.74189,1.143937676,4978.7,0.95238,7.469647059,5.849769389,0.644685515,-2.552781745,-2.544157424
23.09253,24.44927,1.058752332,4367.83,0.8937,3.088988587,5.233453719,0.380247548,-2.963480165,-2.977780942
37.2963,44.00818,1.179961015,5629.98,0.967,11.65629012,3.796254448,0.810242136,-2.245895339,-2.275767085
30.24209,32.13756,1.062676554,3672.37,0.87876,2.748444,6.712914628,0.374359648,-3.065094248,-3.020325707
31.78102,33.49842,1.054038543,3882.78,0.87646,2.824484061,7.340155966,0.419762827,-3.090905036,-3.088370934
37.41192,38.20734,1.021261138,4002.68,0.9003,3.314422875,5.949312306,0.412394791,-2.878535562,-2.922853822
20.90069,22.84228,1.092895976,2158.22,0.77284,1.309033012,12.01130288,0.511456969,-3.643996863,-3.578912272
24.76802,26.79925,1.082010189,2925.44,0.8273,1.843807877,9.847048228,0.43080217,-3.359142862,-3.400598101
40.58596,44.17945,1.088540224,4578.1,0.95694,8.468270754,4.195066634,0.598219936,-2.293426429,-2.306619049
24.95128,25.88067,1.037248189,2499.13,0.82556,1.601393528,8.983615114,0.330502088,-3.394351977,-3.361322744
34.5455,42.82617,1.23970329,4475.9,0.95882,8.054941824,3.796568627,0.5380735,-2.289461674,-2.358216825
26.29312,33.75133,1.283656333,5217.41,0.94668,6.344827586,4.190351801,0.546810265,-2.560575939,-2.591189825
32.2573,35.24927,1.092753268,3817.29,0.88666,2.97074354,6.518127806,0.4086212,-2.975547134,-2.95775912
19.30132,20.81668,1.078510693,2463.82,0.78582,1.360423386,11.69650062,0.341103067,-3.457869872,-3.430976358
23.94407,28.34652,1.183863896,4697.93,0.94168,5.716922255,3.215865937,0.43050188,-2.497590224,-2.567540354
22.85767,27.80463,1.216424509,4532.68,0.91254,4.23405282,4.874487452,0.39607137,-2.775217506,-2.807811265
33.45003,39.11232,1.169276081,5052.02,0.95286,7.978397388,7.858995829,0.790179329,-2.566043988,-2.567489861
42.08167,45.50777,1.081415495,4101.05,0.94144,5.273169256,3.874997384,0.411075434,-2.490537616,-2.521808145
32.82242,35.77184,1.089859919,4512.59,0.92464,4.645871855,4.388351274,0.410225459,-2.666364662,-2.696580403
25.49062,26.0321,1.021242324,2336.37,0.82292,1.505965888,8.860744233,0.315304223,-3.345775714,-3.298932015
21.86554,23.43689,1.071864221,3489.66,0.84126,2.017753622,9.015456178,0.473163173,-3.357968575,-3.344571147
28.14988,31.87923,1.132481915,4907.07,0.93674,5.488700217,7.987638197,0.662065406,-2.788330291,-2.773431065
19.54382,25.99258,1.329964152,6229.15,0.91172,4.314935587,5.49077784,0.534986275,-2.933131505,-2.95401392
27.3232,31.00421,1.134721043,4746.81,0.93386,5.290302114,6.241372363,0.549114355,-2.751832147,-2.675565452
24.58614,27.14808,1.104202612,3994.08,0.87004,2.462170629,7.476552851,0.423647211,-3.119115402,-3.097874246
33.97258,36.01515,1.060124077,3639.56,0.90548,3.276249471,6.306288387,0.394566217,-2.864410446,-2.905506426
21.11144,23.0005,1.089480395,3156.76,0.81148,1.702054471,12.23224835,0.644381448,-3.571096968,-3.504052443
31.69131,36.29505,1.145268214,4413.22,0.95036,6.633627429,3.265971116,0.473793192,-2.38493033,-2.453609403
32.69651,35.19795,1.076504801,2674.89,0.93444,3.642259944,3.888732304,0.276254882,-2.4976368,-2.526936528
27.491,30.59189,1.112796552,4245.87,0.88394,2.977281531,6.758129882,0.443838425,-3.045939839,-3.036805597
26.75622,32.15597,1.201812887,4367.25,0.93882,5.329208413,5.825190716,0.470202451,-2.599578829,-2.579716946
29.49165,31.58794,1.071080797,4169.52,0.8827,2.940079273,9.876006332,0.628838632,-3.250616244,-3.127716572
36.09277,37.55207,1.04043192,4012.66,0.88556,3.22257359,9.275500049,0.57030706,-3.108920565,-3.078450924
37.49101,44.54123,1.188050949,4568.78,0.96336,8.789700824,4.04725289,0.609511512,-2.301088368,-2.361313163
22.437,26.43852,1.178344698,4594.84,0.91914,4.20097627,6.824096649,0.487561587,-2.862158941,-2.837865162
35.87214,39.63883,1.105003214,5092.11,0.9593,8.96223771,2.742672976,0.591640141,-2.332836768,-2.347355384
34.96753,44.11335,1.261551788,5861.96,0.96162,10.06102824,4.097868879,0.777317206,-2.379802971,-2.399999428
31.69391,35.645,1.124664013,4816.13,0.95078,7.214191953,5.394564507,0.592356941,-2.464059646,-2.541194648
29.44337,32.71646,1.111165604,3668.6,0.89314,2.800005016,7.219363962,0.403968746,-2.991565184,-2.982297877
31.38441,36.5597,1.164900025,5983.99,0.96362,10.34409837,3.237123824,0.697016482,-2.312329598,-2.325318672
28.66129,33.94611,1.18438877,3940.95,0.94088,4.97073181,6.872424124,0.465290694,-2.596775841,-2.594583655
35.21651,36.87232,1.047018004,2795.59,0.87618,2.318151152,7.86486998,0.364619314,-3.056575595,-3.090482397
22.63544,24.05514,1.06272023,3661.76,0.8487,2.067045637,8.552570336,0.421081324,-3.230122523,-3.261365887
19.07281,21.23754,1.113498221,3211.82,0.81788,1.639429042,10.58777883,0.454616416,-3.411829942,-3.377068226
31.17198,33.05248,1.060326614,3506.08,0.90518,3.150380755,5.440743402,0.34643435,-2.85578165,-2.850940079
13.11852,16.39554,1.249801045,3560.25,0.83092,1.787170707,7.997368456,0.369582477,-3.275528549,-3.321230916
23.65088,25.86624,1.093669242,3974.7,0.85468,2.350243087,8.545596616,0.459735952,-3.315924743,-3.27951899
22.54209,26.20435,1.162463197,3973.29,0.86282,2.387682192,8.447722258,0.466463239,-3.222917961,-3.169810463
25.24664,26.7942,1.061297662,2748.55,0.83416,1.796105739,8.605326605,0.367672244,-3.297430613,-3.230785845
28.93206,31.95037,1.104324061,2867.49,0.87626,2.129123649,7.673532845,0.298832457,-3.001982727,-3.058027919
26.54905,29.45229,1.109353819,3803.41,0.87174,2.597827545,7.056707671,0.415051082,-3.132544373,-3.144366243
28.39992,29.86695,1.051656131,2686.81,0.83338,1.901209558,8.781313383,0.36326266,-3.355495263,-3.35435041
31.04975,32.77047,1.05541816,4327.92,0.88608,3.223527443,6.825364751,0.482956235,-3.024682086,-3.046178612
22.96471,29.65323,1.291252099,5227.81,0.94258,6.107601293,5.556127303,0.566454751,-2.647436215,-2.622931479
31.32411,33.8621,1.081023531,4265.13,0.89316,3.451986179,7.225553599,0.480057574,-2.979455569,-2.871620911
24.10673,25.93587,1.075876736,3537.63,0.8544,2.303486504,8.88795193,0.409685861,-3.172836213,-3.213232498
29.7086,31.3974,1.056845493,3154.14,0.85352,2.145196356,7.875151139,0.366003394,-3.247860358,-3.200355488
32.31644,34.29812,1.061321111,3719.45,0.87504,2.740366096,8.43666822,0.443147636,-3.15226068,-3.02427219
31.60938,34.76445,1.099814359,3701.8,0.87618,2.70050023,8.083687612,0.468835757,-3.141501968,-3.156820632
27.74657,29.79707,1.073901026,3212.56,0.8589,2.234693559,7.735289808,0.387685457,-3.242033889,-3.15596923
40.67306,46.88216,1.152658787,5573.01,0.9626,11.08908245,4.780042417,0.79761654,-2.298296455,-2.299792065
36.11159,40.81563,1.130263996,4390,0.95368,7.415113558,5.603815807,0.559519408,-2.397933975,-2.475584207
21.0377,22.15099,1.052918808,2759.31,0.80752,1.562514512,9.939269306,0.408386926,-3.493844418,-3.443415815
22.18262,25.84402,1.165057148,3132.92,0.84028,1.894899683,9.33457136,0.381977459,-3.362655723,-3.213053679
29.35857,31.8094,1.083479202,5159.35,0.91226,4.228790225,4.888847753,0.45266272,-2.811882168,-2.88241296
26.51614,28.58742,1.078113934,2073.75,0.82882,1.359586097,8.507768294,0.239520374,-3.2445826,-3.241142111
14.11419,16.3396,1.157671818,4322.65,0.85888,2.217133948,6.206075433,0.339910527,-3.164291644,-3.157188992
34.86548,37.54439,1.076835598,4110.29,0.9433,6.018361969,5.567243115,0.49501893,-2.509784446,-2.485601139
31.17357,32.61267,1.046164106,2736.61,0.87358,2.219027274,6.692119726,0.290711605,-2.965895557,-2.988914674
20.67212,22.69041,1.097633431,3674.96,0.83682,1.982755557,9.433389291,0.448228327,-3.323100147,-3.286495812
27.11191,28.64285,1.056467434,4097.64,0.87068,2.584057244,8.842979582,0.474904927,-3.185339237,-3.091642549
38.62026,44.39725,1.149584441,4856.55,0.96122,9.117658218,4.717745258,0.662617138,-2.275870875,-2.345258227
34.30115,40.32475,1.175609273,5259.83,0.95758,8.561287439,4.809531615,0.698737024,-2.461614269,-2.455925497
28.58192,32.3732,1.132646092,4464.95,0.92412,4.275720393,5.397509265,0.440812484,-2.752858805,-2.811813184
33.80165,36.06883,1.067073057,3020.9,0.8645,2.403204644,9.127666458,0.455607075,-3.153591857,-3.096128148
23.01421,25.37232,1.102463217,3182.99,0.8341,1.889044403,9.14216885,0.372735802,-3.331047802,-3.264080903
28.27809,32.64433,1.154403639,4256.67,0.8885,3.081014914,6.757259583,0.464141262,-3.042580624,-3.055412203
37.15585,42.81791,1.152386771,4141.24,0.93168,4.592339201,5.537845315,0.449734616,-2.642363999,-2.630606856
26.33704,28.37063,1.077214068,2732.99,0.84676,1.670958715,7.876802197,0.318224143,-3.256311118,-3.235948378
26.36711,33.48361,1.269900645,6368.57,0.94978,7.895948856,3.985622366,0.664779081,-2.533842246,-2.538450458
29.55695,35.36732,1.196582191,4796.59,0.9452,6.311937388,5.025869789,0.544789477,-2.518354678,-2.572458704
35.65815,38.52996,1.080537268,4112.48,0.94498,6.250405127,3.970740712,0.46369681,-2.424879582,-2.465823722
37.01544,41.16387,1.112072962,5240.78,0.94594,6.928998894,5.607586892,0.664613979,-2.54981669,-2.579599841
27.61664,29.36869,1.063441823,3344.88,0.86282,2.316164726,7.84013326,0.411851427,-3.171197323,-3.18806214
24.09143,25.00907,1.038089893,3026.34,0.84674,1.833084012,7.563920715,0.329332944,-3.226368227,-3.230367415
21.18419,23.77682,1.122385137,2653.65,0.81434,1.564326727,9.047228622,0.340773759,-3.417710327,-3.388440574
23.42115,26.84368,1.146129887,4598.95,0.91992,4.374363998,10.48438787,0.658611682,-2.979421829,-2.905381665
31.03178,36.44788,1.174533978,4945.88,0.95226,7.386326616,3.504314189,0.549861373,-2.467131517,-2.48267996
36.65717,43.48724,1.186322894,4373.03,0.96362,8.530177221,3.50524616,0.57764448,-2.297369848,-2.299090744
28.28611,34.82049,1.231010203,5324.35,0.94994,7.17157762,6.469327412,0.67045608,-2.581780137,-2.546781017
28.47261,30.51931,1.071883119,3994.47,0.87518,2.754728503,8.393397622,0.516219364,-3.18342701,-3.195223943
25.15391,28.96484,1.151504478,3635.58,0.90218,3.322922115,9.371173087,0.487813069,-2.973965582,-2.997560828
35.88565,39.37048,1.09710929,5714.21,0.96276,10.13606559,3.689224626,0.707452686,-2.340620263,-2.356701483
31.81217,36.62661,1.151339566,4750.8,0.94796,6.872861203,5.026161735,0.556910524,-2.476389191,-2.489379765
24.21898,27.17764,1.122162866,4213.87,0.87026,2.62395224,7.714995405,0.489087865,-3.17972273,-3.167678009
23.44634,26.95393,1.149600748,4068.83,0.91402,3.801558022,6.621846501,0.400480927,-2.784782032,-2.825809216
43.03382,46.22313,1.07411171,3283.1,0.95776,6.545608628,3.267929721,0.435895548,-2.263257445,-2.256252597
35.11755,37.03043,1.05447077,4775.48,0.92224,4.595575045,5.877993901,0.516228402,-2.788417612,-2.835786134
31.93326,38.29896,1.199343882,4942.1,0.94876,7.505418875,7.685613123,0.726818768,-2.578120123,-2.493088441
23.63688,26.36914,1.11559309,3597.47,0.85432,2.157509944,8.290998737,0.450946079,-3.265877389,-3.225558653
33.09639,35.83925,1.0828749,5046.67,0.92116,4.633694843,5.634824863,0.531522546,-2.791233237,-2.779492312
36.62742,41.27969,1.127016044,4784.12,0.95936,8.572526383,2.765120106,0.565283432,-2.336118994,-2.396513635
35.52632,36.44577,1.025880812,3812.87,0.89664,3.07046411,6.018065835,0.385863292,-2.890554339,-2.902095415
24.24315,26.67025,1.100114878,3990.55,0.87218,2.457793571,7.770794707,0.436428076,-3.190779874,-3.174124332
41.02134,47.15163,1.149441486,5181.81,0.96482,10.24967121,4.533116272,0.735659454,-2.261768668,-2.278224836
34.19138,39.50032,1.155271299,5121.61,0.9507,7.912411675,4.429864956,0.638561475,-2.448162212,-2.470297866
38.22279,40.51292,1.059915302,4276.17,0.92906,4.794975149,4.909992117,0.449073106,-2.672945921,-2.681907486
31.39726,34.63355,1.103075555,3934.45,0.8812,2.966324209,11.20300605,0.545143988,-3.180592918,-3.160637945
24.47967,25.99983,1.062098876,2554.32,0.82752,1.586980744,8.492377284,0.328156225,-3.327531345,-3.290665109
27.43199,28.90279,1.053616234,3464.34,0.87346,2.393329607,7.065839912,0.364241893,-3.045378086,-2.994141122
34.81304,39.93905,1.147243964,4825.34,0.95372,7.771892368,4.402544763,0.585680567,-2.405891636,-2.385037286
42.35121,48.65366,1.14881393,5168.8,0.96748,11.31632321,3.566218095,0.743787671,-2.217324106,-2.235631398
29.19691,31.42825,1.076423841,3207.61,0.87978,2.48191697,6.915871558,0.362119741,-3.023681646,-3.033576728
5.17734,8.26686,1.596738866,1081.47,0.58068,0.55415271,16.12231152,0.568260916,-4.315491777,-4.243466128
32.05042,36.25515,1.131191105,5297.01,0.95836,8.633951657,4.148751435,0.659840965,-2.37884185,-2.36659591
10.84513,19.2477,1.774778172,5516.35,0.86806,2.829308041,6.520057762,0.528367473,-3.146575385,-3.129215337
26.16518,29.07332,1.111145423,3219.97,0.86682,2.146481343,7.522575586,0.360241153,-3.096007896,-3.105463703
38.44296,43.65893,1.135680759,5375.67,0.96486,10.35411934,4.095570966,0.724559583,-2.32186244,-2.294059354
30.17004,32.2095,1.06759885,2975.85,0.85526,2.164656215,8.552508715,0.412875247,-3.288826716,-3.246803512
34.92277,35.61399,1.019792817,4048.94,0.88804,3.198300079,6.846815074,0.463593396,-3.011391962,-2.963295053
27.20196,28.60728,1.051662454,2825.73,0.83672,1.917771798,8.883880253,0.418680251,-3.310820532,-3.326105741
30.92692,37.24908,1.204422555,4873.22,0.92052,4.810133197,7.336984772,0.597393012,-2.822036016,-2.813729752
27.42735,31.54506,1.150131529,4190.75,0.89412,3.305422161,7.77433495,0.52581763,-3.028848114,-3.080047157
19.54538,24.67312,1.262350489,5510.59,0.90786,3.839429579,6.576589681,0.531149868,-2.968794941,-2.960151432
21.62516,23.80894,1.100983299,1994.18,0.8088,1.122264065,9.010725736,0.242413936,-3.404488116,-3.422342736
20.70617,22.49304,1.0862965,1898.64,0.78534,1.034906721,10.75914694,0.275587774,-3.541289956,-3.538026842
25.18613,29.24186,1.161030297,4382.5,0.91912,4.281608258,5.919860421,0.432899161,-2.746340573,-2.706356544
36.19487,37.4871,1.035702021,3288.33,0.89348,2.759025318,6.287004467,0.347634152,-2.967986864,-2.906998026
35.11849,38.42756,1.094225862,4526.77,0.94338,6.715021924,3.168454214,0.452945704,-2.416455392,-2.41256509
38.83659,44.46676,1.144970761,4325.04,0.95428,7.766582567,3.078925815,0.501811782,-2.26525886,-2.27094697
31.15536,35.16008,1.128540322,3798.13,0.89042,3.114369358,6.385769979,0.382775239,-2.914103596,-2.913499374
33.30253,38.31139,1.150404789,4670.79,0.94544,6.777056184,4.212451393,0.540232324,-2.531138661,-2.476157494
10.78502,15.21939,1.411160109,4452.48,0.82748,2.049968414,7.84911756,0.484401649,-3.326560457,-3.344444026
31.71081,35.72046,1.126444263,4563.41,0.94982,6.699441372,3.28839929,0.479344961,-2.424016673,-2.431012607
24.03949,25.57053,1.063688539,2872.35,0.83518,1.772332949,10.98776239,0.47124878,-3.393750946,-3.417404624
30.31821,31.9668,1.054376231,3431.7,0.88216,2.529766684,7.393162681,0.374363505,-3.058432612,-3.069975614
31.63518,34.14695,1.079397999,3968.74,0.88022,2.964013079,8.882189599,0.488871608,-3.156393551,-3.064151422
26.54838,34.94628,1.316324386,5340.77,0.95112,6.939898286,4.313821055,0.58184279,-2.520985181,-2.514702934
38.73094,43.75799,1.129794165,5474.85,0.96604,11.14190579,3.916458747,0.778996129,-2.251135523,-2.248201133
9.97997,13.92779,1.395574335,4993.79,0.84258,2.060410136,5.891518811,0.358678916,-3.11121389,-3.132756913
30.21096,32.93677,1.090225865,4613.64,0.9384,5.721741887,6.677587534,0.589679783,-2.615981995,-2.67642573
25.83595,27.50059,1.064431151,2727.99,0.83136,1.820144279,11.84172663,0.376939897,-3.425427043,-3.347519478
38.00017,39.21097,1.031863015,3573.96,0.88922,3.094575219,8.19368949,0.398981153,-2.900719855,-3.056765137
22.18452,24.36933,1.098483537,3696.65,0.91394,3.252432367,4.714347297,0.326482915,-2.770785579,-2.823548062
26.71729,28.58914,1.070061372,4270.45,0.8767,2.792189386,7.161489112,0.433334556,-3.112981723,-3.004500198
28.53572,32.18019,1.12771607,3842.13,0.87854,2.730038377,7.346381975,0.392612492,-3.033669643,-3.014563844
24.25434,30.11947,1.241817753,4699.93,0.9304,5.108467076,5.856242136,0.507187278,-2.698314352,-2.743948452
34.80957,41.21094,1.183896842,6307.2,0.9578,9.41937768,4.100266364,0.75127557,-2.428136955,-2.426722752
43.26402,47.02587,1.086951005,4380.92,0.9615,9.059729197,2.929492015,0.573466222,-2.171163565,-2.209759673
26.95195,29.24638,1.085130389,3290.32,0.8507,2.169699196,8.803688059,0.446198362,-3.263492154,-3.209414436
25.1144,27.9436,1.112652502,3827.71,0.8638,2.472754754,6.55815864,0.352632385,-3.114199666,-3.093488896
37.80535,41.55282,1.099125388,4576.11,0.95834,8.214812275,2.572500915,0.5166883,-2.275654877,-2.354612793
30.25824,34.25832,1.132198039,4381.39,0.94436,6.137388705,3.427874271,0.446657482,-2.47068756,-2.515501212
34.27258,40.27715,1.175200408,4557.75,0.95214,7.135662575,4.349950578,0.541982844,-2.48985281,-2.437952366
33.73366,38.93815,1.154281806,5671.32,0.96334,10.3737094,4.590755635,0.77813137,-2.307985042,-2.384653087
25.7401,29.84372,1.159425177,5193.01,0.9418,6.322630021,9.328392242,0.739538059,-2.76324582,-2.780335021
34.05412,37.57092,1.103270911,4603.11,0.9409,6.470135193,4.010287796,0.481001374,-2.471499948,-2.506543172
27.40575,28.53811,1.041318336,4128.37,0.87146,2.724368193,8.115340792,0.504853112,-3.12302414,-3.145228391
44.7995,46.02337,1.027318832,3972.6,0.92034,4.201333887,5.102272081,0.42234299,-2.727812135,-2.694189344
33.92821,40.16802,1.183912149,5059.4,0.95626,8.285620213,5.932797813,0.719635209,-2.482400366,-2.464473424
19.63473,22.12538,1.126849211,3155.08,0.81214,1.722193595,9.870908435,0.417542494,-3.412360727,-3.433567092
19.7937,21.64896,1.093729823,2832.4,0.80314,1.609941006,9.747913821,0.435820713,-3.428255365,-3.409999287
30.41622,35.19337,1.157059293,4240.04,0.93668,5.542649191,5.458642345,0.476965992,-2.609013115,-2.622499378
34.98345,37.80584,1.080677863,4583.41,0.94804,6.911373395,3.81146932,0.497242404,-2.431222992,-2.414801014
20.08079,21.54166,1.072749628,2888.21,0.80844,1.574034773,11.51570737,0.394175748,-3.559217979,-3.51258459
28.07128,29.62163,1.055229045,3365.03,0.88388,2.717064189,6.616347083,0.386908189,-2.965770335,-2.995900173
28.41248,34.14048,1.20160155,3653.81,0.93524,4.599390184,5.4252725,0.413503943,-2.610239021,-2.607816088
25.24692,27.36944,1.084070453,3671.57,0.87274,2.313886127,7.719517862,0.388489274,-3.12921865,-3.118582014
33.52259,38.12734,1.137362596,5670.44,0.95278,8.18806827,3.926546162,0.646419097,-2.43963712,-2.478363008
36.96661,39.60508,1.071374411,5251.44,0.96018,9.305332119,2.819837938,0.620386305,-2.325553624,-2.35780074
34.04019,38.97935,1.145097898,4829.81,0.94838,7.42232379,4.05527651,0.542369,-2.425130094,-2.46338432
21.68948,23.99895,1.106478809,2278.91,0.81698,1.407734285,9.141789411,0.317100787,-3.39407356,-3.372864698
10.95263,16.11532,1.471365325,4114.66,0.83404,1.999817771,7.45197888,0.444710727,-3.284740642,-3.234409396
37.48205,44.46704,1.186355602,6061.87,0.96492,11.22301455,3.18198622,0.770154637,-2.316139849,-2.279277186
30.29037,31.78269,1.049267143,3467.38,0.85922,2.415140374,8.320209963,0.368497828,-3.168392019,-3.11483107
24.14539,30.79168,1.27526124,6217.75,0.94166,6.629961065,4.430378872,0.596269095,-2.666969246,-2.692638457
20.78641,23.12555,1.112532178,3479.01,0.82296,1.898272557,11.27785511,0.629545611,-3.522004591,-3.46768271
32.85983,38.66557,1.176681985,5239.33,0.95192,7.941534714,6.468659293,0.735640177,-2.510629603,-2.535506089
19.77536,22.05378,1.115215096,2725.09,0.80234,1.477505216,8.780136223,0.363913228,-3.40166622,-3.417112522
17.36764,23.26994,1.339844677,4460.07,0.88974,3.155453259,6.109368756,0.388168391,-2.974672215,-2.969666995
32.62036,34.65438,1.062354309,3549.5,0.9431,4.89015177,3.650913407,0.365546252,-2.521589646,-2.493331193
33.89278,40.49819,1.19489136,5153.82,0.95328,7.9611164,5.851311596,0.698804253,-2.544550508,-2.498532462
24.30035,28.74297,1.182821235,5456.69,0.94312,6.200046018,4.351296136,0.538195719,-2.631898606,-2.591517416
19.93147,21.32989,1.070161408,2937.73,0.8088,1.560790353,9.404201088,0.389979528,-3.478204439,-3.514645878
7.49049,10.05922,1.342932171,3055.59,0.75844,1.013901644,9.483817609,0.381868306,-3.483652588,-3.506102196
21.32118,22.42159,1.051611121,2952.88,0.81534,1.634491634,9.580477733,0.413588936,-3.479955659,-3.435405429
31.91276,34.62334,1.084937185,3020.3,0.87566,2.302992686,7.983233746,0.366656416,-3.058799987,-3.064800399
27.35094,28.48678,1.041528372,2487.47,0.81282,1.672070041,9.350673879,0.354994663,-3.380009695,-3.367357792
7.43452,11.00596,1.480386091,3307.59,0.75634,1.127437024,9.529231931,0.47950908,-3.485044651,-3.509057473
24.69654,26.27644,1.063972524,3359.89,0.85246,2.102083441,7.821401825,0.392402859,-3.22024779,-3.288512891
30.03969,31.50321,1.048719544,3529.12,0.87912,2.538798755,7.600966114,0.43156579,-3.125829545,-3.020524996
36.46444,40.71925,1.116683816,5254.87,0.96262,9.991519944,2.600678859,0.647469474,-2.255355984,-2.282922016
31.74349,35.51058,1.118672837,4780.54,0.94814,7.008929891,3.464357261,0.518828345,-2.422826331,-2.489618762
42.88501,49.69914,1.158893049,6746.06,0.97414,15.29579128,2.527600238,0.924281979,-2.150803066,-2.153389927
33.2136,34.0199,1.0242762,3212.38,0.86078,2.444335275,8.717717304,0.491798693,-3.201240859,-3.143402744
23.82474,25.53853,1.071933209,2082.54,0.82364,1.356858094,9.394026238,0.293915665,-3.362376817,-3.356900116
30.83895,32.83245,1.064642279,2173.83,0.86276,1.63262989,8.386613908,0.220452264,-3.079544346,-3.077683943
40.33255,46.99824,1.165268251,4918.19,0.9634,10.18671054,3.259180334,0.667465508,-2.240206541,-2.243065602
28.74849,29.82052,1.037289959,3121.85,0.8409,2.120005042,9.910374608,0.487670793,-3.278666301,-3.209606094
39.0901,44.28901,1.132998125,5353.03,0.96544,10.92607494,4.203681297,0.790058144,-2.244517636,-2.351985863
25.90163,30.8702,1.191824607,3427,0.9104,3.285100855,5.354837831,0.326864251,-2.755536553,-2.830034258
30.16772,35.71257,1.183800765,4747.77,0.94376,6.558990326,3.843360753,0.520042138,-2.513085169,-2.576542937
36.12237,43.12648,1.193899514,4250.52,0.96184,8.235495582,4.024735928,0.565171501,-2.319353974,-2.295935124
17.46723,21.8195,1.249167727,2696.36,0.81166,1.494180931,8.87903995,0.341939443,-3.356484517,-3.368785685
29.7481,31.93503,1.073514947,2961.66,0.88016,2.155073418,6.28861469,0.293583605,-3.045614892,-2.980965858
37.39914,40.56543,1.084662107,4971.38,0.96388,9.367698797,4.03183283,0.664226068,-2.320375112,-2.372623676
33.99009,35.84024,1.054432042,4775.93,0.91994,4.336782557,4.221297489,0.39487604,-2.680694268,-2.701453033
27.07248,32.70623,1.208098778,4899.05,0.94054,6.030300893,5.437868386,0.540317915,-2.59349433,-2.573894677
38.58771,44.05628,1.14171792,5018.69,0.96016,9.399142471,4.506556158,0.673646821,-2.361076779,-2.335027839
23.16763,25.88335,1.117220449,4149.24,0.85926,2.575974242,8.477117207,0.482755094,-3.262305968,-3.174755859
43.04386,49.50497,1.150105265,6291.69,0.97034,13.61383916,2.947869391,0.873623644,-2.21941833,-2.189879476
33.09757,39.00903,1.17860707,4049.03,0.95292,6.605802225,3.55972434,0.464405972,-2.362320663,-2.440519093
33.44742,38.86566,1.161992764,4787.5,0.95072,7.14633633,5.571011807,0.621926938,-2.463521851,-2.578521447
21.7675,26.36773,1.211334788,6085.34,0.93758,5.805700557,4.767269038,0.556560865,-2.71316799,-2.764459238
25.71832,32.14112,1.249736375,4048.21,0.9422,5.065237376,5.023230784,0.421576935,-2.569597394,-2.54177592
30.28379,40.95801,1.352473056,5814.08,0.94558,6.906026103,4.294297714,0.582902866,-2.518203435,-2.530396516
34.38425,39.35987,1.14470637,4583.49,0.95268,7.136340142,4.5801461,0.563203789,-2.428532209,-2.455589519
38.47493,42.97854,1.117053104,5361,0.96474,10.66656937,3.686205129,0.733499208,-2.233439663,-2.324719928
26.24234,32.44192,1.236243414,4976.38,0.93316,5.814189673,6.905927095,0.577997199,-2.65259779,-2.820242315
29.22066,31.20773,1.068002229,2426.83,0.86498,1.786052773,7.36888944,0.270992101,-3.056648013,-3.0675496
31.27745,35.88262,1.147236108,4677.26,0.95064,6.922959284,3.395620761,0.504024114,-2.430235458,-2.3722098
31.10248,36.23136,1.164902606,4341.42,0.94818,6.297479494,3.289463102,0.445758237,-2.434502,-2.503688467
29.78402,31.90316,1.071150234,3441.82,0.87012,2.483991881,7.765356935,0.431118385,-3.14518444,-3.158662538
21.44309,27.25121,1.270862082,4466.46,0.91336,4.045049314,5.772905215,0.399806768,-2.750035604,-2.743517804
24.38274,27.28498,1.11902846,3660.35,0.85586,2.349172714,6.944939271,0.354627311,-3.13904522,-3.123349061
26.18179,32.20097,1.229899484,5101.82,0.94218,6.320428795,6.240074846,0.606820388,-2.659320948,-2.569808244
30.99106,32.4524,1.047153598,2661.49,0.86972,1.946291904,9.542284671,0.326128686,-3.174364445,-3.226980751
34.42815,40.14888,1.166164316,4879.08,0.95216,7.761709898,9.509741321,0.790968863,-2.568511087,-2.51284692
21.01869,24.67304,1.17386193,4078.16,0.9124,3.515233707,4.628911311,0.346358558,-2.800422569,-2.83862963
15.99179,21.9766,1.374242658,5010.88,0.89978,3.34043659,7.70985259,0.50519516,-3.038640375,-3.030928705
43.23392,48.43183,1.12022759,6348.03,0.96908,13.2552945,2.931180962,0.872952943,-2.189308233,-2.202616881
22.74498,29.73905,1.307499501,4309.31,0.92666,4.666572663,4.125437492,0.400412459,-2.631800104,-2.575259094
32.61838,36.15599,1.108454497,4747.83,0.94658,6.839203786,3.874948276,0.502092043,-2.449374691,-2.460554069
32.62062,38.18275,1.170509635,4997.16,0.95426,7.775849284,4.18153847,0.605290666,-2.447988654,-2.475825063
38.03912,41.65264,1.094994837,5270.17,0.96514,10.45177611,4.462731156,0.774837727,-2.322092358,-2.337027096
19.3272,21.34484,1.104393808,2835.73,0.80444,1.526483475,9.126568825,0.384970229,-3.428398385,-3.39118774
26.63082,28.93688,1.086593654,3404.32,0.86174,2.273936311,7.956766761,0.396853287,-3.20106538,-3.173057694
29.98846,34.52589,1.151305869,5005.47,0.95526,7.496468594,5.585430328,0.633758052,-2.466622905,-2.474465785
29.18552,34.20409,1.171954106,4815.31,0.94062,6.23960199,4.982074653,0.508871637,-2.589262158,-2.414645167
26.35554,28.48861,1.080934407,2704.4,0.8356,1.745028673,9.987020133,0.416346285,-3.417658649,-3.34306243
46.61259,48.61963,1.043057895,5499.29,0.95158,8.200024128,6.397960636,0.733237624,-2.535834199,-2.542122154
22.12986,24.70803,1.116501867,3032.97,0.83264,1.819584396,8.521770424,0.346504291,-3.273596953,-3.24091025
28.25178,30.25609,1.070944556,3005.31,0.83048,1.937246175,10.79050302,0.464619613,-3.380820343,-3.317245916
32.96547,38.4495,1.166356797,5075.95,0.95274,7.78815028,8.73910573,0.737221433,-2.620388788,-2.577125245
30.50539,33.35081,1.093275975,3494.51,0.87778,2.634528172,6.310291594,0.355822809,-3.013020078,-2.983048809
39.11258,47.31353,1.209675506,5789.99,0.96658,11.03148707,3.775793827,0.787766238,-2.246658196,-2.303608633
19.5897,22.69612,1.158574149,3994.69,0.8277,2.094605196,10.24450682,0.609130648,-3.402907206,-3.373286495
26.39035,28.72182,1.088345551,1975.02,0.80836,1.376867013,8.660698222,0.250228403,-3.318982642,-3.259156863
10.10931,16.17446,1.599956871,4351.26,0.83868,1.873257809,7.197500785,0.415690737,-3.263176643,-3.254450136
7.90673,12.3318,1.559658671,3934.35,0.78232,1.411414066,8.212856123,0.367040286,-3.455772507,-3.411375001
5.50305,9.49165,1.724798067,2399.34,0.68462,0.830454444,10.14841045,0.323966338,-3.636986085,-3.654903583
27.02506,28.31531,1.047742725,2641.77,0.82712,1.741056017,9.501158844,0.382405116,-3.382099382,-3.379143506
35.288,37.27867,1.056412095,4647.76,0.94436,6.923054366,3.546278518,0.500057603,-2.449089687,-2.405430489
38.28317,44.36385,1.158834287,6401.96,0.96834,11.7730305,3.099805567,0.784194483,-2.222427135,-2.253172559
21.8068,23.44441,1.0750963,3636.44,0.84012,2.027649325,9.638012472,0.453853067,-3.306399148,-3.275301286
34.01296,39.16628,1.151510483,5291.59,0.95444,8.389648747,6.898609743,0.788342152,-2.521287764,-2.523478698
17.6604,19.8403,1.12343435,3345.16,0.80634,1.589367162,12.49312915,0.574390596,-3.572180828,-3.481231434
26.16905,27.7332,1.059770989,2410.3,0.8127,1.679156517,11.77006931,0.480270403,-3.580714883,-3.539520513
39.02915,42.29821,1.083759446,4390.71,0.95426,7.770214152,3.390362864,0.520870616,-2.338960405,-2.329781654
40.32744,43.61744,1.081582168,4147.28,0.96308,8.052912353,3.024079748,0.527152449,-2.240895809,-2.273997257
37.34341,41.32109,1.10651625,5037.48,0.95938,9.181197007,5.863518681,0.773503414,-2.375518566,-2.388508996
24.95566,29.15112,1.168116572,4329.2,0.88092,3.006860771,9.230010967,0.620218197,-3.22999106,-3.063641409
22.85159,28.35443,1.240807751,2982.09,0.91232,2.815402751,4.634304697,0.255991827,-2.721268024,-2.759844011
39.26385,40.94448,1.042803495,3264.86,0.8853,2.9089081,8.906341055,0.420944268,-3.070848994,-2.984897568
37.42229,41.39822,1.106244968,5438.7,0.9646,10.44933438,4.522711238,0.761005667,-2.387490805,-2.307062077
33.44905,38.63223,1.154957465,4476.35,0.94826,6.64308132,4.323261226,0.502011939,-2.427782743,-2.440575002
27.87382,29.55899,1.060457088,3471.26,0.86874,2.319200397,6.774388061,0.340343401,-3.102806064,-3.014674901
28.5743,30.63416,1.072087855,4460.9,0.92548,4.74420226,6.341713612,0.482285341,-2.745321646,-2.751348557
32.1368,36.09581,1.123192415,4925.54,0.9512,6.917164195,6.072845645,0.637367312,-2.524299338,-2.570122267
25.09618,28.23915,1.125236988,3110.91,0.86228,2.03984207,6.859582722,0.306828428,-3.090709666,-3.041160616
23.21343,30.50249,1.314001852,6369.87,0.94612,6.921343712,3.850437214,0.577842368,-2.608992784,-2.626939106
8.87449,15.13619,1.705584208,3793.39,0.8088,1.523752108,6.83886018,0.315024071,-3.283651023,-3.335816333
27.7443,29.41145,1.06008982,2555.44,0.82796,1.857641265,11.60168305,0.534362398,-3.49660524,-3.435090234
24.67798,32.69664,1.324931781,4950.66,0.92304,4.746194981,4.579697544,0.448416873,-2.699418388,-2.703803988
23.37492,25.3251,1.083430446,3948.68,0.86274,2.331603697,8.091418488,0.461269135,-3.230896173,-3.241223506
30.55199,34.0401,1.11416965,4106.14,0.94534,5.524491871,3.645590852,0.420491787,-2.537983599,-2.436905051
29.7281,33.99097,1.143395306,4722,0.95378,6.874833315,3.414344152,0.495196746,-2.425370991,-2.436226636
25.81172,27.55096,1.067381794,2720.48,0.85396,1.867460921,10.4921163,0.312658672,-3.249514785,-3.066415726
19.92791,21.48082,1.077926386,2818.6,0.8119,1.596405679,10.44165177,0.410978349,-3.496473066,-3.570599601
34.11178,37.43986,1.09756395,4180.44,0.94346,6.071093036,4.245125493,0.463698941,-2.48973237,-2.427720175
29.65415,31.62504,1.066462536,3301.31,0.87822,2.434691484,6.886880012,0.349059925,-3.017443126,-3.06725585
33.25005,38.78592,1.16649208,3588.76,0.95296,5.865957552,4.212189233,0.43291808,-2.361230328,-2.409454379
40.32801,45.58422,1.130336458,5151.17,0.96214,10.35167997,3.349704448,0.701341004,-2.276227206,-2.267441759
27.65171,31.82375,1.150878192,4116.47,0.88974,3.184045062,8.944012039,0.506597269,-3.147341828,-2.982249688
18.95795,23.80335,1.255586706,4241.58,0.8929,3.134797339,7.532068887,0.400157299,-2.964889731,-2.910597038
30.58977,36.66121,1.198479426,5175.45,0.94526,7.259726894,6.653497249,0.674157555,-2.584148963,-2.624234449
33.41237,35.89892,1.074420043,5515.81,0.93442,5.741161725,4.229925934,0.525089839,-2.652780944,-2.666123666
8.34272,11.36458,1.362215201,3845.44,0.7868,1.364680988,8.587115177,0.410923089,-3.396742444,-3.413312661
33.33803,39.99718,1.199746356,5619.85,0.95466,7.96791667,4.382826501,0.644189005,-2.453491252,-2.488163346
25.65461,31.5305,1.229038368,4119.38,0.93848,4.90723892,5.420228246,0.461832328,-2.671306966,-2.63454424
28.8602,30.48211,1.056198848,3620.79,0.9265,3.898918487,6.883449587,0.403814625,-2.78765356,-2.742454305
33.60915,38.42043,1.143153873,3346.42,0.94652,4.935421131,4.536612283,0.381891591,-2.472739594,-2.500232456
28.24589,31.10851,1.101346426,4730.1,0.89154,3.260602426,8.845117178,0.585574331,-3.125261361,-3.08461939
30.6305,32.99812,1.077296159,3249.04,0.8742,2.498413842,8.151840976,0.370211713,-3.055076834,-3.108909772
17.67755,19.43946,1.099669355,3003.76,0.80396,1.537255442,10.41842783,0.438915784,-3.54931384,-3.369858723
41.81458,45.14695,1.079693973,4526.71,0.95662,8.442130345,3.520524116,0.549634503,-2.30897531,-2.276748266
20.56633,22.0213,1.070745242,3752.63,0.8498,2.247773519,7.967131051,0.440066591,-3.221437849,-3.153378371
37.89098,43.87712,1.157983246,5555.47,0.96728,11.42593894,4.200767919,0.809546141,-2.24036,-2.276887617
33.95303,37.86665,1.115265707,4161.21,0.9459,6.050894296,4.890446324,0.481256324,-2.467802453,-2.413692958
17.57439,19.67795,1.119694624,3043.04,0.7912,1.428264547,9.940666173,0.402849344,-3.506121068,-3.498808112
31.65422,37.21966,1.175819843,5551.2,0.95802,9.053982535,4.570246727,0.714665927,-2.470509873,-2.435239449
27.38222,31.76193,1.159947221,4243.29,0.92456,4.644886435,5.26031025,0.40736142,-2.658376585,-2.629472843
23.84309,25.41354,1.065866043,2223.35,0.80942,1.386700748,10.50453156,0.365421065,-3.432638811,-3.461844123
25.94728,32.01046,1.233673048,5028.47,0.93968,6.005496261,5.111505622,0.536165906,-2.633164931,-2.611001225
24.74469,28.34597,1.145537487,2211.68,0.84432,1.409579841,8.175863142,0.243539741,-3.189449492,-3.342128222
27.11439,28.83168,1.063335004,3843.32,0.86598,2.62940078,8.663733258,0.472509245,-3.169074035,-3.18106952
22.10072,23.95655,1.083971472,2443.77,0.80028,1.521893334,10.65500186,0.420068268,-3.550978112,-3.47314308
23.64554,25.98223,1.098821596,4244.36,0.91564,3.860902271,4.489547959,0.363600124,-2.740643315,-2.725102463
37.87788,43.98447,1.16121784,5860.79,0.96874,12.21794388,3.388522938,0.798225796,-2.230714019,-2.211708872
33.99246,35.93709,1.057207687,3055.78,0.88044,2.369468509,7.359274436,0.342870013,-3.028482589,-3.057584306
33.1177,35.42665,1.069719516,3004.59,0.88044,2.303532324,9.088271434,0.339244024,-3.073036107,-3.138269528
40.14726,47.7092,1.188355071,5125.06,0.9679,10.6513512,3.56191835,0.720381916,-2.241102644,-2.189128912
33.55554,35.35494,1.053624528,3267.13,0.8722,2.583079379,8.037248856,0.446876362,-3.14521855,-3.134631884
24.13938,28.84474,1.194924642,4487.24,0.89508,3.227269613,6.112977067,0.427703524,-3.010365226,-2.919759657
33.87449,37.66185,1.111805669,4184.15,0.9068,3.747850813,6.577553239,0.482378102,-2.972655062,-2.873761966
36.71659,39.86267,1.085685517,5855.81,0.96418,10.66844588,3.299471484,0.725806897,-2.277016619,-2.331323754
23.79602,26.30783,1.105555887,4324.9,0.91918,4.020030614,4.749350174,0.399027994,-2.763109244,-2.735574066
24.61847,27.51912,1.117824138,3875.1,0.86014,2.470729493,9.297649374,0.551047045,-3.276620274,-3.236681929
31.98662,34.37781,1.074755945,3228.86,0.86258,2.407692737,8.435042267,0.441546773,-3.175773629,-3.175898645
33.72577,39.29574,1.165154717,6152.35,0.95888,9.016267043,3.733369029,0.675432477,-2.429120324,-2.434075849
35.0267,40.3471,1.151895554,3791,0.94876,5.936094201,3.870052377,0.429391052,-2.399936937,-2.451003162
35.71042,42.34591,1.185813832,5308.79,0.96126,9.744155848,4.47736619,0.733616658,-2.333579267,-2.363310742
34.06233,39.28166,1.153228801,4944.08,0.95156,7.809914642,7.288418305,0.734208141,-2.592484569,-2.479143168
25.14067,29.01838,1.154240519,5435.61,0.94298,6.515037412,4.047615769,0.543340819,-2.558224102,-2.534692775
21.77876,23.82997,1.094183966,2652.7,0.8309,1.570337276,8.378504668,0.327482696,-3.327071794,-3.261658757
28.94641,34.26356,1.183689445,3045.4,0.92866,3.701787394,4.127369108,0.301627955,-2.550853225,-2.558394649
19.85563,21.42393,1.078985154,2879.85,0.8048,1.552726725,11.2700619,0.438443665,-3.42138778,-3.403026829
41.68848,45.00774,1.079620557,4672.95,0.95914,9.094650206,3.038619296,0.574662503,-2.224779462,-2.290241154
21.97037,24.13387,1.098473535,2045.92,0.8086,1.274748905,8.993384546,0.271084921,-3.37235751,-3.316735889
30.38826,32.48595,1.069029619,4762.03,0.90286,3.751849205,6.899088028,0.546458961,-2.897622202,-2.912848542
35.19854,39.17236,1.112897296,5054.85,0.95844,8.674450176,2.733033442,0.571126898,-2.3393783,-2.420911367
25.12564,27.62595,1.099512291,4475.16,0.92166,4.321037432,4.511339858,0.408657284,-2.718924961,-2.722322368
33.26399,38.13864,1.146544356,4152.31,0.94148,5.969766911,4.100877829,0.460370821,-2.498949095,-2.477712015
22.30855,24.60875,1.103108449,3409.51,0.84808,2.208259884,8.090808825,0.426803721,-3.243712321,-3.177400276
39.58014,45.012,1.137237008,5444.54,0.9638,10.93270567,5.488019825,0.859344825,-2.385312017,-2.324110937
28.2531,30.51938,1.080213499,3480,0.86282,2.42736774,8.527444015,0.469271701,-3.174641947,-3.137338865
22.00117,24.96879,1.134884645,3650.1,0.84646,2.051437407,9.373276012,0.486475438,-3.303297694,-3.245174072
30.82239,32.00222,1.038278342,3977.12,0.8757,2.931782572,7.520592421,0.433409797,-3.053778754,-2.96550424
23.19893,26.76478,1.15370752,3912.41,0.84726,2.374101929,11.15075804,0.67108643,-3.370638745,-3.346510911
26.97993,35.8382,1.328328131,4518.05,0.91836,4.375226298,5.586333376,0.485595639,-2.781151625,-2.744891459
25.03339,32.34365,1.292020378,3016.99,0.92044,3.128481746,5.102918245,0.283874685,-2.670365876,-2.774888082
6.63974,10.59641,1.59590737,1433.37,0.6704,0.564789931,12.55390499,0.341906241,-3.952379131,-3.924447636
31.56621,37.51561,1.188473688,4925.3,0.9505,7.260713467,5.702133468,0.602031299,-2.526891641,-2.537595382
36.27747,41.43917,1.142283902,5237.83,0.9619,9.565718945,2.556804269,0.611234746,-2.276095793,-2.304230767
28.97013,30.90377,1.06674599,3871.46,0.87336,2.723522093,11.25963717,0.595560395,-3.291683578,-3.243024429
38.12106,39.17734,1.027708568,3574.49,0.88794,3.01214097,7.069772089,0.421558044,-2.988697688,-2.946084972
22.68735,28.58339,1.259882269,4578.62,0.92702,4.698458716,6.897703299,0.528635082,-2.815800827,-2.808657853
30.95137,32.20691,1.040564925,4308.85,0.89634,3.534352229,6.633321469,0.480643941,-2.865348089,-2.867455247
23.7134,25.6133,1.080119257,2596.65,0.81706,1.644599387,9.42577679,0.368440634,-3.371832464,-3.386534577
40.48074,43.44092,1.07312564,4211.14,0.96232,8.245677172,4.714566543,0.589089792,-2.32520557,-2.331175087
12.52819,19.50964,1.557259269,5638.5,0.87484,3.12151887,5.942944699,0.489182093,-3.130472892,-3.109970202
33.37854,38.45696,1.152146259,4571.95,0.9507,6.884291476,3.792219659,0.507613716,-2.4332246,-2.456362942
3.98798,6.52728,1.636738399,335.972,0.50454,0.292451354,17.23807122,0.384788712,-4.296017478,-4.434484421
15.60914,20.43328,1.309058667,2517.55,0.8558,1.549180788,7.836863779,0.23575312,-3.196057797,-3.240252419
27.6885,30.04794,1.085213717,3549.2,0.86306,2.474901427,6.964944575,0.345503568,-3.146860726,-3.112895744
19.78627,25.16809,1.271997703,4674.14,0.9122,3.953830083,5.895009152,0.443866397,-2.852451428,-2.889110019
39.21324,45.01841,1.14804107,5784.56,0.96872,12.2981767,3.850956419,0.820536006,-2.24652395,-2.249714892
31.67753,33.89269,1.069928432,3603.94,0.87818,2.763136366,6.729492243,0.384181588,-3.055331324,-3.047997848
28.65969,30.98761,1.08122628,3448.95,0.86816,2.359438188,7.320841874,0.38244258,-3.093636027,-3.138445623
36.12601,37.96955,1.051030822,3857.37,0.88296,3.176549312,9.574994869,0.568521733,-3.176326017,-3.1140896
23.24702,24.56812,1.056828789,2608.45,0.81088,1.658085333,9.797926532,0.366697353,-3.427977692,-3.405234942
24.29533,26.33592,1.083991039,3771.56,0.84766,2.19596485,7.519977985,0.372199497,-3.240378284,-3.225433696
13.37154,15.7018,1.174270129,3678.48,0.84796,1.858628014,5.960903647,0.265430509,-3.148753326,-3.224587849
28.13501,33.88392,1.204332965,4482.18,0.94452,5.87461127,4.61334713,0.485279595,-2.559655675,-2.541738014
41.19107,46.10451,1.119284107,5680.68,0.97224,13.65310026,3.683167686,0.917221719,-2.130530526,-2.16895807
35.44807,43.32332,1.222163012,5513.56,0.96268,9.619104716,3.746241151,0.687269465,-2.31378748,-2.326128318
22.85203,24.02313,1.051247088,2200.36,0.8039,1.296073569,10.72409634,0.352012116,-3.480434862,-3.436740836
29.79386,35.23715,1.182698381,5091.92,0.94872,7.234626647,4.848463188,0.598049124,-2.469661817,-2.491829161
29.66803,31.64393,1.06660031,4054.58,0.87544,2.875574826,13.88189717,0.753903518,-3.499163744,-3.247168128
31.5827,34.24855,1.084408553,3447.66,0.87862,2.637310521,8.328548826,0.391335216,-3.083452862,-3.033692767
34.4615,36.08993,1.047253602,4567.57,0.94194,6.589942352,4.548811173,0.502685382,-2.456736083,-2.547637218
24.23006,25.85044,1.066874783,2248.21,0.82424,1.448805611,8.973685473,0.298853287,-3.348394241,-3.346981049
32.64442,37.72866,1.155746066,4794.3,0.94816,6.950810058,10.01602037,0.767467451,-2.64609438,-2.692152259
35.21564,39.27062,1.115147133,4724.64,0.94886,7.103787499,5.965279925,0.590254872,-2.506802009,-2.48294129
39.48376,45.44974,1.151099591,3896.52,0.95658,7.38620482,3.728858304,0.514044073,-2.287459849,-2.335690513
31.29878,33.78461,1.079422585,4172.59,0.89658,3.430795192,7.867997452,0.534796313,-3.00283485,-2.995031866
37.06746,38.37497,1.035273795,3404.32,0.88362,2.835114063,6.643569044,0.376675048,-2.970294369,-2.867107078
31.38358,33.15222,1.056355585,3417.3,0.89168,3.009951256,9.637602348,0.412857155,-3.040928004,-2.931806311
31.83496,33.65193,1.057074675,3633.82,0.87912,2.872190277,7.540974935,0.45206196,-3.053638983,-3.015896216
33.65523,37.01836,1.099928897,2949.87,0.93778,4.101377651,3.666604715,0.302634282,-2.494126007,-2.485797046
19.49177,21.66948,1.111724589,3029.62,0.8251,1.57151428,7.666129746,0.296772492,-3.268707579,-3.278765863
31.16971,35.38144,1.135122528,4303.75,0.89546,3.306134806,11.32359967,0.656211688,-3.140892063,-3.089250279
36.71407,40.79442,1.111138591,4911.8,0.95696,8.627012603,2.726585479,0.565567084,-2.302732901,-2.346246985
23.9425,26.48823,1.106326825,3141.63,0.84338,1.935298815,7.886932177,0.352318005,-3.272368421,-3.285560435
38.72483,43.20966,1.115812774,5634.99,0.96938,12.06352209,4.193148543,0.843400341,-2.228227932,-2.297871802
26.69527,28.10248,1.052713833,3933.18,0.8767,2.622055534,7.030043707,0.405177816,-3.152679391,-3.09448721
24.94685,27.63876,1.107905808,4035.44,0.867,2.654517732,7.340996526,0.444937467,-3.163221659,-3.112480448
8.78722,14.50671,1.650887311,4107.66,0.81122,1.642740993,7.654248351,0.433514517,-3.285537633,-3.294960938
23.69818,26.16896,1.104260327,3421.31,0.85032,2.101802668,6.966021304,0.335056543,-3.17646015,-3.1060335
39.13075,44.03852,1.125419779,5567.67,0.9706,12.4610032,4.424027618,0.875987152,-2.17798371,-2.265313782
38.14224,39.45324,1.034371343,4193.58,0.89828,3.429060051,9.349494044,0.580599691,-3.056482981,-2.982463482
21.01504,25.81976,1.228632446,6572.69,0.93172,6.075734752,4.303211817,0.587185013,-2.720309732,-2.737552628
17.03355,20.18979,1.18529549,6015.13,0.90356,4.169904839,5.93606465,0.595941799,-2.999849044,-2.990371023
12.30861,17.14799,1.393170309,5501.48,0.88306,3.156118988,5.227687388,0.424613488,-3.023246159,-3.115116131
16.59494,17.71892,1.067730284,3958.37,0.8108,1.987732347,10.85269969,0.739997898,-3.562677912,-3.517658762
13.29457,17.78376,1.337670944,5051.67,0.8734,2.577952514,5.80796619,0.407780879,-3.056736784,-3.053761236
6.51096,10.72143,1.646674223,848.769,0.5977,0.437615774,16.91625442,0.492248712,-4.215278321,-4.177836823
8.96965,11.08195,1.235494139,4304.61,0.79948,1.543090853,8.554408821,0.460555566,-3.355579483,-3.367050111
8.74924,13.6224,1.556980949,2990.03,0.76108,1.137424043,9.88475702,0.405781891,-3.540504148,-3.521566842
8.80902,12.4581,1.414243582,3393.03,0.73836,1.325284986,14.32756125,0.772318057,-3.724473165,-3.664292055
19.98928,23.95877,1.198580939,4210.41,0.88684,3.034172243,6.389260653,0.42600757,-3.02178574,-3.070465474
8.63075,11.44124,1.325636822,3748.32,0.74808,1.382517095,12.20904409,0.702957726,-3.613514335,-3.604711653
12.53223,15.50198,1.236968999,3417.78,0.80148,1.649403915,9.324451984,0.519191226,-3.387635959,-3.342084106
20.44958,22.48208,1.099390794,5661.88,0.91458,4.395751226,5.138258951,0.515989958,-2.891152414,-2.870714137
20.0553,25.50369,1.271668337,5812.69,0.92926,5.347428026,4.525516001,0.530667098,-2.742993994,-2.81742507
10.3308,16.89648,1.635544198,3578.94,0.8074,1.676770068,9.355362506,0.465607218,-3.445606551,-3.393513022
20.25274,24.50231,1.209826917,5741.32,0.92376,4.779634708,4.976809965,0.515757994,-2.84823147,-2.900739808
10.29462,21.35318,2.074207693,5056.37,0.8514,2.53257937,7.329433924,0.550439444,-3.185315793,-3.154107988
15.61752,19.29841,1.235689789,5885.01,0.89162,3.802866161,5.83005706,0.535207915,-3.031938957,-2.961171869
18.23565,24.35173,1.33539139,6246.35,0.9267,5.420312573,4.871539314,0.578252038,-2.80703035,-2.854064543
20.73262,23.3993,1.128622432,5686.16,0.89658,3.592787017,4.954817674,0.425004788,-2.956222082,-2.937490731
10.47742,13.046,1.245153864,4622.21,0.8451,2.098438648,6.402017591,0.373244681,-3.201977545,-3.241995334
16.36145,19.26908,1.177712244,3940.69,0.8783,2.403371232,6.534818471,0.372198735,-3.100812922,-3.152279778
5.52385,9.01053,1.631204685,2643.59,0.69804,0.879500251,12.37349426,0.737751094,-3.783599399,-3.816927143
24.85211,27.38776,1.102029566,5004.97,0.90002,3.649701339,6.2576483,0.517247108,-3.024120102,-2.994379193
20.70132,21.44594,1.035969687,3227.87,0.83224,2.162448683,10.6911364,0.537615393,-3.355880097,-3.226093458
21.81906,22.80877,1.045359883,4893.83,0.8702,2.721594801,7.68556626,0.568625707,-3.233810854,-3.201582625
9.16063,12.43277,1.357195957,5393.77,0.82224,1.960547744,7.734160577,0.575079905,-3.262179266,-3.290042497
22.99199,28.37229,1.234007583,6482.55,0.9436,7.150434967,3.848972747,0.612374256,-2.605247729,-2.645805474
10.86602,14.52597,1.336825259,3716.18,0.80848,1.634425471,10.45877554,0.576161348,-3.438437237,-3.43381836
11.8867,18.10771,1.52335888,5305.29,0.87636,2.864848431,6.794975419,0.51611257,-3.13152696,-3.091938177
17.84008,20.74149,1.16263436,4017.44,0.83638,2.395804092,8.94717763,0.59204866,-3.209787143,-3.183790292
20.27399,21.74581,1.072596465,3132.91,0.85066,1.686823439,7.502452177,0.344071828,-3.266215114,-3.277833037
17.20043,20.16907,1.172591034,4412.15,0.89238,2.869896606,6.484072751,0.437217312,-3.051686003,-3.062661122
22.2434,28.26668,1.270789538,5502.47,0.92162,5.241212232,4.516595889,0.520502327,-2.761235709,-2.826085645
19.13213,23.16302,1.210686944,4902.71,0.87918,3.20930691,6.726157777,0.530383378,-3.12710969,-3.118176607
8.88093,13.63271,1.535054324,3022.97,0.78598,1.218360194,7.870330941,0.282814372,-3.46177497,-3.364628994
20.58924,26.39008,1.281741337,6746.1,0.9331,6.473971595,4.400818999,0.631901106,-2.74089559,-2.700901489
10.80625,14.01954,1.297354772,2737.39,0.7809,1.127187905,10.04986624,0.364524571,-3.586270605,-3.583865866
15.3408,19.07566,1.243459272,4895.11,0.86742,2.916246419,7.000791647,0.521783818,-3.120231704,-3.125636841
16.37824,19.19758,1.172139375,5290.06,0.88476,3.350043922,6.364481508,0.497911085,-3.039764271,-3.036149255
12.3932,16.59947,1.339401446,5612.12,0.87434,2.911215809,6.154875874,0.473033218,-3.124588084,-3.123355739
26.11716,30.24144,1.157914567,6749.51,0.94486,7.540842305,3.728942822,0.637076097,-2.635540586,-2.644684308
18.45706,21.48293,1.163941061,5503.67,0.89672,3.567941367,4.971207562,0.437732833,-2.95696919,-2.995176366
21.79443,24.12692,1.107022299,4510.71,0.91118,3.557407003,4.835726958,0.387004611,-2.876575928,-2.932635873
7.89341,10.61114,1.344303666,3692.23,0.76622,1.273897423,9.155111503,0.445521223,-3.467320444,-3.505614743
24.96454,27.60145,1.10562622,5855.95,0.9268,5.10026635,4.124815566,0.499680405,-2.761986248,-2.706589456
9.47263,16.58254,1.750574022,4342.67,0.84186,1.933772218,6.288283743,0.335764777,-3.176811741,-3.21848579
20.90762,24.66172,1.179556544,5909.08,0.93792,5.726881392,3.658043229,0.48330984,-2.687288593,-2.723443575
8.82431,14.01116,1.587791,3636.54,0.80188,1.485460867,8.337647156,0.395792926,-3.383939654,-3.340133627
19.00155,23.33955,1.228297165,4766.4,0.87922,3.293193149,6.552656287,0.484125028,-3.07967363,-3.029262382
8.68369,11.65907,1.342640053,4944.96,0.80624,1.772602752,9.114345282,0.613494982,-3.347551355,-3.380107191
11.10246,15.35644,1.383156526,5076.57,0.84386,2.128454899,6.577729581,0.422315134,-3.207686282,-3.190261107
11.67768,14.04348,1.202591611,5446.03,0.8317,2.362871356,8.078073541,0.60085155,-3.311958349,-3.316911658
20.32761,24.73465,1.216800696,5451.19,0.89958,4.235151218,5.677204851,0.52966947,-2.962972098,-3.058137099
10.6982,15.12403,1.413698566,4763.18,0.83752,2.072725563,7.47993943,0.501760805,-3.249119467,-3.263445258
11.92958,19.20031,1.609470744,4571.3,0.84456,2.306790961,7.664523457,0.476804401,-3.251439865,-3.197859393
9.30752,10.98905,1.180663592,4534.43,0.82076,1.685726492,6.941512654,0.385114202,-3.182334912,-3.212498422
14.05074,17.64079,1.255506116,5484.56,0.87234,2.623681527,5.750001337,0.417314726,-3.066401965,-3.009321625
14.48778,21.32562,1.471972932,6124.97,0.90946,4.068207539,4.576406926,0.44687476,-2.886170593,-2.864533541
10.68538,15.66948,1.466441062,3908.8,0.80064,1.756721769,8.905898692,0.494493241,-3.426154877,-3.411748836
18.90421,23.63574,1.25028975,6069.97,0.91592,5.063772619,5.382449824,0.581979245,-2.889683434,-2.868750989
12.47082,15.33586,1.229739504,4746.05,0.83748,1.986065197,7.20369279,0.460929948,-3.17480476,-3.203327508
15.25055,17.25693,1.131561157,5058.79,0.86276,2.511732442,6.656683317,0.423515565,-3.105859432,-3.105219665
16.22087,20.37933,1.256364794,5909.24,0.90788,4.096044178,5.707604712,0.547270339,-2.942601209,-2.954857119
15.11992,18.14271,1.199921031,6054.5,0.88042,3.21289508,5.48941124,0.465857834,-3.024284333,-3.023246458
17.86469,19.80907,1.10883928,6262.72,0.91098,4.446602984,4.406716786,0.470604685,-2.914926764,-2.938467559
16.85662,20.27083,1.202544164,5900.65,0.8956,3.960203405,6.568826256,0.618852968,-3.06597356,-3.045560033
11.42473,15.07627,1.319617181,4680.48,0.84458,2.007611323,6.595413229,0.416137341,-3.130556011,-3.147800891
10.2182,12.91531,1.263951577,4589.75,0.83784,2.066719948,7.411629074,0.445759992,-3.24018131,-3.277500976
8.55869,12.85402,1.501867692,5092.58,0.81116,1.984265991,8.300230657,0.583027243,-3.381393069,-3.419709903
26.04217,28.19967,1.082846399,4915.15,0.8956,3.882619684,6.091012177,0.523191678,-2.960146693,-2.93937225
31.26144,34.58791,1.106408086,7796.73,0.9486,8.609313596,3.468546812,0.697252081,-2.6119274,-2.550171704
10.82186,12.89297,1.191382073,4753.52,0.81246,1.906744458,8.46842541,0.515690795,-3.363484549,-3.365173688
10.39869,14.3225,1.377336953,5060.88,0.84874,2.09677778,6.735438076,0.423148316,-3.195097278,-3.19789465
14.31862,20.6313,1.440872095,5471.45,0.89088,3.193610485,5.817643058,0.470203906,-2.985863657,-3.044739951
26.84589,28.96644,1.078989745,6480.35,0.93388,5.829062923,3.763763279,0.525582515,-2.704714631,-2.695308471
11.00904,14.11647,1.282261669,4592.15,0.82654,1.880560068,6.768348992,0.382862507,-3.217168675,-3.193016423
11.29465,14.04508,1.243516178,5562.51,0.87408,2.795928682,6.005872481,0.455907481,-3.111978416,-3.088698914
17.3473,20.08507,1.157821102,5776.21,0.89752,3.891938771,6.130673589,0.576724127,-3.035672487,-3.002872105
22.92027,26.4844,1.155501222,6257.47,0.94492,6.817948958,3.982746167,0.57930572,-2.635745446,-2.705723549
20.81038,26.76624,1.2861966,6583.59,0.92632,6.054379085,5.50917921,0.662940663,-2.846826857,-2.805113042
9.2436,13.35802,1.44511013,4245.08,0.8258,1.735274958,6.831005754,0.355078343,-3.193136746,-3.23466702
18.98454,22.16384,1.167467845,6922.48,0.92552,5.805363023,4.776668129,0.623173925,-2.858012681,-2.830180056
8.59858,12.33921,1.435028807,2802.74,0.73496,1.018397274,10.17920997,0.45770124,-3.528817198,-3.509222597
20.48459,27.40823,1.337992608,6548.84,0.93588,6.362764894,4.291294422,0.599611234,-2.726526298,-2.769573725
13.44426,16.30762,1.212980112,4259.47,0.8153,1.751702178,8.331170214,0.434627376,-3.385293112,-3.42607875
6.91923,14.25935,2.060829023,3279.8,0.71174,1.219292415,11.92917136,0.808557102,-3.660821503,-3.67884961
19.65678,25.65252,1.305021474,6381.24,0.9325,6.114473434,4.358859902,0.595196544,-2.742089792,-2.730566033
22.14446,24.58519,1.110218538,5918.59,0.91982,5.125916019,4.481893021,0.520910094,-2.814836541,-2.960292301
9.49631,13.8011,1.453311865,4126.22,0.8084,1.622280062,7.75795971,0.396896265,-3.354175609,-3.332242776
5.37841,8.5162,1.583404761,1989.53,0.6724,0.657398174,9.847402088,0.297428183,-3.667585519,-3.672174613
21.42141,25.65605,1.197682599,6227,0.92328,5.234636776,5.201413243,0.592856865,-2.815948134,-2.880310759
21.72513,25.07508,1.154197006,6891.12,0.92328,5.588388393,4.223509602,0.561322714,-2.809962232,-2.776742434
20.85796,24.90813,1.194178625,5388.5,0.90856,4.481006915,5.028314715,0.49699006,-2.871980806,-2.83983926
11.05166,15.55354,1.40734876,4746.12,0.84236,2.140082467,6.911701798,0.426713393,-3.22273084,-3.199726534
16.3004,18.29049,1.122088415,5671.12,0.8713,3.234884628,7.649938825,0.635896375,-3.2024589,-3.250009689
10.02544,14.90171,1.486389625,4002.95,0.80058,1.642296236,9.130936113,0.499027177,-3.430749358,-3.401346035
7.1604,9.70064,1.354762304,2997.17,0.7398,0.995894191,9.489594431,0.514509934,-3.374154678,-3.373024392
11.03067,15.07548,1.366687608,5198.9,0.8449,2.197324928,6.766045169,0.445040531,-3.2202325,-3.154023157
6.24572,8.85441,1.417676425,2417.3,0.68736,0.795709356,11.70717898,0.509983547,-3.645276516,-3.677823534
8.6935,12.90646,1.484610341,4163,0.80356,1.651933656,7.766333287,0.407943293,-3.3745278,-3.354104541
11.44044,14.99033,1.310293136,3755,0.80006,1.597713843,8.281806482,0.462887861,-3.286584975,-3.332132674
12.1058,20.37315,1.682924714,5240.81,0.87256,2.751218651,6.003268849,0.416327273,-3.099984896,-3.096640717
25.11728,28.62824,1.139782652,5319.76,0.9125,4.188181297,6.065667078,0.569512241,-2.917374732,-2.940166328
5.4691,12.18771,2.228467207,2359.97,0.678,0.985293263,13.02588303,0.673910497,-4.162513129,-4.173853141
20.97612,25.50685,1.215994664,6135.85,0.9368,6.128323215,4.567468324,0.590699758,-2.72446135,-2.807461545
22.41965,28.0857,1.252726961,6817.79,0.9468,8.022097201,3.723510165,0.680386444,-2.628842707,-2.619784404
23.25171,26.73724,1.149904244,6012.05,0.93196,6.197531521,4.463125525,0.575620975,-2.74781348,-2.727073828
15.83507,17.46831,1.103140687,3527.72,0.81522,2.055148838,9.139229112,0.478706674,-3.318509829,-3.315639461
11.92441,16.97215,1.42331151,4072.1,0.80422,1.74043079,9.368967275,0.606267371,-3.4165336,-3.421979223
9.71333,13.33321,1.37267137,4253,0.8442,1.7249764,5.294237267,0.262350621,-3.099486122,-3.10250702
14.85631,19.34069,1.30185019,5553.07,0.8865,3.339649723,5.930275344,0.484594501,-3.036043469,-3.019480966
23.40982,25.06837,1.070848473,4152,0.8919,3.009089007,6.988706755,0.502067993,-2.993360051,-3.032269423
14.25123,17.18601,1.205931699,5399.12,0.86362,2.98781859,6.918636524,0.533553468,-3.175253126,-3.206022977
12.69112,17.78721,1.401547696,4606.71,0.84368,2.400534919,7.916840723,0.526351128,-3.243221711,-3.222887365
16.0131,20.22409,1.262971567,5544.17,0.89728,3.810494488,5.549090078,0.505518651,-2.927010827,-2.990560638
15.86841,20.10175,1.266777831,5149.69,0.873,2.986351042,7.291864139,0.546190786,-3.216015801,-3.162334094
22.98435,26.90816,1.170716596,5167.11,0.90244,3.696873118,6.302679029,0.535379509,-3.02610646,-2.994238115
4.93745,8.77107,1.77643723,1850.72,0.65422,0.70128762,12.81256329,0.592898321,-4.014668749,-4.060927291
23.62472,26.9993,1.142841058,5999.97,0.9279,6.184309622,4.753904925,0.611672177,-2.775330218,-2.736869575
18.46236,19.75964,1.070266206,3813.7,0.84574,2.201593652,7.42044391,0.414789072,-3.224434371,-3.243851086
15.18749,21.26862,1.400403885,6016.54,0.91592,4.599308035,4.266745326,0.460601632,-2.830483796,-2.82505696
7.48498,13.22051,1.766271921,3178.19,0.7695,1.172519614,7.565363012,0.283974891,-3.395121331,-3.378972188
7.80133,10.19083,1.306293927,4182.81,0.7919,1.426024634,8.459858678,0.490862847,-3.319098762,-3.325782641
24.20888,29.1992,1.20613593,6062.9,0.93836,6.912412523,3.997597508,0.595358012,-2.674225966,-2.66470781
7.94566,11.11157,1.398445189,3186.53,0.74282,1.061747806,9.061584864,0.395036064,-3.44422634,-3.437199827
12.7292,17.50296,1.375024353,4355.11,0.88068,2.386498512,4.328509194,0.271034544,-2.955848855,-3.06849175
19.37878,21.72601,1.121123724,3883.45,0.87052,2.361616008,6.549875248,0.401709016,-3.044655258,-3.067559307
19.00834,20.84521,1.096634951,4416.08,0.861,2.282354563,7.994584051,0.513617241,-3.244844952,-3.277819626
9.43244,12.31049,1.305122535,5173.85,0.84576,2.24064939,6.711798401,0.464544979,-3.19549627,-3.153744425
17.75346,24.38508,1.37353958,6048.96,0.92046,5.171472234,5.517249651,0.604857787,-2.877159735,-2.913103846
17.30694,20.71539,1.196941227,4632.85,0.86236,2.599779925,6.764524272,0.463757973,-3.140266099,-3.145607409
19.63894,22.40044,1.140613495,4494.61,0.90722,3.321155057,5.459439255,0.411570596,-2.941859657,-2.917772819
14.76706,20.06075,1.358479616,6438,0.89944,3.98732129,4.993519099,0.492499114,-2.954308384,-3.027738737
19.77591,21.6421,1.094366833,4370.98,0.83822,2.429454183,9.016587307,0.670391399,-3.362279702,-3.267177181
11.39125,13.65896,1.199074728,3453.87,0.79598,1.395051299,8.184707932,0.358252493,-3.372950633,-3.357646912
16.60828,18.8637,1.135800938,5554.62,0.88192,3.486194288,6.761751728,0.554526637,-3.107356125,-3.116963839
22.18866,24.9065,1.122487793,6647.46,0.91192,4.9608321,4.82814733,0.549428929,-2.917241526,-2.954194066
21.13072,22.64021,1.071435805,4684.38,0.8635,2.951228682,6.791547555,0.507049804,-3.121027688,-3.122534228
24.20734,28.50592,1.177573414,6266.93,0.9355,7.02897244,4.372174078,0.625844181,-2.680014749,-2.657508728
25.50134,30.10236,1.180422676,6820.42,0.92696,6.087447627,4.729963938,0.618612812,-2.793171512,-2.786528827
22.92675,27.28733,1.190196168,6531.3,0.94252,6.966921684,4.185505424,0.625568579,-2.680397826,-2.727298572
11.5414,13.2156,1.145060391,3667.9,0.8131,1.570667481,7.919082406,0.385822976,-3.339404181,-3.309215286
8.9177,14.53863,1.630311627,3888.78,0.80968,1.512566738,7.586029235,0.381153208,-3.344390179,-3.332285478
22.06506,23.47009,1.063676691,5520.73,0.88084,3.287881898,6.620835618,0.549846079,-3.106772123,-3.092820382
20.37574,23.02357,1.129950127,6207.33,0.91712,4.833408873,5.123450598,0.547640116,-2.897053776,-2.901311725
16.12666,19.43528,1.205164616,3912.38,0.8572,1.99265887,7.889454984,0.40386362,-3.172552741,-3.186588596
19.73789,23.76765,1.204163667,6035.29,0.9133,4.543894127,5.324752892,0.562609573,-2.922199418,-2.854595076
13.10059,15.51473,1.184277197,5084.42,0.85578,2.159522764,6.124108795,0.383175601,-3.101792939,-3.12219803
17.19894,20.20025,1.174505522,5525.26,0.8991,3.720947557,5.948052803,0.522634704,-3.026442811,-3.023115077
24.09294,27.25744,1.131345531,5420.97,0.93394,5.854725769,3.726206379,0.482834314,-2.634819642,-2.637968211
21.61244,24.0193,1.111364566,5603.33,0.91332,4.386385358,4.992028814,0.480717857,-2.870081099,-2.939368779
6.00392,10.37236,1.727597969,2355.9,0.70364,0.784244667,9.193370255,0.274869905,-3.552332345,-3.583815817
14.01886,16.67374,1.189379165,5450.36,0.85646,2.464888449,7.010692028,0.483811328,-3.197012241,-3.223462905
19.27328,25.56787,1.326596718,6390.64,0.92862,5.836999975,4.737342761,0.609518029,-2.776525906,-2.82228238
20.03431,21.75429,1.085851721,4994.8,0.86084,2.568866475,8.681804523,0.637380534,-3.302975405,-3.326536459
12.84473,17.14444,1.334745067,6002.48,0.8661,2.744227016,6.749881718,0.546333128,-3.138198677,-3.036679729
10.5632,15.98446,1.513221372,3471.05,0.8058,1.549079165,8.706667114,0.396987073,-3.325417807,-3.349870477
9.46023,11.82165,1.249615496,4354.28,0.81176,1.708385772,8.480292749,0.532531692,-3.380043317,-3.35776636
10.83826,17.26891,1.593328634,3534.01,0.80844,1.668462177,8.820946604,0.442035143,-3.378986543,-3.378612757
9.64841,12.91961,1.339040319,4652.49,0.82774,1.818509365,6.915638183,0.404676777,-3.209043327,-3.161885876
8.40302,13.50578,1.607253107,3921.99,0.80614,1.506164674,8.624364348,0.351944303,-3.340894857,-3.311609295
18.91538,20.77335,1.098225359,3954.93,0.84194,2.062168272,7.431548285,0.42122996,-3.259343972,-3.20479248
21.05972,24.56187,1.166296133,4130.98,0.90096,3.243500112,5.400636833,0.379111087,-2.897555378,-2.842999768
20.54964,26.67345,1.298000841,6256.07,0.9293,6.004316026,4.963839148,0.617319244,-2.79273477,-2.75272542
5.53473,8.63628,1.560379639,2554.88,0.67716,0.857273073,12.36065095,0.799465996,-3.744365248,-3.72717283
20.86674,24.30639,1.164838878,6859.47,0.90232,4.677705316,5.606357477,0.598355096,-2.99554531,-3.019999037
10.51247,18.02428,1.714561849,5339.57,0.87588,2.713189581,5.286313995,0.383161006,-3.074326807,-3.041675863
17.47967,20.37965,1.165905878,5005.89,0.8986,3.550389373,5.776322819,0.477047034,-2.968625191,-2.986277536
17.62626,20.49289,1.162634047,5221.45,0.90122,3.647408786,5.500246284,0.45493107,-2.958693521,-2.948293721
20.22949,23.64726,1.168949885,6519.48,0.92604,5.582926388,4.996464225,0.62505215,-2.817813275,-2.88546263
7.05614,9.84356,1.395034679,2144.78,0.69802,0.765738884,11.63891087,0.317032799,-3.756473796,-3.671781732
18.46905,23.29286,1.261183439,4346.92,0.88134,2.411577674,4.448080084,0.276491292,-2.991418207,-2.995318029
11.8115,15.12558,1.28058079,4815.45,0.8485,2.179015706,6.392962733,0.384855969,-3.168859857,-3.202445463
9.75982,15.60764,1.599172936,4525.87,0.83518,1.981108802,6.933971753,0.387405495,-3.250759329,-3.289914447
16.59922,18.22341,1.097847369,4965.7,0.87152,2.936952177,7.362436718,0.522438927,-3.168563356,-3.199554893
6.5213,10.48752,1.608194685,1735.96,0.63652,0.707507008,17.33062444,1.198084397,-4.302346969,-4.239593203
7.99297,11.60238,1.45157307,4886.8,0.81154,1.710110967,8.111341185,0.507728683,-3.321099367,-3.339331877
21.90817,23.60354,1.077385286,5174.28,0.86992,3.195239757,7.32480766,0.602880315,-3.125072015,-3.077025345
19.30206,22.49817,1.165583881,4208.94,0.85554,2.486261541,7.749990377,0.458180823,-3.200719946,-3.242960598
4.42981,6.94884,1.568654186,1236.81,0.5983,0.494720392,12.99939587,0.496520112,-3.91624738,-3.963711443
16.78475,20.07178,1.195834314,5294.79,0.89708,3.464819957,6.042600208,0.497462794,-3.016200886,-2.98994371
28.56952,29.85587,1.045025258,5766.14,0.91244,4.157470269,5.762960678,0.547543662,-2.890531589,-2.822013431
9.604,11.62828,1.210774677,3109.09,0.80352,1.25233004,7.879397891,0.339867631,-3.345470393,-3.351829215
10.58741,13.31465,1.257592745,4885.73,0.8249,1.904922454,7.121190283,0.422255827,-3.243191983,-3.277349718
20.22013,22.77142,1.126175747,4742.9,0.86468,2.992469337,7.15799151,0.536040906,-3.161528299,-3.188622758
12.32229,16.59858,1.347036955,5274.24,0.86246,2.759086212,6.699246968,0.496576741,-3.193484611,-3.194200938
17.78385,20.97769,1.179592158,5752.59,0.9101,4.281473606,5.57004078,0.536380639,-2.923207276,-2.961243902
9.48703,12.4226,1.309429822,3575,0.78832,1.322733389,8.4375572,0.405490748,-3.380499761,-3.509481053
8.40065,10.65067,1.267838798,3119.22,0.73324,1.123345217,11.20681561,0.625376118,-3.616399376,-3.628894028
21.63901,25.93741,1.19864125,5862.86,0.92908,5.546348918,4.669041332,0.548223473,-2.797519434,-2.803151854
11.91872,15.3096,1.284500349,4438.25,0.86416,2.105027258,4.882819552,0.275337623,-3.054228834,-3.134713794
13.13181,22.50104,1.713475903,4679.08,0.8646,2.779161751,7.331909008,0.505635001,-3.183025363,-3.1640481
16.88391,20.06979,1.188693259,5620.64,0.8933,3.623641084,6.061533546,0.528867771,-3.003461524,-3.060107731
21.19413,22.03032,1.039453849,4682.8,0.86754,3.020440564,6.368960164,0.483867294,-3.080777318,-3.085330288
25.404,31.27302,1.231027397,6507.42,0.9331,6.226602695,4.237638969,0.573994764,-2.693578449,-2.715971745
18.17006,23.66056,1.302172915,6279.66,0.9311,5.719568529,4.256559848,0.559730111,-2.773313765,-2.817277921
9.9562,16.53924,1.661200056,5545.95,0.86088,2.53785947,5.739925343,0.403378419,-3.124574491,-3.115284683
11.71671,16.84633,1.437803786,4550.18,0.85778,2.243494681,6.876446028,0.397693113,-3.182486003,-3.152895754
28.00743,30.18619,1.077792214,6920.75,0.93572,6.34493982,3.704710332,0.555121199,-2.677617898,-2.649848772
20.70424,24.96769,1.205921589,3972.67,0.89816,3.066501874,5.304919362,0.359279354,-2.929888761,-2.940481955
19.71478,25.97381,1.317479069,6370.15,0.92522,5.822692402,4.817053569,0.59575656,-2.764478384,-2.795013962
13.42827,16.75604,1.247818222,5476.32,0.89578,3.354240074,5.933667457,0.480673376,-3.065464885,-3.011253148
11.52014,16.33183,1.417676348,4959.23,0.86404,2.494104199,5.773576748,0.375272969,-3.090474059,-3.089718829
20.0638,23.74438,1.183443814,6138.94,0.92546,5.246699057,4.698109112,0.554503185,-2.8308058,-2.861914189
11.13153,13.39867,1.203668319,4906.48,0.81838,1.951604557,8.042514662,0.508414786,-3.319576759,-3.308160348
20.99163,24.66959,1.175210786,6191.7,0.91998,4.939781678,4.180717054,0.494276634,-2.846005521,-2.740127935
17.40816,20.43231,1.173720255,5924.18,0.89552,3.93175452,6.658312509,0.619889079,-3.066577842,-3.099653711
22.73155,24.97533,1.098707743,5986.02,0.89616,3.750973154,5.197940694,0.483880355,-2.974538786,-2.967067536
18.34639,21.39008,1.165901303,5368.74,0.8994,3.667143713,5.707166797,0.474378388,-2.974411078,-2.912532118
19.71812,25.1878,1.277393585,5835.16,0.93112,5.682134401,5.035611993,0.587161587,-2.756829822,-2.782378542
12.77517,20.13494,1.576099574,4665.68,0.86276,2.612634983,7.340394768,0.498021334,-3.158951688,-3.180572405
12.16002,21.18589,1.742257825,5533.17,0.8769,2.969602969,5.978419821,0.455112222,-3.109486497,-3.078912846
19.41973,24.61019,1.26727766,5124.87,0.88654,3.766772321,6.668351523,0.564413496,-3.068110114,-3.067420397
21.52303,27.02935,1.255833867,5025.12,0.93388,4.912753231,4.716675963,0.500135509,-2.749439813,-2.788963927
13.47142,16.6863,1.238644478,5931.78,0.87148,3.218370429,6.304215194,0.500506176,-3.136492614,-3.192369927
7.59661,11.80613,1.554131382,3187.09,0.73814,1.234496461,11.56856929,0.629262363,-3.602744487,-3.584429081
10.73155,16.21646,1.511101379,4338.83,0.8231,1.972092176,8.596973723,0.517566736,-3.394316077,-3.361804358
22.79459,27.11689,1.189619554,6379.91,0.93296,6.861614498,4.939902955,0.666901646,-2.752451307,-2.740540932
13.76532,15.40232,1.118922045,4441.97,0.8084,1.988429524,8.47264884,0.552487525,-3.43857352,-3.457945971
17.15158,20.13356,1.173860367,4295.41,0.89578,2.908556047,6.288107895,0.426085175,-3.048887384,-3.01808448
9.67257,13.48791,1.394449459,4106.61,0.79,1.666234289,9.848648998,0.575568658,-3.486614186,-3.454939822
9.89338,12.95462,1.309423069,4279.89,0.80898,1.644468838,9.2244058,0.590353271,-3.391296303,-3.355924218
23.39559,26.2303,1.121164288,5948.97,0.92204,5.061898514,5.115260793,0.542930504,-2.854385792,-2.845436711
27.69453,44.17516,1.595086105,5568.41,0.91956,4.682530387,4.551643361,0.486357351,-2.804516907,-2.810537714
15.35387,18.23941,1.18793568,5824.85,0.87416,2.854083139,5.536785034,0.431105795,-3.047671728,-3.077464447
20.33568,22.40989,1.101998556,5335.48,0.86874,3.070045552,6.997489946,0.569719926,-3.148334127,-3.092838315
21.28222,25.43032,1.194909178,4762.01,0.9087,4.038720516,4.616631027,0.41674353,-2.870100492,-2.801297661
11.69887,15.3237,1.309844455,4321.03,0.79118,1.856859547,10.68501966,0.659045941,-3.605389326,-3.622048056
8.73051,14.60365,1.672714423,4117.28,0.812,1.62605859,7.435121224,0.404618585,-3.311500092,-3.258636408
9.31234,17.29159,1.856846936,4566.28,0.84108,2.1073731,7.493605,0.510891596,-3.241393635,-3.283134448
17.23849,23.69031,1.37426828,5694.75,0.89824,3.962712807,5.672503292,0.523903818,-2.979964793,-2.940963347
15.7729,18.49031,1.172283474,4832.13,0.85658,2.695402353,7.669955962,0.543805346,-3.21327205,-3.244057206
20.43989,21.95573,1.074160869,3911.38,0.85748,2.457159887,6.428993433,0.383439181,-3.115876005,-3.066464394
6.87046,11.2834,1.642306338,2500.95,0.73744,0.8760848,8.390843505,0.290363412,-3.500767851,-3.470297201
9.91572,13.9975,1.411647364,4362.42,0.81244,1.857421777,7.230801362,0.377525914,-3.281211044,-3.261206191
19.96789,24.04615,1.204240909,5469.39,0.9152,4.381337189,5.04973861,0.478925681,-2.844383,-3.00617295
17.94882,21.64325,1.205831358,5351.42,0.91226,4.128415041,5.367369852,0.510478638,-2.929214919,-2.906770309
17.41984,22.81908,1.309947738,5753.88,0.90988,4.396001527,5.942810989,0.578350605,-2.973027934,-2.942065167
7.87152,15.43807,1.96125653,4289.87,0.80632,1.674572385,8.164257611,0.486255848,-3.342489386,-3.341220337
21.54721,24.58361,1.140918476,5861.92,0.92278,5.116833572,4.161022836,0.49280824,-2.775089605,-2.799869058
20.45374,24.71124,1.208152641,5085.65,0.8897,3.688395463,6.12576754,0.495942637,-3.001879798,-2.982120914
18.95379,23.17611,1.222769166,5078.31,0.88924,3.674272162,5.920780691,0.50611107,-3.000603246,-2.953215604
27.01514,28.94676,1.071501388,6062.49,0.90958,4.137520072,6.175665737,0.595217202,-2.915379706,-2.994752603
17.20635,19.81541,1.151633554,5774.66,0.89762,3.928744939,6.593183665,0.592502957,-3.032159473,-3.070295882
8.08496,11.68739,1.445571778,3185.51,0.7955,1.168117942,6.179128984,0.23854128,-3.186645736,-3.165741069
21.3203,24.62432,1.154970615,5754.34,0.9125,4.937877443,5.355085247,0.560168247,-2.888029887,-2.990437124
8.22331,13.14374,1.598351515,3776.83,0.79044,1.322361058,7.990125946,0.370696519,-3.365418697,-3.365488717
9.16824,14.49366,1.580855213,5266.83,0.8411,2.299331332,6.847073636,0.496027607,-3.199837007,-3.242097962
17.84084,20.22571,1.13367476,5786.95,0.87342,2.900080021,6.530301556,0.52479911,-3.128160059,-3.177474642
19.43958,23.35068,1.201192618,4524.92,0.87266,3.033608655,7.691581161,0.554795213,-3.149571934,-3.132554569
4.13631,11.15937,2.697904654,890.159,0.5794,0.464754388,13.73275314,0.364858374,-4.579256888,-4.457037681
6.41673,10.21831,1.592448178,4293.48,0.77294,1.275716429,9.238810234,0.58139308,-3.380164493,-3.407040153
12.27892,20.76595,1.69118701,5304.28,0.86874,2.756119846,5.737723744,0.398485996,-3.095111215,-3.112933741
15.73017,18.38588,1.168829072,4383.64,0.87284,2.594872923,7.337714389,0.467716671,-3.184128661,-3.157569724
15.77602,20.64014,1.308323646,6437.08,0.90456,4.184794175,5.21858311,0.522476081,-2.945133669,-2.925436161
8.16141,11.57636,1.418426473,3527.51,0.78054,1.266898554,7.644545988,0.337517803,-3.323387403,-3.298325992
20.34871,23.29977,1.145024427,4653.34,0.883,2.998587302,5.823172722,0.406714002,-3.006369521,-3.026566894
11.22883,15.12819,1.34726325,3570.62,0.80082,1.531889985,8.061372148,0.408032089,-3.339555006,-3.227175441
7.94102,11.14573,1.403564026,2670.75,0.7044,0.969187968,14.04660524,0.997294534,-3.872107971,-3.890449678
20.41436,22.97788,1.125574351,4618.66,0.8557,2.719106194,8.668322633,0.59568652,-3.288126564,-3.2899984
26.50098,32.09668,1.211150682,6957.9,0.94392,7.710189912,3.669807164,0.643850017,-2.640927767,-2.603279958
20.9216,26.86533,1.284095385,6404.19,0.93582,6.363525092,4.517491355,0.622526778,-2.722838522,-2.615346587
15.93331,28.55077,1.791891955,6186.72,0.91292,4.610613927,4.279220566,0.478513808,-2.880850958,-2.906338206
21.23832,27.05437,1.27384699,6408.65,0.93088,6.128484338,4.926771798,0.630923939,-2.733105905,-2.822872444
21.97539,24.83169,1.129977215,4642.88,0.88988,3.040048647,6.880936196,0.525717581,-3.072883014,-3.048847756
24.71646,27.66213,1.119178475,7068.28,0.91994,5.218215027,4.63219117,0.578131954,-2.86273687,-2.871012842
16.02552,19.72071,1.230581597,3619.78,0.84012,2.057750857,7.354000111,0.378656077,-3.231611809,-3.229124655
18.04624,20.20806,1.119793375,2979.18,0.81762,1.878264945,12.38531332,0.614465299,-3.563842566,-3.44808103
11.74166,15.44254,1.31519223,4808.7,0.8442,1.995980612,6.646980196,0.419520722,-3.132154004,-3.158290235
20.80204,23.98052,1.152796553,4267.65,0.89938,3.239421401,5.596571754,0.402821851,-2.948289051,-2.958839077
17.07007,20.05998,1.175155111,3813.8,0.90186,2.705834348,5.690458727,0.343523276,-2.987773819,-3.006864219
8.62496,13.49869,1.565072766,5181.72,0.8273,2.082740668,7.14797062,0.471804267,-3.238743638,-3.180388468
20.45622,26.32503,1.286896113,6031.92,0.93334,5.845028526,4.940034979,0.608021611,-2.732180244,-2.749073694
10.9095,17.62883,1.615915487,5985.84,0.88006,3.028694928,5.546655846,0.447097788,-3.039463691,-3.074170074
21.2674,22.82572,1.073272708,2300.61,0.83972,1.500161678,7.308654463,0.252664938,-3.162370801,-3.275016154
21.18405,24.54497,1.158653326,5462.81,0.91136,4.391969389,4.809956144,0.469258795,-2.853888207,-2.824546093
18.42709,30.83975,1.673609344,4183.88,0.8577,2.346436573,7.438563481,0.458357935,-3.2570097,-3.267919953
20.11627,25.47401,1.26633864,5920.79,0.92284,5.322736003,5.019116279,0.562664898,-2.789410999,-2.802245254
5.05932,10.79118,2.132930908,2225.18,0.69272,0.797216784,11.01202513,0.435337676,-3.850774236,-3.861501068
15.96457,19.61475,1.22864255,4334.16,0.88114,2.724065973,6.684461965,0.429962497,-3.142365796,-3.129069491
23.59401,27.07465,1.147522189,6211.41,0.94608,6.931090565,3.745271056,0.58047703,-2.594928084,-2.637405463
25.0306,28.2361,1.128063251,5571.97,0.90108,4.052766746,5.966456898,0.555848825,-2.990487792,-2.966478031
15.79416,18.49933,1.171276598,4810.95,0.86352,2.841442307,8.170594964,0.52944725,-3.184451899,-3.273900447
9.90367,14.54657,1.468806008,4163.53,0.8435,1.919453496,7.130477339,0.419401917,-3.246127818,-3.216399668
19.75213,22.87103,1.157901958,4671.06,0.85718,2.81159696,7.364029982,0.530455651,-3.190269501,-3.230526369
15.00967,22.32491,1.487368476,5119.31,0.87184,3.015526586,6.827041822,0.50914008,-3.163181247,-3.059521016
16.78859,20.93926,1.247231602,5523.05,0.90402,3.854997314,5.445191069,0.498403421,-2.932137251,-2.964437078
11.84001,17.46259,1.474879666,4128.19,0.83246,2.077685459,7.907231946,0.49684443,-3.250495509,-3.220722963
9.86494,14.23152,1.442636245,4148.43,0.8103,1.666306795,8.081441643,0.448403132,-3.342598846,-3.311815018
11.24139,16.81715,1.496002719,4163.41,0.82344,1.874539014,8.725965979,0.528358445,-3.305969666,-3.321746101
24.79258,26.16031,1.055166909,5046.76,0.88712,3.511580314,6.747140693,0.524176074,-3.072749812,-3.034072975
14.93169,18.51568,1.240025744,4710.65,0.85816,2.731514785,7.839555872,0.559990386,-3.235062568,-3.294247187
8.9786,16.87982,1.880005792,4102.25,0.82478,1.738509078,7.340963716,0.35755936,-3.323674339,-3.316368898
6.33847,10.1987,1.609016056,2351.15,0.67978,0.878080412,13.44432706,0.787233806,-3.854063216,-3.862704752
8.18838,12.0265,1.468727636,4119.26,0.79978,1.578939056,7.95640103,0.418464556,-3.322557211,-3.359747129
12.97088,15.87648,1.224009474,5791.33,0.85034,2.478258335,7.063908255,0.550165488,-3.197853436,-3.23977756
5.12616,9.91815,1.934810853,2242.57,0.69374,0.762977122,9.991720293,0.434557428,-3.499913136,-3.541525876
11.70649,14.58199,1.245632978,4918.27,0.79802,1.933511173,10.17889291,0.791055264,-3.594344999,-3.53581098
20.52157,23.32172,1.136449112,4794.43,0.87628,3.12884509,6.752981917,0.524336893,-3.076225117,-3.117920289
10.82786,13.58842,1.254949732,4627.63,0.84738,2.150683367,6.804899355,0.405185611,-3.240499982,-3.226080789
18.77781,20.853,1.110512887,4295.69,0.83674,2.323232323,10.06631107,0.681648577,-3.33878086,-3.313045459
16.83949,20.83233,1.237111694,5464.15,0.89972,3.874029038,5.258931223,0.4766109,-2.967816373,-2.920085434
6.482,8.74998,1.349888923,2589.91,0.67968,0.941771142,13.11432211,0.858775849,-3.866447042,-3.86482454
21.0434,22.83382,1.085082259,4430.24,0.86214,2.735215736,7.26359084,0.477346637,-3.201740399,-3.177028476
19.73574,22.07268,1.118411572,5899.59,0.92002,4.635491981,5.250683351,0.541508531,-2.859688951,-2.812743443
5.16302,9.78202,1.894631437,1997.05,0.65876,0.744360741,13.19162901,0.691517804,-4.031858267,-4.081800289
16.90835,21.7222,1.284702529,6297.4,0.89124,3.983231135,5.983554083,0.57439326,-3.070309589,-3.059147807
17.75945,20.72426,1.16694267,5909.15,0.90686,4.351994932,5.579592277,0.564662852,-2.955297179,-3.009411805
12.36403,15.53535,1.256495657,5335.05,0.88596,2.957666076,5.359613377,0.41718258,-2.974480512,-3.088876607
21.9455,22.78232,1.038131735,4785.42,0.85526,2.933614143,8.343732743,0.652474191,-3.30282994,-3.290826693
22.2392,27.31706,1.228329256,6281.9,0.93126,5.923857384,4.428130011,0.579132259,-2.788282764,-2.802352979
16.4057,19.1911,1.169782454,5377.71,0.88334,3.373599808,6.29485628,0.512181231,-3.045705821,-3.134764348
11.93922,17.31657,1.450393744,5265.58,0.8677,2.652000232,6.697124646,0.499073024,-3.119154965,-3.103884626
21.48586,23.70808,1.103427091,5696.07,0.88758,3.343290104,5.803163085,0.472675948,-3.046923054,-3.006203208
11.67666,13.50706,1.156757155,3445.66,0.78272,1.444178138,9.144966492,0.396190122,-3.469406899,-3.440268064
11.55391,13.92176,1.20493928,5673.59,0.87462,2.814780963,6.065633555,0.465318341,-3.085680593,-3.115540413
8.88533,11.47589,1.291554731,3653.23,0.7819,1.40852682,8.874551258,0.514776595,-3.326173577,-3.355331787
12.05579,16.38225,1.358869887,5057.48,0.8723,2.607718224,6.541205041,0.449732926,-3.133212551,-3.129481241
17.36039,29.39611,1.693286268,3163.79,0.83466,1.713159758,7.587246707,0.319043017,-3.312988058,-3.28921934
20.89817,24.21133,1.158538283,5743.03,0.926,5.048880359,4.825360107,0.540213192,-2.769411192,-2.854291628
9.64579,13.06033,1.353992778,3603.84,0.8028,1.500224249,7.742851594,0.378111207,-3.287291169,-3.275151938
12.40067,20.68184,1.667800208,5532.88,0.87198,2.974467432,6.299259009,0.493055966,-3.165057967,-3.141712482
4.77462,9.33011,1.954105248,1751.34,0.64772,0.657905028,12.46639282,0.524487786,-3.904039994,-3.903312048
7.73137,9.56658,1.237371902,2958.72,0.76006,0.978293887,7.625256002,0.29561387,-3.258363157,-3.276837644
4.69966,9.04593,1.924805199,1669.88,0.62564,0.700647856,14.43567859,0.889693213,-4.23820189,-4.27839861
8.18429,11.53039,1.408844261,2987.37,0.76784,1.035060546,8.808220204,0.335094016,-3.415214993,-3.429496719
4.53279,8.27382,1.825326124,1756.07,0.64396,0.696092452,14.20562395,0.730747914,-4.241529049,-4.231596997
20.30851,23.99104,1.181329403,5559.18,0.89202,4.009312904,6.46562923,0.573127622,-3.004562954,-3.002744708
10.96709,16.55535,1.509548112,4074.85,0.8234,1.879355167,8.38376504,0.500823076,-3.359106706,-3.292601647
21.5572,26.9761,1.251373091,6591.01,0.92124,5.575703288,5.111355683,0.623241066,-2.862999722,-2.853834294
21.1316,27.40237,1.296748471,6386.62,0.93618,6.381725598,4.715807964,0.647011913,-2.713118754,-2.733831832
22.79219,25.52997,1.120119216,5301.9,0.91966,4.879221158,4.623453023,0.483745181,-2.798212175,-2.859312845
10.77626,15.96697,1.481680101,4774.87,0.83282,2.085485838,8.132075247,0.518626881,-3.268503138,-3.276231772
5.99793,10.39096,1.732424353,2787.83,0.71604,0.970295178,9.491373467,0.372886968,-3.617333031,-3.610174606
19.87379,24.47626,1.231584917,5441.34,0.91534,4.295999399,5.16127775,0.478369654,-2.84427954,-2.814127599
21.69207,25.34123,1.168225531,5522.18,0.92888,4.971765927,4.694307323,0.504387261,-2.74757304,-2.803303343
16.2917,19.68339,1.208185149,5593.73,0.88626,3.514352672,6.427434629,0.542919066,-3.090722475,-3.078900104
21.85569,24.03449,1.099690287,6641.12,0.91712,4.903205111,4.388472505,0.522519332,-2.867290174,-2.842953513
17.51037,22.98382,1.312583343,5523.33,0.91546,4.426082878,5.335742248,0.5207268,-2.92556364,-2.872990073
17.94407,20.4016,1.136954994,4659.5,0.89686,3.326311261,5.883018256,0.443606602,-2.991966651,-2.937044176
17.04313,19.38216,1.137241809,3213.97,0.83066,1.689968343,8.330210805,0.464306578,-3.233326414,-3.186217844
22.26413,28.04034,1.259440185,6519.75,0.9366,6.711284359,5.201437069,0.700924704,-2.743869933,-2.710712892
17.50476,19.58193,1.118663152,5765.97,0.88634,3.612038226,6.872875524,0.609182948,-3.107203748,-3.098840844
9.44086,13.01994,1.379105293,2782.33,0.74954,1.267585864,10.41378054,0.473509905,-3.782778323,-3.75061731
20.43359,26.49825,1.296798556,6379.31,0.92428,5.674084533,5.88006337,0.681666631,-2.823414454,-2.828005516
18.15035,20.11225,1.10809158,3408.97,0.83002,2.011194572,7.220524576,0.362267735,-3.232017009,-3.214022035
16.22479,20.39932,1.257293315,6224.88,0.91648,4.786496198,5.032574051,0.576485717,-2.862504573,-2.957355387
14.43494,19.71845,1.366022304,4502.58,0.84028,2.13232234,8.175910534,0.559023647,-3.249184707,-3.20707116
20.16294,22.24101,1.103063839,5424.45,0.8811,3.095706556,5.773934335,0.441415386,-3.056559115,-3.069720134
30.96836,34.0533,1.099615866,7320.19,0.93934,7.165775401,3.791738111,0.643599034,-2.672603718,-2.688614398
14.50923,17.59427,1.212626032,5719.3,0.87076,2.764773867,6.102322582,0.469357965,-3.081196222,-3.034532182
14.59656,17.99633,1.232915838,5504.25,0.87518,2.679136118,5.632197126,0.405217252,-3.053478275,-3.079470242
12.25896,15.0372,1.226629339,3088.14,0.77072,1.158143232,8.995432103,0.426789315,-3.518872239,-3.465704541
22.56319,24.79485,1.098907114,6291.93,0.91912,4.764550978,4.005638484,0.466965209,-2.832431357,-2.929088967
8.64999,10.56394,1.221266152,2545.32,0.69576,1.057329777,13.30287283,0.692948376,-4.04850632,-4.039639047
24.7027,26.03941,1.054111899,4776.81,0.88862,3.19775162,6.887009276,0.511658281,-3.068040845,-3.104197773
7.73859,11.86784,1.533592037,2666.78,0.76834,0.935051216,9.120497824,0.341141341,-3.447050846,-3.479101096
23.96689,27.60067,1.151616668,4951.84,0.89856,3.456624851,5.913734143,0.48883954,-2.955852634,-3.090188475
17.21239,20.40666,1.18557969,5360.31,0.87058,2.9923831,7.781857299,0.572644728,-3.202130926,-3.222257073
12.01888,14.02896,1.167243537,3184.06,0.77544,1.39171511,9.082423124,0.41154481,-3.505095227,-3.489789859
21.38414,27.14492,1.269394982,6362.76,0.93018,5.685036579,4.701176286,0.592230616,-2.791227672,-2.836442927
19.12258,21.67977,1.133726202,4521.58,0.88202,2.829154384,7.11863137,0.536385137,-3.055263883,-3.100010524
19.90087,21.90669,1.100790568,6099.86,0.91894,4.768833973,5.249305224,0.57012276,-2.898578926,-2.966283777
17.38453,20.94579,1.204852245,5123.16,0.90112,3.505089677,5.661342416,0.460433121,-2.981406415,-2.924279617
8.08912,10.87821,1.344795231,3263.16,0.74306,1.19036062,11.59753381,0.623585712,-3.608974866,-3.549732915
11.75388,13.8858,1.181380106,2842.22,0.79586,1.183707769,8.809079472,0.321481407,-3.44991099,-3.495999719
9.23952,11.77333,1.274236108,4104.01,0.7902,1.529471653,9.142255174,0.591767995,-3.295166129,-3.349257237
5.59071,9.03181,1.615503219,1345.35,0.65924,0.460189593,10.49880991,0.239868702,-3.813427894,-3.810354986
23.29218,26.91348,1.155472781,6533.88,0.93636,6.537594169,4.180973488,0.613296254,-2.691915653,-2.710032323
19.96465,22.77028,1.140529887,5717.79,0.90118,3.995105754,5.880023976,0.569191734,-2.991279002,-2.98383675
11.15724,14.42884,1.29322664,5088.03,0.873,2.629819076,6.034857436,0.442277227,-3.071906811,-3.082251634
17.27512,19.64427,1.137142318,3515.37,0.88532,2.245426439,6.863279508,0.348357106,-3.10583374,-3.087327616
11.35508,22.37544,1.970522445,3627.3,0.83554,1.811590589,7.861895099,0.416720512,-3.318053203,-3.264190717
19.5522,22.97411,1.175014065,6109.8,0.91242,4.678501108,5.456325914,0.567121923,-2.939995145,-2.909947208
17.40192,23.192,1.332726504,5999.72,0.91726,4.81008941,5.230479374,0.564467156,-2.843284943,-2.919653926
8.92064,12.81346,1.436383488,3669.05,0.80054,1.413559962,7.601721292,0.363257132,-3.319632976,-3.31868016
24.01614,26.19947,1.090910946,5824.12,0.9319,6.161403787,4.155129195,0.547858102,-2.668333472,-2.73285092
24.0579,26.68053,1.109013256,6826,0.92342,5.390030353,4.369357218,0.558541339,-2.78666255,-2.902138284
18.41292,21.39458,1.161933034,6118.09,0.91146,4.458695939,6.065028082,0.607523284,-2.970545721,-2.979597109
10.78071,18.86968,1.750318857,5155.18,0.83916,2.444563558,7.361543297,0.535004804,-3.228669578,-3.270746561
9.63061,14.27301,1.482046309,4539.5,0.84108,2.09540798,7.226430656,0.478860801,-3.17055119,-3.1965539
8.31051,12.11819,1.458176454,2974.92,0.74628,1.195038448,9.903771168,0.441553084,-3.603512339,-3.594339831
9.63039,15.22767,1.581210107,5252.6,0.84018,2.299034886,6.759876295,0.478916051,-3.198566764,-3.21549966
25.27434,27.96352,1.106399613,5356.01,0.90546,4.386876096,7.696620197,0.613968044,-2.96063518,-2.924775418
28.53461,32.00528,1.121630189,6766.01,0.95692,9.258306082,3.546982838,0.711109152,-2.456398096,-2.481072719
9.3251,10.58683,1.135304715,2895.04,0.71594,1.10441448,10.39685678,0.4983047,-3.521728984,-3.509003872
11.64882,13.32474,1.143870366,3042.74,0.8293,1.399905806,7.022391439,0.28604887,-3.227217165,-3.221250567
19.97679,21.60057,1.081283329,6104.42,0.90662,4.479790493,5.627192467,0.572384773,-2.952791113,-2.913432437
11.71839,16.99633,1.45039805,4115.77,0.83664,1.902401423,7.341148023,0.398196137,-3.265105953,-3.237607052
9.81088,13.31775,1.357447038,3002.93,0.77934,1.257628814,8.031750732,0.32291885,-3.396514853,-3.333986547
12.04906,15.80417,1.311651697,4871.77,0.8418,1.998988395,7.027729362,0.446165004,-3.189824966,-3.173595486
11.18882,14.15611,1.265201335,5497.23,0.84582,2.331360718,7.223891488,0.522647788,-3.230961103,-3.219832847
10.9365,14.78744,1.352118137,3541.34,0.80602,1.59999206,9.134666322,0.468625007,-3.415076317,-3.414897172
10.66698,15.00859,1.407013981,4420.81,0.82792,1.821473908,6.508670859,0.347331096,-3.237393354,-3.205597049
9.04421,12.47724,1.379583181,4570.22,0.81574,1.774030442,7.69633188,0.466923701,-3.284480982,-3.25710071
20.18712,24.09754,1.193708662,6328.57,0.92814,5.529942385,4.713279129,0.581825001,-2.781884859,-2.828712614
15.65408,19.71662,1.259519563,6687.32,0.90766,4.344055556,4.85457734,0.520019857,-2.929879901,-2.916672156
5.51702,10.84525,1.965780439,2371.14,0.69264,0.793442052,10.18461518,0.386890284,-3.727423069,-3.718022255
12.0635,15.30968,1.26909106,4677.72,0.86014,2.462418446,6.828769341,0.435723572,-3.227048398,-3.116052449
21.763,24.84278,1.141514497,4852.77,0.89114,3.296684596,6.353649091,0.538787828,-3.003677456,-3.048587138
19.97149,23.67476,1.185427827,6420.11,0.9132,5.002026664,5.493892055,0.614588653,-2.907404488,-2.895365529
17.31141,20.29006,1.172062819,4225.74,0.90256,3.025232617,5.595261575,0.391071706,-2.988889165,-2.982253686
12.66944,17.75121,1.401104548,4961.27,0.87444,2.733214349,5.819289481,0.394026444,-3.090500244,-3.045009889
5.75269,8.35583,1.452508305,2214.92,0.6706,0.741856012,11.9886195,0.604775361,-3.739210609,-3.779359128
18.55098,20.21402,1.089647016,3244.64,0.84344,1.857633689,8.1786078,0.392260456,-3.270623447,-3.308112488
11.03687,16.4941,1.494454497,4955.29,0.8518,2.232923431,6.08364804,0.367150968,-3.141671928,-3.093490738
21.89178,24.94467,1.139453713,4889.4,0.89064,3.4409433,5.966766861,0.460170613,-2.999987079,-2.976161252
13.35787,16.89525,1.264816172,5045.2,0.84522,2.258913705,7.343599381,0.491948912,-3.190964138,-3.216820679
25.52137,29.30106,1.148099024,6816.97,0.95122,8.388331364,4.237937612,0.734662886,-2.596819841,-2.703917127
13.16103,17.66918,1.34253778,4798.18,0.8522,2.316308475,6.678349256,0.467572322,-3.183778529,-3.176198567
21.12042,26.90792,1.274023907,6205.96,0.93132,5.821732417,4.337556161,0.561287989,-2.757997915,-2.854590434
19.91243,22.15277,1.112509623,5425.29,0.87014,3.049206983,7.222853011,0.582866645,-3.175461925,-3.075441341
29.79071,32.07165,1.07656548,5121.49,0.91336,4.725408331,5.249559631,0.545938983,-2.841262676,-2.843105289
14.6908,20.94384,1.42564326,5936.85,0.91174,4.238581158,4.399931387,0.446428177,-2.898106649,-2.888129207
21.87557,24.65028,1.126840581,6039.32,0.92478,5.289595607,4.719336236,0.563710195,-2.791276905,-2.798428432
26.18409,30.37077,1.159894043,4900.03,0.91292,4.003104541,5.692412356,0.499183096,-2.846571278,-2.873392831
20.75565,25.98542,1.2519685,6714.48,0.92206,5.772941567,6.209423988,0.706684719,-2.877607123,-2.877522501
25.25533,31.88815,1.262630502,6738.33,0.93118,6.443394203,4.373315457,0.608669542,-2.727228366,-2.773675874
12.7185,18.32348,1.440695051,4552.51,0.86046,2.298826622,6.11632327,0.379350221,-3.194479925,-3.189460273
15.91872,18.60448,1.168717083,5178.44,0.8906,3.226051836,6.070591742,0.45220854,-3.0481661,-3.061255815
17.26153,19.72422,1.142669277,4105.58,0.89258,2.709780444,5.984688764,0.373513943,-3.017268907,-3.027179794
6.20399,11.0234,1.77682427,2296.61,0.72278,0.766719141,9.562379226,0.34351359,-3.591763044,-3.520007416
22.72428,25.09154,1.104173158,5714.21,0.91814,5.231954504,4.880055338,0.549528513,-2.806714636,-2.841148802
17.55474,20.1881,1.150008488,4352.81,0.85642,2.45443186,6.966975163,0.446290975,-3.21349249,-3.177017516
29.43875,30.93321,1.050765063,7050.56,0.95466,9.450488532,3.716884401,0.760569738,-2.521975195,-2.502710963
11.87666,17.24342,1.451874517,4847.34,0.8529,2.325670174,6.678243259,0.469611031,-3.159314723,-3.17706829
22.4642,26.5482,1.181800376,6433.54,0.92318,5.629077694,5.456340975,0.669956602,-2.806429023,-2.899477568
17.80808,20.48051,1.150068396,5053.74,0.89616,3.568794552,6.126453594,0.499735597,-3.017177815,-2.95997222
16.07974,18.93723,1.177707475,5403.91,0.88552,3.510416047,6.533680857,0.543223965,-3.084102586,-3.075589475
24.10901,30.1163,1.24917199,6449.21,0.94218,7.603376481,3.918282217,0.638813613,-2.615773942,-2.611724933
17.18944,18.41369,1.071221052,3769.47,0.82846,2.113623259,11.36700446,0.596808271,-3.438134945,-3.390996215
23.90156,28.06624,1.17424302,6315.92,0.9257,5.563134394,4.462617554,0.540893981,-2.75583312,-2.794356834
14.62913,17.46142,1.193606182,6103.82,0.86284,2.889473067,7.385516942,0.605811321,-3.228714851,-3.198355876
20.3406,21.56051,1.05997414,3777.46,0.87076,2.428417245,6.469689271,0.417580965,-3.041789329,-3.040530866
8.38931,16.72769,1.993929179,3006.43,0.78892,1.290977135,9.152490484,0.451919035,-3.478104822,-3.524243298
16.86643,21.39293,1.268373331,5847.43,0.89246,3.789848272,6.403666464,0.599743631,-3.074392203,-3.036900027
16.98817,17.97533,1.058108672,2725.96,0.82152,1.416699576,8.8661104,0.427066373,-3.365533995,-3.329147489
11.57288,14.97532,1.294001148,5362.32,0.87764,2.851118987,6.078516116,0.459654993,-3.079994343,-3.023865946
16.20945,20.70016,1.277042713,6044.94,0.89482,4.005066645,5.741718876,0.553696843,-3.000504198,-2.993896894
10.1707,15.32345,1.506626879,3232.67,0.78826,1.448035785,9.089038644,0.397391409,-3.431272194,-3.449062487
7.91731,9.91536,1.252364755,4016.41,0.77426,1.35269566,9.189949899,0.573915423,-3.440208009,-3.461382252
21.00788,24.57751,1.169918621,5541.74,0.90026,4.29523605,5.626766677,0.543257652,-2.954866032,-2.974200229
7.58144,10.44534,1.377751456,4351.14,0.78928,1.440604803,8.026300003,0.448821232,-3.329093381,-3.372307273
6.68889,9.34736,1.397445615,3937.62,0.76318,1.20500266,9.459537408,0.570898469,-3.387200391,-3.3929743
11.45667,15.15172,1.32252391,5335.88,0.84872,2.230925732,6.686935677,0.449575132,-3.167661982,-3.251118414
11.19817,13.7953,1.231924502,4195.13,0.8349,1.908238177,7.262483579,0.417377133,-3.200751613,-3.238422475
8.87355,15.12905,1.704960247,3978.11,0.80998,1.687194709,7.461126539,0.393247999,-3.322746316,-3.279795597
29.79675,31.70822,1.064150285,5055.89,0.90762,4.542824538,6.363216493,0.583522671,-2.896477718,-2.858406773
9.27996,14.76162,1.590698667,4019.7,0.81296,1.569014965,7.304116772,0.383226709,-3.306083316,-3.253214093
16.18068,18.93937,1.170492835,5889.59,0.88006,3.54719871,6.931591732,0.612513471,-3.141909908,-3.144756083
10.36753,13.71702,1.323075024,4971.21,0.81,1.943061113,8.437612199,0.55068556,-3.317766414,-3.35456586
19.6175,23.7137,1.208803364,6149.83,0.91546,4.824660335,5.090795402,0.542041565,-2.863072695,-2.881445931
16.32618,20.40071,1.249570322,2511.17,0.83848,1.451395693,8.206938726,0.290164218,-3.306267712,-3.290672342
18.0476,20.1236,1.115029145,3744.27,0.85182,2.164022885,9.023259967,0.48292929,-3.278677265,-3.229523809
9.57228,12.48282,1.304059221,4531.18,0.80556,1.733792774,8.5350152,0.53402052,-3.294480864,-3.291230238
26.26183,28.83333,1.097917776,5223.31,0.90088,4,6.000377681,0.509138423,-2.95114563,-2.974736956
11.08572,16.15082,1.456903115,4412.52,0.84478,2.108639436,6.927944508,0.373699729,-3.200836878,-3.143747636
8.28459,11.6574,1.407118518,4323.53,0.80186,1.555086233,8.352933578,0.483984991,-3.359911472,-3.295964716
9.00993,13.45893,1.49378852,3566.81,0.82646,1.475349844,7.043252313,0.319310489,-3.25891882,-3.24388937
27.52302,28.89023,1.049675145,5654.39,0.90718,4.225475446,6.063477358,0.544104557,-2.933769197,-2.9423852
10.27105,13.79205,1.342808184,5112.03,0.84152,2.261299511,7.196631475,0.488445412,-3.229598045,-3.294890969
8.91975,14.08566,1.579154124,4750.34,0.83286,2.013728539,7.079294081,0.448388728,-3.226035381,-3.197898778
22.0064,27.05135,1.229249218,5206.62,0.93052,4.924923653,4.623022877,0.488243661,-2.744513099,-2.758910691
16.61186,20.7758,1.250660673,5623.35,0.89628,3.832074189,6.233662192,0.537013409,-3.052983426,-3.051205639
18.58582,21.00735,1.130289113,5545.45,0.90692,4.082889518,7.065460124,0.620007582,-3.026262998,-3.031135594
8.57735,11.60109,1.35252613,4316.51,0.81178,1.582383224,7.002132695,0.373843115,-3.232888068,-3.201437401
20.79498,27.29305,1.312482628,7232.17,0.94324,7.669677923,3.777910696,0.665196946,-2.699226913,-2.602654835
15.82049,18.28876,1.156017291,5704.26,0.88686,3.221349257,4.685634963,0.395705639,-2.984670832,-3.001999151
13.48257,15.44978,1.145907642,4100.06,0.80194,1.797499451,9.72787919,0.601898884,-3.458130229,-3.508944677
11.26247,15.36003,1.363824277,5027.58,0.8523,2.531889991,7.531548929,0.513453512,-3.26351029,-3.24716745
19.04383,24.42543,1.282590214,6048.11,0.91896,5.201150076,5.385984125,0.606934103,-2.882487656,-2.871189481
7.58991,10.83154,1.427097291,3151.92,0.75508,1.079615726,9.294811348,0.452870602,-3.480830045,-3.532491027
16.06178,20.12787,1.253153137,5835.12,0.89838,3.774816906,5.841572918,0.523838396,-3.021044844,-2.998011692
9.25132,12.26652,1.325921058,3024.29,0.77878,1.168041515,9.249780759,0.325215836,-3.44266321,-3.410689582
20.8429,21.88504,1.04999976,4615.9,0.84844,2.731668996,8.007887985,0.588409466,-3.292534998,-3.304511533
18.36487,21.31795,1.160800485,4458,0.91146,3.377566637,5.558582948,0.426326555,-2.916908538,-2.882540154
8.86426,13.31668,1.502288967,3132.47,0.76918,1.201209361,9.262028761,0.36524256,-3.616466494,-3.554354627
15.27053,25.89619,1.695827846,3232.11,0.8083,1.721681083,10.14652289,0.501115658,-3.577318469,-3.589297961
27.32248,31.24242,1.143469407,5983.09,0.92438,5.022821622,4.357731028,0.498469329,-2.824463534,-2.779518763
15.36935,18.76315,1.220816105,4753.55,0.86322,2.720585454,7.762610919,0.526223988,-3.179238028,-3.154073758
16.56712,19.43941,1.173372922,4206.36,0.88284,2.645982503,6.843321581,0.429254126,-3.091671274,-3.113133165
6.83704,10.81669,1.582072066,2565.84,0.72818,0.878565879,9.89962208,0.410289332,-3.59289927,-3.58183331
12.00029,14.72643,1.227172843,4543.24,0.82662,1.885473809,7.716809274,0.480965384,-3.269281426,-3.272063414
17.29736,21.44817,1.239967833,5908.57,0.90558,4.36020646,6.492885695,0.637360682,-3.026376366,-2.971443907
17.80284,23.34769,1.311458734,6099.95,0.93256,5.435322368,3.566225057,0.470213752,-2.72777014,-2.784241039
11.2897,16.2393,1.438417318,5011.49,0.84844,2.246339016,7.150810886,0.489767282,-3.194922343,-3.183409865
25.17059,33.31571,1.323596706,5811.23,0.93964,7.000797205,3.714907328,0.574590336,-2.620033003,-2.712370248
19.11558,21.05514,1.101464878,4680.32,0.83672,2.497679098,9.937021765,0.793996713,-3.440753182,-3.440974015
10.82596,15.22417,1.406265126,4957.01,0.83364,2.147792795,8.019821552,0.534587242,-3.300386345,-3.276206228
20.90772,23.49379,1.123689718,5177.51,0.8671,3.122423038,8.462918631,0.652871515,-3.260027821,-3.245807296
24.42816,28.32938,1.159701754,6660.85,0.92804,5.985848722,4.398582546,0.592175357,-2.7690295,-2.684743695
18.0402,24.94369,1.382672587,6512.35,0.9286,5.741810222,4.900186398,0.625016229,-2.805500082,-2.805700055
9.98441,17.10999,1.713670612,4480.51,0.83398,1.984117166,7.18537647,0.466806981,-3.249428691,-3.195135406
23.23313,26.3828,1.135568044,5780.62,0.9239,5.750725143,5.049419076,0.580155104,-2.763781015,-2.84940703
20.08357,27.80207,1.384319123,6613.65,0.93386,6.204225352,4.432730619,0.606514502,-2.729946223,-2.777715537
11.27514,16.08823,1.426876296,3599.44,0.84788,1.71840166,6.563571133,0.300358999,-3.201220643,-3.158875723
20.69229,24.65552,1.191531725,5253.03,0.89576,3.965048647,6.382145691,0.536866382,-2.985069644,-2.996866636
8.88711,11.19985,1.26023533,2508.16,0.73544,0.886934646,9.167668951,0.355771337,-3.580381536,-3.575254304
18.11,20.13974,1.11207841,5250.74,0.8627,2.677421457,6.743996974,0.498555877,-3.173010383,-3.190977767
16.94611,20.68822,1.22082413,4466.11,0.90092,3.077217347,5.580033162,0.410744958,-2.973367167,-2.967872344
22.56587,26.22104,1.161977801,7098.12,0.92254,5.687459157,4.40122243,0.584036267,-2.824753931,-2.844442235
8.11813,11.77751,1.450766371,4566.21,0.80612,1.642936628,8.196342389,0.502858395,-3.267556091,-3.331483839
11.36713,20.0873,1.767139111,5514.27,0.85786,2.875559787,6.864229107,0.559774494,-3.192957392,-3.167448706
20.82036,22.07419,1.060221341,5653.87,0.88456,3.241072541,5.873740491,0.465376985,-3.118784082,-3.034540332
19.88194,24.74475,1.244584281,5696.18,0.8958,3.61926233,5.5217895,0.50149429,-2.987022184,-3.085019913
7.22424,9.73378,1.347377717,3061.13,0.725,1.006905287,9.765215977,0.432588112,-3.516639966,-3.53525702
11.2752,14.97727,1.328337413,5112.88,0.85312,2.357870532,6.122189365,0.426292725,-3.169813678,-3.134887346
10.93723,14.38287,1.31503772,5327.28,0.8335,2.14135788,7.370367779,0.525475188,-3.267271552,-3.252847947
20.0712,24.71814,1.231522779,5243.74,0.8967,3.964769396,6.024211307,0.507839953,-3.001550041,-3.051162777
19.95548,21.62613,1.083718858,4829.79,0.84076,2.684864665,8.667933445,0.66261438,-3.384576963,-3.291478791
20.28691,25.22949,1.243633949,5432.87,0.91262,4.623318726,4.709509726,0.496040491,-2.854395037,-2.88015332
21.59472,24.33064,1.126693933,4256.12,0.89964,3.329274927,5.542205041,0.399592856,-2.932667211,-3.004964957
13.64842,16.1005,1.179660356,2744.8,0.7769,1.375657816,11.70848537,0.526120878,-3.553030447,-3.587293771
20.25601,22.53773,1.112644099,6242.18,0.91606,4.913825935,5.077397944,0.561278271,-2.869059086,-2.90108842
9.03098,14.05314,1.556103546,5286.68,0.8369,2.240588138,7.11684185,0.517418402,-3.238327828,-3.203858054
13.90018,17.08591,1.229186241,5745.24,0.89638,3.545007653,5.657868415,0.49656143,-3.014112074,-2.980214927
19.99531,25.18785,1.259687897,5094.66,0.9015,4.092147072,5.326251203,0.473850441,-2.898517682,-2.95513299
23.06092,26.21543,1.136790293,6246.44,0.91208,5.0992363,5.999653771,0.624277951,-2.920928442,-3.04718112
10.99695,15.69688,1.427384866,4961.24,0.8548,2.311738537,6.279290247,0.380924451,-3.17667971,-3.159313972
18.72938,23.57896,1.25892902,6329.33,0.92428,5.355474952,4.761355905,0.564401176,-2.781842212,-2.833211053
22.93599,26.87343,1.171670811,6205.56,0.92794,5.653069181,4.3155647,0.544935894,-2.769331351,-2.792447459
20.23318,22.31921,1.103099463,3256,0.85794,2.007295086,7.430314586,0.362758405,-3.184541071,-3.21917332
11.30647,14.90289,1.318085132,5501.35,0.84888,2.30549241,6.588365547,0.455016662,-3.188359084,-3.145531776
11.44679,14.10808,1.232492253,4350.38,0.82194,1.768951981,7.269521525,0.400693039,-3.251359901,-3.257041881
19.08246,21.37227,1.119995535,5549.97,0.90982,4.103556367,5.633897352,0.508707084,-2.934041237,-2.928402582
10.38047,14.77307,1.42316003,4698.2,0.8501,1.997668877,6.564122575,0.378739897,-3.196438249,-3.201461024
10.59805,15.08794,1.423652464,4732.08,0.83208,1.885028828,6.168214368,0.335624282,-3.178585053,-3.196129033
14.34218,17.93391,1.250431245,5561.78,0.87506,2.698770062,5.642292388,0.422815834,-3.045803225,-3.058237965
13.26997,17.80978,1.34211155,5122.05,0.87266,2.805141871,6.430135522,0.483122618,-3.090138156,-3.128319543
30.29414,34.98953,1.154993342,6828.67,0.93396,6.619369928,4.388135891,0.640644315,-2.692088755,-2.738656263
12.85149,16.89972,1.315000829,4738.16,0.8487,2.483278032,7.389282289,0.509329204,-3.184669584,-3.228847812
16.63966,20.02901,1.203691061,5825.77,0.89244,3.944538491,6.5381726,0.591630768,-3.022463933,-3.039711407
10.55761,15.64607,1.481970825,5263.84,0.84744,2.431378625,6.641020883,0.457785387,-3.218010423,-3.202806055
30.27388,31.76203,1.049156236,5029.32,0.91136,4.554386175,5.313915908,0.51996407,-2.828692021,-2.879038083
7.42212,10.60714,1.429125371,2861.81,0.73216,0.972800748,12.19703099,0.739140523,-3.591055815,-3.619931294
21.28448,22.29565,1.047507386,4371.29,0.86414,2.70702742,7.825946539,0.539683408,-3.125280804,-3.074718107
19.4867,22.39479,1.149234606,6040.3,0.9164,4.619603573,5.262901915,0.563110196,-2.896876566,-2.935314434
8.09993,12.25134,1.512524182,4876.95,0.79328,1.820309596,8.881059591,0.591985966,-3.428602707,-3.383224495
14.32691,16.96972,1.184464759,5644.5,0.85752,2.571297493,7.216143134,0.556437195,-3.19879904,-3.187587559
5.94545,11.26505,1.894734629,2650.05,0.74092,0.905066476,7.670058221,0.256382142,-3.405545487,-3.459203238
23.51194,30.14187,1.28198141,6779.57,0.9429,7.302283077,4.224276007,0.677002247,-2.663699319,-2.70011641
21.08353,23.78785,1.128266946,4628.57,0.87078,2.88542212,7.17058706,0.487939201,-3.215322367,-3.186217634
21.96588,26.04703,1.185794969,6161.17,0.91712,4.838074941,4.254868944,0.478259013,-2.793545411,-2.965315753
17.8958,24.88568,1.390587736,6012.27,0.93176,5.596593127,4.594214068,0.559672479,-2.716527219,-2.719736881
11.36478,14.77488,1.300058602,5353.75,0.87162,2.855486103,6.333739738,0.474451695,-3.161189473,-3.131605103
21.34252,28.91791,1.354943559,6215.82,0.94388,6.836192973,4.088123613,0.606176814,-2.64184188,-2.617400287
8.71648,13.77042,1.579814329,4273.67,0.80298,1.692632964,8.629208144,0.492537771,-3.369008042,-3.398555651
8.36728,10.99396,1.313922804,3282.43,0.73282,1.221983768,10.94782121,0.568999465,-3.613190336,-3.609079227
4.74687,10.51279,2.214678304,1593.06,0.60666,0.70883254,15.49540273,1.038325462,-4.267817638,-4.32131062
15.78517,17.51654,1.109683329,2385.21,0.75448,1.347049981,11.67029952,0.525121403,-3.62377879,-3.617185522
23.4765,26.69159,1.13694929,6804.64,0.9324,6.337942004,4.381519359,0.621161347,-2.742648078,-2.845590014
12.48285,15.54226,1.245089062,6041.06,0.88268,3.300824196,6.278602114,0.530556439,-3.130366642,-3.05789173
6.14113,8.45028,1.376013861,2930.77,0.7116,0.91405964,11.52058611,0.622868384,-3.635383353,-3.62991947
23.8656,28.54537,1.196088512,6506.59,0.93514,7.094659697,4.662158492,0.667218286,-2.640139983,-2.717851927
21.66237,24.27108,1.120425881,4854.7,0.9214,4.097733661,4.872702775,0.443991948,-2.841918228,-2.915010739
27.83244,30.09135,1.081161048,5860.81,0.90498,4.498985842,6.449062554,0.629698084,-2.991523663,-2.910684693
9.11307,13.54158,1.485951496,5113.11,0.83348,2.208994148,7.062282507,0.499687954,-3.257135637,-3.220536978
28.74359,29.63938,1.031164861,5046.23,0.90548,3.937074978,6.371573138,0.534431737,-3.017377659,-2.938217753
17.51017,22.6296,1.292368949,5881.45,0.908,4.400184149,6.80359706,0.635043148,-3.01768721,-3.084481631
17.09403,19.06239,1.115148973,5352.38,0.8817,3.395502702,6.94036368,0.538067617,-3.135528706,-3.133500345
6.86045,8.98089,1.309081766,2820.58,0.72844,0.906690897,9.099356863,0.328991421,-3.446183221,-3.443120685
20.7123,22.46908,1.0848182,4977.9,0.85416,2.803125523,8.518027649,0.643822152,-3.313880093,-3.273715174
11.97504,17.35576,1.449327935,5599.11,0.86262,2.558647917,6.820294701,0.499902065,-3.175664479,-3.242835251
7.73474,10.54357,1.363144721,3614.32,0.77396,1.219347348,8.512044398,0.434387073,-3.388090892,-3.383803578
7.3704,10.39953,1.410985835,4660.15,0.80646,1.537951039,7.982646459,0.484558051,-3.267036848,-3.243247002
8.62326,12.55557,1.456011995,2755.47,0.7208,1.038497003,11.56231248,0.607185374,-3.682625253,-3.64381905
17.55901,20.01776,1.140027826,4266.6,0.89408,2.841759318,6.687086814,0.427522071,-3.03332657,-3.063022654
19.87988,28.34061,1.425592609,6143.82,0.9357,6.060115412,4.385551756,0.562802487,-2.723055821,-2.700251348
17.21861,21.3052,1.23733565,5752.25,0.90242,4.260255024,6.41821348,0.601917953,-3.021636944,-3.018617163
21.42752,22.48451,1.04932862,5112.06,0.86776,2.724110652,8.106119102,0.631169004,-3.259189216,-3.239737739
10.79361,15.13231,1.401969313,5634.21,0.86198,2.70560909,6.490571485,0.506864159,-3.173211155,-3.178773416
8.7836,12.9465,1.47394007,4332.75,0.82988,1.784630603,7.198842725,0.40817997,-3.265267909,-3.212801621
20.71015,23.29007,1.124572734,3534.83,0.85606,2.230740366,7.95252718,0.425857344,-3.252568528,-3.257557566
18.12638,20.22506,1.115780426,5593.51,0.89864,3.87441688,6.058282391,0.546501306,-3.021521116,-3.104547556
7.20659,10.0327,1.392156346,3254.43,0.73708,1.16754421,9.653973897,0.444381164,-3.62459649,-3.612192516
20.91599,24.23025,1.158455803,4207.37,0.89844,3.286498667,5.891190277,0.415874177,-2.935225419,-2.999405686
17.49748,20.50288,1.171761877,5828.33,0.90978,4.359250794,5.586112244,0.546119856,-2.953012673,-2.943724492
30.8544,31.87356,1.033031269,5995.61,0.91206,5.068830411,6.34746805,0.66398897,-2.920722576,-2.943128076
27.45412,29.96801,1.091566949,6795.76,0.95186,8.419739763,3.609845563,0.674897181,-2.516397094,-2.580928802
17.98019,20.57293,1.144199811,3872.74,0.84626,2.264252919,8.46421489,0.570197699,-3.192614076,-3.112154369
8.71414,11.53538,1.323754266,3817.14,0.7846,1.372820739,9.684408833,0.533338774,-3.411592095,-3.39655416
21.93655,22.94019,1.045751953,5507.95,0.88664,3.207640685,5.644309367,0.443099791,-3.032680748,-3.057027002
20.05087,21.44293,1.069426414,2922.88,0.83176,1.802464802,9.07369514,0.397069743,-3.303732457,-3.2524171
15.41595,16.76479,1.087496392,5764.14,0.87218,2.69119925,6.406913888,0.47966222,-3.087497672,-3.062690187
18.40507,20.44612,1.110896074,3381.03,0.87208,1.93352992,6.551038315,0.298056427,-3.148260884,-3.091579665
10.96021,13.89197,1.267491225,4176.32,0.80236,1.776701114,8.945573676,0.542896878,-3.369667565,-3.411999615
11.14423,16.39927,1.471548057,4756.4,0.8422,2.258435614,7.72067071,0.49123163,-3.220130848,-3.289254199
13.25069,15.95337,1.203965227,5558.53,0.85434,2.419506946,6.877049543,0.487654151,-3.176778343,-3.219881561
11.5551,20.95912,1.813841507,3079.46,0.82954,1.495062656,8.209873717,0.370639892,-3.317193966,-3.358552188
11.64519,18.10662,1.554858272,2887.97,0.81864,1.324778095,8.922303661,0.38437806,-3.317227052,-3.410755636
20.61713,23.94532,1.161428385,4989.21,0.87598,3.118587347,6.353942964,0.486572379,-3.102510621,-3.161076453
24.39979,28.89943,1.184413063,5833.34,0.92168,5.081206241,4.62219098,0.509624278,-2.773637919,-2.839518199
7.04684,11.03146,1.565447775,2259.7,0.6805,0.794486578,14.50382345,0.967970952,-3.832391348,-3.826158323
7.14603,11.42731,1.599113074,2994.76,0.75852,1.050517697,8.744249882,0.349419049,-3.450072545,-3.453774167
14.0996,17.52227,1.24274944,6217.17,0.89156,3.733422667,5.399295716,0.506454168,-3.032306443,-2.964635583
19.97078,21.90562,1.096883547,4273.3,0.86546,2.702383703,6.651402909,0.437102491,-3.144987125,-3.137333186
12.71966,16.0253,1.259884305,5956.29,0.84786,2.472752938,7.545211296,0.59886161,-3.249833561,-3.224826296
18.25384,24.48157,1.341173693,5664.89,0.91742,4.751108257,5.06758922,0.523541821,-2.843089817,-2.802139385
11.62428,14.32035,1.231934365,5290.08,0.84874,2.219908927,6.447980653,0.430439543,-3.157367791,-3.172935488
17.45484,20.04017,1.148115365,4732.85,0.85958,2.641780816,6.996623592,0.487634143,-3.18449178,-3.213068176
27.65204,28.91864,1.045804939,5861.88,0.9409,6.039230285,3.572231983,0.498762389,-2.637836519,-2.603766482
17.41724,22.09965,1.268837657,5736.95,0.9062,4.4292599,5.747018051,0.559900131,-2.960583573,-2.969535713
9.86133,13.39032,1.357861465,3832.43,0.8043,1.591236428,7.699832959,0.392138615,-3.369040453,-3.307716654
16.20282,18.29637,1.12920899,5381.5,0.87978,3.226987294,6.576933738,0.527998467,-3.079658269,-3.089330554
19.62622,23.72834,1.20901223,4614.15,0.87476,3.004210483,7.24756168,0.533125546,-3.144245966,-3.113058443
12.21504,15.71837,1.286804628,3688.95,0.85764,1.859011319,6.70221379,0.340142649,-3.176146431,-3.179959863
17.45396,20.64269,1.182693784,5293.92,0.89486,3.549088198,5.756287178,0.473959036,-3.033363765,-2.974433753
12.62845,15.19592,1.203308403,4088.14,0.81096,1.811824582,9.534748636,0.533493147,-3.476138369,-3.452674082
8.22658,11.63097,1.413828104,3937.65,0.78374,1.430861358,8.224786608,0.468442138,-3.291535996,-3.302768327
11.1019,13.87379,1.249677082,5516.05,0.84238,2.180512629,7.33139645,0.531828934,-3.217203763,-3.202887312
19.33226,23.57708,1.219571845,6736.01,0.89972,4.223204814,5.232568548,0.524118008,-2.999170074,-2.978737027
8.51011,14.1241,1.659684775,4147.9,0.7722,1.573381691,10.21897564,0.727163253,-3.511996933,-3.497512714
9.59935,15.07039,1.56993859,3170.13,0.81382,1.308566899,7.217035721,0.265202819,-3.309652574,-3.320544965
17.86255,20.04728,1.122307845,2701.32,0.83654,1.434959887,7.949782006,0.325911034,-3.215035201,-3.239442217
27.12844,29.59597,1.090957313,4271.73,0.88712,3.18364681,6.641358943,0.492119738,-3.112682935,-3.078521
14.47394,18.02269,1.245182031,6141.16,0.88748,3.420936992,5.59967229,0.48268801,-3.068416813,-3.055602241
18.62928,20.14992,1.081626343,5092.64,0.87312,2.883877936,7.089651766,0.490171377,-3.160480753,-3.172961207
21.26785,22.50578,1.058206636,4889.63,0.86086,2.791492508,7.66510592,0.571357098,-3.248531677,-3.190868041
17.35824,20.44591,1.177879209,4727.42,0.86126,2.43013016,7.285879393,0.507905647,-3.201177259,-3.209831202
8.06729,15.38736,1.907376579,3683.29,0.74862,1.42669289,11.33899043,0.765724242,-3.617185097,-3.655372281
25.58158,27.91385,1.091169896,4685.82,0.89872,3.80807105,5.166011359,0.438090731,-2.841622409,-2.924331448
24.49348,27.54071,1.124409843,6712.29,0.94354,7.438879209,4.467704384,0.686279475,-2.671859937,-2.756196804
10.22905,13.35329,1.305428168,5247.06,0.85786,2.398233181,6.445477106,0.450234375,-3.177407953,-3.187434731
6.96931,10.5921,1.51982047,2447.43,0.7035,0.862809066,10.83425705,0.505744686,-3.727895869,-3.696316175
23.34774,27.77825,1.189761836,4821.51,0.90936,3.620452835,5.282659417,0.436212662,-2.911494162,-2.886409455
20.6259,27.53418,1.334932294,4351.1,0.88062,3.086234571,9.514380836,0.661482467,-3.216185729,-3.179753103
15.93568,19.03505,1.194492485,5508.27,0.89762,3.571138713,6.020511985,0.503339297,-2.989323233,-3.000546273
9.28487,11.21288,1.207650726,2513.04,0.76374,0.935945559,9.948819551,0.366919285,-3.49006217,-3.49859944
17.23212,19.42182,1.127070842,5150.61,0.88362,3.218301215,6.359441882,0.49052706,-3.096887321,-3.078969826
10.29717,14.2829,1.387070428,3170.24,0.82654,1.389511837,7.789417284,0.323845381,-3.257991362,-3.255975198
18.9568,22.57498,1.190864492,6082.04,0.90664,4.428055815,5.611065676,0.55109184,-2.919679614,-2.928952248
20.51664,24.46809,1.192597326,5549.44,0.89312,4.138781147,6.37813347,0.567377288,-2.981846159,-3.040371178
14.26095,16.01584,1.123055617,5530.61,0.87812,2.993328993,5.139381341,0.41126057,-3.045882571,-3.08157642
24.92274,28.00678,1.123744019,5926.85,0.93044,5.480365421,3.998575059,0.484937629,-2.719401535,-2.77619046
24.97086,29.63427,1.186754081,5371.51,0.91244,4.194027312,4.815895153,0.458085749,-2.878900851,-2.874215681
20.61506,22.45773,1.089384654,3304.82,0.811,1.957173851,10.41380721,0.608885922,-3.486697524,-3.493155316
6.34404,8.75671,1.380304979,2260.77,0.68788,0.769997112,12.23119128,0.506293085,-3.754154117,-3.738447671
19.49566,22.18171,1.137776818,6037.81,0.90162,4.086070236,5.830411238,0.568074423,-2.962585931,-3.028938268
10.126,14.17633,1.399993087,5477.96,0.8491,2.382148057,6.907066535,0.474881758,-3.258522748,-3.23426177
7.9362,10.76257,1.356136438,2670.54,0.77024,0.954061985,9.566966545,0.360995436,-3.42004987,-3.427661713
16.18703,19.45768,1.202053743,5807.28,0.88564,3.63497562,6.631908065,0.564168711,-3.124827418,-3.107104473
10.60895,14.5869,1.374961707,5298.07,0.83902,2.393404744,7.912838638,0.536895883,-3.324982108,-3.378192126
21.9008,24.78091,1.131507068,5566.85,0.8956,4.095107453,6.889572494,0.604003645,-3.049251061,-3.010140917
19.77673,23.5906,1.19284634,4349.03,0.88996,3.186132184,6.353670416,0.435287336,-3.040080068,-3.065979207
19.97672,23.3121,1.166963345,5942.67,0.92368,4.943483473,4.403402982,0.495491504,-2.760731605,-2.834960698
17.44625,21.1683,1.213343842,5044.23,0.90218,3.524677588,5.336471685,0.436470614,-2.952236812,-2.985980169
19.20527,20.71323,1.078518032,4416.36,0.82786,2.366003807,9.4742386,0.68632224,-3.471378032,-3.47796018
7.45262,11.96997,1.606142538,3174.94,0.76356,1.111331047,8.4029661,0.395760869,-3.371421254,-3.369613236
16.62424,20.12783,1.21075189,5473.73,0.88862,3.524423715,6.443924146,0.534466124,-3.079975985,-3.092547826
20.23261,21.42473,1.058920723,5589.59,0.88246,3.198292234,6.192417907,0.492740863,-3.075115679,-3.054591904
16.08393,19.51378,1.213247011,5580.86,0.87942,3.429701302,6.631660771,0.56011391,-3.131407518,-3.097045708
21.39821,24.48522,1.144264871,4129.47,0.90312,3.297936051,5.387468541,0.383833284,-2.882169703,-2.867016904
18.42859,21.99364,1.193452131,5949.27,0.91696,4.756238621,5.115504548,0.530081051,-2.903892783,-2.905105995
31.09958,34.37978,1.105474093,6726.66,0.95,8.166423107,3.616114395,0.659080305,-2.59001001,-2.565960283
16.85221,20.39066,1.209969494,5971.53,0.90504,4.20631896,6.290972963,0.606119543,-2.994308535,-3.011336441
12.03711,14.94581,1.241644381,5469.94,0.85206,2.30192543,6.488323405,0.438075868,-3.169369986,-3.195569697
8.84334,12.17258,1.376468619,4918.16,0.81768,1.99803051,8.004285884,0.52461095,-3.331665362,-3.371711974
8.70697,12.27989,1.410351707,3450.61,0.74732,1.35336249,11.31275068,0.597553351,-3.554799825,-3.537876971
16.09675,18.59374,1.15512386,5338.33,0.86936,2.586218693,6.171406164,0.444079346,-3.084123533,-3.078156899
11.79914,16.24684,1.376951202,5326.33,0.86112,2.476795858,5.842919212,0.391768448,-3.10619465,-3.122792469
8.8128,12.5954,1.429216594,5087.25,0.8129,1.997596691,7.985174986,0.54765935,-3.335670591,-3.35336022
17.09305,19.88673,1.163439527,5212.76,0.90234,3.600933815,5.583429857,0.472007942,-2.916802693,-2.942636117
16.04815,19.57613,1.219837177,5789.13,0.8961,3.627876472,6.187216359,0.533209914,-3.063164424,-2.995267438
19.54856,23.62625,1.208592858,6865.99,0.90926,4.986071507,5.193881285,0.596787015,-2.938153711,-2.978810662
22.99235,25.60837,1.113777844,6219.01,0.9185,5.110386576,4.895860942,0.549274924,-2.829901738,-2.917110199
8.96044,12.77529,1.425743602,3476.67,0.81262,1.359132692,7.9718771,0.361498851,-3.358739595,-3.273635982
10.76357,13.7852,1.280727491,3888.59,0.82266,1.718920749,7.004300006,0.365417213,-3.199453191,-3.249317207
21.67963,23.17665,1.069051916,5023.32,0.87166,3.014330571,7.128703424,0.544131934,-3.089440973,-3.107356846
16.92886,19.23011,1.135936501,5264,0.8838,3.333069343,6.579117801,0.518746754,-3.085712749,-3.073682746
12.2801,20.70202,1.685818519,5845.05,0.8913,3.390765462,4.810070961,0.417483086,-2.97676189,-3.008888123
20.42566,26.67433,1.30592255,6707.43,0.93592,6.551813453,4.522869199,0.65248312,-2.749056726,-2.718900965
25.93199,30.20686,1.164849285,5857.1,0.92284,4.966471848,4.2422985,0.474845857,-2.777600178,-2.762163203
26.41648,28.4355,1.076430319,4378.07,0.90444,3.514804351,5.229131093,0.401207964,-2.892034588,-2.941209881
16.79488,20.10221,1.196924896,5896.91,0.90704,4.251696854,5.345153761,0.52461348,-2.960558714,-2.920928591
16.14437,20.61217,1.276740436,6032.76,0.91346,4.562509365,5.219992332,0.558512068,-2.909770268,-2.976236873
14.52802,20.5416,1.413929772,6275.64,0.91048,4.354155309,4.840619189,0.506167929,-2.918530699,-2.867022653
10.27513,16.38982,1.59509612,4188.25,0.81748,1.836006369,8.949436084,0.542096256,-3.33012806,-3.371063023
20.25991,26.14368,1.290414419,5111.43,0.92336,4.351387141,4.876135932,0.469935991,-2.861206805,-2.855320728
11.20251,15.89263,1.418666888,5231.92,0.85074,2.457110179,7.384330968,0.482585311,-3.214001203,-3.236014567
17.59465,20.9775,1.192265831,5307.57,0.89962,3.784734347,6.235887765,0.53650749,-3.021376788,-3.034558132
20.11797,21.00101,1.043893097,4564.17,0.84596,2.409545212,8.855360982,0.625172828,-3.361452882,-3.420310527
21.41741,27.16284,1.268259794,6660.71,0.93066,6.046977031,4.68246143,0.616927681,-2.77923924,-2.77624635
11.51296,14.2625,1.238821294,5265.17,0.8424,2.232268254,7.045780924,0.48174397,-3.20487212,-3.196170482
18.45586,21.22654,1.150124676,4512.63,0.84928,2.422873054,8.395667342,0.591162028,-3.270649254,-3.271951597
7.62298,11.33433,1.486863405,2827.56,0.73472,1.046693184,10.61472914,0.556563691,-3.562206578,-3.554052095
8.1167,16.32725,2.011562581,4269.87,0.7996,1.766486248,9.508753429,0.68845659,-3.38982142,-3.398819809
17.33791,20.12894,1.160978457,4955.19,0.89924,3.448244127,5.384560405,0.422869841,-2.975634678,-3.029444885
4.60402,8.13943,1.767896317,1755.85,0.63042,0.684562753,13.80749602,0.822086974,-4.059750522,-4.127568303
19.60777,21.52727,1.097894865,3114.42,0.83848,2.02079894,10.79989729,0.517649516,-3.41372831,-3.503426603
13.33408,21.77085,1.632722318,4517.69,0.8629,2.619333101,7.514605583,0.507386108,-3.175546609,-3.110817557
8.26814,11.65453,1.409570955,4258.54,0.80048,1.582070083,8.621330869,0.508725087,-3.343279712,-3.348867892
14.23302,18.95216,1.331562803,4733.33,0.8659,2.592755615,7.337979458,0.528313021,-3.126286713,-3.064614288
17.52124,23.94771,1.366781689,6218.94,0.91786,5.200133706,6.10917351,0.664388107,-2.90634931,-2.907671668
14.26778,20.96083,1.469102411,4701.41,0.86044,2.740429327,7.183079166,0.498280019,-3.130444566,-3.187920229
21.71183,26.60305,1.22527903,6685.26,0.92512,5.715097638,5.202822902,0.651439749,-2.868259241,-2.83978627
19.12065,24.53357,1.283092886,6289.46,0.92084,5.309118164,5.713223523,0.616623455,-2.888379035,-2.872257993
15.55541,22.14898,1.423876323,5091.8,0.90148,3.267735516,3.74944637,0.308465252,-2.870144749,-2.90482062
21.17793,27.57796,1.302202812,6786.01,0.94124,7.20737553,4.357249277,0.665811624,-2.659429128,-2.709779576
8.04915,11.21902,1.393814254,4795.79,0.79458,1.680669069,9.467110901,0.626474898,-3.370038761,-3.385135601
30.01178,33.32975,1.110555589,7105.98,0.94416,7.792220654,3.690860209,0.645791285,-2.664873873,-2.64663809
25.08576,26.62096,1.061198066,5808.78,0.89902,4.134794047,6.781816589,0.613151049,-3.089862198,-3.06333263
18.61709,24.63862,1.323440989,5936.91,0.92496,5.220335922,5.160374522,0.560474398,-2.840860813,-2.915902195
15.96868,18.27186,1.144231082,5516.01,0.8766,3.405713486,6.971943543,0.568285776,-3.147857927,-3.174236999
10.16401,11.32422,1.114148845,4426.92,0.81878,1.639392841,7.291029538,0.394566308,-3.239388248,-3.282230423
23.91174,26.93124,1.126276883,5810.25,0.93056,6.07942927,4.23177519,0.56265146,-2.710477807,-2.682922208
19.47424,25.15462,1.291686864,4633.4,0.92584,4.128532824,4.749754382,0.423427023,-2.822711319,-2.811651724
16.87139,19.63737,1.163944998,5638.5,0.88002,3.448111027,7.124439905,0.598786896,-3.13529489,-3.102066732
18.20157,20.43005,1.122433394,5712.28,0.88244,3.346340391,5.894492526,0.507895589,-3.070774406,-3.028946946
20.14244,21.47194,1.066004913,3078.24,0.8129,1.990036354,14.73880092,0.670510658,-3.700154329,-3.440651966
12.99833,18.05584,1.389089214,4036.46,0.82652,2.056879492,8.612641388,0.538263145,-3.315639526,-3.256596135
16.67501,20.1216,1.20669193,5714.73,0.91038,4.052437124,5.401650742,0.507001602,-2.938252169,-2.889953232
26.60173,29.15437,1.095957669,7045.57,0.9465,8.31364351,3.953766755,0.700174428,-2.566164813,-2.61268422
21.82183,26.45678,1.212399693,5084.41,0.92798,4.640364036,4.65207499,0.471823423,-2.802734507,-2.888367209
20.88353,23.57637,1.128945633,4422.91,0.88808,2.80475249,6.626516131,0.486828481,-2.995559824,-3.04707723
15.56421,20.39982,1.310687789,3959.77,0.84782,2.384189021,7.684384398,0.479340945,-3.118184706,-3.23010086
27.47194,30.81852,1.121818117,7386.28,0.95214,9.389848226,3.455031769,0.730141038,-2.555732222,-2.58682721
17.20288,20.54001,1.193986705,5331.47,0.89526,3.587655637,5.785903235,0.483187688,-3.006769874,-3.012245282
30.50684,33.59403,1.10119665,7342.07,0.94542,7.971030378,3.576035181,0.672546693,-2.612226542,-2.742126607
9.17234,11.10794,1.211025758,4764.55,0.82604,1.750633673,7.109538736,0.416386528,-3.192530519,-3.208368016
19.28218,24.76115,1.284146813,6380.82,0.92346,5.5184654,5.497507725,0.647656195,-2.875121259,-2.946330561
17.4217,20.82765,1.195500439,5441.11,0.90158,3.818021665,5.95108697,0.527820949,-3.036741,-3.018797102
7.28838,11.26201,1.545200717,2938.33,0.73762,0.955701533,11.95145982,0.646520668,-3.551544627,-3.552434172
15.37754,17.8671,1.161895856,5548.64,0.86986,3.233944784,7.078624832,0.575813007,-3.192974865,-3.192146989
15.93613,19.57737,1.228489602,5341.87,0.88764,3.322316834,5.924053535,0.486162108,-3.043523011,-2.990102022
23.76241,26.96404,1.134735071,5624.99,0.93236,5.930930071,4.310855628,0.545621892,-2.687095032,-2.814860743
20.37345,22.13933,1.086675551,4821.36,0.8488,2.82810782,8.985303652,0.685116116,-3.346202004,-3.353780362
10.98451,14.4927,1.319376103,4971.36,0.86622,2.317298278,5.641749723,0.365978353,-3.061640656,-3.116414799
13.0091,15.02809,1.155198284,3362.83,0.78866,1.445271339,10.32063322,0.450124784,-3.526446079,-3.511760211
11.16287,15.23283,1.364597993,5159.77,0.84938,2.33509739,6.356237465,0.444266215,-3.17592019,-3.168976901
7.71686,10.93969,1.417634893,3632.02,0.78256,1.263724285,8.043961326,0.359177767,-3.382421666,-3.299963533
19.61335,24.32052,1.239998266,5203.52,0.87928,3.615594327,7.303181419,0.569037473,-3.098609022,-3.014150035
19.97947,25.73187,1.287915545,5607.2,0.92996,5.18678818,4.297280186,0.491161457,-2.74567638,-2.74511713
7.01298,9.62498,1.372452224,2138.37,0.67364,0.830406661,13.16313595,0.730595017,-4.032700821,-4.074267215
6.92375,11.21048,1.61913414,2878.93,0.70278,1.079109847,12.75057639,0.785957106,-3.815637239,-3.805817109
20.59691,23.5246,1.142142195,5157.27,0.89838,3.920146616,5.939302138,0.505242429,-2.966539638,-3.030468658
20.89156,23.64817,1.1319485,5714.34,0.91632,4.557898926,5.033886198,0.512651296,-2.859541267,-2.85857457
31.89357,33.11669,1.03835005,5538.63,0.91232,4.995400587,6.492562358,0.635222164,-2.920150505,-2.83323734
20.33077,22.76479,1.119720994,4872.45,0.86322,2.620399911,6.949001231,0.496181895,-3.163801425,-3.11109976
6.09937,8.87089,1.45439447,2081.41,0.708,0.657839721,10.83704723,0.390123735,-3.576419505,-3.608017377
12.09647,15.17935,1.254857822,4996.12,0.85088,2.178593009,6.078506446,0.377271382,-3.110669749,-3.121619134
29.55337,36.33889,1.229602242,6336.54,0.9483,8.616913976,3.469205833,0.663874991,-2.522299404,-2.550901065
8.82791,15.80407,1.790239139,3950.59,0.81482,1.647815404,7.497335753,0.361821759,-3.309067614,-3.323409367
23.8242,25.35287,1.064164589,5505.21,0.89286,3.794592389,6.607430297,0.563743919,-3.009394645,-3.022729667
19.73356,25.48727,1.291569793,5853.64,0.9282,5.412150225,4.405315825,0.533879491,-2.745519267,-2.811445086
11.84206,17.76298,1.499990711,4239.52,0.81062,1.856941597,8.957935187,0.571306689,-3.381355579,-3.343512871
22.22522,23.05736,1.037441249,5023.75,0.87234,3.129571896,7.125767159,0.557941518,-3.115407271,-3.106345298
8.45313,10.98979,1.300085294,3740.05,0.77026,1.352125632,10.20375852,0.558576626,-3.511659165,-3.474659012
11.12767,14.13264,1.270044852,4457.3,0.7916,1.843665718,10.05686194,0.680688346,-3.644892569,-3.614558807
20.4184,21.42966,1.049526897,4632.63,0.86162,2.895452269,7.840879548,0.579556084,-3.201716868,-3.17870663
26.65324,30.77288,1.154564323,5521.92,0.91514,4.528736997,5.281800266,0.54568133,-2.864203858,-2.889700654
18.4598,22.95896,1.243727451,4960.9,0.88498,3.540727286,6.076662419,0.508252124,-3.004202993,-3.018956807
10.89923,12.55236,1.151674017,4635.64,0.79122,1.782010973,10.94702185,0.765099543,-3.607822306,-3.610337809
16.50823,18.79516,1.13853272,3061.64,0.85878,1.660097389,6.635752287,0.272198688,-3.207456354,-3.118993209
25.83949,29.8315,1.1544926,6907.32,0.9542,8.919174074,2.970074358,0.641346085,-2.475172186,-2.486840396
23.6878,25.24702,1.065823757,5824.59,0.9228,5.014236345,4.361411488,0.492527456,-2.7627707,-2.82498102
20.48874,24.82877,1.211825129,4854.62,0.89388,3.693596906,5.797108311,0.457272459,-2.940352024,-3.038562822
25.37006,29.91202,1.179028351,6535.66,0.95254,8.185161634,3.705534232,0.663909629,-2.55301055,-2.596707809
19.4709,20.7568,1.066042145,4570.41,0.85862,2.78870513,7.491074508,0.504719335,-3.187854733,-3.147052505
14.87773,22.02325,1.480282946,6457.89,0.9181,4.946233083,4.7558104,0.546804122,-2.890269773,-2.889884728
20.80588,24.99894,1.201532451,5225.01,0.90702,4.225222204,5.014390312,0.471596946,-2.894367193,-2.886542623
13.16842,17.82456,1.353583801,5200.76,0.85792,2.468514869,6.114168512,0.426541729,-3.12193298,-3.123705384
8.90472,15.61753,1.753848521,4169.82,0.80808,1.645546163,7.343644843,0.349546942,-3.339577631,-3.301772093
20.77047,24.17152,1.163744489,5967.38,0.93098,5.300772643,4.552909536,0.532496248,-2.774419921,-2.804091725
19.0847,21.33155,1.117730433,3203.24,0.85182,1.926009334,7.97354385,0.369080475,-3.250758114,-3.155642988
18.27392,21.09779,1.154530063,5207.13,0.9026,3.83419425,5.801489892,0.504235038,-2.982134529,-2.980089019
20.73699,23.85772,1.150490983,4912.85,0.91732,4.015179701,5.071669557,0.449197292,-2.870116503,-2.845266492
14.7941,20.54552,1.38876444,6270.11,0.9053,4.251372433,4.919847595,0.510540397,-2.951844008,-3.00946275
13.77672,16.82038,1.220927768,5829.04,0.85658,2.736109115,6.40215577,0.482042627,-3.182953265,-3.176204961
6.71578,10.53015,1.567971256,1330.13,0.6384,0.585602113,15.46731513,0.615131781,-4.238100306,-4.131387381
10.33318,13.25462,1.282724195,5660.91,0.84304,2.26689469,7.426384924,0.530566967,-3.245217729,-3.228951072
12.34043,19.8323,1.607099591,5138.97,0.87276,2.755246036,5.547839064,0.389413381,-3.06641912,-3.121530891
10.36828,14.83606,1.430908502,2989.8,0.80288,1.272012028,8.611981023,0.34530699,-3.388088335,-3.375297357
19.04645,20.79384,1.091743606,4578.96,0.84864,2.758378594,7.97731242,0.55238556,-3.331032855,-3.247129347
9.70653,16.0781,1.656420987,4119.81,0.8077,1.797765313,9.696652942,0.582957693,-3.461403788,-3.468942726
31.11696,33.71361,1.083448062,5042.78,0.91408,4.734767452,5.354513466,0.530804777,-2.808324794,-2.807781252
9.31748,11.7468,1.260727149,4208.37,0.8079,1.560966373,7.605595465,0.415138752,-3.28593642,-3.275239631
20.07677,21.24863,1.058368951,4930.83,0.84032,2.582961406,8.719118376,0.673568947,-3.335433407,-3.298556141
10.74848,14.81727,1.378545618,5112.5,0.83386,2.117766575,7.663093123,0.513554436,-3.287841334,-3.251488877
20.27748,24.23106,1.194973932,6124.17,0.9266,5.206992858,4.955029155,0.563686708,-2.833527958,-2.848155757
24.90389,27.74886,1.114237976,5678.52,0.89942,4.132509362,6.175846061,0.574855843,-2.956948196,-3.007932567
18.92324,20.5027,1.083466679,3614.44,0.83032,1.898455756,8.244427809,0.459246621,-3.318167246,-3.297154761
5.64774,7.48692,1.325648844,1757.71,0.62616,0.698074987,14.80389007,0.860244829,-4.042139887,-4.045235128
4.18016,7.59478,1.816863469,1066.02,0.55046,0.488685292,14.76148784,0.683361692,-4.45350674,-4.510546599
12.46177,19.6413,1.576124419,4294.13,0.86912,2.179381733,4.941157579,0.278531897,-3.082317635,-3.049655487
11.18938,14.61923,1.306527261,4966.56,0.84586,2.107652593,6.540355102,0.424680934,-3.105305634,-3.063698686
17.39449,20.17213,1.15968505,5143.48,0.8962,3.576388335,5.955435383,0.486077745,-2.983937281,-3.016295734
12.75201,19.40639,1.521829892,5966.28,0.893,3.394004812,4.873421202,0.417097135,-2.969084677,-2.969061561
18.12398,21.25654,1.172840623,5532.41,0.90656,4.011416182,5.895228844,0.54831119,-2.937977972,-2.955283126
18.35142,20.0972,1.095130513,3139.75,0.83054,1.77446854,7.414733186,0.331500599,-3.215754359,-3.292565674
13.79739,16.86928,1.222642833,6039.4,0.8762,3.028124719,5.832729047,0.47067895,-3.083137945,-3.115094377
29.01843,34.14523,1.176673928,6774.37,0.93272,6.523840499,4.296768672,0.620068842,-2.715235423,-2.817748111
20.11574,23.93186,1.189708159,5488.45,0.8913,4.0573944,6.971418159,0.600953901,-3.012122956,-2.969223529
7.73965,11.89444,1.536818848,5145.26,0.82258,1.844362182,8.12809362,0.524175234,-3.288932462,-3.289189623
6.11719,9.57919,1.565946129,2261.35,0.68696,0.8442548,12.04675661,0.578553948,-3.929203571,-3.910018683
18.71949,25.58452,1.366731679,5986.74,0.92556,5.218715112,4.992942757,0.576240426,-2.771268572,-2.854060936
16.62623,19.9341,1.198954904,5522.17,0.89372,3.756041388,5.805045356,0.50948094,-2.991763786,-3.004426336
20.5596,24.15256,1.174758264,6059.22,0.92922,5.509263926,4.859919101,0.575044239,-2.778632093,-2.79159586
7.19557,9.93028,1.380054673,3546.51,0.76006,1.134926086,8.696424027,0.454284477,-3.319232488,-3.346063564
15.06432,16.24985,1.078697877,4434.26,0.8366,2.197640544,7.958819434,0.477448544,-3.271330966,-3.303966954
11.17877,14.4303,1.290866526,3626.72,0.80558,1.564752568,9.147757117,0.478354534,-3.344968994,-3.342381922
17.13968,20.62656,1.203439037,5811.06,0.906,4.165976935,5.65807568,0.55953907,-2.965183346,-2.955160538
28.50555,31.69252,1.111801737,5154.63,0.90436,4.242276408,5.771955931,0.53957762,-2.941570869,-2.909225629
7.32594,9.98914,1.363530141,3819.35,0.75958,1.330640217,9.866377591,0.56569264,-3.470828297,-3.499563744
8.76536,12.11424,1.382058467,2486.97,0.76622,0.913274556,9.182630018,0.322443077,-3.485763,-3.464337301
21.4654,23.86692,1.111878651,3964.01,0.87132,2.466567776,8.130180211,0.531757279,-3.181858683,-3.23071056
15.16328,20.60925,1.359155143,4712.31,0.87732,2.944026846,7.793120005,0.564947133,-3.128264758,-3.16583597
20.67058,23.33222,1.12876465,6365.06,0.91694,5.138415673,5.126131675,0.590531451,-2.865193782,-2.948447828
8.96308,15.88859,1.772670778,4432.85,0.82568,1.859811379,7.436428402,0.406767033,-3.285352826,-3.286614003
16.3805,19.96396,1.218763774,5302.15,0.89144,3.518902297,5.879252124,0.485682856,-2.981817789,-2.986757739
10.27695,15.10836,1.470120999,3938.58,0.82492,1.61319467,5.956917821,0.265285071,-3.166084558,-3.138598015
11.78526,14.19441,1.204420607,4174.36,0.85066,2.042528465,7.105311848,0.394301042,-3.206043363,-3.266208314
20.4903,23.5243,1.148070062,6472.42,0.91108,4.876649271,5.784243811,0.62594778,-2.941882819,-2.950536676
19.44859,22.07278,1.134929576,3194.78,0.85572,1.956996034,7.336150085,0.345285261,-3.172833576,-3.225621508
20.04354,26.99004,1.346570516,6700.45,0.91886,5.416145993,5.518830594,0.650075352,-2.899899569,-2.931936789
8.2883,11.04614,1.332738921,4398.43,0.7948,1.544533599,9.495764614,0.605738561,-3.408401661,-3.378488319
10.45199,14.77118,1.413240923,3105.55,0.80742,1.214693303,7.84300263,0.322560163,-3.286407803,-3.257113538
4.76695,8.95998,1.879604359,1256.36,0.62578,0.52143988,13.68968411,0.739905842,-3.673738357,-3.717117874
11.77284,14.36093,1.219835656,5292.91,0.86318,2.707378656,6.806239823,0.492435291,-3.193286805,-3.197260994
15.36812,20.44846,1.330576544,6014.9,0.89348,3.661218084,5.508954459,0.490907301,-3.008432784,-3.035278748
8.5844,11.82717,1.377751503,4204.43,0.79442,1.508087924,8.83388955,0.514066874,-3.396395282,-3.383254626
21.30924,24.17639,1.134549613,5879.35,0.90894,4.510152234,5.027665234,0.513411224,-2.920748402,-2.977768997
16.5865,21.59321,1.30185452,3706.5,0.83142,1.673240865,6.168819776,0.255002801,-3.15620736,-3.211636847
26.1844,29.53452,1.127943356,4857.39,0.87942,2.780994545,5.576601995,0.404270698,-3.045857727,-3.095454978
6.40366,10.56635,1.650048566,3110.9,0.72012,1.000689249,12.30219473,0.702397477,-3.733737134,-3.735626527
19.06215,21.40567,1.122941011,3519.58,0.80502,1.418627437,8.228232705,0.43056375,-3.366086213,-3.36961313
10.16501,18.19793,1.790252051,5426.31,0.85904,2.537814332,6.759805347,0.513595117,-3.208447874,-3.237865875
11.1959,19.36366,1.729531346,5103.38,0.86268,2.644229885,6.32609605,0.470019158,-3.118971643,-3.070283272
33.2727,36.41606,1.094472646,7280.35,0.95314,9.625343351,3.395705895,0.746665685,-2.500977673,-2.544356389
23.3839,28.7604,1.229923152,6800.13,0.94982,8.155411497,3.692817731,0.654065346,-2.588899203,-2.672591672
8.94389,13.11282,1.466120446,4470.28,0.82408,1.862121483,6.987152238,0.41987317,-3.194285001,-3.221321835
16.86337,22.24239,1.318976575,5578.49,0.91206,4.27420602,5.318923082,0.52701835,-2.91932451,-2.914850552
9.22187,13.52432,1.466548542,3636.1,0.7911,1.42267029,8.322863449,0.399849154,-3.320163896,-3.316438711
8.05896,10.76511,1.335793949,4148.72,0.79336,1.464201477,8.534924915,0.505973462,-3.316209376,-3.311225168
12.5219,15.64711,1.249579537,4467.96,0.83914,2.252168592,7.68442187,0.501369373,-3.246514663,-3.180231938
24.79923,28.4702,1.14802758,6584.2,0.93374,6.219211659,3.995524346,0.577840181,-2.709614062,-2.704477352
18.02677,21.60324,1.198397716,5713.61,0.9162,4.393085757,4.822321269,0.497940814,-2.884754793,-2.982750185
17.19999,21.22135,1.233800136,5455.17,0.89548,3.593808318,6.417058564,0.536256176,-3.052129561,-3.012160315
31.82826,33.00797,1.03706486,5105.61,0.91118,4.374069914,5.857989054,0.532013362,-2.886029198,-2.937810052
20.54813,26.75375,1.302004124,6017.68,0.9327,5.800373134,5.007889129,0.593678221,-2.795396297,-2.785912085
8.78188,16.78847,1.911717081,3927.49,0.80842,1.603941106,8.050781044,0.422295779,-3.338859399,-3.322624427
23.18906,25.51349,1.100238216,6432.24,0.93592,6.290757308,4.505854276,0.61810876,-2.708102559,-2.761870648
15.09269,17.69212,1.17223106,6083.39,0.86742,2.903663137,6.436547299,0.534457034,-3.120979269,-3.143360576
10.77023,14.87717,1.381323333,3935.1,0.82888,1.646239615,6.369531496,0.341965153,-3.161554696,-3.1479966
29.56243,34.05615,1.152007802,6491.98,0.9339,6.34542082,4.394590499,0.624650492,-2.73076737,-2.693588394
11.05406,14.34607,1.297810035,5137.86,0.8474,2.41499497,6.848037993,0.481460099,-3.19956838,-3.198168742
11.26667,14.18891,1.259370337,2701.63,0.78602,1.140900534,9.713031368,0.34210077,-3.551130578,-3.590211847
22.78873,24.7238,1.084913464,4272.93,0.89024,2.666946271,5.435861507,0.354165352,-3.005083696,-3.019865842
11.01327,17.17384,1.559377006,4188.61,0.82104,1.976447479,9.317017755,0.546551272,-3.379342786,-3.396911228
20.3586,24.04343,1.180996237,4986.13,0.87902,3.002609717,6.722788403,0.511483017,-3.131635181,-3.11547842
13.86624,18.63404,1.343842311,3422.2,0.82624,1.727267216,8.632374113,0.469014292,-3.259710243,-3.261179779
11.10563,15.1411,1.363371551,3739.25,0.80882,1.738463192,9.818031543,0.443261439,-3.362674175,-3.312308769
8.92553,12.51792,1.402484782,3377.53,0.80584,1.324455854,8.351489019,0.376179857,-3.389243432,-3.353943502
10.54429,13.38695,1.269592358,5175.91,0.834,2.30008053,7.453625685,0.520359237,-3.287314229,-3.305662855
10.89202,14.13126,1.297395708,5683.59,0.85702,2.349293721,6.394665608,0.453934489,-3.100772337,-3.109795495
11.07547,15.57526,1.406284338,5817.86,0.87124,2.927248842,6.206673667,0.519556231,-3.125544559,-3.136943382
10.63859,16.12447,1.51565856,4449.02,0.83276,2.077998558,9.040647842,0.527309779,-3.325829347,-3.272483345
16.73046,20.16603,1.205348209,5942.09,0.89872,3.956121353,6.034639096,0.573120986,-3.047471906,-3.012141571
11.53246,15.67282,1.359017937,5127.36,0.85994,2.3935692,5.95772049,0.41353081,-3.104449792,-3.074151821
9.64064,14.5743,1.511756481,4764.78,0.81582,2.069353869,8.429005629,0.543487432,-3.349024681,-3.357710672
22.11137,23.76905,1.074969574,6505.31,0.90182,4.20888055,5.050789945,0.505157817,-2.950175284,-2.967794311
19.70344,20.69166,1.050154694,4291.17,0.83688,2.569031517,8.793050587,0.627570201,-3.321812298,-3.271553992
9.25424,14.46377,1.562934395,5028.54,0.83012,2.166187826,7.266609912,0.482894234,-3.275284674,-3.275245443
14.6887,17.36878,1.182458625,5548.5,0.87192,3.069254652,6.826025938,0.537404322,-3.200068041,-3.205840158
19.06597,23.90483,1.253795637,6013.97,0.92418,5.08601618,4.696184394,0.514527628,-2.768601053,-2.770194632
16.53238,19.19297,1.160932062,5313.69,0.88258,3.416972198,7.13286675,0.571397175,-3.097979164,-3.144873089
12.54454,15.84164,1.262831479,5376.85,0.8577,2.339422141,6.961109394,0.491935439,-3.159577631,-3.128547691
20.99161,23.84146,1.135761383,6158.8,0.92192,5.1512544,4.890972517,0.549139839,-2.793293408,-2.918261076
16.73827,20.13518,1.202942717,4118.62,0.88992,2.726846532,5.930940734,0.371038794,-2.981785869,-3.034079392
14.36227,18.10371,1.260504781,3738.17,0.87134,2.114128074,6.229962864,0.334137943,-3.092521548,-3.091636246
11.97743,14.61113,1.219888574,5041.39,0.8353,2.191853432,7.910633579,0.505039595,-3.269527351,-3.223688765
12.80502,16.95411,1.324020579,5851.52,0.86246,2.636968187,6.271120375,0.463194495,-3.168214678,-3.111592967
10.62707,16.0728,1.512439459,5279.82,0.85022,2.317578784,6.531951626,0.416612998,-3.154368008,-3.159977173
11.84554,14.7072,1.24158122,3586.09,0.80572,1.70600379,8.711872909,0.464290585,-3.370362186,-3.340384184
11.04371,13.68137,1.238838217,5098.26,0.80782,1.88799454,9.194187992,0.612189725,-3.49347506,-3.488626643
17.5167,23.51143,1.342229415,5699.75,0.92164,4.798458895,5.098106522,0.537454974,-2.87709634,-2.839655646
25.24992,27.4649,1.087722258,5058.89,0.89364,3.633465747,6.246250024,0.511486442,-2.961642841,-2.96998505
27.67103,31.87501,1.151927124,5530.73,0.91944,4.760238157,5.374516337,0.535083135,-2.868845165,-2.863335693
15.5503,19.11992,1.229553128,4277.25,0.86532,2.393083918,7.979688009,0.474279204,-3.229471804,-3.227851443
22.4117,25.46733,1.13634084,6150.26,0.93698,5.971829191,4.371904491,0.564817634,-2.690296534,-2.689552983
16.95526,20.74545,1.223540659,5465.34,0.90304,3.835102159,5.937480781,0.528371128,-3.005857156,-2.961725625
11.56884,15.07776,1.303307851,4782.99,0.82988,1.985506102,7.758343207,0.524551987,-3.192833928,-3.210907254
10.31385,12.96127,1.256685913,2725.19,0.76902,1.19695741,8.284778026,0.303262734,-3.655516371,-3.634561168
19.30967,20.84028,1.079266502,4691.65,0.88566,2.87287047,5.592594568,0.380218115,-3.005167837,-2.939645505
15.72,18.71053,1.190237277,5939.2,0.86718,2.824000651,6.433623373,0.50832351,-3.115125249,-3.093222552
13.30814,18.3911,1.381943683,5383.9,0.89128,3.057994435,5.122759556,0.386893244,-2.991727229,-3.019863655
21.7488,24.34472,1.119359229,6405.94,0.92634,5.569189517,5.024332773,0.615026014,-2.850782435,-2.884496236
14.88775,17.31506,1.163040755,5264.91,0.8706,2.611653747,6.201437959,0.456069266,-3.055189187,-3.11596436
16.91424,19.25851,1.138597419,5600.81,0.8886,3.689433257,6.799319041,0.564765442,-3.100704981,-3.118252994
11.14905,14.17996,1.271853656,5078.16,0.8325,2.042528761,7.493855778,0.494807194,-3.28294068,-3.274213954
5.83076,9.35338,1.604144228,2352.77,0.69466,0.805271254,10.89470454,0.499948459,-3.641498688,-3.648080826
8.38381,11.04706,1.317665835,4514.51,0.81322,1.62734806,7.635980857,0.456667618,-3.261293108,-3.306978746
24.65837,27.1806,1.102286972,4925.53,0.90814,3.708722322,6.312917672,0.531003168,-2.985689147,-2.94709828
10.25917,15.95468,1.555162845,3767.67,0.80522,1.56055529,8.160265984,0.431866207,-3.346358156,-3.338716766
9.68307,13.39344,1.383181161,5247.94,0.83202,2.081647665,7.959044492,0.528486917,-3.295164056,-3.256747474
18.11718,21.45871,1.184439852,5946.74,0.89174,3.56217244,5.041645067,0.467856846,-2.944855249,-3.015923065
16.76438,20.93479,1.248766134,5637.45,0.90694,4.25092922,5.86395736,0.555780846,-2.952325324,-2.948277109
6.38304,9.72569,1.523676806,2175.19,0.68988,0.746038818,10.85473632,0.410915773,-3.5868184,-3.601565606
15.55386,20.72575,1.332514887,4764.46,0.85054,2.415757782,7.277696307,0.506044368,-3.195106495,-3.184279454
27.3679,30.13045,1.100941249,6807.82,0.95132,8.500379752,3.443671468,0.66337823,-2.503214123,-2.468538287
25.92741,29.18289,1.125561327,6018.84,0.9341,5.785512991,3.40672213,0.48012926,-2.652177052,-2.66369054
16.38831,20.21324,1.233393803,5792.21,0.89344,3.77383356,6.77049105,0.583256388,-3.070438413,-3.054271166
20.33516,25.27402,1.242872935,4685.01,0.92748,4.244662594,4.644878162,0.425654887,-2.773174381,-2.786489904
17.64501,20.51841,1.162844906,5255.85,0.90786,3.852610674,5.1992967,0.460137188,-2.900494819,-2.950211025
16.28883,20.32512,1.247794961,5252.04,0.88928,3.407934269,5.853205896,0.469897214,-3.019162606,-3.002545968
11.82316,16.19276,1.369579706,3843.4,0.81014,1.674569545,9.432892791,0.503366882,-3.400289039,-3.400817557
17.01606,20.45246,1.201950393,5418.4,0.89996,3.709186828,5.660103928,0.495461564,-2.947388757,-2.930177776
16.79021,20.22359,1.20448702,5518.83,0.90266,3.84819689,5.789618962,0.529814716,-3.010375096,-2.974917955
11.49316,15.75483,1.370800546,4963.78,0.85928,2.451912239,6.778215992,0.48392219,-3.164520043,-3.120220601
8.1071,10.88288,1.34238877,3316.09,0.75128,1.276072453,10.01652641,0.553118941,-3.437918902,-3.468611991
19.34376,25.03638,1.29428715,6000.16,0.92626,5.271196954,5.12096105,0.564332934,-2.838510855,-2.83427548
15.84065,19.10552,1.206107073,5936.16,0.8969,4.061568837,7.14657316,0.634613305,-3.099041814,-3.090158671
19.33419,20.48935,1.059747008,2474.68,0.8245,1.588644228,10.22982465,0.374572995,-3.377984655,-3.406019314
17.63551,20.64173,1.170464024,4107.15,0.85174,2.425828722,8.434453281,0.504606792,-3.237924672,-3.239945257
18.78353,20.90916,1.113164565,4618.55,0.90308,3.257664573,5.666447146,0.41986202,-2.94570232,-2.944960018
21.16985,22.36524,1.056466626,5203.22,0.86866,3.179563764,7.481769985,0.605554211,-3.212114772,-3.185432403
11.15457,16.01991,1.43617459,4909.58,0.8594,2.452555578,6.364458461,0.417312476,-3.150188648,-3.175361171
8.31981,12.25376,1.472841327,3507.39,0.77862,1.249819418,7.438632325,0.35894226,-3.306224641,-3.298302577
17.84585,19.62854,1.099893813,4847.7,0.86376,2.747144752,7.066021142,0.518827023,-3.181723428,-3.183159141
18.19119,22.42794,1.232901201,4500.62,0.9145,3.582691818,5.540763519,0.446444701,-2.905510386,-2.88418667
16.44082,19.85851,1.207878318,5955.12,0.89506,3.808441835,6.171450433,0.571459907,-3.041694891,-3.063384986
21.75248,22.52642,1.035579391,4682.83,0.85682,2.805695088,7.787945779,0.561183722,-3.209278689,-3.282968334
17.45527,20.80222,1.191744384,5162.72,0.90358,3.687750488,5.358414898,0.458541972,-2.936261116,-2.909127382
12.31921,16.12656,1.309057967,5336.61,0.88812,2.96067633,5.111692304,0.398197106,-3.02156704,-3.073020225
17.61194,20.99735,1.192222435,6103,0.9058,4.360006161,5.247063908,0.525891359,-2.924478991,-3.022154386
15.73234,19.02663,1.209396059,6347.27,0.89814,3.783920424,5.382307295,0.502106049,-3.007823206,-3.034087376
10.29717,14.73053,1.430541595,4613.97,0.80882,1.847988009,9.049616393,0.551158522,-3.363109488,-3.39795031
19.59995,21.26295,1.084847155,2837.33,0.84036,1.561815837,7.632578181,0.339056122,-3.231544819,-3.201507004
18.62111,21.61718,1.160896423,4742.87,0.8558,2.869905231,8.335684501,0.602404637,-3.296802827,-3.280995245
17.04338,20.1798,1.184025704,4171.88,0.8849,2.688840204,6.511648235,0.408412666,-3.092863558,-3.159920288
9.91482,16.26449,1.640422116,3652.18,0.80184,1.603484375,9.239268763,0.451203831,-3.397803342,-3.407288627
17.98444,21.33983,1.186571837,5020.44,0.88298,3.28674218,6.827700846,0.521521759,-3.083193891,-3.041917662
19.50205,20.61703,1.057172451,3500.47,0.84392,2.046089876,7.485922837,0.365507691,-3.263597512,-3.228205262
16.09202,22.68939,1.409977741,5944.16,0.91986,4.659075944,5.221327512,0.538929439,-2.873993459,-2.89335627
7.3369,11.81286,1.61006147,3189.13,0.76016,1.097203298,9.29875414,0.464343262,-3.54248364,-3.522620948
12.27745,13.53398,1.102344542,3463.83,0.77654,1.418742144,10.5533059,0.521831434,-3.702829545,-3.607222184
6.49868,11.13066,1.712757052,2545.44,0.68882,1.0220776,12.78663822,0.673147799,-3.919567399,-3.901231329
27.85461,31.94456,1.146832068,5815.68,0.92828,5.375288082,5.165236898,0.596273615,-2.791561808,-2.766164623
17.6428,24.66179,1.397838778,6342.95,0.9304,5.64587088,4.903661219,0.607308787,-2.746994586,-2.795453481
6.503,9.78296,1.504376442,3008.15,0.7197,0.968956241,11.54271634,0.703353455,-3.644859773,-3.631796936
9.03513,14.44105,1.598322326,4431.06,0.82658,1.783417227,7.276575579,0.402517027,-3.265297886,-3.268633906
13.82912,16.65844,1.204591471,4621.74,0.83496,2.01084221,7.042802676,0.39630843,-3.256554057,-3.198257286
21.5107,26.82135,1.246884109,5951.21,0.92584,5.312797677,4.888354085,0.549308164,-2.777117019,-2.834640223
17.4532,19.5692,1.121238512,3741.66,0.82998,1.90049414,9.287628526,0.551145844,-3.355580475,-3.346062031
11.99493,16.81484,1.401828939,5933.82,0.87492,2.992632321,6.46334353,0.503486061,-3.139442664,-3.120060427
14.72279,17.24905,1.171588401,4339.66,0.88566,2.484528852,4.766302509,0.291749756,-3.021440844,-3.083736799
31.37653,32.92112,1.04922756,5985.05,0.91516,5.025010844,6.037991622,0.627014004,-2.864577593,-2.910214464
20.04564,22.01303,1.098145532,5498.13,0.87024,2.932777046,7.446776324,0.582127473,-3.255439256,-3.256650409
16.71263,19.96758,1.194759891,4402.2,0.88764,2.857014111,6.062984752,0.412562072,-3.073858682,-3.039346283
9.15679,12.96069,1.415418504,5024.91,0.81904,1.983512705,7.770672488,0.517011697,-3.351605592,-3.274339258
19.59617,23.50089,1.199259345,4642.73,0.86606,2.730396731,6.60854251,0.455499981,-3.135102822,-3.184345346
8.89539,13.72689,1.543146506,4375.15,0.80286,1.666348421,8.66011206,0.527728025,-3.330647596,-3.364205747
19.12146,24.57859,1.285392956,5949.63,0.93024,5.380064197,4.62325265,0.531925326,-2.755568508,-2.830003219
8.1148,12.24502,1.508973727,4976.71,0.82262,1.810909219,7.716652479,0.494424323,-3.295132788,-3.328498702
21.8767,25.55813,1.168280865,6222.48,0.93624,6.076600053,4.377547574,0.584690793,-2.718586029,-2.71627797
20.52056,21.53778,1.049570772,5054.2,0.87142,3.095179743,7.18429053,0.548755686,-3.209537574,-3.154937107
10.6425,14.28319,1.342089735,4396.28,0.81506,1.765972752,7.947613692,0.452549906,-3.335706757,-3.324841175
28.83607,30.84377,1.069624606,5290.58,0.90654,4.296805384,5.874428708,0.518333547,-2.872757991,-2.942197498
10.62931,16.435,1.546196319,5485.51,0.86076,2.590286576,6.610009378,0.493946866,-3.163368992,-3.173073964
21.20763,21.97378,1.036126149,4538.44,0.86662,2.92675184,6.422044485,0.463667002,-3.10514505,-3.109177175
15.8586,21.66851,1.366357055,4292.84,0.84392,1.989195101,6.364245734,0.330313222,-3.201939572,-3.133110535
22.26421,27.20176,1.221770725,6610.5,0.9242,5.843523565,4.752944964,0.605663715,-2.814465134,-2.76009764
17.6251,23.68141,1.343618476,4689.76,0.886,3.013093011,6.831593311,0.467712447,-3.025403703,-3.029172549
17.08665,23.22498,1.359247132,5926.17,0.91658,4.772810114,5.35026246,0.566370755,-2.876905158,-2.857515972
8.95367,12.66518,1.414523877,4267.62,0.80048,1.530165369,8.451741914,0.501436783,-3.362687698,-3.340576915
23.20719,25.28223,1.089413669,4672.62,0.89548,3.406304562,6.833283342,0.549962475,-2.966453192,-3.021168289
9.67697,16.51791,1.706929958,4345.48,0.84102,1.923456926,6.795610841,0.395405762,-3.232977277,-3.230826784
6.01879,9.40682,1.562908824,1893.61,0.64688,0.765848426,13.28084111,0.734042328,-4.021083176,-4.025422077
5.2784,7.99484,1.514633222,1736.66,0.62816,0.728395191,16.01457324,1.069423567,-4.097881714,-4.06852627
22.49879,27.21202,1.209488155,5994.06,0.92472,5.239741163,4.802161314,0.543213652,-2.796907889,-2.914356267
17.10893,19.68904,1.150804872,5364.05,0.88924,3.523012254,7.075943978,0.565606182,-3.088764903,-3.106210374
10.10342,13.75218,1.361141079,5341.88,0.84616,2.29777435,7.047488608,0.504825487,-3.243002052,-3.202570604
7.79685,10.18404,1.306173647,1513.53,0.70038,0.545123403,11.27468015,0.25876839,-3.718666484,-3.703445675
9.12713,11.3522,1.243786382,2032.26,0.70164,0.901346933,15.632113,0.798034528,-4.010411853,-3.898383828
7.01872,9.58942,1.366263364,2759.02,0.7284,0.915982153,9.628953787,0.45150432,-3.445591419,-3.471167046
19.88142,21.96893,1.104998033,5101.48,0.8618,3.05134315,8.904257459,0.692408054,-3.290966691,-3.255781227
7.09957,11.41445,1.607766386,2679.6,0.74964,0.929192516,8.800467044,0.319508467,-3.465508233,-3.415585627
14.22252,16.84734,1.184553792,4659.1,0.83922,2.071815635,7.086528297,0.426557912,-3.254575125,-3.221943372
18.11027,20.71688,1.143929936,3357.07,0.84998,1.855652998,7.478226607,0.349704976,-3.216316144,-3.230273483
4.44571,8.56032,1.925523707,909.271,0.62878,0.387762402,13.89193892,0.382718572,-4.332411521,-4.337862809
17.30971,19.55109,1.12948686,4988.07,0.88456,3.187442796,6.868572692,0.496925225,-3.093816913,-3.125202377
18.77134,21.03291,1.120479944,5422.71,0.89192,3.382289925,6.234456437,0.505948845,-3.023969519,-3.019190805
5.45965,8.37697,1.534341945,1864.4,0.64574,0.71791565,12.92315542,0.634307474,-3.818039517,-3.886837752
15.75071,20.76882,1.318595797,5793.41,0.89994,4.021790621,6.087925214,0.553432709,-2.999680378,-3.028198575
19.37631,24.70018,1.27476181,6363.09,0.9323,5.93077476,4.719779299,0.617969661,-2.738054189,-2.74521426
24.62855,28.4663,1.155825252,6386.46,0.93778,7.230489291,4.019049797,0.630252368,-2.652709276,-2.608610489
20.14191,23.96734,1.189923895,4685.46,0.86662,2.964830653,7.648670229,0.539921592,-3.221821555,-3.22803538
17.41687,20.87718,1.198675767,5483.24,0.90424,3.859342123,5.665812527,0.492989549,-2.989069763,-2.963610877
22.8915,28.96873,1.265479763,6379.8,0.95138,7.884081511,3.062995204,0.591707143,-2.520425307,-2.587347823
16.20664,20.12374,1.24169723,5920.03,0.9211,4.612742005,4.321780044,0.490577411,-2.807765086,-2.85033985
12.68051,15.05685,1.18740098,2754.5,0.80822,1.237037978,8.732381187,0.313164292,-3.402229846,-3.376104845
21.86535,27.56884,1.260846042,6354.35,0.93202,6.081775945,4.540814551,0.590636837,-2.739267033,-2.736634635
14.3181,21.20131,1.480734874,5970.51,0.91416,4.312624721,4.47153727,0.46085277,-2.894631682,-2.926311497
12.34569,16.64567,1.34829807,2966.16,0.79608,1.311630988,9.511857888,0.481356062,-3.35010164,-3.356894543
9.92741,13.13681,1.323286738,3664.87,0.77808,1.491600545,9.760748577,0.523949247,-3.531829751,-3.517869593
13.04596,19.03645,1.459183533,6007.56,0.88362,3.339948065,5.782801327,0.491561955,-3.093289263,-3.094816165
11.18427,16.30665,1.4579986,4521.77,0.85322,2.196767234,6.917087647,0.417590063,-3.146887398,-3.156799528
6.36904,10.21541,1.60391676,3090.27,0.72496,1.020912253,11.00642018,0.640040277,-3.631659843,-3.653739856
17.69292,23.84922,1.34795274,6042.3,0.9278,5.242933511,4.801859437,0.534971024,-2.788580253,-2.827610659
17.1766,20.0995,1.170167554,5576.18,0.90088,3.894434238,5.845365683,0.521265134,-2.971085563,-3.02656298
16.92264,20.12635,1.189315024,4986.21,0.88452,3.226267681,6.490907416,0.48618812,-3.108927502,-3.115439754
6.7941,9.84871,1.449597445,3321.4,0.73764,1.069886983,10.33023312,0.608121068,-3.501511182,-3.544337822
11.68133,15.50661,1.32746956,4261.7,0.8533,2.17077179,6.482329329,0.381511921,-3.159000412,-3.182151803
27.49809,31.2586,1.136755316,6250.68,0.93518,6.205903432,4.205027916,0.584212046,-2.723087102,-2.861019633
14.46799,18.10476,1.251366638,5472.53,0.8729,2.636881297,5.810260715,0.423971226,-3.057246206,-3.123498277
21.17766,23.91387,1.12920266,5975.8,0.90346,4.379159416,5.679662537,0.562707414,-2.977062517,-2.905053658
10.71898,14.11047,1.316400441,4899.21,0.8315,1.848969336,7.499235762,0.459572596,-3.22063555,-3.241514714
15.18639,21.56166,1.419801546,6431.2,0.9133,4.774576023,4.698630885,0.523395472,-2.880497366,-2.90392765
15.16868,16.5181,1.088960938,2782.24,0.77792,1.480170713,11.56222089,0.699545431,-3.624128934,-3.598750091
18.18814,25.53851,1.404129834,6183.32,0.93098,5.73539015,4.38530433,0.560751548,-2.750159539,-2.759208839
23.89419,26.34754,1.102675588,4221.05,0.87112,2.852091464,7.680865946,0.50602706,-3.162751003,-3.174454497
20.98502,24.86973,1.185118241,5137.74,0.90432,4.121486127,5.251008281,0.466981531,-2.88021774,-2.914744221
20.19527,24.14368,1.195511622,5107.82,0.90018,4.056765332,5.486583042,0.503582578,-2.94442143,-2.858607033
8.45805,12.57373,1.486599157,4519.75,0.8015,1.679075555,9.409971957,0.572803479,-3.431601284,-3.445264526
11.05204,14.11703,1.277323462,3034.68,0.80854,1.226325951,7.925813336,0.323538638,-3.308624636,-3.313118846
15.45091,25.60278,1.657040265,3279.08,0.80244,1.725065299,11.46881367,0.583968905,-3.754633348,-3.648642583
18.86189,23.08752,1.224030042,6768.27,0.92418,5.664117085,4.878735625,0.615126314,-2.869549418,-2.947540952
11.29634,14.41978,1.276500176,3891.76,0.8046,1.731242187,9.618010889,0.572838061,-3.389085756,-3.3650437
19.46122,23.51128,1.208109255,5008.86,0.87978,3.003964176,6.908887852,0.542452673,-3.089194834,-3.042293017
20.3245,22.91711,1.127560826,6012.55,0.93122,5.307609005,4.287513143,0.516262212,-2.784148341,-2.7901152
10.52984,13.33282,1.266193978,4629.04,0.8242,1.81355701,7.533525427,0.461729933,-3.257492406,-3.259341877
8.97315,12.7159,1.417105476,3182.93,0.81894,1.282037634,7.236323253,0.300956826,-3.279822212,-3.325508443
22.23499,25.71608,1.156559099,5432.63,0.91352,4.276258508,5.494333141,0.507860649,-2.92630356,-2.895459366
11.7527,15.59677,1.327079735,5512.66,0.85964,2.63759596,6.428585738,0.477704424,-3.167971218,-3.165015081
8.44438,11.80497,1.397967642,4412.12,0.80528,1.615879475,8.865558961,0.56541834,-3.298821066,-3.338358868
16.36142,21.83661,1.33464027,4184.86,0.91188,3.200702001,5.311022173,0.364540632,-2.900525093,-2.946125257
20.81322,22.05183,1.059510734,4526.07,0.8758,2.817218552,7.173869475,0.487059286,-3.17199625,-3.131272151
21.54003,26.94123,1.25075174,6479.63,0.92718,5.892019674,4.711490452,0.6022156,-2.782981511,-2.782305468
24.60174,28.5035,1.158596912,6931.97,0.93012,6.177531299,3.944068408,0.575104032,-2.767190452,-2.84118202
15.76066,18.3773,1.166023504,5829.39,0.86904,2.742420035,6.688094867,0.531653456,-3.089154852,-3.082136237
21.52851,24.72866,1.148647073,5445.69,0.88476,3.30969161,6.12826964,0.487944704,-3.042822049,-3.07563624
11.35704,15.42623,1.358296704,5207.35,0.85006,2.465757398,7.101800832,0.511235873,-3.208709158,-3.218562518
5.38882,8.91146,1.65369413,1064.82,0.63208,0.410119322,10.19604365,0.172276493,-3.786293511,-3.797534108
9.29167,10.48038,1.127932869,3062.37,0.76278,1.169292841,7.901284918,0.312933298,-3.4291243,-3.450679831
16.37018,20.29835,1.239958876,5724.88,0.90536,3.755901265,4.721364157,0.433246406,-2.905658709,-2.937237752
24.30297,27.03611,1.112461152,5640.51,0.93188,5.99630652,4.035147358,0.537699426,-2.691001616,-2.760125467
10.14368,14.04068,1.3841801,4694.05,0.8132,1.898966217,8.270248565,0.502771527,-3.344052943,-3.347752072
8.46703,13.18305,1.556986334,4855.76,0.79474,1.836288144,8.860285454,0.605454045,-3.420717335,-3.409967844
16.51647,20.1183,1.218075049,5623.49,0.89954,3.337488777,4.860620452,0.412879964,-2.949892707,-3.007872078
24.07936,30.32071,1.259199165,6346.56,0.9405,6.620721697,4.424824374,0.627165632,-2.679081687,-2.736810827
21.7191,22.96283,1.057264343,5070.89,0.8732,3.196485769,7.796999952,0.586413268,-3.200510483,-3.180758838
9.05126,16.36312,1.80782786,4046.06,0.82152,1.723395016,7.295069084,0.424930419,-3.256947165,-3.264618147
20.7914,22.66609,1.090166607,6049.08,0.88312,3.310826769,6.713440444,0.565338793,-3.105119064,-3.116349921
8.50338,16.34146,1.921760523,3863.56,0.79936,1.565503154,7.682835081,0.335807942,-3.392266083,-3.361721603
23.2354,26.84866,1.155506684,6140.07,0.9316,6.395847779,4.39599239,0.598675588,-2.714735769,-2.677943842
13.79169,18.69696,1.355668522,5874.14,0.8821,3.234595245,6.028672138,0.482888029,-3.115596905,-3.103916511
14.14505,20.09929,1.420941601,4501.09,0.83638,2.231757137,9.105142245,0.589849954,-3.354275048,-3.326945512
10.6772,15.57478,1.458695164,4316.28,0.83306,1.750221651,6.136973208,0.313772759,-3.207427582,-3.208862434
17.51214,25.82127,1.474478276,5715.49,0.91614,4.391724111,5.038396765,0.509997621,-2.853425276,-2.870844767
16.89642,22.93182,1.357199928,5536.13,0.91594,4.589291619,5.969229548,0.547108599,-2.914483714,-2.960998982
27.88094,31.02165,1.112647206,6973.28,0.95442,8.646988476,3.172382058,0.652217989,-2.48323224,-2.578534789
12.24696,16.17667,1.320872282,3862.21,0.84412,1.699470098,5.47109226,0.257853285,-3.114648247,-3.148997173
11.52146,19.50616,1.693028488,5479.62,0.8756,2.852377416,5.858982083,0.431269242,-3.126015432,-3.117490037
13.29112,18.49328,1.391401176,6033.24,0.89004,3.464457817,5.986412399,0.520114651,-3.030533326,-3.035245338
8.49338,10.35501,1.219186001,3579.08,0.7731,1.263670972,9.772443823,0.50282509,-3.527513438,-3.441063076
6.66726,9.9984,1.499626533,1673.47,0.62312,0.717571001,16.99996005,0.743799025,-4.170297121,-4.04390404
25.52107,28.40792,1.113116339,6212.11,0.94712,7.043931607,3.737457572,0.582728958,-2.617724221,-2.646372305
18.80316,24.68558,1.312842097,6090.12,0.92316,4.793793555,4.591615743,0.496558683,-2.83361773,-2.86592006
14.63523,24.53954,1.676744404,5735.28,0.90954,4.032882398,4.973368065,0.478311562,-2.952733929,-2.984168637
27.69601,34.22945,1.235898239,7521.35,0.95698,10.14743244,2.920122164,0.725607382,-2.470313575,-2.521158626
16.57984,19.58553,1.181285827,5190.84,0.87324,2.890240754,6.672573732,0.491069341,-3.128375579,-3.154520218
15.59992,17.55587,1.125382053,5944.46,0.8931,3.1715762,4.552550617,0.384710966,-2.901443679,-2.878601075
7.92113,10.75453,1.35770149,4465.83,0.81732,1.642098411,6.427496276,0.338075572,-3.191708582,-3.215001685
10.57638,19.38142,1.832519255,5576.78,0.8833,2.8661356,5.112210378,0.38248311,-3.059270388,-3.130022522
24.55786,29.22405,1.190008006,5518.76,0.93712,5.710699029,4.377208378,0.537128068,-2.695198703,-2.662559666
12.33609,16.59133,1.34494236,5437.98,0.8823,2.796256446,4.991921118,0.358591021,-3.03260801,-2.983615642
14.66499,17.95426,1.22429405,5199.09,0.87212,2.693732066,6.481211354,0.447744356,-3.167774596,-3.141543969
11.53974,16.71756,1.448694685,5681.88,0.88386,2.918917848,4.933323632,0.376217998,-3.03758732,-2.980592043
9.7434,13.4426,1.37966213,5293.19,0.81686,1.842355733,8.162723296,0.528956713,-3.323485648,-3.276259395
10.96117,14.05929,1.28264501,5477.82,0.85994,2.485052522,6.480389524,0.464511715,-3.183949455,-3.097059478
23.24884,32.52568,1.399023779,7594.97,0.94416,7.754589134,3.325163439,0.621302177,-2.606143459,-2.573924261
40.53604,46.69477,1.151932207,6658.42,0.97084,14.52740011,2.937713236,0.973557847,-2.21700555,-2.284655986
14.92515,17.56223,1.176687001,5724.54,0.89166,3.407053609,5.609311424,0.483604783,-3.062701268,-3.05448833
9.9318,15.90926,1.601850621,4481.03,0.83208,2.011040323,7.139374131,0.463577166,-3.257620788,-3.244361398
22.12449,26.66438,1.205197498,6822.41,0.94226,6.918767301,3.865337744,0.59209898,-2.701158451,-2.744291295
11.94023,27.52307,2.305070338,3955.42,0.86564,2.35363211,6.539642964,0.392481938,-3.157451254,-3.11196249
15.12783,21.84759,1.44419854,5547.77,0.88354,3.103799567,6.018190818,0.474943037,-3.091547607,-3.050581265
9.28372,15.04881,1.620989216,4180.86,0.82112,1.64974966,6.309425246,0.321438996,-3.189291705,-3.212614908
13.19525,16.94027,1.283815767,6107.37,0.9014,3.898114513,5.712101586,0.519384229,-2.998107159,-2.931588832
18.75481,26.91779,1.435247278,5910.45,0.91584,4.516377193,5.169982659,0.537086663,-2.939840273,-2.910957495
15.29084,19.74285,1.291155358,4731.83,0.86388,2.460537634,6.548293802,0.4158603,-3.165395436,-3.126506658
29.75916,35.7619,1.201710667,7149.46,0.95664,9.810947682,3.308600332,0.745118404,-2.462257568,-2.466521861
12.89523,18.44236,1.43016914,6235.12,0.89562,3.537581022,4.935020024,0.44773816,-2.944407333,-3.003514408
7.66657,9.51204,1.240716513,3469.3,0.74396,1.100514637,10.1776615,0.593022722,-3.543363548,-3.513471413
15.94711,22.57217,1.415439537,6591.42,0.89984,3.679123395,5.135239827,0.477916556,-3.012788259,-2.948756156
11.70373,14.59043,1.246647864,5799.46,0.87386,2.694296365,4.949920551,0.365860635,-3.054591456,-3.034304609
18.08854,22.30384,1.23303705,5850.9,0.91754,4.764436782,5.496306042,0.549379548,-2.861771502,-2.866094605
19.90282,21.73432,1.092022136,3489.62,0.849,2.20597979,8.152136591,0.465833407,-3.222831308,-3.164379881
14.78062,20.58186,1.392489625,4150.19,0.87044,2.406657819,6.375210391,0.384633214,-3.120659482,-3.164269907
20.51951,26.26137,1.279824421,6019.77,0.91634,4.416564648,4.514837793,0.470958849,-2.860013194,-2.835910743
27.27603,33.83759,1.240561401,5359.23,0.9231,5.294917315,7.93165739,0.815633078,-2.826018862,-2.906715938
11.95333,14.36861,1.202059175,5002.49,0.87962,2.457773692,4.027059827,0.273017581,-2.933561306,-2.911472445
33.37727,40.73475,1.220433846,6370.76,0.9514,7.937130319,3.895763083,0.661292728,-2.55651118,-2.574097212
26.05079,34.87807,1.338848841,6723.54,0.9461,7.884298072,4.010281712,0.695804727,-2.599544847,-2.591965104
15.14977,20.8008,1.373010943,5041.12,0.87994,2.935011741,5.988996812,0.448751902,-3.080583599,-3.082150364
12.09613,15.29148,1.264163001,5854.29,0.87842,2.978553142,5.272022281,0.41855205,-3.012115454,-3.070623497
27.40868,35.58698,1.298383578,7002.83,0.95324,8.786431929,3.248677196,0.671191882,-2.524458221,-2.49299823
15.24215,20.90093,1.371258648,3735.84,0.8596,2.331605515,8.948388793,0.476584057,-3.233795352,-3.207257999
7.78261,9.4568,1.215119349,4514.93,0.8004,1.463757196,6.464589595,0.299775352,-3.231377296,-3.300791882
6.19708,11.15197,1.79955237,2914.93,0.74134,0.984527039,9.845935626,0.456036067,-3.622272659,-3.592499018
10.67201,12.51089,1.172308684,3694.09,0.784,1.407338264,8.752891943,0.458921498,-3.333281628,-3.299857136
21.81017,26.89211,1.233007812,6070.42,0.93498,5.897067171,4.42150702,0.558488892,-2.703029439,-2.748123048
26.42983,29.35601,1.110715052,6914.35,0.9489,7.891191537,3.331577466,0.62224985,-2.572552409,-2.560371151
25.70428,28.5401,1.110324818,6794.95,0.94702,7.670289796,3.888888895,0.650028934,-2.621376782,-2.706862076
21.48575,25.94802,1.207685094,5964.89,0.93422,5.768962387,4.251234671,0.540628431,-2.662155153,-2.746137018
9.3317,12.49562,1.339050762,2656.53,0.74476,1.163140461,12.65076555,0.746142559,-3.724148039,-3.751103727
11.16592,17.17663,1.538308532,5860.02,0.88446,3.072023007,4.930914723,0.393741781,-3.019827685,-3.037275183
23.55186,30.76766,1.306379199,6040.29,0.939,6.644682838,4.394995145,0.637579063,-2.663331591,-2.703200291
17.86063,20.17506,1.129582775,4802.18,0.87596,2.92986728,7.243786391,0.542533178,-3.109475985,-3.151214487
6.08229,12.53451,2.060820842,2714.09,0.73968,0.958724604,9.382919267,0.42417829,-3.545060231,-3.529644134
20.10621,21.46479,1.067570169,2829.32,0.80112,1.798612514,10.4968378,0.52147915,-3.450169725,-3.39146024
18.48876,26.83374,1.451354228,5876.46,0.9207,5.176979954,5.674297038,0.627814397,-2.809769994,-2.902912923
26.4476,34.07391,1.288355465,6711.15,0.9489,8.0313841,3.837451156,0.689576458,-2.576796761,-2.638974406
14.85007,20.65263,1.390742939,6010.95,0.90992,4.185195066,4.944183057,0.490074346,-2.93301256,-2.960844471
9.25459,15.43898,1.668251106,4382.04,0.82724,1.858189611,7.029646482,0.386307317,-3.261181231,-3.244204866
7.676,9.34164,1.216993226,2941.02,0.73958,0.985028389,10.27364747,0.46982742,-3.557659392,-3.555934069
28.37351,34.12039,1.202543852,6702.72,0.9519,8.517739698,3.873580426,0.725836884,-2.563295881,-2.581239512
9.99476,13.3502,1.335719917,3092.62,0.78386,1.320650132,10.8920177,0.547439519,-3.657895525,-3.574686516
24.4586,29.93609,1.223949449,6247.6,0.94856,7.89690138,4.234235437,0.695064776,-2.543310356,-2.62473299
25.45307,29.61872,1.163660022,6243.07,0.9373,6.440906248,4.583419484,0.658298095,-2.686587916,-2.715593458
36.94018,37.75735,1.022121441,5207.31,0.94382,7.092764602,4.015435776,0.584474971,-2.298871365,-2.466863908
14.60634,22.08797,1.512217982,5617.7,0.88836,3.206416008,5.562244105,0.438707293,-3.006269825,-2.999462031
24.6863,28.78951,1.166214054,7055.64,0.94448,7.085902918,3.421545286,0.564990228,-2.637305353,-2.663174939
14.97041,22.42915,1.498232179,5900.44,0.90024,3.692837805,4.976279948,0.451271033,-2.945834281,-3.059116037
7.97629,12.26961,1.538260269,4113.05,0.80494,1.519047062,7.419905205,0.376797902,-3.318768924,-3.308847704
16.62136,20.40167,1.227436864,5725.81,0.89914,3.783988519,6.19679344,0.535624892,-3.056361052,-3.06991208
14.33963,21.3709,1.490338314,5992.67,0.88336,3.281280181,6.140743803,0.517625609,-3.081461646,-3.078942525
19.8002,21.91774,1.106945384,5207.52,0.88096,2.953941898,7.062058093,0.509505419,-3.139849358,-3.157890944
10.45057,12.14902,1.162522236,5408.09,0.833,2.120013641,8.147285961,0.557992997,-3.278562169,-3.284444521
23.4811,27.26249,1.16103973,7191.69,0.9397,6.799615048,3.448745774,0.564649876,-2.634531904,-2.774530008
14.96878,20.18374,1.348389114,3780.47,0.82494,1.999815761,9.351607765,0.54351522,-3.387514734,-3.31634989
5.70544,7.43065,1.302379834,1668.31,0.64612,0.668173052,13.25758283,0.7835865,-4.034463695,-4.145644263
22.65596,25.51383,1.126142084,6263.22,0.92786,5.287011818,4.604412569,0.54042018,-2.820863385,-2.859464986
24.91917,28.26528,1.134278549,6237.21,0.94512,7.303638218,4.231707621,0.658041419,-2.631390688,-2.574628722
13.23659,15.24576,1.151789094,3764.9,0.81968,1.726609006,8.84612046,0.47804181,-3.377990969,-3.415929603
13.60567,17.69299,1.30041299,4186.81,0.81422,1.872144544,9.294489241,0.548764496,-3.473062856,-3.486874994
14.32242,19.51659,1.362660081,5218.71,0.87968,2.84036202,5.701326627,0.416008736,-3.059476886,-3.088187491
31.41894,41.19416,1.311125073,6936.34,0.9497,8.473638659,4.009441821,0.715507079,-2.534488464,-2.645296011
10.05738,14.13772,1.405706059,4628.93,0.83502,1.935847324,6.825166513,0.406313633,-3.230841526,-3.245185605
9.6049,10.97701,1.142855209,3661.64,0.77896,1.230149205,7.587941366,0.335241496,-3.319137097,-3.381078182
18.38338,22.26141,1.210953046,3224.1,0.86302,2.259841736,12.45752203,0.655740001,-3.549979071,-3.464056321
14.53753,21.7259,1.494469831,6228.64,0.89534,3.713840104,6.004326611,0.550358037,-3.010629244,-3.079166082
24.41785,27.63456,1.131736005,5911.63,0.93788,6.211537188,4.195994589,0.563184009,-2.672915499,-2.712911337
14.54181,18.68675,1.285036044,4340.26,0.85528,2.383537517,8.256878122,0.506907518,-3.296690114,-3.296229908
14.30135,20.78624,1.453446003,4197.05,0.82988,2.231502072,9.462025818,0.597330531,-3.349066882,-3.359991442
19.79551,23.68895,1.196682985,3355.69,0.8671,2.278646004,12.16302214,0.587944736,-3.334599795,-3.270616505
13.4753,20.5072,1.521836249,3897.7,0.8278,2.090921491,10.4914576,0.647162554,-3.444464905,-3.39769474
26.82128,30.39175,1.133120791,6517.82,0.94952,7.837039238,3.782380406,0.661725099,-2.555795826,-2.527783127
23.5259,30.19965,1.283676714,6104.86,0.9268,5.172798714,4.49886128,0.531072253,-2.766400928,-2.800461298
21.72352,29.63384,1.364136199,7140.57,0.93596,6.418202141,3.67781583,0.565409535,-2.704854523,-2.751528644
20.00893,26.66216,1.332513033,5862.88,0.92084,4.915288617,5.249478724,0.574617165,-2.850152416,-2.890387932
12.50257,14.6185,1.169239604,5471.39,0.88226,2.76336643,4.711952559,0.348171246,-3.017149661,-3.069702093
12.0777,13.42295,1.111382962,3317.67,0.79252,1.388079804,9.532947303,0.43661569,-3.544516694,-3.531506502
14.78954,21.75967,1.471287816,5641.98,0.89166,3.328654517,5.681004062,0.460652028,-2.99977127,-2.973238562
13.82952,18.58688,1.34400037,5833.1,0.88268,3.221118933,5.809064477,0.466238117,-3.04873389,-3.056896227
7.44859,13.35268,1.792645319,3356.74,0.784,1.171504352,8.130407639,0.366213995,-3.354602438,-3.320817691
19.90299,25.17089,1.264678825,5191.43,0.91046,3.630802361,5.042537327,0.433474151,-2.887694196,-2.89848399
12.69886,15.81072,1.245050343,5328.29,0.88702,2.826092497,3.930136855,0.298773811,-2.959359665,-3.009524661
5.40352,11.19528,2.071849461,811.993,0.6037,0.394399875,15.35914652,0.336218043,-4.167687777,-4.024433087
8.08002,14.28019,1.767345873,3352.44,0.78402,1.306970107,8.124136583,0.332106995,-3.411465455,-3.404357619
18.86611,25.18401,1.334880905,5209.94,0.9138,3.716205225,4.809523667,0.420885192,-2.826294506,-2.971572597
14.62418,18.53365,1.267329177,5719.48,0.8938,3.256208765,4.74548002,0.386374345,-2.962610731,-2.907736414
10.37335,13.66274,1.317100069,4035.13,0.81074,1.640350593,8.750990348,0.555409264,-3.333582679,-3.365772082
15.82487,22.25964,1.406623877,5461.28,0.90466,3.825945004,5.49846973,0.503806535,-2.958855722,-2.961994444
7.0359,10.11745,1.437975241,3560.39,0.74766,1.104577809,10.09016108,0.544247827,-3.593318264,-3.569024104
9.2258,11.46184,1.242368142,4057.92,0.80418,1.498775528,7.573588167,0.404783765,-3.256385515,-3.274139249
19.30631,26.20427,1.35729044,5842.07,0.92378,5.003683241,4.607385579,0.518907328,-2.874187531,-2.908935824
14.83963,21.36509,1.439731988,5901.61,0.89834,3.653882917,5.103066894,0.461343763,-2.987792798,-2.973783656
14.69314,20.29239,1.381079198,4709.38,0.87058,2.566704601,6.136580223,0.416054233,-3.121951237,-3.184556908
23.54156,25.76233,1.09433402,6681.97,0.93912,6.526516231,3.916225299,0.586273316,-2.674858198,-2.724839682
20.31341,23.72928,1.168158374,3002.6,0.86462,2.042160209,10.40911853,0.460927895,-3.252250012,-3.183071125
10.75041,13.98309,1.30070295,3737.02,0.80544,1.549486256,8.573040108,0.497515062,-3.398329002,-3.333449834
8.12839,11.30822,1.391200471,3925.36,0.78572,1.334177821,8.812466791,0.436126508,-3.423633836,-3.412166099
14.03155,16.45541,1.172743567,6550.49,0.88054,3.153954711,5.391878491,0.469736034,-3.020046601,-3.032301874
27.23066,33.0888,1.215130298,4848.59,0.92222,4.76752241,8.395973605,0.77803528,-2.924296561,-2.943734036
29.92386,30.60983,1.022923847,5366.67,0.9365,5.722578674,4.445125711,0.515168117,-2.456095348,-2.555915332
14.51288,19.91003,1.371886903,5294.15,0.8929,3.163888653,4.871237044,0.380614841,-2.987174137,-3.012485901
7.98186,9.67962,1.212702302,798.179,0.57824,0.390692143,11.42564685,0.242244687,-3.850891511,-3.369525957
11.63563,15.49928,1.332053357,5292.4,0.85792,2.378908373,5.802637218,0.383270724,-3.137219272,-3.101005014
11.11199,14.73542,1.326082907,3666,0.82846,1.797806939,10.08877673,0.596445759,-3.45924224,-3.443544106
29.08196,32.24375,1.108719976,7212.1,0.95596,9.400173065,3.145456132,0.699511862,-2.487566639,-2.529248186
38.52663,40.32609,1.046706914,5384.56,0.94622,7.57066848,4.419724546,0.66472625,-2.361547906,-2.374338752
14.91472,20.28577,1.360117387,5006.05,0.88182,2.945556212,6.151347021,0.466892189,-3.09179985,-3.143268101
15.08575,30.33656,2.010941451,4321.78,0.87522,2.767117831,6.757326874,0.469598393,-3.129836173,-3.095915394
14.51946,21.2809,1.465681231,5770.58,0.90072,3.584341784,4.613173182,0.413234193,-2.900974669,-2.895814616
21.52095,24.38299,1.132988553,6048.85,0.93224,5.557218053,4.361550175,0.530302405,-2.751564056,-2.782657807
10.15029,17.73177,1.746922502,4601.68,0.83768,2.02226793,7.401033823,0.485069857,-3.224253092,-3.282040238
15.67755,25.39794,1.62001971,5635.5,0.90418,3.958080713,5.46315469,0.507690888,-2.95037322,-2.938982347
27.48878,30.79558,1.120296354,6951.53,0.95374,8.816884221,3.129613096,0.655906404,-2.517909154,-2.53242749
8.2314,12.17828,1.479490731,3807.86,0.7955,1.412875908,8.190470542,0.382331953,-3.369522411,-3.307172744
20.46457,22.43127,1.096102679,5311.54,0.89226,3.702753847,7.196744744,0.546926402,-3.069695616,-3.050881061
10.71493,12.06861,1.12633587,3211.29,0.78238,1.303137003,10.2545034,0.475521517,-3.57122815,-3.48659899
12.25028,15.19597,1.240458994,4835.39,0.85236,2.439098373,8.279061483,0.643498514,-3.241857788,-3.261516082
26.05845,31.37597,1.204061255,5529.44,0.93048,5.133966012,4.906189112,0.55203442,-2.749510759,-2.784890694
26.26725,27.26563,1.038008547,3334.48,0.91064,3.485329802,5.909409082,0.372177103,-2.647098581,-2.6970959
14.61122,19.13894,1.309879668,4238.95,0.85958,2.496761338,7.165078998,0.435378984,-3.108201872,-3.136791414
11.37635,24.03762,2.112946595,3951.41,0.8426,2.006128382,7.13915222,0.40481291,-3.251587266,-3.204651777
25.94374,28.60467,1.102565397,6836.1,0.95054,8.106743537,2.961486831,0.596979892,-2.532404286,-2.52043706
20.17405,31.41053,1.556976908,5925.16,0.9303,5.760906586,4.702889761,0.585108141,-2.760504837,-2.75754082
14.1529,21.83539,1.542820906,4876.83,0.87848,2.828314048,6.226084346,0.453621665,-3.115547969,-3.138706711
4.89818,10.31943,2.106788644,1850.33,0.66168,0.714310389,13.17202948,0.600566449,-3.986048262,-3.995650413
9.42648,15.05883,1.597502992,4635.71,0.83022,1.859666021,6.945681572,0.401085784,-3.226053454,-3.213854789
14.10688,18.59142,1.317897366,3321.62,0.83258,1.911244152,8.028520481,0.408498557,-3.224940083,-3.161465646
29.80049,30.83985,1.034877279,4897.73,0.9432,5.721912157,2.915902339,0.409419641,-2.343512968,-2.512781897
10.57918,14.80707,1.399642505,5142.45,0.82912,2.030723411,8.448726988,0.630104556,-3.236074076,-3.268128423
12.93636,26.22554,2.027273514,4142.9,0.87286,2.323339331,6.225955866,0.376918755,-3.095722255,-3.17013689
15.15096,20.58618,1.358737664,4634.42,0.86842,2.620332151,6.521690161,0.457506796,-3.119492327,-3.229746205
17.95244,26.76626,1.490953876,5836.14,0.90878,4.226864061,5.373607799,0.517759355,-2.969420998,-2.952009319
10.75155,14.55022,1.353313708,5185.72,0.86176,2.451113406,5.878601183,0.392750449,-3.120845356,-3.12906251
15.44474,18.69776,1.210623164,3032.91,0.83066,1.71378584,15.0544286,0.768685626,-3.655548003,-3.611145363
14.75714,20.91984,1.417608019,4542.61,0.87442,2.61566672,6.340178185,0.430972397,-3.146034481,-3.221954225
14.73134,18.86557,1.280641815,4581.8,0.84748,2.495053936,8.421851125,0.574549941,-3.288475291,-3.186894162
25.18561,28.33898,1.125205226,6008.99,0.94362,6.869435446,4.358163859,0.628926147,-2.639334362,-2.684039188
46.82316,52.84322,1.128570135,5763.64,0.959,9.8104406,4.000146317,0.782941572,-2.384686717,-2.398189689
19.37664,24.31849,1.255041638,3214.92,0.85578,2.288855011,16.5636131,0.706757043,-3.395524219,-3.319903129
15.01331,21.37588,1.423795286,3416.54,0.84118,2.290271289,10.20129382,0.588891852,-3.274487263,-3.197742369
30.03974,36.25216,1.206806717,6959.21,0.95678,9.647176972,3.187337621,0.715817128,-2.451804742,-2.521250225
8.63648,13.40838,1.552528345,2810.81,0.78708,1.045124333,7.068557095,0.227856019,-3.316040509,-3.30502231
11.02572,15.03841,1.363939044,4158.53,0.81734,1.738200254,8.986512838,0.578701329,-3.385737552,-3.351375463
7.97431,12.02291,1.507705369,4355.61,0.80526,1.527642347,8.218800763,0.448451562,-3.384680062,-3.388378868
15.74857,22.04718,1.399948059,5643.18,0.90168,3.944408719,5.687076654,0.51563471,-2.931808312,-3.031467793
6.9107,11.75378,1.700808891,2613.37,0.75402,0.9885455,9.557204069,0.36428099,-3.565300213,-3.423189294
13.27067,17.68638,1.332742054,5791.16,0.88916,3.129974409,4.847146219,0.386091876,-2.997835256,-3.013120486
21.78355,25.00078,1.147690803,6010.74,0.922,4.948157053,6.015328767,0.58244589,-2.910681829,-2.870189589
14.50134,22.50233,1.551741425,5667.7,0.90806,3.996602232,4.956968278,0.462638396,-2.882908002,-2.860225861
17.69988,23.09043,1.304552912,4991.83,0.88674,3.422358762,9.748444408,0.701759164,-3.136920223,-3.158873658
12.31926,15.80397,1.282866828,4939.49,0.86058,2.55465807,7.995715491,0.622200693,-3.269881361,-3.21932354
10.33081,16.53741,1.600785418,5884.48,0.87134,2.768971654,5.516802742,0.405557976,-3.106172077,-3.127174258
6.96261,9.68992,1.391707995,2597.23,0.7385,0.893414501,10.23934012,0.435440234,-3.518762939,-3.520235312
6.84044,10.84549,1.585495962,3365.39,0.75792,1.123075715,9.708976741,0.490046824,-3.57564532,-3.521898808
16.33147,21.9611,1.34471055,5838.57,0.89446,3.555907165,5.775248153,0.501846506,-3.005331382,-3.069148635
21.86759,25.19674,1.152241285,5547.83,0.90726,4.262438337,6.589191064,0.573372653,-2.985443335,-3.002635046
23.92697,24.27345,1.01448073,5796.81,0.90606,3.73929049,4.412213387,0.41741186,-2.905037019,-2.959053488
21.07389,24.01159,1.139399987,5758.05,0.92166,5.00551244,5.224001456,0.581246863,-2.803049636,-2.803013242
14.06341,16.45201,1.169845009,3213.58,0.79034,1.48904983,11.32511129,0.621546611,-3.507599764,-3.50745319
7.4101,12.53717,1.691902943,3911.28,0.80214,1.369000787,7.289297456,0.363361202,-3.259563643,-3.263578648
15.24036,19.32457,1.267986452,6615.05,0.90554,4.23402783,4.932579467,0.493851453,-2.935882065,-2.958658772
14.27937,21.32589,1.493475552,4923.61,0.88692,2.884151993,5.674992131,0.412618755,-3.057954235,-3.041767969
31.34977,32.20469,1.027270376,4377.74,0.92538,5.156297014,7.157136457,0.713482018,-2.606245115,-2.675389595
14.56033,17.99969,1.236214426,5862.08,0.88998,3.424527866,5.82195263,0.498454137,-3.052453369,-3.002429572
15.95449,19.36563,1.21380439,5214.11,0.88744,3.056312271,6.254818901,0.47634967,-3.0552182,-3.032939249
16.0805,17.30634,1.07623146,4016.83,0.82958,1.682417743,7.184887428,0.373901812,-3.261283795,-3.266961286
11.02601,20.09261,1.822292017,4874.12,0.8651,2.562431689,7.240670968,0.542611241,-3.14114267,-3.174584143
20.96438,25.1027,1.197397681,3548.13,0.86302,2.678830282,20.33739671,0.790944292,-3.562441636,-3.275496755
9.71735,15.51357,1.596481551,1917.58,0.75736,0.970297639,11.45925007,0.344439873,-3.557017458,-3.703254948
28.13241,35.75322,1.270890763,6502.21,0.9475,7.783555545,3.890224569,0.677569917,-2.615100008,-2.623557512
11.49454,13.35709,1.162037802,3570.32,0.8031,1.505858617,8.615181513,0.426920378,-3.417400673,-3.37925331
27.54073,31.79877,1.154608828,7180.8,0.9523,8.527728775,3.195494584,0.650642057,-2.54127943,-2.588011134
22.39106,26.10479,1.165857713,6138.6,0.92632,5.147080069,4.475575485,0.517016363,-2.819367563,-2.83097576
8.70117,15.03119,1.727490671,3937.8,0.80578,1.605632007,7.813444672,0.402132255,-3.34646419,-3.33583942
12.77414,14.65395,1.14715746,3389.42,0.7984,1.518528944,8.474901909,0.423331098,-3.399246995,-3.381677347
14.17639,19.70353,1.389883461,4395.77,0.86758,2.330875952,6.52001572,0.396345972,-3.146723357,-3.17192382
13.82645,20.17888,1.45944042,4530.27,0.85828,2.345225962,6.843357968,0.442525793,-3.165879082,-3.158076622
22.58163,25.24193,1.117808148,6045.22,0.92736,5.5224325,5.526671579,0.600811284,-2.810910657,-2.916512595
11.76597,18.46666,1.569497457,5777.54,0.88356,3.165996603,5.285889081,0.431488859,-3.067169908,-3.050491175
11.88407,19.36333,1.629351729,5365.76,0.87662,2.869412939,5.608830099,0.41276153,-3.087683792,-3.074458696
19.9576,22.60251,1.132526456,5999.32,0.91788,4.563751715,4.627888026,0.480423032,-2.870722516,-2.981915177
9.38747,14.50153,1.54477511,3721.38,0.8061,1.496096896,8.77199483,0.506688356,-3.355786621,-3.393524267
14.24308,19.56082,1.373356044,4408.36,0.85688,2.319214009,7.244126413,0.443520563,-3.232635808,-3.332845623
12.16467,22.02234,1.810352439,5466.06,0.88296,2.965819315,5.544929809,0.422138121,-3.05709205,-3.068859739
11.5959,19.48729,1.680532775,5557.88,0.88188,2.891855466,5.908520222,0.440792151,-3.110956397,-3.105116396
27.82511,34.85056,1.252485974,5838.93,0.9354,6.058172445,5.071013982,0.61536724,-2.745651364,-2.734262483
6.60501,8.28257,1.253982961,2386.43,0.69408,0.825556473,12.3037795,0.732777041,-3.71643461,-3.733628583
22.84407,28.28563,1.238204488,5505.42,0.9403,6.165497344,4.322208407,0.551576943,-2.652596389,-2.702540257
24.66725,27.45916,1.113182864,7143.73,0.94834,7.95734112,3.23549646,0.621902081,-2.586642438,-2.667238614
22.61653,25.96108,1.147880776,5107.88,0.926,4.621404188,5.187176701,0.525481707,-2.7997681,-2.817727849
18.94666,35.11492,1.853356739,5880.16,0.91622,4.628519179,4.338046982,0.457725346,-2.820943754,-2.818260423
25.03964,30.69803,1.22597729,7218.53,0.94568,7.402119632,3.471015131,0.610570669,-2.627392937,-2.562059275
10.48756,14.97241,1.427635217,4626.48,0.83594,1.862960091,6.982203418,0.401267215,-3.255603067,-3.276854525
12.60426,18.03847,1.431140741,5738.69,0.88632,3.19483244,5.098575215,0.418202719,-3.04678858,-3.071063103
25.87198,31.71538,1.225858245,6026.66,0.94824,7.98141508,4.052200789,0.680575473,-2.557187452,-2.569564035
26.11926,36.86564,1.411435087,6406.48,0.94344,7.33235925,4.13565084,0.663093949,-2.649709678,-2.626478538
11.48374,14.59999,1.271361943,4924.53,0.83814,2.093251515,6.569091634,0.408452151,-3.219332735,-3.200264604
19.93218,23.56098,1.182057356,5331.74,0.92098,4.436405326,5.157777336,0.51334895,-2.86308446,-2.839377781
20.09682,21.94786,1.092106114,1686.49,0.84808,1.55780796,9.193878171,0.231412066,-3.050648178,-2.914224689
12.25034,19.82732,1.618511813,5772.5,0.89186,3.360209179,5.452069303,0.465884661,-3.006223588,-3.032446986
16.46266,22.70543,1.379207856,5867.46,0.91226,4.337176409,5.100940074,0.507595455,-2.8931015,-2.815490999
9.40378,12.18368,1.295615168,3776.21,0.78576,1.365034032,8.994418177,0.485168495,-3.38783018,-3.36502966
10.78411,14.60227,1.354054252,4417.34,0.8298,1.908823651,7.458936426,0.438702181,-3.252926802,-3.247057797
12.77851,17.54902,1.373322868,6017.87,0.88826,3.378082358,5.38028061,0.469186472,-3.028044522,-3.02640548
23.96485,24.14101,1.007350766,5029.19,0.89074,3.014756651,6.347283257,0.441245774,-3.086659414,-3.123956911
11.32964,19.21982,1.696419304,5898.82,0.88222,3.053361667,5.49175332,0.438604611,-3.096294805,-3.09212065
14.58048,21.54175,1.477437643,5957.99,0.88398,3.264942807,6.049643742,0.506849659,-3.103567749,-3.071302722
15.26711,21.44035,1.404348957,5920.15,0.90228,3.792175916,4.922377725,0.455901689,-2.915412036,-2.903439534
10.508,14.18505,1.349928626,4923.28,0.85364,2.279272568,6.197500408,0.388773454,-3.141135467,-3.169219214
9.8004,12.23267,1.248180687,3799.74,0.79126,1.439609923,8.692814174,0.418795212,-3.458985569,-3.404144947
13.74625,16.72998,1.217057743,5394.08,0.84604,2.430332331,7.842233555,0.553888282,-3.229235964,-3.270193747
9.07506,12.43085,1.369781577,1522.52,0.6327,0.706310241,14.97269875,0.543191043,-4.190770138,-4.257629996
14.50123,20.03839,1.381840713,5401.56,0.8804,2.99625978,6.293898976,0.476128872,-3.108960312,-3.165389971
26.57424,28.72224,1.080830157,7628.57,0.95258,9.096360806,3.0434412,0.681665681,-2.5441149,-2.502329378
11.09281,16.47548,1.485239538,5700.95,0.88388,2.965224334,4.443332099,0.34995796,-2.99064006,-3.031350478
5.84418,11.7939,2.018058992,2441.53,0.72108,0.857256987,10.2387631,0.448472601,-3.60886063,-3.58972823
10.58324,14.54681,1.374513854,3961.56,0.81196,1.680339064,8.119387232,0.450090105,-3.279129284,-3.288192823
9.04871,14.96816,1.65417612,3759.76,0.79576,1.477276314,7.886652763,0.382243537,-3.338495965,-3.335518814
40.13071,46.4508,1.15748762,5596.4,0.94998,7.6860467,4.500610106,0.672286338,-2.541369794,-2.60886043
23.86118,27.72162,1.161787472,7145.21,0.94606,7.558321616,3.467989885,0.6145747,-2.633274061,-2.763545666
11.67072,15.6977,1.345049834,5920.72,0.8628,2.659654812,5.976307694,0.454539576,-3.110876325,-3.110629805
5.50929,11.69963,2.12361847,2632.66,0.71664,0.911085741,10.2497839,0.502115499,-3.591490699,-3.568767113
26.70915,28.85082,1.08018488,6967.36,0.95278,8.493314316,3.018570577,0.62412706,-2.523105903,-2.550342859
24.71959,25.67759,1.038754688,2374.48,0.87998,2.457241628,8.841343999,0.370047261,-2.815400512,-2.824829916
10.25644,15.90925,1.551147377,4740.86,0.82858,1.90212301,7.112168684,0.424302677,-3.263818842,-3.263598848
25.0165,27.99629,1.119112985,6122.76,0.94274,6.941609602,4.474016626,0.638879808,-2.615148654,-2.653502839
6.69623,8.67483,1.295479695,2412.68,0.70244,0.832671486,11.10229582,0.591118988,-3.564400037,-3.638446515
23.24793,27.24026,1.171728408,6185.77,0.94102,6.826554078,4.445740425,0.633599153,-2.647794459,-2.669151374
14.7388,20.30847,1.377891687,4192.02,0.83576,2.15314937,9.301853387,0.600448882,-3.384685878,-3.348018869
14.82357,21.85384,1.474262947,5084.95,0.89274,3.10665219,5.617637898,0.431765053,-3.024529671,-2.958077874
11.52974,14.94584,1.296285953,5778.75,0.85784,2.421628214,5.924276344,0.421312896,-3.091335681,-3.067165391
11.81041,20.72534,1.754836623,5681.06,0.88966,3.077130603,5.329862741,0.419447157,-3.059466325,-3.07137742
21.71762,24.53159,1.129570828,6070.47,0.92918,5.403088875,4.51090994,0.535132264,-2.790725609,-2.732625455
13.0401,18.38483,1.409868789,5943.79,0.89072,3.317689477,5.923975675,0.47658767,-3.114463017,-3.039889065
10.05377,14.72674,1.464797782,4358.19,0.81866,1.830221708,8.486124516,0.541206342,-3.320734799,-3.34130958
10.92584,14.5114,1.328172479,4572.54,0.8312,1.817045072,7.331818885,0.418393035,-3.27964553,-3.3027279
9.57217,13.40424,1.400334511,4471.4,0.83148,1.768982178,6.904313988,0.366958109,-3.24403906,-3.200242848
16.80499,21.6041,1.285576487,6102.01,0.90682,3.984025587,4.893736935,0.466118184,-2.902888607,-2.92730541
11.13361,14.14988,1.270915723,4082.83,0.80916,1.676424887,9.479044133,0.611136907,-3.346368463,-3.375856478
15.38824,28.05161,1.822925169,4568.57,0.86852,2.751964512,7.335443165,0.560890696,-3.197360916,-3.110550311
15.8917,21.1684,1.332041254,6397.57,0.89822,3.73825319,5.192396842,0.484955983,-2.968751232,-3.003934408
19.09885,25.21187,1.320072675,6518.88,0.93228,5.444670264,3.878737763,0.497696787,-2.767599935,-2.649147666
14.29954,21.10765,1.476106924,5879.02,0.9025,3.914484242,5.36365384,0.488814585,-2.952492438,-2.940291246
8.4815,14.04199,1.655602193,2898.36,0.7727,1.154367309,9.574403833,0.38284931,-3.493358462,-3.525833024
22.57285,25.16112,1.114662969,6171.95,0.92922,5.289426498,4.378889947,0.509548334,-2.796660362,-2.807356433
10.73729,14.84138,1.382227732,4576.12,0.83358,1.896996275,6.460545312,0.374299768,-3.195346325,-3.197136342
24.56473,34.33923,1.397907895,7587.16,0.94764,8.350060358,3.347676541,0.663026861,-2.554758915,-2.563748014
14.12488,17.19961,1.217681849,6556.46,0.90264,4.002767135,4.874318078,0.486243053,-2.944680816,-2.924376472
6.19267,9.10662,1.470548245,1343.68,0.5965,0.639016311,14.25384702,0.564973411,-4.045431071,-3.945303465
14.64873,20.47838,1.397962827,4049.85,0.82996,2.141506196,9.648147282,0.590032122,-3.346436531,-3.310677585
19.72852,23.04214,1.167960901,2743.84,0.8611,1.852429499,10.83073606,0.446001135,-3.245146645,-3.210140393
28.91502,44.11156,1.525558689,6695.8,0.9565,9.606779886,3.450135293,0.737642713,-2.442937961,-2.508179034
24.91345,28.17152,1.130775545,6218.46,0.93628,6.295885363,4.393032275,0.60181685,-2.705236819,-2.768756422
13.90574,16.45675,1.183450144,3433.52,0.81396,1.768094535,9.021277827,0.469684155,-3.351091639,-3.401777223
10.78563,18.41851,1.707689769,5429.11,0.88066,2.673982219,5.176084813,0.362201358,-3.048505854,-3.055393824
12.17625,16.96203,1.393042193,5844.61,0.8817,3.024928125,6.502149803,0.504865093,-3.179415457,-3.095147623
6.56489,12.02421,1.831593523,936.78,0.64318,0.423147521,14.63180168,0.374601709,-4.087392975,-3.966837293
10.30368,12.8893,1.250941411,3203.48,0.79664,1.433641187,10.89325291,0.538289724,-3.610184123,-3.54875108
15.8805,20.54311,1.293605995,5769.84,0.90282,3.723736853,4.767524568,0.432725929,-2.923337737,-2.869990265
27.85767,31.05142,1.114645266,7631.18,0.95902,10.10262536,2.838454295,0.712430559,-2.4927996,-2.527141359
18.57964,24.41757,1.314211147,5713.54,0.91464,4.302183924,4.641162746,0.464078997,-2.86129525,-2.827200375
12.94714,20.16081,1.557163204,5196.46,0.868,2.671402148,6.09400278,0.407647049,-3.138469625,-3.127655314
6.26887,12.93319,2.063081544,2808.1,0.7485,0.971913833,9.029370641,0.387374241,-3.462972202,-3.469502168
15.3114,16.48385,1.076573664,5890.59,0.89174,3.100291693,4.614417441,0.381228072,-2.948429456,-2.982719802
9.4936,12.98092,1.367333783,4554.41,0.83182,1.815733064,7.159049664,0.393230883,-3.233511492,-3.249321239
21.50394,24.93692,1.159644233,6649.97,0.93702,6.114881621,3.843577611,0.549560808,-2.702972475,-2.652184661
10.28659,14.17429,1.377938656,4755.04,0.81978,1.79619149,7.094195991,0.38354105,-3.271701593,-3.304110968
13.7731,14.95537,1.085839063,3669.95,0.81628,1.627865237,9.547916802,0.49942688,-3.451189545,-3.415955171
15.30307,20.35644,1.330219361,4155.88,0.855,2.174084405,6.589191677,0.375086936,-3.14644374,-3.148885714
6.70344,10.81316,1.613076271,2647.97,0.72348,0.910856934,9.240718681,0.37216531,-3.569957887,-3.585390608
23.58981,29.67086,1.257782916,7216.49,0.94038,6.984869755,3.593606683,0.596617628,-2.700775064,-2.678556602
11.23019,15.12444,1.346766172,4720.42,0.83732,2.016171364,6.626791559,0.393117728,-3.208180315,-3.212155818
10.75176,14.72388,1.36943905,4299.72,0.8353,1.898076927,6.866773544,0.383752483,-3.219512286,-3.21042177
13.28603,17.6433,1.327958766,6076.85,0.88778,3.375486677,5.458135247,0.478236721,-3.019081709,-3.017189897
15.57685,18.46789,1.1855985,2910.05,0.8438,1.698432603,11.73379714,0.411858748,-3.363952359,-3.320393952
15.39461,20.25817,1.315926159,4181.59,0.87396,2.401906222,6.34912019,0.392350765,-3.111891401,-3.121057072
16.84024,22.61046,1.34264476,5267.69,0.88388,3.071256572,6.016785899,0.455589562,-3.020521213,-2.977723634
12.73904,17.03603,1.337308777,5664.68,0.88432,2.966750202,5.384612645,0.412252474,-3.051535939,-3.031873659
23.25508,25.71565,1.105807849,5829.69,0.92722,5.349171277,4.943329959,0.590382922,-2.842132397,-2.732630259
13.27454,19.83405,1.49414217,6114.89,0.89996,3.674310934,4.943191292,0.449221239,-2.899247743,-2.913141147
12.08399,16.13392,1.335148407,5135.97,0.83438,2.10577588,8.578483462,0.603908781,-3.327064301,-3.276558365
22.12847,25.25849,1.141447646,6093.89,0.92616,5.057667104,4.962103947,0.543923549,-2.861185491,-2.85463039
5.58194,9.14859,1.63896244,1341.45,0.63886,0.499737952,12.15233327,0.395844868,-3.854080667,-3.863677771
5.69458,6.8509,1.203056239,2144.57,0.6707,0.711497252,12.01049505,0.752822248,-3.495166211,-3.558187233
14.11828,20.1712,1.428729279,4871.92,0.86586,2.565914055,6.618090927,0.453032254,-3.144646413,-3.128924183
9.45636,14.97405,1.583489842,4654.9,0.82982,1.867382577,6.999032723,0.398977759,-3.272106853,-3.265845172
10.67916,18.5381,1.735913686,4961.93,0.87142,2.592308333,6.315642657,0.453736252,-3.112785316,-3.120544733
27.47087,30.11576,1.096279805,6808.88,0.95474,8.693601406,2.926920246,0.629330651,-2.509407948,-2.575692403
22.63466,26.62917,1.176477579,5932.13,0.93432,5.920649908,4.515251164,0.559926522,-2.739662539,-2.772297237
32.54485,39.5419,1.21499715,6091.43,0.95126,7.894142836,4.238671472,0.664090664,-2.542801968,-2.532181274
32.33412,42.39807,1.311248613,6642.79,0.96144,11.15909816,3.236398712,0.800612824,-2.366846651,-2.431850641
12.95461,18.00439,1.389805637,5767.78,0.89056,3.160345219,4.740105362,0.38618296,-2.988440045,-3.020981435
4.27244,7.70824,1.804177472,1243.57,0.59872,0.589848676,15.86273334,0.828372842,-4.448809191,-4.491099929
6.07597,13.25241,2.181118406,1038.46,0.66214,0.492096169,13.37115223,0.351747832,-3.81108623,-3.711842039
17.44669,21.87127,1.253605698,4884.32,0.8903,3.141695662,7.316457517,0.532795468,-3.074373513,-3.089045365
19.76068,24.29682,1.229553841,5889.35,0.9107,4.327373118,5.639283393,0.555392608,-2.944803021,-3.000887196
6.04516,6.64175,1.098688868,1053.53,0.5585,0.436686344,12.71554637,0.424823056,-3.531117386,-3.2378048
21.10107,24.63154,1.167312369,6230.05,0.9291,5.381999757,4.436385824,0.534033986,-2.786418669,-2.782632214
8.35212,10.4637,1.252819643,3648.07,0.80712,1.374094926,7.684496751,0.367651106,-3.259616768,-3.342643078
21.99523,26.39127,1.199863334,6622.73,0.94158,6.70311599,3.858099193,0.57215894,-2.624780479,-2.651437458
20.65662,25.41893,1.23054643,5039.8,0.91582,4.841100351,5.648886387,0.579681136,-2.788674422,-2.849378758
8.19707,11.43972,1.395586472,3115.38,0.7495,1.129265066,9.431931575,0.421778385,-3.464996088,-3.445018232
22.61031,29.81956,1.318847906,5783.69,0.94302,6.745493562,4.063091404,0.584497431,-2.562960509,-2.64909067
10.4201,15.88448,1.524407635,4687.41,0.83038,1.898697129,7.071316312,0.41469995,-3.236742846,-3.254267127
6.55845,9.40116,1.433442353,2315.56,0.6748,0.847412929,12.15322033,0.55447735,-3.781196542,-3.742917854
8.55445,11.86791,1.387337585,3056.16,0.76186,1.132027251,9.986002095,0.467774871,-3.474531426,-3.551605322
5.15444,10.41287,2.02017484,2666.57,0.72064,0.879436294,9.578085916,0.394719106,-3.556055044,-3.538836138
21.13778,23.01538,1.088826736,2568.2,0.86348,2.273111378,9.638568632,0.432361903,-3.108050414,-3.193638666
15.47827,20.89773,1.350133445,5086.6,0.8724,2.886915891,7.404838901,0.598419336,-3.188440495,-3.076073903
12.81868,16.19216,1.263169063,5573.34,0.8611,2.639395063,6.666643984,0.484174312,-3.171471165,-3.144900308
12.87304,17.93529,1.393244331,5823.24,0.89428,3.249233363,4.861601351,0.398922929,-2.965773324,-2.998452808
22.2954,23.52099,1.054970532,2619.08,0.87474,2.431481337,9.200944913,0.41061611,-3.007540527,-2.991196333
23.55495,26.4269,1.12192554,5717.74,0.92856,5.234302335,5.038929508,0.580589049,-2.81699472,-2.845054532
14.54981,20.04507,1.377686032,4227.85,0.86454,2.37815445,6.881244568,0.432901208,-3.147526362,-3.250779214
28.46411,39.78072,1.3975747,6812.47,0.95438,9.325399152,3.428835671,0.714571137,-2.500633184,-2.560461899
27.19689,29.1642,1.072335844,6966.92,0.95272,8.40237417,3.03944206,0.624815352,-2.499026875,-2.616750939
17.33446,17.54985,1.012425538,2218.93,0.73994,1.027624509,12.47032724,0.494935851,-3.697850699,-3.690743201
24.16274,29.22072,1.209329737,5914.5,0.94346,6.811346227,4.316183298,0.619197563,-2.618510899,-2.640780742
15.95482,20.7617,1.301280741,4047.8,0.86374,2.179708477,6.792925079,0.393952967,-3.15621396,-3.129893044
6.39154,12.5546,1.964252747,3516.46,0.7797,1.24031427,8.308557897,0.418275497,-3.351266457,-3.425900907
6.46299,10.47228,1.620346001,2857.53,0.73346,0.959496195,10.99398513,0.524811811,-3.516330308,-3.523916497
20.97363,22.1093,1.054147518,2213.5,0.85476,1.953513884,9.503915313,0.325072769,-3.079601888,-3.142474559
25.41532,28.30539,1.113713697,7294.11,0.9489,7.932288401,3.19003521,0.616289572,-2.601136793,-2.590531033
21.94878,26.92271,1.226615329,5530.74,0.92644,4.927295742,4.969871899,0.509394314,-2.795839628,-2.815935269
14.2808,21.53963,1.508292953,5583.47,0.879,3.040901684,6.129416035,0.475868484,-3.098957085,-3.096162238
8.66016,10.49665,1.212061902,4742.04,0.83624,1.863952675,5.954703364,0.343808619,-3.13918203,-3.1208116
24.84915,28.22171,1.135721343,5273.27,0.93652,5.534464826,4.26392503,0.504809277,-2.66076037,-2.703216919
13.12597,22.2703,1.696659371,5763.75,0.90114,3.65092677,5.210824147,0.462366341,-2.993057507,-2.967659921
13.27886,14.77024,1.112312352,4569.77,0.84824,2.133969318,6.895082146,0.420475087,-3.199838008,-3.197244772
24.15697,26.1697,1.08331881,6265.47,0.9379,6.265657463,4.14943442,0.574603082,-2.680505804,-2.795766194
17.01823,21.30993,1.252182513,4839.97,0.88178,3.258177035,6.572614545,0.5245162,-3.009061529,-3.124933033
19.84194,24.55556,1.237558424,3792.77,0.8717,2.617591948,13.23583751,0.72927482,-3.413157503,-3.290682525
54.23558,56.61026,1.043784541,5633.41,0.96494,12.20943842,3.575681921,0.874669682,-1.99571327,-2.026826944
10.34727,15.7065,1.517936615,4390.76,0.84126,1.823858056,5.81669589,0.304133837,-3.178204728,-3.123974077
15.78271,22.264,1.410657612,6738.24,0.90782,4.23559821,4.655853846,0.486519464,-2.907392273,-2.866138347
10.41133,18.30139,1.757834014,5273.87,0.87498,2.482903048,4.894119205,0.327481379,-3.026988623,-2.996386921
24.1015,26.188,1.086571375,5720.36,0.93582,5.642670654,4.250291635,0.52591726,-2.707760016,-2.713080463
20.61669,29.78936,1.444914775,7189.98,0.9364,6.522890022,3.797548158,0.582057468,-2.733863691,-2.711876392
3.85731,7.32616,1.899292512,1194.09,0.59822,0.535200179,12.99320014,0.387774316,-4.267290178,-4.254730878
10.76806,14.36481,1.334020241,3217.98,0.77954,1.382273408,9.947260927,0.496370914,-3.472936418,-3.472210499
11.34603,14.79124,1.303648942,4543.31,0.83684,1.879639633,6.53663894,0.36916203,-3.198797584,-3.244559321
10.97315,12.55613,1.144259397,5541.17,0.83672,2.179259116,8.198610879,0.615207171,-3.269177862,-3.248854389
15.52745,22.15876,1.427070124,5280.82,0.88408,3.154544417,7.493693521,0.535034266,-3.170581055,-3.125205142
6.97835,11.87518,1.701717455,2441.02,0.73906,0.956387607,9.250408095,0.347282969,-3.577516226,-3.612836193
12.41914,18.58992,1.496876595,5571.14,0.88734,3.007167669,4.963767923,0.383037816,-3.005472904,-3.031593773
19.324,24.61697,1.273906541,5732.96,0.9209,4.475254646,4.584591663,0.453249421,-2.805600152,-2.919587557
22.38431,26.9294,1.203048028,5447.2,0.91938,4.285794199,5.129246085,0.497920858,-2.870547446,-2.754182112
22.86513,25.74141,1.125793293,5320.32,0.92604,4.460156532,4.707514616,0.459567229,-2.83050227,-2.802072907
15.20557,19.42498,1.277491077,6043.06,0.89966,3.758386458,4.743395627,0.435929404,-2.9618334,-2.962959965
17.38692,24.36269,1.40120792,5518.29,0.90244,3.850229963,5.61321413,0.503693498,-2.98956057,-2.996469733
14.18524,22.62039,1.594642741,5785.2,0.90836,4.053369032,4.786888084,0.461739205,-2.967858403,-2.965260758
15.38393,19.03992,1.237649937,2864.82,0.83002,1.643002069,13.92344996,0.618764274,-3.579315495,-3.488066728
9.24256,14.0309,1.518075079,4923.12,0.8249,1.966055805,8.423519805,0.629118472,-3.249970224,-3.278128645
14.80048,22.09373,1.49277118,5073.88,0.8738,2.852702853,6.604009829,0.516895867,-3.114012671,-3.07103315
15.45021,19.65931,1.272429954,4323.43,0.85206,2.221196859,6.883572613,0.422085963,-3.171110951,-3.182616281
13.72997,16.56134,1.206218222,2610.72,0.74912,1.331442242,12.33338209,0.548805494,-3.587627,-3.584358805
7.00267,10.18703,1.454735122,2422.6,0.69118,0.879471284,12.33705902,0.52341735,-3.795835057,-3.69269788
15.02847,20.59137,1.370157441,5013.02,0.87858,2.872462508,6.435117165,0.468782528,-3.07250641,-3.211400701
5.65865,8.0326,1.419525859,1415.83,0.60286,0.622154248,17.00136663,0.787195326,-4.272304221,-4.379040731
12.95968,21.65502,1.670953295,5690.72,0.89322,3.327447474,5.446605785,0.449745374,-3.02276242,-3.036123163
22.98632,30.66841,1.334202691,6077.22,0.92996,5.312903484,4.361602279,0.528935257,-2.7193176,-2.78631812
29.54921,30.98046,1.048436151,4804.9,0.9286,5.390688494,4.841945589,0.504130656,-2.570039362,-2.65290934
11.65692,16.45079,1.41124671,4283.63,0.84704,1.933620814,5.526108528,0.300719706,-3.114087302,-3.088021051
11.01238,15.02056,1.363970368,3799.69,0.82074,1.592952301,7.297097705,0.325561322,-3.289781052,-3.270040482
21.917,25.70381,1.172779577,6055.38,0.92986,5.75729057,5.079641693,0.608714137,-2.762943256,-2.798622137
5.78131,9.89708,1.711909585,1729.9,0.68606,0.622711554,10.68456969,0.286274356,-3.763354363,-3.81422202
20.76154,23.12371,1.113776242,6087.96,0.92502,4.907762586,4.639979029,0.497771724,-2.794386914,-2.771402148
14.41927,21.42576,1.485911561,5740.44,0.89522,3.33737199,4.706399683,0.392551781,-2.951661527,-3.01066008
14.90933,19.96718,1.339240596,4363.16,0.87228,2.756323764,6.95032241,0.492958285,-3.105849228,-3.081912396
34.15598,37.83342,1.107666066,6697,0.9618,10.78628399,3.06024569,0.762073285,-2.352468874,-2.419303326
14.7132,20.99212,1.426754207,4934.14,0.88092,2.900778441,5.973471494,0.439416245,-3.08174203,-3.027243638
12.47915,16.64889,1.33413654,5686.94,0.88978,2.987753896,4.617556193,0.357572392,-2.93315345,-2.913876496
9.02049,15.88836,1.761363296,3784.62,0.81152,1.63558164,7.24166279,0.378120542,-3.255525794,-3.321358914
14.67428,21.58176,1.470720199,5916.62,0.90532,3.770909697,4.845750305,0.449585233,-2.937525236,-2.910611766
14.85776,20.98686,1.412518442,5107.42,0.86554,2.651874456,6.318427255,0.435975385,-3.167766629,-3.044827938
23.77009,32.44375,1.364898071,6720.77,0.93736,6.681445261,4.224461979,0.631159393,-2.688068022,-2.702450383
11.94867,19.57258,1.638055114,5117.17,0.87416,2.715811581,6.445521275,0.484560524,-3.114464978,-3.134910246
18.70758,20.80531,1.112132622,2986.69,0.85858,1.960622225,10.9706439,0.512267691,-3.335241411,-3.353091707
10.69287,14.27343,1.334854908,4477.19,0.82866,1.761202785,7.113057138,0.38676836,-3.270574402,-3.291592545
19.95164,24.04688,1.205258315,4974.67,0.90662,4.212096152,5.710074995,0.52316875,-2.842358,-2.885222411
28.6014,30.29074,1.059064941,4735.31,0.88492,3.16376182,7.571030535,0.606119274,-3.07921389,-3.100254889
11.09504,16.29202,1.468405702,4933.62,0.84658,2.058988771,6.294592288,0.385182874,-3.142705038,-3.193773916
17.20047,22.76371,1.323435348,6080.07,0.90796,4.372276236,5.677347586,0.556399514,-2.951644788,-2.960946615
24.9577,29.71426,1.19058487,5958.66,0.9365,6.141144686,4.315526909,0.571337685,-2.707356595,-2.71577206
18.05942,25.07794,1.388634851,5557.04,0.90716,4.101492915,5.991328845,0.575929337,-2.943410631,-2.916372743
5.87108,11.56426,1.969698931,2647.71,0.72312,0.940092382,10.00712809,0.490774228,-3.540761292,-3.576215122
11.91894,20.3789,1.709791307,3686.78,0.8571,1.871736581,6.134988325,0.279121181,-3.116036501,-3.12823354
15.08355,29.90743,1.982784557,5381.39,0.8929,3.486392566,5.601327661,0.469686912,-3.042237667,-3.017870665
23.08758,25.15408,1.089506999,5684.12,0.92732,4.810823991,4.568884315,0.482218748,-2.816702176,-2.915440223
10.48944,13.90094,1.325231852,4365.99,0.8378,1.938871622,6.70836471,0.382158601,-3.210983226,-3.234105882
32.8031,39.39541,1.200966067,5444.46,0.944,6.689295002,4.712568483,0.62382348,-2.607771523,-2.602394442
23.02797,24.25508,1.053287806,5154.31,0.89092,2.981949386,4.424980286,0.319367484,-2.942556441,-2.979919151
19.97286,22.25948,1.114486358,3390.69,0.86,2.329335543,13.2776986,0.616418965,-3.379710945,-3.332895131
11.19409,15.52102,1.386537003,4658.93,0.84018,1.922599897,6.363949689,0.361569429,-3.155854245,-3.162207628
6.37408,10.27259,1.611619245,2884.65,0.74632,0.922510229,7.372206944,0.255094848,-3.340549317,-3.316106994
15.00762,22.08694,1.471715035,6121.51,0.89812,3.713142271,5.252950721,0.484834555,-2.960170464,-2.997605398
10.85178,15.10746,1.392164235,4307.25,0.80666,1.733887609,8.335392369,0.473129057,-3.395641178,-3.417178235
24.05584,25.92878,1.077858017,6222.99,0.93832,6.258762948,4.082756316,0.564859551,-2.736000177,-2.687541691
9.6943,13.35248,1.377353703,3954.58,0.79604,1.540086674,8.365728531,0.472765553,-3.298252583,-3.285431849
14.31499,20.1361,1.406644364,5103.34,0.86502,2.659308903,7.659894247,0.577823396,-3.217081535,-3.199046181
6.42145,10.71563,1.668724354,2627.79,0.72562,0.906198094,10.35152159,0.45419473,-3.617498567,-3.672961927
14.6129,20.90909,1.430865194,4605.37,0.86868,2.592277598,6.721013533,0.450473035,-3.15219473,-3.121266916
8.73705,10.26494,1.174874815,2008.97,0.70862,0.754977909,10.64660197,0.502890645,-3.64552255,-3.661346632
22.82791,25.64485,1.123398945,5842.34,0.9257,4.876905165,4.670093156,0.499495812,-2.84349146,-2.819663599
9.01282,19.8429,2.201630566,2592.43,0.81754,1.167014018,6.839791989,0.233628132,-3.34410367,-3.3140603
15.1979,22.00434,1.44785398,6973.37,0.92026,5.091510645,4.284384567,0.518545886,-2.834894261,-2.926708178
9.59199,14.01616,1.461235885,3925.77,0.8013,1.662944946,8.167072746,0.478998091,-3.319840845,-3.368354718
25.01205,34.44594,1.377173802,7159.13,0.94456,7.510217063,3.76248012,0.644144451,-2.645914818,-2.628576011
14.13376,27.66171,1.957137379,4769.85,0.89092,2.972448169,3.684296163,0.279188685,-2.86076104,-2.833066913
4.59725,6.75731,1.469859155,558.082,0.59312,0.547856127,15.63135236,0.92499384,-4.355398861,-4.314345398
23.82659,27.03647,1.134718397,6257.65,0.93276,5.8972365,4.650481116,0.589386045,-2.71771353,-2.855091797
21.79906,25.20166,1.156089299,5602.63,0.91952,4.873462336,6.315314912,0.626490287,-2.88564867,-2.932381607
7.96103,12.7883,1.606362493,2813.43,0.7531,1.097197637,10.57335542,0.506852715,-3.612805358,-3.634671013
12.22266,21.99114,1.799210646,5747.4,0.89374,3.274144683,5.271372615,0.432277721,-3.006123899,-3.041981992
28.16229,32.11069,1.140201667,7578.29,0.95836,10.21130963,2.821195542,0.7227712,-2.441313029,-2.497196216
13.35258,20.32132,1.521902134,5274.72,0.88334,3.122920769,6.80958422,0.55108395,-3.128015605,-3.120756743
11.35325,14.39586,1.267994627,4220.53,0.81434,1.772886596,8.189545278,0.469126707,-3.266466356,-3.282647589
15.7461,20.71777,1.31573977,5851.29,0.911,4.39266892,5.769777654,0.582153871,-2.917662722,-3.026923283
21.44486,23.95238,1.116928719,5894.2,0.92432,5.237355938,5.124994078,0.571521698,-2.824127102,-2.78038699
10.65694,19.25323,1.80663774,5428.22,0.87558,2.657290873,5.793482982,0.409764909,-3.130958186,-3.13912796
13.3099,28.25695,2.123002427,5094.61,0.87288,2.84651181,5.627417754,0.388932871,-3.098769414,-3.079271508
11.83677,16.107,1.360759734,4275.29,0.85078,1.953113163,5.195283542,0.282428587,-3.07165445,-3.123697399
24.1939,27.99506,1.15711233,7180.52,0.94652,7.50688017,3.431814252,0.611901688,-2.600493052,-2.618864662
8.56715,11.09363,1.294903206,5208.81,0.82418,1.852851847,7.341889755,0.468989543,-3.213839639,-3.247644754
12.78201,15.99249,1.251171764,3619.04,0.81084,1.826138071,10.13766149,0.569110296,-3.4864271,-3.457677469
10.50774,14.52619,1.38242762,5562.18,0.87186,2.742301765,5.494876991,0.409743312,-3.090485739,-3.104583885
6.28426,10.25044,1.631129202,1856.95,0.70382,0.649538101,9.959142261,0.291525825,-3.630350685,-3.648231987
13.68547,24.27351,1.773670177,5430.29,0.89952,3.576705607,5.504357924,0.481244401,-2.997390701,-2.973464251
9.28759,21.06987,2.268604665,3720.35,0.83492,1.751421199,6.624256217,0.334260659,-3.23335211,-3.199938004
20.63863,25.27871,1.224825,6140.89,0.93598,6.19374392,4.409384331,0.587754356,-2.673939137,-2.704171034
26.16368,31.81587,1.216031919,7009.05,0.9503,8.189699748,3.269873344,0.643712738,-2.556558738,-2.531024668
12.88666,21.75453,1.688143398,5389.68,0.8804,3.018624681,6.068293746,0.461360271,-3.122544869,-3.100255951
35.86608,41.20987,1.148992865,6636.47,0.96692,12.57433713,3.007116911,0.854026076,-2.327321645,-2.313450575
19.0108,22.98624,1.209114819,5813.05,0.92348,4.959639955,4.920480613,0.526668922,-2.805438629,-2.876432436
24.95244,30.8096,1.234732956,7195.88,0.95086,8.078331422,3.480554177,0.649135896,-2.562474012,-2.656303165
8.8384,12.43174,1.406560011,4087.45,0.79758,1.612090171,8.879708901,0.543939118,-3.408303882,-3.434403542
6.72168,11.38611,1.693938123,3450.42,0.77836,1.179165392,7.722683852,0.347098264,-3.311365812,-3.310870783
8.19028,12.41037,1.515255889,2428.69,0.7596,0.930544802,10.68045906,0.376774063,-3.636954806,-3.588182989
15.2285,21.39243,1.40476278,6067.63,0.91,4.302234325,4.728341128,0.485593471,-2.94317349,-2.951405297
11.6034,14.63826,1.261549201,4336.12,0.81404,1.808664276,8.326334257,0.488096927,-3.28370866,-3.297724717
7.87913,10.59349,1.344499964,3434.59,0.76184,1.171614522,10.72334785,0.604424362,-3.560265038,-3.556667915
17.09209,19.98427,1.169211606,5518.65,0.88944,3.235386126,6.699852595,0.525726478,-3.129500996,-3.171584544
25.95833,29.25012,1.126810546,7154.44,0.94998,8.044133586,3.475547209,0.639287497,-2.553118873,-2.598718024
16.27987,21.15162,1.299249933,4382.77,0.87478,2.759706356,13.33326351,0.757637387,-3.293679445,-3.339896139
28.33305,38.91508,1.373487147,5969.88,0.94462,7.147548426,4.477988734,0.663586613,-2.581451242,-2.615354867
21.46897,25.05537,1.167050399,5988.76,0.91882,4.86189307,5.977584682,0.575824233,-2.907020476,-2.968293731
10.39133,13.15968,1.266409593,5094.46,0.81674,1.942736443,8.675869035,0.540380334,-3.323670005,-3.325114657
20.34721,23.08995,1.134796859,6270.65,0.92054,4.805140572,4.640092264,0.500693495,-2.864351612,-2.956777209
32.51619,34.06113,1.047512947,5518.05,0.91702,4.449134451,4.753207438,0.469514765,-2.833139841,-2.854591151
11.47188,14.60078,1.272745182,5673.49,0.85808,2.55745542,6.48968816,0.470988999,-3.164207236,-3.185447804
12.15221,18.56256,1.527504874,5553.15,0.8773,2.918884748,5.368926589,0.411323045,-3.083973569,-3.062055991
10.54855,17.41497,1.650934963,2166.64,0.77342,1.1839517,10.90265754,0.421460916,-3.47761269,-3.376033522
27.60434,31.11021,1.127004304,7020.31,0.95492,8.904679311,3.105271783,0.657699035,-2.543142827,-2.57172058
8.72055,10.7591,1.233763925,3197.74,0.75652,1.069894131,9.403373773,0.45553014,-3.450065798,-3.510568054
15.04085,25.95811,1.725840627,5588.9,0.91052,4.070327273,5.099108365,0.479893413,-2.926719363,-2.915507295
15.42651,20.67704,1.340357605,5315.71,0.89374,3.353507761,5.121566601,0.415938765,-2.960194051,-2.950435004
11.14094,13.98998,1.255727075,3514.12,0.80206,1.576251867,9.482560072,0.48180447,-3.491911363,-3.462787162
4.5079,6.77787,1.503553761,1145.41,0.59008,0.537369432,15.46991701,0.930259565,-4.039278908,-4.146956627
8.27915,14.02453,1.693957713,3688.95,0.76858,1.379479926,10.64136461,0.654002025,-3.524664784,-3.49757776
22.7212,24.05549,1.058724451,2054.69,0.86582,1.940560773,8.869724207,0.2956496,-2.953658593,-3.027403564
6.72782,13.28108,1.974054003,3435.91,0.7845,1.217075358,7.731104885,0.351337348,-3.354613808,-3.325011909
25.29258,28.49752,1.126714633,6777.17,0.94914,7.783600266,3.547406997,0.620817304,-2.568373136,-2.563106934
12.95779,15.27602,1.17890628,5487.8,0.86218,2.665615483,7.227997969,0.504506206,-3.202343705,-3.258785613
15.43959,16.90804,1.095109391,2288.59,0.76132,1.108198239,9.158346919,0.307553961,-3.594860969,-3.559219877
24.13222,30.45445,1.261982942,7144.26,0.94182,6.930701812,3.791930177,0.609095395,-2.650632823,-2.772572521
9.55931,19.2248,2.011107496,2365.18,0.77274,1.223638581,11.71584336,0.389571731,-3.597457751,-3.435772966
34.06183,36.9871,1.085881175,5841.1,0.93474,5.797879929,4.59341146,0.573069714,-2.706724033,-2.68601
8.39309,11.34269,1.351431952,4367.27,0.80446,1.669627662,7.82242274,0.446276103,-3.254958236,-3.262752946
17.31972,22.142,1.278427134,4999.23,0.87986,2.862552827,7.327808739,0.558893235,-3.134465127,-3.145864703
11.18117,13.87155,1.240617037,4302.84,0.80268,1.705717601,8.540991263,0.48557224,-3.383528562,-3.38785002
10.52591,15.36127,1.459376909,5266.46,0.84374,2.238838841,6.929056462,0.460070802,-3.154375771,-3.241834851
14.60092,17.01314,1.165210137,6409.1,0.87892,3.119170984,5.272146898,0.455545739,-3.033611479,-2.96823883
12.6775,22.36456,1.764114376,5237.43,0.89156,3.231331843,5.788140459,0.466101504,-3.039862833,-3.015800554
12.17302,16.62079,1.365379339,5937.69,0.884,3.094143878,5.322914886,0.416405726,-3.002771376,-3.101542844
5.25359,7.80829,1.486277003,1659.61,0.6326,0.664482537,13.88299149,0.864672274,-3.890505898,-3.949140713
23.22865,25.30381,1.089336229,7013.35,0.93838,6.436429982,3.393984022,0.528731603,-2.651133763,-2.67492414
11.50894,13.72725,1.192746682,3903.38,0.80942,1.632905851,8.268460262,0.434208249,-3.329812374,-3.299924443
11.0582,18.91949,1.710901413,4991.87,0.85968,2.437059359,6.607019318,0.446281809,-3.174896479,-3.176547971
5.83827,12.79598,2.191741732,986.617,0.6502,0.471644736,14.50384952,0.394599985,-3.911073165,-3.908026073
14.93453,20.45883,1.369901162,4943.01,0.89462,3.00389497,5.253929706,0.381148996,-2.973837777,-2.927246969
14.25183,17.18833,1.206043715,5313.44,0.88208,2.810371305,5.442618509,0.392056716,-3.067704589,-3.101352242
38.76444,45.1332,1.164293873,5958.79,0.95058,8.279303918,4.573040943,0.730263523,-2.507790733,-2.547596929
11.43201,15.17775,1.327653667,4286.31,0.8367,1.890727818,7.520603852,0.425250071,-3.211021499,-3.229161029
14.86093,19.81698,1.333495279,4157.79,0.87194,2.351110788,6.404555077,0.387852752,-3.16387605,-3.10998719
22.62572,23.18238,1.024602974,5841.63,0.89076,3.333695111,5.676976398,0.472245261,-3.034002064,-3.040469361
10.79063,14.45428,1.339521418,4556.74,0.83766,1.969185489,6.966252132,0.413958505,-3.215273885,-3.180946236
11.56226,18.39865,1.591267624,5105.78,0.87016,2.438980637,5.117572169,0.337648507,-3.061982132,-3.057755249
18.44098,24.73501,1.341306698,6084.64,0.9257,4.7889539,4.369556484,0.471316116,-2.806233271,-2.761878379
9.38498,15.80212,1.683767041,4839.99,0.82472,2.02349027,7.207499429,0.448880746,-3.280156189,-3.253592139
21.1812,24.78501,1.170141918,5820.84,0.91656,4.477817567,5.136385167,0.511917269,-2.868750214,-2.828110992
6.62989,12.5115,1.887135382,2879.37,0.77,1.004064505,8.185499278,0.317823892,-3.375618246,-3.355101906
21.6597,25.17287,1.162198461,5352.2,0.90256,4.14949129,6.908682329,0.57817051,-2.993796472,-2.975666588
19.73273,23.58826,1.195387562,4882.8,0.91024,3.779266019,5.929107435,0.502296927,-2.967744243,-2.914411686
16.04734,21.6908,1.351675729,6050.4,0.89928,3.684788488,5.308464555,0.487583032,-2.95888057,-2.984651591
11.76878,15.17902,1.289770053,4884.75,0.85414,2.289281273,7.585259384,0.55996051,-3.210126496,-3.220735294
29.332,38.26726,1.304624983,7258.75,0.96102,10.64968367,2.776822109,0.738371035,-2.401690666,-2.439396538
11.54862,14.57939,1.262435685,3750.09,0.79532,1.571859424,8.929625803,0.508779217,-3.394766385,-3.361374688
6.32288,11.35835,1.796388671,2805.32,0.73744,0.961975713,10.04713764,0.459310526,-3.630502639,-3.626137838
15.11213,22.10804,1.462933418,4788.78,0.88324,3.060143368,7.134050554,0.553069707,-3.066960311,-3.100616405
25.19151,27.32213,1.084576907,6060.37,0.9354,6.31933091,5.161283393,0.647981771,-2.774439438,-2.751904464
20.532,22.50465,1.096076856,5340.92,0.92502,4.318064055,4.538909468,0.427676823,-2.796428696,-2.817826934
8.60674,10.35283,1.202874724,2069.44,0.71918,0.749984097,10.05034815,0.372720754,-3.592584125,-3.580525446
8.75752,11.66472,1.331966127,4531.5,0.79886,1.646923486,9.558454497,0.726404086,-3.389479239,-3.413159424
24.94932,34.43649,1.380257658,7116.67,0.9424,7.392706135,3.785242039,0.638319796,-2.666199647,-2.68803925
24.68367,29.73588,1.204678235,6209.91,0.948,7.800735639,4.180024242,0.676656951,-2.525336381,-2.652764192
25.60881,29.05739,1.134663813,6833.06,0.94738,7.633266727,3.709307662,0.630298106,-2.587096686,-2.610283911
13.64821,16.87128,1.236153312,4289.02,0.85952,2.200534568,7.18075127,0.443463856,-3.188257563,-3.223355375
24.44635,32.29241,1.320950162,6760.32,0.94204,7.368610427,4.120842652,0.677434894,-2.640674664,-2.723710239
6.79788,10.21289,1.502363972,2425.84,0.6858,0.877435401,12.51037046,0.551529603,-3.812149365,-3.76540748
6.03247,12.02271,1.992999551,2375.88,0.71746,0.835730976,10.05270055,0.422208621,-3.616960922,-3.589670232
9.03807,15.99443,1.769673171,3869.97,0.82904,1.66685097,6.39152705,0.275399018,-3.230348749,-3.18640272
24.60183,28.99843,1.178710283,6788.29,0.951,7.92784081,2.937560526,0.587503108,-2.566831245,-2.542265939
17.21973,23.5683,1.368679997,5508.72,0.90852,4.03978781,5.396502704,0.503738585,-2.906250268,-2.952795445
14.74165,21.54219,1.46131471,6331.96,0.90584,4.276259265,4.862773996,0.50124471,-2.959626051,-2.956397443
11.53473,15.54171,1.347383944,4282.64,0.81704,1.822301921,8.363931968,0.53080455,-3.341439444,-3.372644028
24.95961,27.84903,1.115763828,7279.33,0.94832,7.950768818,3.185847552,0.616880973,-2.622300442,-2.607456876
9.28158,14.22708,1.53282954,4383.22,0.83638,1.802376073,5.387455251,0.277862318,-3.121384175,-3.145912449
23.65374,25.83706,1.092303374,6521.92,0.94276,6.76434291,3.846863709,0.59339637,-2.663793091,-2.622560905
21.82392,23.11854,1.059321149,2234.54,0.86586,2.221492438,6.443236901,0.269888444,-2.78955278,-2.637018302
26.13493,29.57368,1.131576782,6978.38,0.95332,8.438625842,3.016811161,0.628581346,-2.502558723,-2.577589016
11.24109,14.70539,1.308181858,4386.82,0.8391,1.886211392,6.941837411,0.383220833,-3.188196379,-3.179394509
15.6678,20.1039,1.283134837,5063.62,0.88802,3.018864076,5.76224581,0.438065456,-3.004002513,-3.059026098
6.82518,11.04665,1.61851409,1726.73,0.68544,0.672758502,13.38031202,0.403214488,-3.81868888,-3.864829242
10.65223,14.52794,1.363840248,4580.21,0.8334,1.808738983,7.093166125,0.39978022,-3.29491017,-3.245499987
5.24059,10.16182,1.939060297,1358.2,0.63136,0.550209588,13.61308158,0.535638506,-4.043740916,-4.063207885
20.80117,26.51938,1.274898479,6245.81,0.93012,5.606780315,4.681883147,0.564987803,-2.78811717,-2.812124938
25.09775,25.29915,1.008024624,5390.82,0.88894,3.329999363,5.544134036,0.425920234,-3.051232607,-3.055219583
7.60832,9.65517,1.269027854,4798.03,0.79088,1.598069901,9.075370556,0.571326544,-3.409598663,-3.447889418
9.62207,14.7311,1.530969947,4417.44,0.82162,1.739401048,7.261288849,0.397482848,-3.301988125,-3.303167079
10.06618,14.45959,1.436452557,3939.45,0.80034,1.520420066,7.501132459,0.378617396,-3.296836379,-3.31179262
11.47318,13.5486,1.180893179,3445.55,0.80118,1.470440868,10.30751374,0.457790781,-3.525960261,-3.482445678
31.50534,34.11249,1.082752638,6650.2,0.96018,10.06218522,3.094101721,0.715311697,-2.406674126,-2.44026033
23.22368,30.88145,1.329739731,7120,0.93812,6.913394647,3.789684638,0.603239742,-2.702209859,-2.717160161
11.79973,13.97662,1.184486425,2860.56,0.75546,1.126335124,11.78607462,0.627148618,-3.801268735,-3.785265255
12.53132,20.07816,1.602238232,6230.17,0.8993,3.501115389,4.664353914,0.420454828,-2.960392108,-2.960075922
14.10351,20.2134,1.433217688,4991.26,0.87946,2.897659692,6.277982263,0.465685902,-3.091892313,-3.040442534
12.83714,16.34307,1.27310834,6200.77,0.89608,3.722251761,5.219394042,0.477734045,-2.984397596,-3.06011601
9.74017,14.22064,1.459999158,5334.89,0.8525,2.17652165,5.754769662,0.369003052,-3.123408151,-3.104381555
19.70009,23.20835,1.17808345,5687.93,0.91232,4.34821152,5.755121034,0.565840431,-2.906465496,-2.996910625
4.69158,8.24419,1.757231039,1576.17,0.61548,0.660572672,14.89363046,0.833480534,-4.188656872,-4.204570237
20.74094,24.51819,1.182115661,6304.31,0.92456,5.2540774,5.145524734,0.570818609,-2.821770617,-2.880175801
14.73674,20.77847,1.409977376,4133.04,0.86448,2.416652223,6.641955944,0.400787139,-3.127491089,-3.190313791
23.14744,26.69644,1.15332149,5452.76,0.93322,5.160730185,4.469097736,0.496323606,-2.71345873,-2.789772531
29.6656,34.77471,1.172223383,7614.55,0.96174,10.82550467,2.82871721,0.756980371,-2.436289422,-2.466099357
6.8331,10.12143,1.481235457,2830.73,0.73466,0.99086766,9.404152555,0.366314696,-3.457414481,-3.404346344
12.91375,14.7076,1.138910076,3530.69,0.80712,1.627005485,8.819870641,0.464427768,-3.402894212,-3.375978684
11.17776,19.20456,1.718104522,5488.83,0.88196,2.872721587,5.545455782,0.409258851,-3.094770891,-3.06975694
13.71126,19.6183,1.430816716,5556.97,0.889,3.206376686,5.210678809,0.420147337,-3.027124306,-3.050749685
6.27636,18.41528,2.934070066,3197.7,0.78852,1.40267364,9.071735072,0.455146894,-3.498457057,-3.528065522
7.5647,12.51395,1.654255952,2087.16,0.7542,0.775658595,8.377516773,0.209151939,-3.496265601,-3.499525367
35.27982,45.86668,1.300082597,6640.13,0.96414,11.97799549,3.146783925,0.838857292,-2.306177601,-2.372910843
4.61023,8.08019,1.752665268,1588.98,0.6472,0.613744772,13.85450135,0.701673579,-4.008799473,-3.97360496
10.14056,13.26938,1.30854509,4844.81,0.80674,1.68816086,8.085937292,0.479628736,-3.342666386,-3.332824123
14.52338,18.88074,1.300023824,5765.93,0.8905,3.457339421,5.448235754,0.472562315,-3.073562921,-3.065950056
14.23486,20.67302,1.452281231,3701.23,0.86944,2.076775533,6.411645831,0.342807015,-3.147209197,-3.126971915
6.57625,10.39233,1.580282076,3203.28,0.74802,1.127140455,10.27481713,0.541710567,-3.539743719,-3.521434798
10.53423,17.93584,1.702624682,5461.26,0.88282,2.723130974,4.754123194,0.351216391,-3.026928468,-3.016843476
23.20494,23.45234,1.010661523,4890.09,0.89894,2.998295627,3.952239423,0.294829613,-2.88844133,-2.882136885
8.24541,12.2155,1.481490914,3790.81,0.79106,1.388738205,7.995829089,0.368081065,-3.365122789,-3.318116256
7.8602,12.48079,1.587846365,3775.31,0.78538,1.360005403,9.198551012,0.43896147,-3.452443034,-3.469915848
14.30886,19.8663,1.388391528,5879.3,0.89188,3.339549025,4.89081961,0.406524152,-2.978932233,-3.004950564
13.8401,20.13526,1.454849315,5422.43,0.89364,3.215469255,5.120217328,0.407633736,-3.01708753,-3.002111048
21.84308,24.56124,1.124440326,6246.14,0.93214,5.738152986,4.407081543,0.554407099,-2.785063848,-2.814997451
15.73233,21.43029,1.362181571,5267.09,0.8894,3.119464914,5.916727125,0.464348427,-3.066254054,-3.070674384
21.16662,30.02024,1.418282182,6912.6,0.93718,6.409339288,3.607728988,0.55825238,-2.657485838,-2.667622447
11.64986,17.10509,1.468265713,5771.12,0.87368,2.949499178,6.337632182,0.487688106,-3.133452505,-3.193376088
17.3726,28.78983,1.657197541,5709.08,0.92028,4.744298264,5.128656377,0.536893641,-2.802025676,-2.891468031
14.94536,23.12924,1.547586676,6052.51,0.90862,4.174012909,4.915366898,0.491998932,-2.964867197,-2.951834126
31.72546,39.49264,1.244824819,5916.2,0.94356,7.116266441,4.780900595,0.673359581,-2.602704562,-2.672599451
14.21048,19.77483,1.391566647,6116.91,0.90058,3.882362577,5.196691923,0.490913297,-2.982826924,-3.017066574
25.84902,32.31403,1.25010658,5551.64,0.93334,5.349910294,5.100235364,0.561731309,-2.735329603,-2.767561745
10.61177,18.65614,1.758061096,5283.51,0.88014,2.657732469,5.007908051,0.342258196,-3.017946654,-2.968339458
11.90832,16.47557,1.383534369,4056.15,0.8425,1.8138134,5.428212986,0.274152972,-3.107515607,-3.108524685
10.53458,11.86525,1.126314481,3080.63,0.75894,1.211659674,9.711319552,0.449480067,-3.492811782,-3.509952856
24.93474,29.73427,1.192483659,6255.71,0.94788,7.8857913,4.351962295,0.709418645,-2.566554847,-2.679858518
14.61351,17.13896,1.172816113,5354.78,0.89328,3.248668936,5.149683833,0.419569636,-2.969061059,-3.01879671
10.43627,12.1993,1.168932962,2086.96,0.7517,0.887566978,11.34159245,0.416968031,-3.689402041,-3.678820341
10.4217,14.89983,1.429692852,4886.2,0.85308,2.203669165,6.352520407,0.400294176,-3.193315331,-3.152700794
11.22958,14.50079,1.291302969,4306.39,0.83444,1.858329232,6.834357589,0.391235711,-3.207174207,-3.22309856
12.01831,14.03273,1.167612584,3233.31,0.8042,1.349727436,10.1283755,0.466505087,-3.5408156,-3.49830133
24.79467,27.98637,1.128725246,7050.06,0.9501,8.138389454,3.135633762,0.621957169,-2.540152932,-2.595414098
7.69929,10.48113,1.361311238,3149.16,0.75584,1.077606978,10.06415402,0.462607026,-3.579196106,-3.546768634
16.21437,33.05862,2.038847023,4330.07,0.89814,3.258179549,6.998877454,0.539354047,-2.995027441,-3.03143595
18.2799,23.76102,1.299844091,6049.31,0.9217,5.047672769,5.228433603,0.561026731,-2.883031391,-2.874682023
9.92053,12.44112,1.254078159,3797.07,0.79446,1.505919728,8.449488336,0.458539105,-3.364585017,-3.354782617
15.17515,21.05081,1.387189583,5952.67,0.89066,3.340183761,5.440744486,0.457577072,-3.026100663,-2.981198858
10.20997,15.19982,1.488723277,4686.11,0.8548,2.011767475,5.113734482,0.291485992,-3.109204366,-3.090938548
20.36442,25.77619,1.265746336,5647.5,0.90818,4.090974612,9.276341883,0.705659113,-3.125004718,-3.015876598
8.42351,12.89604,1.530957997,4212.86,0.80616,1.564624002,8.463720662,0.455109959,-3.368659923,-3.384506386
10.30651,18.27059,1.772723259,5750.6,0.87406,2.733829601,5.484792849,0.396996874,-3.120624905,-3.168208488
11.55999,15.73013,1.360739066,4276.6,0.81294,1.796294455,8.326108901,0.469784484,-3.351057423,-3.315270152
15.39068,21.35626,1.387609904,4743.61,0.86206,2.591251078,7.31700596,0.53267622,-3.197244053,-3.17230918
16.3324,21.18149,1.296900027,4372.93,0.8542,2.593404458,7.704267993,0.501180241,-3.219624984,-3.246841261
23.05079,28.59644,1.240583945,5504.76,0.92316,4.542417249,5.141954538,0.507082304,-2.845813133,-2.760094737
15.85804,20.33426,1.282268174,5777.56,0.89624,3.538771949,5.196606054,0.45238274,-2.977838915,-3.003854028
35.69167,36.76279,1.030010364,5479.51,0.92814,5.282887847,4.91053265,0.549792813,-2.755326796,-2.710345842
15.0558,20.68074,1.373606185,4756.86,0.8647,2.605766014,7.049079507,0.499172095,-3.193031437,-3.119647444
18.24183,22.726,1.245817991,6030.27,0.9201,4.806331131,5.106234638,0.531434556,-2.874327226,-2.869024953
17.02711,19.32924,1.135203801,4854.4,0.86246,2.682437539,9.161097049,0.667157573,-3.264850907,-3.282739718
11.14167,14.40037,1.292478596,4017.03,0.80946,1.646157319,9.055311797,0.564544958,-3.332063222,-3.393821
10.21848,13.48499,1.319666917,4702.81,0.81248,1.780068006,7.200484984,0.410352137,-3.307959279,-3.260729002
13.85562,20.43698,1.474995706,4761.91,0.8724,2.704495713,6.387046007,0.458626356,-3.111125682,-3.220936892
10.49172,15.08894,1.438176009,3827.55,0.81216,1.6232811,8.945132082,0.544340445,-3.325365873,-3.34176342
24.73978,29.11512,1.176854443,5590.71,0.92388,4.846837867,5.55865269,0.567171371,-2.833645487,-2.914648906
11.72746,16.43287,1.401230104,3419.29,0.8031,1.688057273,9.967112287,0.514072094,-3.429610054,-3.343742296
10.94832,14.71047,1.343628063,4451.74,0.83196,1.886633286,7.748672536,0.450935234,-3.250305363,-3.278034325
15.35199,23.5566,1.534432995,4201.32,0.84558,2.2989212,8.501257353,0.524981931,-3.266380178,-3.271767337
14.81572,16.7181,1.128402805,5275.91,0.85092,2.41388212,6.699558555,0.466810965,-3.100240914,-3.100121227
19.32375,22.58175,1.168600815,5109.49,0.8943,3.556501163,7.551031837,0.660774252,-3.085580442,-3.122399213
24.9093,32.58152,1.308006247,7202.18,0.94488,7.493754412,3.570408528,0.620235174,-2.602424351,-2.666240139
44.0308,48.05963,1.091500268,5690.72,0.95466,8.688284386,4.163333636,0.731482497,-2.441489754,-2.454311379
13.72049,20.35415,1.483485648,5677.47,0.90092,3.645456936,4.712613899,0.420632542,-2.962581474,-2.959799572
14.15113,21.93634,1.550147585,6128.48,0.88776,3.329745138,6.039964947,0.505050687,-3.047798264,-2.931234538
20.34767,24.04278,1.181598679,5919.89,0.9162,4.564522075,6.233616484,0.555133707,-2.94163291,-3.028994396
19.07062,24.48966,1.284156467,5939.71,0.92446,4.73063146,4.475244629,0.478246002,-2.811740516,-2.893869926
11.81175,13.61218,1.152427032,4820.8,0.82822,2.00261625,8.055541852,0.486962349,-3.265632625,-3.297137004
10.44461,12.75782,1.221474043,3018.25,0.7743,1.227467498,11.18220386,0.551143285,-3.661504721,-3.584390293
9.98891,13.96786,1.398336755,4182.48,0.78338,1.528704432,9.037508667,0.518528866,-3.432246811,-3.416609771
8.14134,10.12638,1.24382227,4812.61,0.82662,1.778285478,6.417028005,0.369839044,-3.182371496,-3.149615324
10.71029,14.94542,1.395426268,4434.8,0.81818,1.764672896,7.474150453,0.42234444,-3.267534967,-3.231539603
11.23494,21.39088,1.903960324,5126.06,0.87052,2.679627908,6.697433748,0.502032003,-3.14948762,-3.130438609
10.47388,14.84993,1.417806009,3563.7,0.77804,1.462681909,10.43650256,0.66654196,-3.502085946,-3.491315751
13.18582,16.35903,1.240653217,5728.64,0.88364,3.200921545,5.73976431,0.476738082,-3.10831931,-3.106806138
10.8238,16.04542,1.482420222,4773.35,0.84502,2.003794076,6.44458613,0.381894252,-3.180662807,-3.129870884
11.34712,14.95217,1.317706167,4880.87,0.84498,2.145457869,6.332026069,0.394298876,-3.161872485,-3.183868983
13.55084,16.76499,1.237191938,5812.01,0.85402,2.561901162,7.218196481,0.552187227,-3.167727492,-3.219040914
8.78652,18.79789,2.139401037,3189.48,0.81164,1.380788658,6.71031525,0.26322532,-3.333454511,-3.330815685
14.93487,17.12874,1.146895822,5697.72,0.88634,3.265217407,5.626283244,0.468160258,-3.043376837,-3.023656735
7.46084,10.67367,1.430625774,3984.38,0.77938,1.290789515,9.315230712,0.502205718,-3.407452956,-3.412623321
10.12229,13.76972,1.360336446,4509.56,0.83038,1.920282314,7.36589834,0.445988488,-3.237530301,-3.284035496
13.15563,18.55916,1.410738976,5923.51,0.89996,3.438413369,4.16688242,0.372519979,-2.897781359,-2.893462705
10.35351,14.20737,1.37222739,4500.78,0.8341,1.803104686,6.488205533,0.352423811,-3.242139262,-3.206245327
10.70106,16.36516,1.529302705,5779.12,0.86948,2.850726058,6.276015087,0.464099725,-3.16432101,-3.154071671
21.3774,24.49004,1.145604236,5899.31,0.91452,4.562903829,6.179826312,0.609208806,-2.976964483,-3.015340016
8.12285,12.31198,1.515721699,4312.67,0.80818,1.546827031,7.979124466,0.426437449,-3.313436009,-3.308028021
14.87255,18.6768,1.255790029,5905.1,0.89254,3.443335082,5.509568895,0.463542577,-3.046021984,-3.03454958
36.75682,40.98154,1.114937038,5534.92,0.94414,6.748388204,4.707200799,0.634006011,-2.58595493,-2.729404141
9.65516,14.01866,1.45193451,2824.95,0.77894,1.264568415,11.23630387,0.50904044,-3.681889508,-3.64824225
4.80849,7.77653,1.617249906,2237.83,0.67324,0.734267145,12.73930235,0.643773573,-3.886231196,-3.874312202
27.08476,31.21513,1.152497936,6735.73,0.94748,7.624795796,3.841558098,0.664316396,-2.619201841,-2.606203546
9.25845,13.55213,1.463757972,3653.55,0.80908,1.431776998,7.777946638,0.358955118,-3.313949857,-3.361549464
18.58719,20.59534,1.108039462,5529.43,0.90808,4.083295487,5.69485831,0.524839317,-2.963955746,-2.898377843
15.49709,20.2679,1.30785199,5282.19,0.89392,3.187346457,5.866466028,0.454679396,-3.024448069,-3.083323564
14.28379,20.43069,1.430340967,4601.52,0.87186,2.632570611,6.227053294,0.412378909,-3.127181007,-3.108813741
34.49931,40.65858,1.178533136,6711.71,0.96506,12.15521943,2.971978882,0.843973622,-2.321675803,-2.368549074
11.58451,14.88893,1.285244693,3190.01,0.80538,1.506489814,9.897476539,0.50600065,-3.551806488,-3.515202253
6.78527,9.58038,1.411937918,3378.89,0.74884,1.092640392,9.386234369,0.417518174,-3.482846836,-3.486999658
24.98142,25.19483,1.008542749,5204.43,0.90446,3.385702681,3.635986907,0.302181794,-2.819494483,-2.763444473
7.52228,12.85823,1.709352749,3712.43,0.79508,1.371440005,6.720737679,0.309026621,-3.273049104,-3.222119701
12.93142,21.41382,1.655952711,5840.02,0.89696,3.492331712,4.9544544,0.433728116,-2.991996876,-2.971007524
14.51023,19.65756,1.354738002,4949.93,0.8731,2.793794838,6.798080195,0.494567104,-3.135299469,-3.193746454
22.44763,22.84023,1.017489597,5752.52,0.8986,3.395261143,5.287188036,0.449228147,-3.048853237,-3.043535151
9.84891,17.00745,1.726835762,4439.04,0.84246,2.004563722,6.250193734,0.343654204,-3.182343923,-3.152119114
14.76754,20.95577,1.419042711,6219.89,0.90232,4.147148583,5.540312896,0.544166073,-2.956854792,-3.000547536
10.8553,16.51385,1.521270716,4444.96,0.82812,2.06427747,8.416543637,0.565450152,-3.299379758,-3.365234194
11.53888,17.98905,1.55899446,6200.87,0.89192,3.345799932,4.973205645,0.427315549,-2.975589009,-2.956945105
24.48828,30.12593,1.230218292,6202.41,0.94384,7.261368969,3.978670179,0.621657648,-2.578318965,-2.641084949
16.22568,18.90952,1.165406935,3709.93,0.83458,2.048054106,14.41007913,0.796279241,-3.711421104,-3.646950863
14.01629,22.9646,1.63842215,5651.83,0.901,3.701147725,5.297887661,0.465799797,-3.014808369,-3.034542307
18.25776,21.58987,1.182503768,5842.84,0.89976,3.882275275,5.486803455,0.503547483,-3.005559769,-2.999137123
22.88475,27.30582,1.193188477,7063.95,0.93608,6.455546054,3.693102813,0.566179651,-2.689495158,-2.747217122
20.65941,28.55079,1.38197509,7072.66,0.94312,6.705200668,3.126474379,0.518140431,-2.601276308,-2.685225844
19.54488,22.65152,1.158949044,5169.56,0.89718,3.866022028,7.538105242,0.620781792,-2.981578165,-3.042520992
28.96052,31.95486,1.103393862,7193,0.95006,8.684277879,3.482558269,0.683112704,-2.547402577,-2.552502786
9.05531,15.53203,1.715240008,4642.55,0.82362,1.966191682,7.515880357,0.475888643,-3.334993605,-3.303905816
9.03819,12.11556,1.340485208,4489.72,0.80902,1.683718491,7.629539839,0.423281105,-3.253863292,-3.271170727
13.27226,20.39496,1.536660674,5954.78,0.89468,3.609137813,5.081009594,0.453647647,-3.003402635,-2.963180485
14.52035,18.30561,1.260686554,5952.64,0.88568,3.400275652,5.853088698,0.501313857,-3.082766994,-3.082999908
8.83138,13.68652,1.54976006,4071.07,0.80168,1.573402418,8.498496819,0.538634458,-3.324056598,-3.252487261
15.28004,19.19565,1.256256528,5450.69,0.88508,3.144893652,5.533034905,0.41733007,-3.057185301,-3.031772833
6.59048,11.69941,1.775198468,1402.97,0.67536,0.522223253,9.606461143,0.195620611,-3.665455388,-3.643961592
7.52568,10.92661,1.451909994,3782.45,0.78394,1.307972737,8.009844421,0.383341667,-3.331743001,-3.299489707
9.59074,14.43792,1.505402086,4005.34,0.81252,1.680319139,8.134317114,0.437349345,-3.373047239,-3.327115211
7.1391,9.7092,1.360003362,2510.02,0.7212,0.884199531,8.764898987,0.260798816,-3.623422706,-3.643084612
8.40314,13.68507,1.628566226,4349.95,0.80252,1.680680716,9.378723504,0.626364121,-3.483497779,-3.441253243
8.19405,15.12904,1.846344604,4178.45,0.81418,1.701141644,7.947754895,0.49126114,-3.31507838,-3.345206732
6.01138,9.52346,1.584238561,2644.42,0.69882,0.900442606,10.76435979,0.464554255,-3.721814425,-3.745942867
12.64889,18.5952,1.470105282,5373.98,0.87066,2.820773667,6.113132515,0.439185818,-3.139134488,-3.127713569
8.44981,12.86956,1.523059098,3540.82,0.77124,1.285348586,9.516078232,0.468110324,-3.495946302,-3.474242209
8.2115,13.18197,1.605305973,2107.2,0.74676,0.781864136,9.20276807,0.244882821,-3.582072917,-3.591465213
15.97915,20.91409,1.308836202,6212.9,0.90836,4.140276031,4.28121567,0.435532679,-2.886333869,-2.845235092
13.3924,18.24902,1.362640005,4405.59,0.86142,2.169993123,6.111913386,0.338787629,-3.143829185,-3.156326685
16.34199,22.7831,1.394144777,6097.22,0.90984,4.267141919,4.46329041,0.456871311,-2.923866436,-2.917255699
11.35892,18.1944,1.601771999,5332.66,0.87508,2.6921728,5.283728304,0.377975197,-3.061195567,-3.058582861
9.59825,17.62466,1.836236814,4695.07,0.844,2.132492464,6.748041636,0.440884777,-3.220116903,-3.238640342
9.4196,13.32139,1.414220349,5425.12,0.85026,2.225718295,5.751238091,0.378930045,-3.046454643,-2.965143956
9.60469,15.08588,1.570678491,3307.27,0.82342,1.401353667,6.67385768,0.257427557,-3.261376806,-3.268563076
12.58541,20.43867,1.623997152,5685.21,0.88712,3.296777622,5.242970376,0.438847328,-3.050028228,-3.031682119
7.79048,14.16004,1.817608158,2001.58,0.75634,0.802446148,7.858165214,0.17647228,-3.45392404,-3.431412695
7.47406,11.20532,1.499227997,3174.33,0.7583,1.120861806,8.377374627,0.306815354,-3.395852437,-3.382517483
12.16002,21.18589,1.742257825,5533.17,0.8769,2.969602969,5.966250283,0.444788635,-3.103747057,-3.136310275
9.05339,14.45995,1.597186247,4377.87,0.83314,1.773170249,5.570447704,0.287640738,-3.125357703,-3.075178649
19.33056,21.83146,1.129375455,6059.63,0.91432,4.591089174,4.883441536,0.514092126,-2.897963299,-2.869287664
12.16641,14.87442,1.22258086,3987.24,0.82928,1.854930346,8.300571601,0.405399538,-3.352408619,-3.357125554
15.58045,20.52037,1.317058878,4431.12,0.8461,2.077557906,6.910017175,0.421338135,-3.210389167,-3.246524453
9.32797,13.24877,1.420327252,3400.61,0.79346,1.276270625,6.859416986,0.257078551,-3.291283189,-3.280711418
13.77401,16.40445,1.190971257,4532.49,0.85504,2.343198055,8.47966393,0.595451671,-3.266070664,-3.243146666
11.04773,14.96946,1.354980616,4492.21,0.82396,1.742521492,6.573779822,0.339897599,-3.240167212,-3.260884918
10.57302,18.40529,1.740778888,5393.1,0.8743,2.700215264,5.373821934,0.384672637,-3.045216937,-3.095112293
5.54034,10.23187,1.846794601,1971.23,0.67616,0.719757129,10.10650252,0.300765332,-3.874851708,-3.89390318
8.15613,16.35735,2.005528357,2985.09,0.80228,1.219042641,7.476974766,0.254112992,-3.36766445,-3.342259631
12.59731,18.24915,1.448654514,5396.11,0.86832,2.692506861,5.828420191,0.425808843,-3.109120982,-3.068481093
10.344,16.79584,1.623727765,5108.78,0.8594,2.426285417,5.938760195,0.395681876,-3.16617063,-3.117103456
10.64607,16.26747,1.528025835,4716.24,0.8504,2.165818574,6.937882175,0.434178276,-3.220717899,-3.152990442
6.45866,10.21257,1.581221182,2338.7,0.73156,0.801436442,9.202803833,0.275415836,-3.527504675,-3.573302506
5.58637,11.08967,1.985129879,2244.07,0.69672,0.791158178,10.44473378,0.407341318,-3.762693864,-3.783608535
14.61652,20.07987,1.373779121,5509.26,0.88226,3.159391226,6.160766979,0.493412219,-3.113662697,-3.059075532
8.77439,12.4007,1.413283431,3439.76,0.77434,1.287630868,7.630335357,0.267633358,-3.429622946,-3.399710493
9.17267,16.98894,1.852125935,4355.22,0.82586,1.871531358,7.696259317,0.501557314,-3.289448634,-3.275974792
8.5885,15.81993,1.84198987,4110.61,0.8055,1.719779492,7.815304034,0.430997237,-3.354834247,-3.339183837
9.27755,13.94041,1.502596052,4207.72,0.82008,1.805973666,7.567401969,0.43172181,-3.26568715,-3.319440314
9.54459,14.30515,1.498770508,4330.85,0.8121,1.829358947,8.797907728,0.584167774,-3.399543666,-3.388080436
8.68185,13.42776,1.546647316,3388.66,0.78068,1.283941359,8.118029301,0.330908833,-3.440308595,-3.425432939
6.76596,10.44202,1.543316839,3422.36,0.75688,1.112213214,9.196086228,0.41088571,-3.479190296,-3.486720378
11.20284,14.58847,1.302211761,4900.82,0.8374,2.033536104,6.446547558,0.386637037,-3.166619447,-3.168499772
10.92128,14.36738,1.315539937,5023.95,0.83546,2.038025448,6.814756705,0.423887739,-3.19923738,-3.223563142
8.52701,16.0962,1.887672232,4594.6,0.82436,1.916011231,6.927644792,0.403503582,-3.223246115,-3.242278743
6.14698,10.15185,1.651518307,2711.53,0.71952,0.929470701,10.01015668,0.440695749,-3.540264261,-3.571961063
11.30558,17.00932,1.504506624,4650.23,0.8548,2.335340466,6.46756059,0.441588324,-3.121029619,-3.198806593
9.14981,14.35363,1.568735307,3960.57,0.7947,1.512630954,9.482570934,0.566404005,-3.461654484,-3.446970509
10.96857,17.03943,1.553477801,4298.74,0.85472,1.943592344,5.763931165,0.2987483,-3.129789113,-3.134547684
6.90458,11.84769,1.71591755,3333.03,0.76406,1.114405772,7.832485186,0.349121648,-3.347547696,-3.381861281
10.46259,14.75594,1.410352504,3524.12,0.8317,1.505118707,6.871796261,0.282259406,-3.260279639,-3.266607895
12.03731,20.14092,1.673207718,5735.2,0.8859,3.200054906,5.097423588,0.419103114,-3.038994919,-3.022325445
13.00661,18.53585,1.425110002,5737.69,0.8866,3.278882532,5.339245923,0.439058493,-3.071126401,-3.099892384
8.00072,11.57623,1.446898529,3841.98,0.7769,1.343513299,9.196536248,0.466427189,-3.401267014,-3.381173765
8.269,11.33491,1.370771556,4077.4,0.79534,1.43779365,8.035534036,0.400404332,-3.309048886,-3.315145733
5.72893,9.68191,1.690003194,1734.34,0.6859,0.621224335,10.47113685,0.270607177,-3.813841511,-3.825099273
4.88663,9.94755,2.035666707,1816.11,0.67312,0.689433372,10.653608,0.351557059,-3.899448308,-3.863899815
12.04663,15.14446,1.257153245,5313.97,0.84122,2.169485056,6.670815796,0.425418787,-3.170122953,-3.168766471
9.87932,17.61363,1.782878781,4958.38,0.84446,2.29648807,6.550177966,0.405846102,-3.227970734,-3.245502487
13.15094,19.36713,1.47268028,6031.38,0.8981,3.704009205,4.763503611,0.445157246,-2.969422404,-3.061936272
5.919,10.83796,1.831045785,2781.49,0.73234,0.937232047,9.075034672,0.376271142,-3.569406109,-3.58407337
9.07136,15.08419,1.662836664,4492.91,0.81868,1.887873226,7.711795941,0.454356823,-3.347848301,-3.362555062
12.1058,20.37315,1.682924714,5240.81,0.87256,2.751218651,6.005669723,0.41854871,-3.102073644,-3.133064998
8.36997,13.02938,1.556681804,2320.75,0.7087,0.857734863,9.487222101,0.299444,-3.657990713,-3.65060888
9.17818,12.42238,1.35346877,2923.38,0.74888,1.065079837,9.465409815,0.39791633,-3.581702426,-3.535901967
10.11076,17.08221,1.689508009,4432.01,0.84248,1.986287805,6.946483044,0.421474726,-3.237472115,-3.265196599
7.48074,11.67775,1.561042089,2562.38,0.72048,0.901824226,9.749279854,0.316123075,-3.568745443,-3.605618548
8.02502,15.16479,1.889688748,3528.53,0.80038,1.448950553,7.103531486,0.263713361,-3.352157706,-3.329701132
12.90842,21.02114,1.628482804,5318.77,0.87632,2.931738194,6.133738325,0.445227917,-3.068808442,-3.110953148
12.87077,16.96038,1.317744004,5384.82,0.86916,2.690531321,6.239603488,0.468373114,-3.089133199,-3.138196651
11.45128,13.87132,1.21133358,6315.52,0.86088,2.797944638,5.876989461,0.470096735,-3.071711158,-3.062131046
8.85999,12.24613,1.382183276,1989.45,0.7683,0.80784651,7.488192723,0.163011905,-3.405987864,-3.366132135
8.06315,12.17338,1.509754872,4826.72,0.8082,1.810638002,7.884264807,0.504663391,-3.272022323,-3.323630542
11.25742,14.86582,1.320535256,6316.26,0.87572,3.211965831,6.207161253,0.537554923,-3.103037741,-3.126049631
6.98279,9.7079,1.390260913,3654.88,0.75268,1.212255916,9.682320351,0.556773606,-3.425828287,-3.434636864
8.14922,16.48432,2.022809545,3006.89,0.80012,1.232962627,8.565481121,0.349669821,-3.417581918,-3.3856143
12.09542,15.94847,1.318554461,5533.54,0.87766,2.771371192,5.589851528,0.400225911,-3.073035324,-3.077850405
6.93267,10.88134,1.569574204,4510.12,0.78682,1.421520273,8.631357427,0.572204137,-3.302088341,-3.293983651
10.34882,13.4966,1.304168011,4387.08,0.83056,1.906891635,7.073121318,0.386187082,-3.251019667,-3.240373522
8.59316,11.30816,1.315948964,3656.75,0.78458,1.308503488,8.212948494,0.387520683,-3.378808088,-3.367733944
9.77715,12.57598,1.286262357,6024.66,0.8193,1.911001847,6.941218107,0.500612841,-3.200489075,-3.18706177
10.57604,13.22258,1.25023922,6244.76,0.83656,2.349782032,6.872436636,0.539952392,-3.19335785,-3.216387194
6.62157,10.42184,1.573922801,3793.28,0.75808,1.250364926,9.240407984,0.477082892,-3.518197982,-3.54250888
7.38629,10.94309,1.481540801,3743.96,0.77758,1.258275038,7.512521104,0.310618479,-3.320985449,-3.356977066
10.09769,14.4357,1.429604197,6214.86,0.85074,2.560048629,6.614678813,0.513201359,-3.191052793,-3.142161652
11.57279,15.6011,1.348084602,6220.66,0.87734,3.148232542,5.651682611,0.474434127,-3.062444976,-3.095772497
10.76554,15.19075,1.411053231,6157.9,0.86534,2.866569716,5.995459007,0.489233841,-3.130460153,-3.109498763
9.94447,12.53714,1.260714749,4298.35,0.81746,1.77442917,8.402847033,0.468229809,-3.367748528,-3.366701935
11.18435,14.69009,1.313450491,6126.09,0.86752,2.97976554,6.072683979,0.488921378,-3.146878805,-3.097649575
10.72403,14.88328,1.387843936,5866.45,0.8655,2.816328523,5.853620151,0.442298951,-3.113666659,-3.09810094
9.16945,11.09041,1.209495662,3172.45,0.7542,1.089800926,8.811796627,0.341698191,-3.451607971,-3.49359232
9.09558,16.03929,1.763415857,4467.8,0.82616,1.9126642,7.62444159,0.455986204,-3.294879343,-3.353126652
10.99131,14.01656,1.275240167,4831.21,0.85212,2.183568145,5.406121166,0.319193108,-3.121383007,-3.149548609
10.23376,12.44887,1.216451236,4636.22,0.82378,1.923241247,8.345269802,0.493636744,-3.35428961,-3.267647377
11.63304,14.12623,1.214319731,4902.04,0.85692,2.24683395,5.278400246,0.329432235,-3.06268775,-3.105284618
12.66181,14.11068,1.114428348,4106.03,0.82386,1.904416269,8.117882539,0.477123933,-3.327178747,-3.264972025
12.72141,14.69073,1.154803595,3801.1,0.8174,1.718353206,8.193019686,0.41002184,-3.363389264,-3.33741469
12.67012,14.88775,1.175028334,4684.29,0.84136,2.20031853,7.919767324,0.537265957,-3.220916147,-3.266824135
10.00357,12.57706,1.257257159,4260.23,0.82216,1.754809847,7.828867001,0.388687129,-3.317435629,-3.364816268
8.11443,11.16373,1.375787332,4434,0.79204,1.55198191,8.166645242,0.438402232,-3.354712288,-3.336597602
11.23814,14.0973,1.254415766,5120.75,0.84412,2.276556954,6.657109977,0.419443701,-3.168949083,-3.242013152
9.6432,10.92789,1.133222374,1853.43,0.73826,0.727020267,10.10152635,0.236412676,-3.650433779,-3.643459806
11.58191,13.47969,1.163857257,3741.92,0.79156,1.599227419,11.16834127,0.645616827,-3.53499916,-3.496886649
9.82289,11.85305,1.206676447,3602.24,0.79454,1.43279631,7.559404239,0.355657118,-3.361772993,-3.353263613
7.08346,11.85876,1.674147945,4670.08,0.7848,1.576150481,8.672078343,0.662576628,-3.284100681,-3.286672059
8.1238,11.09973,1.366322411,2844.38,0.74178,1.032393651,10.52192589,0.429465669,-3.642046429,-3.637500035
10.34674,12.71299,1.228695222,4624.06,0.8228,1.902823709,7.477382119,0.421309781,-3.312465292,-3.284494279
6.0928,9.76056,1.601982668,3565.68,0.73654,1.146058954,9.984395841,0.524508782,-3.523995983,-3.51664092
6.9522,9.65115,1.388215241,2962.22,0.7061,1.025203959,9.469716652,0.322591369,-3.702288171,-3.638558785
10.19492,15.16149,1.487161253,5919.36,0.86578,2.822364282,5.711772187,0.450147809,-3.058130346,-3.062254887
8.71135,12.75058,1.463674402,5005.43,0.82262,1.968951354,7.811089855,0.555963996,-3.239959827,-3.247132403
10.77186,13.5187,1.255001458,3130.59,0.81126,1.246320615,8.32618253,0.287593657,-3.368492195,-3.389147369
6.67442,9.6728,1.44923454,4280.9,0.74518,1.336401232,10.27020411,0.69418994,-3.527037106,-3.567643906
11.89233,16.68214,1.402764639,6737.17,0.88858,3.629197605,5.234907285,0.48379808,-3.030407726,-2.969394974
9.96826,13.70374,1.374737417,6049.1,0.8414,2.412049353,6.565075055,0.502835101,-3.167775171,-3.150103822
11.2963,13.8859,1.229243204,4900.31,0.83362,2.280485303,7.988135001,0.529007295,-3.334459189,-3.321000556
9.96444,13.97751,1.40273914,4476.08,0.82018,1.941971473,9.601525205,0.651297849,-3.421556304,-3.376726665
10.43191,13.59592,1.303301121,4257.75,0.83376,1.84231518,7.882318777,0.453213867,-3.298112755,-3.23237779
4.29985,8.07644,1.878307383,1914.47,0.64886,0.695201432,13.59000052,0.766225647,-4.190478029,-4.230382797
10.45455,14.22497,1.360648713,3661.46,0.8149,1.607281979,9.62328236,0.548658716,-3.378504919,-3.352871846
5.45342,8.78733,1.611342974,2125.95,0.66926,0.724177258,11.7934613,0.436637165,-3.915451867,-3.902305665
6.95641,10.69804,1.537867952,4170.44,0.76446,1.267891558,8.974407789,0.486944981,-3.38939115,-3.388460656
11.95119,15.39612,1.288249957,5188.14,0.85558,2.57819751,7.560941875,0.584297083,-3.175600951,-3.183550091
12.04581,15.65671,1.299763984,6239.11,0.87736,3.114530048,5.7054826,0.467403194,-3.087509352,-3.051723971
12.28485,14.18971,1.155057652,3694.2,0.79136,1.562924005,10.54784362,0.520868957,-3.62485103,-3.55921111
10.69021,14.9419,1.397718099,6827.56,0.86672,2.932248919,5.636615761,0.483611816,-3.076973741,-3.075527769
12.54347,13.92519,1.110154527,3805.88,0.81208,1.710571216,8.443282636,0.464849696,-3.356168708,-3.384783561
6.74065,10.73224,1.592166928,4255.11,0.75836,1.340427036,9.783394571,0.637375701,-3.456000469,-3.446706149
7.29484,11.11525,1.523714023,4515.6,0.77828,1.45505806,8.55464793,0.47006509,-3.407640433,-3.418453854
7.12749,10.80472,1.515922155,3635.08,0.7546,1.234529526,9.704595296,0.473494053,-3.541715764,-3.502625111
11.21241,15.43407,1.376516735,6213.59,0.87396,3.1345291,6.417277014,0.52251872,-3.111185653,-3.16292793
9.22997,15.14553,1.640907825,4491.55,0.83046,1.925173112,7.169861096,0.415265223,-3.306569562,-3.248368123
11.96459,15.12268,1.263953048,6228.99,0.87978,3.176124015,5.790188294,0.484215025,-3.065047193,-3.085377315
8.72309,12.29384,1.409344624,3789.8,0.78816,1.477288489,7.719238917,0.299094506,-3.453907283,-3.453338227
9.02078,12.19417,1.351786653,5896.27,0.81074,1.859188391,7.848111788,0.580588453,-3.291021819,-3.307457432
6.04934,8.60601,1.422636188,2056.3,0.67526,0.715341288,11.90031995,0.412294997,-3.8471378,-3.838158594
5.93955,9.69733,1.632670825,2892,0.71836,0.975152851,11.87648366,0.593471579,-3.765102341,-3.708122968
8.85075,13.16883,1.487877299,4741.63,0.82976,1.900630138,6.407049744,0.385615845,-3.184980323,-3.174543819
9.74008,13.00085,1.334778564,4293.27,0.81598,1.699444959,8.541725579,0.507755503,-3.348280626,-3.321119572
10.28848,17.4787,1.698861251,4860.78,0.85554,2.271759276,6.12861559,0.370998971,-3.173956232,-3.123189109
7.72608,11.02545,1.427043209,2966.53,0.7446,1.053830858,8.796287784,0.303854621,-3.512608269,-3.518205317
13.40867,15.71399,1.171927566,5162.07,0.86626,2.528628266,5.20729995,0.353565537,-3.043128379,-2.993902139
8.13254,12.93067,1.589991565,4546.67,0.80546,1.76001818,8.442890849,0.595232331,-3.284697816,-3.296552704
10.47106,13.63735,1.302384859,4227.13,0.82404,1.679445321,8.384108976,0.473937962,-3.356363119,-3.302632259
7.32246,10.85775,1.482800862,3532.44,0.76876,1.187593268,7.653062971,0.298535923,-3.392333008,-3.352636486
7.1561,9.83498,1.374349157,3106.21,0.73366,1.081172688,11.99234423,0.552228181,-3.679702708,-3.662763083
9.08727,11.38312,1.252644634,2804.03,0.74652,1.108423646,10.51565679,0.393125381,-3.600519838,-3.580350186
10.60414,18.08012,1.705005781,5489.71,0.87564,2.805522359,5.086341055,0.380203673,-3.00625778,-3.053276478
6.33565,9.26021,1.461603782,2911.38,0.70464,1.020516341,9.661002887,0.335454666,-3.661357105,-3.693000466
9.85661,13.12328,1.33141922,3873.36,0.81816,1.615091241,6.804730928,0.297578958,-3.257551211,-3.232990195
13.49534,18.36678,1.36097201,5365.66,0.87806,2.896367913,5.578234798,0.425052004,-3.094912545,-3.047252529
11.0612,13.88073,1.254902723,4362.76,0.83174,1.949740969,7.898362428,0.47745801,-3.234916315,-3.351832305
11.33612,15.57757,1.37415359,6295.34,0.87996,3.198854177,5.650923645,0.482407918,-3.08459738,-3.049912604
10.46533,13.08202,1.25003416,3523.97,0.808,1.48569012,8.874957645,0.459248785,-3.350750994,-3.356335052
9.41512,13.06764,1.387941949,5886.42,0.83864,2.300372771,6.551901646,0.473897251,-3.223914634,-3.181712089
9.0251,12.01133,1.330880544,3218.72,0.78,1.25059724,8.041649039,0.263272099,-3.42061936,-3.395728871
21.40818,25.43803,1.188238795,5785.36,0.8871,3.531589633,6.364461977,0.585280604,-3.08642054,-3.117591525
12.24309,14.38201,1.174704262,3510.93,0.80042,1.497892822,8.386449929,0.395831946,-3.354587456,-3.434312883
10.8964,13.98412,1.283370655,4977.85,0.84896,2.189672204,5.754748323,0.3499713,-3.129554132,-3.077402042
10.04806,12.88591,1.282427653,4524.87,0.8222,1.852502749,7.507905384,0.403467644,-3.287967965,-3.256457474
8.46905,12.05917,1.423910592,4593.63,0.80278,1.758488731,8.148739738,0.408420493,-3.419456435,-3.395668748
8.0148,14.3639,1.792171982,3082.85,0.76922,1.165620838,8.830897237,0.358146054,-3.474305946,-3.485254071
9.45246,13.62508,1.441432177,6308.93,0.8558,2.608629387,5.811975441,0.462081329,-3.087948791,-3.141448819
11.41339,13.87312,1.215512657,5610.9,0.85926,2.613742483,6.786970889,0.503986604,-3.145277731,-3.145815277
11.05762,13.97634,1.263955535,5167.72,0.85012,2.372171933,6.70272378,0.443494698,-3.185181322,-3.196866684
19.97509,23.9267,1.197826893,4066.5,0.85628,2.530325909,8.977903297,0.478705435,-3.269013528,-3.234875742
7.27308,10.71923,1.473822645,2778.68,0.71914,1.040363753,11.23094671,0.389387153,-3.863896787,-3.762901948
5.67412,10.07006,1.774735113,2360.51,0.6816,0.86108988,10.57442584,0.329444395,-3.955519957,-3.937101723
7.46894,12.62333,1.690109975,2851.44,0.74216,1.078130153,13.60682332,0.61287496,-3.753202688,-3.647018809
9.90442,12.98402,1.310931887,5106.7,0.83162,2.125801694,7.885258438,0.585238362,-3.228245634,-3.222574978
9.1527,11.99778,1.31084598,4558.43,0.79766,1.738654693,7.929055047,0.405960372,-3.398988507,-3.369442811
8.61692,12.04198,1.39748077,3030.01,0.75156,1.161436883,11.59703341,0.639222339,-3.737175148,-3.692692301
13.44945,16.26388,1.209259858,6385.3,0.88492,3.360115431,5.112643623,0.460398302,-2.978001315,-2.981604819
12.10543,14.43677,1.192586302,3904.96,0.80336,1.740147554,10.05940252,0.561163599,-3.508611872,-3.512455446
8.89577,11.78731,1.325046623,3848.58,0.78108,1.410670876,7.907862866,0.321231244,-3.444297149,-3.38580366
13.74324,17.93002,1.304642864,6385.14,0.89794,3.904562295,5.055173355,0.493138037,-3.016202308,-2.96538887
7.56874,11.13345,1.470977996,2850.62,0.72294,1.075709127,12.83853007,0.496520825,-3.88168078,-3.847515182
9.80493,11.54737,1.177710601,3926.83,0.7951,1.557904637,8.603976826,0.421940215,-3.414444307,-3.458204983
9.56878,12.71897,1.329215428,4100.69,0.8006,1.599792183,8.896385503,0.454376546,-3.442043132,-3.433799407
6.16994,12.44029,2.016274064,2239.83,0.70008,0.87354836,10.29685116,0.459831938,-3.952724437,-4.022232944
12.87515,16.49198,1.280915562,6444.07,0.88826,3.479660911,5.397790489,0.482014338,-3.039885618,-3.021467044
11.62033,16.22707,1.396437967,6944.74,0.88958,3.696326029,5.134485156,0.492778439,-2.985847574,-2.977632342
21.30383,25.75181,1.20878781,6045.94,0.89836,3.979992823,5.495903011,0.549858135,-2.992580792,-2.939756489
26.29034,31.81498,1.210139542,6617.62,0.92142,5.503446299,5.020401446,0.622851929,-2.837747916,-2.807105729
10.13321,13.27895,1.310438647,5286.44,0.8388,2.231426724,7.461072795,0.519393062,-3.24337492,-3.212588515
9.96134,16.95189,1.701768035,4349.72,0.84316,1.956560078,7.092828081,0.416447843,-3.267938502,-3.239160196
11.29486,14.56367,1.289406863,6058.21,0.86462,2.79034793,6.007923057,0.447009839,-3.106572036,-3.117245749
12.45428,15.56554,1.249814522,5874.62,0.8712,2.924255342,5.588939991,0.416678531,-3.063971922,-3.1179178
20.81239,24.39445,1.172111901,4803.68,0.88236,3.006890535,6.936045023,0.481293752,-3.111813099,-3.115788996
8.3051,16.04006,1.931350616,3742.39,0.79476,1.584234992,8.997877254,0.51551664,-3.413041154,-3.34341816
9.9713,12.62054,1.26568652,4790.28,0.81954,1.939551428,8.117169667,0.501605945,-3.36097347,-3.367021755
7.71246,10.92374,1.416375579,4326.01,0.78932,1.507610442,8.08113051,0.434806748,-3.379398988,-3.378239539
11.39532,13.30613,1.167683751,2046.56,0.76068,0.836498556,10.29227794,0.267320925,-3.642773809,-3.585679795
8.92193,11.9621,1.340752505,4670.42,0.81664,1.747836714,8.411696629,0.567387198,-3.276820366,-3.282523544
6.53456,9.55877,1.462802392,1345.5,0.6717,0.504487589,10.01056364,0.188701615,-3.775074794,-3.776902099
9.74382,12.13697,1.245606959,2724.47,0.7598,1.042023814,11.63104,0.457108015,-3.651930969,-3.628552796
7.70919,11.4874,1.490091696,4670.55,0.79272,1.625912207,8.917476333,0.650009759,-3.303380783,-3.338297232
9.32554,12.98489,1.392400869,4582,0.82418,1.825107013,7.965517572,0.525323486,-3.305984465,-3.289131589
6.68072,9.27005,1.387582476,2921.23,0.70932,0.99466433,10.77284829,0.494086541,-3.731817099,-3.706374586
10.36083,13.29625,1.283319001,4021.21,0.82422,1.702895182,6.575979173,0.303033849,-3.239677467,-3.223583363
5.0533,8.25723,1.634027269,1124.28,0.62336,0.432087726,11.78077065,0.231265775,-3.913595958,-3.92262025
23.09628,25.30603,1.095675581,4027.71,0.8609,2.61305587,9.122783945,0.546574614,-3.225721455,-3.257213406
12.25657,16.45657,1.342673358,5151.85,0.8608,2.595984788,7.115090794,0.528326622,-3.16194051,-3.168388074
8.09721,9.95691,1.229671702,2929.05,0.74704,1.085011234,10.05685713,0.435720625,-3.549750277,-3.509776085
9.23548,12.33037,1.335108733,4631.81,0.81624,1.827962287,7.150556671,0.434254177,-3.226977075,-3.223593573
9.41624,12.66737,1.345268387,3832.78,0.81836,1.575532615,6.845940858,0.293196145,-3.285291899,-3.28732338
8.01139,11.70551,1.461108497,4662.17,0.80262,1.657216952,7.311021967,0.402327216,-3.287389509,-3.336215987
11.86169,14.15683,1.193491821,3930.54,0.81288,1.758909445,7.033651283,0.305237565,-3.315049754,-3.298769643
12.69503,15.10624,1.189933383,5843.34,0.87284,3.014314575,5.676545096,0.464336605,-3.049548452,-3.102197054
22.93744,26.81747,1.169157064,6679.72,0.91262,4.587113539,4.585155456,0.524828042,-2.855428845,-2.965990667
12.12859,14.40711,1.187863552,5143.7,0.85192,2.41402077,6.461443838,0.43968891,-3.161994814,-3.157476928
11.91301,20.62785,1.73153972,3407.56,0.81774,1.711225694,9.572943484,0.505172894,-3.419643418,-3.438173954
11.34146,14.33439,1.263892832,4803.73,0.84514,2.176894228,6.556404129,0.395958081,-3.201786835,-3.237028625
6.26318,8.45103,1.349319355,2680.6,0.69072,0.951966173,10.29875719,0.344706156,-3.768498846,-3.760151454
10.72748,14.15193,1.319222222,3628.36,0.801,1.587937228,9.659042112,0.48622433,-3.475033561,-3.419740226
10.74312,13.81771,1.286191535,5822.6,0.84504,2.398657951,6.60441402,0.493887971,-3.173014101,-3.166347956
7.2298,9.68486,1.339575092,3028.64,0.7254,1.059367826,9.851921085,0.407717838,-3.575214247,-3.645346891
10.68723,13.33688,1.247926731,4740.56,0.82726,2.022581245,8.597707885,0.601201727,-3.336204406,-3.2680767
20.9652,24.23824,1.156117757,3919.69,0.85758,2.405311105,8.81577053,0.505461955,-3.301465175,-3.236457227
9.42861,12.17997,1.291809715,4674.84,0.80482,1.895482561,9.235464238,0.582977913,-3.435453857,-3.465134423
7.80564,10.31614,1.321626414,3106.28,0.74614,1.099199621,10.775856,0.473186946,-3.577013981,-3.589970913
4.35347,7.52588,1.728708364,1055.05,0.61978,0.404812447,13.18866111,0.283006906,-4.13868112,-4.198820111
7.69666,15.91939,2.068350427,3347.55,0.79424,1.465109029,8.486246668,0.445901422,-3.435804256,-3.380187327
8.79327,13.68499,1.556302718,3835.04,0.7744,1.451867517,8.627694508,0.467990103,-3.392682966,-3.407562135
6.93982,9.29201,1.338941068,2355.95,0.67424,0.902511274,9.802834865,0.287436682,-3.801577678,-3.818978158
8.47503,11.05968,1.304972372,3462.18,0.77516,1.350775359,9.875412224,0.495492346,-3.568925029,-3.577451751
13.32428,14.84069,1.113808026,4758.17,0.83928,2.274089448,7.68908932,0.429994596,-3.360648336,-3.285396483
12.51611,23.56796,1.883009977,3776.49,0.8564,2.028119916,5.096614815,0.251305337,-3.062895808,-2.983637912
7.44309,15.4149,2.071035014,3078.75,0.7664,1.320721227,10.42906982,0.551416761,-3.643508307,-3.59989851
17.92654,21.14327,1.179439535,3988.88,0.8335,2.023303799,7.397770913,0.345290713,-3.295507981,-3.285944847
10.7607,13.85522,1.287576087,4053.84,0.81432,1.722790501,7.032238446,0.300539893,-3.347056454,-3.289058699
10.16764,12.9661,1.275232011,4566.98,0.83224,1.979859785,7.091745563,0.405165883,-3.239094903,-3.211893192
6.0694,9.00577,1.483799058,2958.88,0.69804,0.958686812,12.42459041,0.729669792,-3.752461646,-3.796732135
10.89717,17.01091,1.561039242,5039.04,0.85794,2.457717429,6.544432616,0.466095424,-3.132959048,-3.211923171
7.28157,9.08345,1.247457622,1644.78,0.68996,0.569984056,12.95799684,0.326563093,-3.927429338,-3.900345759
11.92149,15.91705,1.335156092,6278.07,0.87694,3.119794798,6.017277874,0.490057873,-3.091444325,-3.142021325
8.54783,11.21149,1.31161827,4222.88,0.78508,1.569861726,8.531992541,0.408250712,-3.491301966,-3.435649973
10.82225,12.90365,1.192325995,4138.91,0.82842,1.763627654,7.219564206,0.352301799,-3.301617827,-3.275228449
18.70331,23.08851,1.234461173,4236.87,0.8492,2.356604292,7.671901316,0.460313354,-3.29771188,-3.269325849
17.89265,20.29452,1.134237802,3915.4,0.8381,2.118259595,9.270082799,0.554306061,-3.367119757,-3.330669129
7.53076,14.60347,1.939176126,3129.15,0.7634,1.176671871,8.22643776,0.275877706,-3.505276585,-3.501528161
9.88654,12.33604,1.247761097,4083.47,0.79762,1.612920838,8.877749879,0.445921554,-3.399514634,-3.427248961
5.66502,8.04576,1.420252709,2244.67,0.65642,0.765776749,13.308983,0.481397518,-3.880460427,-3.858850187
7.31841,13.27819,1.814354484,2962.8,0.7626,1.144007537,8.453518599,0.35737772,-3.460230294,-3.468435807
19.42706,22.77015,1.172084196,5199,0.86454,2.847422124,7.753066071,0.587202328,-3.242511163,-3.255955992
8.40421,13.55573,1.612968976,3065.64,0.748,1.101324829,8.322559767,0.27431407,-3.552708816,-3.490855554
10.5435,12.33312,1.169736805,4658.59,0.80658,1.924892489,8.717074261,0.529899535,-3.413211124,-3.41704734
8.78985,12.51479,1.423777425,5562.85,0.83576,2.243127109,6.513822039,0.468594748,-3.190069014,-3.179164606
11.86899,13.75544,1.158939387,6791.91,0.85646,2.708096845,5.931521652,0.494120722,-3.11236397,-3.115636315
10.55314,13.78895,1.306620589,3002.33,0.80982,1.279368831,7.692914892,0.265721936,-3.350990833,-3.348655703
11.18033,13.68367,1.223905734,5276.17,0.8515,2.436881479,7.13916566,0.505705094,-3.175525683,-3.263106562
9.80851,14.41297,1.469435215,6083.11,0.85982,2.568405582,5.614868683,0.410627632,-3.09120096,-3.11752202
9.39684,11.15331,1.186921348,3685.08,0.77984,1.400695462,8.320168731,0.305875569,-3.500642287,-3.523148535
8.84641,11.52951,1.303298174,3231.95,0.74812,1.211587265,10.6757971,0.438602538,-3.639279997,-3.69609265
9.81815,12.33968,1.256823332,4898.03,0.82644,1.906110606,7.502754344,0.497251544,-3.241276967,-3.176882179
5.9608,8.15066,1.367376862,2343.2,0.67038,0.824967328,12.43000918,0.363865861,-3.916585565,-3.908053075
19.57416,22.50123,1.149537451,4422.72,0.88702,2.885105774,4.842801941,0.34005539,-2.984798624,-3.025311405
23.05094,25.62724,1.111765507,4444.42,0.85992,2.849766861,11.37322107,0.780415733,-3.310014898,-3.373557681
11.42073,13.92024,1.218857288,5634.61,0.85614,2.623564707,6.757987461,0.50792396,-3.220959991,-3.192922264
11.6535,16.42866,1.409761874,4747.73,0.85716,2.258334782,5.826629544,0.349221007,-3.1517036,-3.106927628
8.73149,11.22872,1.286002733,1931.19,0.73254,0.728547559,11.46178549,0.309853093,-3.727378835,-3.697504135
11.84022,13.8494,1.169691104,6255.84,0.86414,2.828432929,5.696715501,0.452935867,-3.102144106,-3.075148948
12.61881,15.26012,1.2093153,5589.96,0.86252,2.80021687,6.765926206,0.52351225,-3.187085639,-3.153328417
10.02984,15.49239,1.544629825,4800.83,0.83734,2.181487551,6.90989518,0.467350567,-3.241838885,-3.222201166
12.03148,17.23729,1.43268243,4787.6,0.85226,2.268929935,6.883526213,0.481903635,-3.182929943,-3.213427168
9.25612,12.2285,1.321125915,4682.49,0.82142,1.878244088,6.980724071,0.437433279,-3.137560596,-3.228351662
8.92293,14.17531,1.588638485,6196.96,0.85394,2.546231968,5.968231096,0.461373066,-3.100991253,-3.145843181
12.0599,16.64812,1.380452574,6239.53,0.87804,3.175390758,5.810414817,0.485503826,-3.071002892,-3.125738451
12.19707,17.55938,1.439639192,5618.22,0.87532,2.849664351,5.619704283,0.427610652,-3.081358599,-3.087970716
18.61421,20.68334,1.111158626,4910.39,0.8686,2.662130685,7.402844345,0.585154989,-3.156651808,-3.146346227
12.30556,14.04384,1.141259723,3241.22,0.80208,1.476604957,8.56502242,0.373854607,-3.426818661,-3.301815536
25.14305,29.14432,1.1591402,6057.74,0.90658,4.390345482,5.252469383,0.558758496,-2.919231032,-2.956680092
12.80052,15.32152,1.196945124,5118.49,0.85832,2.373803861,5.754803566,0.370311675,-3.088387471,-3.133241631
9.32082,11.16014,1.197334569,3258.25,0.76686,1.20528852,8.390471068,0.371154043,-3.417271375,-3.414025957
14.13516,18.84697,1.3333397,6490.68,0.9034,4.206673682,5.312155287,0.540097899,-3.003813373,-2.975157021
7.39276,12.52026,1.693583993,3360.51,0.7554,1.226517722,9.628569971,0.469810527,-3.498616056,-3.470242491
11.66389,15.12609,1.296830646,5685.23,0.86094,2.710998731,6.171577305,0.457656278,-3.17591778,-3.139020263
12.09086,16.76551,1.386626758,6175.8,0.87822,3.124237368,6.00155288,0.487577016,-3.094242137,-3.144707016
7.51751,9.77049,1.299697639,2531.4,0.7342,0.916023296,9.37896845,0.363490717,-3.596039873,-3.578307102
6.15356,9.22596,1.499288217,2741.67,0.69232,0.95632631,12.3395394,0.725093299,-3.834293995,-3.823434293
10.22388,13.52073,1.322465639,4571.3,0.82036,1.905571583,8.51890923,0.54946338,-3.33962547,-3.363664291
11.52489,15.87595,1.377535924,6070.07,0.8698,2.995777394,6.381570893,0.524506277,-3.141507383,-3.143345001
9.31745,14.63208,1.570395333,5795.69,0.85098,2.422491268,6.291205955,0.452648175,-3.12182465,-3.101843358
12.15769,15.70638,1.291888508,5975.84,0.87788,3.000991351,5.206993151,0.405835857,-3.040362804,-3.00453274
6.25961,9.58567,1.531352592,2537.37,0.69826,0.883115503,10.94431612,0.45879748,-3.802435172,-3.773253743
9.57693,13.91617,1.453093006,6138.49,0.84868,2.478085928,6.45198517,0.491254629,-3.170578445,-3.145783563
7.82902,11.45341,1.462942999,3258.44,0.7645,1.19366957,8.755375753,0.314378361,-3.487237476,-3.498835585
7.98116,12.85445,1.610599211,4530.48,0.80374,1.731802649,8.65949005,0.599665635,-3.345224306,-3.306096867
9.19965,10.98905,1.1945074,2882.31,0.74396,1.081488115,11.28838505,0.450021221,-3.651716655,-3.589779607
11.01821,13.05228,1.184609841,4320.89,0.83576,1.927384093,6.888783655,0.365368737,-3.25502782,-3.285879964
11.33012,13.82491,1.22019096,5538.78,0.85612,2.596553377,6.955671449,0.515454744,-3.213358136,-3.192174222
6.80508,11.85183,1.741615088,4290.19,0.77012,1.360256324,8.345962788,0.459978525,-3.380543876,-3.405994402
9.78864,13.25999,1.35463047,3750.56,0.81548,1.502106316,8.410058634,0.434763605,-3.318130952,-3.327030356
11.66114,14.67558,1.258503028,6192.23,0.87502,3.050072329,5.584940588,0.46225624,-3.061830908,-3.006449455
7.25608,11.30434,1.557912812,3596.33,0.7733,1.20622125,7.603989878,0.301866964,-3.319521453,-3.373338995
8.75181,11.56214,1.321114147,3111.95,0.74972,1.145073961,11.90179674,0.540743796,-3.710786673,-3.700318923
9.59824,13.65978,1.423154662,4068.63,0.81788,1.692411792,7.302690995,0.3512204,-3.312312476,-3.315002627
9.63647,12.85227,1.333711411,2948.45,0.8043,1.195343466,7.763187829,0.265486791,-3.358146909,-3.401427415
10.60319,16.45169,1.551579289,4896.4,0.85244,2.25972945,6.150870892,0.392886463,-3.170723416,-3.199726716
10.91568,12.75312,1.168330328,3690.43,0.79952,1.460131819,7.71510073,0.350587096,-3.400193283,-3.44183923
10.72269,21.80121,2.03318477,3694.01,0.81212,1.75506614,8.662318916,0.398296921,-3.480060947,-3.449631967
11.291,14.89288,1.319004517,6702.8,0.86666,2.909446149,5.654810787,0.456690346,-3.087080083,-3.110005332
7.74784,12.30337,1.587974197,4417,0.8036,1.567654351,7.353079596,0.380675429,-3.234220007,-3.301431089
10.97503,14.07088,1.282081233,4185.71,0.81414,1.805532762,8.37087267,0.441392536,-3.401456097,-3.399522761
7.85413,11.36179,1.446600706,4036.7,0.79042,1.464369877,9.145936845,0.55137664,-3.402501221,-3.427728328
12.34343,18.18019,1.472863702,5568.82,0.87962,2.937687442,5.213012746,0.404433499,-3.054054705,-3.034195714
12.84178,15.63783,1.21773072,5122.93,0.86066,2.439899757,5.593550169,0.373816202,-3.092244772,-3.082442309
9.51356,16.11373,1.693764479,3922.98,0.81154,1.726254797,7.249352514,0.397012586,-3.333429734,-3.304587714
5.62994,10.52801,1.870003943,2139.39,0.68508,0.768632678,11.32995939,0.456939345,-4.052498576,-3.93115316
26.97546,29.78923,1.104308509,6240.28,0.91682,4.596003649,4.669363373,0.506003245,-2.846896378,-2.722693827
15.17812,18.90197,1.245343297,6923.78,0.91596,4.915293347,4.303747008,0.511425738,-2.861919799,-2.809585022
12.32703,17.00774,1.37971109,6768.68,0.89082,3.670094428,5.428451255,0.508527578,-3.021514458,-2.963933157
11.24257,14.25412,1.267870247,4970.62,0.86034,2.401185605,5.985871625,0.391938714,-3.110037731,-3.127293875
7.7881,11.89276,1.527042539,4115.22,0.79048,1.446846052,7.63944775,0.387653637,-3.292999707,-3.277659894
11.94486,15.35772,1.285717874,5665.1,0.86368,2.762494203,6.350983186,0.477935289,-3.140584765,-3.132583507
8.60279,11.42392,1.327931985,2692.86,0.75086,0.9480783,9.009709656,0.309648202,-3.523796791,-3.566396874
8.03303,12.59833,1.568316065,5058.49,0.81698,1.920182387,7.606959624,0.509379368,-3.282621879,-3.271824762
8.03696,11.84927,1.474347266,4344.48,0.80254,1.634377857,8.284256576,0.532194092,-3.308001744,-3.336825151
6.78038,8.78083,1.295035087,2533.27,0.69656,0.859459346,11.54804417,0.439903867,-3.763769759,-3.765737392
10.80349,12.41387,1.14906109,3153.64,0.78274,1.320763631,9.509585512,0.435952521,-3.508285221,-3.498236391
29.01298,34.8959,1.202768554,7100.13,0.93702,7.035265675,4.087285896,0.649606331,-2.672064877,-2.674520875
10.53763,15.12697,1.435519182,5923.75,0.8507,2.544560467,6.664186684,0.504747451,-3.166105606,-3.14077301
12.03766,20.24987,1.682209831,5040.93,0.86602,2.608486119,6.080190884,0.412655397,-3.161038992,-3.152863
9.66969,12.83644,1.327492402,4743.33,0.81248,1.857479253,7.827013246,0.42455828,-3.369483664,-3.347027559
23.94508,26.89991,1.123400298,5855.55,0.90806,4.239447601,5.303786704,0.530827881,-2.930182223,-2.964786281
8.27548,10.80994,1.306261389,4369.35,0.78654,1.532329236,8.22655742,0.445344835,-3.380636582,-3.354631202
11.99037,15.85303,1.322146856,6042.77,0.87818,3.067320522,5.587567065,0.45289823,-3.080664485,-3.029940006
9.55317,13.12792,1.374195162,5742.43,0.83954,2.271611753,6.586926501,0.46161897,-3.184394766,-3.164424764
5.44682,8.99293,1.65104226,2265.15,0.66048,0.845466345,10.20677336,0.330964501,-3.964832234,-3.978188415
6.90087,8.94506,1.296222071,2405.33,0.70102,0.860049099,11.18086457,0.429443015,-3.785580696,-3.677924698
6.85238,10.44498,1.524284993,3945.12,0.74944,1.280892578,9.370767429,0.451527196,-3.505062439,-3.58252272
12.71764,24.89417,1.957452012,3783.91,0.84366,1.965872311,6.786829679,0.33812182,-3.216148492,-3.288802256
10.36689,14.61184,1.409471886,5152.18,0.84032,2.117779296,6.752883338,0.441606144,-3.213175262,-3.213449167
11.03397,14.71635,1.333731196,4488.7,0.82498,1.980901248,9.625059123,0.687924322,-3.405226746,-3.340207366
9.83134,14.17206,1.441518654,4872.84,0.84058,2.06686108,7.453564558,0.491609795,-3.236997637,-3.224881244
8.69079,10.83488,1.246708297,3176.85,0.75152,1.215198388,10.47746929,0.498408537,-3.626879278,-3.569373811
8.83586,13.86917,1.569645739,6087.22,0.84666,2.311352561,5.833842366,0.421070959,-3.063267581,-3.099703624
11.57736,15.18423,1.311545119,6246.31,0.87952,3.270709685,6.027552882,0.520971449,-3.047743323,-3.079394352
11.11374,13.93509,1.253861436,4709.01,0.83958,2.079027717,7.599232358,0.49747232,-3.272205319,-3.193408349
10.4477,13.13322,1.257044134,4386.3,0.83134,1.864162401,6.936699394,0.364295674,-3.299742953,-3.343119457
9.47389,12.46122,1.315322428,3342.19,0.76852,1.276971902,10.07679593,0.514626008,-3.504572708,-3.483940277
9.53003,12.5674,1.318715681,4823.11,0.81186,1.9365642,9.266505255,0.578237535,-3.407909475,-3.383522824
6.54606,10.29103,1.572095276,3272.44,0.72756,1.151105999,9.033437025,0.341328249,-3.638155594,-3.626639349
7.07674,9.26842,1.309701925,3110.96,0.72142,1.040660211,10.31389151,0.522773609,-3.630049309,-3.666473941
8.25627,11.7471,1.422809574,4462.52,0.80822,1.670659586,7.85646084,0.500593265,-3.273786907,-3.308837792
10.7012,14.49545,1.35456304,4610.3,0.83078,2.021106819,8.580368883,0.562200792,-3.273828835,-3.331082956
11.00248,15.65428,1.422795588,5358.84,0.85262,2.48517847,6.923726693,0.476467606,-3.230706056,-3.200940196
9.49603,12.58939,1.325752973,4455.87,0.81304,1.813339995,8.899216782,0.607153713,-3.312233292,-3.306161793
10.09013,12.15133,1.204278835,4694.03,0.81488,1.898562239,8.261131443,0.50036903,-3.390587108,-3.376813304
12.88204,20.22895,1.570321937,6533.87,0.89792,3.890181399,5.291279593,0.511381306,-3.041522895,-2.983825693
6.22185,8.9427,1.437305625,2067.66,0.70478,0.698895302,11.9348796,0.407026399,-3.787207378,-3.812284389
8.33885,10.6456,1.276626873,3291.74,0.76944,1.23097007,9.20308751,0.421245956,-3.445003186,-3.413402329
17.5637,21.59827,1.22971071,5084.42,0.87504,2.825051736,5.47058664,0.425068082,-2.972865631,-2.927958254
10.55751,13.51204,1.279851025,4795.11,0.81928,2.001964627,8.17352625,0.453385051,-3.384356873,-3.381542004
5.41121,8.36662,1.546164351,1936.8,0.64684,0.790689317,11.37808675,0.354960964,-4.157614861,-4.21288441
11.35636,14.44646,1.272103033,4434.87,0.84442,1.971129381,6.044802904,0.33183044,-3.145268291,-3.134949195
11.88621,15.17856,1.276989049,6359.28,0.87704,3.162510277,5.577972711,0.475029786,-3.111019459,-3.070103294
12.37388,16.15623,1.305672109,6289.4,0.88362,3.445839232,5.697193077,0.515238522,-3.066296138,-3.072334003
12.9038,16.69233,1.29359801,6587.52,0.8929,3.784500882,5.57565665,0.533376747,-3.008809327,-3.022444692
9.8977,12.47438,1.260331188,4524.38,0.83084,1.852419981,5.794849377,0.316056259,-3.14936026,-3.11067152
10.46376,13.21235,1.262677087,4352.75,0.82478,1.848988166,7.201437458,0.354032435,-3.257430083,-3.275134972
11.12263,15.15808,1.36281437,4440.39,0.82386,1.817243365,6.819109196,0.383382709,-3.272603474,-3.257435061
6.76238,9.12709,1.349686057,2438.54,0.69884,0.830884101,11.022049,0.389984005,-3.709991509,-3.765566072
9.18162,12.02965,1.31018818,3743.21,0.78462,1.491256246,9.733471434,0.620955918,-3.424289222,-3.442620685
19.83481,23.46749,1.1831467,4953.75,0.86926,2.931361242,7.821895263,0.705425421,-3.15351317,-3.102412919
8.79752,14.82655,1.685310178,2116.83,0.72466,0.931001611,14.05267006,0.451111889,-3.79283462,-3.615851823
12.26884,16.72766,1.363426371,7259.33,0.9012,4.132011628,4.469413651,0.480113571,-2.933318874,-2.924284903
12.00828,13.75871,1.145768586,6550.22,0.86188,2.848898129,5.820442343,0.475158566,-3.122896957,-3.105337656
25.29727,29.25394,1.156406996,6599.98,0.91742,5.05970141,4.832543471,0.589672047,-2.874449444,-2.821469622
11.54391,16.90246,1.464188477,5142.97,0.85862,2.475329445,6.588162538,0.433444614,-3.166761323,-3.184194196
9.47799,12.44028,1.312544115,5196.44,0.83882,2.092331792,6.386522154,0.40782498,-3.146351695,-3.175513588
8.55135,12.56452,1.469302508,4838.89,0.82278,1.851277678,7.587678085,0.488350967,-3.250288831,-3.256506664
7.21135,15.34353,2.127691764,3086.7,0.77578,1.31705785,9.362886055,0.463084009,-3.56281397,-3.536195881
10.18891,12.57871,1.234549132,4331.19,0.8153,1.776755944,8.441632567,0.470651056,-3.38436418,-3.374665909
9.78203,16.36893,1.673367389,6052.71,0.8507,2.605664648,6.660338043,0.52337717,-3.164745447,-3.123862149
9.99949,12.48253,1.248316664,3164.97,0.76646,1.251171249,10.02392543,0.420599389,-3.601407039,-3.530830618
13.2197,17.90197,1.354188824,5015.35,0.86196,2.472966808,5.959478627,0.406585052,-3.162893006,-3.107996616
8.97195,12.31069,1.372130919,4963.06,0.8064,1.937688326,8.854287907,0.58975375,-3.423707932,-3.395063045
10.09507,13.60949,1.348132306,4876.03,0.847,2.149342509,7.421999884,0.490095552,-3.215777621,-3.224236517
12.23586,14.6357,1.196131698,4967.23,0.85578,2.288597927,5.425359146,0.336170436,-3.023390866,-3.035930807
9.79623,12.91894,1.318766505,4851.21,0.83308,2.017030529,7.448314259,0.432139887,-3.270376871,-3.266444025
12.77878,15.9041,1.244571078,5006.04,0.85226,2.485353428,8.350401783,0.654493619,-3.283200141,-3.291334297
7.11431,9.68437,1.36125218,3067.9,0.723,1.041939882,11.51024171,0.525332929,-3.64285355,-3.673421742
8.6669,12.10922,1.397180076,4571.24,0.81662,1.799118749,7.211446503,0.429692898,-3.219154049,-3.185635269
11.46278,13.82533,1.206106198,4451.53,0.84006,2.014590348,6.827585233,0.376569134,-3.248091593,-3.221761057
9.7218,11.26551,1.158788496,2866.89,0.75318,1.089607083,9.782287827,0.336299311,-3.582571788,-3.495450574
11.75391,15.49672,1.318431058,6243.5,0.87848,3.218252689,5.867507688,0.51168651,-3.070764135,-3.043858505
11.4597,15.12995,1.320274527,6128.16,0.8734,3.111274183,6.415137484,0.518791781,-3.091824205,-3.121855643
6.02731,8.93102,1.481758861,2557.49,0.69584,0.820833196,10.24724369,0.356443277,-3.711102514,-3.709875668
12.44241,13.68643,1.099982238,3333.39,0.7955,1.463456812,9.589542258,0.383461808,-3.513336259,-3.487563496
7.64128,12.37228,1.619137108,4496.48,0.79234,1.656073321,8.58028293,0.593934625,-3.338379221,-3.344314748
13.07158,15.09219,1.154580395,4884.52,0.8554,2.42110328,6.851759683,0.43484165,-3.190542859,-3.183597659
9.0783,12.86194,1.416778472,3317.02,0.7844,1.289949119,9.057916656,0.37485507,-3.459327245,-3.460807593
12.58793,15.51655,1.232653026,5584.2,0.86276,2.806672826,6.71175912,0.51865121,-3.170936242,-3.184390646
21.40818,25.43803,1.188238795,5785.36,0.8871,3.531589633,6.353416127,0.580910176,-3.049500488,-3.067108531
16.41575,29.56538,1.801037418,5136.2,0.88912,3.328504097,5.223093135,0.422613141,-2.998473189,-2.953664787
10.33976,12.52438,1.211283434,3378.23,0.77836,1.361664311,10.32357414,0.498231654,-3.539606904,-3.53433332
8.67618,12.01699,1.385055405,3647.79,0.79018,1.447247925,7.666923558,0.297056865,-3.373812842,-3.39088583
7.60052,10.39012,1.367027519,2930.26,0.74018,1.071172214,10.00284768,0.445102014,-3.57399966,-3.597377284
10.87614,13.38336,1.2305248,4973.13,0.8485,2.23878628,7.817340153,0.52139868,-3.262986759,-3.262015634
12.58758,15.75068,1.25128738,6403.1,0.8873,3.391288063,5.022082604,0.445333598,-2.991011131,-3.02885882
16.66131,20.60635,1.236778501,3280.25,0.81156,1.602932666,8.906613072,0.369852867,-3.433258853,-3.352295395
10.15611,17.95324,1.767727998,3519.91,0.84358,1.59654339,6.252833933,0.249101565,-3.15877862,-3.151990978
5.69924,8.39436,1.472891122,1451.14,0.66116,0.502324875,12.37620665,0.288241439,-3.938539847,-3.935002826
9.93628,12.4391,1.251887024,4744.14,0.80946,1.948585611,9.218059745,0.613770095,-3.470360448,-3.391338727
25.33368,29.12361,1.149600453,6606.03,0.91732,5.042214502,4.8644028,0.58510962,-2.85284137,-2.867614766
5.36068,8.90465,1.661104561,2132.74,0.65902,0.764529684,11.14276377,0.346856574,-3.815429424,-3.880741202
12.75523,17.63621,1.382664993,6899.58,0.90154,4.157378501,4.791633232,0.493712098,-2.94058394,-2.978826645
10.69027,13.11463,1.226781924,3574.94,0.79046,1.45575425,9.245079276,0.508635334,-3.407741959,-3.373781508
12.58056,15.85642,1.260390634,5006.76,0.8628,2.522467738,7.099290876,0.499797079,-3.195216696,-3.181197241
12.69879,15.97571,1.258049783,5629.05,0.87498,2.836911165,5.48583624,0.393086248,-3.047571976,-3.093668841
5.89371,8.63174,1.464568158,2249.15,0.66166,0.806319332,13.28416447,0.487779677,-3.875643623,-3.855925936
13.18199,16.93506,1.284711944,6253.84,0.88598,3.46767281,5.63752991,0.503895825,-3.035900309,-3.047461619
10.49403,13.03683,1.242309199,4041.6,0.80474,1.65767525,8.985351189,0.53072643,-3.389300842,-3.367166224
11.06607,14.04005,1.268747622,4486.48,0.82958,2.045759435,9.158800891,0.683983161,-3.32985396,-3.292207632
9.05235,11.72837,1.295616055,4272.34,0.80862,1.612325631,8.942198214,0.542211773,-3.368321172,-3.322960055
9.35582,11.64669,1.244860418,4142.67,0.7958,1.624234112,8.956531154,0.461035453,-3.429236329,-3.44029318
7.76112,11.18167,1.440728915,2342.7,0.74084,0.835410093,9.030453332,0.265821528,-3.602127317,-3.580202372
13.99484,16.74476,1.19649528,6555.87,0.8939,3.758725086,5.281888333,0.504936203,-2.991720611,-3.005833144
11.71612,14.82999,1.265776554,6001.15,0.87332,3.040596059,6.130062952,0.504779244,-3.117082827,-3.140376224
11.45057,15.29667,1.335887209,6319,0.8765,3.131274159,5.683623842,0.482198621,-3.080375504,-3.078534437
7.76503,10.33126,1.330485523,3362.68,0.74772,1.235198499,11.24127696,0.615046002,-3.674370012,-3.638055385
7.94959,10.85972,1.366072967,4883.39,0.77914,1.630825648,8.830445124,0.568182681,-3.423454105,-3.389916585
8.48994,13.76686,1.62154974,4481.45,0.80724,1.746599795,7.930537644,0.496272574,-3.332215885,-3.308247194
31.5725,34.50706,1.09294671,7091.19,0.92852,6.015834554,4.124364852,0.590523648,-2.729694622,-2.76772545
7.68236,9.98545,1.299789388,3296.26,0.74548,1.154526391,11.35262373,0.651066624,-3.565980022,-3.580917073
11.37435,15.22002,1.338100199,4763.66,0.86098,2.345151063,6.271710067,0.393948406,-3.129825145,-3.162015947
13.55805,16.44875,1.213209127,5173.62,0.8644,2.726839686,7.710082847,0.603966388,-3.220092114,-3.181837731
11.24911,15.71883,1.397339878,5966.94,0.86804,2.942448628,6.168771964,0.486541555,-3.113642809,-3.147532354
11.70149,20.93317,1.788932008,5323.55,0.87892,2.888438294,5.53099794,0.415249346,-3.066864228,-3.048719367
11.34174,13.16581,1.160828056,3566.6,0.80412,1.533977101,8.763113817,0.420192313,-3.416319982,-3.345811628
8.90186,13.07689,1.469006477,5619.51,0.83438,2.218611898,6.672618978,0.489915464,-3.175124545,-3.190084163
10.9064,13.75004,1.260731314,4922.34,0.8381,2.175668133,8.307247536,0.602815452,-3.29226019,-3.25398587
8.65463,10.67469,1.233408014,3573.11,0.76612,1.244990753,10.03430127,0.547912705,-3.527870873,-3.568424723
9.46501,14.32918,1.513910709,5750.92,0.85508,2.483308212,5.619592097,0.407438604,-3.096159844,-3.132094457
4.66613,7.96221,1.706384091,2283.35,0.65082,0.787627798,14.15842351,1.023887693,-3.984251166,-3.957113381
8.94242,13.1595,1.471581518,5817.53,0.84126,2.288762954,6.365490148,0.468613583,-3.204589622,-3.162539543
7.8507,11.78803,1.501525979,1983.82,0.7484,0.712789059,8.406476189,0.177511852,-3.50527689,-3.477334289
12.14095,15.23061,1.254482557,6072.46,0.87726,3.075655531,5.516945262,0.455338054,-3.046829507,-3.037315138
11.94234,14.90765,1.248302259,4233.75,0.84674,2.022901402,5.903091202,0.297233158,-3.134571177,-3.121992321
8.99005,11.25824,1.252300043,2934.31,0.73826,1.092126441,11.41055438,0.460782532,-3.679026559,-3.646926876
9.45963,13.88548,1.467867136,4597.29,0.83362,1.88391255,6.53181284,0.376315314,-3.193250521,-3.186481329
13.81631,17.46171,1.263847583,6393.63,0.8938,3.825068794,5.361897128,0.517725851,-3.008982007,-3.020942648
10.17743,12.50467,1.228666766,3729.78,0.79318,1.494901902,9.131226833,0.493592059,-3.422672328,-3.415951591
11.4139,13.78946,1.208128685,4967.25,0.83608,2.181432981,8.687187771,0.665952922,-3.270946703,-3.292973655
9.74336,14.30832,1.4685201,6001.55,0.84966,2.475836366,6.163005705,0.467230565,-3.132415217,-3.118225704
7.80922,9.85833,1.262396244,3308.23,0.73488,1.150493462,11.69692714,0.65625435,-3.716673599,-3.631966902
9.00434,13.7348,1.52535333,3440.55,0.7875,1.294302112,7.735052894,0.327174216,-3.35801891,-3.369537934
10.03825,11.49778,1.145396857,3503.26,0.77988,1.383985533,10.69089354,0.583813223,-3.605738696,-3.506533947
8.52342,12.63358,1.482219579,5057.07,0.8152,1.932591621,7.695238288,0.536659619,-3.246107395,-3.232126621
11.39226,14.15909,1.242869281,4306.36,0.82024,1.898242325,8.954398539,0.482305579,-3.3807413,-3.38390614
5.42199,8.97496,1.655288925,2545.84,0.68302,0.813138408,12.07985138,0.687862799,-3.687945002,-3.706641135
12.38752,16.54384,1.335524786,6310.34,0.88538,3.407273427,5.372407388,0.482720799,-3.039257489,-3.033760577
8.51817,10.78941,1.266634735,3526.69,0.74752,1.29016001,8.847595821,0.310180217,-3.614058832,-3.595145272
5.00277,7.78834,1.55680553,1639.75,0.64096,0.577051542,10.40133997,0.291767164,-3.831139096,-3.718010499
11.58792,15.59036,1.345397621,4584.78,0.83806,2.082053881,7.959728585,0.455111234,-3.357583885,-3.334147348
6.58722,10.79609,1.638944805,3844.67,0.75152,1.224971475,9.679851549,0.492644923,-3.607711993,-3.557160725
7.7705,11.66802,1.501579049,5081.3,0.81404,1.761400396,7.022326789,0.43872558,-3.223648608,-3.247092369
13.86289,17.67488,1.274978017,6308.21,0.88966,3.634840803,5.491866113,0.50655905,-3.058047801,-3.031487164
11.45109,14.15097,1.235774935,4998.77,0.84288,2.27373396,7.935983749,0.587805818,-3.223982111,-3.268718231
10.83914,13.48933,1.24450187,4969.24,0.83414,2.148748834,7.571491105,0.473034343,-3.283480584,-3.241029794
11.60691,14.98494,1.291036116,5892.07,0.8698,2.875647583,5.879556835,0.446000783,-3.139252285,-3.123679789
8.83229,16.10023,1.822882854,3889.24,0.83014,1.69667365,6.239248927,0.286737941,-3.209308629,-3.19882402
22.94863,28.42194,1.238502691,6275.2,0.91036,4.68492206,5.285001156,0.583792073,-2.942789921,-2.958379755
7.34082,12.96315,1.76589945,2607.97,0.73182,0.952529706,8.631922363,0.267361292,-3.601718164,-3.561075261
7.70498,10.24528,1.329695859,2269.57,0.69442,0.838196722,11.62815245,0.524399078,-3.764301126,-3.730560315
9.52437,12.60455,1.323399868,4789.37,0.82376,1.975656845,8.408030655,0.516058114,-3.395659003,-3.427532661
9.68949,12.48946,1.288969801,4323.39,0.82238,1.753520346,6.147171543,0.317517828,-3.137674783,-3.196126592
7.06068,9.38272,1.328869174,2852.91,0.72034,1.019985104,11.74297157,0.611540297,-3.796333616,-3.796739683
10.10571,13.1701,1.303233518,4050.59,0.80568,1.661144501,7.94389355,0.354518913,-3.407900319,-3.321691552
9.77046,13.72758,1.405008567,4668.44,0.8264,1.9730355,8.482985644,0.546029395,-3.313874822,-3.301269067
13.98557,16.91039,1.209131269,6276.74,0.89228,3.581770815,5.018395498,0.462128152,-3.013653982,-2.995329231
9.30309,11.50147,1.236306432,3845.84,0.78934,1.501054469,9.426831496,0.551435807,-3.450788792,-3.421629016
9.3933,12.09226,1.287328202,4984.02,0.8228,2.017393522,8.262441168,0.521846265,-3.340887823,-3.335929749
8.85799,12.74178,1.438450484,3606.8,0.77594,1.386394417,8.71026558,0.33272098,-3.479738275,-3.450162423
8.56038,18.12592,2.117420021,4925.25,0.84948,2.176580011,5.219716146,0.336256724,-3.099123055,-3.078975785
7.23435,9.39959,1.299299868,2934.22,0.7215,1.05150862,11.17299762,0.507803727,-3.672470437,-3.707357458
11.52071,14.21981,1.234282436,5115.5,0.8506,2.357493064,6.578057454,0.437298944,-3.165804503,-3.145092753
18.50157,22.60672,1.22188117,5491.83,0.85368,2.827822423,8.418024797,0.685893408,-3.336551321,-3.308364362
11.67419,14.17014,1.213800701,4794.98,0.8396,2.023785994,5.750185049,0.303023466,-3.170073165,-3.246978464
7.43067,9.64597,1.29812924,3313.8,0.73074,1.153181531,11.60367009,0.642327518,-3.684174292,-3.719842061
11.60783,15.91426,1.370993545,6325.28,0.88218,3.304639036,5.682443996,0.496362435,-3.074604912,-3.073674237
10.4367,12.65761,1.212798107,4862.53,0.8199,1.943176486,8.242278637,0.524871332,-3.331399835,-3.350919697
8.12033,15.4689,1.904959528,3631.41,0.8046,1.439979383,7.538351622,0.29843221,-3.369667859,-3.396695977
7.41473,9.83737,1.326733408,3194.09,0.74106,1.12227065,10.66394609,0.529483296,-3.627413562,-3.596235806
5.90506,8.10936,1.373290026,1429.18,0.65924,0.489627974,13.05708135,0.295884526,-3.97602485,-3.913330463
19.67196,23.05026,1.171731744,2792.76,0.82726,1.719889562,8.732339102,0.325887971,-3.276767991,-3.245541587
12.45512,15.30505,1.228815941,5003.96,0.85384,2.434562438,6.72007715,0.431328421,-3.191865036,-3.258038567
9.00151,15.8688,1.762904224,3961.52,0.82306,1.701750215,6.649647052,0.308386935,-3.24541935,-3.254304505
8.20672,16.15043,1.967951874,3876.6,0.80934,1.68545433,7.53083082,0.408425897,-3.304195026,-3.349255954
15.5745,18.44948,1.184595332,3032.87,0.81686,1.673375656,6.299276163,0.280916085,-3.070929184,-3.127683494
6.42698,10.38833,1.616362584,3447.92,0.73666,1.125152737,9.320009462,0.368652113,-3.570537722,-3.601372241
9.45715,12.49417,1.321134803,4661.01,0.82626,1.816638781,8.124407291,0.515035774,-3.29476922,-3.270767874
8.13898,11.10145,1.363985413,2743.38,0.729,1.036957802,9.445392672,0.276000083,-3.681689418,-3.700566584
5.09184,7.80723,1.533282664,2137.05,0.66384,0.786612049,14.05511722,0.848557748,-4.024323665,-4.055685375
10.5428,13.27795,1.259432978,4552.81,0.82606,1.99329183,8.616601364,0.58784348,-3.342148201,-3.302492008
6.81118,10.20924,1.498894465,2543.28,0.746,0.848066499,8.71396904,0.271908563,-3.506544584,-3.484025457
11.15646,22.87065,2.049991664,3360.64,0.81178,1.660309286,9.014762464,0.422461056,-3.501288866,-3.369774926
9.14552,12.22407,1.336618366,3161.53,0.75804,1.213531928,12.80083144,0.603441765,-3.669901134,-3.65309027
11.2026,14.19997,1.267560209,5057.7,0.8396,2.21650233,7.839203606,0.513382529,-3.293100671,-3.252074485
9.66609,17.06546,1.765497735,4669.49,0.83332,2.018549964,7.44964105,0.474926989,-3.259710592,-3.208567022
9.70147,12.40132,1.278292877,3928.44,0.79684,1.479476268,8.327471062,0.398443327,-3.437019471,-3.370482898
9.58108,11.97064,1.249404034,3722.08,0.77716,1.39835327,10.19264289,0.461786924,-3.539575371,-3.461678067
7.6286,10.86812,1.424654589,2357.24,0.74408,0.861339285,8.68308778,0.265379917,-3.564925625,-3.547712133
11.52668,18.59494,1.61320866,5751.66,0.8856,3.126058963,4.903958033,0.39732928,-3.019153375,-3.043211169
10.97071,13.5624,1.236237217,3539.2,0.79488,1.464328545,8.982907063,0.456481643,-3.403921997,-3.34149332
9.5302,11.36718,1.192753562,3401.37,0.77932,1.316688039,9.776214349,0.470821965,-3.498757845,-3.483808119
8.02966,12.49919,1.556627553,5078.16,0.8154,1.912078171,7.645093954,0.51922057,-3.27825209,-3.259183144
8.05467,12.60438,1.564853681,4449.35,0.79982,1.590241672,8.66041698,0.556182445,-3.34193101,-3.329619335
9.09947,12.93116,1.42108936,4849.45,0.82212,1.884826837,6.832063701,0.408555874,-3.189878343,-3.143947166
11.51749,14.1606,1.229486633,5065.25,0.85006,2.31450548,6.820953974,0.454121705,-3.21986048,-3.189481682
9.91759,12.88209,1.298913345,3851.77,0.81738,1.61843645,7.245452304,0.316513801,-3.304222686,-3.260579384
13.86507,16.55244,1.193823039,6320.97,0.89244,3.552311048,4.977119127,0.449562302,-2.961863662,-3.009899015
8.56849,10.80728,1.261281743,3515.67,0.76178,1.35342861,11.35404815,0.658215724,-3.665504776,-3.673154961
11.38557,14.23648,1.250396774,4544.31,0.8489,2.070684772,6.76703962,0.385074989,-3.15694535,-3.138300068
11.2869,15.15688,1.342873597,5024.33,0.85594,2.395712047,7.132053459,0.501021173,-3.192546146,-3.175117955
11.4488,14.99606,1.309836839,4426.2,0.8252,1.97977045,9.176832607,0.661084764,-3.326723869,-3.337931849
5.26574,9.54194,1.812079594,1612.49,0.64856,0.61933956,11.88434086,0.35622964,-3.849822033,-3.810810156
9.47218,12.63258,1.333650754,3076.78,0.80836,1.229405601,7.899452858,0.273923775,-3.369296345,-3.371158523
6.35795,9.07179,1.426841985,2484.54,0.71274,0.884751645,10.20935082,0.326771124,-3.697042878,-3.695491348
9.165,12.31194,1.343364975,4204.01,0.8015,1.744313842,8.449069115,0.423981593,-3.475830164,-3.457450901
8.40321,12.71834,1.513509718,5529.4,0.83224,2.142800131,6.719485876,0.47865031,-3.190289953,-3.197968299
16.71966,21.38139,1.278817273,2036.3,0.80754,1.020930891,7.727069298,0.186462075,-3.37425224,-3.352699754
16.86017,20.85978,1.2372224,2498,0.82072,1.288521651,9.39385528,0.299842978,-3.434713136,-3.436293982
12.25767,14.80803,1.208062381,5101.05,0.85258,2.375470174,6.367488303,0.418913135,-3.155325755,-3.157752841
10.27655,14.59419,1.420144893,6440.64,0.86294,2.811841183,5.967781119,0.493537945,-3.118807848,-3.061269393
10.23953,14.11155,1.378144309,2356.54,0.71998,1.092821029,16.04820841,0.615828333,-4.114672851,-4.080172292
10.76362,13.46081,1.250583911,5387.37,0.84584,2.383970823,7.017160172,0.511276361,-3.206709761,-3.208162979
11.08267,14.43286,1.302290874,6078.83,0.86912,2.84615838,5.615136112,0.436613139,-3.09630036,-3.05214938
9.75711,12.78109,1.309925787,4850.4,0.8294,1.94838449,7.95353456,0.524971201,-3.252346768,-3.266387561
10.25098,14.00913,1.366613729,5515.17,0.86218,2.569123909,5.961840909,0.420280462,-3.131226657,-3.100926579
10.70203,14.11602,1.319003965,4603.9,0.82936,2.051972279,8.96367374,0.684726358,-3.280208736,-3.326315906
7.96378,12.76333,1.602672349,4317.53,0.78644,1.568960736,9.716631651,0.735328209,-3.339853821,-3.37147013
23.69132,26.05754,1.099877086,6218.21,0.90158,3.975535977,5.146488012,0.507538838,-2.894003512,-2.891381499
9.45244,15.18813,1.606794648,4137.07,0.81038,1.671751773,8.004296579,0.400877571,-3.353927841,-3.344509438
7.54911,10.95936,1.451741993,2592.55,0.73804,0.933114017,8.763639286,0.252314536,-3.526926067,-3.566678482
7.61726,10.98869,1.442604033,3110.79,0.74286,1.081656426,8.712231509,0.318065648,-3.53271419,-3.527913579
6.59802,10.2851,1.55881613,2672.85,0.72692,0.914377432,9.587515664,0.360241203,-3.581945018,-3.521108091
11.2527,12.76423,1.134325984,2719.98,0.78266,1.087615392,9.919056229,0.36969238,-3.518329924,-3.518023633
11.62845,14.98291,1.288470088,5700.97,0.86528,2.814623499,6.223136045,0.487632694,-3.132259711,-3.147071625
9.61108,14.22242,1.479794154,5448.39,0.85306,2.378769373,5.697948211,0.389803693,-3.096258926,-3.062905962
11.67831,16.41242,1.405376292,6825.18,0.89068,3.684804958,5.063064911,0.473204087,-2.979401621,-3.009614907
8.91397,11.83431,1.327613847,3507.17,0.7692,1.376324077,11.62027837,0.672738956,-3.617717005,-3.61240359
27.14458,31.18124,1.148709613,6287.86,0.9137,4.927093894,5.068924746,0.574209705,-2.904276298,-2.89780709
9.93218,11.71394,1.179392641,3165.93,0.76556,1.253032084,11.28345225,0.551280412,-3.631320062,-3.571689477
6.7341,10.93166,1.623329027,4577.8,0.76418,1.498580214,9.842170217,0.663246054,-3.527187607,-3.494936625
9.27155,13.85743,1.494618483,5405.27,0.84058,2.234854024,6.26801338,0.429159997,-3.150654339,-3.100388461
12.1479,16.16464,1.330653035,4594.7,0.84172,2.035278614,6.556423252,0.35625967,-3.247249223,-3.205212177
7.74333,9.92337,1.281537788,2752.28,0.72628,1.009583172,9.923787037,0.346083683,-3.680656367,-3.678633845
4.87704,9.55127,1.95841535,1883.88,0.66106,0.677598832,10.60014411,0.321251473,-3.794563241,-3.788458199
9.8273,12.49995,1.27196178,3105.55,0.81316,1.2523718,7.748114499,0.267971867,-3.381138702,-3.352324838
13.31523,20.57355,1.545114129,5782.13,0.89216,3.369515134,4.8307721,0.408994234,-3.020978118,-3.011897661
7.37953,11.56466,1.567126904,4609.11,0.79502,1.524650777,8.723313439,0.558853065,-3.361501061,-3.321932889
11.61573,15.08949,1.299056538,6335.68,0.87764,3.060324988,5.143020654,0.423682137,-3.079583911,-3.04936237
8.99719,11.66551,1.296572597,2425.07,0.75488,0.924892885,10.65787642,0.384033211,-3.651838491,-3.615643133
9.7961,13.27431,1.355060687,4663.16,0.81398,1.890795733,7.923362921,0.416979963,-3.313317227,-3.356229876
12.21554,16.03606,1.312758994,6359.97,0.88394,3.264481581,5.231520854,0.44903812,-3.032511219,-3.098409977
12.03052,15.18858,1.262504031,6289.18,0.88204,3.17695408,5.130458912,0.432648682,-3.066281782,-3.043501626
5.64051,9.21652,1.633986998,2335.12,0.68344,0.789367607,10.78406223,0.380750796,-3.781609145,-3.772613209
12.92732,15.4378,1.194199571,6046.75,0.88274,3.213445843,5.436937034,0.456581452,-3.098442318,-3.161080567
10.13395,13.07391,1.290109977,4861.04,0.82988,1.983593548,7.720803937,0.511823539,-3.224735574,-3.272259217
7.3826,10.98472,1.487920245,3664.7,0.7774,1.266556966,8.131694119,0.394754667,-3.381906416,-3.343002331
8.93091,12.2889,1.375996399,4901.67,0.82198,1.944893348,7.125912433,0.467716426,-3.205797218,-3.252210161
10.84009,13.68678,1.262607598,4633.26,0.82684,1.958872305,7.49981276,0.420122949,-3.301061628,-3.340898307
7.8672,14.29441,1.816962833,3719.79,0.7942,1.421646547,7.660384394,0.399306579,-3.314835453,-3.338847082
10.43036,13.88745,1.331444936,4576.1,0.83454,2.012870174,7.970336561,0.505542934,-3.286876114,-3.246294161
12.89307,14.13,1.095937585,3585.98,0.80814,1.628907289,8.719640599,0.421263415,-3.406758094,-3.332077806
10.35475,13.52421,1.306087544,4777.72,0.8417,2.050786009,7.753774052,0.502620945,-3.25539283,-3.296097572
12.10305,14.91513,1.23234474,4872.8,0.85768,2.35250877,7.446464198,0.504968823,-3.202243863,-3.133268687
10.87386,12.35864,1.136545808,3728.55,0.79642,1.421592165,7.757734351,0.362797275,-3.338534122,-3.364937126
10.58628,12.51565,1.182251934,4237.41,0.81988,1.806197486,7.745586069,0.392829105,-3.333793729,-3.297161752
7.57608,11.72501,1.547635453,3754.4,0.77412,1.311258817,9.21310397,0.47599204,-3.397907173,-3.427473687
10.28273,11.95907,1.1630248,3567.07,0.78632,1.397686047,8.512812993,0.409235279,-3.463581536,-3.476685201
8.26432,10.45715,1.265337015,2830.83,0.71568,1.02908168,12.23431108,0.447523759,-3.8601778,-3.756130699
8.10349,12.64701,1.560686815,2692.76,0.7726,0.993618515,8.247190307,0.267047825,-3.446838867,-3.417748192
19.49555,23.14142,1.187010369,3497.89,0.82964,2.057883875,7.783324813,0.327590459,-3.256843092,-3.210132159
5.31483,8.45438,1.590715037,1494.84,0.65194,0.525220137,10.89129001,0.348191944,-3.606049464,-3.585737886
17.50794,21.11145,1.205821473,4298.84,0.82786,2.278089493,10.04603703,0.661301259,-3.483614847,-3.468112297
9.11253,12.70884,1.394655491,3397.66,0.77534,1.413200982,10.38816417,0.53548122,-3.615683621,-3.54448461
7.66082,15.65655,2.043717252,3059.1,0.7824,1.297508134,8.874808178,0.408375883,-3.463091029,-3.497189306
9.09671,14.26754,1.568428586,5722.68,0.83584,2.239579007,6.842391831,0.504590593,-3.248172184,-3.227879194
9.29863,13.79807,1.483882034,5970.74,0.8602,2.576791502,5.51348723,0.406558379,-3.074849513,-3.058111681
9.14085,12.32205,1.348020151,3724.57,0.7793,1.399524453,9.744785268,0.505324745,-3.527846601,-3.464136954
10.69718,14.10101,1.318198815,4374.05,0.84538,2.032798711,6.249063171,0.35391855,-3.144015547,-3.154851662
10.29973,11.89081,1.154477836,3796.14,0.79936,1.447719917,7.584000039,0.363827922,-3.311938323,-3.329386782
18.44697,22.18512,1.202643036,4379.4,0.86066,2.416240406,8.090372523,0.553157092,-3.2817389,-3.196434385
10.36772,12.98862,1.25279425,3898.27,0.8203,1.654274231,6.927166528,0.317595267,-3.244204735,-3.239844914
9.56312,12.92188,1.351220104,6090.43,0.84434,2.421664597,6.312172133,0.483783945,-3.135502473,-3.144256482
10.26704,19.25688,1.875601926,5211.43,0.85558,2.371295457,5.821835517,0.356484817,-3.128386025,-3.098326237
18.87984,21.24626,1.125341105,3514.51,0.84328,2.073362329,7.928255249,0.442859387,-3.241167544,-3.319793302
12.38113,15.76766,1.273523499,6568.56,0.8857,3.473932757,5.405897901,0.49254143,-3.067369531,-3.035299239
9.72844,11.90665,1.223901263,2595.73,0.75954,1.017374148,9.389049236,0.310291452,-3.481348663,-3.466785099
10.8185,13.21606,1.221616675,4305.14,0.81936,1.860059659,8.474379704,0.530985768,-3.260949582,-3.309446799
13.52788,16.50207,1.219856326,6559.63,0.89026,3.624364904,5.26986409,0.488009204,-2.974815839,-3.048466546
11.93231,14.96523,1.254177104,6414.28,0.88276,3.246539271,5.027085511,0.436268569,-2.974327961,-2.912995296
11.63938,15.55505,1.336415685,6378.91,0.88082,3.396024182,5.894478627,0.52237593,-3.082877617,-3.072251233
9.21198,12.65873,1.374159518,4749.97,0.81464,1.916935313,8.540906923,0.52977894,-3.379250367,-3.407201031
11.95119,15.39612,1.288249957,5188.14,0.85558,2.57819751,7.575660819,0.579702834,-3.17878536,-3.167412592
10.42911,13.59175,1.303251188,5018.35,0.83636,2.197102439,8.061060028,0.602567982,-3.278646596,-3.295181538
11.55783,13.83708,1.197203973,4897.5,0.85024,2.209167275,7.570737338,0.485760573,-3.259824782,-3.210092624
7.81245,10.65749,1.364167451,3315.5,0.761,1.13488927,9.626975592,0.467997634,-3.536277276,-3.500299356
5.98102,8.58723,1.435746746,2711.31,0.69982,0.856833968,10.03634393,0.349791115,-3.665009968,-3.64039175
9.96013,13.11018,1.316265952,4598.33,0.83694,1.979344286,7.838786055,0.511535142,-3.212992851,-3.303390345
12.3562,14.30541,1.157751574,3983.45,0.8168,1.80928922,10.19260638,0.568153572,-3.496106108,-3.459063239
12.238,15.61361,1.275830201,5980.31,0.87392,3.025514973,5.592593336,0.439071059,-3.097710974,-3.039397339
11.37587,15.33155,1.347725493,6071.61,0.86914,3.0512735,6.4474244,0.508743239,-3.153277586,-3.162722234
10.9326,14.48594,1.32502241,6179.81,0.85344,2.594263342,6.469434479,0.49636298,-3.158275508,-3.156142684
10.32175,13.2232,1.281100589,4898.21,0.84122,2.101689156,7.942433715,0.535746139,-3.276720496,-3.2721967
11.61133,14.3304,1.234173863,4823.99,0.83544,2.213866077,7.678092122,0.416597688,-3.29866598,-3.284416581
8.98741,12.21756,1.359408328,4545.75,0.82022,1.754927992,6.955748965,0.399040499,-3.192668597,-3.224374229
11.77842,14.66612,1.245168707,5414.7,0.86038,2.628856372,5.903353983,0.413738935,-3.099834253,-3.047667548
10.72729,15.25082,1.421684321,5834,0.86012,2.688547137,6.693910363,0.516080043,-3.205634802,-3.138985724
12.20877,14.79662,1.21196648,5626.77,0.86732,2.821525469,6.100031632,0.474261287,-3.094255964,-3.106046673
11.8568,13.69372,1.154925444,3182.29,0.79374,1.380647899,8.344292329,0.334219439,-3.391579867,-3.350201719
7.39744,9.3853,1.268722693,3288.15,0.72912,1.119444577,12.38604531,0.660305748,-3.700943808,-3.650323735
5.87877,8.56052,1.456175356,2226.5,0.66308,0.764669387,12.41622386,0.438614679,-3.922985483,-3.942668556
11.03747,14.67796,1.329830115,4828.77,0.8366,2.012228267,7.18042634,0.414319688,-3.25126618,-3.255142401
8.62667,11.58293,1.34268843,3252.92,0.7536,1.233208256,11.09311519,0.514084981,-3.601454472,-3.619069819
11.13687,13.62271,1.223208137,4623.63,0.82936,2.012892453,8.349273073,0.548287446,-3.285540465,-3.295840128
19.65035,23.8966,1.216090299,5153.44,0.87118,2.86707234,6.872827775,0.492685593,-3.217727258,-3.134380285
10.24078,12.95516,1.265055982,3867.14,0.8202,1.605851706,6.665892562,0.29019342,-3.285514593,-3.24582894
9.01269,16.76317,1.859951912,4344.69,0.8363,1.908667858,6.91167079,0.385690037,-3.272941598,-3.288687437
14.2868,17.48765,1.224042473,6650.07,0.8968,3.933799178,5.27840783,0.511616315,-3.00650783,-2.992259009
9.44347,11.55324,1.223410462,3522.33,0.77658,1.270303958,8.267397583,0.378485306,-3.380567653,-3.447516056
11.93777,14.85526,1.24439154,5831.4,0.86608,2.893143949,5.935171482,0.472425142,-3.073131209,-3.060759578
9.83981,13.10711,1.332049094,4471.87,0.81212,1.733476772,8.515195283,0.462322011,-3.428620936,-3.40135546
9.84589,13.03399,1.323800083,4307.99,0.812,1.747702374,8.399100297,0.440874147,-3.376483303,-3.391881542
10.22386,12.64827,1.237132551,3357.89,0.78498,1.368202171,9.917004367,0.499623072,-3.519005633,-3.484317315
11.49592,14.72826,1.281172799,4799.92,0.85082,2.285866274,6.40369607,0.390653601,-3.157333007,-3.119301097
11.22295,14.52722,1.294420807,5148.01,0.8496,2.338434438,6.752951363,0.456593784,-3.151376235,-3.192280499
10.2513,13.84016,1.350088281,4716.71,0.83992,2.065934174,7.503887604,0.490501951,-3.242735343,-3.226720872
12.85547,15.21865,1.183826807,4753.2,0.8598,2.269553718,5.372658944,0.329517788,-3.058640252,-3.071296054
5.98673,8.88079,1.483412481,2498.25,0.6886,0.812905435,10.51271303,0.35805256,-3.66997138,-3.667153556
11.98409,13.62979,1.137323735,5882.29,0.85976,2.589732159,5.829558967,0.432888987,-3.100228454,-3.073661721
8.29773,11.11595,1.339637467,2405.25,0.74252,0.868649669,9.252094438,0.292526955,-3.664135063,-3.61919751
9.10757,11.60374,1.2740764,2356.28,0.75536,0.924999326,9.993093634,0.335879965,-3.575659919,-3.514392474
8.77886,13.94436,1.588402139,6173.12,0.84614,2.339322593,5.921577684,0.438038392,-3.119999214,-3.118532933
6.05303,9.30052,1.53650651,1564.4,0.66976,0.587947154,12.03285609,0.364384198,-3.902963169,-3.894775974
9.56405,12.64638,1.322282924,4217.09,0.80652,1.725405294,9.143495644,0.547550479,-3.394761271,-3.402354811
9.89144,15.72591,1.589850416,4820.55,0.84428,2.159930209,6.891557778,0.416569351,-3.233223878,-3.231571816
13.7857,17.66667,1.281521432,6968.72,0.90618,4.435318878,4.575680242,0.501866853,-2.911249264,-2.968884588
23.00063,26.86304,1.16792627,6720.26,0.91248,4.59921673,4.577328292,0.527741535,-2.876940061,-2.824077569
10.48297,16.42859,1.567169419,2224.86,0.7506,1.154147767,12.59772437,0.582164261,-3.530028012,-3.578592075
10.0544,12.60021,1.253203573,3938.49,0.82602,1.576632806,5.892721976,0.264714239,-3.15851231,-3.231508592
6.64549,8.87656,1.335726937,2222.66,0.71586,0.744242429,10.97489827,0.384515309,-3.710056462,-3.735123925
14.00462,16.7801,1.198183171,6176.21,0.88856,3.530220381,5.487618992,0.492205922,-3.007371693,-3.020120656
12.57617,15.85375,1.260618296,6021.36,0.8824,3.242710883,5.474555065,0.464440203,-3.029409967,-3.033083242
8.31239,12.00651,1.444411294,4439.46,0.8091,1.679690095,7.611150466,0.456321785,-3.28671611,-3.290081401
7.89688,12.2111,1.546319559,3865.06,0.798,1.404417756,8.180694049,0.445763473,-3.323123339,-3.338371881
10.962,13.48531,1.23018701,4945.43,0.84136,2.151518716,6.924782048,0.412072303,-3.250574352,-3.24112107
25.04888,28.55411,1.139935598,6053.08,0.90248,4.196546898,5.651595405,0.547664187,-3.004190828,-2.911192025
12.0135,14.29914,1.190255962,4444.06,0.85066,1.981897184,5.732801917,0.303726224,-3.065863348,-3.015748827
12.5669,14.4603,1.150665638,3676.36,0.81936,1.687839505,7.912469479,0.381336175,-3.332248672,-3.350609519
11.05518,14.18182,1.282821266,5032.55,0.84426,2.265393357,7.540178984,0.478935944,-3.279122327,-3.258013101
10.51307,15.55547,1.479631544,4398.96,0.81932,1.780217106,7.2814637,0.419756014,-3.291295262,-3.282418049
12.20877,15.84245,1.297628672,6264.48,0.88026,3.190469114,5.760167436,0.475226057,-3.076357123,-3.074434363
9.19562,11.51478,1.252202679,1864.23,0.75062,0.738036478,9.027649634,0.19197014,-3.489402075,-3.441261311
10.16237,13.17661,1.296607976,4647.11,0.83172,1.986310857,7.378446938,0.424128026,-3.321187101,-3.26299111
7.67172,15.14652,1.974331701,2765.08,0.75564,1.154533704,10.65862744,0.47791723,-3.745612431,-3.740102709
7.34802,9.28113,1.263079034,2773.03,0.72308,0.943256916,11.98572677,0.493908011,-3.847013321,-3.756279648
8.07465,11.4963,1.423752113,3844.77,0.79022,1.440075811,8.935974915,0.431973023,-3.496907303,-3.390902682
12.12402,14.93291,1.231679756,5164.13,0.85248,2.512933436,7.432138592,0.577156727,-3.211956346,-3.163077873
9.68104,13.47437,1.391830836,4962.01,0.8252,2.025781332,8.526455227,0.629980328,-3.244268614,-3.281580741
8.55691,13.0392,1.523821099,3510.71,0.76914,1.287787334,9.014557699,0.416754391,-3.477865225,-3.495145837
11.45653,14.31776,1.249746651,4736.81,0.8385,2.141193655,7.965804931,0.543452279,-3.263563923,-3.278059342
8.8545,15.33515,1.731904681,3467.57,0.79012,1.428142793,9.084685044,0.472808201,-3.409288998,-3.378134374
9.24914,12.3389,1.334059167,4037.86,0.80808,1.502767198,7.27421984,0.390433248,-3.245028819,-3.234780076
10.20666,12.85132,1.259111208,3877.09,0.82078,1.639163543,6.789870357,0.299800019,-3.242329325,-3.258456881
9.42408,12.21091,1.295713746,4329.54,0.80524,1.768079538,7.886887482,0.397443691,-3.294226516,-3.36347925
8.91893,13.17493,1.477187286,4255.06,0.82554,1.673871433,6.510131425,0.324022186,-3.166781152,-3.134197683
11.97631,16.47628,1.375739272,5796.42,0.87422,2.91740223,6.17333838,0.478058172,-3.096737214,-3.173263471
11.386,14.59537,1.28186984,5016.03,0.8508,2.379081531,7.555827258,0.538095635,-3.215893439,-3.221715604
9.9142,13.51498,1.363194206,4455.41,0.82624,1.905144009,8.05260893,0.472661568,-3.270584561,-3.314057683
14.72431,18.60021,1.26323135,7169.3,0.91402,4.836826815,4.305531831,0.515704061,-2.901146803,-2.837676431
7.90149,11.93168,1.510054433,4522.3,0.81572,1.680763691,6.768723456,0.356013126,-3.244424436,-3.177977051
15.00709,19.83503,1.321710605,4089.08,0.8189,1.742459061,8.102183762,0.41270682,-3.360198736,-3.322635519
10.95075,13.8356,1.263438577,5442.11,0.8523,2.517188829,6.791608367,0.50289626,-3.156408095,-3.266591594
10.43323,12.92759,1.239078406,6069.27,0.83856,2.333968855,6.923797047,0.537663271,-3.204107336,-3.190758065
8.79741,12.50388,1.421313773,4655.15,0.8032,1.764417722,8.385961481,0.51597946,-3.40874281,-3.332836472
9.10018,10.9406,1.202239956,2760.78,0.73962,1.030474527,11.34994551,0.424210069,-3.699322403,-3.663680208
10.83321,13.19477,1.217992636,4394.01,0.81408,1.853227007,8.731881454,0.536008358,-3.392671498,-3.361804052
11.17425,13.9621,1.24948878,5069.6,0.8471,2.249885793,6.736583683,0.441465143,-3.192718445,-3.222880412
12.45744,24.46379,1.963789511,3855.37,0.83676,2.001664944,7.326360889,0.373855295,-3.344118536,-3.418427782
20.90195,24.7438,1.183803425,2931.14,0.85608,1.672517979,8.887618213,0.333026119,-3.267481994,-3.349152351
9.80577,16.93652,1.727199394,4738.44,0.85026,2.215170581,6.485599543,0.417255693,-3.162234465,-3.1554946
9.97275,14.27764,1.431665288,5780.09,0.85482,2.508495466,5.719089273,0.421314179,-3.148455464,-3.102570862
9.50886,14.09066,1.481845353,6153.15,0.85306,2.576411037,6.215398303,0.477165742,-3.133430971,-3.134287065
19.87281,23.97505,1.206424758,4764.34,0.87798,2.879623738,6.692928092,0.542127891,-3.095630527,-3.107113569
11.4947,14.02511,1.220137107,5956.74,0.86768,2.832667346,5.669169177,0.44279112,-3.038118812,-3.046904739
12.06007,15.30817,1.269326795,6116.72,0.87576,3.132861129,5.918019439,0.499895883,-3.096277754,-3.098209462
5.95651,10.53718,1.769019107,3705.36,0.74082,1.162977254,10.11485988,0.519831445,-3.574554465,-3.62187364
10.08256,12.95839,1.285228156,4681.71,0.83362,1.940903514,7.864283782,0.501083181,-3.264121477,-3.211075669
5.75905,9.85555,1.711315234,1528.3,0.67512,0.584003737,11.08391238,0.298085995,-3.821654353,-3.849326493
7.75365,10.89056,1.40457204,3387.43,0.74252,1.21494746,9.316486212,0.328028778,-3.607315629,-3.584003078
4.79143,8.89511,1.856462476,2513.85,0.67788,0.818562191,12.58969264,0.836844647,-3.818625812,-3.8329893
7.1323,9.96864,1.397675364,2376.73,0.74052,0.820043742,9.956225251,0.305529012,-3.575554705,-3.549822615
10.35916,13.01831,1.256695524,3902.77,0.82054,1.657482446,6.57914186,0.285181774,-3.31598706,-3.258154249
7.24483,9.80418,1.353265708,3085.39,0.74164,1.095061121,11.99559376,0.607219984,-3.647929599,-3.593083608
8.92729,14.74474,1.651647925,1741.21,0.6879,0.831314163,8.818870218,0.176693587,-3.597623939,-3.637557718
9.72155,14.06127,1.446402066,6199.44,0.85438,2.555285054,6.142775229,0.465952577,-3.127635122,-3.159268723
10.39209,11.79432,1.134932434,3420.2,0.77386,1.364784311,11.17216328,0.590755632,-3.591708,-3.585353205
8.89254,10.78194,1.212470228,3680.63,0.78996,1.446956292,8.355133071,0.409819997,-3.370285675,-3.332946783
10.50329,13.15299,1.252273335,4510.54,0.82412,1.931878384,8.577020008,0.580151097,-3.308579132,-3.324587216
9.79194,12.62515,1.289341029,4018.87,0.79784,1.584934146,9.687082326,0.521582388,-3.552916338,-3.527533555
4.01784,6.59167,1.640600422,647.201,0.5575,0.450377671,14.560009,0.379224656,-4.599596442,-4.614760049
24.92306,30.27474,1.214728047,6532.93,0.91864,5.13711806,4.913517619,0.581579285,-2.869645162,-2.944295188
9.36086,11.44453,1.222593864,3275.19,0.77818,1.205182013,7.41914972,0.291039508,-3.357122484,-3.346855307
14.43086,18.2692,1.265981376,3970.4,0.81778,1.874378286,11.07834114,0.773868495,-3.431442897,-3.430310903
9.69705,12.36064,1.274680444,4873.69,0.83352,2.028379598,7.571599439,0.518281155,-3.240357588,-3.197967061
9.54493,11.81426,1.237752398,3671.26,0.80336,1.481033567,7.057238872,0.330693633,-3.329679558,-3.331631005
9.11628,13.03141,1.429465747,6045.2,0.8079,1.870385676,7.99852922,0.612600543,-3.273202683,-3.313209648
18.25075,19.94013,1.092564963,3402.89,0.81254,1.718588395,8.613064465,0.478905722,-3.334400188,-3.32164136
8.21954,10.3326,1.257077647,2418.92,0.72126,0.853250113,11.19879636,0.381880552,-3.706464214,-3.681876765
10.28889,14.39212,1.398802009,5960.12,0.8473,2.501210311,6.476756332,0.488080756,-3.158603642,-3.164499931
14.35955,17.26099,1.202056471,6177.25,0.8908,3.603866024,5.268474803,0.485500271,-3.011939755,-3.067253833
11.56592,15.33046,1.325485564,6273.35,0.87246,3.083932769,5.789735075,0.472368077,-3.085528685,-3.092677508
10.66252,14.1657,1.328550849,6209.29,0.85164,2.620721064,6.47045458,0.515077614,-3.156023304,-3.148684329
8.27846,12.77661,1.54335589,4469.62,0.80502,1.710719249,8.560223774,0.583893101,-3.290347221,-3.300902832
10.84152,13.98858,1.290278485,5131.6,0.84914,2.354099033,7.130255433,0.495803532,-3.25867664,-3.249125484
11.07818,14.10911,1.27359458,5094.54,0.83024,2.283382059,8.376425147,0.572122843,-3.379495669,-3.361139061
11.8518,24.25119,2.046203108,3203.59,0.82698,1.640911472,6.548752251,0.26011836,-3.262994742,-3.230056768
10.1627,13.39168,1.317728556,4911.61,0.83336,2.082057073,7.762499185,0.5305068,-3.260672678,-3.232619386
18.72013,35.0324,1.871375893,5804.9,0.9156,4.56057859,4.346106831,0.461097307,-2.829743207,-2.824078523
12.67078,19.37922,1.529441755,5890.8,0.8917,3.388278388,5.237857195,0.449554161,-2.995664037,-3.041740616
10.74784,14.61765,1.360054671,5156.07,0.82746,1.957077038,7.263865013,0.455778125,-3.252556438,-3.238986682
7.83927,12.46355,1.589886558,4341.72,0.8002,1.533329118,7.204296134,0.36841391,-3.266682519,-3.273203005
9.26112,12.00638,1.29642851,2967.43,0.77214,1.169884275,9.085191682,0.339060287,-3.458953555,-3.462379072
5.62196,9.54515,1.69783314,2528.56,0.69264,0.816722145,9.845251668,0.322165737,-3.622903599,-3.650714023
20.05765,24.12726,1.202895653,5642.25,0.8863,3.458596738,6.204304989,0.537094158,-3.045315969,-3.061412377
11.34673,14.39889,1.268990273,6076.68,0.84634,2.523668524,6.496690297,0.491946934,-3.17248379,-3.171403401
8.90889,11.16367,1.253093259,3550.81,0.75458,1.309239178,11.66985806,0.65195459,-3.648520915,-3.662424871
8.9103,14.12404,1.585136303,4192.14,0.81704,1.785306142,7.99861018,0.485192773,-3.357801831,-3.347473228
10.15389,13.17381,1.297415079,4606.51,0.81728,1.904610982,8.719954205,0.580504904,-3.359882082,-3.320256789
11.40947,15.27853,1.339109529,6294.81,0.87378,3.173953948,6.013649681,0.51368677,-3.070650231,-3.116667756
9.43711,14.05551,1.489387111,6279.59,0.85262,2.588890441,6.169798554,0.493609469,-3.118837476,-3.122776131
9.7535,13.23091,1.356529451,4698.31,0.81578,1.89446648,7.55093818,0.390157734,-3.312148652,-3.394247735
10.00866,13.88478,1.387276618,5983.7,0.84796,2.46960898,6.454626859,0.495191442,-3.130741221,-3.139558451
10.70892,13.80907,1.289492311,4122.81,0.82346,1.848722894,9.42735823,0.62691803,-3.375819287,-3.379166601
14.1814,22.34967,1.575984741,5534.19,0.88642,3.274728928,5.844766709,0.471028511,-3.080757518,-3.058117201
9.67022,13.41738,1.387494804,6332.7,0.84308,2.325179888,6.361409314,0.486683276,-3.088895881,-3.155849575
13.30868,16.20729,1.217798459,6374.75,0.88754,3.418348483,5.069190362,0.454407126,-2.972198831,-3.002027067
9.09279,12.36605,1.359984119,4771.4,0.82092,1.879128878,6.864216729,0.419458365,-3.197014566,-3.179399255
15.19608,29.4478,1.937855026,5462.59,0.89072,3.363568391,5.133880642,0.429556989,-2.952618859,-3.044555081
8.13337,14.16485,1.741572067,4233.08,0.80136,1.588484006,7.965912351,0.439881782,-3.310481507,-3.364827988
8.92119,10.94748,1.227132255,4907.59,0.82214,1.778834607,5.848614914,0.335031698,-3.083648842,-3.029635366
7.95304,11.7845,1.481760434,4415.15,0.80318,1.585316509,8.05090835,0.494382753,-3.299054413,-3.329984108
9.36528,11.14253,1.189770087,3363.09,0.76744,1.152584018,8.723628098,0.395371383,-3.416373621,-3.402256326
16.69548,22.02153,1.319011493,6316.53,0.91614,4.610135717,4.359552929,0.473673619,-2.919416996,-2.857492265
23.58786,25.90318,1.098157272,4447.3,0.87138,2.867560675,10.81447919,0.843473652,-3.343253848,-3.237855054
11.2049,13.36414,1.192704977,3664.93,0.82118,1.588598645,6.568993124,0.272420996,-3.236140601,-3.161794758
11.30988,14.89058,1.316599292,6175.22,0.8724,3.101822552,6.013643199,0.512206213,-3.14457997,-3.074298548
9.75577,13.86622,1.421335271,6260.72,0.84792,2.36885555,5.695044644,0.42475635,-3.067717876,-3.068926277
12.03978,15.16393,1.259485638,5293.96,0.85732,2.495844238,7.4356528,0.546672454,-3.212141853,-3.241743646
34.45918,37.91424,1.100265299,6987.74,0.93916,6.841948057,3.762771888,0.603587884,-2.631323135,-2.625016583
9.80022,14.38292,1.467611952,4952.05,0.82668,2.057385189,7.99183448,0.5106969,-3.31683543,-3.334256755
7.83381,9.6691,1.234278084,3158.7,0.74706,1.124944661,10.26340775,0.495417593,-3.578110258,-3.610013023
12.53917,14.99254,1.195656491,4690.2,0.85246,2.170749905,5.505705439,0.324158909,-3.074225927,-3.084766969
12.43805,14.86523,1.195141521,4993.06,0.8589,2.410609037,7.140629164,0.486848332,-3.188793015,-3.170669991
6.29461,9.48189,1.506350671,2990.84,0.7072,0.967570252,9.865822898,0.39056918,-3.645187015,-3.661320003
10.97622,13.61743,1.240630199,4803.41,0.83476,2.087192207,7.854620471,0.543552889,-3.249181185,-3.31598737
7.54106,9.80196,1.299811963,3161.84,0.7413,1.146451306,11.30476325,0.638130371,-3.670572914,-3.608511548
7.30518,10.08095,1.379972841,2857.58,0.71954,1.018292873,10.62504899,0.456228841,-3.585447919,-3.595977259
9.17496,12.74532,1.389141751,4735.93,0.82384,1.869572025,6.73744159,0.406763249,-3.201249502,-3.158119586
13.90498,17.05765,1.22672956,4848.49,0.85792,2.568253664,8.763205727,0.684678635,-3.264981959,-3.22477944
6.1221,8.26177,1.349499355,2403.46,0.6859,0.802129344,10.44092557,0.354374192,-3.774052637,-3.709505967
5.49793,9.71295,1.766655814,2002.62,0.66968,0.743560135,11.53178364,0.528812969,-3.76590049,-3.770738062
6.64984,10.72848,1.61334408,4494.51,0.76186,1.464011745,9.663625575,0.648602583,-3.442007436,-3.460138638
8.20569,10.45915,1.274621634,3288.11,0.75886,1.16942897,9.407483288,0.399450068,-3.514374991,-3.432167555
7.7718,12.8632,1.655112072,4066.62,0.7833,1.523864737,9.774366663,0.703141719,-3.343813981,-3.353440785
9.73441,12.74391,1.309161007,3083.5,0.76624,1.258921413,9.416383862,0.358637558,-3.498570365,-3.466659742
9.08475,12.11238,1.333265087,1971.2,0.76112,0.781022804,8.002506866,0.172373157,-3.436190072,-3.490005543
10.52468,13.91093,1.321743749,4515.19,0.81792,1.851440213,8.411636235,0.458847822,-3.386022941,-3.376417068
11.19803,14.13514,1.262288099,5062.43,0.8451,2.286476483,6.845036899,0.447989606,-3.249453188,-3.231063261
10.99264,12.90386,1.173863603,4487.56,0.82778,1.923204706,7.427541139,0.404919199,-3.30521039,-3.291295043
7.65497,11.90068,1.55463444,3874.9,0.79272,1.388739007,8.135945559,0.459184262,-3.267612607,-3.305420508
8.93166,11.67852,1.307541935,3464.35,0.78412,1.315904739,8.023368087,0.368710822,-3.367268707,-3.378412218
9.51645,17.01664,1.788128977,4486.89,0.82988,1.934488289,6.794122012,0.383236932,-3.258585251,-3.245134596
12.44754,14.40679,1.157400579,3828.83,0.80884,1.730065024,9.844018084,0.546663621,-3.483677777,-3.405741966
10.38799,13.54668,1.304071336,3800.02,0.8292,1.613060107,8.215552584,0.388442364,-3.317523208,-3.294122365
10.11471,12.48965,1.234800602,4611.45,0.83476,1.90371068,5.468726259,0.303946342,-3.095276173,-3.075062972
7.65071,11.74612,1.535298031,4188.19,0.79356,1.485430405,8.744871496,0.55357077,-3.3246154,-3.315976919
11.35262,15.04199,1.324979608,6231.37,0.87728,3.232495928,6.193763859,0.541371915,-3.117057178,-3.080779782
8.09361,10.32873,1.276158599,3553.02,0.76142,1.261773927,10.07490885,0.521192439,-3.523792019,-3.485716318
10.37759,13.64515,1.314866939,5927.26,0.83366,2.19326493,6.789699849,0.509641255,-3.137062157,-3.173271534
30.19986,33.30227,1.102729284,6673.72,0.92188,5.520702334,4.761153602,0.58435182,-2.819041423,-2.847250677
12.94636,16.07409,1.241591459,5350.76,0.864,2.756789871,7.45620022,0.58477818,-3.196402525,-3.217085006
8.47249,13.45271,1.587810667,5109.32,0.8288,2.057290374,6.418710296,0.425348306,-3.185754433,-3.170422166
7.31026,9.52456,1.302903043,3161.87,0.75426,1.057355056,7.855435717,0.299077541,-3.399633471,-3.40347885
11.26482,14.65722,1.301149952,5978.72,0.86534,2.899272284,5.890733562,0.447495563,-3.137813678,-3.098967425
10.30775,13.35529,1.295655211,3568.12,0.80458,1.319695377,7.442594329,0.315917169,-3.281402367,-3.291794948
8.7333,13.1317,1.50363551,5187.27,0.82826,2.063556524,6.540362763,0.445089604,-3.17614245,-3.184001238
10.24935,14.98891,1.462425422,5860.18,0.86856,2.833995151,5.664668213,0.439582259,-3.055986463,-3.061495972
11.16897,14.3133,1.281523722,6141.12,0.85888,2.608088329,6.002836619,0.455894854,-3.125069024,-3.103861689
12.38166,14.97872,1.20975055,5958.13,0.87832,3.087295032,5.440491997,0.451506188,-3.072407529,-3.085127212
12.3762,14.35713,1.160059631,5969.08,0.8726,2.889097844,5.680227699,0.451372502,-3.065462756,-3.09778116
9.34243,13.13066,1.405486581,4302.86,0.80196,1.708726445,7.722121132,0.377215495,-3.321488512,-3.315851264
9.67012,13.23888,1.369050229,4669.41,0.82746,1.910097576,8.238701652,0.519946994,-3.280847996,-3.258228098
6.46975,8.79988,1.360157657,2542.17,0.71938,0.86507612,8.887122601,0.297286706,-3.554102559,-3.559519931
9.3821,12.66424,1.349829995,5397.53,0.83252,2.033194615,6.355945782,0.407501619,-3.150630959,-3.135182459
11.20762,17.3116,1.544627673,4956.1,0.86258,2.334369833,5.188779762,0.316157204,-3.078167585,-3.064921077
8.16476,11.10734,1.360400061,3287.86,0.77318,1.151029656,6.936204206,0.246456555,-3.32279518,-3.399986439
8.35808,11.07305,1.32483178,1852.94,0.74302,0.69550973,8.448274917,0.159909786,-3.469095788,-3.477946184
10.26163,13.43838,1.309575574,3464.29,0.81864,1.494752372,6.994710289,0.273224945,-3.258601824,-3.305724455
8.95052,12.29236,1.373368251,4477.56,0.81492,1.775455781,8.605260879,0.518405046,-3.330680557,-3.322592097
11.17079,14.69964,1.315899771,5578.9,0.8605,2.675318054,6.058990177,0.461990959,-3.122497758,-3.122685338
10.67885,14.272,1.336473497,6369.96,0.87082,3.073507664,5.721217766,0.484603292,-3.095119362,-3.093036054
14.55154,27.37561,1.881286104,5503.12,0.88874,3.126294943,4.724974745,0.369668743,-2.94199148,-3.040174842
7.06514,12.41133,1.756699796,1267.52,0.6751,0.507357472,10.44193608,0.185850825,-3.870663415,-3.901601911
12.18353,13.71521,1.125717259,3872.44,0.79746,1.69046867,10.86027572,0.632701764,-3.580064793,-3.576673429
11.89014,14.17824,1.192436759,3253,0.80498,1.444760325,8.323767171,0.347339698,-3.334141759,-3.397506294
6.51713,9.423,1.445881853,1680.84,0.70624,0.576371887,9.688745678,0.20553761,-3.6283926,-3.664161312
11.97417,19.52997,1.631008245,5064.63,0.8743,2.68388594,5.217666589,0.354104691,-3.044862764,-3.034684727
7.69022,10.18549,1.324473162,2955.7,0.72476,1.111278071,9.032317363,0.288792591,-3.671438991,-3.650637295
10.49239,13.60947,1.297080074,4789.69,0.84134,2.065930828,6.588539354,0.374548633,-3.175454607,-3.23901337
13.99484,16.74476,1.19649528,6555.87,0.8939,3.758725086,5.276015878,0.506523663,-3.009888261,-3.043254641
14.1815,17.44322,1.229998237,6243.66,0.89056,3.70241337,5.734024842,0.535011319,-3.043895069,-2.999317969
6.45098,10.04497,1.557123104,3036.58,0.72012,1.007300312,10.13605874,0.576211011,-3.503575143,-3.550024601
8.324,15.70075,1.886202547,4184.18,0.8024,1.681475272,7.887633285,0.401108409,-3.353329214,-3.385271051
8.57203,9.75022,1.137445856,2778.02,0.71732,0.980616515,10.2834537,0.469424256,-3.535526917,-3.538351514
20.67687,24.73141,1.196090608,6054.24,0.90448,4.193775734,5.634181688,0.546693123,-3.030712997,-3.107659388
7.26394,11.98865,1.650433511,3542.3,0.7603,1.261720241,10.10169066,0.619608859,-3.450626195,-3.460410032
7.0867,10.48786,1.479935654,2962.96,0.75296,1.01973212,8.525428242,0.332611205,-3.475724539,-3.478758979
9.59522,13.48868,1.40577079,4563.68,0.80884,1.689927793,8.333253396,0.538280555,-3.257505745,-3.301432974
9.08174,17.16184,1.88970836,4457.75,0.82554,1.978279519,8.032503057,0.565671546,-3.303909897,-3.284088462
14.86155,21.06352,1.417316498,6344.34,0.90536,4.23570142,4.880113338,0.49271587,-2.981022515,-3.034818956
9.93686,15.7551,1.585520979,4249.57,0.81862,1.818060679,7.297334492,0.384958124,-3.292245631,-3.30496059
8.80802,16.10568,1.828524458,3488.95,0.8087,1.465545987,8.494602651,0.44432939,-3.340908735,-3.353030669
7.86435,14.52563,1.847022322,2570.48,0.78096,0.984089941,8.256116335,0.251203488,-3.502152206,-3.44700545
7.17263,11.42945,1.593481052,2630.95,0.70864,0.920995857,10.23981915,0.441621723,-3.632271046,-3.615535989
6.28974,11.81085,1.877796221,2533.16,0.71688,0.966566309,10.18592652,0.519247971,-3.563921846,-3.609117851
10.15165,14.91525,1.469243916,4104.71,0.81356,1.756132519,7.855911683,0.426792689,-3.328082177,-3.343444388
6.30595,12.33724,1.956444311,3035.11,0.74314,1.115814098,10.82416912,0.653179231,-3.491151039,-3.512593213
11.06659,20.04697,1.811485742,5011.11,0.86158,2.478418332,6.315718805,0.414228694,-3.171118127,-3.155273152
5.97768,11.22088,1.877129589,2127.72,0.69328,0.781964114,10.34470344,0.347039564,-3.726543549,-3.752607619
12.28468,17.91581,1.45838638,5053.02,0.85526,2.377875521,6.145711352,0.408161218,-3.132840569,-3.16280679
5.04585,7.41509,1.469542297,992.679,0.57848,0.493335266,14.25829799,0.62491162,-4.19104535,-4.176846587
9.03702,15.01073,1.661026533,4125.11,0.80814,1.700917663,8.267784916,0.520962737,-3.307119818,-3.308431709
8.98259,14.84078,1.65217159,3375.05,0.7935,1.357640255,7.096054738,0.303082026,-3.29315285,-3.295159515
12.11977,17.3531,1.431801099,4364.93,0.8585,2.212703003,6.792624107,0.38485642,-3.211079658,-3.180930548
9.97441,14.52433,1.456159312,3861.24,0.806,1.647867484,7.672767739,0.375721073,-3.340700934,-3.333938979
10.29123,16.0053,1.555236838,2816.72,0.79628,1.217026883,7.831628594,0.306577899,-3.323183736,-3.401024838
7.4051,12.54269,1.693790766,3834.35,0.78096,1.365985738,8.135252517,0.43670851,-3.320897659,-3.327423601
8.72681,15.62513,1.790474412,3969.54,0.80774,1.636078225,7.550612182,0.377602745,-3.298161109,-3.322592889
4.47659,9.20248,2.05568971,1936.39,0.6551,0.741968147,11.98797649,0.548816729,-4.000582512,-4.009120084
24.78918,26.24916,1.058895857,5685.96,0.90082,4.066760568,5.498491805,0.5191941,-2.978496157,-2.982102668
10.04302,30.79573,3.066381427,4415.13,0.85654,2.326808252,7.7636545,0.515186991,-3.322424274,-3.261548187
19.65457,21.0287,1.06991402,4016.72,0.85226,2.268483029,7.033693741,0.385365414,-3.217261621,-3.183452946
8.75797,15.87955,1.81315419,4310.96,0.81248,1.762643618,8.659820716,0.615865811,-3.308484618,-3.285030495
9.55054,14.46828,1.514917481,3315.58,0.79506,1.273351015,8.655541209,0.410308243,-3.388742934,-3.414287357
12.08478,16.76671,1.387423685,5402.75,0.86814,2.734281989,5.986245188,0.43770104,-3.082706007,-3.111507864
8.08957,13.82386,1.708849791,4238.67,0.80692,1.623016535,7.864914846,0.383337475,-3.268312484,-3.290955172
5.85034,11.48837,1.963709801,2454.74,0.69646,0.887935244,11.78183528,0.699009721,-3.666487112,-3.689289359
4.83697,10.1968,2.108096598,1369.99,0.63978,0.532581913,11.92093813,0.389940402,-3.928499989,-3.930929856
6.92839,14.42779,2.082415973,2003.32,0.74924,0.755165786,8.275076256,0.198592371,-3.497348466,-3.477243415
12.76055,18.57806,1.455898061,4081.94,0.841,1.965862712,7.131391016,0.387874986,-3.213444729,-3.182612055
6.31406,9.22294,1.460698821,1916.07,0.68746,0.680020575,11.51924873,0.397617442,-3.910848396,-3.910700109
9.58698,15.43186,1.60966853,2950.41,0.80294,1.245350911,7.377435675,0.279145832,-3.284930728,-3.320881101
7.64779,12.30094,1.608430671,3535.58,0.75886,1.169558738,9.137049899,0.506874465,-3.378060166,-3.393193965
7.36323,12.49926,1.697524049,3353.03,0.74932,1.212201609,9.712705351,0.50841276,-3.524054172,-3.543939707
11.90449,18.63245,1.565161548,5837.3,0.86136,2.743315763,6.402539041,0.475800535,-3.127708938,-3.120506988
7.17554,12.01787,1.674838409,2655.45,0.72526,0.972866096,9.858635748,0.32455131,-3.580219414,-3.632390122
8.43458,14.19378,1.682808154,4786.96,0.81554,1.886579456,7.550905054,0.430160898,-3.32088507,-3.303638885
6.97519,9.0561,1.298330225,1336.43,0.64568,0.610872486,9.891747357,0.254543654,-3.054829158,-3.168023986
4.38222,8.85082,2.01971147,1662.07,0.63978,0.6366667,11.8322823,0.468514866,-3.902182707,-3.915813774
4.86293,9.52793,1.959298201,1929.61,0.64872,0.698635404,12.47483114,0.576841569,-3.877007621,-3.81276248
4.73403,10.30484,2.176758491,2268.18,0.67554,0.78036485,11.50265311,0.565675213,-3.727651249,-3.765549308
8.272,14.11447,1.706294729,3599.05,0.77836,1.388418666,8.099530247,0.351155859,-3.39813613,-3.424200386
6.75103,11.57819,1.715025707,2646.22,0.7172,0.989915888,10.21168942,0.48739169,-3.550464009,-3.574371063
8.17207,11.58188,1.417251688,4528.35,0.78626,1.599920234,10.41663455,0.646074966,-3.433108178,-3.429244874
9.08296,15.28519,1.682842377,3531.39,0.8009,1.45565249,7.337505395,0.330763996,-3.282058863,-3.318736112
5.80755,7.91416,1.362736438,1443.41,0.60492,0.620618546,15.18439771,0.745838104,-4.231970524,-4.253740081
11.36314,17.76593,1.563470132,4835.65,0.8447,2.294887782,7.705975742,0.54150361,-3.220016378,-3.253934001
8.42885,12.93236,1.534297087,3869.8,0.78672,1.371727475,8.279023387,0.453925106,-3.315296731,-3.301230254
10.9562,15.76569,1.438974279,4794.79,0.82452,1.88965767,7.173300433,0.441054077,-3.244476242,-3.226477584
9.65233,17.19968,1.781920013,4766.37,0.83846,2.199458569,7.35378044,0.465154835,-3.23700969,-3.263973813
5.57485,11.25445,2.018789743,2308.4,0.7058,0.884932451,10.10077622,0.461688588,-3.610146821,-3.621422741
13.09109,18.24494,1.393691434,3376.47,0.83434,1.702196244,6.368314692,0.262543202,-3.189696953,-3.17928704
10.35787,15.74616,1.520212167,4892.05,0.84958,2.285002703,6.279028024,0.406806342,-3.143499014,-3.161866466
4.57558,7.98379,1.744869503,1203.28,0.59048,0.536624377,15.48504983,0.585352209,-4.32640555,-4.379868693
13.77978,18.5405,1.345485922,4839.71,0.86276,2.574588339,6.793427934,0.471666432,-3.155210597,-3.169972013
8.46343,15.10074,1.784234052,3175.41,0.78692,1.27885642,7.476643814,0.273153462,-3.348042015,-3.361721124
21.51312,21.78946,1.012845185,4027.38,0.8546,2.396885675,8.134411046,0.597902654,-3.206266281,-3.151072969
8.2616,13.06922,1.581923598,3503.91,0.78916,1.341068831,7.048407673,0.314057796,-3.280649539,-3.247229845
7.10831,10.99087,1.546200152,2754.16,0.73104,1.018831321,10.55580115,0.482181852,-3.585765312,-3.58799412
10.10286,14.32465,1.417880679,3801.18,0.81258,1.625839601,6.931119975,0.325712997,-3.244857342,-3.283660514
4.46361,10.19443,2.283898011,1377.79,0.61148,0.579404184,12.16084489,0.413260841,-3.935064697,-3.846372754
12.86617,18.77709,1.459415661,4018.08,0.83894,2.102827867,8.814650852,0.638148374,-3.264606957,-3.256058748
11.25465,15.32248,1.361435496,5097.21,0.85272,2.44278483,6.567078452,0.461102709,-3.222350671,-3.210196013
9.68832,12.61598,1.302184486,4556.82,0.8022,1.652480575,8.661369655,0.497834825,-3.310375173,-3.325045544
3.82521,5.72116,1.495645991,114.467,0.51442,0.409583108,20.11519746,1.040009959,-5.672739011,-5.282191673
10.15209,16.1994,1.595671433,4840.6,0.83276,2.027388589,6.590484024,0.410972457,-3.221395898,-3.217535102
6.56873,12.02738,1.831005385,3472.65,0.74352,1.215638892,9.332157204,0.419862237,-3.587631742,-3.617628803
4.63631,10.54546,2.274537294,2023.95,0.67,0.77940872,12.4684728,0.578932448,-4.039214279,-4.080908612
4.91554,8.82458,1.795241215,1637.81,0.6469,0.63960214,11.14853073,0.395470776,-3.994481183,-4.024315615
11.91396,16.27129,1.36573314,4811.18,0.85252,2.314743416,6.569562517,0.402805684,-3.217077277,-3.186046375
5.54897,9.24323,1.665755987,1876.92,0.64546,0.711126095,13.33431006,0.610353814,-4.002098763,-4.081793043
4.07881,4.84068,1.186787323,86.0965,0.50836,0.396101012,17.75190175,0.521509229,-5.103852404,-5.185854988
4.95734,7.75901,1.56515591,1199.81,0.62918,0.468865506,13.8207143,0.473118691,-4.07183225,-4.119339687
6.99504,9.91902,1.418007617,3590.41,0.75622,1.195720062,8.283103719,0.414023895,-3.350214585,-3.352332636
8.49706,15.23854,1.793389714,4498.28,0.82404,1.806566463,6.729960038,0.400578814,-3.210550462,-3.240388481
11.21697,16.77427,1.495436825,4204.03,0.8178,2.008182028,8.898870853,0.551683037,-3.393941921,-3.321991683
4.51378,8.83058,1.956360301,921.764,0.6038,0.362222769,12.98216067,0.283506268,-4.212911336,-4.171536851
8.4987,12.6554,1.489098333,3926.82,0.77396,1.419469377,9.646374101,0.548744591,-3.516525649,-3.53692999
5.80379,9.96823,1.717538023,2509.4,0.7158,0.793358752,8.967510774,0.28519284,-3.492001648,-3.50809585
7.91254,15.05145,1.902227351,4206.4,0.8053,1.715075542,8.197970249,0.472627068,-3.355821728,-3.377412746
8.3765,11.92582,1.423723512,3851.45,0.78342,1.378675597,8.874767142,0.520976105,-3.33664626,-3.365853412
7.09201,10.84237,1.528814821,3130.82,0.74252,1.094618162,9.845465047,0.529030022,-3.450136693,-3.442109542
12.24382,19.2289,1.570498423,5608.54,0.88292,3.23757838,5.354218291,0.440226052,-3.047254018,-3.126367376
9.19041,15.87391,1.727225445,4222.78,0.8154,1.755167671,7.546949164,0.430485936,-3.300117158,-3.315376238
7.25044,12.37439,1.706708834,2756.69,0.72484,1.012490606,9.8756119,0.476381995,-3.55142049,-3.557937253
6.65759,10.49908,1.577009098,2717.49,0.7146,0.922905253,10.25022341,0.447438075,-3.620284699,-3.572191042
6.52813,11.76746,1.802577461,3505.77,0.7458,1.185037825,10.53753898,0.721214559,-3.471343911,-3.476379349
14.01668,20.33935,1.451081854,4587.31,0.81968,2.002320667,8.324713798,0.513146921,-3.384151542,-3.326066841
7.3518,11.48716,1.562496259,3227.54,0.74644,1.191743182,9.189352364,0.464292331,-3.462455458,-3.485691272
11.11929,20.16092,1.813148142,5712.54,0.8769,3.13262481,5.811984335,0.473999729,-3.107229509,-3.099764507
10.3572,16.45254,1.588512339,5162.75,0.84572,2.251195179,6.583299456,0.450298835,-3.161626012,-3.199953622
20.14515,21.81078,1.082681439,3945.13,0.86154,2.27753736,7.1255279,0.442907019,-3.19841687,-3.186646392
8.86329,13.61853,1.536509581,4055.48,0.80578,1.538514413,7.020641668,0.340986865,-3.251077208,-3.252680126
7.55571,14.09903,1.866009945,3120.8,0.75112,1.178096243,9.241327753,0.410911737,-3.557627492,-3.508196629
10.18495,14.50757,1.424412491,3062.82,0.8012,1.262247121,7.398368991,0.282120339,-3.341631542,-3.335885652
7.49574,12.57405,1.677492816,2616.85,0.73358,0.985218632,9.780929309,0.358274488,-3.649650879,-3.642894822
10.87209,17.48282,1.608045923,5136.3,0.84514,2.305642022,6.630188473,0.437416627,-3.17458357,-3.180242603
4.97785,10.44989,2.099277801,1306.93,0.63616,0.543183312,12.36810961,0.353806335,-4.095759425,-4.111687141
9.26744,14.78164,1.595007899,4070.56,0.79278,1.631140593,8.529527549,0.514521103,-3.355400516,-3.36235662
7.16391,31.7459,4.431364995,2795.16,0.79844,1.394589251,8.41011872,0.288908848,-3.506426733,-3.460548222
8.6827,32.65317,3.760716137,3821.61,0.83274,1.944205137,8.066252323,0.417016689,-3.410753687,-3.335086755
5.35094,9.9643,1.862158798,2231.94,0.68228,0.810628419,11.50067082,0.508406348,-3.846837575,-3.907456132
9.29516,15.84483,1.704632303,4275.09,0.81964,1.800864355,7.089635724,0.354684285,-3.306456666,-3.292911646
7.02587,10.90104,1.551557316,2494.49,0.7548,0.844271693,8.902969308,0.26733681,-3.498606939,-3.462837053
7.2781,9.81136,1.348066116,2235.58,0.6837,0.787035385,10.85696666,0.541739245,-3.553081575,-3.522142148
4.67787,9.2327,1.973697431,1615.28,0.62724,0.655173999,13.5865746,0.675092215,-4.088609185,-4.127225397
4.98843,8.98513,1.801193963,1637.53,0.64432,0.595368779,11.09112669,0.383580305,-3.713842818,-3.651332707
11.37777,32.88181,2.890004808,4226.87,0.86428,2.365207682,7.398275066,0.485325892,-3.221381244,-3.226537632
6.1297,11.62544,1.896575689,3073.58,0.74712,1.094577073,8.971697167,0.439973298,-3.393572673,-3.412282179
21.12394,22.78513,1.078640159,5164.74,0.88344,3.137238191,5.788909193,0.443975222,-3.064300579,-3.162999962
8.17918,12.64057,1.54545688,3188.26,0.78208,1.277025847,7.356995307,0.317461718,-3.268006546,-3.261414877
4.92442,8.0285,1.630344284,1089.31,0.59492,0.527626514,13.74091278,0.501649105,-4.440715946,-4.476205362
8.6918,15.32994,1.76372443,3810.93,0.80178,1.529250652,8.265682951,0.447052495,-3.341357328,-3.359017198
6.0607,9.54835,1.57545333,1627.71,0.67204,0.59897147,10.74441014,0.297167802,-3.788176378,-3.77323195
11.4227,21.22294,1.857961778,5266.95,0.87876,2.836347439,5.445357095,0.390244536,-3.091216593,-3.054926914
8.69877,15.29614,1.758425616,4036.57,0.7911,1.562000213,8.179362127,0.449205468,-3.339668982,-3.303497181
6.49372,12.18621,1.876614637,3198.25,0.73794,1.156874242,8.977343807,0.397155777,-3.521482749,-3.539392246
6.54223,13.78177,2.106585981,1380.02,0.7033,0.54761775,8.761403938,0.14802552,-3.633766857,-3.636171917
8.21524,14.56083,1.772416874,3596.15,0.77812,1.337794252,9.693592361,0.570549138,-3.399216308,-3.430978679
9.04538,17.4711,1.93149431,4389.36,0.82252,1.947138545,8.06516527,0.556571903,-3.265353082,-3.276954231
5.0137,9.18459,1.831898598,2010.84,0.65806,0.745618756,12.08034563,0.613840229,-3.785298382,-3.807214888
10.81342,16.73037,1.547185812,5151.66,0.84682,2.334773462,6.8255989,0.485893918,-3.163151939,-3.183126369
5.38233,8.44615,1.569236743,1093.28,0.6106,0.44248942,12.74564572,0.362388474,-4.066663889,-4.057751881
10.52183,32.67163,3.1051281,4599.44,0.85554,2.426299803,8.692568986,0.693903137,-3.374026404,-3.380398518
5.76764,11.27121,1.954215242,2853.46,0.71848,0.967367113,12.37554813,0.742017935,-3.721595069,-3.728893312
11.71453,20.10769,1.716474327,5688.29,0.87124,2.897816094,5.819597718,0.459226627,-3.103147126,-3.118114366
4.33752,7.76001,1.789043048,1449.58,0.60998,0.559014636,13.26823031,0.544170107,-3.992282153,-3.993234975
7.50721,11.17995,1.489228355,2659.73,0.74252,0.955643874,9.460380997,0.398516361,-3.447937057,-3.518485141
8.85807,15.50107,1.749937627,4226.92,0.81766,1.728317297,7.836541986,0.481378835,-3.261215309,-3.262098074
7.72252,12.88861,1.668964276,3897.39,0.77622,1.454050237,9.095476158,0.496368221,-3.47138105,-3.482374199
8.67204,16.1111,1.857821228,4012.37,0.8057,1.691598694,8.726197784,0.591653764,-3.294299659,-3.336846302
11.53735,15.60855,1.352871327,5015.94,0.8478,2.302177809,5.907974448,0.386933127,-3.074270207,-3.116687679
10.38272,12.9793,1.250086682,4180.15,0.80426,1.591358787,7.742128,0.464762458,-3.238381051,-3.273040241
13.58573,17.14941,1.262310527,5799.89,0.8834,3.294903976,5.708991194,0.489006106,-3.06462248,-3.052727191
10.98013,18.61783,1.695592857,5738.87,0.87258,2.831213498,5.471011153,0.4208856,-3.061645353,-3.08362672
5.89974,10.7427,1.820876852,2450.29,0.6826,0.894740223,11.15456039,0.526672901,-3.757138258,-3.76236448
5.20629,9.30375,1.787021084,2042.75,0.6664,0.757458649,11.470129,0.441531533,-3.866014914,-3.859617847
9.28681,17.04617,1.835524793,4052.04,0.82246,1.792621234,7.530059933,0.433101229,-3.262011495,-3.241660895
8.4849,13.11198,1.545331118,3970.33,0.79196,1.523503928,7.779573611,0.429965091,-3.279524939,-3.294473209
8.74535,14.23224,1.627406565,4511.06,0.82438,1.815483072,7.060673802,0.387317792,-3.270493732,-3.27662116
20.52132,21.92289,1.068298238,3867.37,0.86054,2.266433845,6.073717809,0.332626659,-3.136931657,-3.121234686
6.22727,11.19089,1.797078013,2037.28,0.70228,0.727874996,10.92046116,0.432281886,-3.750995311,-3.718845725
9.81513,13.09645,1.334312434,3651.32,0.80808,1.564839523,8.035168512,0.433884243,-3.3195269,-3.320754318
10.17332,15.50706,1.524287057,4587.9,0.83238,1.963336337,7.759174599,0.493398563,-3.280491945,-3.236965702
13.80255,21.94018,1.58957439,6094.97,0.89288,3.611068421,4.933345751,0.451853801,-2.976548398,-2.967892398
10.05184,14.97748,1.490023717,3973.92,0.80794,1.728742696,9.276802105,0.633320384,-3.349067006,-3.356830267
5.90786,9.93585,1.681801871,2800.67,0.70888,0.902490353,10.86163784,0.617556444,-3.506803671,-3.606482397
5.88719,10.335,1.755506447,1494.79,0.68402,0.518991183,9.324219048,0.174767688,-3.570193433,-3.598810829
13.04549,15.37767,1.178772894,4443.41,0.85924,2.184221564,6.937018611,0.414668488,-3.218552617,-3.179745909
13.52299,18.70156,1.382945636,3975.57,0.85086,2.07986937,7.410479977,0.450312179,-3.233167651,-3.166164827
7.85752,12.67085,1.612576233,3740.35,0.76518,1.344390467,10.61263055,0.764232462,-3.449690109,-3.383973101
10.19798,16.79743,1.64713306,4916.56,0.85346,2.248663517,6.149312508,0.370279444,-3.140317856,-3.091716743
10.73919,14.51674,1.351753717,4752.09,0.82858,1.957189289,7.159343776,0.444260119,-3.251136293,-3.275433508
8.44149,12.84097,1.521173395,3861.32,0.7796,1.414817839,8.472051428,0.437509892,-3.33859865,-3.326616048
8.56261,14.93134,1.743783729,3201.79,0.8028,1.238850653,7.438122786,0.278190606,-3.288299736,-3.28948586
8.91962,16.77445,1.880623838,4121.46,0.80946,1.70557336,6.998229874,0.348889453,-3.292742559,-3.302366916
7.95789,14.61949,1.837106318,3304.16,0.7785,1.248620663,7.648766623,0.318651881,-3.380696388,-3.393469903
7.82095,10.9703,1.40268126,3225.81,0.77218,1.15831807,7.007862466,0.260071989,-3.265553645,-3.375579978
14.0249,21.29097,1.518083551,5933.53,0.89946,3.874577848,4.847876481,0.45671047,-2.968396109,-2.989340019
7.20077,12.28034,1.705420393,3256.24,0.75488,1.220159923,9.092706269,0.499199322,-3.41010998,-3.398358613
14.28029,21.10184,1.477689879,6069.25,0.90128,3.972023781,4.77369994,0.46421881,-2.925507477,-2.98010234
13.55408,20.16749,1.48792762,5871.46,0.8863,3.425102216,6.236884934,0.522234548,-3.067087935,-3.120312716
8.32952,15.21287,1.826380152,3366.73,0.78076,1.235084655,9.471790105,0.480822412,-3.46028423,-3.474435397
9.3704,14.25028,1.520776061,3905.45,0.80276,1.562878425,7.465155115,0.328441488,-3.356956442,-3.350775373
6.32935,9.56255,1.510826546,2860.71,0.71666,0.908878771,10.07108875,0.443182718,-3.539116017,-3.537494811
7.04283,12.73459,1.808163764,1911.17,0.7074,0.715996251,9.509957773,0.239574252,-3.644986646,-3.623267337
23.91753,24.07387,1.006536628,5678.48,0.90668,3.871524219,4.447238294,0.421587918,-2.886094267,-2.903209134
3.8939,8.41635,2.161419143,858.22,0.58998,0.400790739,13.22284047,0.282629609,-4.534361277,-4.503341642
12.11089,14.34112,1.184150793,2753.49,0.76352,1.145090488,8.402356078,0.271783988,-3.483595681,-3.427907428
5.02569,10.59991,2.109145212,1407.93,0.6656,0.549152263,11.31995836,0.332197567,-3.849693614,-3.882570485
10.17317,15.76802,1.54996132,4426.43,0.83422,1.96233037,6.405422808,0.364633968,-3.179489441,-3.191216818
10.815,11.87043,1.097589459,3764.22,0.77696,1.38346593,8.365910586,0.502298847,-3.251451476,-3.290013537
11.10684,17.86899,1.608827533,5218.62,0.84934,2.382346836,7.09409288,0.503804702,-3.18846121,-3.202338186
5.33988,10.25014,1.919545009,1306.47,0.65172,0.514729809,11.66739212,0.297913476,-4.239336531,-4.215444413
9.29723,15.54653,1.672167947,4293.06,0.80218,1.741182089,8.751000541,0.584350726,-3.391243301,-3.378364802
4.75594,10.48131,2.203835625,1703.47,0.666,0.675895104,11.61176278,0.425603273,-3.987584585,-4.001761014
7.50087,11.25014,1.499844685,3304.11,0.75006,1.148575497,9.553914703,0.48517664,-3.481721515,-3.461226044
7.92788,14.20415,1.791670661,3824.04,0.7923,1.51038281,8.626073393,0.452305474,-3.439413138,-3.409618013
11.11474,19.04992,1.713933029,3274.68,0.83008,1.520733106,6.537640489,0.27108337,-3.219041186,-3.247579135
14.60761,16.18963,1.108301084,3591.01,0.82348,1.599474792,6.376268452,0.265413898,-3.234159643,-3.347031865
4.82481,8.16413,1.692114301,1651.96,0.62598,0.62423215,13.18038388,0.587921668,-4.086028143,-4.040999423
10.86159,15.5628,1.432828895,4586.46,0.83242,2.001664006,7.089820457,0.452988427,-3.249299471,-3.194606989
8.80005,32.30395,3.670882552,4338.07,0.84962,2.334691724,7.611111064,0.472317269,-3.304587276,-3.329716736
8.38768,14.42324,1.719574423,3938.83,0.8048,1.51758288,7.820550994,0.424835582,-3.339198775,-3.36360586
8.31551,16.88512,2.030557356,4857.35,0.82438,1.91934102,6.784016079,0.394518636,-3.241610975,-3.192008267
11.06218,20.08481,1.815628565,5310.29,0.87048,2.595410743,5.423658714,0.363879612,-3.113133889,-3.090884625
8.38078,14.25556,1.700982486,3960.38,0.7824,1.520294887,9.625783562,0.634324488,-3.404103963,-3.399238869
4.84607,10.11921,2.08812708,1768.86,0.6745,0.693829393,11.69394478,0.465434933,-3.822412286,-3.797509369
9.92843,16.71776,1.683827151,4694.49,0.83336,2.092381548,7.534681345,0.50807935,-3.272898513,-3.23084492
8.33442,12.23653,1.468192148,3500.36,0.78174,1.313934863,7.38740725,0.326132825,-3.352463136,-3.34068572
12.29498,20.38288,1.657821322,5594.09,0.88416,3.122375684,5.347622811,0.426132691,-3.058730094,-3.005962714
9.34947,14.72014,1.57443577,4459.69,0.8207,1.861326947,8.561380754,0.592795342,-3.337661739,-3.370572062
6.88737,13.38214,1.942997109,2728.15,0.73118,0.981180992,8.9348906,0.298497337,-3.513507717,-3.544274104
7.97845,12.53968,1.57169375,3254.92,0.76098,1.183001639,9.203285411,0.497918955,-3.379827476,-3.428089265
6.25166,11.52183,1.843003298,2584.17,0.72378,0.925774805,10.04937287,0.457397432,-3.591811619,-3.60489492
5.48438,10.2593,1.87063989,1891.65,0.6621,0.728234628,11.23966582,0.367193038,-3.868364883,-3.848014035
8.80224,16.41677,1.865067301,4143.3,0.80464,1.650269391,8.750761251,0.584245994,-3.319083103,-3.342354296
6.86543,11.00102,1.602378875,3186.24,0.75728,1.136239852,8.936123581,0.442140148,-3.386899459,-3.364202564
6.39786,14.20954,2.220983266,1908.64,0.7267,0.705917781,9.073587668,0.209126073,-3.56900348,-3.599426348
5.60073,9.66713,1.726048212,2133.66,0.66558,0.749653658,12.98303689,0.677153822,-3.873025775,-3.888642302
10.04056,15.99429,1.592967922,4928.41,0.8393,2.241223233,6.941174329,0.468925765,-3.204246943,-3.211382779
8.61131,14.85151,1.72465165,3337.86,0.79268,1.312790549,6.824694517,0.260878695,-3.321545681,-3.289417878
13.71015,19.01165,1.386684318,5935.71,0.90156,3.544369486,4.024137977,0.377742544,-2.899897806,-2.863751071
6.89552,12.56335,1.821958315,3042.61,0.73608,1.031006677,10.270055,0.576012122,-3.448155979,-3.472394263
6.40768,12.72855,1.986452195,3518.59,0.73596,1.233241003,10.29814554,0.565622073,-3.632011795,-3.639616751
6.16291,10.27528,1.667277309,1885.79,0.70638,0.663660193,10.03268073,0.271703416,-3.653071295,-3.669203897
13.44275,20.92627,1.556695617,5930.11,0.88838,3.496911989,5.141439364,0.454147967,-2.975943,-3.003540712
11.40217,13.15346,1.153592693,2107.71,0.70832,0.870735722,9.106303929,0.249863199,-3.68066273,-3.678523628
6.98834,11.83729,1.69386292,2711.41,0.7175,1.010348503,12.36875384,0.626675671,-3.644492571,-3.672066603
5.8194,8.33618,1.432481012,2762.38,0.68326,0.88896464,12.18321693,0.751194525,-3.786365344,-3.802863396
15.05112,23.07949,1.533406816,6881.09,0.91046,4.484803704,4.421207763,0.487086357,-2.894671527,-2.922410433
21.87267,23.61427,1.079624481,5727.07,0.89608,3.661369867,5.234797825,0.479794725,-2.961584704,-2.941002919
10.06116,17.06582,1.696207992,4651.45,0.81988,1.926708559,7.588373879,0.477641971,-3.289877461,-3.335830143
4.97266,8.0774,1.624362011,1835.36,0.64954,0.673047531,12.06535158,0.530898937,-3.832203111,-3.877618549
5.37053,11.40329,2.123308128,1624.52,0.6733,0.623068239,11.78975323,0.426922641,-3.794079208,-3.801301775
6.18448,12.91017,2.087510995,2859.93,0.7535,1.027864892,8.974520004,0.376119648,-3.503802004,-3.444343173
8.25335,13.15118,1.593435393,4248.44,0.7943,1.60282669,8.497022709,0.544940847,-3.347644392,-3.360053854
8.23222,15.505,1.883453066,3929.51,0.80336,1.53461753,8.214686129,0.47910692,-3.335713602,-3.31359026
12.67078,19.37922,1.529441755,5890.8,0.8917,3.388278388,5.235155593,0.441256052,-2.996667589,-2.99131827
11.10363,19.08269,1.718599233,3268.42,0.8294,1.513760547,6.543142586,0.273493762,-3.264814301,-3.230659041
6.84406,12.83993,1.876069175,3112.25,0.73902,1.121782174,10.3652945,0.498342948,-3.591806421,-3.640857885
10.40477,14.20525,1.36526324,4812.72,0.84996,2.113597537,6.371935484,0.389255147,-3.174116339,-3.152092898
11.02209,17.69786,1.605671883,5306.62,0.85658,2.513527472,6.017814984,0.436971075,-3.096258663,-3.104507741
8.64703,12.02511,1.390663615,3440.64,0.74956,1.196615581,10.43876135,0.569832698,-3.556231599,-3.551699685
8.78851,15.83247,1.801496499,4185.22,0.81928,1.680891573,7.19818591,0.394136595,-3.266928448,-3.250821735
8.41996,11.62058,1.380122946,4705.7,0.79994,1.696124912,8.286393899,0.515548961,-3.364091547,-3.346102731
9.46809,16.02848,1.692894765,4520.49,0.82522,1.944581249,7.17618297,0.456362148,-3.230082194,-3.249431284
8.20008,16.2714,1.984297714,4434.7,0.81142,1.778314478,7.608272748,0.446539072,-3.302245763,-3.292952759
10.5171,15.00469,1.426694621,4653.45,0.82886,2.028869149,7.094830468,0.436746361,-3.27647421,-3.207494672
8.7617,13.61712,1.554164146,4198.97,0.79584,1.546972495,7.752014959,0.4073186,-3.325927472,-3.311810602
5.09726,9.66544,1.896203058,2137.46,0.67,0.756341699,12.00701325,0.632417606,-3.70974072,-3.710316801
6.94584,13.21867,1.903106032,2350.27,0.72736,0.867052574,8.928931861,0.271240466,-3.47548796,-3.456351687
4.39437,7.67858,1.747367655,1401.76,0.59106,0.554928599,15.12704647,0.784040162,-4.203825235,-4.198216271
5.79395,12.04338,2.078613036,2749.77,0.71214,0.978613528,10.45882731,0.496494258,-3.64488024,-3.657378662
6.36095,9.32958,1.466696012,2368.3,0.71046,0.822786862,10.21822152,0.399810993,-3.686778054,-3.685028544
6.77458,14.17477,2.092346684,1802.65,0.72934,0.708117712,8.849889558,0.19292847,-3.604490983,-3.590706538
11.18822,16.84515,1.505614834,4437.15,0.83268,2.02702604,6.889510667,0.411453491,-3.199051927,-3.215544664
9.20703,12.03844,1.307526966,4283.82,0.79356,1.591078604,8.475371965,0.511391024,-3.368930394,-3.339917817
5.19461,8.09065,1.557508648,2443.16,0.6878,0.79336883,10.81129989,0.48163388,-3.779100856,-3.788351158
5.96809,9.84297,1.649266348,1498.63,0.66722,0.55803956,10.9932572,0.315445261,-3.829429518,-3.821067309
5.73613,9.70293,1.691546391,2376.29,0.67772,0.843085275,12.2818209,0.726987881,-3.748677372,-3.733568684
5.81246,9.04882,1.55679695,2500.37,0.6802,0.821619637,12.06402859,0.632141261,-3.797061688,-3.822872788
12.75708,20.52059,1.608564813,5886.82,0.8914,3.355858824,5.295302468,0.434271464,-3.019618067,-3.048842954
7.1823,11.27374,1.56965596,2944.54,0.739,1.01614418,9.41201105,0.462269577,-3.417426216,-3.407502509
5.71494,10.3068,1.803483501,2669.09,0.69706,0.893628859,11.38449324,0.582345345,-3.671513867,-3.693563433
4.11357,10.20828,2.481610864,1230.05,0.6354,0.509228464,12.30487647,0.382617821,-4.161732684,-4.121980426
8.49163,15.29386,1.801051153,4075.45,0.81332,1.693827356,7.977591198,0.484902699,-3.325003137,-3.321783251
4.49362,9.13292,2.032419297,1671.45,0.64378,0.674510708,12.45034612,0.498120151,-4.126287745,-4.119973742
10.60053,17.07601,1.610863796,4847.04,0.84066,2.158710105,6.822133728,0.455384722,-3.141134004,-3.225668682
5.00836,10.8141,2.159209801,1972.13,0.67726,0.762072582,11.09336743,0.428629188,-3.882669973,-3.854192712
7.2696,11.53694,1.587011665,3538.96,0.7562,1.190500555,9.641009103,0.494892749,-3.467071053,-3.464651586
5.92826,9.77102,1.648210436,1223.1,0.64252,0.443649621,11.52762124,0.247150059,-3.813760468,-3.834125403
5.9936,10.75657,1.794675988,3036.76,0.73026,0.961877126,10.53628686,0.553443901,-3.582568677,-3.569523001
7.88458,12.64465,1.603718904,3795.75,0.78336,1.429027486,8.31544793,0.45343801,-3.336012782,-3.36890523
5.91478,10.77922,1.822421121,2430.74,0.7163,0.87588117,9.746523392,0.412670391,-3.560211282,-3.553382539
4.62612,8.28883,1.791745566,1487.32,0.62004,0.591060313,12.04753882,0.416171123,-3.967197531,-3.973922429
8.04346,14.97937,1.862304282,3613.27,0.78368,1.387115445,8.282672313,0.373449537,-3.375572338,-3.393016332
7.1508,12.79845,1.78979275,2085.48,0.74106,0.771879609,7.505740782,0.189599742,-3.370824255,-3.322584563
10.06842,17.20544,1.708852034,4783.33,0.85192,2.240839184,6.390288603,0.409536875,-3.191626467,-3.144637097
5.10881,11.32995,2.217727807,1270.35,0.65754,0.481851958,10.42377026,0.206185014,-3.836761255,-3.811846867
7.4385,15.18153,2.040939706,3566.27,0.77506,1.39966194,8.480476446,0.361394896,-3.465208398,-3.4737048
15.8965,17.81691,1.120807096,4204.67,0.82752,2.00121884,7.386503133,0.431541814,-3.311116845,-3.261260326
8.50607,15.29989,1.798702574,3254.08,0.78706,1.259570082,6.910646324,0.247182371,-3.32905011,-3.352431642
14.49598,22.31237,1.539210871,6251.59,0.89158,3.577079856,5.134383825,0.469127868,-3.011071382,-2.986169084
5.07079,7.74357,1.527093411,1342.68,0.61204,0.61397217,14.61257168,0.683517839,-4.35788795,-4.214814168
13.13884,17.91679,1.363650825,4388.99,0.85464,2.104418185,6.309602412,0.349766552,-3.157813841,-3.134316635
11.40691,19.74992,1.731399652,5453.1,0.86098,2.683936532,6.607836471,0.491726098,-3.190026534,-3.172433313
5.63343,9.08382,1.612484756,1165.15,0.63912,0.435385642,11.48853967,0.239579543,-3.810027317,-3.83834498
4.22911,7.95434,1.880854364,1422.46,0.62202,0.592800846,13.01271696,0.493282992,-4.10670549,-4.148398982
14.6582,20.971,1.430666794,5987.54,0.89326,3.642881321,5.014260587,0.456949656,-2.988318365,-3.015206482
15.52227,24.25419,1.562541432,6278.98,0.91262,4.639088266,4.346834839,0.479212687,-2.854759301,-2.897084465
6.1889,12.01675,1.941661685,1629.47,0.69642,0.579345801,9.820321281,0.228341559,-3.599817202,-3.612061966
8.87065,14.19466,1.600182625,3097.84,0.76806,1.20538804,8.111461044,0.317439458,-3.397267821,-3.419430642
7.35505,13.61157,1.850642756,2911.95,0.75478,1.083619511,7.133773287,0.250667593,-3.313370768,-3.296143772
9.637,14.13205,1.46643665,4530.05,0.81446,1.847983682,7.150714029,0.415546166,-3.260794384,-3.256151784
12.41399,18.14251,1.461456792,3565.1,0.84846,1.822947664,6.338356526,0.294984829,-3.170073651,-3.178067143
12.02399,16.63934,1.38384513,4600.48,0.85096,2.185916998,6.428907151,0.388120029,-3.141339141,-3.16229467
9.33759,15.98416,1.711807865,4573.72,0.81158,1.901319196,7.716113723,0.482526824,-3.336375851,-3.300467771
8.40924,12.46669,1.482499013,4261.21,0.79256,1.490104948,7.3780073,0.418513069,-3.236361425,-3.239977087
5.2292,10.39664,1.988189398,1738,0.68306,0.638851478,11.05716293,0.372664127,-3.705062962,-3.681828493
7.84569,11.96492,1.525030941,3998.57,0.78028,1.410423264,10.40471999,0.580001212,-3.438220585,-3.480613704
6.17576,8.45238,1.36863803,2408.53,0.69258,0.809436767,10.05339635,0.411330144,-3.62212293,-3.625963064
5.39776,10.50912,1.946940953,2864.02,0.70002,0.91575911,11.58763436,0.735481095,-3.629360191,-3.644118475
4.55289,9.62457,2.113947405,1211.73,0.61472,0.530164124,13.12630184,0.417819436,-4.379460132,-4.380960723
8.03831,10.38134,1.291482911,2620.78,0.6973,0.907633073,11.74044766,0.664195521,-3.651935227,-3.69984465
8.36289,13.21859,1.580624641,3847.43,0.80056,1.442325709,6.95530055,0.333709799,-3.247749754,-3.276352878
18.77218,20.79993,1.108018888,5906.83,0.89306,3.34519493,4.897352079,0.415961204,-3.016294666,-3.025513472
30.99005,31.36351,1.012050965,6314.26,0.93196,5.964009625,3.859879882,0.531470776,-2.698019101,-2.67482151
8.17071,16.85434,2.06277545,4181.6,0.8183,1.822973521,8.195733996,0.527071572,-3.28208761,-3.254372771
7.00865,14.13443,2.016712206,3646.82,0.77028,1.359098592,8.640383171,0.461063552,-3.437399484,-3.421005238
11.11929,20.16092,1.813148142,5712.54,0.8769,3.13262481,5.826910862,0.476060248,-3.063723785,-3.08584429
5.08641,9.90533,1.947410846,1587.42,0.64998,0.627836217,12.23849022,0.426829727,-3.912489155,-3.891450588
5.22002,8.19768,1.570430765,1676.92,0.61562,0.646273393,13.58393269,0.703717431,-3.953772269,-3.958701514
5.33137,9.42428,1.767703236,2244.08,0.6717,0.7697147,12.57342818,0.64491406,-3.848835809,-3.822585599
3.9367,8.17937,2.077722458,813.479,0.57986,0.362804783,13.87319969,0.331148622,-4.427222192,-4.429212084
8.80661,16.3159,1.852687924,3953.13,0.80416,1.632328284,7.966002613,0.444922318,-3.369005833,-3.329389462
9.655,16.44859,1.703634386,4398.56,0.81982,1.924405885,7.62014677,0.508784795,-3.232301053,-3.245780844
8.53186,8.97102,1.05147295,2862.83,0.7192,0.951165482,9.907979402,0.539484319,-3.3424655,-3.371850899
9.44881,15.74166,1.665993919,4540.69,0.83514,2.009228874,7.015949213,0.410438525,-3.248881568,-3.209693003
8.1461,13.39804,1.644718331,2789.03,0.75382,1.062420106,8.268559656,0.268269489,-3.4901324,-3.510303156
5.82473,9.75436,1.674645863,1945.99,0.65932,0.743671707,11.28884924,0.430204512,-3.715582249,-3.70189348
8.34623,15.09613,1.8087364,4198.41,0.79876,1.615631226,8.228842141,0.491942031,-3.370688522,-3.34107998
13.51217,18.42751,1.363771326,5386.66,0.8722,2.887104355,6.425643032,0.494089552,-3.116106889,-3.116994029
8.29216,15.76277,1.900924488,3582.05,0.77692,1.385140917,7.739444773,0.33465777,-3.384901556,-3.404439582
7.5363,10.16803,1.349207171,3252.49,0.72872,1.081161278,9.78529151,0.532137006,-3.50640488,-3.490223839
10.28887,17.972,1.746741868,5038.2,0.85556,2.352016187,5.943761415,0.395680823,-3.154849443,-3.169998707
6.23677,10.63378,1.705013974,2665.68,0.71734,0.950845878,10.24869301,0.490714419,-3.634784436,-3.640477916
7.07119,13.16539,1.861835137,3076.9,0.72906,1.11501615,9.776271208,0.456216439,-3.597579306,-3.59800033
4.65431,9.24403,1.98612254,1096.94,0.61304,0.448686233,11.73556554,0.244648051,-3.959467362,-3.95690293
5.60661,9.22564,1.645493444,1520.94,0.6521,0.580935412,11.77756086,0.362870534,-3.995597884,-3.981959854
4.30542,9.2344,2.144831399,1491.92,0.62372,0.598596889,12.85114072,0.540666164,-3.923269176,-3.942746199
11.0682,16.92314,1.52898755,4436.75,0.83888,2.061109965,6.94659438,0.435757637,-3.193857839,-3.206581226
6.13573,9.44714,1.539692913,2090.39,0.70466,0.747536448,9.920536756,0.290199862,-3.707454809,-3.654833503
8.74071,15.3753,1.759044746,3325.38,0.78776,1.343312342,7.495286752,0.307680987,-3.325833945,-3.352604272
5.29389,9.40731,1.777012745,1714.93,0.6384,0.674959877,11.32340994,0.299291067,-4.042177121,-4.046397963
5.68104,10.27927,1.809399335,2883.08,0.715,0.966062168,10.26464057,0.490946999,-3.579820524,-3.576186751
9.06688,15.40368,1.69889532,3648.49,0.77908,1.383540577,8.012451032,0.353424474,-3.361262905,-3.430141021
18.97336,21.70165,1.143795827,6105.95,0.8969,3.727624486,5.286950678,0.485661447,-2.990301211,-3.030788919
4.36882,10.65557,2.439004125,1416.72,0.66072,0.594761005,11.48791341,0.339814655,-4.078040689,-4.106459622
8.68596,14.91592,1.717244841,3467.42,0.8036,1.358235443,8.274722415,0.378988792,-3.414489782,-3.408021002
14.67225,22.89475,1.560411661,5985.42,0.89862,3.968433418,5.205791471,0.496333097,-2.974731238,-2.980458566
13.05329,20.05576,1.536452496,5714.97,0.87688,3.074237033,5.93817306,0.469374893,-3.081690838,-3.034798967
9.53667,15.96284,1.673837933,4135.82,0.8115,1.711624493,8.380437541,0.49531725,-3.334126049,-3.323446673
8.00634,12.28376,1.534254104,3446.92,0.75242,1.19935475,9.68912212,0.509284574,-3.530259727,-3.463743845
8.50748,14.86184,1.74691448,3314.84,0.8033,1.376223019,6.612473979,0.26422242,-3.222077865,-3.262432169
12.30826,20.87794,1.696254385,5671.39,0.88052,3.171970576,5.444395502,0.447627083,-3.053067881,-3.097412968
23.6919,24.61896,1.039129829,5714.66,0.90714,3.911148286,4.559623471,0.426178693,-2.875791416,-2.825205425
8.55493,15.02847,1.75670286,4076.81,0.80656,1.644067935,7.551210593,0.40560497,-3.300185932,-3.334039465
9.05593,11.99176,1.324188681,4453.16,0.80138,1.502267329,8.24508565,0.512379839,-3.356649272,-3.420086056
4.2586,7.01825,1.648018128,1158.22,0.6074,0.537469804,12.60759952,0.387822874,-3.911374208,-3.868887689
11.58989,19.21566,1.657967418,5392.13,0.8621,2.759744417,6.207362531,0.475825272,-3.166326567,-3.156968424
11.99233,20.56378,1.714744341,5878.55,0.88,3.162953192,5.41494551,0.452086299,-3.059956602,-3.03516979
8.15438,15.56367,1.90862702,4122.85,0.7969,1.641610257,8.226711476,0.451550008,-3.405689879,-3.409062857
7.18672,13.92209,1.937196663,1905.04,0.74048,0.754111316,8.509820178,0.187835666,-3.559665864,-3.574404825
10.45217,17.19947,1.645540591,4857.03,0.83772,2.14887608,6.904601093,0.439908193,-3.221056963,-3.216247074
6.55309,9.8834,1.508204526,2377.86,0.68074,0.833560885,11.68631082,0.542567214,-3.839650021,-3.797176593
4.24007,7.29746,1.721070643,1201.98,0.58758,0.530503165,15.44204251,0.720458126,-4.469988963,-4.458164399
17.33022,19.04114,1.098724656,3237.79,0.81136,1.627984903,7.190658918,0.272320867,-3.343304149,-3.315242306
6.44346,10.02695,1.556143749,2953.81,0.71552,0.979241482,10.67568679,0.552407715,-3.597618819,-3.590648614
9.32387,16.13691,1.730709459,4017.76,0.81904,1.659877511,7.223985089,0.383316555,-3.231387533,-3.231349792
12.0509,32.87743,2.72821366,4760.04,0.865,2.638667305,7.803461901,0.612852656,-3.244085012,-3.20826564
9.66184,13.61378,1.40902561,4889.42,0.8232,1.882413203,7.691766868,0.457583581,-3.350362934,-3.32488
6.10974,10.12495,1.657181811,2624.11,0.69624,0.897080083,10.79119928,0.53707172,-3.590626507,-3.633580826
4.09567,8.16224,1.992894935,578.387,0.56114,0.463813397,14.97064135,0.463648383,-4.803771402,-4.733800004
6.63467,11.20633,1.689056125,3150.91,0.7368,1.126374718,10.01864531,0.508745705,-3.578490165,-3.582323007
4.71896,10.10497,2.141355299,1901.56,0.65814,0.686399765,11.78226411,0.531279291,-3.913314417,-3.866908377
5.56875,8.59092,1.542701684,1820.05,0.64714,0.647141941,11.81640905,0.527773786,-3.653900279,-3.620876861
9.13449,15.14106,1.657570373,3853.75,0.8195,1.614352073,6.875897532,0.304886465,-3.283460502,-3.225123103
8.51303,14.82756,1.741748825,3723.39,0.78552,1.46061733,8.458942803,0.449186235,-3.333332972,-3.364076538
8.44499,15.23835,1.804424872,4044.42,0.81326,1.633826472,6.931552455,0.357417255,-3.219946277,-3.239516725
5.4323,9.16694,1.687487804,1468.45,0.6261,0.584413766,12.54113823,0.445000675,-3.963418548,-3.921340306
8.64771,15.64821,1.809520671,4032.14,0.82136,1.687405883,8.044629704,0.481808314,-3.280780775,-3.321169161
9.94722,15.84076,1.592481115,4500.79,0.83676,1.961780035,7.089689342,0.436470211,-3.234561595,-3.220115737
5.4761,10.04076,1.833560381,1930.99,0.65818,0.690100603,12.29388606,0.601056005,-3.737771144,-3.777886025
7.99613,12.36709,1.546634434,3546.76,0.76432,1.262364423,9.019956881,0.445129272,-3.444754292,-3.475860321
7.21943,14.4267,1.998315656,1832.29,0.7336,0.6966497,8.757077722,0.189773969,-3.557733963,-3.53581718
11.61607,18.9689,1.632987749,5016.83,0.8502,2.376108124,6.206434324,0.414360533,-3.116710512,-3.14745755
7.98697,14.41313,1.80458046,2461.85,0.75056,0.93630048,9.918668218,0.4148709,-3.475643828,-3.468368074
6.61211,9.67481,1.463195561,2783.32,0.7229,0.928926639,9.803761352,0.394021609,-3.5686291,-3.617604468
6.43402,10.40519,1.617214432,2246.32,0.68306,0.828475714,9.855666884,0.325890822,-3.732622602,-3.719528281
9.80052,16.20056,1.653030656,4341.44,0.81906,1.817080638,7.683194953,0.454003046,-3.320102993,-3.347942404
9.26225,14.84396,1.602630031,4199.21,0.81496,1.669952092,8.341928474,0.496452506,-3.346945966,-3.294814297
9.18536,16.94498,1.844781261,4999.53,0.83952,2.087195195,6.056916115,0.370950483,-3.124820681,-3.158054025
15.25605,46.60226,3.054674047,5994.94,0.91708,4.834548455,5.356641123,0.56560349,-2.907238785,-2.917807343
11.32268,18.62739,1.645139667,4708.49,0.85558,2.337158576,5.922236107,0.36689436,-3.122443491,-3.139084288
9.72367,16.94099,1.742242384,4844.07,0.8362,2.173896089,7.129855063,0.472924605,-3.232240668,-3.245302881
7.51366,12.46837,1.659426964,3496.58,0.75614,1.233893813,9.39049506,0.503148193,-3.46935975,-3.50179333
11.28046,18.56743,1.645981636,4923.05,0.8507,2.429349813,6.596300817,0.447009379,-3.174276555,-3.191637928
7.02636,9.31768,1.326103416,943.831,0.54152,0.485907847,14.08589527,0.784968033,-3.231837261,-3.394519595
3.8442,4.49857,1.170222673,246.233,0.4563,0.287596117,23.39471099,1.528352524,-4.15858495,-5.128722955
4.58071,5.07924,1.108832474,782.685,0.53294,0.388160147,18.97969677,1.800042279,-3.268639943,-4.03687037
5.92782,9.02838,1.523052319,1322.94,0.63332,0.547641489,10.9426867,0.370695273,-4.052729151,-3.976149751
4.14383,5.43686,1.312037415,1063.67,0.5272,0.492411152,19.74907399,2.245238148,-4.487761248,-5.177774319
5.41814,6.73498,1.243042815,1137.36,0.53754,0.510969582,17.16933506,1.966643559,-3.350170939,-3.806550463
5.9406,11.23796,1.891721375,3836.12,0.746,1.24424163,10.45497416,0.827771809,-3.50946659,-3.526490193
4.42032,5.45833,1.23482689,998.673,0.53636,0.441619392,17.17817719,1.590651981,-3.087262534,-3.548148467
4.69467,5.87443,1.251297748,1946.76,0.61004,0.564935546,13.1286597,0.940549013,-3.330631544,-3.483919761
3.99236,4.43033,1.109702031,247.782,0.55642,0.415303891,18.84919393,0.654083269,-3.694017744,-4.035601646
3.88819,5.32446,1.369392957,319.444,0.47876,0.204562448,13.80314506,0.195200042,-3.942228752,-4.0694538
6.67891,10.60386,1.587663256,2527.23,0.72914,0.949171164,19.26278708,1.401992912,-3.946064921,-3.688002114
4.44571,5.35231,1.203926932,2040.14,0.6374,0.663163228,17.54422744,2.855988314,-3.597094908,-3.875064634
7.63034,8.63632,1.131839472,2730.61,0.6691,0.860515692,15.73839053,1.806338231,-3.742418099,-3.719728006
8.47192,9.44546,1.114913739,2706.32,0.68758,0.911268059,15.51369149,1.66735693,-3.837758081,-3.804797285
7.4101,12.83987,1.732752594,4467.32,0.80556,1.541827202,12.16396264,0.873292549,-3.58683562,-3.515092915
5.74363,9.28847,1.617177639,1457.41,0.58692,0.634199579,16.00500812,2.151007922,-3.369104044,-3.645194676
5.94989,9.17575,1.542171368,1464.9,0.58758,0.632457271,15.93318054,2.155366035,-3.294089347,-3.627322244
5.87566,9.14672,1.556713629,1476.64,0.5921,0.639901264,15.94294065,2.138378545,-3.265124456,-3.619626429
8.17399,9.60031,1.174494953,4733.42,0.77984,1.483031025,10.16549018,0.89570046,-3.475884948,-3.500096407
6.89092,13.27896,1.927022807,2039.84,0.72896,0.825481019,18.97586842,0.926208555,-4.134574635,-3.860202168
6.64307,13.18363,1.984568882,2173.22,0.72136,0.818114286,17.07220226,0.909478514,-3.991031819,-3.850723139
4.27188,5.51513,1.291031115,796.329,0.5199,0.486743063,21.59392846,2.548502771,-3.546742189,-4.424051966
5.65011,7.39529,1.308875402,2830.42,0.69384,0.884117011,13.59007948,1.309844824,-3.588435331,-3.653741139
4.66315,5.64071,1.209635118,1053.73,0.5456,0.466847496,16.76154647,1.131350333,-3.831637219,-3.942504584
6.07292,8.33531,1.372537428,1887.56,0.62626,0.722277389,17.28468242,1.411838332,-4.047192674,-4.007195077
8.59079,19.43102,2.261843207,4036.3,0.8236,1.835336694,8.194099543,0.563539447,-3.250285207,-3.285248254
5.15214,5.93254,1.151471039,1685.67,0.63358,0.586485236,14.75214092,1.321485418,-3.716472209,-3.8389952
3.98335,5.63742,1.415245961,447.081,0.4978,0.413310971,25.33698121,1.607605822,-4.436423517,-4.510265723
5.1054,5.28515,1.035207819,799.331,0.57306,0.427063926,19.26490964,1.852630367,-3.156425571,-4.141492853
6.18035,6.5178,1.054600468,4786.42,0.71052,1.088897846,14.52739256,2.644421494,-3.240988304,-3.374854114
4.7152,7.1658,1.519723448,811.145,0.52794,0.373387462,16.28226025,1.059223534,-3.931194321,-4.240078355
3.85621,5.54342,1.437530632,948.983,0.5495,0.432010441,18.70402685,1.524853408,-4.299487997,-4.59267866
4.52059,7.01246,1.55122672,719.444,0.54492,0.349630428,17.09498413,1.240145995,-3.559210639,-3.945920268
4.25399,5.10735,1.200602258,420.659,0.4736,0.349213606,19.44894238,1.042600425,-3.853387944,-4.87364166
13.44364,15.14217,1.126344502,2383.52,0.7101,0.997139595,15.81189454,1.634025599,-4.003975364,-4.004568468
4.10328,5.08195,1.238509193,271.555,0.47618,0.328730998,24.92215416,2.351310781,-3.424746821,-4.473933108
4.69116,7.31017,1.558286223,1496.68,0.58784,0.552086855,15.55905297,1.184095558,-3.805026436,-3.9392298
4.12791,4.5434,1.100653842,429.914,0.49474,0.421870337,23.96583955,2.308591891,-4.143772369,-5.437141763
5.76129,9.22988,1.60205093,2037.53,0.6421,0.805408694,16.07186786,1.429450933,-3.875523397,-3.923783458
4.25257,5.15578,1.212391566,946.42,0.56682,0.551697959,19.91389965,2.04368851,-4.13087927,-4.28265983
6.6824,13.29046,1.988875254,2165.27,0.7205,0.814031393,18.54553965,0.951460546,-4.173806533,-3.872261309
6.68848,13.27819,1.985232818,2157.24,0.7204,0.812507472,18.488179,0.959000237,-4.083921962,-3.89545975
6.68627,13.28015,1.986182131,2159.05,0.7205,0.812805437,18.47656814,0.951490253,-4.050129413,-3.886264374
6.68243,13.28501,1.988050754,2160.32,0.72034,0.81313588,18.44865996,0.955662753,-4.18496378,-3.866271467
6.68152,13.28667,1.988569966,2162.54,0.72032,0.813251924,18.55813882,0.953671758,-4.046113633,-3.90847741
6.68065,13.28765,1.988975624,2163.39,0.72048,0.813581371,18.43230168,0.955911385,-4.147604184,-3.895957236
6.68351,13.2906,1.988565888,2162.27,0.72032,0.81373517,18.43046595,0.95323649,-4.021915585,-3.901682832
6.68263,13.29232,1.989085136,2163.77,0.72044,0.814019705,18.43117202,0.956323404,-4.117548559,-3.928943107
6.68187,13.29109,1.989127295,2163.28,0.7204,0.813788772,18.4229549,0.950762439,-4.187716197,-3.879470545
6.68351,13.2906,1.988565888,2160.98,0.72032,0.81373517,18.42662033,0.953868727,-4.087113129,-3.910002052
6.68503,13.28991,1.988010525,2162.73,0.72042,0.813857333,18.41964029,0.949922901,-4.115589055,-3.865640686
6.68379,13.28599,1.987792854,2162.27,0.72046,0.81341917,18.55828712,0.951422444,-4.228492326,-3.893600278
6.68934,13.28076,1.985361785,2158.07,0.72058,0.813100237,18.63290852,0.960235648,-4.127596801,-3.888536614
6.6901,13.26684,1.98305556,2157.74,0.72064,0.812990887,18.60853624,0.953771211,-4.144687863,-3.864588292
6.6936,13.27658,1.983473766,2157.16,0.72074,0.81287169,18.65736597,0.961410355,-4.098580574,-3.917887691
6.69379,13.27227,1.982773586,2156.02,0.7207,0.812511344,18.67835207,0.9650688,-4.123058189,-3.922721634
6.69333,13.27228,1.982911346,2157.63,0.72098,0.812715232,18.66334459,0.962847901,-4.048133283,-3.886967708
6.69949,13.26803,1.980453736,2155.08,0.72078,0.812183999,18.70440118,0.963515656,-4.12061802,-3.842171882
6.69376,13.27475,1.983152966,2162.17,0.72116,0.813745525,18.6434083,0.96364869,-4.162328335,-3.889501858
6.68947,13.26122,1.982402193,2153.3,0.7207,0.811286644,18.73508562,0.968475384,-4.148790454,-3.879259338
6.69886,13.26005,1.979448742,2150.75,0.72072,0.81124432,18.77844398,0.968033658,-4.267907216,-3.895022173
6.68165,13.2499,1.983028144,2152.63,0.7205,0.810246099,18.57916414,0.970732448,-4.14528396,-3.912897089
6.68893,13.24907,1.980745799,2158.46,0.7211,0.811245612,18.60658187,0.973805154,-4.102686865,-3.92210445
6.68273,13.22867,1.97953082,2154.54,0.721,0.810530375,18.57276877,0.967341363,-4.147800445,-3.862391804
6.6779,13.21932,1.979562437,2163.13,0.72114,0.810956698,18.51500312,0.97699475,-4.261468368,-3.867874494
6.68001,13.20191,1.976330874,2165.87,0.72124,0.81157933,18.58242001,0.981345491,-4.178590667,-3.91033349
6.6647,13.20044,1.980650292,2158.16,0.72086,0.811040392,18.5194661,0.966917074,-4.180558645,-3.877296224
6.68747,13.2125,1.975709798,2159.26,0.72046,0.810710753,18.55025678,0.963792058,-4.075091213,-3.861414521
6.67871,13.19539,1.975739327,2164.76,0.72148,0.811534343,18.62463635,0.983884768,-4.141426629,-3.910197157
6.67524,13.31856,1.995218149,2148.4,0.71742,0.810977622,18.6227891,0.915222887,-4.108232283,-3.869760568
4.48624,6.11281,1.362568654,903.16,0.5644,0.481204546,17.57700929,1.354056898,-3.616836421,-4.156659708
6.88541,7.36509,1.069666149,1834.02,0.65136,0.681922398,15.55668959,1.434800729,-3.705669176,-3.797421603
4.15814,6.82504,1.641368496,1877.18,0.64242,0.650653368,16.0277146,1.483489365,-3.81500171,-3.901112587
5.20644,6.87938,1.321321287,1924.71,0.6477,0.663454388,18.01708854,2.127079079,-4.08328018,-4.039737081
6.08004,7.25048,1.192505312,1046.23,0.54556,0.498720199,17.05160987,1.495776633,-3.460010489,-3.71290211
5.8712,7.17371,1.221847323,1010.39,0.54822,0.495109594,17.24177461,1.527972754,-3.495418428,-3.716938441
4.7264,5.41735,1.146189489,1251.48,0.61704,0.484751355,16.88716305,1.546895866,-3.419753569,-3.589053004
8.07627,10.10393,1.251063919,2111.24,0.68152,0.855687487,21.57824746,1.402437623,-4.384666625,-4.089989454
6.68014,13.15947,1.969939253,1222.53,0.59602,0.570829303,18.64032644,1.319292654,-4.454615352,-4.504766114
4.56576,5.61478,1.229758025,359.423,0.4523,0.342091729,18.65132293,0.738726349,-3.482709781,-4.003205913
3.82785,4.75958,1.24340818,285.583,0.44576,0.251907275,21.92196073,1.318246838,-3.987111298,-4.643825139
3.84263,4.78039,1.244041191,281.889,0.44718,0.25322061,21.87704965,1.333003762,-3.996232723,-4.561303099
3.9124,5.0284,1.285246907,1117.31,0.59542,0.488273306,17.23056533,1.54077771,-4.227434276,-4.468266875
3.95835,5.08043,1.283471649,1177.67,0.60324,0.501292204,17.15301069,1.594291368,-4.081350604,-4.296520383
3.9622,5.05926,1.27688153,1159.88,0.60142,0.496996141,17.17764272,1.577104615,-4.198291797,-4.380844408
3.81551,4.99541,1.309237821,1069.88,0.58936,0.478217476,17.19113914,1.439222383,-4.280169028,-4.480460312
3.87283,5.01407,1.294678568,1086.67,0.5972,0.487076805,17.23162371,1.489580898,-4.265847003,-4.504660205
3.8892,5.04935,1.298300422,1096.94,0.5921,0.486736212,17.19574935,1.528949673,-4.178784106,-4.442304642
3.8343,5.00423,1.305122187,1035.09,0.59216,0.482966177,17.21720627,1.485735989,-4.255577689,-4.486247886
3.92518,5.0496,1.286463296,1091.56,0.5992,0.495161597,17.18347085,1.565577765,-4.121627521,-4.384949964
3.95879,5.07683,1.282419628,1109.78,0.60182,0.500112185,17.15339528,1.59255739,-4.147741072,-4.262536525
5.55983,9.76192,1.755794692,1447.81,0.67032,0.602237096,19.79899828,0.767750318,-4.073377696,-3.97611325
6.57125,11.8886,1.809183945,3167.22,0.74292,1.147744355,11.8362539,1.030612524,-3.598674036,-3.599590747
6.08499,10.32117,1.696168769,2289.94,0.6888,0.805892091,14.16962871,1.377599029,-3.771836799,-3.842438275
6.46763,9.93002,1.535341385,2600.05,0.7304,0.917625982,10.62567597,0.68896046,-3.462393115,-3.502297872
4.34715,4.86021,1.118022152,1198.3,0.60418,0.362133554,12.33547782,0.311060102,-3.540591092,-3.619765177
4.34562,4.86217,1.118866813,1180.22,0.60396,0.361813019,12.35551441,0.312114474,-3.550853908,-3.613626267
6.05366,6.93958,1.146344525,3396.24,0.72642,0.988196116,11.87826098,1.158160095,-3.507222044,-3.525352746
5.56918,6.7277,1.208023443,2328.01,0.67698,0.766967534,13.46687605,1.428057314,-3.433114263,-3.571799507
5.62808,6.82996,1.213550625,2213.01,0.67536,0.744730943,12.93845543,1.153151801,-3.422082192,-3.50121915
3.99598,4.7722,1.194250221,259.17,0.463,0.295130036,19.47252288,0.723656854,-3.499454687,-3.949312817
5.44672,6.48283,1.190226411,1248.8,0.61138,0.493155768,16.2828783,0.850290009,-4.475474746,-4.404505221
4.25071,5.89224,1.386177839,2128.06,0.66434,0.725637502,10.75595395,0.379153836,-3.582958891,-3.622037163
3.88732,4.53313,1.166132451,713.68,0.52178,0.450229524,21.9804041,2.747512301,-4.324340436,-4.63531405
4.77192,6.08213,1.274566631,1352.41,0.58448,0.577623608,19.09004743,2.64678555,-4.19193078,-4.486047385
4.27339,7.95641,1.861849726,897.294,0.60254,0.572642343,17.44498253,1.749544914,-4.451439149,-4.440651559
6.29526,7.54735,1.198894089,1151.6,0.56566,0.543068356,15.16705377,0.872343613,-4.263947138,-4.10504796
6.64177,6.98757,1.052064435,900.956,0.57482,0.369811369,14.97339357,0.934751439,-3.225608072,-3.481904244
6.59787,6.97041,1.056463677,837.616,0.55954,0.343465717,15.55064859,1.041377934,-3.113601484,-3.485205729
6.59754,6.98007,1.057980702,838.067,0.56018,0.344171244,15.51556646,1.039609275,-3.083820948,-3.539075418
6.78821,7.13111,1.050514053,928.636,0.57888,0.38406624,14.32443229,0.825113651,-3.200081669,-3.403180667
6.70514,7.05454,1.052109277,847.207,0.55176,0.340988307,15.1951079,0.95866391,-3.12837634,-3.555751139
6.73356,7.07406,1.050567605,860.908,0.5552,0.344707694,15.12779745,0.950485133,-3.13784539,-3.497476463
5.19916,6.77782,1.303637511,1512.39,0.5933,0.524237016,13.91251618,0.97091851,-3.598189366,-3.641217697
4.90776,5.78746,1.179246744,1905.77,0.67126,0.656065522,13.42296303,0.786879471,-3.821773944,-3.896158535
8.07829,10.22426,1.265646566,2748.7,0.72564,0.91796576,13.10443517,0.997445772,-3.755021391,-3.695463069
4.67292,6.08923,1.303088861,1515.01,0.60892,0.648087147,17.41730723,2.659918042,-3.429852345,-3.783074872
5.35648,5.82969,1.088343464,1195.57,0.57464,0.578571393,17.45733329,1.98456518,-3.433102147,-4.076906894
4.72527,6.06958,1.284493796,1570.14,0.61142,0.6535903,17.34820714,2.678484116,-3.501195263,-3.772523205
5.38954,5.90692,1.095997061,1169.95,0.57766,0.584802189,17.33863975,1.933920643,-3.402303169,-4.019679796
9.26877,9.52896,1.028071686,963.15,0.55786,0.495373577,12.2180112,0.52678812,-2.928197706,-3.032661474
5.1748,6.93055,1.339288475,629.126,0.48148,0.398226722,18.10066121,1.104382092,-3.92648374,-4.256682755
4.44867,6.60215,1.484072768,547.678,0.46904,0.374941046,18.45698861,0.910953376,-4.095480286,-4.500114401
4.98271,6.87089,1.378946397,629.45,0.48072,0.394605288,18.09583632,1.043714769,-3.953517573,-4.261543079
11.34151,12.3272,1.086909944,1162.17,0.61508,0.720084104,28.8147664,1.835005513,-5.38852249,-4.18155176
4.01037,4.88805,1.218852625,527.886,0.49632,0.346280236,19.48521286,1.293795151,-3.256645637,-4.098391962
4.785,5.05411,1.056240334,315.48,0.41298,0.294663689,23.94982277,1.668192566,-3.137457822,-3.923855059
4.01377,4.79857,1.195526899,1178.23,0.59212,0.493511473,17.89272499,1.719146632,-3.830062552,-4.065878502
3.85637,4.77299,1.237689848,917.917,0.56174,0.562457696,21.47951703,2.531078196,-4.700012072,-4.956766743
4.91725,5.43148,1.104576745,244.063,0.40428,0.247720588,18.91720789,0.439511676,-3.03754978,-3.552770407
3.98785,4.99635,1.252893163,1113.37,0.60038,0.447643901,12.49128979,0.332953575,-3.884756598,-3.929791656
7.91583,15.05124,1.901410212,3648,0.80898,1.363438715,7.515068882,0.405952036,-3.506492437,-3.488565128
5.6073,15.04959,2.683928094,2577.02,0.75316,1.056470595,10.59905394,0.723450041,-3.878592543,-3.860897888
10.62864,20.93415,1.96959818,4789.57,0.86214,2.308872719,7.403633482,0.591882974,-3.340548466,-3.34568791
5.63757,6.13983,1.089091577,1177.67,0.58538,0.52271672,15.47297108,1.230510505,-3.233667333,-3.594147814
6.13196,10.28948,1.678008337,1430.73,0.62594,0.687720701,19.02390484,1.795883062,-4.472325508,-4.366197641
8.68741,10.25144,1.180034095,1547.17,0.64836,0.764604325,23.19041018,1.595607457,-4.593143259,-4.258050368
9.35673,10.61507,1.134485018,1791.62,0.66048,0.809480213,22.29574398,1.568179586,-4.670125754,-4.314915184
5.11285,5.96917,1.167483889,1415.3,0.61342,0.507730764,13.37786494,0.885896962,-3.381060946,-3.466862405
6.31093,9.43184,1.494524579,1216.69,0.60842,0.492265122,16.57982935,0.503950087,-4.242529198,-4.087292514
8.70015,10.26084,1.179386562,2941.68,0.74692,1.097504709,13.28235243,0.744917829,-3.687586822,-3.839975984
5.28936,7.0311,1.329291256,1528.2,0.62802,0.604830788,16.87434099,1.613211601,-4.053243005,-4.102277928
11.69295,18.47947,1.580394169,4502.99,0.84824,2.202425618,7.98703217,0.609904034,-3.302820045,-3.304404649
4.66761,6.30224,1.350207065,1115.55,0.6072,0.533642691,17.22733679,1.795260353,-3.989787794,-4.11960596
4.30182,6.39565,1.486731197,1571.29,0.6005,0.637130547,19.43510657,2.044635272,-4.575072247,-4.525671264
5.18035,7.02985,1.357022209,479.259,0.46108,0.359124542,16.60459349,0.654158345,-3.660515499,-3.905303484
4.45204,6.79621,1.526538396,404.464,0.4072,0.271416002,23.45744849,1.505391178,-3.208489657,-3.948645052
7.67787,8.56329,1.115321046,1025.97,0.55228,0.507423741,14.33751425,0.436523542,-4.218639278,-3.79871658
6.10381,6.49751,1.064500697,532.356,0.48132,0.381225447,16.48426609,0.744079325,-3.293565539,-3.781109917
4.52338,4.94766,1.093797116,411.824,0.4908,0.297044085,23.51976237,1.903697901,-3.387285277,-4.497239281
3.95219,6.37814,1.613824234,814.391,0.55588,0.39596823,16.5666874,0.964515756,-3.722258331,-3.819024261
3.82857,4.59442,1.200035522,318.79,0.44484,0.347645321,21.14103954,1.105042684,-4.275884402,-5.365122202
8.26476,12.15079,1.470192722,1831.48,0.67804,0.783678262,9.810312707,0.320531791,-3.456943075,-3.469685808
7.12814,10.62668,1.490806858,1438,0.6584,0.587909635,12.05347093,0.460640162,-3.626603312,-3.682200846
4.84283,7.29475,1.506299003,507.027,0.481,0.354672684,17.82871292,0.933555751,-3.902185932,-4.136579178
5.81943,6.67757,1.147461177,749.813,0.50662,0.453010712,14.94654337,0.490042276,-4.328680355,-4.23703894
4.84974,7.56186,1.559229979,1971.59,0.70064,0.499657691,11.82552782,0.506892761,-3.439427623,-3.48474422
5.10297,6.95421,1.362776971,1384.03,0.65022,0.423753446,14.37122858,0.804395606,-3.742432959,-3.752247563
5.00524,6.82599,1.36376877,1432.45,0.6428,0.432946501,14.24834313,0.886144774,-3.595812075,-3.678747716
5.71739,7.53203,1.317389578,1476.24,0.61164,0.612649647,16.51083643,1.399394782,-4.047823553,-4.022354326
7.98188,10.6209,1.330626369,3247.26,0.7441,1.066027518,13.19196522,1.127611075,-3.580170277,-3.603735645
34.51057,35.58882,1.031244051,3696.99,0.857,2.2423754,8.83151115,0.70814941,-3.184087609,-3.159987878
6.63764,9.89745,1.491109792,1326.22,0.66944,0.558453042,18.98336934,0.869530233,-4.456833783,-4.111643691
4.1598,4.58864,1.103091495,398.719,0.45738,0.342004711,23.40413685,2.024412773,-3.718422106,-4.45207945
6.83124,13.82069,2.023159778,3786.06,0.78012,1.341601833,10.00579275,0.763594808,-3.52460385,-3.523901622
7.22011,10.08149,1.396306981,4058.61,0.77646,1.354934291,11.75166254,0.891901561,-3.563978299,-3.50916753
5.25239,7.9765,1.51864199,2131.75,0.66122,0.727055613,14.90077401,1.152923716,-3.86343103,-3.815906261
4.14792,6.04006,1.456165982,1427.54,0.59394,0.597682088,16.54751654,1.632978753,-3.936890736,-4.024470132
5.78838,9.0167,1.557724268,1429.22,0.58268,0.570863133,16.20732191,1.316966208,-3.648455393,-3.73716154
4.75487,6.81302,1.432850951,1184.19,0.54944,0.523794997,18.49267638,1.539169853,-4.311058815,-4.385492208
4.89913,7.92371,1.617370839,1894.82,0.63658,0.700700392,18.94566866,1.786491734,-4.510062476,-4.421100779
5.34538,5.86305,1.096844378,745.164,0.5026,0.395452221,19.30285066,1.900396197,-3.558857064,-4.790881226
5.35243,5.88152,1.098850429,759.713,0.50198,0.394666289,19.36462663,1.911037238,-3.496079951,-4.749369023
3.92519,8.78791,2.238849584,839.627,0.52416,0.431887282,19.74261072,1.146317278,-4.581214278,-4.730501059
6.49016,12.63938,1.947468167,3156.83,0.74402,1.097996505,15.80313685,1.388348413,-3.801989248,-3.706819305
4.77054,5.47224,1.147090267,1425.73,0.62128,0.649950622,16.86756124,1.62820738,-4.515296209,-4.914132056
5.10134,8.66462,1.698498826,1938.6,0.63256,0.761947896,14.82687258,1.654333556,-3.937677213,-3.990268219
5.17427,6.76077,1.3066133,1301.37,0.5502,0.507414785,18.23212485,2.403284739,-3.62983259,-3.874784929
5.10575,5.65308,1.107198747,1175.62,0.54752,0.50529269,19.36312348,2.899958359,-3.41199883,-4.148771399
5.05908,6.01885,1.189712359,1904.02,0.63468,0.712497558,18.32364326,3.047853449,-3.776626007,-3.946412169
4.09417,4.678,1.142600332,307.046,0.4641,0.234220049,20.06983826,0.952013103,-3.883402591,-4.850372929
6.70838,9.37405,1.397364192,3564.23,0.76278,1.140771073,9.930454517,0.867566112,-3.331111233,-3.293553765
11.91501,12.83976,1.077612188,2953.86,0.74528,1.086478929,11.95464829,0.810127982,-3.625149192,-3.65369453
4.52945,7.45113,1.645040789,627.17,0.49818,0.375820396,20.43972282,1.135725105,-4.877803186,-4.782900144
5.48487,10.65116,1.941916581,2409,0.70984,0.844506733,17.59199377,1.48665219,-4.079921523,-3.934117958
6.96534,8.92635,1.281538303,2215.03,0.66644,0.83347403,13.43206374,1.032848527,-3.719273553,-3.757790613
6.08736,7.69209,1.26361674,563.306,0.52694,0.292367615,14.148532,0.307897183,-3.469588084,-3.637923136
3.97207,6.08793,1.532684469,844.063,0.53044,0.464397965,19.14986513,1.943595685,-4.212607579,-4.584570479
3.89627,5.00328,1.284120454,346.044,0.43946,0.319124524,22.29314942,1.341555059,-4.045933057,-4.899789315
4.31016,4.69413,1.08908486,544.984,0.5088,0.410749893,23.72714932,2.94171422,-3.390937793,-4.041366288
6.30555,6.88268,1.091527305,766.628,0.5448,0.359307502,14.93782902,0.868204551,-3.0166385,-3.300990399
4.12899,5.0954,1.234054817,659.45,0.54162,0.407548703,20.32541153,2.031821805,-3.198656531,-3.77903719
4.80503,8.56333,1.782159529,914.59,0.58314,0.409066038,16.08292951,1.106725103,-3.25218857,-3.523283952
5.78928,6.78739,1.172406586,902.904,0.53426,0.383449365,16.41343441,1.233415524,-3.664984316,-4.034867279
5.6916,6.75428,1.18671024,886.626,0.53034,0.377474252,16.57306532,1.243255386,-3.639884444,-4.088474365
5.67186,6.73405,1.187273663,880.402,0.52936,0.375701744,16.62791082,1.24450605,-3.661676249,-4.105326688
5.66128,6.73192,1.189116242,882.438,0.52898,0.375192391,16.6443871,1.255115852,-3.674693861,-4.051869371
6.06182,6.9676,1.14942377,942.409,0.54388,0.398335994,16.04911512,1.198588433,-3.726048879,-4.116856664
4.84687,6.44994,1.330743346,811.663,0.5183,0.362404469,17.10872476,1.276632923,-3.927808279,-4.285244745
4.82556,6.3973,1.32571142,807.619,0.517,0.361167192,17.13693376,1.257291053,-3.989594627,-4.309901668
5.80608,6.7467,1.162006035,904.994,0.53502,0.384345165,16.52048612,1.229013447,-3.834991168,-4.207527203
6.33134,7.12445,1.125267321,955.765,0.54208,0.39467917,15.88348989,1.220059472,-3.640001675,-3.9492044
4.60351,5.35961,1.16424424,548.016,0.48144,0.309190161,18.65687821,1.133191719,-3.725852762,-4.115257348
6.15605,7.33038,1.190760309,975.353,0.54578,0.403268829,15.57703438,1.153141769,-3.57479889,-3.871469893
3.93449,5.82794,1.481244075,630.679,0.48322,0.311899721,18.52201081,1.286153605,-3.970956022,-4.407595401
5.87111,6.88083,1.171981107,932.255,0.53724,0.387940932,16.31517735,1.24473143,-3.676277826,-4.051620768
5.16362,6.80904,1.318656292,1832.55,0.6554,0.58934609,13.30038013,0.901888315,-3.62443843,-3.679372145
5.19238,6.79458,1.308567555,1797.82,0.65528,0.578440027,13.34632733,0.892465412,-3.547860734,-3.63617405
4.70834,5.81491,1.235023384,1572,0.64006,0.546401345,14.08439675,0.665016056,-3.884054515,-3.944620684
5.18388,6.74215,1.300599165,1756.19,0.65534,0.563704239,13.43851213,0.89061262,-3.569468359,-3.657479257
4.10522,5.84738,1.424376769,674.445,0.51912,0.38509243,20.22777085,1.833613459,-3.858772906,-4.541432716
4.65647,6.68041,1.434651141,2412.83,0.62798,0.740213372,18.85828721,2.260488151,-4.550197811,-4.521926266
4.37104,4.93842,1.129804349,1278.96,0.61406,0.392656632,11.96463772,0.295337973,-3.568547281,-3.541441967
4.31374,4.84869,1.124010719,1460.79,0.60618,0.460203462,13.01515336,0.491241068,-3.586017952,-3.630386316
6.3767,7.6272,1.196104568,1507.34,0.6257,0.564339379,17.15165317,1.212366424,-3.965231775,-3.968145357
4.02251,6.17269,1.534536894,458.586,0.518,0.394729823,23.92461274,0.882948052,-4.474069965,-4.412727065
5.37575,8.8715,1.650281356,1575.83,0.6307,0.591345928,17.53428522,1.784612028,-4.169597079,-4.224458928
4.28121,9.61163,2.245073239,2464.3,0.68112,0.858757404,15.35151294,1.214556822,-3.904187568,-3.893059546
5.33535,7.86927,1.474930417,463.634,0.48958,0.283536709,16.45163168,0.630728887,-3.518750779,-3.550457663
3.95733,5.41718,1.368897716,679.873,0.50228,0.410004408,18.19707716,1.060253417,-4.425717037,-4.537207772
3.95522,5.07501,1.283116995,1164.21,0.60598,0.503569143,17.15494781,1.596540702,-4.089000617,-4.2841636
7.84422,8.51162,1.085081754,2769.6,0.70716,0.969297891,11.71789636,0.924423084,-3.420612338,-3.503302323
3.99552,4.25922,1.065998919,110.14,0.37884,0.23729854,25.35860649,0.654280879,-4.062165356,-4.766933077
6.82094,8.06678,1.182649312,1559.27,0.62968,0.565862075,13.38995525,0.82868722,-3.699956801,-3.744653321
8.47337,11.18858,1.320440391,1837.6,0.71816,0.818882554,8.994856303,0.279422528,-3.245921549,-3.270113556
8.38573,11.25293,1.34191418,1649.52,0.72216,0.737271861,9.011022919,0.248149569,-3.207074588,-3.301701117
4.88065,7.55965,1.548902298,1112.27,0.5935,0.458577367,17.22271071,1.048873644,-3.701165844,-3.815024765
4.77221,6.22751,1.304953051,264.482,0.48026,0.338759963,18.73102231,0.544548514,-3.789833461,-4.437530166
7.13068,7.25351,1.017225566,1476.97,0.60356,0.58886775,14.72184738,1.478054825,-2.966746749,-3.283053805
9.08126,9.58473,1.055440545,1501.08,0.61126,0.706051673,12.12171241,0.812886234,-2.999165643,-3.123772467
5.00672,5.61373,1.121239055,1566.78,0.61926,0.597793245,15.04996306,1.436647893,-3.436437772,-3.602269109
4.25139,4.43208,1.042501394,886.996,0.58636,0.432945694,19.09881832,2.307641348,-2.817678304,-3.840876722
7.77882,13.28738,1.708148537,2433.16,0.7057,0.993430157,9.32494586,0.450638536,-3.28631088,-3.342231379
4.4083,6.05951,1.374568428,1681.04,0.62108,0.653385331,16.09839224,1.818998417,-4.018802059,-4.220497979
4.41339,6.69512,1.51700167,2127.07,0.66902,0.782333131,16.5667781,1.529784947,-4.082446239,-4.125254132
5.28417,6.13028,1.160121646,1019.8,0.56762,0.503249373,18.36548205,2.095942711,-2.960478512,-3.71966714
5.69688,6.4627,1.134427968,511.218,0.52592,0.439442174,24.05581329,1.72709153,-3.795638151,-3.99880398
4.16615,6.74105,1.618052639,922.368,0.54778,0.476226907,19.63954823,2.277692722,-3.366001579,-4.154147656
3.99192,4.93073,1.235177559,487.482,0.48902,0.38655874,22.43974813,2.019664454,-3.589251288,-4.326817498
4.37059,4.87284,1.114915835,561.732,0.45614,0.369832248,21.55482805,1.904894135,-4.216342332,-5.38266466
4.78345,5.30026,1.108041267,760.532,0.48052,0.410248529,20.05959916,2.057902085,-4.033568827,-4.917908737
4.90134,5.6482,1.152378737,830.58,0.4959,0.433433556,19.70472386,2.188217405,-4.033499749,-5.119732714
4.86495,5.58794,1.14861201,831.809,0.49378,0.429740126,19.90309745,2.221254365,-4.043755586,-5.03284914
4.58247,11.22482,2.449513036,1189.12,0.61658,0.601588417,21.32948908,2.725911986,-4.472751094,-4.372097299
4.42324,5.27092,1.191642326,1322.05,0.59716,0.59542137,18.71083464,2.482311524,-4.10418939,-4.597433085
4.20268,4.49645,1.069900635,583.603,0.61604,0.512721492,17.36665433,0.765568754,-3.690961412,-4.008836765
4.67833,6.49326,1.387943989,493.396,0.42922,0.249411655,18.57490721,0.939267607,-4.015283513,-5.13700598
5.39086,6.81612,1.264384532,844.903,0.54318,0.430176845,15.39137481,0.848550966,-3.060806376,-3.34386016
4.22376,6.37389,1.509055912,1183.97,0.65474,0.447639558,12.95268259,0.383620161,-4.046543411,-4.048292293
5.16773,6.83937,1.323476652,2354.35,0.64882,0.770554514,13.53561539,1.253642833,-3.680298058,-3.750531247
4.37557,5.46748,1.249546916,861.334,0.53948,0.508645886,19.23121018,1.62774147,-4.770286002,-5.151441157
3.86448,4.74677,1.22830756,212.215,0.5127,0.450939347,23.82998433,2.536500517,-4.300524534,-5.062901053
6.89343,7.38233,1.070922603,891.743,0.56098,0.382858781,14.33219229,0.720608413,-3.375711125,-3.578035816
12.70856,15.83326,1.245873647,4078.43,0.82538,1.774797014,9.637616084,0.562319116,-3.481087973,-3.440061211
4.35513,9.85392,2.262600657,2242.64,0.66214,0.776088404,19.18681878,1.922998735,-3.998654343,-3.944522065
6.70705,8.56248,1.276638761,2140.75,0.64536,0.765208483,13.39458608,0.82806824,-3.697594115,-3.717590094
5.33991,6.52279,1.221516842,1014.22,0.58394,0.536221637,17.10031315,1.362117217,-4.251145918,-4.48231066
6.65272,14.44089,2.170674551,3285.24,0.75386,1.131622874,13.52050732,1.142576667,-3.681646692,-3.655444324
4.99291,6.29067,1.259920567,1045.31,0.5939,0.505705041,16.45980493,1.245898822,-3.770827621,-3.948824076
6.50644,14.29727,2.197402881,3323.12,0.75686,1.125325245,13.62288399,1.142853848,-3.696360001,-3.641345124
6.55268,13.92314,2.124800845,3281.76,0.75252,1.116124267,13.74749603,1.164323951,-3.647594737,-3.650860128
7.16955,8.52966,1.189706467,1006.75,0.5839,0.535506296,21.94041347,1.756603479,-4.175432968,-4.169264458
6.98003,8.58478,1.229905889,1056.73,0.5821,0.553237595,25.77503659,2.20511912,-4.995427517,-4.326022264
5.98042,6.6626,1.114068912,1186.48,0.65464,0.595717575,16.61114349,1.096371073,-3.805467164,-3.838891937
4.33283,7.33485,1.692854324,1671.83,0.6074,0.589554195,15.4413829,1.71146899,-3.65034674,-3.826435445
4.15774,7.61112,1.830590657,1740.96,0.61472,0.599440268,15.02892471,1.661968823,-3.64330473,-3.719622625
4.01359,7.05896,1.758764597,1685.87,0.59102,0.60096782,16.0680753,2.01861118,-3.993330236,-4.015311352
3.9824,7.18339,1.80378415,1736.5,0.5937,0.61716524,15.87291224,1.970222778,-3.95878648,-4.02291908
7.07944,7.23633,1.022161357,1294.77,0.591,0.533157719,15.09288234,1.571242854,-2.821217613,-3.240969969
7.0872,7.25163,1.023200982,1234.87,0.59512,0.527004649,15.0314606,1.535631526,-2.776273503,-3.167070471
7.07954,7.22558,1.020628459,1229.74,0.5949,0.52653007,15.02907377,1.53888492,-2.705911041,-3.13073453
7.03577,7.16847,1.018860764,1359.8,0.59508,0.5353509,15.20679429,1.630195427,-2.847591283,-3.288436259
7.08879,7.31229,1.031528653,1293.98,0.59632,0.536881814,15.01747235,1.583924656,-2.895123465,-3.23399186
6.9896,7.11741,1.018285739,1264.97,0.59182,0.521753696,15.14849972,1.556465022,-2.875510286,-3.258588958
7.09719,7.25665,1.022468047,1294.51,0.59074,0.533703145,15.03936344,1.541794744,-2.760031063,-3.157275944
5.85477,6.5257,1.11459545,1003.81,0.54456,0.468708847,16.89063753,1.616058199,-3.356675017,-4.029996518
6.55123,9.12316,1.392587346,1230.03,0.64436,0.491363993,11.88787982,0.419020679,-3.63365432,-3.65097309
6.03917,8.96134,1.483869472,1250.63,0.64098,0.487882478,12.14621506,0.444821557,-3.591164212,-3.63491709
5.99885,8.43305,1.405777774,1089.36,0.62144,0.451910351,12.65962371,0.469379526,-3.678983953,-3.723568779
6.76595,7.36263,1.088188651,1209.18,0.62392,0.483895236,12.90024394,0.655552068,-3.122322853,-3.22878616
4.28978,5.42171,1.263866678,782.958,0.51606,0.426668651,17.86477897,1.026407922,-3.862229141,-4.023688225
8.55287,11.53016,1.348104204,3583.57,0.79512,1.310368809,8.792670274,0.501051274,-3.356228876,-3.334182062
4.03212,4.53669,1.125137645,335.283,0.42088,0.263384169,23.56405028,1.632033478,-4.031976109,-4.740347282
5.95571,9.03113,1.516381758,2638,0.7058,0.845406144,14.57334945,1.725622322,-3.699900115,-3.740014558
5.24047,12.90794,2.463126399,2804.39,0.73804,1.095118824,12.22316341,0.803969202,-3.833494971,-3.83828838
6.01308,11.51198,1.914489746,2252.76,0.70466,0.949318317,13.06433615,0.830593917,-3.809149669,-3.87607448
6.64329,11.91575,1.793651941,2524.68,0.7173,1.001814243,13.09188838,0.835584396,-3.841363424,-3.842443938
4.4573,6.57316,1.474695443,734.243,0.53562,0.324115312,13.08487698,0.187422672,-3.923349234,-4.013087595
22.93237,23.6238,1.03015083,3288.79,0.83732,1.621726314,8.226746037,0.467994278,-3.332712519,-3.372052672
4.79592,5.45459,1.137339655,436.833,0.4653,0.299151344,20.7800768,1.309753243,-3.535000419,-4.691951262
4.41081,5.74693,1.302919418,337.532,0.46204,0.213388754,13.19264939,0.155125085,-3.384208089,-3.50734254
6.68584,9.30311,1.391464648,2052.85,0.66808,0.749308823,12.35435898,0.521394455,-3.818119759,-3.800869835
15.74639,17.28638,1.097799559,5116.74,0.87916,2.99351693,8.41883096,0.697777214,-3.251449742,-3.274052655
6.58995,10.76463,1.633491908,2280.02,0.71128,0.853799653,20.42605257,1.324870235,-4.065833498,-3.794026824
5.39642,9.54146,1.768109228,2053.01,0.67362,0.72755433,14.45892877,1.051003164,-3.92777998,-3.869921222
5.36674,8.47974,1.580054186,1745.97,0.66228,0.672992014,13.02624581,0.75119185,-3.717083304,-3.771497765
5.03901,5.54956,1.101319505,804.899,0.55624,0.354864846,13.53683604,0.346434878,-3.655532152,-3.531034381
6.35025,8.87571,1.397694579,2498.11,0.6809,0.875237801,14.07590085,1.268509454,-3.656617157,-3.709996024
6.37885,7.78612,1.220615001,2398.21,0.6657,0.803434359,13.78318233,1.161040956,-3.686649343,-3.696969951
11.59751,13.10906,1.130334011,3627.27,0.76924,1.426420412,9.507566364,0.658376086,-3.44617189,-3.574478391
4.81158,7.13681,1.483257059,969.315,0.5288,0.459219119,16.0746161,0.896701963,-4.005871735,-4.153708131
6.7491,7.41637,1.098867997,1517.68,0.62558,0.655579996,14.56426729,1.142785767,-3.573720253,-3.767375663
5.60978,9.23636,1.64647455,2729.49,0.70288,0.908827606,18.64962974,1.294491667,-3.929827449,-3.817875139
6.40536,10.23981,1.598631459,2257.55,0.6997,0.892334493,17.30739825,1.018576348,-4.179640429,-3.864470271
4.03787,6.51581,1.613675032,1356.34,0.54156,0.515099347,17.99426982,2.222272326,-3.690852573,-3.901580803
10.17688,10.99822,1.080706464,1840.14,0.66826,0.828993562,11.95555202,0.434720417,-3.789053955,-3.691324202
4.5426,12.01697,2.645394708,2641.55,0.7256,1.004557613,12.88001355,0.680469101,-3.939056807,-3.918250738
4.10343,13.46293,3.280896713,1289.6,0.61918,0.737582671,19.07197506,1.622809718,-4.421316856,-4.402646856
5.48137,6.14892,1.121785247,1267.42,0.5873,0.576773877,17.12904675,1.916265219,-3.027808703,-3.807355032
4.60807,5.39172,1.170060351,393.507,0.45404,0.260062203,20.92283411,1.443230512,-3.35588648,-3.941379857
6.95883,12.33456,1.772504861,3027.28,0.74632,1.05374923,15.15356704,1.143885291,-3.868789053,-3.820377551
14.69313,16.15291,1.099351193,4230.06,0.86026,2.084003566,8.718570322,0.596294539,-3.410739757,-3.454160396
7.03976,12.64493,1.796216064,3156.95,0.7635,1.114029328,11.90810242,0.853547795,-3.719919723,-3.673572258
4.51142,4.83064,1.070758209,376.463,0.47708,0.370176677,22.74595881,1.997739416,-3.792967269,-5.249207902
4.49281,4.81383,1.071451942,371.262,0.48146,0.373433234,22.62780483,1.98192872,-3.858695143,-5.285249498
4.42587,4.8407,1.093728465,346.361,0.47514,0.366778855,23.10503313,2.006667047,-4.140906085,-5.378379
3.95118,4.8017,1.215257214,1104.5,0.5692,0.557902475,16.49762084,0.95852484,-4.462275657,-4.560635861
3.93215,4.79076,1.21835637,1048.08,0.5625,0.553075592,16.44203854,0.895873069,-4.526634534,-4.592437486
3.84654,4.72449,1.228244084,958.462,0.57384,0.554247356,16.42289179,0.739743486,-4.463136987,-4.485741899
4.36754,6.24558,1.429999496,1046.54,0.56026,0.462207336,16.83663148,1.384724098,-4.056400469,-4.684860777
5.92513,6.70189,1.131095858,1313.48,0.59328,0.559645316,16.33775707,1.685583391,-3.33668047,-3.886733222
6.13056,7.34002,1.197283772,1184.55,0.60842,0.497375864,14.48637374,0.967993813,-3.747068617,-3.893269821
5.09863,5.85157,1.147674964,859.956,0.52504,0.421492048,17.13822134,1.442795212,-3.547080512,-4.355171545
5.08135,5.82926,1.147187263,855.751,0.52928,0.425100597,17.17719642,1.466368875,-3.537336547,-4.467226412
5.09946,5.85717,1.148586321,864.675,0.53044,0.427305536,17.07871876,1.454052619,-3.564890577,-4.413097949
5.11703,5.87678,1.148474799,871.392,0.5313,0.428727053,17.0538415,1.459893197,-3.556200261,-4.43146715
5.13983,5.91316,1.150458284,884.186,0.5329,0.431651763,16.9648525,1.449173669,-3.580724754,-4.390406914
5.16221,5.94737,1.152097648,895.411,0.5343,0.433896378,16.91603875,1.446798127,-3.551061865,-4.345275142
5.17875,5.98426,1.155541395,907.989,0.5356,0.436163455,16.85359293,1.437939511,-3.547720498,-4.37788845
5.19329,6.01552,1.158325455,912.588,0.5362,0.436997253,16.83577399,1.43745764,-3.497696472,-4.324747599
5.21694,6.03525,1.156856318,923.213,0.53798,0.439979063,16.75299498,1.420409321,-3.555218656,-4.124613066
5.23566,6.04424,1.154437072,938.648,0.53918,0.441816826,16.70846352,1.434465316,-3.567790343,-4.17113637
4.98095,5.79441,1.163314227,842.909,0.5222,0.422362057,16.94830072,1.358539553,-3.568737736,-4.395184556
5.0814,5.83014,1.147349156,866.36,0.52876,0.428541326,16.97231183,1.401079509,-3.554740641,-4.323038931
5.11958,5.8948,1.151422578,882.91,0.52992,0.42888013,16.99877255,1.445535328,-3.546179948,-4.37317629
10.90932,11.71715,1.074049528,1230.01,0.66484,0.545192134,11.93261609,0.60840633,-3.078918527,-3.168100078
5.3287,7.61133,1.428365267,1618.94,0.616,0.576013166,12.98127017,0.682248326,-3.973938798,-4.038107649
5.25908,8.65094,1.64495311,1453.67,0.6194,0.542866658,13.83623378,0.750621556,-4.077574524,-4.049922921
5.24839,8.7496,1.667101721,1245.49,0.59698,0.509190471,15.60214975,0.881441554,-4.214713547,-4.224718081
4.51126,8.681,1.924296095,991.752,0.61456,0.433717254,11.98318122,0.324501017,-3.845224817,-3.547220108
4.8515,6.55849,1.351847882,1033.78,0.58632,0.539914361,16.41076634,1.156160635,-4.040680856,-4.09760792
4.8064,6.5379,1.360248835,1013.72,0.58402,0.535081451,16.52821386,1.150179904,-4.040932984,-4.115566524
4.74684,6.35636,1.339071888,745.951,0.57544,0.550044448,16.84956653,1.100684314,-4.255217396,-4.37529149
3.82141,5.20561,1.362222321,454.066,0.5057,0.391945622,23.13763417,2.661464785,-4.462415262,-6.141822065
3.97386,4.65881,1.172363898,382.042,0.48092,0.356929745,25.20768105,2.879266127,-4.172710753,-5.852522571
5.90394,6.37918,1.080495398,3166.68,0.67094,0.834233748,12.65077091,1.194503924,-3.464755643,-3.543397288
6.02432,6.70534,1.113045124,3161.12,0.6914,0.949323638,11.87010942,1.178967,-3.475635812,-3.498100231
6.10812,7.03668,1.152020589,3189.69,0.69742,0.970778647,11.69658494,1.15508922,-3.454204388,-3.484033798
6.06191,6.7853,1.119333675,3501.07,0.69604,0.973932025,11.80233732,1.124220607,-3.508396363,-3.580754094
6.03585,6.62054,1.096869538,3476,0.69084,0.967344898,13.01680162,1.586347857,-3.559604188,-3.60749763
4.24598,6.23073,1.467442145,466.87,0.5088,0.469888531,25.67423612,1.311032441,-5.184371476,-4.922764892
4.17287,9.86717,2.364600383,929.548,0.53478,0.49142185,15.97916998,0.647497084,-5.037094581,-4.817444369
3.84524,4.35737,1.133185445,440.692,0.42706,0.334340651,21.92349611,1.800909691,-5.179058504,-5.558246486
5.40684,6.69877,1.238943634,2561.14,0.68372,0.778185493,14.3904229,1.975434732,-3.420075379,-3.542242937
4.4269,4.8597,1.097765931,406.023,0.44758,0.324171248,23.55343378,2.046653706,-3.138173408,-3.990589873
4.15493,4.56431,1.098528736,176.445,0.42712,0.297974759,24.69319513,2.002931151,-3.511589012,-4.339089268
4.44534,6.9711,1.568181511,1217.41,0.58306,0.532304743,20.70130765,2.201727722,-4.241974962,-4.354085689
4.51348,6.77119,1.500214912,1263.37,0.59344,0.56074837,19.96791605,2.02200351,-4.122802781,-4.2230907
6.67302,7.23927,1.084856632,1876.63,0.63436,0.771493793,17.26941446,1.541627402,-4.118099173,-4.395059318
4.5384,7.41662,1.634192667,1658.32,0.6219,0.62798581,14.86036917,1.144081869,-4.093342676,-4.123124345
3.93383,4.68396,1.190686939,279.968,0.46984,0.277681574,21.69754281,1.017543765,-3.84568416,-4.62292823
5.082,5.63348,1.108516332,513.131,0.47234,0.306211224,18.11947546,0.946841142,-3.400211082,-3.927036282
5.29972,6.29792,1.188349573,950.182,0.5666,0.454600159,19.29877982,0.946945528,-4.550176001,-4.496729125
11.33443,13.26482,1.170312049,3685.54,0.75142,1.25760038,15.88480091,1.684300341,-3.75271664,-3.830073169
4.33657,9.35233,2.156619171,1784.64,0.69862,0.671472372,9.854064898,0.303554536,-4.176233802,-4.163938719
7.44,13.1,1.760752688,3540.39,0.76,1.310344828,12.89194285,1.157424331,-3.664439413,-3.64189154
29.92948,33.62157,1.123359644,3130.55,0.91874,3.822922388,11.75342568,0.767818341,-2.819333477,-2.841845196
7.41793,8.13737,1.096986626,1342.34,0.66434,0.54021923,13.31165412,0.623979394,-3.904684995,-3.932712462
7.9025,8.59245,1.087307814,1438.81,0.67802,0.569147731,13.13731542,0.605746564,-3.89323549,-3.925102594
7.23133,8.11684,1.122454652,1321.49,0.66194,0.530864297,13.44335765,0.626086677,-3.960267471,-3.981261884
5.54861,7.76038,1.398616951,2603.43,0.71286,0.842122424,11.39096849,0.805421135,-3.491771875,-3.556757029
6.51336,7.99676,1.227747276,2896.5,0.7291,0.924323618,13.85084054,1.309877766,-3.658087449,-3.640589601
5.2041,6.69521,1.286526008,1689.6,0.6524,0.577564914,13.37084359,0.977556042,-3.246178572,-3.398572724
9.18624,11.11935,1.21043539,3028.87,0.74914,1.120269652,13.53282514,0.912989862,-3.714890544,-3.679366106
12.47689,13.21557,1.059203856,3502.17,0.79536,1.462701444,12.396696,0.778327412,-3.643271445,-3.628482893
4.83507,6.24379,1.291354624,1032.07,0.52362,0.489607002,19.0585372,2.636202696,-3.487141457,-4.164092286
6.47057,6.682,1.032675638,980.777,0.54324,0.401214189,15.05980727,1.014843782,-2.425872866,-2.891208458
9.40744,10.403,1.105826877,1421.6,0.62928,0.599794121,15.19662156,0.490945482,-4.301252564,-4.261058104
9.2057,10.20459,1.108507772,1380.9,0.62468,0.584457626,15.35034638,0.492593245,-4.300885839,-4.379629529
9.40181,10.39839,1.105998739,1439.32,0.63216,0.605430254,15.54461494,0.520631376,-4.39213074,-4.323156397
9.87565,10.8347,1.097112595,1542.16,0.64882,0.64726656,15.88736784,0.613976096,-4.423392969,-4.360039482
10.66498,11.70294,1.097324139,1421.22,0.64252,0.634568852,15.00139906,0.543027166,-4.286754735,-4.170438487
4.59542,6.74859,1.468546945,934.009,0.51936,0.493721065,19.77800902,1.701324169,-4.462511519,-4.62650616
8.60837,10.10622,1.173999259,1681.44,0.64676,0.74201039,13.05613397,0.791695482,-3.473522063,-3.519334181
10.7875,12.27565,1.137951333,4442,0.81018,1.66449235,7.838916243,0.503645317,-3.370279952,-3.36633667
4.51803,5.60643,1.240901455,1589.95,0.63906,0.616317871,15.21176584,1.459824615,-2.980984778,-3.682909383
4.82285,6.0154,1.247270805,1529.27,0.6447,0.628203379,14.68054782,1.236853719,-3.495486058,-3.716597706
4.79581,7.46662,1.556904882,2160.48,0.66268,0.656053856,14.43764018,1.421647648,-3.50855895,-3.607459221
6.11185,6.70042,1.096299811,1894.95,0.66816,0.698316082,12.54797234,0.916812433,-3.5603722,-3.685805833
4.08263,5.24587,1.284924179,1560.87,0.62306,0.577870525,15.95953911,1.50654232,-2.881092448,-3.201823782
6.36524,9.30232,1.461424864,1791.02,0.67918,0.762013966,14.0009666,0.747665278,-4.033313755,-4.052048128
4.41204,5.41797,1.227996573,1641.78,0.64194,0.62857031,14.95962232,1.365427903,-3.503098547,-3.649359197
4.92598,7.45171,1.512736552,1629.89,0.64164,0.600443567,13.82803284,1.021448519,-3.678304717,-3.816619704
4.4337,4.76594,1.074935156,650.849,0.51214,0.341941859,21.81179824,2.409169805,-2.608322924,-3.558175814
3.86741,4.00169,1.034720911,142.165,0.4021,0.202718372,17.13817212,0.230331428,-3.220254771,-3.426791316
11.12419,11.38543,1.023483957,4265.87,0.82832,1.894099461,7.33011012,0.572673071,-3.138133959,-3.142263299
4.66248,6.42799,1.378663286,863.482,0.50294,0.41710068,18.51393453,1.698751506,-4.113816568,-4.341400531
4.36115,6.66763,1.528869679,2036.25,0.66286,0.634224752,14.900622,1.489970645,-3.591648539,-3.667587886
8.26373,8.56972,1.037028073,2143.21,0.68332,0.781511442,14.74121539,1.150064966,-3.809868768,-3.829159478
6.32962,7.02111,1.109246685,1699.21,0.63216,0.567096965,13.48742539,1.086988615,-3.348539288,-3.55635538
5.82029,10.38317,1.783960937,2902.67,0.72524,0.947723863,14.5991992,1.377972771,-3.790602024,-3.741541038
5.69918,10.59453,1.858956903,2827.91,0.71932,0.935669168,14.5282886,1.299450646,-3.765124115,-3.797915216
9.81587,15.6839,1.597810484,1691.43,0.72948,0.981440248,12.55587464,0.742535741,-3.645527348,-3.533629735
7.17794,10.08038,1.404355567,4146.15,0.77204,1.309956682,11.1179642,0.883410661,-3.537103942,-3.558477372
4.777,5.63813,1.180265857,1136.23,0.5562,0.53939776,19.15749045,1.939415303,-4.187289145,-4.35738111
4.18269,4.74189,1.133693867,600.424,0.53332,0.337226287,16.42879122,0.598794863,-3.725913201,-3.825283013
4.22431,4.76043,1.126913034,585.14,0.5311,0.327213357,16.49327276,0.603097309,-3.745600822,-3.81155473
4.137,4.67022,1.1288905,675.695,0.5216,0.384040525,17.34869228,0.873005161,-3.67744445,-3.868742662
6.25208,9.0657,1.45002943,1409.14,0.59382,0.619639123,15.87315855,2.08966383,-3.34738869,-3.568403747
6.97754,7.51924,1.077634811,938.794,0.5231,0.44571117,15.79729615,1.242897118,-3.331778168,-3.530162818
5.36501,7.33252,1.366729978,944.451,0.53242,0.441801993,17.87722999,1.551075009,-4.295659354,-4.20982594
4.70155,9.77543,2.079193032,2267.35,0.66778,0.787203493,18.66144853,1.907761997,-3.855623739,-3.866365356
6.98688,7.13587,1.021324253,2504.3,0.67844,0.821554856,14.73908746,1.546925997,-3.62544364,-3.638170444
4.20216,7.53059,1.79207598,1196.54,0.57828,0.510113529,17.69553138,0.97955896,-4.079292113,-3.991094925
4.38382,8.02672,1.830987586,1214.09,0.57306,0.510416574,17.37204977,0.954647667,-3.990078274,-3.964856553
4.31562,12.82817,2.972497579,1892.47,0.67744,0.779682943,15.90681912,1.238167039,-4.332409117,-4.22363416
4.3317,5.48563,1.266391948,986.77,0.56218,0.474049464,19.4504417,2.192578315,-4.044199566,-4.571311273
4.29561,5.4678,1.272880918,970.774,0.56172,0.465732526,19.58264731,2.201020993,-4.051656494,-4.59728391
4.73121,7.22233,1.526529154,832.179,0.5419,0.515403125,19.87230046,2.102143658,-3.620847812,-4.274366936
3.94557,4.45838,1.129971081,582.265,0.49374,0.305486809,20.07863592,1.488154466,-3.659089839,-4.293414331
6.36797,7.13166,1.119926758,1455.94,0.61694,0.579667387,15.01829889,1.65208653,-3.457046384,-3.710046068
5.13941,6.90621,1.343774869,1055.16,0.54894,0.497246277,18.23505193,1.365455348,-3.933246792,-4.15550941
9.06013,12.96226,1.430692496,814.364,0.58428,0.601833683,23.27659808,1.397086636,-5.454787024,-4.897963341
3.91416,5.30344,1.354936947,548.633,0.53756,0.452609688,21.09496652,2.70044913,-4.10764308,-4.934825081
7.82076,9.85959,1.260694613,2749.65,0.71968,1.017723331,12.28690599,0.879891463,-3.660298316,-3.659052741
6.06561,7.01824,1.157054278,2322.68,0.65284,0.752941285,11.79686542,0.753677223,-3.469809253,-3.556852872
5.17685,5.68191,1.097561258,1179.67,0.62746,0.482702383,16.34925377,1.523269154,-3.899687831,-4.540707123
6.82289,9.58074,1.404205549,2114.39,0.66388,0.737532995,14.52170272,1.298344569,-3.58241054,-3.648289594
7.91904,11.11626,1.403738332,2484.27,0.68722,0.952849731,13.54313553,1.104634249,-3.571250108,-3.629145382
7.92037,11.17851,1.411362095,2480.27,0.68832,0.960997185,12.83274668,0.994800555,-3.547841016,-3.593841781
7.94034,11.20436,1.41106804,2534.07,0.69136,0.972365993,13.25711078,1.074379545,-3.592642213,-3.597157555
7.9594,11.21713,1.409293414,2541.71,0.69322,0.978251053,13.11400779,1.058507967,-3.573119408,-3.608570586
8.02511,11.31495,1.40994329,2549.42,0.69652,0.993317228,12.60057307,0.963404835,-3.572245719,-3.536781128
8.06264,11.58602,1.437000784,2558.05,0.6987,1.006017097,12.65972409,0.953106075,-3.546541785,-3.531362581
8.11262,10.55388,1.300921281,2025.95,0.69876,0.700990552,9.319098194,0.286983208,-3.596147643,-3.632594895
3.81582,10.13591,2.656286198,1098.35,0.58606,0.451784985,17.81877075,0.759936424,-4.35519289,-4.341884535
6.27962,6.73786,1.072972568,1185.77,0.55114,0.525841753,17.9965155,0.762798959,-4.520341345,-4.398641049
5.83045,6.43441,1.103587202,1196.84,0.54634,0.55122718,18.03871967,0.758782488,-4.380894128,-4.401897384
4.45912,7.10694,1.593798776,1290.45,0.59914,0.518951599,16.89403918,1.583806198,-4.100717075,-4.183451168
3.80818,6.93892,1.822109249,962.226,0.53864,0.508237248,17.78244426,1.553044233,-4.508585062,-4.480512206
4.61181,5.46888,1.185842435,605.763,0.55032,0.327854398,12.02216385,0.211463544,-3.836421323,-3.908596745
4.48576,4.82967,1.076667053,278.725,0.40382,0.238003183,22.81623315,1.116877959,-2.971411864,-3.688253354
5.70228,8.71143,1.527709969,910.856,0.58006,0.400466703,15.43029697,1.119109815,-3.376135765,-3.709792878
14.4085,14.50811,1.00691328,1219.05,0.63274,0.660753297,18.28919951,1.450774791,-2.997622084,-3.171727658
10.60987,16.88394,1.591342778,4490.26,0.82904,1.855455986,8.300412065,0.579661067,-3.389459419,-3.445120601
5.07662,5.98913,1.179747549,408.206,0.51786,0.394665244,19.13949631,1.096685343,-3.69472644,-4.004488034
5.85889,6.71051,1.145355178,1604.53,0.60748,0.573462221,16.78526576,1.207582908,-3.977828526,-4.023134085
8.03964,10.85901,1.350683613,1200.85,0.62,0.600112279,15.89654605,0.930702922,-4.43479249,-4.606183686
13.37948,15.24588,1.1394972,2211.57,0.72862,0.937599728,12.82506035,0.588995735,-3.866131211,-3.828051229
13.37931,15.27666,1.141812246,2196.07,0.7279,0.936673221,12.83108275,0.583679419,-3.808737908,-3.858818877
3.9878,5.04878,1.266056472,441.75,0.45794,0.294920013,20.0781014,0.92116652,-4.171951153,-4.365585398
4.75737,6.30558,1.325434011,739.602,0.58214,0.319404361,12.1522381,0.183597994,-3.881586917,-4.006284565
4.14915,5.68256,1.369572081,981.616,0.53978,0.531672002,23.43199726,4.532603434,-4.353941791,-5.097011679
4.24018,6.45593,1.522560363,1374.9,0.583,0.541967631,17.41097571,1.351325642,-4.353025168,-4.375966156
5.40179,17.36935,3.215480424,1357.7,0.65458,0.629180003,14.3335063,0.449243838,-4.008485811,-3.921893244
7.66066,12.7039,1.6583297,1164.32,0.57256,0.633528923,17.20486086,0.974371502,-4.91708347,-4.866139228
6.88703,7.22845,1.049574345,2147.05,0.65106,0.763575974,13.34844176,1.13784312,-3.789538516,-3.795745485
5.42433,7.17053,1.321919942,1477.28,0.59084,0.623695005,16.67235555,1.441003614,-3.716112344,-3.775580006
4.12193,5.72746,1.389509283,1461.04,0.60832,0.500617213,18.13929981,1.499444367,-4.761039495,-4.606644651
4.3241,5.85565,1.354189311,1742.63,0.63622,0.571554342,17.5852809,1.405686966,-4.332824378,-4.261203916
3.89282,5.96136,1.531373143,1525.91,0.59662,0.535368491,17.74355868,1.832813326,-4.830844186,-4.662910667
3.81827,4.75858,1.246265979,965.604,0.57852,0.587384812,19.59691613,2.577290865,-3.858581282,-4.005803541
5.3381,17.26438,3.234180701,1367.57,0.65374,0.621892866,14.35738567,0.460355034,-4.014833991,-3.937604049
5.82511,8.22407,1.41183085,1962.2,0.64012,0.759251945,17.1135744,1.176934835,-4.227237204,-4.151884893
4.17002,4.59875,1.102812457,1874.39,0.62386,0.624171462,15.53122041,1.621604449,-3.407392474,-3.531887402
4.54759,6.09249,1.3397184,703.102,0.55558,0.340748373,14.13817068,0.419393899,-3.69206537,-3.971751748
5.80307,7.09205,1.22212036,2695.46,0.70076,0.742127681,12.23687603,0.593835485,-3.691561481,-3.708440627
4.50914,6.68622,1.482814905,2088.33,0.63912,0.829344188,17.70612377,2.231734226,-4.250720256,-4.363864434
6.04263,8.1775,1.35330146,1422.91,0.6423,0.638894691,18.297725,1.383174568,-4.964828685,-4.806063689
5.75735,8.09273,1.405634537,1686.41,0.62226,0.630351188,14.65253542,1.048718681,-3.678073457,-3.750237431
5.21425,7.10002,1.361656998,1634.69,0.60756,0.644152363,17.95530238,2.121181445,-4.059863892,-4.349045167
4.57892,5.0786,1.109126169,159.255,0.37312,0.177460702,16.31032286,0.156558331,-3.728880316,-4.032367558
11.20267,15.42527,1.376928,2232.21,0.69194,0.870985974,17.45140742,1.371632035,-3.91893418,-3.815783135
5.28318,6.67259,1.262987443,831.903,0.4984,0.436963002,17.87843804,1.462983384,-3.713295043,-4.370383696
4.18996,6.86464,1.638354543,1515.85,0.59788,0.6421974,16.93185775,1.828484127,-3.451147866,-3.709883328
3.92126,8.48171,2.163006279,1289,0.60702,0.681209123,14.63473927,0.911867326,-4.38734376,-4.308385115
4.9879,7.68451,1.540630325,1720.51,0.60526,0.603070853,15.26816073,1.435740245,-3.516054945,-3.680516837
4.04124,5.81423,1.438724253,413.018,0.4479,0.329486019,20.37466567,1.196792512,-4.160499281,-5.23997095
4.33779,5.28957,1.219415878,1262.15,0.58536,0.611741346,18.72155321,1.874727114,-4.561005813,-4.59205222
6.32995,13.3149,2.103476331,5130.94,0.7777,1.560293079,10.48055864,0.934899441,-3.579823502,-3.597539812
5.12827,8.22186,1.603242419,1846.21,0.62186,0.656710302,14.54442776,1.293725841,-3.467986464,-3.607401811
5.1093,8.2386,1.612471376,1818.26,0.61632,0.633477745,14.72076733,1.327200891,-3.468055468,-3.594128915
6.09535,6.69718,1.098735922,678.082,0.53236,0.430628357,16.53456233,0.782330596,-3.603578224,-3.770968784
6.10275,6.68707,1.095746999,676.386,0.53246,0.430709247,16.85554351,0.806882804,-3.524410184,-3.790859152
4.31032,5.44718,1.263753039,1365.35,0.61104,0.641163799,18.87791414,2.711555437,-4.510284091,-4.772970381
15.32514,16.10036,1.050584856,2333.48,0.72952,1.081837784,14.93949906,1.041835539,-3.834721603,-3.825199291
7.48414,8.69308,1.16153359,2723.13,0.70186,0.927322766,15.41530571,1.197051606,-4.178133214,-4.070247337
7.52,15.98,2.125,2330.88,0.76,1.04109589,12.52735435,0.807997754,-3.660730731,-3.613278943
7.33598,9.61074,1.310082634,3504.38,0.78594,1.185449532,5.25745128,0.182846194,-3.086718782,-3.172908216
4.30482,5.83475,1.355399297,575.504,0.51776,0.426034724,21.54309618,1.801236154,-4.187598936,-4.290003456
4.38283,7.29165,1.663685336,146.254,0.44416,0.174873026,24.42423784,0.446767407,-4.099786623,-4.440309965
4.46118,7.4007,1.658910871,173.394,0.46312,0.188708922,22.02195678,0.40913599,-3.970832041,-4.315378913
10.84779,23.87093,2.200533934,1763.03,0.8023,0.880443788,6.746010069,0.180859159,-3.197851759,-3.190803095
3.83148,12.5822,3.283900738,1256.81,0.6526,0.574861482,10.64688885,0.345381039,-5.541610125,-5.622671341
7.65386,20.68684,2.702798327,1558.36,0.71004,0.750993953,10.02430471,0.280561158,-3.583128796,-3.570726028
3.851,4.74764,1.23283303,375.928,0.5425,0.452626485,18.66949943,0.454985639,-4.124894185,-4.291145736
3.86824,6.00262,1.551770314,582.161,0.49896,0.380885496,18.29440246,1.137939659,-3.943877341,-4.086345201
7.72525,9.17432,1.187575807,3241.32,0.77592,1.093313193,5.767728232,0.191692248,-3.191998632,-3.238755345
8.41122,9.46604,1.125406303,3313.41,0.7777,1.116438651,5.818980725,0.192052942,-3.213438381,-3.22800612
11.37916,13.35791,1.173892449,589.063,0.55408,0.383024907,12.55416623,0.172811991,-4.182250985,-3.687087796
4.16158,5.62453,1.351537157,1246.15,0.62338,0.579263307,16.11753732,1.393245759,-3.457914037,-3.856081766
4.93156,8.83128,1.790768033,615.883,0.45152,0.314608621,22.71513704,0.764972574,-4.816449552,-4.543695255
3.94509,5.74545,1.456354608,1041.39,0.62448,0.453129195,16.05807442,0.715465371,-4.486749997,-4.466712703
7.49363,8.21847,1.096727487,1367.17,0.66292,0.540369582,13.27295112,0.615639138,-3.907758669,-3.92984744
7.97124,8.46005,1.061321702,1394.52,0.6707,0.553876392,13.4993717,0.642237241,-3.827418795,-3.877862484
4.11372,6.18049,1.502409012,1398.79,0.60906,0.622620678,17.48546918,1.825068505,-4.351017506,-4.530940988
6.0692,6.38985,1.052832334,783.672,0.56972,0.524005739,21.1973938,1.771676505,-4.190646503,-3.922738499
5.6316,6.80957,1.209171461,1442.51,0.58994,0.552787174,16.57654048,1.411437166,-3.729565134,-3.88766874
3.82113,4.68693,1.226582189,220.585,0.417,0.271556861,22.46636404,0.992312196,-4.474677443,-5.28990165
3.89974,4.76088,1.22081985,244.211,0.42052,0.277155681,22.32592815,1.035840193,-4.441459548,-5.225619274
12.0883,25.71531,2.127289197,5717.21,0.87874,3.035874687,8.309788442,0.665108919,-3.222196432,-3.219897962
9.03515,24.30948,2.690545259,4854.1,0.8463,2.213474918,9.766802666,0.734797516,-3.345960104,-3.337306026
6.32845,8.1286,1.284453539,1685.09,0.61166,0.699452477,14.88647316,1.264281843,-3.780498669,-3.856092049
9.5867,10.01279,1.044445951,2408.61,0.71116,1.012846441,12.09381132,1.057191653,-3.150008109,-3.162618391
9.59417,10.03253,1.045690247,2424.41,0.71136,1.016613432,12.03129815,1.050258968,-3.213234788,-3.176131485
9.58016,9.91946,1.035416945,2147.43,0.70022,0.895872222,11.94391036,0.910124023,-3.009285383,-3.065300015
7.14037,7.26111,1.016909488,1586.88,0.59978,0.63226915,15.40812235,1.986800296,-3.052559683,-3.365812342
4.15962,9.30827,2.237769315,1446.76,0.6279,0.736219194,14.40110004,0.969879684,-4.07070102,-4.119444161
4.98225,5.35067,1.07394651,1173.2,0.62644,0.476311407,13.04403567,0.461894889,-3.269128951,-3.426495301
5.98763,7.19827,1.202190182,993.602,0.5473,0.494832871,17.29369682,1.520813878,-3.476728499,-3.770762976
6.37447,7.11031,1.115435479,701.744,0.53378,0.42265878,14.30644656,0.578796927,-3.232633474,-3.445584676
3.9387,8.06664,2.04804631,1293.09,0.62486,0.538913996,16.78244237,2.12758476,-4.722247396,-4.713188462
4.26709,9.07505,2.12675383,1473.65,0.66108,0.523702389,13.76571945,0.909839439,-3.841043438,-3.878615396
4.02298,7.77196,1.931891285,1531.06,0.63002,0.650895521,14.95600368,1.429471488,-4.144764665,-4.18472702
4.11171,5.83271,1.418560648,2245.98,0.66604,0.859343248,15.04046049,1.545007043,-4.088519792,-4.151279227
4.09487,7.2529,1.77121618,1391.64,0.60988,0.594430745,15.49506346,1.254984573,-4.203789481,-3.83445714
5.66826,5.97637,1.054357069,1982.46,0.64602,0.705179635,15.45404322,1.927911833,-3.571141554,-3.828162111
4.74827,7.60143,1.600884111,1533.58,0.60814,0.589762985,17.11586509,1.572734393,-3.825067111,-3.936616133
5.0191,7.12952,1.420477775,364.382,0.42748,0.217066545,18.38272062,0.720375673,-3.350988878,-3.980540101
5.53694,6.12679,1.106529961,1044.23,0.54708,0.438003891,15.74987281,1.180497274,-3.379627881,-3.78583087
6.8337,8.47502,1.240180283,2112.09,0.66138,0.799629553,13.89067842,1.09767761,-3.89978826,-3.733028531
4.47989,7.1275,1.590998886,1244.3,0.6045,0.536794153,15.99436784,0.924005097,-4.507882054,-4.564852109
6.16089,10.92187,1.772774713,3041.04,0.73592,1.006759428,15.62393406,1.324339164,-3.947854323,-3.789953857
7.36684,8.35999,1.13481357,1653.52,0.64956,0.642282934,13.21449327,0.984741349,-3.424727992,-3.595397338
5.9051,9.9371,1.682799614,2671.63,0.683,0.922812104,11.95186048,0.965949088,-3.595992232,-3.577637482
5.33314,7.03241,1.318624675,1933.12,0.6341,0.632708042,16.10017007,1.727816031,-3.874304316,-3.923898924
4.07746,4.85832,1.191506477,572.069,0.53974,0.409604541,18.94823118,1.140256946,-4.099746592,-4.449064609
4.0805,4.8576,1.190442348,564.715,0.5455,0.414107752,18.92925332,1.168378297,-4.080255379,-4.560527797
6.74867,8.34589,1.236671818,395.899,0.50082,0.225733899,13.97744035,0.329712871,-2.552554402,-2.862258092
9.6087,12.95456,1.348211517,4743.72,0.82074,1.968933297,7.584282788,0.617082898,-3.206611881,-3.257524283
4.09444,6.09263,1.488025224,3003.53,0.68726,0.839168866,13.85701777,1.275316365,-3.694034689,-3.750352074
5.69956,6.04734,1.061018745,663.687,0.4951,0.328437616,18.51290826,1.342665717,-3.28295445,-4.081665818
5.7692,8.05193,1.39567531,972.046,0.61154,0.562542544,11.66474173,0.295661791,-3.383575587,-3.40096836
5.16312,7.09546,1.3742582,1841.41,0.6401,0.778239921,14.97951549,1.499066143,-3.841852325,-3.947870855
4.67009,7.68408,1.645381567,1554.64,0.63372,0.528756539,13.23951094,0.78538794,-3.616511168,-3.6698657
3.88044,5.17721,1.334181175,472.687,0.47356,0.301997972,22.19865681,1.987184709,-5.468901766,-5.967545269
5.10002,8.60372,1.686997306,2729.13,0.68892,0.87752908,13.40617699,1.406483792,-3.523396499,-3.588371239
6.62352,8.17736,1.234594294,2002.53,0.63456,0.676500313,15.26642924,1.181728464,-3.609798845,-3.615147303
6.25435,6.94357,1.110198502,1474.68,0.58524,0.568989655,16.7920108,1.441154824,-3.951556125,-4.043219807
4.73915,6.22529,1.31358788,1019.32,0.55374,0.507869249,19.18443111,1.926840238,-4.359428982,-4.492914946
4.04271,4.87289,1.20535235,1110.41,0.56076,0.501385884,19.45573823,2.45637298,-3.659348702,-4.019262339
8.40599,9.05788,1.077550651,2824.78,0.69858,0.988536553,11.24238682,0.824531234,-3.508701872,-3.521910645
3.80214,5.49154,1.44432872,196.459,0.44942,0.263317631,18.74205322,0.553398681,-3.504963,-3.706407243
4.34338,4.78823,1.102420235,707.917,0.55432,0.441176002,22.02175434,3.062643434,-3.036311771,-3.896631503
4.18424,5.70734,1.364008757,953.275,0.56412,0.406628655,18.49420797,1.864115515,-3.90585756,-4.168516123
12.05657,12.5848,1.043812627,2205.94,0.70538,0.962595014,15.10721998,1.172982994,-3.959128575,-3.984278659
4.14066,7.95891,1.922135602,1228.79,0.62324,0.534593677,16.53805183,1.086418056,-4.430185774,-4.441129702
4.15104,7.88297,1.899034941,1220.16,0.62596,0.540585355,16.58416933,1.09176722,-4.452423016,-4.403413731
6.57223,9.00136,1.369605142,2284.33,0.6981,0.817150683,15.43214276,1.020163073,-3.796261252,-3.895605003
5.9811,7.50154,1.25420742,2398.98,0.71096,0.867504692,12.25770235,0.739851275,-3.706111788,-3.73510772
4.81311,6.82644,1.418301265,1028.38,0.59484,0.520944082,18.89774065,1.114250639,-4.944176977,-4.790589802
6.86002,11.33189,1.651874193,3525.36,0.77556,1.193911293,9.929877306,0.672663227,-3.533401878,-3.562684917
6.54623,8.04408,1.228811087,3030.06,0.71652,1.028206365,12.27822252,1.001442857,-3.599244802,-3.63146069
4.89351,5.85362,1.196200682,401.812,0.49786,0.33738124,20.90575376,1.514073046,-2.572648688,-3.572378145
7.97253,8.1361,1.020516699,2772.73,0.71952,0.88502607,12.90022922,1.393011177,-3.440362602,-3.465672211
5.58535,6.27871,1.124139042,379.155,0.43226,0.305806114,15.19794153,0.40359693,-3.540829816,-3.77277811
9.81645,10.15365,1.034350503,1309.6,0.64228,0.574351454,10.85711426,0.269270508,-3.99242485,-3.431656687
3.90242,5.11247,1.310076824,582.892,0.55168,0.367343406,18.26350917,1.099603719,-3.828122807,-4.214544722
3.87591,5.09985,1.315781326,581.604,0.5486,0.363966881,18.31324418,1.093085929,-3.838749843,-4.140847111
5.26051,6.30539,1.198627129,779.966,0.55648,0.372112928,16.78219464,1.195035103,-3.481827759,-4.180967949
4.17051,4.98965,1.196412429,395.504,0.44168,0.312616343,20.53736907,0.971257966,-3.442843147,-4.068513964
4.45881,4.92633,1.104853089,720.743,0.47192,0.354821732,21.66276513,2.587050609,-3.271141539,-3.967582685
4.00605,4.53296,1.131528563,359.645,0.42808,0.292462305,24.10568075,1.760271542,-3.872571066,-4.529215837
3.82439,5.08767,1.33032196,594.918,0.53076,0.357161603,13.89796007,0.288926888,-4.295690341,-4.499395634
8.56589,9.75671,1.139018829,1189.34,0.58796,0.553145051,14.16775381,0.853895218,-3.376259976,-3.479677487
4.48765,6.47441,1.442717235,3016.26,0.7012,0.896408103,12.9928601,1.283936303,-3.461396396,-3.530757181
5.60478,9.50106,1.695170908,2610.62,0.70592,0.82914505,17.3484357,1.293161495,-4.095386202,-3.846286785
3.95109,5.41082,1.369449949,697.679,0.52524,0.438372171,17.89757519,1.181967387,-4.344380821,-4.933069976
11.41854,13.18944,1.15508988,3890.23,0.7779,1.444487772,11.93528684,0.97188745,-3.54827857,-3.55321277
4.05301,5.61648,1.385755278,524.132,0.50086,0.381282258,20.82932336,1.43008017,-4.041962343,-4.835922006
4.05978,5.60027,1.379451596,520.813,0.50048,0.380992981,20.87758835,1.437176256,-4.237717715,-4.860549729
4.10495,8.32537,2.028129453,1624.93,0.64494,0.779327179,14.20425866,1.028276194,-4.208065831,-3.882908755
5.00317,5.74994,1.14925937,858.904,0.5022,0.44276734,19.31045706,2.113421507,-3.917935395,-4.895392287
4.83187,5.56977,1.152715201,798.33,0.48718,0.419830751,19.73512489,2.106597802,-4.008339335,-4.92425694
4.88733,5.63983,1.15396955,852.337,0.49684,0.433478454,19.47926628,2.082036396,-3.994052282,-4.928949547
4.87769,5.60791,1.149706111,842.651,0.49028,0.424863731,19.64563872,2.130229429,-4.034296653,-4.948609757
4.91694,5.70711,1.160703608,851.936,0.49416,0.433207679,19.31508682,2.013815729,-4.126464297,-4.915645257
4.76089,5.28158,1.109368206,741.689,0.47818,0.403387857,20.43644764,2.102030024,-4.076403597,-5.071214229
4.83558,5.27742,1.0913727,731.715,0.47948,0.405963982,20.24661531,2.076594146,-3.954792568,-4.951691433
4.23353,5.93161,1.401102626,926.929,0.53918,0.47768308,19.79544838,2.255549018,-3.980917772,-4.232546629
4.89469,8.83543,1.805105124,4698.14,0.70502,1.129231696,14.45257275,2.41893303,-3.71644993,-3.725976236
4.45937,5.50159,1.233714628,1499.44,0.65494,0.538292102,14.00810684,0.685596561,-3.719207728,-3.77067857
5.98736,7.21513,1.205060327,1052.17,0.57754,0.451245429,14.77226123,1.04136468,-3.40411349,-3.507597194
5.48339,7.93406,1.44692608,1946.8,0.65098,0.669931008,12.85845175,0.937577973,-3.34880614,-3.407901763
5.31039,6.8261,1.285423481,2015.61,0.65738,0.647677787,14.71906993,1.421015123,-3.565771014,-3.533656018
4.61596,6.71751,1.455279075,1285.5,0.58898,0.509679038,15.96263263,1.135227848,-3.93835046,-3.904245145
4.20706,6.32021,1.502286632,623.824,0.53758,0.313275058,17.64327087,1.116010225,-3.462032985,-3.959220373
6.5073,6.8634,1.054723157,726.537,0.5622,0.521385911,20.48016036,1.618885734,-3.799587781,-3.596219825
4.00768,4.88126,1.217976485,1254.08,0.5981,0.571327589,19.43910625,2.931787232,-3.727612578,-4.138102941
3.81519,4.56903,1.197589111,1140.42,0.59528,0.550166359,18.78112052,2.13464445,-4.477117985,-4.29283084
4.35167,5.47734,1.258675405,441.332,0.53456,0.265714939,18.78389077,0.622161113,-4.474471689,-4.822827171
7.1324,10.65652,1.494100163,3338.5,0.76318,1.175070364,13.51557016,1.015155513,-3.847515657,-3.760145596
7.87011,11.02675,1.401092234,2516.25,0.72618,0.903367382,11.11873564,0.529837428,-3.618867587,-3.675285165
7.46213,9.90019,1.326724407,2019.37,0.69592,0.769652732,13.75256119,0.755993723,-4.176884625,-4.174015842
7.84586,11.37997,1.450442654,2422.18,0.732,0.925026127,11.02923567,0.510566667,-3.810072958,-3.800699071
8.17134,11.46361,1.402904542,2558.69,0.73756,0.944870189,11.00514345,0.51837763,-3.736673203,-3.750463277
7.21362,10.82518,1.500658477,2178.83,0.7124,0.841499485,11.03500854,0.508767666,-3.811183195,-3.777524114
6.86873,8.97021,1.305948844,1512.08,0.65952,0.645803141,14.74179172,0.743175479,-4.21438893,-4.167497214
4.7914,12.53944,2.617072254,2385.06,0.70004,0.850944859,16.69567222,1.785471061,-4.081337548,-4.020597323
5.16023,7.49376,1.452214339,2738.29,0.68608,0.951277003,13.80440364,1.661882778,-3.666586676,-3.713591084
9.18322,14.98566,1.631852444,2002.73,0.66712,0.916708578,18.66953789,1.967772323,-4.35674493,-4.390116304
8.71112,10.2269,1.17400518,2395.88,0.68814,0.967763711,13.54035383,1.158283867,-3.580534481,-3.597376559
7.14116,9.73841,1.363701415,2318.91,0.67196,0.893515114,14.84879538,1.254604097,-3.872382596,-3.897251341
5.27423,7.40163,1.403357457,1606.41,0.63294,0.616191904,19.66774087,1.679349851,-4.654535018,-4.627905423
5.17265,7.76009,1.500215557,1846.49,0.62694,0.614948504,12.74654298,0.717626119,-3.737931262,-3.7550437
4.71958,6.43339,1.363127651,1502.63,0.60764,0.648363034,17.43297262,1.694891443,-4.264090122,-4.41458556
3.84254,4.97475,1.294651455,342.096,0.45972,0.346893039,23.17545838,1.730625482,-4.590790946,-5.426853978
3.84058,4.95927,1.291281525,338.031,0.45524,0.343349323,23.13926302,1.709945818,-4.660938261,-5.393428987
4.95516,5.68783,1.147860009,575.167,0.4337,0.271201491,20.3991055,1.496589115,-3.515925587,-4.181025282
3.91519,5.14597,1.314360223,239.169,0.45896,0.324039622,21.671688,0.882991946,-3.320404298,-3.839250254
4.05672,6.08119,1.499041097,1673.04,0.63092,0.663606607,17.31112203,2.087077484,-4.501692582,-4.474291065
4.63989,6.29862,1.357493389,1005.24,0.53028,0.523862682,20.88805226,2.554342614,-3.411226511,-4.131315006
4.07784,6.32885,1.552010378,1955.06,0.61616,0.735354317,17.50389914,2.931986221,-4.004583135,-4.081011058
6.64666,9.77773,1.471074194,1139.51,0.59318,0.650270498,22.64123664,1.180016718,-4.728134864,-4.130501733
7.93542,10.78123,1.35862122,1639.7,0.63194,0.767663712,14.95204741,0.649892118,-3.593891336,-3.713612204
5.45731,6.25647,1.146438447,1623.82,0.57962,0.608631006,17.91559729,2.356543224,-3.994753151,-4.164746017
5.0269,7.1268,1.417732599,359.994,0.4262,0.215248177,18.36894548,0.716785369,-3.321303474,-4.010465319
5.08713,7.16916,1.409273991,358.321,0.43366,0.221855016,18.11540613,0.701734888,-3.359273914,-3.963292477
5.13218,7.42906,1.447544708,431.425,0.45532,0.2569149,17.35044166,0.744830271,-3.373368442,-3.842382628
5.07987,7.25865,1.428904677,400.088,0.44058,0.235753042,17.81591211,0.72299914,-3.37508509,-3.916349765
5.08834,7.23101,1.421094109,385.825,0.43948,0.230907859,17.88767009,0.724360531,-3.332597939,-4.026803859
9.8426,9.97802,1.01375856,933.314,0.57052,0.532052597,12.05924055,0.428775275,-3.372490513,-3.337573912
9.94208,10.07018,1.012884628,793.564,0.55722,0.454528399,11.79296049,0.360807632,-3.29932768,-3.251909403
9.84285,9.99905,1.015869387,948.259,0.56764,0.531254387,11.9420558,0.420909245,-3.35030118,-3.385693122
9.93982,10.09823,1.015936908,800.902,0.5615,0.458880544,11.88847432,0.367169797,-3.260659786,-3.408677965
10.00017,10.18241,1.01822369,912.97,0.57188,0.535242641,11.91948406,0.43891096,-3.254681322,-3.248380198
10.05798,10.18191,1.01232156,817.203,0.5648,0.466487714,11.84142366,0.36130006,-3.313261394,-3.386659432
7.19713,8.07557,1.122054208,1219.62,0.58964,0.600752112,17.25143499,1.277951334,-3.696461456,-3.729830819
4.2524,6.31717,1.48555404,2200.22,0.62774,0.702321642,16.52440145,2.142728105,-3.936860155,-4.016000294
6.50142,9.5634,1.470970957,3107.28,0.715,1.050657873,10.8936592,0.773641817,-3.56800209,-3.602676152
4.49344,6.1387,1.366147094,1807.69,0.65712,0.699019955,15.57502223,1.394505585,-4.021337681,-4.22942533
6.50064,8.56175,1.317062628,1077.1,0.59424,0.431672236,13.5082142,0.560378019,-3.272008175,-3.346365392
5.45798,7.04332,1.290462772,1474.03,0.62808,0.532767834,14.76874382,0.843267383,-3.831125296,-3.956543697
4.25333,5.08668,1.195928837,441.261,0.49492,0.332341743,21.6111286,1.608867225,-3.690318792,-4.46922555
5.34059,7.09944,1.329336272,2318.54,0.66844,0.748207945,13.92145392,0.998378517,-3.733026706,-3.739387924
5.87305,6.9462,1.182724479,1555.01,0.64562,0.510993621,13.59340563,0.863010903,-3.345215436,-3.600356444
5.43482,9.5696,1.760794286,2494.11,0.7068,1.056818182,12.58162071,1.232390175,-3.736593189,-3.740207139
5.35547,5.93071,1.107411674,2738.01,0.68626,0.791935017,13.91954913,1.854830917,-3.467102556,-3.536724078
8.78691,13.52781,1.539541204,5101.42,0.84438,2.069411733,6.849132256,0.471652426,-3.27764534,-3.217657716
6.24859,7.286,1.166023055,2267.43,0.64522,0.743750591,13.55160088,1.426127256,-3.495376654,-3.593743596
7.89388,14.86745,1.883414747,3538.74,0.80412,1.320055946,7.711006735,0.403322098,-3.542832614,-3.528211186
6.40962,6.76851,1.055992399,971.418,0.56466,0.528430785,18.63283134,1.09658498,-4.154780813,-4.058115462
4.99407,8.03478,1.608864113,2290.09,0.6774,0.829008189,14.23028812,1.547944981,-3.885311671,-3.983626153
6.22623,8.03748,1.290906375,1661.27,0.63388,0.582738839,13.0670992,0.754800953,-3.659320611,-3.686245198
5.576,8.07184,1.447604017,2039.72,0.6414,0.696976184,14.32922328,1.219051066,-3.718802848,-3.784180587
5.62116,8.36266,1.487710722,2682,0.6693,0.835094689,16.51797712,2.039891775,-4.080573035,-4.082034867
4.36716,5.68988,1.302878759,327.734,0.50092,0.364326652,21.31281388,1.590037092,-3.825755378,-4.501291235
4.37091,5.34889,1.223747458,648.205,0.52424,0.394925571,21.04699423,2.270352971,-3.897181153,-4.64827857
4.11763,5.71457,1.387829892,302.482,0.49356,0.351320763,21.99940305,1.564783877,-4.271611669,-4.799521063
6.20483,7.57252,1.220423444,1538.09,0.64122,0.567943881,16.7813464,1.070512896,-3.9189346,-3.866328608
4.49755,14.06271,3.126749008,1945.41,0.70444,0.756436702,13.38432777,0.828806441,-4.000384674,-3.980809247
7.12488,8.36657,1.174275216,1702.48,0.64952,0.595796986,13.34500471,0.903931594,-3.657768947,-3.662833226
4.80817,5.97545,1.242770118,1915.9,0.6495,0.683371298,14.39887091,1.227914775,-3.934605514,-4.051676222
5.02145,6.22091,1.238867259,1566.73,0.62322,0.613103788,14.09803455,1.039066632,-2.851742828,-3.126056714
3.85425,5.76939,1.496890446,1393.82,0.60596,0.583872118,13.9261601,0.676580836,-3.947253653,-3.996432562
3.95603,7.62911,1.928476275,1627.05,0.60912,0.66074679,16.47528742,1.358366299,-4.224711478,-4.264270677
6.5153,7.15079,1.097538103,1368.21,0.57664,0.653061224,21.04951109,1.197042623,-3.996726314,-3.964340653
4.72819,6.90703,1.460819045,1341.61,0.59866,0.529684486,15.56901773,1.054005228,-3.930776318,-3.889236452
5.14931,7.40462,1.437982953,731.305,0.61198,0.592309405,15.63894744,1.57717708,-3.998976019,-4.35722957
8.64872,9.70753,1.122423896,2700.99,0.71546,0.872992341,12.40053448,0.978842762,-3.65301798,-3.636375204
11.62964,13.1918,1.13432574,3172.23,0.75586,1.093976371,11.28365345,0.789761311,-3.604362434,-3.591392088
8.71131,9.64298,1.106949471,2574.87,0.71204,0.879562319,14.28742107,1.214836296,-3.807812872,-3.798639035
11.14997,12.65736,1.135192292,3381.81,0.75748,1.116724777,11.32984606,0.815804487,-3.608771505,-3.592796963
12.09962,12.46942,1.030562943,3428.8,0.76174,1.152675741,11.08748597,0.777979057,-3.624076356,-3.544053364
6.68644,6.89356,1.030976125,1405.32,0.61704,0.598928405,14.0022839,1.115110447,-2.943091969,-3.187272371
5.60823,12.59507,2.245819091,2822.83,0.72258,0.956815013,12.01926544,0.77673353,-3.82838387,-3.867148788
5.18128,5.93683,1.14582304,369.13,0.43244,0.322523866,20.22936485,0.92858742,-3.21647151,-3.943029008
5.61829,17.88281,3.182963144,2596.23,0.74628,1.247563483,16.32355848,0.924034647,-3.916194757,-3.946948053
3.94057,12.81278,3.251504224,1457.29,0.61784,0.664471264,20.0055404,2.585552047,-4.32533477,-4.325966137
9.58722,12.9498,1.350735667,4715.17,0.82062,1.965966561,7.553390781,0.605045104,-3.249803853,-3.285777181
5.07102,5.30738,1.046609952,680.619,0.47642,0.383603337,20.2966808,1.965038975,-3.260663394,-3.915924672
5.00268,8.74413,1.747889131,2122.03,0.65026,0.775777734,14.29238329,1.249182361,-3.729891209,-3.787043136
5.99396,7.4896,1.249524521,2915.32,0.71736,0.900642563,13.8027559,1.486772604,-3.653228793,-3.624357924
7.56837,8.24958,1.090007492,793.907,0.51054,0.448058274,15.85320149,0.580808599,-4.08466841,-3.881970585
7.95732,20.39112,2.562561264,4718.68,0.8291,2.054821681,8.225980418,0.697435049,-3.290705818,-3.287419216
7.90669,20.29966,2.567403047,4598.3,0.82692,2.00079362,8.289658508,0.688873307,-3.281544038,-3.276462205
7.92146,20.33339,2.566874036,4669.87,0.82362,2.026020796,8.269263289,0.696903513,-3.334805839,-3.318046889
7.71087,8.09105,1.049304423,1212.52,0.57098,0.552002166,16.02135285,1.113194089,-3.61623871,-3.473916648
10.92142,14.63466,1.339996081,2494.33,0.76056,1.364218502,18.20596092,0.931152256,-4.075600596,-3.846206777
9.93166,12.5506,1.263696099,1862.23,0.68806,0.845336557,12.24450738,0.663844651,-3.429306382,-3.430108012
9.97272,12.6239,1.26584322,1859.95,0.68902,0.854604809,12.09093061,0.635180472,-3.403366665,-3.464529901
5.9816,6.40396,1.07060987,1119.23,0.53568,0.498557415,15.05229468,0.812486994,-3.629730163,-3.338478861
6.29787,6.62997,1.052732114,1419.79,0.61066,0.583124845,14.17756348,1.126035852,-2.854325954,-3.129199855
7.21043,7.67622,1.064599476,1579.79,0.63088,0.631085103,13.33356515,1.103498039,-2.737583957,-3.035591365
7.00403,7.53698,1.076091907,1604.15,0.6266,0.634215662,13.07707151,1.001895749,-2.807471284,-3.025513621
7.13922,7.63542,1.069503391,1615.86,0.6268,0.635035779,13.09908595,1.024511104,-2.71738495,-2.961562552
7.09783,7.60668,1.071690925,1620.96,0.62692,0.636114398,13.07362688,1.010034103,-2.787120512,-2.996824366
7.09297,7.61343,1.073376879,1626.7,0.6271,0.635262488,13.09702989,1.019068703,-2.829503059,-3.020765466
7.09254,7.60999,1.072956938,1626.4,0.627,0.63516376,13.09703379,1.020998249,-2.784560605,-3.054398405
9.8398,10.73827,1.091309783,1785.51,0.68188,0.77950078,12.72564515,0.770043005,-3.701320646,-3.749461295
9.09464,9.41711,1.035457148,1639.9,0.6678,0.691415289,13.46073483,0.911161878,-3.784286036,-3.779833594
7.94571,10.66058,1.341677459,2567.2,0.74448,0.981699936,11.44094907,0.409493495,-3.675608805,-3.639563921
5.9349,7.26408,1.223959966,1663.21,0.61874,0.666344303,14.9202627,1.640940188,-3.274668696,-3.521884166
7.3234,9.64796,1.317415408,2323.94,0.67216,0.901392132,10.873949,0.629654689,-3.521855163,-3.509820739
10.12794,11.31643,1.117347654,1453.13,0.65254,0.629257473,11.01215068,0.435383421,-3.638486626,-3.652570193
5.76,7.2725,1.262586806,350.341,0.4548,0.342614355,14.03595575,0.206037673,-3.746990184,-3.856744837
5.75367,7.28997,1.267012185,381.331,0.46264,0.350827703,14.52302187,0.228147552,-3.778579599,-3.975825038
8.20364,8.50919,1.037245662,450.763,0.44706,0.330543438,14.85779641,0.58363347,-2.965886163,-3.183298236
8.16692,8.46927,1.037021301,430.875,0.44636,0.330003918,14.85406998,0.577535626,-2.912492875,-3.126347564
7.90173,8.23002,1.041546598,464.16,0.45058,0.339619513,13.58295274,0.387517736,-3.131960231,-3.249717383
3.84672,5.75448,1.495944597,1085.72,0.57082,0.44822225,16.97835627,1.516244112,-4.485034904,-4.600402398
3.82869,5.76124,1.50475489,1080,0.57272,0.450113566,16.96767065,1.53627199,-4.497249365,-4.607721757
7.72074,9.86619,1.277881395,648.341,0.62682,0.307694573,10.10703649,0.131990688,-3.707244752,-3.801775634
5.33678,6.84915,1.283386237,1097.47,0.54296,0.481860135,16.51135072,1.598006112,-3.33376404,-3.678581237
3.9591,4.91096,1.240423329,262.856,0.43278,0.261549061,21.31063485,0.874907167,-4.886505214,-5.739752539
3.92459,6.10337,1.555161176,577.265,0.47374,0.361948566,20.71680114,1.668571311,-3.674533976,-4.62257901
3.80786,5.9828,1.571171209,803.258,0.52816,0.433992342,19.98481338,1.796425322,-4.672123733,-5.129982403
4.37179,6.7342,1.54037591,1841.93,0.65674,0.61232786,14.50395715,1.362269739,-3.674689043,-3.719427834
4.32524,6.79743,1.571572907,1815.73,0.65534,0.604328621,14.71088363,1.426585842,-3.647414283,-3.713985204
3.88747,4.87862,1.254960167,1107.36,0.61702,0.475761618,14.82125355,0.676432973,-4.116429693,-4.16897382
3.89845,4.90885,1.25917993,1123.87,0.62276,0.483911324,14.71136357,0.661148457,-4.083066798,-4.161990744
4.26379,5.5138,1.293168754,808.591,0.54808,0.339215092,15.40330448,0.672627047,-3.937367253,-3.77400172
4.23311,5.47175,1.292607563,780.545,0.5449,0.327885622,15.54888441,0.677742769,-3.959558137,-3.782462703
4.19271,5.40684,1.289581202,738.853,0.54004,0.315252417,15.8703269,0.700586462,-3.956427028,-3.831214258
4.34633,7.2534,1.668856253,832.347,0.57672,0.463657193,17.69409881,1.143016555,-4.290443996,-4.506264538
4.94123,5.93474,1.201065322,1533.76,0.59878,0.53362921,14.37790696,0.771971823,-3.712044554,-3.819217616
4.84545,6.70756,1.384300736,1816.55,0.64956,0.562306847,14.79790966,1.278811428,-3.67715649,-3.757868609
5.74465,6.60931,1.150515697,1225.68,0.60488,0.517517817,15.06405897,0.98308311,-4.038963143,-4.218837158
4.36093,5.51379,1.264361042,379.088,0.44002,0.247410739,18.3494868,0.883141443,-3.079648826,-3.769865606
4.30835,5.46839,1.269253891,357.793,0.4356,0.240930536,18.70510824,0.921292254,-3.136537301,-3.723467683
4.21783,5.39984,1.280241262,346.389,0.42988,0.23323748,19.1961546,0.959721915,-3.131339628,-3.858009626
5.70962,7.40414,1.296783324,660.613,0.49776,0.424391242,15.97803979,0.785727989,-3.502384095,-3.651024107
4.05594,6.19427,1.527209475,608.921,0.488,0.41022882,19.99795874,1.171359007,-4.899474835,-4.908047397
4.84213,6.13171,1.266324944,564.94,0.45872,0.358812302,18.51169395,1.225025213,-3.644012688,-4.357089692
4.41962,5.63215,1.274351641,3266.68,0.6922,0.975459898,15.1810727,2.029198291,-3.776494677,-3.901930439
13.53695,14.94628,1.104109862,2266.27,0.71036,0.899287771,15.04657322,1.524141612,-3.849147217,-3.877087927
3.88793,5.27982,1.358002845,356.265,0.5189,0.27001712,22.47602468,1.359785355,-5.053494314,-5.529830566
5.56143,7.09926,1.276517011,2952.44,0.71716,0.888264641,12.50901546,0.844863596,-3.861065029,-3.872792443
4.67136,5.42885,1.162156203,381.86,0.44926,0.328641863,19.86677333,0.9187427,-3.762620185,-4.566082725
5.80849,9.78657,1.684873349,1111.39,0.5566,0.587630412,13.55979076,0.462192728,-4.064694984,-4.04947249
3.85894,5.17469,1.340961508,514.799,0.5264,0.335799949,18.98186499,1.126580086,-4.839412352,-5.053327178
5.90208,7.07203,1.198226727,970.686,0.60388,0.418471858,14.61040601,0.721361508,-3.542600951,-3.668124143
3.97403,7.60738,1.91427342,787.876,0.51746,0.392711322,18.68316407,1.37273424,-4.295455249,-4.503100292
5.17695,5.9118,1.141946513,664.296,0.49168,0.368079054,17.34114016,1.117212711,-3.352369201,-3.797173162
4.21049,5.58529,1.326517816,536.175,0.55504,0.319799031,13.24045839,0.239708834,-4.051353184,-4.162811514
4.0827,5.1026,1.249810175,321.126,0.44804,0.272920537,15.06561856,0.255624814,-3.583285594,-3.735466944
7.21043,8.1309,1.127658129,2955.04,0.70906,0.99044836,10.82562311,0.804937204,-3.396405258,-3.42222677
4.70003,6.56789,1.397414485,1842.69,0.64936,0.652802882,16.34482013,1.5556021,-3.927014759,-3.931391311
4.40009,5.23045,1.188714322,1086.26,0.57466,0.479102922,18.759814,1.90849975,-4.410763639,-4.759062696
6.47014,7.41428,1.145922654,2257.4,0.6624,0.811415678,15.18034279,1.888583779,-3.790805375,-3.806658865
3.82611,5.87643,1.535875863,1078.63,0.56336,0.547509597,20.78221371,2.790118956,-4.372322199,-4.607922699
4.14343,7.17756,1.732274951,1637.07,0.59258,0.632712985,14.66998213,1.133213421,-4.002616679,-4.166122296
4.73774,6.46497,1.364568338,1534.47,0.59666,0.633503957,15.76112994,1.457235141,-4.042342314,-4.160185425
5.45118,6.46968,1.18684028,1123.13,0.5422,0.522854388,16.69138515,1.593916973,-3.895572402,-4.208808383
4.18127,5.96324,1.426179127,1751.03,0.60948,0.616394093,17.10356692,1.869941545,-4.143004601,-4.248330073
3.87203,5.63872,1.456269709,932.076,0.56508,0.529135805,17.29013253,1.656162844,-4.365827973,-4.719135758
4.07473,4.795,1.176765086,1736.46,0.70036,0.616579216,9.049439062,0.111168308,-3.910212862,-3.850197649
4.56275,5.53493,1.213068873,3384.59,0.75294,0.807375691,7.387837998,0.138406914,-3.485951639,-3.486127959
4.12661,5.0332,1.219693647,664.527,0.51396,0.466147274,22.8715251,3.093523489,-4.237184969,-5.028497915
4.2399,5.00227,1.179808486,621.816,0.515,0.466493958,23.85321664,3.585558197,-4.364579791,-5.14779392
4.23615,5.19102,1.225409865,473.651,0.47992,0.39523986,22.82284037,2.253254895,-3.595367868,-5.303903657
3.92423,5.53585,1.410684389,1363.64,0.62358,0.503256422,16.15434589,1.473855023,-3.997192178,-4.098155601
5.87333,8.76636,1.492570654,3555.74,0.74126,0.993198774,10.87754099,0.912741339,-3.398719225,-3.401389611
6.64746,8.08882,1.216828683,1969.32,0.65574,0.764300475,12.83360222,0.99016645,-3.644242017,-3.679139482
4.51959,4.69268,1.038297722,215.983,0.40958,0.220089523,26.32428177,2.208928373,-2.622456399,-3.378705722
4.49829,4.6866,1.041862574,217.594,0.40668,0.21771111,26.38401409,2.197657683,-2.364659885,-3.414635771
4.12276,5.10392,1.237986203,1899.92,0.7036,0.62461716,9.084085672,0.131325953,-3.734558153,-3.76648912
5.28768,6.55692,1.240037219,1112.41,0.53644,0.556149378,17.69816733,1.407545675,-4.471514718,-4.658989122
4.63079,6.09081,1.315285297,1578.11,0.6162,0.613690008,16.56613083,2.043841038,-3.606477818,-3.912263669
5.9549,6.35523,1.06722699,3067.29,0.6982,0.894388615,13.21916909,1.192744973,-3.694980985,-3.765841899
6.75629,8.83948,1.30833342,1743.86,0.63036,0.670818399,16.75904534,1.351423958,-3.914054391,-3.938377645
4.17724,7.1377,1.708711972,782.02,0.52046,0.417597407,16.68794112,0.785808508,-4.26191982,-4.331900158
10.39011,11.25458,1.083201237,2141.83,0.69712,0.832416877,12.4741286,0.732187829,-3.782060706,-3.775424471
14.15107,15.02825,1.061986832,2447.31,0.73902,0.902352035,11.60581918,0.544045203,-3.601857936,-3.623275382
4.41794,5.70852,1.292122573,609.052,0.5292,0.316138475,23.91864992,1.964340964,-3.901313574,-4.482511259
4.33438,5.5699,1.285051149,479.813,0.51378,0.265736364,24.29562053,1.677445516,-3.647567038,-4.204393797
6.48704,6.94577,1.070714841,1610.24,0.6243,0.617013076,13.65336224,1.169661613,-2.862358601,-3.047191388
6.74283,7.25204,1.075518736,1554.36,0.63084,0.624402411,13.51707074,1.142015013,-2.796786272,-3.032150088
6.6722,7.08623,1.062052996,1415.71,0.61824,0.601886737,13.65605426,1.104542158,-2.80752236,-3.07182296
6.67398,7.14051,1.069902817,1511.74,0.62202,0.61248363,13.54773165,1.124578774,-2.830436432,-3.158638887
6.10481,6.58573,1.078777226,1558.56,0.61984,0.606402129,13.93223416,1.221115557,-2.850433025,-3.071789952
6.6128,7.08508,1.071419066,1642.83,0.62734,0.62638789,13.47167902,1.131292511,-2.818217636,-3.052985485
6.41176,6.87071,1.07157941,1618.25,0.62586,0.624947577,13.55476386,1.139905136,-2.781898227,-3.127471694
3.88626,6.17038,1.587742457,771.313,0.55796,0.512030834,23.72994519,2.128100686,-4.852010388,-4.793252928
3.92033,4.6872,1.195613635,218.591,0.48568,0.392459173,26.06297937,2.155616625,-4.027324594,-4.293842875
5.13969,7.47721,1.454797857,1463.66,0.58642,0.633790106,16.84198855,2.287796228,-3.390931151,-3.737647938
5.23786,5.79357,1.106094856,954.734,0.5643,0.396829862,17.40529294,1.80149882,-3.133083166,-3.607981703
5.52341,9.19521,1.664770495,2015.37,0.64538,0.733975212,16.45361935,1.861337274,-3.981480835,-4.015557378
5.2438,7.48898,1.428158969,781.097,0.6258,0.613162716,15.38360956,1.564414832,-3.978290598,-4.410872877
4.86526,7.42959,1.527069468,565.983,0.52134,0.326893776,14.43676492,0.342795297,-3.684546388,-3.754110917
6.01818,8.71773,1.448565845,1209.68,0.63552,0.475670821,12.28557488,0.474727059,-3.487088442,-3.561850881
5.83377,8.6676,1.485763066,1201.12,0.63344,0.471218365,12.40891384,0.478540707,-3.556785233,-3.610552118
6.31963,9.11936,1.44302119,1470.49,0.64542,0.579647409,11.77936754,0.510481249,-3.514559174,-3.619872103
3.97754,6.18145,1.554088708,2300.91,0.66286,0.7027897,15.35274342,1.896420159,-3.890809776,-3.973865691
7.53546,24.1004,3.198265268,3286.62,0.78752,1.380042723,12.0708206,0.671236546,-3.733652658,-3.724702066
6.75259,23.87439,3.535590048,3213.6,0.79352,1.454878809,12.75122746,0.616520061,-3.687726048,-3.716995612
5.26119,6.84955,1.301901281,1713.55,0.6178,0.671784611,19.18766056,2.313903698,-4.329782157,-4.346054021
8.48639,9.04728,1.066092885,1898.32,0.66838,0.760118729,17.22791305,1.7474756,-3.48187002,-3.370891664
5.32108,7.0561,1.326065385,890.553,0.55636,0.394948498,14.79563567,0.76141895,-4.140753863,-4.340312372
10.51321,18.94727,1.802234522,1771.4,0.7951,0.790334284,5.0477177,0.100142381,-3.090607381,-3.095922383
10.34053,10.56188,1.021406059,1606.53,0.6606,0.731775403,10.66305271,0.34694591,-3.865961643,-3.409678953
7.02117,7.92311,1.128460071,1334.79,0.58806,0.564275776,14.46735465,0.904621627,-3.37909891,-3.600089512
4.17711,5.42105,1.297799196,1991.4,0.61692,0.711194524,17.32515369,2.431275314,-3.87427513,-4.032570655
3.897,4.92906,1.264834488,1043.25,0.57606,0.450596039,18.98742701,1.970821123,-4.829238326,-5.072858163
4.5721,5.98483,1.308989305,1927.8,0.63406,0.670710293,16.69435776,2.403696523,-3.734360593,-4.09219206
4.53541,6.46265,1.424931814,1551.65,0.58576,0.56958382,16.90851841,2.316882647,-3.692545716,-3.97112557
7.9821,15.02646,1.882519638,3701.88,0.81106,1.36304129,7.603877689,0.41219408,-3.476918505,-3.502559496
7.67619,8.14433,1.060985984,1334.6,0.66568,0.543416681,13.55320379,0.618743775,-3.834753351,-3.897876067
6.41603,18.775,2.926264372,3508.39,0.76482,1.252351782,11.19418445,0.820736775,-3.474192672,-3.476483213
7.69354,8.87098,1.153042683,973.885,0.55986,0.39798965,10.69674863,0.215499952,-3.679399505,-3.70924223
16.71746,16.78888,1.00427218,1961.59,0.77044,1.080223156,10.59174037,0.645849604,-2.856216382,-2.937399363
6.47099,8.24333,1.273890085,2179.07,0.66502,0.769134686,12.88328133,0.890752317,-3.566762177,-3.62346515
4.38483,6.15862,1.404528796,1370.87,0.60726,0.56335232,17.77692006,2.245966796,-4.343019714,-4.480599012
6.43648,6.91507,1.074355859,776.782,0.5279,0.455809215,20.86226365,1.559061934,-3.338443163,-3.667690972
19.56277,24.11444,1.232670016,2769.19,0.85352,2.151718435,8.080909274,0.425625,-3.079320707,-3.09284314
6.5918,11.77864,1.786862465,2699.15,0.73976,0.930782665,17.91375016,0.961838092,-4.220677845,-4.108091122
10.12824,14.29207,1.411110914,2649.84,0.77246,1.190273307,17.20856757,0.857399407,-4.016176918,-3.888948352
8.72571,12.47571,1.429764455,2728.65,0.75322,1.109932245,18.5790197,1.07768815,-4.175697488,-4.017239034
7.62193,11.30323,1.482987905,2996.36,0.7445,1.098490885,18.08072906,1.163044967,-4.148588328,-4.01828539
7.19983,12.36076,1.716812758,2899.65,0.74754,1.086831362,17.73862343,1.095944467,-4.175693246,-4.073285704
8.4918,11.02963,1.298856544,2775.46,0.73292,0.996084539,18.12927905,1.069432427,-4.255141122,-4.176233622
9.14708,11.82924,1.293225816,2808.05,0.74898,1.087765722,18.2903432,1.112182987,-4.312422441,-4.055678576
6.59467,11.54376,1.750468181,2988.57,0.73652,1.039316567,17.75457596,1.156671058,-4.197493798,-4.020702526
8.43938,11.4181,1.352954838,3086.27,0.7373,1.060706111,16.33096861,1.360725227,-4.057731745,-3.769305192
6.15217,12.20585,1.983991015,2577.21,0.70956,0.894278613,11.48148427,0.644758227,-3.761213574,-3.8244198
5.19047,10.81396,2.083425971,2196.41,0.73196,0.735583484,10.12394443,0.47979723,-3.734533643,-3.718676294
4.2919,4.6846,1.091497938,428.223,0.4655,0.352940284,22.86829888,2.011849156,-3.691281631,-4.575734208
9.15991,17.5271,1.913457665,4124.42,0.80388,1.630042683,11.07591383,0.713847215,-3.691578706,-3.643792413
14.45168,16.95031,1.17289547,3152.87,0.82286,1.639032746,9.334124017,0.487401771,-3.424845506,-3.441095968
8.74134,21.37941,2.445781768,4439.7,0.82442,1.960976468,9.508030763,0.647191157,-3.383385028,-3.377493041
4.60356,8.83209,1.918534786,2147.85,0.6528,0.729929456,16.10117819,2.302574101,-3.81354466,-3.856181673
4.64589,5.46454,1.17620951,959.73,0.52802,0.45504059,18.36345707,1.818277042,-3.931898831,-4.263988469
4.62581,5.66684,1.225048154,950.925,0.52422,0.446612198,18.16807202,1.807378671,-3.894799315,-4.219770076
4.65074,5.66299,1.217653535,924.954,0.53938,0.41289404,18.67306616,1.794283974,-3.979448894,-4.321541209
8.47189,17.75046,2.095218422,4797.36,0.79004,1.722770161,12.4705519,0.915077238,-3.688654689,-3.654281027
8.58252,21.33814,2.486232482,4642.34,0.82328,2.039406866,9.531921059,0.700660129,-3.409683908,-3.402289273
10.49588,25.24149,2.404895064,5543.64,0.87108,2.991829038,8.13398866,0.618543376,-3.272251271,-3.206898648
8.81904,10.86981,1.232538916,3383.5,0.75616,1.135916044,13.92512272,0.869668189,-3.699794633,-3.732015015
8.95533,10.97224,1.225218948,3307.78,0.75668,1.14029615,14.38113107,0.936949662,-3.674431682,-3.680532245
7.63115,21.77625,2.853600047,4456.81,0.82692,1.827314251,8.908334648,0.685956942,-3.44526188,-3.441789394
10.79351,11.87679,1.100364015,1419.49,0.65456,0.612379313,11.58852052,0.525745803,-3.542376735,-3.572571097
10.03888,17.63143,1.756314449,1647.88,0.69026,0.918157779,29.28558386,1.521723516,-7.05883045,-4.375290928
5.9743,7.4254,1.24289038,1928.96,0.69778,0.497855976,7.761386135,0.147181805,-3.255994608,-3.230620702
5.4202,9.61179,1.773327552,2525.84,0.70412,1.056130362,12.62316258,1.236945807,-3.776929244,-3.878775054
5.39631,9.7447,1.805808043,2552.1,0.70632,1.068918551,12.5822156,1.232590231,-3.792306777,-3.766911763
5.38216,9.71412,1.80487388,2474.06,0.70686,1.058764849,12.6782287,1.263908773,-3.756107534,-3.740786596
5.45923,9.71962,1.780401265,2458.67,0.70608,1.060463607,12.65693432,1.254054848,-3.809162228,-3.980792052
6.63779,8.05832,1.214006469,1095.26,0.61032,0.414318396,12.91110501,0.399088722,-3.687560603,-3.731782591
6.74383,8.53606,1.265758478,1227.06,0.6312,0.451515065,11.97359434,0.36914179,-3.598695584,-3.619224814
6.78307,8.49651,1.252605384,1227.28,0.6283,0.448737635,12.00375231,0.375245633,-3.589801319,-3.656344481
19.6462,27.62636,1.406193564,4479.93,0.87038,2.727395221,7.538236481,0.555630819,-3.167534037,-3.268968976
8.65245,9.33807,1.079239984,1101.49,0.62566,0.467021975,13.51965113,0.799133677,-2.922252965,-3.095532714
26.8915,28.38912,1.055691204,4330.91,0.86968,2.68225207,8.926280599,0.745223923,-3.283907608,-3.29225146
26.5894,28.056,1.055157318,4872.66,0.87052,3.063140412,9.379593324,0.923081773,-3.291079675,-3.255522307
8.6768,8.83227,1.017917896,1876.71,0.67246,0.79422033,12.33965722,0.837748224,-3.29254205,-3.457765866
5.12978,5.63389,1.098271271,2074.77,0.66092,0.640513248,13.76278076,0.975098174,-3.545240904,-3.627078338
3.98828,4.78374,1.199449387,607.51,0.5199,0.416319667,21.05349462,1.994130882,-3.881265387,-4.085957093
3.89264,5.48014,1.407820913,994.666,0.58622,0.526229803,19.37932408,2.240245768,-4.308580021,-4.589574963
5.04936,7.20433,1.42678082,380.505,0.43506,0.229750425,18.1080371,0.74709806,-3.343574468,-3.971818786
8.57778,11.26671,1.313476214,4087.84,0.7968,1.463758744,8.907201045,0.656707643,-3.339330288,-3.362629669
4.9693,7.56056,1.521453726,2225.05,0.6369,0.746514449,14.1507846,1.378861724,-3.737778044,-3.789917527
5.51475,6.6136,1.199256539,467.709,0.4665,0.211101256,14.73335676,0.287549587,-3.223786882,-3.369408224
11.09496,12.8466,1.15787709,1967.31,0.6925,0.982567758,15.78727918,0.953229992,-4.056407102,-3.999834462
7.48583,9.92059,1.325249171,1118.24,0.5647,0.557833075,17.53255007,1.024778005,-4.311424701,-4.345386858
6.03574,6.92889,1.147976884,2307.33,0.65556,0.871981431,15.64299161,1.816929645,-3.889805086,-4.11930459
4.85353,5.87095,1.209624747,599.756,0.49236,0.34211148,16.79696963,0.789592242,-3.745869857,-3.969622071
5.27198,6.2294,1.181605393,1301.09,0.62858,0.548719381,14.70268676,1.090861353,-3.187688096,-3.37357359
9.82723,10.25461,1.043489366,997.71,0.57396,0.535465393,13.4624346,0.550213667,-3.607064741,-3.169724684
9.92334,10.34811,1.042805144,998.311,0.57372,0.536452635,13.37677113,0.541778933,-3.723136285,-3.247737369
9.82936,10.26924,1.044751642,997.512,0.58698,0.556954579,13.4851085,0.553781487,-3.622596272,-3.24015792
9.65715,10.25508,1.061915783,981.732,0.57158,0.534826709,13.50911891,0.528773386,-3.666685744,-3.275126271
9.86894,10.30863,1.04455291,994.204,0.57346,0.534291118,13.55584216,0.545102781,-3.699851723,-3.2208068
5.51402,13.89765,2.520420673,2141.49,0.73214,0.888296265,9.37734303,0.359380176,-3.663452871,-3.67578775
4.73463,5.21702,1.101885469,808.04,0.51112,0.448823323,22.67024183,3.353426684,-2.870385746,-3.716330204
5.98977,9.1487,1.527387529,1449.51,0.59132,0.638698667,15.81446727,2.096071676,-3.338349133,-3.608663562
4.66172,5.75292,1.234076693,347.817,0.4715,0.365864068,20.65742299,0.822262598,-3.866370254,-3.976452332
5.13094,6.957,1.355891903,638.898,0.5275,0.33410182,13.66287464,0.376760349,-3.350293754,-3.550286651
5.09054,6.88318,1.352151245,599.889,0.531,0.334027389,13.60993642,0.360200038,-3.332131862,-3.610761128
6.39579,6.80122,1.063390136,1116.3,0.56292,0.433639158,15.65535055,1.338295817,-3.318963152,-3.628658922
9.17861,18.69262,2.036541481,2936.83,0.79786,1.315309226,10.61541655,0.57453561,-3.471014367,-3.382974938
4.1274,6.10079,1.478119397,1297.66,0.58662,0.505933694,16.16728163,1.03559748,-4.156588326,-4.218855411
6.43314,9.51377,1.478868795,2362.65,0.66126,0.827925554,15.16022455,1.311216084,-3.833924128,-3.898968146
4.37137,6.90146,1.578786513,1290.73,0.58204,0.582224565,19.84929277,2.369414775,-4.590205771,-4.63019441
4.72909,10.62231,2.246163638,2109.06,0.65868,0.78411952,15.96097792,1.721355517,-4.013794392,-4.137740112
4.73833,8.20846,1.73235296,2207.24,0.6527,0.776053742,14.01456773,1.510875983,-3.795438395,-3.797938371
4.51221,5.58552,1.237867918,732.461,0.52268,0.402355568,22.78153047,2.870477801,-3.404922808,-4.183746235
5.03456,6.36969,1.265192986,1258.86,0.64356,0.445959711,14.55187808,0.949170764,-3.91670177,-4.14700475
15.75155,15.8468,1.006047024,2019.71,0.75942,1.156025896,9.779734233,0.553110151,-2.893413207,-2.861186242
7.0978,7.50467,1.057323396,1516.23,0.62638,0.613310356,13.44869838,1.073823806,-2.869145313,-3.144606093
4.88151,6.1601,1.261925101,1656.54,0.58046,0.605163374,17.9727556,2.58710602,-3.736264887,-4.029182967
7.4129,7.85155,1.059173873,1704.51,0.63386,0.64151585,13.32720812,1.126425367,-2.875126784,-3.016790282
6.12054,6.66565,1.089062403,1535.76,0.61508,0.595655669,13.99032583,1.202220438,-2.848643284,-3.038293004
5.71486,6.08117,1.064097808,1429.3,0.6051,0.567955697,14.83418433,1.396814197,-2.813156982,-3.164285332
6.11727,6.63074,1.08393777,1496.53,0.61994,0.598172503,14.12181232,1.269988961,-2.760195384,-3.092938277
5.2162,6.68812,1.282182432,1745.8,0.65822,0.582980532,13.37131467,0.98060198,-3.230773827,-3.381989559
4.89996,7.21804,1.473081413,936.886,0.51688,0.491335469,15.09569666,0.631593598,-4.059817475,-4.114796591
14.87864,15.74073,1.057941452,2451.32,0.73902,1.00664312,15.3971721,1.028118419,-4.019745329,-4.035803971
4.74737,5.62912,1.185734417,439.288,0.4398,0.228877729,18.02532718,0.801758851,-3.689580093,-4.1533463
6.34504,7.17331,1.130538184,1062.64,0.5939,0.461776506,16.3842446,1.228207881,-4.134999105,-3.839487553
6.37578,7.20132,1.129480628,1074.28,0.59874,0.468409688,16.3143908,1.215984415,-4.189300185,-3.838514114
6.40725,8.93591,1.394656054,1830.51,0.67624,0.785071293,16.01888182,0.94975347,-3.570560802,-3.582428426
4.58648,6.54798,1.427670021,1668.68,0.59358,0.598608913,16.40615828,2.324126368,-3.554466056,-3.845394089
4.11023,8.57756,2.086880783,881.154,0.59796,0.491504944,16.2916479,0.922791854,-4.866221534,-4.61598442
4.10889,8.23229,2.003531367,1102.86,0.59784,0.491406308,16.31875292,0.919307517,-4.760194571,-4.683569196
4.03809,8.12994,2.013313225,876.7,0.5996,0.492848923,16.33239872,0.918353804,-4.923949077,-4.678431129
3.85924,8.17701,2.118813549,800.77,0.57928,0.518019065,17.74564815,1.177055516,-5.209346904,-5.015206535
4.17817,8.7001,2.082275254,905.684,0.6025,0.386190717,15.8694126,0.674357014,-4.790187904,-4.524945761
4.96961,5.52619,1.111996716,1468.51,0.62518,0.528563819,15.84958345,1.123402165,-4.018405593,-4.0387603
8.54299,9.00309,1.053857022,1072.57,0.6726,0.687427818,14.31043596,1.009964317,-4.231460405,-4.289639841
9.75466,14.27976,1.463891104,2006.69,0.70342,0.803562351,14.8544189,1.129340255,-3.88288712,-3.952424527
14.53475,16.80129,1.155939387,2344.17,0.729,1.068976085,15.84446802,1.32861347,-4.066832827,-3.997313758
5.92468,10.06669,1.699111176,1782.67,0.68116,0.657382476,10.3517059,0.427378233,-3.282198508,-3.3623358
4.11514,8.93039,2.170130299,1800.73,0.70176,0.631232404,9.908248229,0.31520066,-3.897629918,-3.999296378
4.23716,8.96058,2.11476083,1805.76,0.70764,0.633472983,9.781219007,0.300542624,-3.93458694,-3.969392184
4.56831,6.54196,1.432030663,1504.37,0.5949,0.634171718,18.17798799,2.527350096,-3.737501946,-4.046302208
4.52491,6.28591,1.389179011,1429.82,0.5998,0.632330895,17.99697623,2.363298844,-3.680048459,-4.025774912
4.80891,6.46523,1.344427323,1505.15,0.59878,0.635114925,18.40962987,2.631896347,-3.823657759,-4.234180606
4.78818,6.33471,1.322989111,1569.52,0.60042,0.640235613,18.06629073,2.52288493,-3.718023642,-4.045102756
4.62415,6.46285,1.397629835,1507.22,0.60062,0.645596792,17.8725217,2.437090647,-3.759652666,-4.140523413
4.02088,4.65994,1.158935357,561.961,0.52146,0.439238875,20.83751175,1.675512038,-3.83158547,-4.386933956
4.18035,6.34814,1.518566627,751.543,0.53892,0.461740136,19.27171284,1.521975704,-4.373295641,-4.495504756
3.95127,9.77148,2.472997289,1207.74,0.63846,0.589376708,18.24097531,1.145725804,-3.888035654,-4.407560152
4.81449,6.07023,1.260825134,739.254,0.50288,0.41581293,19.14376422,1.667737996,-3.46736531,-3.858425638
4.29862,7.97046,1.854190415,883.259,0.60172,0.569330772,17.69097468,1.748136919,-4.355743193,-4.406440442
6.78751,10.0327,1.478112003,2714.01,0.70106,0.948320291,12.64610592,1.021847169,-3.808758737,-3.822944401
7.4934,12.53415,1.672691969,3155.31,0.73514,1.154053252,12.15735923,0.996509699,-3.815108099,-3.782287824
7.86809,11.63879,1.479239561,3519.6,0.75406,1.268120573,10.77279502,0.926626236,-3.634121598,-3.670894614
10.48172,15.53234,1.481850307,4101.54,0.80152,1.743260937,13.24480553,1.095617528,-3.745563192,-3.695709714
6.45256,11.33831,1.757180096,1958.64,0.6753,0.781570084,13.38490448,0.97458626,-3.969249142,-4.031324243
4.25493,5.94331,1.396805588,1251.43,0.56496,0.548201481,18.89420876,2.612531279,-3.780036251,-4.074017169
4.14091,6.01546,1.452690351,2037.61,0.65322,0.662201438,15.62874969,1.651935908,-3.962075983,-3.992747289
6.36839,7.65199,1.201558008,2386.32,0.69086,0.776400726,15.39226995,1.396655486,-3.939397512,-3.908935504
4.91537,5.26252,1.070625406,1105.32,0.53204,0.460505133,21.06657367,2.36052211,-3.763852007,-4.017849784
7.72021,8.43697,1.092842034,946.266,0.5138,0.494637734,19.97596761,1.353348617,-4.17362538,-4.139188353
4.08985,5.22962,1.278682592,253.575,0.42026,0.203014347,17.40487368,0.386296911,-3.594758901,-4.077107922
6.38807,7.62136,1.193061441,1296.53,0.57518,0.530520762,13.59295734,0.816145232,-3.166506366,-3.249955137
15.58526,18.21481,1.168720317,3231.8,0.814,1.758600724,10.52825502,0.633294571,-3.315861202,-3.335349546
5.57122,6.72563,1.207209552,682.993,0.49734,0.431602607,25.20065846,2.202303045,-5.16974862,-4.666941513
4.40406,5.61338,1.274592081,2166.61,0.69138,0.648537606,9.708750275,0.249181512,-3.62725033,-3.531828859
4.42901,5.62745,1.270588687,2212.32,0.69222,0.651366305,9.690738705,0.251638214,-3.593582077,-3.582351903
4.47405,5.64435,1.261575083,2266.46,0.69314,0.655098434,9.653578346,0.252670828,-3.552406706,-3.574042993
4.60094,5.73609,1.246721322,2479.38,0.69844,0.671673799,9.495587462,0.265473643,-3.514277384,-3.451585133
4.3837,5.58759,1.274628738,2101.98,0.68976,0.644478912,9.753075786,0.247815346,-3.607546851,-3.643870128
4.39581,5.60157,1.27429757,2131.45,0.69066,0.646673283,9.732925177,0.248202826,-3.58020968,-3.596961959
4.40385,5.61357,1.274696005,2166.37,0.69134,0.648500084,9.718395231,0.249275386,-3.594764853,-3.589319284
4.42824,5.6275,1.270820913,2211.69,0.69218,0.651328666,9.690851716,0.251110922,-3.567256766,-3.583661617
4.44582,5.63489,1.267457972,2240.02,0.69242,0.652739939,9.675481648,0.250495748,-3.574359958,-3.60950772
4.46761,5.64072,1.262581112,2255.58,0.69296,0.654285202,9.664063036,0.255123536,-3.538699576,-3.60141528
4.47445,5.644,1.261384081,2265.11,0.6932,0.655155141,9.653609616,0.255169474,-3.608206014,-3.554571805
4.50803,5.65854,1.255213475,2304.74,0.69404,0.657982556,9.62883936,0.25745241,-3.58031877,-3.637945292
4.5303,5.67593,1.252881708,2340.17,0.69508,0.661156081,9.595645866,0.259098201,-3.551606655,-3.605002151
4.56197,5.70452,1.250451011,2370.11,0.69638,0.665138447,9.558550382,0.260714032,-3.545787461,-3.560979758
4.60029,5.73555,1.246780094,2480.96,0.69836,0.671596865,9.495187256,0.265671377,-3.546559867,-3.542606472
4.63585,5.76062,1.24262433,2522.06,0.70054,0.676425433,9.460736118,0.264878441,-3.496344759,-3.549441782
4.68615,5.787,1.234915656,2577.33,0.70204,0.681512833,9.407409002,0.265976967,-3.492051668,-3.471159116
7.03865,11.08232,1.574495109,3158.14,0.75642,1.071235868,11.54252203,0.799248277,-3.510447013,-3.481336711
5.69321,11.60551,2.038482684,3098.82,0.73458,0.971046276,13.10122305,1.161529253,-3.676930439,-3.704190604
8.05488,11.98728,1.488200942,3080.94,0.74854,1.03842739,11.57527192,0.892091364,-3.551648118,-3.527304291
4.17239,5.67031,1.359007667,1090.04,0.53976,0.454393158,17.21734559,1.641497087,-3.831850405,-4.071779592
4.90333,6.38762,1.302710607,2243.22,0.71266,0.723348927,10.01283452,0.315675723,-3.682694684,-3.652938579
4.90295,6.38911,1.303115471,2243.77,0.71272,0.723820511,10.00316042,0.311410157,-3.693550087,-3.696826199
3.92327,4.97412,1.267850543,338.355,0.55174,0.496177989,21.87898309,2.148252442,-5.012886631,-5.993119251
3.98659,4.93159,1.237044692,985.742,0.56216,0.52524573,21.87995947,3.856533682,-3.782856848,-4.097058287
3.9347,5.17871,1.316163875,567.686,0.53432,0.408123983,21.9318983,2.754995092,-3.161758925,-3.944964114
3.98518,5.28754,1.326800797,577.759,0.54076,0.416375998,21.75822656,2.500711715,-3.605405003,-4.220405735
4.00781,5.75057,1.434840973,1069,0.54568,0.478784263,17.83772037,1.53430155,-4.413645798,-4.643354174
4.20779,5.99612,1.425004575,1196.76,0.56558,0.515964823,17.40660431,1.496082344,-4.32660563,-4.426920297
5.11595,5.62194,1.098904407,825.67,0.52302,0.464126933,18.29334683,1.595494914,-3.913305222,-4.364132432
4.89652,6.38285,1.303548234,1124.9,0.54092,0.495452339,15.23874505,1.085028912,-3.815822868,-4.077151109
4.75731,8.23561,1.731148485,2234.08,0.65522,0.778563077,14.00424046,1.529214266,-3.732456575,-3.764634666
4.89957,5.39685,1.101494621,217.822,0.4024,0.2465218,19.07738604,0.43851152,-2.978952887,-3.48519648
4.8394,5.32691,1.100737695,209.176,0.39886,0.242841574,19.45605776,0.441263872,-2.89516478,-3.423188156
4.92439,5.43827,1.104354042,232.32,0.4022,0.245018306,19.08796718,0.456016944,-2.95386516,-3.548460552
4.64907,5.40268,1.162099086,1501.59,0.61282,0.606608331,18.98463218,2.76397218,-3.8699332,-4.083842252
4.42412,5.10059,1.152904984,1170.71,0.57096,0.611769294,19.56671875,2.490123315,-4.217339638,-4.453708513
10.27787,10.39364,1.011264007,1240.53,0.61214,0.617827098,13.58460155,0.656977652,-3.412208619,-3.503392057
4.0538,4.83597,1.192947358,1075.49,0.61976,0.594630898,18.74018026,1.918110336,-4.940355785,-5.241160975
7.10734,12.14192,1.708363467,3229.48,0.7162,1.026200936,15.40466548,1.715306983,-3.767266109,-3.724328221
4.16271,5.05147,1.213505144,361.626,0.47498,0.419994341,21.15390125,1.163453908,-3.765338217,-5.00331891
4.08701,5.083,1.243696492,345.133,0.48446,0.430546915,21.27232236,1.140538572,-3.935559257,-5.181589532
7.10265,7.3989,1.041709784,271.356,0.4558,0.244811584,13.67632678,0.109385031,-3.59977269,-3.132293846
10.34284,10.43782,1.009183164,620.812,0.55304,0.498000936,12.97938354,0.298751993,-3.557641121,-3.619140235
4.0897,4.90958,1.200474362,657.911,0.49298,0.386911956,20.57236679,1.997119011,-4.280326592,-5.000839937
4.65199,5.7578,1.237706874,2612.11,0.70192,0.6846998,9.336577536,0.261290147,-3.489306014,-3.535473113
3.92148,5.83028,1.486755001,1129.71,0.58126,0.463258735,16.83828151,1.511710124,-4.369838249,-4.483178466
4.0944,5.86454,1.432331966,1075.36,0.57376,0.447282054,17.33530386,1.756651953,-3.971632235,-4.196894139
5.81939,7.61968,1.309360603,1791.39,0.63844,0.686572878,15.43229884,1.311434407,-3.990213794,-3.802239971
3.80128,6.35889,1.672828626,492.986,0.47744,0.350193639,18.87149564,1.083685066,-4.674628789,-4.785737644
6.70298,7.52312,1.122354535,1162.4,0.56862,0.542400366,15.50281831,0.98265394,-3.998359843,-4.100125658
5.12695,7.31754,1.427269624,429.66,0.45344,0.254562807,17.3131865,0.730299168,-3.424203816,-3.910997146
5.12362,7.3154,1.427779578,437.502,0.4535,0.254958622,17.24622751,0.722992668,-3.403877906,-3.850169758
5.07386,7.34058,1.446744687,438.282,0.4571,0.258028462,17.22871335,0.732337728,-3.437457883,-3.873301303
5.11399,7.32397,1.432143982,436.516,0.457,0.257958907,17.1791303,0.721177663,-3.375334286,-3.86078806
4.91036,7.23942,1.474315529,418.639,0.4502,0.250152803,17.73697837,0.774545437,-3.45845568,-3.933636746
4.55031,6.97684,1.533266964,2230.05,0.64902,0.804700596,14.42536921,1.341740521,-3.922560514,-3.947628782
4.84816,6.85522,1.413983862,1493.87,0.59368,0.610985555,15.69316822,1.400181309,-3.707682208,-3.847229237
4.82147,5.41795,1.123713307,285.023,0.40012,0.262573499,16.73239685,0.414106585,-3.35568281,-3.682986123
4.55814,6.48228,1.422132712,1533.48,0.608,0.572343029,16.16565607,1.287619983,-4.153036889,-4.242171811
13.71841,15.61444,1.138210624,4719.81,0.79706,1.549955566,12.31169914,0.954005921,-3.584323747,-3.677566979
4.93416,5.27662,1.069405937,887.573,0.51682,0.443591856,18.55455084,1.682511756,-3.302374287,-3.896218415
7.69355,8.14869,1.059158646,1138.86,0.5748,0.58190565,16.2567745,1.335417234,-3.799499338,-4.055779556
9.57458,11.39023,1.189632339,4461.67,0.81702,1.655508636,9.426023925,0.63474275,-3.451631624,-3.413216574
3.95758,6.27152,1.584685591,549.659,0.47512,0.344035568,16.74449926,0.758537455,-3.732115449,-4.020531177
9.84925,10.99192,1.11601594,1227.19,0.63402,0.533314267,11.52306393,0.494764133,-3.32551547,-3.3729944
9.80954,11.06598,1.128083478,1259.94,0.63874,0.538248926,11.5932143,0.509450035,-3.291313587,-3.298402438
9.80964,11.01144,1.122512141,1275.48,0.63884,0.538482935,11.51629367,0.497934008,-3.2896847,-3.286617728
9.87899,11.15761,1.129428211,1270.76,0.63918,0.5410956,11.46964761,0.497739304,-3.220415151,-3.27209238
9.86004,11.10045,1.125801721,1246.47,0.63944,0.541301955,11.48422468,0.497222864,-3.267962799,-3.220070516
9.92421,11.20025,1.128578496,1223.25,0.64018,0.543303545,11.44843642,0.498388713,-3.238951415,-3.314767004
9.89743,11.20845,1.132460649,1256.49,0.64212,0.544681862,11.40186987,0.494507693,-3.274622801,-3.282829759
9.85075,10.95857,1.112460473,1294.76,0.65152,0.541556876,11.60430687,0.507850548,-3.295150261,-3.296217156
9.9584,11.06557,1.111179507,1264.96,0.6543,0.547921115,11.58729776,0.509500946,-3.271806116,-3.391909503
9.87166,11.0184,1.11616486,1251.12,0.63574,0.535148194,11.53159247,0.490986401,-3.315444303,-3.371427599
4.32453,5.60667,1.296480774,683.097,0.49452,0.398388786,16.57530859,0.61600888,-4.668478478,-4.81721025
3.97759,4.69443,1.180219681,471.991,0.51572,0.453165091,20.09494075,1.488623623,-4.2146303,-5.111592917
3.90334,6.17141,1.581058786,1160.41,0.55654,0.545895047,16.96426957,1.459993395,-5.162772355,-5.137558601
4.74964,5.60484,1.180055752,1058.79,0.55576,0.518224966,19.40303382,1.890329464,-4.131854787,-4.366721244
4.52244,4.75404,1.051211293,310.38,0.43144,0.362728366,23.27676658,1.494775237,-3.371877222,-4.101931794
4.28733,15.32957,3.575551684,875.405,0.64476,0.782314328,17.90694203,1.085971363,-4.865367661,-4.824548654
5.00794,7.15013,1.427758719,377.468,0.42798,0.21974174,18.28463384,0.726949827,-3.331038109,-3.97552095
5.01285,7.16272,1.428871799,386.347,0.43186,0.223459467,18.26269122,0.740904469,-3.376522274,-3.983431178
6.28305,7.33926,1.168104663,1966.75,0.65154,0.714525415,14.28335366,1.025806588,-3.643660964,-3.679983267
4.37055,6.13135,1.402878356,1698.16,0.5906,0.611304264,18.52353358,2.315444342,-4.020311477,-4.240392279
9.76034,10.78109,1.104581398,1353.61,0.6174,0.646967719,13.02791542,0.894582415,-2.94138099,-3.071216094
5.89807,6.57892,1.115436066,2073.7,0.68,0.613801507,12.71805019,0.839901439,-3.221959886,-3.346222014
7.61249,12.51834,1.64444748,3166.39,0.73564,1.154838173,12.22681382,1.032954214,-3.801309707,-3.771950267
6.10049,8.23736,1.35027842,1374.39,0.6093,0.575489965,15.42903297,1.135995262,-3.752396279,-3.925625335
6.50203,8.0106,1.232015232,1283.16,0.5995,0.554035821,15.82784369,1.213855778,-3.768549921,-4.005383042
5.70388,7.44729,1.305653345,2262.58,0.66684,0.754528256,17.61049568,1.411214442,-3.80851073,-3.746706848
7.37101,8.67819,1.17734069,2119.7,0.64884,0.802873735,13.71179221,0.834361771,-3.850829571,-3.889783182
3.81788,4.66467,1.221795866,266.272,0.43542,0.19324259,17.92522145,0.565381444,-3.522340615,-3.888256701
7.45868,11.68951,1.567235758,3213.99,0.74172,1.166929141,12.45938173,1.076312149,-3.577973861,-3.640188693
7.334,11.52058,1.570845378,3183.77,0.73928,1.158119825,12.39433234,1.055392588,-3.621367956,-3.613002668
6.16263,10.94144,1.775449767,2699.42,0.71046,0.965640036,12.77280525,1.082795225,-3.644628564,-3.657877345
4.64075,7.7679,1.673845822,1930.62,0.64124,0.658242401,13.601414,0.988485098,-3.687216617,-3.695156167
6.0803,10.98417,1.806517771,2607.63,0.70462,0.934906061,12.73321648,1.06444108,-3.675748654,-3.682074091
5.27685,5.74302,1.088342477,1639.49,0.63964,0.525009439,14.00178252,1.075244621,-3.35585603,-3.451490738
8.2956,9.08968,1.095723034,3051.55,0.73364,1.017915219,11.24373421,0.699424931,-3.670819768,-3.6506606
4.5685,8.74594,1.914400788,2103.33,0.64528,0.723170528,16.28701617,2.371815109,-3.856133455,-3.858146551
4.55116,8.71895,1.915764333,2095.87,0.64422,0.71917533,16.36377704,2.384476899,-3.797824715,-3.874763625
4.52269,8.66619,1.916158304,2066.98,0.64226,0.715547841,16.39948877,2.364333142,-3.833631377,-3.891019885
3.98335,5.17179,1.29835189,585.295,0.49382,0.415386686,21.71092854,1.733783616,-3.784322269,-4.473454551
5.93484,7.26398,1.22395549,1664.86,0.61874,0.666327799,14.90733922,1.624124063,-3.303256583,-3.503770183
4.99033,10.05627,2.015151303,1285.35,0.65212,0.511045805,12.75987551,0.506099299,-3.866482196,-3.953907334
5.24596,7.57658,1.444269495,1182.45,0.5517,0.53695521,17.30571291,1.437965379,-4.178789842,-4.252953056
5.30803,6.66583,1.255801116,2337.47,0.66744,0.711273662,13.40059003,1.055090154,-3.506336757,-3.584145823
5.30501,6.66603,1.256553711,1988.42,0.64502,0.662643671,13.88424408,1.076304278,-3.587050994,-3.647362422
4.92807,5.59298,1.134923002,1037.91,0.55882,0.482565068,16.69892147,1.120583327,-3.679605554,-3.926989568
4.5802,6.15184,1.343137854,693.732,0.52542,0.436120057,18.3516307,1.270868131,-3.186947974,-4.13964941
6.64118,10.30601,1.551834162,2422.77,0.69722,0.86512953,12.47850834,0.691839032,-3.717778804,-3.692628103
4.50564,5.27757,1.171325272,645.373,0.54238,0.437265699,18.9443437,1.233767953,-3.956567558,-4.559193707
5.40382,6.42465,1.188908957,1855.47,0.64804,0.670305539,13.78833225,1.058432448,-3.523246132,-3.602400623
4.27158,6.83841,1.600908797,1204.6,0.62548,0.538942072,13.90758189,0.847520393,-3.821873773,-4.026842188
4.80173,5.28453,1.100547094,861.125,0.55174,0.384485126,16.99563595,1.050116457,-3.234783819,-3.840027464
5.56339,6.45056,1.159465721,532.83,0.57344,0.496846191,17.34802398,1.428202433,-4.168795678,-4.272244787
5.57332,6.39416,1.147280257,552.103,0.56746,0.495741131,17.41767686,1.462783994,-4.32072067,-4.335845072
3.83342,5.85396,1.527085475,1090.14,0.5812,0.567334349,17.57971078,1.399258405,-4.545077266,-4.69227471
3.84033,5.85231,1.523908102,1103.3,0.58314,0.572126564,17.48032131,1.384462701,-4.530737254,-4.682894692
4.91,12.75,2.596741344,1947.26,0.67688,0.924518844,16.54661178,1.658508916,-4.283054779,-4.022443595
4.99,12.87,2.579158317,1981.25,0.67844,0.930851575,16.79088213,1.670111831,-4.359726082,-4.108269261
5.3,12.37,2.333962264,2021.24,0.940935,1.302956156,16.79714365,1.691181625,-4.10028291,-4.029043599
5.74,12.5,2.177700348,2134.81,0.68,0.957746479,17.02409693,1.620093741,-4.142532271,-3.99757795
4.37434,6.87571,1.571827979,656.753,0.53418,0.423200025,19.38952969,1.145951756,-4.430552408,-4.432935515
6.58555,8.25256,1.253131477,1282.69,0.58768,0.517337606,16.43108066,0.982596009,-4.032064317,-3.982921777
5.47787,7.34237,1.340369523,470.44,0.47334,0.309570836,26.33047038,0.876298843,-4.534709577,-3.97728516
4.10291,4.99697,1.217908753,466.878,0.5058,0.397173145,22.56763811,2.404032401,-3.733407571,-4.625358783
3.82583,4.81496,1.258539977,1175.18,0.57806,0.509991442,17.45470642,1.696034747,-3.463898604,-3.641952803
4.32281,5.49382,1.270890925,1579.69,0.62012,0.605905458,15.09946557,1.207966959,-3.699122259,-3.801700376
4.62985,5.27906,1.140222685,1538.28,0.60934,0.580722019,15.56839904,1.458275031,-3.528409192,-3.704258756
4.02699,5.10607,1.267961927,1244.1,0.58484,0.522916257,16.32435791,1.365544965,-3.774628397,-3.946683197
4.94756,7.14061,1.443258899,1060.07,0.56,0.464606909,16.91170927,1.820509009,-3.750713794,-4.129089446
4.84747,5.28866,1.091014488,785.483,0.52848,0.406692011,18.91325348,1.71692225,-3.623303633,-4.4747426
3.9272,4.89671,1.246870544,1094.62,0.5883,0.442706962,16.74949528,1.199148873,-3.380715124,-3.540029556
6.71212,7.38705,1.100553923,2279.9,0.6779,0.724881762,11.44430701,0.692927897,-3.708550598,-3.752755348
5.77243,6.67772,1.156829966,995.471,0.5834,0.422919113,15.19706411,1.03971005,-3.421534134,-3.87565893
6.60927,7.27418,1.100602638,875.752,0.5622,0.381833371,14.18476751,0.676646492,-3.436103838,-3.592210428
4.86289,7.00326,1.440143618,1223.57,0.57592,0.48732442,16.8558097,1.782322923,-3.844433462,-4.028889872
7.72449,8.38907,1.086035453,1406.18,0.6728,0.560073922,13.42470551,0.625600178,-3.93950232,-3.977574111
4.34629,6.13469,1.411477375,2253.61,0.69064,0.585615683,9.948857487,0.279931952,-3.395920554,-3.429377722
6.53331,13.51443,2.068542592,3237.7,0.74626,1.141735476,15.77600601,1.293848329,-3.938919249,-3.787754037
4.86799,7.01725,1.441508713,1442.48,0.63382,0.51474422,13.99948454,1.039213659,-3.528334038,-3.632135947
9.52295,10.82294,1.13651127,1292.73,0.64498,0.60317965,11.25957945,0.374462851,-3.185606857,-3.249479683
11.13953,21.8367,1.960289168,4332.84,0.81434,1.863307706,10.29858551,0.847138312,-3.48838451,-3.496995981
8.72821,13.8531,1.58716392,2746.46,0.74116,0.972164836,13.80354048,0.971738547,-3.883692674,-3.87733244
10.31061,11.13693,1.080142688,2603.63,0.80082,1.069236973,5.4834603,0.176345814,-3.110816964,-3.1370015
4.83707,7.10977,1.46985055,1457.11,0.56878,0.540927636,18.15808627,2.039585537,-4.140273559,-4.173220874
3.82945,4.48241,1.170510125,422.386,0.505,0.398809101,21.81632623,2.51746373,-4.045944379,-4.876327568
7.94106,15.02876,1.892538276,3670.02,0.8106,1.360304483,7.599302005,0.402583442,-3.493400947,-3.464062548
7.93728,15.03569,1.894312661,3669.99,0.81046,1.359909794,7.59675487,0.402432261,-3.480041659,-3.483190257
6.29437,6.7326,1.069622536,816.401,0.57104,0.371765993,13.57586502,0.526675101,-3.091762585,-3.313368243
7.66991,8.43825,1.100175882,1577.1,0.60878,0.67678543,13.85643444,0.915764694,-3.653389547,-3.663151113
4.45301,6.06535,1.362078684,682.017,0.53446,0.39393247,18.87839151,1.117122866,-4.418935491,-4.615145031
6.50841,6.88683,1.058143233,1092.12,0.56996,0.445048295,15.50575393,1.314020278,-3.280207172,-3.531972109
6.57314,6.93182,1.054567528,889.223,0.57194,0.359762733,15.08225711,0.925110915,-3.293015112,-3.495201572
6.53286,6.92288,1.059701264,846.675,0.55538,0.335767747,15.52596264,1.024816404,-3.062791656,-3.516493718
6.48693,6.87869,1.060392204,850.375,0.56576,0.3469941,15.30875551,0.952904275,-3.263403995,-3.467154749
6.50199,6.86565,1.055930569,863.938,0.56868,0.348631052,15.30808709,0.9598807,-3.240687843,-3.526229909
6.45021,6.84748,1.061590243,822.641,0.56358,0.337481137,16.03843418,1.200374304,-3.252280505,-3.580949397
7.95608,15.10116,1.898065379,3701.81,0.81036,1.374663484,7.468500261,0.391943963,-3.459445114,-3.480900498
7.9585,15.1002,1.897367594,3694.3,0.8104,1.373775866,7.477784732,0.397362123,-3.49540998,-3.505259588
7.9386,15.0923,1.901128662,3694.94,0.81016,1.373369023,7.469244611,0.388873673,-3.483070867,-3.484866013
7.93691,15.06244,1.897771299,3742.7,0.80926,1.367723312,7.496083832,0.404584306,-3.487828276,-3.512833588
7.93652,15.0745,1.899384113,3749.18,0.80934,1.37039696,7.476000194,0.402461686,-3.495188085,-3.454976622
7.93827,15.0805,1.899721224,3753.63,0.80934,1.373093915,7.455273928,0.399454303,-3.486996671,-3.526286658
7.93483,15.09972,1.902967045,3757.35,0.80928,1.374433179,7.444166964,0.399109327,-3.471493811,-3.495929561
5.12,12.83,2.505859375,2057,0.68324,0.952250871,16.527488,1.666780109,-4.23602037,-4.087752775
4.57521,6.45802,1.41152428,1237.48,0.56584,0.546594411,17.51933401,1.977048796,-3.961979365,-4.210806849
4.95549,5.57744,1.125507266,1497.21,0.62984,0.588811607,15.54954094,1.614007504,-3.413919004,-3.673471519
4.43769,9.81867,2.212563293,2426.02,0.71732,0.855304577,16.71100737,1.309279384,-4.35416908,-4.115517718
4.36946,9.36969,2.144358799,2345.39,0.71128,0.805835989,16.84148061,1.237589959,-4.398762683,-4.121418178
4.21977,5.14094,1.218298628,324.86,0.4525,0.28154029,22.12466318,1.296674386,-3.440101702,-4.272831405
6.60905,8.11845,1.228383807,2046.59,0.6414,0.701685292,14.58270521,0.983280645,-3.622367846,-3.618599726
4.15581,4.72844,1.137790226,111.176,0.43422,0.199426824,19.55035219,0.325817187,-3.339278891,-3.875010672
9.11981,24.94881,2.735672125,4598.57,0.83746,2.056777128,10.89997171,0.735648585,-3.421479453,-3.388169269
8.48832,13.20779,1.555995768,4426.29,0.8025,1.559193999,10.50049468,0.739803612,-3.610154298,-3.609356007
10.72802,11.49386,1.071386892,1127.31,0.6359,0.485293893,11.49625419,0.489032837,-3.110742227,-3.15212295
4.85253,5.52925,1.139457149,2537.38,0.66302,0.821204521,15.0521186,1.777126683,-3.733980193,-3.906537884
5.48027,9.63173,1.75752837,2488.5,0.70486,1.057454434,12.62672283,1.230572833,-3.865769572,-3.766771793
4.2936,5.70322,1.328307248,680.719,0.50462,0.35543378,19.9229349,1.76714272,-3.438707091,-3.825102569
6.39708,7.09435,1.108998168,1965.67,0.6983,0.632329105,10.74073608,0.440035068,-3.630651714,-3.67554199
4.56714,5.07559,1.111327877,458.194,0.4833,0.289179551,19.898178,1.247445856,-3.239407378,-3.985464181
4.05785,12.81022,3.156898358,2408.02,0.70774,0.917513972,16.62141796,1.271258819,-4.261585897,-4.205364335
6.8654,20.18098,2.939519911,1072.25,0.61622,0.697862201,21.86153002,1.338650858,-4.252696576,-3.981824611
3.93225,5.91307,1.503737046,1195.09,0.57774,0.609820845,17.94573594,2.345344441,-4.380347258,-4.731904414
3.88293,5.76478,1.484646903,1031.08,0.5637,0.578105226,18.5411052,2.439622426,-4.43029875,-4.8781832
8.10197,9.99333,1.233444459,2016.74,0.66814,0.82342067,14.15825624,0.90734318,-3.682173155,-3.708386964
3.8157,9.4187,2.468406845,1172.66,0.59984,0.519846085,21.07765285,1.741682385,-4.818345688,-4.519318145
4.09783,9.48211,2.313934448,1668.31,0.69616,0.631431914,9.891722266,0.300267846,-4.32908857,-4.324780607
4.49229,6.16997,1.373457635,775.622,0.49054,0.423693825,19.53851996,1.884316946,-4.094787673,-4.953678089
4.55513,4.98366,1.094076349,816.945,0.52538,0.487786309,21.81276157,3.058722175,-3.236995114,-4.047267738
12.07725,14.54406,1.204252624,4008.29,0.80904,1.609053211,9.783918486,0.640375181,-3.438564566,-3.435020909
5.77662,7.72615,1.337486281,938.473,0.5714,0.484660339,18.70853313,1.64988357,-4.726528348,-4.681901963
5.86346,12.80393,2.183681649,2589.65,0.73358,1.001810847,11.04257714,0.679262085,-3.536554293,-3.552856918
6.07561,8.59986,1.415472685,1187.48,0.63712,0.476943347,12.37513451,0.455699636,-3.599324879,-3.66291842
4.1628,7.20254,1.73021524,1873.09,0.63946,0.72098055,15.89330701,1.446881718,-4.28664164,-4.238341531
4.24331,6.01025,1.41640606,1304.98,0.59982,0.593869428,18.10819153,2.115600228,-4.227242524,-4.403962437
5.00426,5.91163,1.181319516,914.565,0.56176,0.485972577,18.16507917,1.781492218,-2.944633813,-3.540334928
6.02504,6.36041,1.055662701,466.314,0.45788,0.328809226,17.20840517,0.751409975,-3.638946055,-4.230215585
3.90043,5.63611,1.44499709,940.737,0.56404,0.530796232,17.24577219,1.66139951,-4.286335019,-4.709323205
3.9288,5.58762,1.422220525,938.143,0.561,0.522779585,17.44408185,1.664735239,-4.329577856,-4.706264159
4.68748,6.39737,1.36477809,1121.31,0.56266,0.5375664,20.00426026,2.168477069,-4.265174275,-4.461257711
5.91491,7.0104,1.185208228,1465.2,0.61256,0.60197724,14.33281872,1.112181046,-3.854097715,-4.047644321
3.83248,7.2178,1.883323592,982.123,0.56322,0.513830602,16.75949863,1.446789774,-5.056339036,-5.045424749
3.92306,5.41094,1.379265165,525.58,0.50398,0.385447259,20.60780946,1.420537059,-4.770258123,-5.264439168
3.8162,5.19023,1.360051884,541.861,0.49884,0.377954904,21.14214341,1.806626617,-4.503302378,-5.477966364
3.85018,6.13233,1.592738521,505.793,0.47386,0.345210429,20.36289366,1.412611164,-4.318171637,-5.109743544
4.49425,6.01281,1.337889526,1757.32,0.61876,0.606377766,17.30702148,1.892191104,-4.039443786,-4.125418677
4.28425,5.4803,1.279173718,890.741,0.55348,0.509593783,21.65628334,3.090281301,-3.543992162,-4.351911105
4.66596,8.11285,1.738731151,1591.09,0.6161,0.571463023,14.28089607,0.924201186,-3.666231415,-3.745165352
4.90341,6.04161,1.232124175,706.596,0.56768,0.317704078,15.32963057,0.764389298,-2.709041059,-3.053159112
5.33783,6.41625,1.202033411,779.434,0.5883,0.351986694,13.76831807,0.583027267,-2.699079976,-2.999582473
9.80221,10.90817,1.112827617,1390.23,0.63658,0.586958526,10.73434423,0.451831263,-3.095259934,-3.033977125
9.9815,11.0404,1.10608626,1415.98,0.64618,0.601825463,10.60620308,0.441406476,-3.109341173,-3.17847961
9.68892,10.81251,1.115966485,1282.6,0.6241,0.534039567,11.48099846,0.548458534,-2.942753696,-3.039507136
14.40453,14.69858,1.020413717,1314.52,0.69086,0.695165857,19.91062616,1.262992321,-3.178772573,-3.375024863
4.05863,5.50924,1.357413709,675.159,0.48386,0.370166929,18.35465331,1.119138531,-4.229665124,-4.621266061
5.7674,9.21037,1.596970905,2423.82,0.72872,0.818484873,9.962059962,0.53078865,-3.500470182,-3.496052443
8.26406,11.66545,1.411588251,1399.22,0.63792,0.631516423,15.95205346,0.738559871,-3.884309481,-3.845466548
13.78223,14.55985,1.056421929,1768.35,0.66548,0.847935333,17.86070639,1.562291226,-4.027076074,-4.13117121
5.32518,5.69577,1.069592014,584.031,0.45438,0.330867254,19.13054373,1.231637653,-3.504254954,-4.08032962
7.02568,8.26904,1.176973617,1757.09,0.64034,0.607193317,12.74338974,0.754957899,-3.637438023,-3.713740417
4.56467,7.5362,1.650984628,626.229,0.52822,0.401828777,17.00405822,0.731710937,-3.920208059,-4.135579289
6.65728,13.17739,1.979395489,2175.87,0.72038,0.816844426,18.3501151,0.956559121,-4.088494763,-3.915000227
6.67449,13.23241,1.982534995,2204.67,0.72128,0.823004134,18.3211139,0.96080718,-4.151411571,-3.916028872
4.09866,6.92788,1.690279262,634.011,0.5611,0.35176478,16.72269013,0.638738929,-4.000299287,-4.15092418
4.63026,4.96727,1.07278425,535.005,0.47418,0.366773924,22.1609989,2.044284381,-3.612263749,-4.477582469
4.24915,4.96103,1.167534683,508.955,0.46122,0.319776471,20.60015908,1.347494924,-3.985509372,-4.920825162
5.6534,7.52412,1.330901758,1311.35,0.56146,0.544340492,17.1365938,1.999654271,-3.886105434,-4.074103164
5.87256,7.70412,1.311884425,1344.5,0.5635,0.549011584,16.91513043,1.944812644,-3.907520471,-4.075534551
5.85542,7.66591,1.309198999,1311.66,0.56478,0.548532468,16.94837428,1.969959068,-3.812359655,-4.05990533
5.84066,7.68055,1.315014057,1302.26,0.56552,0.551194456,16.91929947,1.958268917,-3.865231804,-4.092596079
5.87796,7.6755,1.305810179,1329.6,0.566,0.551339873,16.89804553,1.965886522,-3.898432126,-4.048246478
5.80686,7.61946,1.312148046,1301.82,0.56382,0.546861815,17.01145874,1.974501441,-3.911666327,-4.070596025
3.97544,4.76594,1.198845914,1042.83,0.50466,0.430424659,21.06185093,3.076877133,-3.902117585,-4.106102848
3.93529,5.17234,1.314347863,278.396,0.4662,0.386045395,25.66563256,1.574536975,-5.022430323,-5.254909419
4.889,7.82073,1.599658417,899.199,0.54798,0.423818216,14.07906552,0.574126805,-3.694833344,-3.854495216
4.95438,7.90715,1.595991829,908.856,0.54708,0.422625301,14.0312248,0.56150215,-3.711237643,-3.802149163
9.55837,11.66692,1.220597236,3446.24,0.77694,1.296637494,9.369235355,0.538362954,-3.405517321,-3.431012455
3.81154,4.91554,1.289646704,302.303,0.46388,0.324480103,21.53023051,1.221361398,-4.068376408,-4.441575838
5.32796,9.40759,1.76570207,1373.72,0.65316,0.708536368,16.1063965,1.249626311,-4.09920222,-4.105267653
5.48397,9.58037,1.746977099,1443.13,0.6563,0.7373246,15.4263242,1.14537644,-4.156392945,-4.095958473
6.34934,7.54991,1.189085795,1827.1,0.67696,0.667455435,13.78635613,0.758933413,-3.777126406,-3.921695614
6.609,9.78512,1.480574974,4388.3,0.76586,1.439215841,12.15850443,1.167909217,-3.667576212,-3.66401798
5.07129,5.64907,1.113931564,808.203,0.50172,0.407471778,18.63072332,1.705229288,-4.106128254,-4.762290282
4.92542,5.30336,1.076732543,904.3,0.54002,0.452448578,16.71699503,1.33138567,-3.018541923,-3.677678986
4.88912,5.25442,1.074716922,896.628,0.53448,0.441971041,16.98753025,1.384412144,-3.060880227,-3.668588476
4.9355,5.40311,1.0947442,966.824,0.54358,0.455450356,16.7288926,1.384859143,-3.069865247,-3.60958762
4.88245,5.24171,1.073581911,873.584,0.53678,0.44316934,17.04141465,1.385076302,-3.002624345,-3.630822652
4.95925,5.42751,1.094421536,922.896,0.54634,0.463121668,16.47507153,1.334284824,-3.004264535,-3.608436219
4.69215,5.21289,1.110981107,678.287,0.48598,0.382065756,19.98288236,1.797362129,-4.214703429,-5.042970082
5.49511,6.10412,1.110827627,919.561,0.51716,0.434869622,18.1163042,1.803911576,-4.082536393,-4.74293266
5.42401,6.09975,1.124583104,919.926,0.5164,0.434121039,17.84719816,1.695743677,-4.023519455,-4.679068479
5.47386,6.14785,1.123128834,931.39,0.52082,0.441597422,17.90685272,1.746796844,-4.092983276,-4.751358342
9.44256,10.30257,1.091078055,981.807,0.58932,0.542342309,13.87275594,0.567638915,-3.667611406,-3.268791088
10.04078,10.44279,1.040037726,986.401,0.59344,0.54964943,13.57892967,0.550352246,-3.590755818,-3.19225943
7.39459,7.6174,1.030131488,2575.84,0.68964,0.791417928,17.38653114,1.456975967,-3.880394009,-3.912530481
4.2806,6.36296,1.486464514,1326.63,0.60576,0.501901519,17.62314967,1.6428892,-3.850160874,-4.335404932
6.74493,12.05622,1.78744924,3576.51,0.78288,1.265696312,12.17433014,0.75298409,-3.586274672,-3.574590029
7.01697,8.19723,1.168200805,1100.36,0.61842,0.450077509,15.30873254,0.934918818,-3.839820994,-3.870470798
4.29241,4.96705,1.157170447,308.607,0.41458,0.280297755,23.0582828,1.314248528,-3.673453126,-5.260592061
4.26488,4.95272,1.161280036,316.35,0.42548,0.292820569,22.80423669,1.302718753,-3.708482247,-4.880105809
5.20447,5.51433,1.059537282,500.088,0.44822,0.322309711,19.22501087,1.116947093,-3.456903294,-4.352314939
3.90767,5.34449,1.367692257,659.675,0.47608,0.397508475,22.17507593,2.259572981,-3.538761931,-4.456881907
4.69426,5.32382,1.134112725,317.386,0.4246,0.256295724,21.48040134,1.094426564,-3.064848897,-3.854939533
4.51055,5.18677,1.149919633,338.329,0.42572,0.279501556,21.92168956,1.306432915,-3.417486566,-4.258985393
5.19927,10.24604,1.970668959,2927.81,0.723,0.933258466,12.44924738,1.080236658,-3.76193194,-3.734111484
4.24517,5.44824,1.283397367,1365.14,0.62774,0.566639286,16.63990631,1.513260018,-4.186966332,-4.40700562
3.98212,5.38373,1.351975832,1169.79,0.60824,0.528876754,17.30181944,1.501565601,-4.448642263,-4.654294263
4.49786,5.94944,1.322726808,1679.34,0.64166,0.60482039,15.54133776,1.355805906,-3.986620252,-4.152047353
4.1915,5.76423,1.375218895,1444.82,0.62674,0.570598785,16.15669423,1.413340249,-4.051023674,-4.254984741
4.42912,5.58853,1.261769832,1453.05,0.62874,0.576809813,16.29079681,1.465791662,-4.104936037,-4.304738817
4.25931,7.74379,1.818085558,1930.06,0.67216,0.700458524,12.38504559,0.752644465,-3.901355044,-3.903995905
5.2032,6.77313,1.301723939,1701.91,0.65054,0.568479923,14.3888476,1.333330979,-3.319753292,-3.484333406
4.14354,5.32617,1.285415369,1702.56,0.67174,0.610650522,11.51764087,0.318694904,-3.836160444,-3.812451346
4.15643,5.36278,1.290237054,1736.17,0.67378,0.614347977,11.50516534,0.323180412,-3.778705265,-3.797049918
7.97271,18.51843,2.322727153,3994.77,0.80888,1.522887175,8.373756991,0.58525541,-3.339150989,-3.382600373
7.96401,18.83938,2.365564584,4063.31,0.80806,1.532082226,8.342298488,0.594342566,-3.322175169,-3.381374832
4.32368,5.82132,1.346380861,1064.91,0.56054,0.450243781,20.65356314,3.244543594,-3.451740759,-3.8575132
4.13773,5.34824,1.29255413,563.617,0.4917,0.366696746,18.73270664,1.336558391,-3.640904406,-4.578206339
4.14932,5.34764,1.288799129,577.376,0.49112,0.365754118,18.77451555,1.34407918,-3.671515595,-4.620271408
6.89727,8.49976,1.232336852,1056.16,0.57166,0.433230014,15.45822247,0.894772718,-3.844442222,-3.967917284
4.83873,5.08726,1.051362651,624.944,0.46016,0.361499544,21.14273111,1.931566388,-3.474766066,-4.092295929
5.15007,7.43512,1.443692998,2357.33,0.67048,0.790623084,12.46170815,0.893761392,-3.608206727,-3.744388712
16.76415,16.84369,1.004744649,1930.1,0.75648,1.092522414,10.1109631,0.590023573,-2.85813785,-2.898572939
16.82951,16.91027,1.004798714,1944.02,0.75698,1.125696143,9.939299443,0.572472141,-2.848043492,-2.981465328
16.82254,16.90358,1.004817346,1941.99,0.75824,1.129242441,9.966172949,0.574641208,-2.810901656,-2.902508848
16.81333,16.8944,1.004821769,1939.29,0.75818,1.128004011,9.975058089,0.579007709,-2.797863357,-2.906814531
16.84467,16.92569,1.00480983,1942.31,0.75908,1.133542297,9.955549639,0.587389384,-2.824576723,-2.845307423
5.59961,14.89833,2.660601363,2197.65,0.6694,0.978308844,17.88206459,1.133479969,-4.151500159,-4.131555293
4.30891,5.59771,1.299101165,1136.47,0.55448,0.519682087,18.58888876,2.212385656,-3.58291012,-3.872128056
4.73878,9.63659,2.033559271,1926.46,0.64786,0.715476066,18.55094579,2.260566472,-4.080594305,-4.143531656
4.63709,9.00352,1.941631497,1350.84,0.6343,0.677569594,18.66487369,2.007022964,-4.475227733,-4.599990277
8.5918,11.35798,1.321955818,2735.31,0.72182,1.069716366,16.75099704,1.42830877,-4.354447596,-4.272910116
7.72647,8.91518,1.153849041,1155.3,0.55596,0.55111023,16.03841077,0.819584787,-3.961575318,-4.00405799
4.25525,7.03566,1.653406968,1389.12,0.5956,0.527756856,17.47495667,2.168850575,-3.730442537,-3.906462892
7.53558,9.31006,1.235480215,4330.66,0.7641,1.315873314,10.25471598,0.884457556,-3.51769131,-3.452279766
3.81259,6.20608,1.627785836,631.842,0.53298,0.358563807,18.65201023,0.93638877,-4.605405048,-4.772637032
4.88112,7.54049,1.544827826,1255.76,0.59464,0.506999983,17.26732009,1.15654138,-3.659249893,-3.818334018
3.91181,6.25491,1.598981034,723.011,0.54414,0.389486568,18.76776238,1.002952402,-4.387766212,-4.680754431
5.16476,6.25712,1.211502567,1204.77,0.56588,0.529151588,18.64749385,2.116912652,-3.998369985,-4.165061659
5.90628,7.14471,1.209680205,2029.65,0.64238,0.731648424,13.79258803,1.213625717,-3.666094553,-3.752689837
6.64351,8.52239,1.282814356,2997.89,0.70128,0.979419454,11.91886776,0.968254728,-3.556242491,-3.575649909
9.04853,12.50004,1.381444279,3196.15,0.76914,1.235764781,11.05934089,0.836106557,-3.369691835,-3.396053462
3.80425,4.17698,1.097977262,119.352,0.3985,0.227625837,20.91680967,0.4001189,-3.942440021,-4.295002192
6.5651,8.76979,1.335819713,1949.75,0.72074,0.584854829,8.171571975,0.189858,-3.238528772,-3.282074241
6.72598,9.46149,1.406708019,1886.94,0.72764,0.550325216,6.381221761,0.106693924,-3.1602183,-3.102298137
6.14293,6.51956,1.061311133,1175.52,0.62042,0.495388817,15.24373532,1.288641463,-3.090175503,-3.429758893
11.50288,12.58218,1.093828676,3197.52,0.75846,1.257170893,10.86554017,0.897804084,-3.506827714,-3.513276471
3.93087,5.33307,1.356714926,1132.67,0.60896,0.526499628,17.46251839,1.545868559,-4.507703895,-4.706261712
5.08903,7.68734,1.510570777,1366.39,0.56048,0.513692855,17.17391006,2.019813088,-3.536271571,-3.781756068
4.52002,13.35543,2.954728076,1960.77,0.69226,0.707783099,13.8370426,1.017317911,-3.883257754,-3.880575381
4.52582,13.6466,3.01527679,1943.27,0.6941,0.71599587,13.41583093,0.879399794,-3.925573139,-3.914207182
4.33422,5.77585,1.332615788,1426.67,0.61016,0.511831962,16.41069214,1.549941325,-4.100058721,-4.224916764
8.11803,12.26016,1.510238321,1739.43,0.6458,0.764194336,18.97306297,1.461767669,-4.338947016,-4.501913023
7.20564,13.36085,1.854221138,3517.67,0.80198,1.301260729,7.860826963,0.402972048,-3.474028415,-3.509875372
3.81053,4.41097,1.157573881,823.104,0.56806,0.458319886,19.15413303,1.711070426,-3.497382707,-4.42358536
4.86322,7.46107,1.534183113,857.469,0.53892,0.41130454,14.52255701,0.601256613,-3.80780466,-3.937518709
4.65771,6.51326,1.398382467,1287.52,0.64626,0.373694619,11.2847794,0.317263837,-3.561225135,-3.564711295
7.78405,8.80758,1.131490676,3007.7,0.7064,0.98960245,11.5876673,0.795187876,-3.50239292,-3.528411362
7.9588,15.10806,1.898283661,3733.68,0.8119,1.377897633,7.476593033,0.394192398,-3.491314823,-3.530764085
7.9644,15.09714,1.895577821,3732.07,0.8123,1.377076082,7.50970907,0.393638406,-3.477374205,-3.48695272
7.96701,15.09349,1.894498689,3729.23,0.81226,1.37582807,7.520099074,0.39491279,-3.505064409,-3.475068236
7.95718,15.08596,1.895892766,3726.04,0.81206,1.37376738,7.508649765,0.397157166,-3.471748084,-3.500999315
7.96677,15.08284,1.893218958,3722.2,0.81234,1.373618291,7.533889454,0.397774065,-3.50145012,-3.476349157
7.96595,15.0609,1.89065962,3719.16,0.81248,1.372246994,7.524105419,0.396257183,-3.516234257,-3.48013867
7.96658,15.05711,1.890034369,3720.94,0.81252,1.371455192,7.533858448,0.398852624,-3.470703,-3.49733903
7.9668,15.06038,1.890392629,3720.32,0.81244,1.370253933,7.542471635,0.402367325,-3.474749466,-3.490657206
7.96703,15.0563,1.889825945,3717.05,0.8128,1.369920734,7.55513993,0.400927555,-3.475431928,-3.488987468
7.9598,15.04191,1.889734667,3715.38,0.81252,1.368240427,7.566707358,0.402896965,-3.455644296,-3.478799114
7.97451,15.04391,1.886499609,3710.62,0.8128,1.367392533,7.585999316,0.40720917,-3.446753827,-3.498988889
7.97184,15.03142,1.885564688,3711.51,0.81292,1.36664257,7.59226673,0.409726484,-3.477245405,-3.479697526
7.96935,15.01657,1.884290438,3707.4,0.81264,1.364996926,7.598597919,0.407376586,-3.497087498,-3.50268869
7.96738,15.02896,1.886311435,3710.21,0.8128,1.364534526,7.607363139,0.410286563,-3.485858344,-3.475447871
7.97064,15.01042,1.883213895,3702.77,0.81282,1.363140109,7.611570979,0.406827667,-3.474348403,-3.471849825
7.97129,15.00796,1.882751725,3704.87,0.81292,1.362992373,7.621648909,0.409167419,-3.465565127,-3.513854569
7.97632,15.0088,1.881669742,3696.74,0.81288,1.360641688,7.633150094,0.410815189,-3.495480291,-3.451079917
7.97705,15.00013,1.880410678,3695.84,0.81298,1.359971361,7.638610036,0.412582686,-3.493640238,-3.493836631
7.97713,14.99731,1.88003831,3685.48,0.81244,1.357058982,7.649256663,0.411864323,-3.460121625,-3.529708928
7.96906,14.99836,1.882073921,3688.78,0.81264,1.357472413,7.651218057,0.413217848,-3.475437411,-3.510299056
4.9389,5.99664,1.214165097,1343.51,0.59356,0.581522485,17.81808768,1.854813756,-4.410027968,-4.57087406
4.93271,5.99775,1.215913767,1299.56,0.59376,0.581718429,17.82036516,1.856430971,-4.410370724,-4.60219422
5.88092,6.70296,1.139780851,699.937,0.508,0.44775067,24.88322145,2.129648793,-5.070078815,-4.649898311
6.39591,7.14805,1.117597027,816.546,0.5268,0.494309065,23.74909878,1.919055701,-4.84553173,-4.660525145
4.92206,5.77868,1.174036887,450.432,0.44054,0.329920841,17.37847624,0.686404483,-3.823901488,-4.043783313
4.10839,5.75215,1.400098335,381.453,0.46882,0.333995882,22.17983233,1.591765759,-5.526299139,-4.384857728
6.55932,6.80526,1.03749474,761.982,0.4989,0.397758076,16.93151673,1.17968211,-3.874005026,-4.210900174
6.16155,6.57786,1.067565791,699.718,0.4753,0.362486844,18.01082981,1.399079888,-4.189729913,-4.406365268
5.84627,6.33392,1.083412159,643.917,0.4538,0.332344648,19.06049598,1.645222276,-3.930251272,-4.712164074
5.51061,6.12857,1.112140035,581.507,0.42362,0.292331155,20.56324371,2.02728649,-3.939569717,-4.962057702
5.36819,6.06597,1.129984222,565.769,0.41006,0.275193278,21.23871874,2.217317498,-3.888462449,-5.113061147
9.75442,11.1144,1.139421924,1198.49,0.6065,0.615091599,19.50873773,1.11345012,-3.444911232,-3.702382091
10.81199,11.16343,1.032504655,1207.56,0.61772,0.633563523,19.01025525,1.093599903,-3.272097373,-3.620212259
4.28533,4.71676,1.100676027,490.81,0.49148,0.376887389,25.91818891,3.868441212,-2.578262136,-3.60472955
6.55778,6.89591,1.051561657,1456.1,0.60374,0.579460601,14.22251044,1.08401477,-2.585677922,-2.917414561
4.19114,6.49396,1.549449553,1300.84,0.6386,0.494088883,14.19065509,0.739396554,-3.95578324,-4.017280036
4.97088,6.11636,1.230438071,1749.73,0.64934,0.568474502,13.99261394,1.185797762,-3.284975699,-3.487759449
5.04442,8.81867,1.748202965,931.976,0.55066,0.439487294,15.83533352,0.878733968,-3.689778498,-3.811498297
5.33808,6.56785,1.23037684,1901.46,0.66442,0.60867733,13.05120613,0.974913258,-3.441388034,-3.515421856
5.36,7.39,1.378731343,519.307,0.54734,0.348670841,16.52390725,0.54685018,-4.822922309,-4.602727277
6.44619,12.4058,1.924516652,3466.74,0.76078,1.18273669,13.63570425,1.108526303,-3.762633368,-3.702421639
6.38821,10.49302,1.642560279,3032.56,0.7415,0.997023049,13.17864634,0.857070394,-3.702279711,-3.616970817
9.81049,13.18784,1.344259053,4606.36,0.80924,1.786823819,8.966661697,0.809059968,-3.370410085,-3.361944939
4.13382,6.66105,1.611354631,568.967,0.53772,0.333073178,16.55384306,0.681696033,-4.490707651,-4.573853607
3.89777,6.45765,1.656755016,525.444,0.54148,0.396726428,17.58840747,0.905429524,-4.637372426,-4.659637233
4.51564,5.66644,1.254847596,2275.65,0.67634,0.689241919,10.98202457,0.322159798,-4.163281164,-4.249894031
4.05435,4.73204,1.167151331,319.964,0.4277,0.316451482,21.97520894,1.318734666,-3.312019255,-4.038483414
4.8264,5.98746,1.240564396,685.982,0.53052,0.357601699,15.16006877,0.559772278,-4.093224376,-4.08619058
9.20377,14.80939,1.609056941,1800.7,0.70398,0.826321918,9.16418634,0.281455012,-3.487577084,-3.469000629
4.07958,6.88524,1.687732561,1285.3,0.62358,0.525084626,16.09026005,1.249910889,-3.965850891,-4.070600893
5.61485,6.87631,1.224664951,2115.17,0.63956,0.681030682,15.23562796,1.017701246,-4.087940731,-3.883091849
4.90421,6.77584,1.381637409,1010.01,0.56156,0.564412541,16.85838145,1.343877367,-4.048288015,-4.33714568
4.88256,6.98839,1.431296287,1580.21,0.61206,0.665017325,17.16359758,1.679491397,-4.201701937,-4.331667318
4.58005,5.20828,1.137166625,834.689,0.52362,0.467776805,19.7497691,1.919410924,-4.098710716,-4.6823185
4.16361,5.04646,1.212039552,673.074,0.50424,0.422254974,20.4365574,1.938699846,-4.145122597,-4.932412523
11.95813,12.29446,1.028125635,2060.41,0.68504,0.920104657,17.08305716,1.184903707,-4.485573345,-4.493212769
8.44595,9.12886,1.080856505,1014.72,0.56214,0.56108516,12.66844603,0.518012505,-3.676026911,-3.674316705
7.36383,7.68803,1.044026003,1876.75,0.62688,0.659702162,15.04320207,1.133139266,-3.747377654,-3.782048387
3.97712,7.7972,1.960514141,937.557,0.58572,0.503931859,21.82431221,2.124010469,-4.856260668,-4.773721506
8.31199,10.7008,1.287393272,2986.32,0.7021,1.117262429,17.78221144,1.617268732,-4.146531149,-4.055922469
6.63386,18.89368,2.848067339,3744.38,0.79456,1.413322471,10.71381225,0.762058098,-3.403046667,-3.438820496
5.88693,6.89695,1.171569901,856.577,0.55542,0.385478117,16.78905958,1.282525267,-3.625827976,-3.793256163
3.96893,6.00569,1.513176095,202.584,0.52692,0.465292066,22.55018804,2.212373584,-5.56931797,-5.74211793
4.39477,7.09727,1.61493548,2140.05,0.63992,0.673286036,14.5526939,1.360837155,-3.925371991,-3.985389499
5.12372,5.82935,1.137718298,1462.81,0.63114,0.488483329,13.53271555,0.749931002,-3.39318682,-3.503150136
5.98915,7.03715,1.174983094,811.644,0.53062,0.414404423,14.67600643,0.664339058,-3.782023842,-4.217535154
12.65122,13.44844,1.063015267,2394.71,0.76104,0.874884322,11.01200697,0.498313084,-3.806395361,-3.768686096
13.34985,14.169,1.06136024,2503.1,0.77684,0.918465551,10.31558856,0.444066072,-3.667000964,-3.684417084
6.76783,8.36355,1.235780154,1063.58,0.56354,0.423548688,15.6500536,0.905903111,-3.981324934,-3.936572914
5.00492,7.33223,1.465004436,1791.86,0.61622,0.65740231,16.40541964,1.781155093,-3.902133141,-3.958460286
6.43303,7.42883,1.154794863,2114.3,0.64898,0.762284434,13.25697614,1.138608154,-3.618518609,-3.674638009
6.72764,7.7279,1.14867918,2730.5,0.7229,0.899449307,11.42187707,1.151715947,-3.294678761,-3.418844563
5.68293,7.16636,1.261032601,2617.08,0.69684,0.79788038,13.35729539,1.672664921,-3.44258644,-3.512319486
5.1578,5.66812,1.098941409,807.237,0.5395,0.399458011,17.61226901,1.281645421,-3.977217803,-4.084629615
7.67137,8.4023,1.095280243,1269.75,0.59786,0.546799832,13.8324828,0.710115275,-3.959216606,-3.646074032
4.17251,6.53947,1.567274854,360.568,0.46198,0.323535797,23.53996334,1.511748911,-5.293148129,-5.052242141
9.57746,15.66484,1.635594406,1739.47,0.73392,1.015159898,12.10541671,0.713159998,-3.501051138,-3.574252638
3.84006,4.32673,1.126734999,1152.08,0.5859,0.490498116,17.84739881,1.738989297,-3.643956032,-3.843986514
4.92678,6.29282,1.277268317,1608.3,0.60312,0.573329784,15.973868,1.45406895,-3.748829496,-3.705868316
6.07222,6.23863,1.027405134,1178.37,0.53452,0.477514338,18.47452835,2.465381773,-3.468706689,-3.693853649
6.06718,6.23732,1.028042682,1176.05,0.5353,0.477039202,18.51003816,2.49006145,-3.112530932,-3.691758156
4.06197,5.74941,1.415424043,588.733,0.49136,0.336101345,18.09259346,1.116050995,-3.798456467,-3.885594207
3.99796,4.52715,1.132365006,364.836,0.45408,0.277808028,22.96345202,2.03779636,-3.228227731,-4.124182155
4.70268,5.01289,1.065964514,547.821,0.47896,0.305548822,21.81934905,2.152394357,-2.686178717,-3.450329757
8.31604,10.41333,1.252198162,5242.19,0.82044,1.873873709,8.340112494,0.731184837,-3.226106609,-3.232821075
4.18445,4.53887,1.084699303,261.63,0.3603,0.206281775,18.90174991,0.597232007,-3.425023191,-3.98805139
4.1748,8.21773,1.968412858,1243.33,0.63422,0.527286332,13.30111411,0.650331475,-4.012244516,-4.022964376
4.10631,6.32737,1.540889509,710.499,0.4954,0.424063961,20.55777979,1.331893655,-4.984278453,-4.891226063
5.78841,7.52321,1.299702336,681.896,0.49768,0.42760422,15.76284933,0.770143626,-3.478014449,-3.67443707
3.87482,5.2589,1.357198528,849.63,0.5277,0.479139238,17.41845871,1.103224702,-3.98467942,-4.334485003
11.45257,12.52913,1.094001608,3472.5,0.77288,1.335432113,10.44386282,0.784741345,-3.507156213,-3.556650525
4.33133,5.94588,1.372760792,1408.15,0.5951,0.485459069,18.3432322,2.098612436,-3.580112061,-3.977120097
4.01579,5.07535,1.263848458,1014.46,0.6212,0.535946923,17.23230547,1.480723244,-3.744350733,-3.949020737
4.75767,5.54429,1.165337234,1518.35,0.63618,0.610906786,14.81650918,1.248435837,-2.856621259,-3.15294676
4.10902,5.15523,1.254613022,508.14,0.53648,0.36358461,20.82379455,1.922444689,-4.687064899,-5.538409328
4.18602,8.84631,2.113298551,1706.18,0.70336,0.605306414,10.05007212,0.311418292,-3.983772642,-3.99284771
4.15241,8.86151,2.134064314,2272.72,0.7026,0.802492684,10.36879436,0.459529162,-3.985064638,-3.953971005
4.32605,9.01357,2.083556593,2021.65,0.7095,0.706511457,9.677683138,0.334015879,-3.861200867,-3.870549033
4.19423,8.82176,2.103308593,1851.46,0.70298,0.64958418,9.917576383,0.327558506,-3.949324768,-3.933835674
4.22407,8.85655,2.096686371,1858.54,0.70442,0.651059189,9.8835169,0.324703954,-3.920023816,-3.928034454
3.85164,4.48006,1.163156474,403.303,0.48398,0.422280584,19.79832113,0.925506437,-4.542362081,-4.923367675
4.41446,7.10434,1.609333871,2627.19,0.6595,0.788356942,15.7252852,1.865863417,-3.898202053,-3.880312032
4.94837,7.12232,1.439326485,2718.62,0.6713,0.788099498,15.50141062,1.879940687,-3.763742725,-3.809397657
4.98216,13.45228,2.700089921,2293.51,0.69998,0.901889642,16.73198851,1.814487948,-4.188091689,-4.140689249
3.93626,6.53453,1.66008597,925.52,0.57176,0.424160596,16.78958274,1.286097533,-4.446865815,-4.536997454
6.68911,7.56745,1.131308948,1388.82,0.60116,0.558631392,14.19399406,0.579141403,-4.006230659,-3.993622412
5.75072,7.96067,1.384291011,3754.58,0.70468,1.012695338,12.49551051,1.327149526,-3.506997826,-3.561615715
10.97665,11.35149,1.034148852,1225.51,0.6367,0.541761683,11.27439862,0.509516519,-3.116201142,-3.159315851
10.64646,11.39615,1.070416833,1263.84,0.6358,0.542894469,11.11145106,0.459773219,-3.242878116,-3.282295587
3.9227,5.87047,1.496538099,1170.69,0.57814,0.609886418,18.00735767,2.311563632,-4.345399734,-4.790759849
5.59872,9.09863,1.625126815,4362.91,0.74034,1.113338436,11.73815033,1.259796771,-3.325618267,-3.375265112
5.28522,5.86925,1.110502496,622.29,0.51114,0.415392117,20.77753993,1.453844945,-3.773260174,-4.568712358
7.0244,7.6924,1.09509709,2764.13,0.71946,0.964622724,12.24950406,0.803573897,-3.68413143,-3.493927264
6.52553,15.82314,2.424805341,4632.88,0.81398,1.631490546,8.85786745,0.662050508,-3.32756142,-3.333129518
7.59757,9.49894,1.250260281,663.183,0.5598,0.419203379,16.65858012,0.890336072,-3.786544468,-3.711290962
4.61131,6.91043,1.498582832,1017.19,0.60786,0.588549685,20.52548208,3.198557265,-4.418161488,-4.294681796
9.32321,11.60468,1.244708636,4172.94,0.78064,1.424037009,13.95280154,1.399224077,-3.687583527,-3.663705673
5.99671,8.21752,1.370338069,2560.23,0.6714,0.887877966,12.48879476,1.031188032,-3.692093564,-3.744703832
4.51456,4.9876,1.104780975,1231.58,0.56248,0.478877556,22.10999151,4.740864505,-3.6451487,-4.20932333
4.61701,5.92864,1.284086454,1579.5,0.59556,0.611100907,17.29004409,2.310974817,-3.942187796,-4.098589648
4.77821,7.34019,1.536179867,931.923,0.53066,0.441671938,14.78477366,0.708628831,-3.545351922,-3.745168043
3.81829,4.68942,1.228146631,534.254,0.51702,0.417153461,21.32696921,1.667451856,-3.988455795,-4.377190948
3.98304,5.81645,1.46030419,565.926,0.52228,0.420329162,21.32591188,1.700746202,-3.845812271,-4.626448445
4.53855,5.41485,1.193079287,1150.94,0.5581,0.498072324,19.68585266,2.572335554,-3.923130734,-4.16930733
4.29457,4.82648,1.123856405,456.358,0.50178,0.30355166,22.52648769,1.757822108,-2.904003257,-3.424240929
3.9894,4.88877,1.225439916,299.281,0.47486,0.245975178,22.44023139,1.488766156,-3.323988848,-4.181136515
5.46518,12.53445,2.293510918,1289.47,0.56904,0.561864984,15.70235578,0.817029214,-4.042773663,-4.048406415
5.76203,12.25139,2.126228083,1189.1,0.57394,0.53125376,14.58859438,0.596935112,-3.97716541,-3.987543144
3.92618,6.24498,1.590599514,1022.49,0.55392,0.537056428,20.27765813,2.476062971,-4.220450186,-4.707615009
7.09602,8.07265,1.137630672,2422.23,0.68164,0.870581414,12.92096673,0.988575356,-3.619271921,-3.682051515
5.93133,6.98127,1.177015948,890.635,0.52726,0.37123143,15.35914206,0.976601952,-3.241295585,-3.584154066
5.78544,6.94552,1.20051716,898.23,0.52968,0.372117857,15.38807758,0.966369453,-3.210016049,-3.678337514
5.86962,6.83817,1.165010682,889.508,0.5302,0.372334075,15.3658443,0.935554723,-3.154582369,-3.553504838
5.56467,6.36623,1.144044481,842.592,0.51528,0.353704327,15.83522479,0.944446521,-3.513505315,-3.92376117
5.69528,6.30801,1.10758558,800.709,0.5157,0.352280568,15.86607955,0.937045389,-3.442798544,-3.885846376
5.73709,6.35462,1.107638193,806.051,0.5193,0.356285248,15.83284661,0.952544637,-3.488255874,-3.843191205
7.94511,15.05129,1.894409266,3807.69,0.80684,1.409829878,7.214859368,0.380096829,-3.442928615,-3.469061634
3.89562,4.95109,1.270937617,346.743,0.45784,0.297824729,23.82085039,1.921253312,-4.038764123,-4.797346217
10.66951,12.40074,1.16225956,261.375,0.5033,0.218942222,9.416092845,0.052951702,-3.258453882,-3.361364761
4.06012,4.68454,1.153793484,1720.08,0.61792,0.58075188,17.62791919,2.70351705,-3.509327724,-3.664353513
4.09054,4.66904,1.141423871,1961.83,0.62058,0.658505994,17.90760477,3.369486371,-3.448659546,-3.656980831
14.88459,27.51057,1.848258501,5109.54,0.8912,3.187467587,6.193501169,0.530781249,-3.180126085,-3.188909945
17.55175,32.00355,1.823382284,5397.23,0.91408,4.091069806,5.360019849,0.550002136,-3.015344269,-2.964244958
5.18074,6.21117,1.198896297,657.788,0.52526,0.270920157,12.9169342,0.280582619,-3.473116811,-3.524363319
7.36423,14.03164,1.905377752,3398.26,0.76644,1.230871024,12.52261008,1.128434077,-3.66971719,-3.648071386
4.64365,7.4378,1.601714169,1852.85,0.66194,0.537027422,12.23018086,0.731602667,-3.20421309,-3.296506936
4.62821,7.45855,1.611540963,1867.84,0.66254,0.538488422,12.422476,0.768223386,-3.199084905,-3.299859078
4.63983,7.44488,1.604558788,1886.24,0.66764,0.546332362,12.21200641,0.734100784,-3.171596201,-3.315514407
3.80136,15.21973,4.003759181,1606.47,0.65618,0.785195467,18.66775846,2.348634701,-4.718247003,-4.915612464
9.24875,10.42385,1.127055007,2687.06,0.69516,0.951429416,15.17659543,1.504438867,-3.813189122,-3.816203171
7.14498,7.96983,1.11544469,1337.17,0.60668,0.633037795,15.49453512,0.8958107,-3.900254587,-3.93751098
4.01238,5.92635,1.477016135,750.252,0.4782,0.372221184,20.80548653,2.049977107,-4.874191041,-5.180030172
5.25211,5.8871,1.120901885,3067.58,0.68744,0.934650342,14.79692389,1.692457915,-3.793171158,-3.875189022
7.47639,9.48433,1.268570794,4481.6,0.76522,1.370001826,13.43030904,1.329938879,-3.774341749,-3.781082264
4.4136,4.79937,1.08740484,922.745,0.56152,0.531189102,20.04939816,2.53316258,-3.959370383,-4.574782278
6.01154,10.63837,1.769658024,1715.22,0.6658,0.633028134,10.31719146,0.381674232,-3.593062455,-3.663920662
6.40748,11.85606,1.850346782,2432.39,0.70664,0.863627642,17.02711884,0.921091237,-4.086637379,-3.881558673
5.58563,10.22437,1.830477493,848.979,0.58042,0.436790259,21.34577469,1.691501122,-3.970374253,-3.892668079
3.91942,5.69424,1.452827204,702.206,0.52968,0.398882454,19.95081651,1.3673655,-4.676414133,-4.548335265
4.46882,5.86863,1.313239289,814.822,0.5147,0.455051809,20.28251593,1.750745996,-4.535616926,-5.039009378
4.85174,9.1257,1.880912827,1754.48,0.65068,0.680014464,14.75826734,1.436177274,-3.91785661,-3.97315151
7.78516,8.39896,1.07884231,1416.38,0.6729,0.555564729,13.39136148,0.644927795,-3.807887282,-3.880786657
7.63206,8.3208,1.090243001,1398.14,0.6715,0.556047796,12.98119459,0.604734067,-3.770965542,-3.859322741
7.68868,8.38921,1.091111868,1449.74,0.6767,0.565037324,13.17461973,0.63192005,-3.815905678,-3.864660998
7.77175,8.52507,1.09693055,1515.24,0.67936,0.575143921,13.01133464,0.625282868,-3.76284962,-3.829629164
5.11208,5.28259,1.033354329,1073.07,0.53488,0.456499104,21.20147046,2.270926067,-3.691938313,-3.957568424
5.01808,5.62673,1.12129141,1063.86,0.54826,0.524184219,17.61440382,1.896679264,-2.973500777,-3.612673105
6.79716,8.11946,1.19453713,2907.11,0.69544,0.909353617,15.47294856,1.662594315,-3.7322355,-3.76244728
7.7906,14.86103,1.90755911,3581.77,0.80918,1.341492124,6.69832583,0.310071433,-3.378229203,-3.373281442
7.99069,14.78223,1.849931608,3534.32,0.81566,1.346529096,6.841383058,0.334856696,-3.359485131,-3.359268806
7.84915,14.90522,1.89895976,3655.31,0.8114,1.363026274,6.603529985,0.306495485,-3.363953379,-3.360408239
4.60018,4.94474,1.074901417,269.237,0.38192,0.236140824,21.88806361,0.898034908,-3.330702232,-4.384628509
4.5825,4.93426,1.076761593,254.43,0.37962,0.234984618,21.82621493,0.889825231,-3.279295364,-4.420840305
4.21812,4.9219,1.166846842,271.429,0.49422,0.315414611,21.29527805,1.111387254,-4.13939768,-5.144498701
4.61383,4.9549,1.0739234,428.613,0.53188,0.364521081,19.32898509,0.932152693,-4.056391579,-4.561851071
4.9317,5.26068,1.066707221,429.037,0.51028,0.334970066,20.44924652,1.290672434,-3.718380327,-4.450782316
4.54107,5.40858,1.191036474,755.787,0.53782,0.322747513,17.77702552,0.816241821,-3.327380904,-3.938648204
10.66621,11.48526,1.076789225,1250.72,0.65222,0.544278657,11.33894368,0.524306966,-3.055197747,-3.188132577
4.69936,6.1592,1.310646556,2023.02,0.60826,0.607889188,14.85052544,1.515062266,-3.47626947,-3.573944249
4.25994,5.57218,1.308041897,1369.5,0.5393,0.506541933,19.59915808,2.228701668,-3.944747648,-4.175491438
4.39499,5.39399,1.227304271,1586.34,0.55578,0.554421667,19.99141747,2.794633293,-3.711796199,-4.087555872
5.48184,6.02005,1.098180538,1629.74,0.61018,0.644788371,15.09511377,1.63765182,-3.464855617,-3.870277437
6.59726,9.36325,1.419263452,1069.71,0.63646,0.44213656,11.41978788,0.353408833,-3.065912066,-3.194951519
4.77174,6.32793,1.326126319,1528.34,0.60334,0.56522676,16.13300852,1.588673999,-3.632829456,-3.77889543
3.86536,5.06822,1.311189643,434.706,0.48418,0.407957265,21.37310165,1.55855797,-4.340456563,-4.75677001
4.45805,6.7664,1.517793654,1603.21,0.63014,0.606067018,16.98558095,2.32179989,-3.799865622,-4.063472249
9.89769,10.10107,1.020548229,1308.1,0.60726,0.59350841,19.41399105,1.797083281,-3.647174343,-4.492640282
5.78938,6.93743,1.198302754,1149.02,0.54196,0.474716419,15.82268321,1.362355922,-3.278533934,-3.709751901
5.59501,6.24477,1.116132053,1005.23,0.52626,0.440783302,16.72485528,1.423185837,-3.522980708,-4.011748824
5.49275,6.20964,1.13051568,955.494,0.5279,0.441513474,16.70440364,1.375457286,-3.50381214,-4.068690582
5.73918,6.47898,1.128903432,1033.77,0.53274,0.455391717,16.34109694,1.415083866,-3.519968382,-3.981840139
5.40754,6.29424,1.163974746,986.152,0.5257,0.438781728,16.75395236,1.390115498,-3.51820344,-4.045926587
5.83765,6.59897,1.130415493,1086.17,0.5368,0.463289806,16.06212324,1.382739528,-3.435296069,-3.928501907
5.70328,6.32198,1.108481435,1015.15,0.52608,0.443025929,16.5732993,1.425017518,-3.492224761,-3.968657527
5.65537,6.40452,1.132467018,1034.65,0.53292,0.452424613,16.41849826,1.397947403,-3.502617072,-3.971714341
8.36752,9.32517,1.114448487,716.851,0.59946,0.610207586,21.05025993,2.34654737,-3.965332684,-4.374662165
6.30977,7.91316,1.254112274,1470.27,0.64896,0.522566774,11.28310348,0.487723833,-3.467121971,-3.456651496
3.87698,5.91571,1.525855176,450.292,0.57418,0.662893744,19.46226222,2.843211303,-4.497371776,-4.697169731
3.93075,5.92167,1.50649876,1162.63,0.58732,0.673634082,19.59641546,2.893610724,-4.568916468,-4.664302815
4.32228,6.00836,1.390090415,2319.05,0.68348,0.85464699,12.86558139,1.012677113,-3.825278938,-3.847994718
4.33549,6.01151,1.386581448,2318.12,0.6848,0.861809674,12.43741096,0.88657662,-3.778127865,-3.824298481
4.25115,4.82032,1.133886125,471.033,0.48978,0.383834109,22.43434089,1.808589885,-3.392331571,-4.398359801
4.35876,4.99291,1.145488625,499.76,0.4878,0.381770797,22.4636078,1.871863841,-3.191044851,-4.274669575
6.87272,10.89201,1.584817947,3087.28,0.75016,1.037943263,11.66305685,0.790284321,-3.605027231,-3.517779249
3.85397,5.84014,1.515356892,651.999,0.5233,0.348170326,16.02734342,0.517312679,-4.450273399,-4.563804455
5.75569,9.16707,1.592696966,2443.85,0.72936,0.824846732,9.893856328,0.520685262,-3.553962559,-3.517987191
10.6662,12.21539,1.145242917,4621.92,0.82578,1.780538659,8.703436981,0.614472858,-3.415173393,-3.376890817
3.8636,4.95462,1.282384305,419.322,0.48308,0.412758358,22.39520657,1.950826625,-4.048576632,-5.131134048
7.73253,8.93677,1.155736867,1534.47,0.61018,0.64666483,17.33160006,1.516667169,-4.088907735,-4.105387382
7.13769,8.30406,1.163410011,1458.88,0.59606,0.610057151,18.22965211,1.790722778,-4.219526244,-4.1907156
7.37969,8.44223,1.143981658,1439.64,0.59782,0.614410307,17.90767645,1.643446961,-4.153446571,-4.114366168
7.09842,8.04827,1.133811468,1440.66,0.59318,0.604004362,18.16126383,1.798229476,-4.150269301,-4.192550821
7.49178,8.31415,1.109769641,1480.4,0.60074,0.625619642,17.51675902,1.566228245,-4.110477211,-4.126802016
7.73882,9.08651,1.174146705,1537.62,0.6123,0.651767105,17.32698018,1.524921288,-4.143995067,-4.111930503
3.83063,4.68867,1.223994487,641.91,0.5329,0.455388349,20.55477891,1.903944219,-4.637882744,-5.265528975
7.8304,8.65239,1.104974203,3051.99,0.7382,0.95310644,10.59700957,0.702989649,-3.425964461,-3.382199656
4.35866,8.62654,1.979172498,1105.82,0.5445,0.502000627,17.19424485,1.147371734,-4.231879973,-4.264838284
4.35938,5.14759,1.180807821,1109.55,0.5593,0.508514643,17.2594681,1.352163877,-3.939640942,-4.077276504
3.94966,4.69226,1.188016184,345.206,0.4388,0.279773784,21.26367938,1.075499055,-4.307539575,-4.914325215
4.89061,5.50745,1.126127416,1139.92,0.58316,0.466050764,14.85952205,1.138633771,-3.615024118,-3.693964326
4.00684,5.70065,1.422729632,564.198,0.51958,0.328063241,17.63347517,0.884304509,-3.874226198,-4.2656853
3.84167,5.32208,1.385355848,733.601,0.52318,0.404631162,15.95995102,0.701391836,-4.011263933,-4.195842178
14.05,36.15,2.572953737,3194.15,0.84,1.953488372,12.94255083,0.666672042,-3.594653887,-3.525740977
4.36229,5.75405,1.319043438,434.125,0.53696,0.351646049,22.41990461,1.065427004,-5.122220435,-4.888522176
4.52515,6.13875,1.356584865,1493.41,0.59662,0.600542745,17.12741758,1.744084298,-3.983444449,-4.104694775
4.59373,7.22618,1.573052835,1828.79,0.63454,0.656898867,16.09860736,1.571795192,-3.950692129,-3.949845504
4.84122,7.00262,1.446457711,1423.64,0.6081,0.5768191,15.16269047,1.137013259,-4.080886121,-4.174739615
7.6444,11.00214,1.439241798,3428.42,0.7599,1.228883865,11.36288087,0.829869853,-3.558916472,-3.549742532
5.04848,6.66002,1.319212912,1843.49,0.6398,0.663064273,15.08010556,1.493118838,-3.87744003,-3.979701415
8.90439,11.42925,1.28355227,2223.6,0.7661,0.791007236,8.690296332,0.335168192,-3.241862728,-3.206047179
9.07717,10.66695,1.17514049,2190.82,0.76578,0.785255112,8.7477365,0.345194995,-3.248748933,-3.241196844
4.30728,6.57238,1.52587712,1065.49,0.57762,0.45806866,16.9479415,1.183724552,-3.98145662,-4.143261587
4.17882,5.59305,1.338428073,385.068,0.52662,0.343885907,23.21003807,1.048589596,-5.070713349,-4.93675768
4.9999,7.18693,1.437414748,382.807,0.43326,0.22603533,18.21350475,0.750258431,-3.377243832,-3.98837804
5.0904,7.36476,1.446793965,417.439,0.44926,0.246526482,17.49578285,0.739106387,-3.386123159,-3.812934649
4.20373,6.56154,1.560885214,1298.13,0.62504,0.573668028,15.60267296,1.293561628,-3.944924003,-4.228163698
3.9125,4.92581,1.258992971,465.067,0.5106,0.363297426,21.07628032,1.275640321,-4.64731818,-5.681484629
5.21899,5.64492,1.081611576,1481.39,0.6254,0.590757954,15.65812137,1.341237751,-4.196850399,-4.263791526
5.95602,6.21326,1.043189915,729.698,0.49766,0.400180124,19.74064326,1.733313104,-2.923977277,-3.716245381
4.27127,6.49659,1.520997268,1347.59,0.60658,0.542596966,14.59491484,1.127506658,-3.765934514,-3.866860213
5.43474,10.46212,1.925045172,1605.6,0.62286,0.654963701,15.58933598,1.483016455,-3.940481673,-4.075531967
8.87116,9.8373,1.108907967,969.875,0.57238,0.533120972,22.58778784,1.050102905,-4.650278912,-4.542195444
6.24854,7.34237,1.175053693,1596.36,0.61886,0.68088599,17.55514982,1.617287188,-4.299126165,-4.250974726
5.22989,9.48905,1.814388066,1808.31,0.6674,0.688761952,17.61825719,1.40563279,-3.950416188,-3.938606805
3.86782,5.37464,1.389578626,1870.73,0.6346,0.668912538,17.07180378,2.247093728,-3.814481293,-4.020851315
4.8868,5.91842,1.211103381,910.212,0.5532,0.480512825,19.07656519,2.082985592,-2.937596596,-3.586123735
4.30122,4.60907,1.071572717,281.671,0.39598,0.200400822,20.80455486,1.022252552,-3.002224333,-3.506436512
12.87,14.1,1.095571096,2228.79,0.8,0.987654321,6.700427295,0.180885573,-3.24514197,-3.225166884
7.10723,9.16435,1.289440471,1785.58,0.71672,0.531525786,8.118782141,0.14584742,-3.19464088,-3.264775723
4.22527,7.96797,1.885789547,2299.7,0.67772,0.715688718,14.1018815,1.272760953,-3.67334946,-3.662620867
9.08154,9.76423,1.075173374,2457.06,0.73812,0.91939534,9.863961058,0.549433309,-3.331899296,-3.367687548
19.3368,19.79872,1.02388813,1528.3,0.69486,0.986102379,13.6644858,0.605998603,-3.852520884,-3.752884612
4.20657,5.38643,1.280480296,847.142,0.55426,0.499486329,19.07441891,1.659688144,-4.380736347,-4.512466238
3.99735,4.64307,1.161537018,462.848,0.46236,0.346661668,20.47059936,1.309494592,-3.342997565,-3.898092574
5.37715,6.43933,1.197535869,1005.64,0.6692,0.446386286,8.784182934,0.097134793,-2.989605971,-3.086925286
9.42284,13.86987,1.47194158,3129.13,0.77574,1.18793232,11.54045544,0.850188924,-3.765781324,-3.746953994
4.17617,5.14144,1.231137621,544.588,0.4835,0.397396172,23.09456047,2.646184218,-4.40193255,-5.1613677
4.26413,5.21651,1.223346849,475.679,0.45476,0.347877972,22.80043717,1.814519468,-3.732026747,-4.744635032
4.20625,5.17671,1.230718574,465.806,0.45174,0.341348043,23.1230403,1.837173119,-3.795601655,-5.288542566
4.19232,5.18455,1.236678021,463.163,0.4517,0.340885079,23.12643209,1.828998634,-3.783902812,-5.30710556
4.2044,5.10253,1.213616687,688.026,0.52112,0.478205811,23.02872161,3.238476949,-4.36823646,-5.050469772
4.22957,5.18183,1.225143454,462.543,0.44602,0.337318964,23.17305914,1.857559258,-3.77497825,-5.292994384
4.16078,5.12951,1.232824134,497.637,0.48528,0.401343103,22.43085083,2.180930087,-3.827815045,-5.316490262
4.14989,5.13643,1.237726783,493.337,0.48544,0.40311571,22.3645965,2.190028923,-3.843754528,-5.276947827
4.11286,5.03837,1.225028326,651.17,0.51576,0.469487329,22.88765864,3.003748581,-4.443218995,-5.147870852
4.16408,5.11629,1.22867236,496.29,0.48534,0.402928943,22.62928101,2.235220911,-3.806325427,-5.384936396
4.1448,5.10846,1.232498552,500.794,0.48324,0.400145736,22.81936995,2.318153944,-3.875169577,-5.40070003
4.15972,5.11945,1.230719856,495.45,0.48482,0.402784816,22.76195088,2.313751688,-3.861692894,-5.362409067
4.2274,5.18521,1.226571888,710.574,0.52506,0.48674806,22.71269506,3.235545381,-4.47345128,-5.063807465
4.14844,5.07705,1.22384559,452.586,0.44634,0.336459166,23.14717336,1.806056002,-3.910481944,-5.476091333
4.14733,5.07722,1.224214133,507.094,0.4848,0.401893409,22.58647561,2.195962605,-3.917394232,-5.537187525
4.13768,5.06728,1.224666963,446.329,0.44662,0.33585249,23.1731235,1.796149053,-3.878361532,-5.390620033
4.15333,5.07375,1.22161013,452.563,0.4458,0.336265029,23.0802053,1.799779932,-3.829265307,-5.422699406
5.02172,6.11473,1.2176565,933.45,0.52766,0.471765253,16.89753624,1.156362837,-4.005921513,-4.274715138
8.04507,8.8545,1.100611928,2063.91,0.68774,0.729107365,13.50208877,0.8748149,-3.489295945,-3.518912143
11.03925,13.60446,1.232371764,3327.56,0.78654,1.220353815,14.71146974,1.013503201,-3.687120388,-3.690048184
13.19796,24.78598,1.878015996,4947.46,0.87136,2.781809185,8.140975242,0.691146318,-3.300297834,-3.257295388
6.35591,10.98199,1.727839129,3296.94,0.73154,1.107434163,13.03371715,1.183414843,-3.763183212,-3.7470496
12.98274,23.06458,1.776557183,4838.56,0.86456,2.614689026,8.409620292,0.709539563,-3.292437302,-3.317274359
5.7276,6.88265,1.201663873,1611.77,0.62392,0.609570706,13.55468937,0.892419727,-3.785314847,-3.911101661
5.1746,5.7945,1.119796699,720.338,0.50562,0.435275178,16.59890415,0.903601539,-3.370189016,-3.919151674
5.39567,7.38904,1.369438828,1219.07,0.5702,0.518830584,14.93057714,1.154053087,-3.852121718,-4.032649336
6.73,16.55,2.459138187,2814.27,0.76,0.987012987,11.94808482,0.524888841,-3.664481928,-3.696342039
4.65956,6.41327,1.376368155,1535.34,0.62906,0.557761365,17.23060663,1.444395504,-3.786086707,-3.897841516
12.10423,18.23146,1.506205682,2275.9,0.74336,0.971094218,11.02686554,0.499508104,-3.793937048,-3.709965859
12.14323,13.84583,1.140209812,2768.28,0.76258,1.157372486,12.5218234,0.694158999,-3.694016786,-3.669573699
4.53426,6.95809,1.534559112,806.815,0.50894,0.449545985,20.02941433,1.954208088,-4.178353452,-4.384337452
4.64204,5.78941,1.247169348,747.823,0.51762,0.391202811,19.43721184,1.764452263,-3.932140701,-4.698460515
10.88776,11.70127,1.074717848,1638.11,0.6523,0.720058991,11.94412475,0.838402399,-3.062014009,-3.145322679
5.0291,8.2837,1.647153566,1472.76,0.65304,0.493120894,10.61969704,0.380690788,-3.260224177,-3.32801902
5.49258,8.41938,1.532864337,1657.31,0.64074,0.619599273,12.55963499,0.654829181,-3.564180107,-3.687676095
4.59988,5.9608,1.295859892,1278.73,0.58256,0.490201193,17.28521545,1.420177644,-4.09275858,-4.250564837
4.1602,7.73235,1.858648623,1013.57,0.58146,0.535996755,24.13433227,1.930869609,-4.443613214,-4.1558609
8.86311,9.22928,1.041313941,2034.56,0.70346,0.713281168,14.34519253,0.927957381,-4.178910819,-4.125602867
4.58328,5.6202,1.226239724,524.474,0.50516,0.278259145,18.5226332,1.109517056,-2.980068185,-3.655882135
4.61311,5.63723,1.222002077,653.391,0.5075,0.345346163,18.8612864,1.47612066,-2.953837246,-3.635270173
4.88882,6.32359,1.293479817,578.504,0.50292,0.446670752,17.71553116,0.855134992,-4.132962235,-4.387478642
4.66146,6.0002,1.287193283,357.416,0.48426,0.336181941,17.95434794,0.49567992,-4.325233889,-4.535818323
6.74608,13.227,1.960694211,2215.11,0.72426,0.833570232,18.01408393,0.940957934,-4.137203449,-3.885361536
4.42359,8.09828,1.830703117,2607.82,0.6967,0.810747908,12.49511383,0.728551174,-3.807931958,-3.831081375
5.8597,6.79191,1.159088349,2100.11,0.65406,0.689795548,15.42384066,1.054709667,-4.11846267,-3.917535373
10.86073,11.63735,1.071507164,1214.12,0.65836,0.535352139,11.92951182,0.567078795,-3.230716338,-3.235834862
10.98212,11.75163,1.070069349,1234.42,0.65036,0.542912239,11.41858041,0.539664111,-2.931422628,-2.973711479
11.03917,11.38312,1.031157234,1247.21,0.6341,0.540662676,11.20688674,0.5066387,-3.086379943,-3.138865911
11.05994,11.42805,1.033283182,1336.09,0.63804,0.584826625,10.64859861,0.432394941,-3.124309098,-3.192071469
7.7572,11.72853,1.511954056,2286.7,0.6749,0.887001596,14.17913434,0.989513477,-4.186733298,-4.18715125
7.62995,8.13936,1.066764527,1348.68,0.66956,0.550933088,13.63993273,0.634899606,-3.823517558,-3.907635427
4.04173,4.60479,1.139311631,130.945,0.43722,0.22046188,22.35632645,0.759937181,-3.598063829,-4.107131676
3.93912,4.45544,1.131074961,113.051,0.43892,0.220338047,22.86498852,0.75672334,-3.71657592,-4.389770215
9.31362,12.67704,1.361129185,2398.06,0.7234,1.104092039,13.39077814,0.559178949,-3.653501625,-3.58730849
3.91222,5.67083,1.449517154,563.649,0.49038,0.418831086,20.96494585,1.569946824,-4.83014017,-5.083223245
4.88116,5.59343,1.145922281,1371.16,0.58004,0.525094148,14.9393501,0.817929718,-4.038260562,-4.211105148
4.97261,5.7034,1.146963064,1433.79,0.58618,0.559919763,14.57541127,0.820765786,-4.046837284,-4.147899977
5.54904,8.76686,1.579887692,2604.01,0.67976,0.895651395,15.21993233,2.215535912,-3.677318649,-3.79344033
7.20377,7.38052,1.024535764,1110.14,0.60582,0.454430892,16.30232215,2.027573728,-2.986831176,-3.445453054
7.1769,7.28809,1.015492761,1079.81,0.60038,0.441546789,16.59164372,2.164811929,-3.05230952,-3.499386519
7.09442,7.22049,1.017770304,1102.15,0.608,0.459884878,16.34157443,1.916044069,-3.289025728,-3.629492943
4.97186,7.04903,1.417785296,1928.15,0.66846,0.657163362,9.249891434,0.25776339,-3.45599445,-3.44705068
5.10341,5.73499,1.123756469,868.95,0.55314,0.458896438,20.51203795,2.683868962,-2.992253564,-3.875463139
3.82437,4.56896,1.19469612,318.261,0.41566,0.291961677,23.09646389,1.710919947,-3.928871075,-5.123723131
5.38811,5.97222,1.108407215,971.173,0.51938,0.468061714,18.70374004,2.134367507,-3.254435923,-4.045937866
4.56727,6.25402,1.369312521,4238.89,0.72984,0.974583174,11.18248766,0.842694157,-3.328361876,-3.374489323
4.35413,5.10968,1.173524906,507.864,0.45478,0.329842324,20.80870921,1.718378132,-3.560815552,-4.173858129
4.4456,6.19639,1.393825355,2275.6,0.64936,0.747817675,16.29004315,2.435330502,-3.803997612,-4.026150395
8.18133,11.98894,1.465402325,2562.18,0.74316,0.96277094,11.01895481,0.675115498,-3.565501541,-3.566356999
4.29128,6.55703,1.527989318,1466.02,0.64516,0.54884813,14.26039012,1.010634302,-3.495383564,-3.667138862
5.2518,5.87924,1.119471419,459.011,0.43962,0.287609664,20.34160349,1.215204004,-3.151447287,-4.070583221
5.9765,9.58182,1.603249393,2648.37,0.72546,0.862950442,11.19797758,0.766606223,-3.461719112,-3.495031865
4.26959,8.02011,1.878426266,1734.38,0.64124,0.635362893,16.15377366,1.447469959,-3.925050941,-4.02820588
4.45129,6.37079,1.431223308,1125.51,0.54744,0.522351459,19.54312979,2.864981791,-3.60554413,-4.066475544
7.17386,7.35052,1.024625515,1113.64,0.60504,0.453845808,16.35778367,1.994970957,-3.002836036,-3.441377558
7.17038,7.33344,1.022740775,1105.39,0.60502,0.452094511,16.40132468,2.040844761,-3.018435904,-3.435195674
7.28396,7.42387,1.019207958,1113.73,0.60704,0.458184892,16.21334073,1.987033061,-2.942716955,-3.399800144
7.20219,7.37728,1.024310661,1123.83,0.6071,0.457984746,16.23766321,1.984792084,-3.013139127,-3.444342284
7.21509,7.38305,1.023278989,1117.68,0.60596,0.45697307,16.26522351,1.982056644,-3.009368947,-3.439667558
7.33893,7.46814,1.017606109,1116.84,0.6071,0.457549836,16.06118697,1.928078945,-2.849939221,-3.349865779
7.33479,7.46558,1.017831458,1116.13,0.60854,0.457996538,16.07072692,1.94693741,-2.907860459,-3.353393444
7.28781,7.41619,1.017615717,1121.84,0.6093,0.459623581,16.1781609,1.976988398,-2.872094149,-3.386209193
5.34411,7.59357,1.420923222,4735.19,0.77128,1.17595937,8.686105314,0.583229319,-3.089842375,-3.150407192
5.80414,7.65948,1.319658037,5109.81,0.77446,1.30166595,7.918307932,0.510985445,-3.074797246,-3.080460392
5.28462,7.52132,1.423247083,4773.59,0.76688,1.172321545,8.75120474,0.589735822,-3.101050757,-3.107567308
5.31741,7.56107,1.421946023,4836,0.76632,1.190496164,8.698082776,0.59105345,-3.113017806,-3.116094613
5.32516,7.56218,1.42008503,4706.13,0.77324,1.170864369,8.786049039,0.59667559,-3.141976769,-3.186017965
4.45476,6.90995,1.551138557,3284.32,0.71432,0.864011767,10.71286676,0.510937497,-3.538795679,-3.590635024
4.2786,5.606,1.310241668,919.873,0.5269,0.45920813,17.88623382,1.161442204,-4.18918096,-4.381499023
5.19998,7.26534,1.397186143,2312.96,0.64896,0.783047485,14.22892113,1.381162106,-3.742828471,-3.770161091
5.18545,7.18754,1.386097639,2240.96,0.64394,0.767292195,14.53897715,1.446613719,-3.781787445,-3.801942606
4.43891,5.88824,1.326505831,1359.64,0.59112,0.576651806,18.09737872,1.838011436,-4.080088067,-4.240600156
13.85784,19.10077,1.378336739,1958.44,0.74916,1.244966772,25.00413274,1.077697554,-4.760308853,-3.750718648
11.95217,14.68028,1.228252276,1706.9,0.69464,0.876299519,21.89678107,1.215617766,-4.949021127,-4.519673852
7.14174,9.45168,1.323442186,2585.83,0.7282,0.92136745,12.36325329,0.643623448,-3.889877335,-3.872447386
4.80567,5.5413,1.15307543,918.195,0.58248,0.48709672,15.9996877,0.957563876,-3.450736398,-3.711643871
4.21189,5.10436,1.211892998,719.223,0.51582,0.433378423,18.86125931,1.57549766,-3.948199597,-4.88758052
4.39766,7.90411,1.797344497,921.201,0.60446,0.574887773,17.84810932,1.759680533,-4.401934944,-4.287195249
4.84046,6.75607,1.395749578,1702.93,0.63134,0.554858328,14.54368775,1.367922951,-3.304287665,-3.470762057
11.04095,11.66314,1.056352941,1362.13,0.6492,0.603901359,10.65073542,0.462736734,-3.021845392,-3.117728437
11.08852,11.77684,1.062075011,1364.53,0.65012,0.605421715,10.59411343,0.461987402,-3.072815671,-3.021369499
10.98127,11.76704,1.071555476,1368.99,0.6465,0.602948994,10.55153685,0.448192147,-3.065481689,-3.135734112
10.53212,11.30509,1.073391682,1104.45,0.6287,0.475668069,11.49215636,0.484799163,-3.064260944,-3.162716864
10.60044,11.32593,1.068439612,1101.05,0.6293,0.475963575,11.43321413,0.467262829,-3.0743121,-3.172441107
10.68224,11.42001,1.069065102,1104.64,0.627,0.474349566,11.46758598,0.480196492,-3.058604774,-3.165239788
10.585,11.34307,1.071617383,1108.97,0.63104,0.477312094,11.57727567,0.497646342,-3.035053554,-3.182118264
4.23947,6.93068,1.634798689,428.413,0.48152,0.311681587,14.0431223,0.199609877,-4.040145847,-4.147304684
5.40152,7.73062,1.431193442,1563.13,0.60222,0.631223455,15.80676225,1.875505243,-3.672721513,-3.89890845
11.23461,11.80999,1.051214951,791.305,0.69846,0.824138676,13.46164453,0.817240957,-4.208352788,-3.995206209
3.90775,5.56128,1.423141194,937.649,0.57918,0.462759073,17.61985918,1.293462676,-4.704662665,-4.925777216
5.49468,12.14001,2.209411649,2045.91,0.70078,0.734702693,20.464627,1.007684677,-4.015920699,-3.644776557
5.62136,12.35154,2.197251199,2106.67,0.70198,0.760042702,19.76617436,0.985813725,-3.99374781,-3.677759398
4.92388,5.36231,1.089041569,929.173,0.5349,0.463723136,17.30308727,1.241849754,-3.488864634,-3.685865224
6.15293,7.0253,1.141781233,1368.59,0.60364,0.546587225,15.72898624,1.531518513,-3.680369741,-3.54846304
5.05276,7.19025,1.423034144,380.65,0.43228,0.225606446,18.02573455,0.711066662,-3.378474953,-3.91503019
4.83476,7.39284,1.529101755,390.61,0.44328,0.245162075,18.01300609,0.689552041,-3.619374741,-4.012154377
4.12844,5.05496,1.224423753,265.094,0.4326,0.264825256,25.15914844,1.50601341,-3.061366966,-3.716067121
5.18154,5.67135,1.094529812,826.877,0.53,0.394403929,19.04891367,1.978898163,-2.976091862,-3.606112397
5.18428,6.67552,1.287646501,1413.08,0.64578,0.551322001,13.7388024,0.956935376,-3.51116755,-3.764811058
4.28304,4.62483,1.079800796,401.92,0.465,0.348413781,28.27688659,4.31018745,-2.304756066,-3.472112975
6.23608,7.81335,1.252926518,1896.01,0.61804,0.63493368,15.90327854,1.190861306,-3.672799698,-3.674094769
3.87145,5.21671,1.34748221,916.293,0.57468,0.39568702,15.10421865,0.640709013,-3.846744891,-3.958970052
4.5166,6.66976,1.476721428,419.442,0.47544,0.299544484,16.96302585,0.619895486,-3.956312368,-4.45712597
6.89364,9.14224,1.326184715,1206.55,0.68506,0.503883609,9.569129288,0.244290052,-3.077425811,-3.107335175
4.29599,4.63098,1.07797737,472.788,0.54852,0.401070457,23.47487966,2.910540483,-2.603348135,-3.588555907
4.30308,4.63882,1.078023183,479.173,0.55296,0.409218063,23.16408511,2.851233461,-2.671621419,-3.44154163
4.3739,4.70831,1.076455795,504.05,0.55312,0.411186607,23.04498487,2.82716599,-2.640460233,-3.580484719
4.32354,4.94837,1.144518149,343.374,0.4138,0.306205508,22.75643838,1.390208751,-3.508075835,-4.927161168
3.86596,4.87431,1.260827841,384.255,0.50358,0.258247478,18.04802591,0.751139145,-3.95186845,-4.403522345
7.93434,15.09269,1.902198545,3662.05,0.80844,1.370467248,7.458394808,0.383791358,-3.523005753,-3.529316332
8.16227,9.83364,1.204767791,1518.5,0.6467,0.635040654,14.89236924,1.027981659,-3.595886952,-3.70848013
5.47634,6.55951,1.19779086,887.688,0.5474,0.415587965,18.92384336,1.355480025,-4.111691971,-4.1745719
8.00757,9.50189,1.186613417,1472.54,0.6415,0.609848845,15.13067698,1.032060386,-3.615645463,-3.705118723
5.60789,6.70842,1.196246717,923.542,0.55088,0.417165835,18.59836324,1.344910563,-4.055468354,-4.158299009
3.89017,4.60881,1.184732287,358.284,0.50074,0.366450536,20.64661195,1.08099724,-3.956151203,-4.45494086
4.63859,5.4738,1.180056871,936.735,0.53538,0.444774904,18.63136195,1.928695131,-3.940235177,-4.284431683
3.82594,5.32552,1.391950736,933.983,0.63118,0.552968181,15.9022043,0.599450899,-4.877815928,-4.956634864
4.80371,5.79765,1.206910908,719.191,0.48864,0.387985041,15.37311316,0.583330064,-3.610040897,-3.842875374
5.53808,6.21036,1.121392251,3005.53,0.70958,0.886834215,11.64691199,0.976840705,-3.423904925,-3.468505101
9.14394,9.7414,1.065339449,2685.62,0.73662,0.955248733,11.03153684,0.653728079,-3.442619306,-3.485474254
3.8225,5.04054,1.318650098,599.563,0.5377,0.424046939,19.92124666,1.452103477,-4.473344779,-4.731780254
4.02408,6.70856,1.667104034,1520.73,0.60054,0.64523546,17.6815765,2.089611394,-4.194397801,-4.245405432
5.65831,7.18303,1.269465618,2159.1,0.63818,0.765898104,16.12146568,1.740265132,-3.933297932,-3.998240344
5.43297,8.20333,1.509916307,2579.5,0.6694,0.869506483,13.3900157,1.252471241,-3.649669679,-3.69078305
5.26481,6.66878,1.266670592,2374.68,0.64048,0.778121055,14.57570296,1.522239517,-3.737067488,-3.806978929
10.38341,21.55746,2.076144542,3407.64,0.7949,1.5372863,11.8025527,0.889655648,-3.645901475,-3.615519901
4.20652,5.45311,1.296347099,379.2,0.4955,0.408686759,23.51784619,2.619324901,-4.903798849,-5.218665846
7.46673,9.06566,1.214140594,2614.65,0.70354,0.934288772,14.23384805,0.97762456,-3.729340637,-3.733691299
6.23525,7.9329,1.272266549,3678.83,0.74178,1.083051783,9.609119151,0.67778764,-3.140122645,-3.20827681
4.07497,5.51848,1.354238191,768.197,0.5054,0.375722973,17.35257869,1.151613506,-4.291870442,-4.432757358
3.95909,5.10254,1.288816369,437.509,0.5031,0.353270792,21.22080036,1.326607373,-3.963879907,-5.234906279
6.85852,10.91726,1.591780734,2093.97,0.68638,0.684395254,13.05040721,0.885561274,-3.414343331,-3.495634874
3.85266,4.38796,1.138942964,227.864,0.42118,0.27866694,26.16666472,2.117047546,-4.214161474,-5.063052208
6.3776,6.74837,1.05813629,1354.57,0.612,0.579265696,14.19681935,1.179550984,-2.83148156,-3.231325153
6.81306,7.22831,1.060949118,1378.36,0.61594,0.597936143,13.6594417,1.08071137,-2.881760352,-3.095456546
6.39006,6.77242,1.059836684,1385.26,0.61286,0.584204757,13.950246,1.099227793,-2.83336271,-3.100597604
5.23227,5.48105,1.04754724,933.84,0.56018,0.466447396,16.75227593,1.312855526,-2.761115047,-3.288534881
5.4678,5.99001,1.095506419,1068.02,0.56938,0.536755972,17.13074714,1.475703353,-3.593323969,-3.947809511
7.95842,14.84843,1.865750991,3604.94,0.81076,1.327254422,7.862654792,0.430299255,-3.460751793,-3.457077299
7.78421,14.89727,1.913780589,3586.34,0.80204,1.323987745,7.658433685,0.391185015,-3.552766206,-3.521468434
7.88362,14.80942,1.878505052,3589.86,0.8074,1.315609378,7.889620071,0.417768493,-3.57460876,-3.541211713
7.51947,17.77125,2.363364705,3727.49,0.78298,1.329482321,10.66098515,0.771895795,-3.448870814,-3.465439227
4.38509,5.34544,1.219003487,595.858,0.50328,0.474805891,22.15122437,2.569108006,-4.097229488,-4.979368891
4.60824,5.54275,1.202791087,612.62,0.5036,0.475183997,20.57733329,2.155385475,-3.689437776,-4.874753372
4.9888,6.47723,1.298354314,883.154,0.5291,0.382784466,19.22029597,2.05711459,-3.173447586,-4.10052726
5.74582,14.84116,2.582948996,2081.5,0.73758,0.844467648,9.293052534,0.336503088,-3.804748809,-3.843592075
10.18861,12.50562,1.227411786,1427.25,0.62988,0.660597798,11.61048929,0.555019457,-3.238348056,-3.267796958
9.87308,10.22467,1.035610974,1776.13,0.6437,0.711715836,12.38137783,0.612420767,-3.673575255,-3.66454981
5.2373,8.38892,1.601764268,2325.74,0.69738,0.835437761,13.33756831,1.217041238,-3.546867154,-3.59353961
5.19524,7.17773,1.381597385,1952.04,0.64908,0.678372817,14.28410573,0.841538018,-4.190097257,-4.132088009
4.42953,7.7619,1.752307807,1495.79,0.59842,0.579538631,17.74457834,1.970161412,-4.449720391,-4.491598479
4.28453,7.72003,1.801838241,1425.82,0.59674,0.56383994,18.10584116,2.086983286,-4.503252819,-4.542225848
4.27814,7.86707,1.838899615,1463.08,0.60246,0.57510787,17.81949787,1.966477609,-4.349692966,-4.41066947
4.65507,4.94172,1.061578021,341.815,0.43284,0.343428413,22.70589059,1.427982785,-3.405501249,-4.120165357
4.11044,4.60115,1.11938138,240.625,0.4126,0.314829652,24.67699412,1.473509304,-3.225789673,-4.049996741
4.15196,4.57237,1.101255792,242.657,0.42696,0.332042369,24.07860826,1.409831723,-3.220923642,-4.130269052
4.13429,4.52452,1.094388637,236.614,0.4365,0.34449285,23.67609639,1.362028964,-3.303974484,-4.143830152
7.69473,8.27361,1.07523071,982.513,0.54876,0.432431581,15.21903906,0.805025605,-3.636641671,-3.745277743
5.96588,14.75395,2.473055107,1813.85,0.66668,0.712708116,21.45971768,1.862290921,-4.166156098,-3.88850269
4.00789,6.12931,1.529310934,631.093,0.54224,0.496561324,20.40358631,1.895110716,-3.96042276,-4.332188505
7.67913,8.28575,1.078995928,1019.59,0.54822,0.429632764,15.21498838,0.816050558,-3.656581834,-3.707776923
7.79711,9.19593,1.179402368,3351.12,0.7791,1.126073716,5.591511053,0.188244379,-3.160458297,-3.152328752
7.61097,8.52736,1.120403838,2223.03,0.66938,0.790465011,14.75509898,1.207553336,-3.736368009,-3.748621218
3.83552,4.83068,1.259458952,755.439,0.49704,0.438651146,23.24950554,3.207399146,-4.451389378,-5.206339843
4.8111,6.00527,1.248211428,1836.24,0.64434,0.670576298,14.63533588,1.246439821,-3.718892202,-3.655580138
3.92497,4.8742,1.241843887,635.773,0.55464,0.316741668,15.94120385,0.634306607,-3.884208764,-3.993431131
4.64481,5.69309,1.225688457,832.994,0.54008,0.456399206,19.25317735,1.839722724,-3.403675806,-4.154589813
4.45699,5.55611,1.246605893,826.753,0.53054,0.438401216,20.02257536,2.037148351,-3.216921481,-3.873662811
4.28157,5.21032,1.216918093,776.798,0.5272,0.429735898,20.76008339,2.125363327,-3.32031018,-3.821505522
10.42713,12.46006,1.194965441,2936.95,0.76142,1.286388863,9.569509899,0.542729261,-3.390245286,-3.384306697
5.12111,6.39676,1.249096387,1645.65,0.6016,0.652715453,15.60719363,1.372462569,-3.522946792,-3.661130592
26.34739,26.52566,1.006766135,1356.7,0.74972,1.088625424,9.225540998,0.356488974,-2.775298792,-2.850570952
26.09798,26.31371,1.008266157,1372.03,0.75088,1.08282248,9.456315653,0.365731268,-2.883181624,-2.934234684
26.24063,26.43723,1.007492198,1351.18,0.74846,1.080704105,9.197588481,0.351365453,-2.765712034,-2.877794246
8.56409,18.51885,2.162383861,4401.09,0.81236,1.659862611,10.21731795,0.785069369,-3.369436481,-3.434829759
8.92625,22.31857,2.500329926,4755.38,0.83242,1.955116085,10.18972703,0.796413859,-3.366853497,-3.316390234
4.74059,6.1504,1.297391253,855.421,0.50512,0.41552117,20.11414749,1.864025301,-3.566306475,-4.051381663
3.80347,5.16886,1.358985348,194.659,0.41242,0.201786833,16.17027966,0.289724252,-3.577545486,-3.960176076
6.20805,7.4772,1.204436176,2278.72,0.64536,0.82307193,13.34677547,1.282631675,-3.454596869,-3.546916711
8.86897,9.41867,1.06198014,1061.37,0.57612,0.523740693,13.74707566,0.555940711,-3.707006725,-3.385617673
6.82741,7.37109,1.079631954,983.118,0.56996,0.405379839,13.99837264,0.883130444,-3.376758306,-3.571235752
3.97904,4.67797,1.175652921,973.055,0.53454,0.504111811,22.08996118,3.298036229,-4.131547258,-4.744953972
4.53531,6.19197,1.365280433,1294.04,0.58712,0.537045845,17.38810551,2.077754916,-3.764297548,-4.154136701
4.2949,5.66876,1.31988172,1042.39,0.55906,0.527848328,19.03927077,2.365412287,-3.817035498,-4.718069156
4.33923,5.78991,1.334317379,1083.76,0.55066,0.529873079,18.72022813,2.388765004,-3.950229149,-4.583129442
10.79864,14.70007,1.361289014,4071.3,0.78818,1.630364183,10.75732115,0.977035813,-3.429436443,-3.416228321
4.92371,7.97392,1.619494243,1309.3,0.58394,0.612027791,21.39351335,2.880712289,-4.43756496,-4.535428091
5.77219,7.03254,1.218348668,1934.42,0.65152,0.623929823,14.89597361,1.078465663,-3.864971443,-3.943683308
4.39318,5.81593,1.323854247,1594.77,0.62932,0.632463343,16.62127123,1.78356414,-4.105529144,-4.359495371
6.23955,11.88575,1.904905001,2800.47,0.72192,1.017334654,11.5684086,0.682930609,-3.646976037,-3.629500088
6.76772,8.14998,1.204243083,2029,0.62938,0.683983794,22.25033613,1.55309102,-4.147197748,-4.109032837
8.82837,9.40538,1.065358611,2859.85,0.72322,0.903296717,11.69621458,0.862356342,-3.578530235,-3.534061334
8.71365,9.30915,1.068341051,2668.86,0.71384,0.868876184,12.90672028,1.055019539,-3.675598484,-3.697351698
6.18953,7.62791,1.232389212,2803.98,0.68232,1.020123793,13.68449966,1.340378712,-3.683466269,-3.714183458
4.01215,7.09135,1.767468813,1366.41,0.61722,0.575657527,16.64277619,1.144416121,-3.979577323,-3.989586976
4.22996,7.80071,1.844156919,243.183,0.5562,0.454014873,20.91885742,1.479486668,-4.517991468,-4.385442043
4.10448,5.15222,1.255267415,361.049,0.44042,0.310638388,21.79862013,1.1660981,-3.533590331,-4.446144704
5.7905,7.94569,1.372194111,2798.56,0.6884,0.957729941,13.33228622,1.095989034,-3.720326998,-3.757945597
5.21501,6.1741,1.183909523,1149.07,0.57204,0.530432847,19.39012924,2.782665983,-3.110480715,-3.895648476
6.16762,8.03037,1.302020877,1911.3,0.64028,0.715862158,15.11316603,1.190710524,-3.898584899,-3.941563067
6.84577,11.3135,1.652626366,2384.58,0.69446,0.819830051,12.19494554,0.523720465,-3.887060344,-3.902971883
5.27136,6.99943,1.327822422,992.972,0.53192,0.473196335,16.11421646,1.150201202,-3.9562967,-4.171306369
5.63231,7.1315,1.266176755,1089.78,0.53834,0.486921129,15.63811721,1.165651727,-3.869681078,-3.98995434
4.80142,6.89815,1.436689563,1599.81,0.6443,0.555014773,14.96411074,1.483281358,-3.383093137,-3.525886401
4.13535,6.70617,1.621669266,1111.94,0.60218,0.493250549,15.78165511,1.21718871,-3.618646434,-3.797433273
3.92719,5.62914,1.433376027,1193.76,0.60084,0.49822548,17.45528965,1.898016432,-4.157726701,-4.230060452
4.48921,5.82315,1.297143595,1521.2,0.56606,0.58998077,18.51270046,2.01806617,-4.292755038,-4.196029882
6.95777,8.22754,1.182496691,1695.34,0.64638,0.591327417,13.24229582,0.85013249,-3.632991934,-3.730120033
8.82117,10.50578,1.190973533,2260.22,0.68866,0.895901795,16.36231362,1.531835736,-4.007513685,-4.007201232
3.92558,5.69776,1.451444118,930.686,0.58754,0.462648136,18.67763865,1.69485607,-4.448103123,-4.72836631
4.03981,4.83061,1.19575178,696.561,0.50924,0.409821421,19.61366551,1.642728552,-3.765233581,-4.46752593
4.91819,5.50979,1.120288155,969.524,0.55132,0.483397778,17.64264401,1.80171932,-3.050795223,-3.708759329
6.33216,6.70975,1.059630521,1994.31,0.65718,0.625689069,14.39369233,1.323540525,-3.442339612,-3.630675354
8.39804,15.09144,1.797019305,4987.34,0.79742,1.727775009,10.019788,0.862200995,-3.577657477,-3.614252595
4.73242,5.31645,1.123410433,677.414,0.5579,0.356563087,16.25313458,0.753807409,-3.012474745,-3.304249869
3.92708,4.58512,1.167564705,250.926,0.45928,0.24860751,21.46577642,1.187633401,-3.57905557,-4.297448948
3.95239,4.54229,1.149251466,237.437,0.45662,0.241412673,21.74626847,1.190506678,-3.578058676,-4.296560316
3.9304,4.50897,1.147203847,231.262,0.455,0.238312226,21.79859102,1.181554994,-3.65036956,-4.32417637
10.08472,12.81046,1.270284153,2553.75,0.7199,0.988568094,12.19705642,0.966174121,-3.606932939,-3.669642912
7.32218,7.81866,1.067804943,1603.25,0.6327,0.633389761,13.3005809,1.114437391,-2.576149117,-2.803730891
6.12582,10.0961,1.648122211,2333.35,0.6885,0.808719369,14.10424916,1.341423208,-3.828682443,-3.856164376
4.75516,9.11239,1.91631617,2000.07,0.66122,0.667758693,15.74564681,2.26819992,-3.753622234,-3.807580908
5.13874,8.55503,1.664810829,1707.82,0.63054,0.686933833,14.91743242,1.471244093,-3.884685417,-3.880384087
7.79992,9.00524,1.15452979,2186.41,0.6719,0.803470745,12.55875967,0.677882495,-3.836539345,-3.845867369
4.64818,6.65732,1.432242297,2016.22,0.62158,0.729679886,15.49643673,1.816400374,-3.925898721,-4.091310686
3.85843,5.24683,1.359835477,652.783,0.54098,0.442903458,18.60876309,1.320315927,-4.304531212,-5.221747628
6.48945,9.29834,1.432839455,926.462,0.54842,0.450751225,15.50141134,0.650298794,-4.364457318,-3.911302972
3.80722,5.44759,1.430857686,843.723,0.55704,0.452275015,19.88990877,2.230427254,-4.023122702,-4.969628613
4.31452,5.57595,1.29236856,458.333,0.4806,0.327974013,22.49582212,1.647616055,-3.487413313,-4.324799332
4.03539,4.24654,1.052324558,184.465,0.37856,0.173250833,22.95031372,1.27522894,-1.557459853,-2.391479785
6.36836,7.14794,1.122414562,958.336,0.60018,0.490034864,13.45265812,0.509092607,-3.863720175,-3.934518356
4.74176,6.3577,1.340789074,865.328,0.53028,0.463308724,20.81645236,2.288073517,-4.147651141,-4.504264659
5.08562,5.50168,1.081811067,911.011,0.53136,0.491881584,20.75257218,2.557188837,-3.421689385,-4.139110264
4.34847,4.67043,1.074039835,274.72,0.50016,0.394525735,23.64774425,2.482829572,-3.28306739,-4.174329243
28.26773,32.36037,1.144781346,3176.96,0.83118,1.755218056,11.37738826,0.733643657,-3.435678585,-3.441391023
3.91744,6.00756,1.533542313,1222.09,0.61286,0.65873921,17.10783685,1.210258023,-4.187395969,-4.299666676
4.69389,6.6747,1.421997533,513.133,0.53646,0.260974898,14.85314169,0.481566352,-3.369046425,-3.666123065
4.49673,7.06657,1.571490839,527.938,0.51922,0.305335521,19.00610514,0.741127589,-4.515644482,-4.534604824
4.79138,6.89128,1.43826622,1169.1,0.57822,0.469433484,16.14988423,1.170990843,-3.75006946,-3.672177877
3.94029,4.71244,1.195962734,282.359,0.4711,0.252409706,21.98037284,0.855495127,-4.461720935,-5.156583228
4.97206,6.85219,1.378139041,637.76,0.51858,0.36598844,26.01544343,2.075035265,-4.04538075,-3.929851821
8.74819,9.72743,1.111936298,1965.47,0.66,0.761101706,12.93673326,0.688968768,-3.753150499,-3.745507198
4.70307,5.97055,1.26950056,622.468,0.48362,0.394817621,18.93619719,1.280623707,-4.279402353,-5.108010466
4.33786,8.62906,1.989243544,1330.97,0.64206,0.501480087,12.87588444,0.649148346,-3.883309911,-3.901849323
4.28089,6.80431,1.589461537,780.842,0.52058,0.36174249,16.97103252,1.148828805,-4.137362526,-4.461108259
4.09777,5.33833,1.302740271,1086.15,0.56804,0.555144005,18.82598863,1.657057074,-4.440222,-4.459502144
4.47657,6.03486,1.348099103,2871.87,0.70114,0.758189187,8.806729591,0.256477719,-3.380984208,-3.391588081
6.37424,7.90536,1.240204322,1714.73,0.6371,0.717810627,14.82410538,1.561604134,-3.71393234,-3.84414519
5.56027,6.59159,1.185480202,1162.19,0.5609,0.524117438,17.18435778,1.950780686,-3.638649732,-3.884498119
5.54712,6.43021,1.159197926,962.03,0.5438,0.448631747,17.20528664,1.687058939,-3.470782498,-3.814956183
4.06699,4.59203,1.129097932,343.67,0.40144,0.258869959,21.23316317,1.106221569,-2.754901715,-3.442571322
5.53647,6.87756,1.242228351,1182.66,0.54192,0.45842286,14.68302897,1.170884302,-2.989856559,-3.231606826
4.53621,5.40564,1.191664407,976.915,0.5452,0.408677271,18.15694388,1.128856786,-3.300432693,-3.950781752
8.76388,22.97967,2.622088618,4407.7,0.83216,2.064134619,8.609212477,0.611636195,-3.426353381,-3.369052817
5.65073,6.45845,1.142940824,906.109,0.57084,0.375325461,14.04747258,0.607332803,-3.764595947,-3.884395809
3.80696,7.01702,1.843208229,655.181,0.48474,0.363212672,19.57938221,1.314067303,-4.544424318,-4.801767329
3.81528,7.01869,1.839626449,654.079,0.4887,0.365263016,19.60549752,1.314937844,-4.268274434,-4.494189436
3.80896,7.01042,1.840507645,644.352,0.48814,0.365210235,19.63018885,1.318708397,-4.237195078,-4.475749421
3.82362,7.01606,1.834926065,660.495,0.48814,0.365292225,19.61335926,1.322313478,-4.172161867,-4.404512717
3.82948,7.02313,1.833964402,644.836,0.49026,0.367340516,19.57499644,1.31969008,-4.167951632,-4.340366863
3.83288,7.03275,1.834847425,661.004,0.49004,0.367919995,19.52226392,1.320113059,-4.146368374,-4.413595436
3.82338,7.04297,1.842079521,663.416,0.49154,0.369456721,19.49322172,1.320391016,-4.183802956,-4.388422655
3.82805,7.0406,1.839213176,655.899,0.49066,0.369664961,19.49957312,1.303976651,-4.216364099,-4.389812633
3.83129,7.04341,1.838391247,658.457,0.49186,0.371254321,19.47639536,1.309802602,-4.14292217,-4.442814117
3.80353,7.02932,1.848104261,666.492,0.49248,0.372152071,19.44066102,1.308478818,-4.222849025,-4.446723522
3.81631,7.03553,1.843542584,665.746,0.49252,0.372207612,19.48724367,1.31961478,-4.204087029,-4.420111475
3.80398,7.0591,1.855714278,663.374,0.49546,0.376827246,19.37381006,1.287860694,-4.165400324,-4.46348714
4.62006,5.30234,1.147677736,703.25,0.55042,0.419680981,20.61520896,2.283883755,-2.811409309,-3.816230761
6.44372,9.67197,1.500991663,2959.81,0.76876,0.996810249,8.820124269,0.392049185,-3.294681632,-3.2981097
5.81143,6.67584,1.14874308,742.575,0.49274,0.43902526,14.51522851,0.452978394,-4.098761947,-3.993041813
4.09157,5.80501,1.418773234,1421.65,0.66424,0.569859817,10.74160334,0.250289922,-3.931461301,-3.887342493
4.07072,4.99075,1.226011615,787.362,0.59424,0.427289462,20.34452972,2.236555151,-3.876483655,-4.151836826
4.07489,5.27687,1.29497238,820.524,0.58692,0.422822563,20.11789774,2.17242349,-4.066772552,-4.286523529
3.85554,4.30865,1.1175218,168.58,0.36432,0.212435203,22.78461867,0.835763261,-2.833985158,-3.509381073
4.27265,5.73732,1.342801306,697.131,0.53542,0.341175271,16.34575518,0.807102372,-3.517466124,-3.996801889
4.20957,5.3531,1.271650074,1070.75,0.58134,0.537322538,20.15834609,2.907606124,-4.703262746,-5.328931287
4.79223,6.23329,1.300707604,1928.01,0.63598,0.664900513,16.3157766,2.099119675,-3.78885203,-4.059316263
6.8583,9.23094,1.345951621,2432.7,0.68082,0.900511483,13.27263385,1.057084149,-3.871905505,-3.92678309
6.4421,9.82138,1.524561866,2524.21,0.68676,0.931972115,13.95321543,1.281655785,-3.825252152,-3.816652774
4.8393,5.91598,1.222486723,2173.33,0.65366,0.690638148,14.30661296,1.285606716,-3.74198606,-3.831577742
5.19194,6.28295,1.210135325,2318.81,0.6684,0.731812265,13.37507958,1.124657037,-3.669888184,-3.754871082
4.848,5.8822,1.213325083,2016.61,0.65044,0.684908716,14.35000071,1.226898807,-3.934965954,-4.06485046
3.95054,4.76534,1.206250285,570.686,0.49664,0.369644824,20.17998095,1.863395973,-3.832491851,-4.238413687
5.12734,6.24349,1.217685974,2343.28,0.66256,0.723160882,13.47423289,1.142483758,-3.648921542,-3.679147182
4.91381,6.10211,1.241828642,2118.11,0.6547,0.69652567,14.11244369,1.214935118,-3.849962645,-3.934269103
4.72024,5.90984,1.252021084,2266.11,0.65608,0.700626536,14.08539795,1.201829375,-3.799084583,-3.841555689
4.86996,6.00653,1.233383847,2228.78,0.65828,0.706812579,13.89942552,1.210347502,-3.741277408,-3.809165046
4.42588,5.00224,1.13022495,242.639,0.38846,0.193461956,19.01254535,0.55890723,-2.803027779,-3.341181462
5.65156,7.05411,1.248170417,1777.75,0.629,0.650092915,15.16899256,1.007154841,-4.051442082,-4.108281976
4.15655,6.77563,1.630109105,1467.46,0.63808,0.596459085,15.6085999,1.495912055,-4.328513773,-4.384927897
6.59132,8.39175,1.27315166,1407.9,0.56948,0.594844776,16.18758245,1.774070419,-3.694559874,-3.710456649
6.73186,8.63633,1.282903982,1463.94,0.58242,0.622602118,15.74108022,1.723001877,-3.614556165,-3.709690689
5.08733,5.95986,1.171510399,848.321,0.55358,0.380407221,15.84907589,0.855465105,-3.859123563,-3.994783328
3.97327,8.08316,2.034384776,1385.79,0.62858,0.549664647,13.84986082,0.713397462,-4.017881557,-3.815860968
3.84022,6.4221,1.672326065,867.72,0.54454,0.478094435,20.58018446,2.023709351,-4.444598459,-4.601028123
5.22924,16.36508,3.129533164,2765.81,0.71038,0.985724356,15.72167535,1.44338667,-3.888082231,-3.850404827
5.24588,16.40599,3.127404744,2790.13,0.70928,0.989081173,15.56227643,1.426806298,-3.909282167,-3.82130877
5.24565,16.39933,3.126272245,2792.33,0.7091,0.988719865,15.54835069,1.421297907,-3.871710892,-3.848419145
5.24663,16.39644,3.125137469,2792.94,0.7091,0.988500716,15.55826887,1.427327401,-3.871719883,-3.820034777
5.24682,16.38928,3.123659664,2792.84,0.709,0.98803213,15.56746772,1.433114008,-3.908128243,-3.829566051
5.24265,16.3778,3.123954489,2792.93,0.7093,0.988009606,15.57468142,1.443217385,-3.905016783,-3.824477056
5.23896,16.36646,3.123990258,2794.94,0.7094,0.987710014,15.58943556,1.442627831,-3.886111109,-3.823711116
5.22933,16.34087,3.124849646,2797.87,0.70994,0.987473329,15.6194953,1.455685601,-3.861194286,-3.809640265
5.22574,16.32287,3.12355188,2793.86,0.70952,0.985571747,15.62333753,1.452065844,-3.866592396,-3.829906177
5.22559,16.31009,3.121195884,2787.05,0.70892,0.983315047,15.63181517,1.451255484,-3.900078777,-3.837226262
5.21999,16.28739,3.120195633,2781.62,0.7089,0.981317726,15.67734386,1.461301451,-3.842230117,-3.825355057
4.54109,5.80261,1.277801145,612.998,0.50166,0.338298862,18.95219861,1.46879665,-3.353285284,-3.963152191
4.6547,5.27343,1.13292586,743.474,0.5214,0.448554714,23.14627446,3.390653377,-2.853153517,-3.723753272
4.05577,4.94177,1.218454202,583.498,0.57376,0.512839764,18.92177805,1.835682735,-4.15564691,-4.484520647
8.22575,9.51217,1.156389387,2291.8,0.67834,0.923710857,14.19310383,1.371144041,-3.512354575,-3.595626893
4.72444,8.11802,1.718303122,568.731,0.58246,0.220420891,11.07060831,0.086623412,-3.76111485,-3.805433987
3.85025,7.14967,1.856936563,381.654,0.49564,0.262911097,18.84550826,0.509981715,-4.199834475,-4.429325045
5.2612,6.89833,1.311170455,2032.01,0.64344,0.707623582,15.52224685,1.696270766,-3.846507767,-3.919436975
4.81731,6.90235,1.432822467,2052.86,0.64848,0.713762896,15.52617813,1.621890896,-4.039955979,-4.076157971
7.3846,9.12367,1.235499553,3821.55,0.77072,1.282630764,13.9398835,0.831698569,-3.612719026,-3.605591802
4.47901,5.71523,1.276002956,1500.48,0.59364,0.566461192,16.88407336,2.131113183,-3.616488063,-3.9104222
5.00163,6.47963,1.295503666,664.18,0.5234,0.42153586,20.44657146,1.246557758,-4.290740524,-4.71549792
9.60437,10.29771,1.072190055,654.093,0.52912,0.346119629,13.40564791,0.514318891,-2.770732638,-2.951093868
6.98056,7.99116,1.144773485,2188.16,0.66072,0.772983483,11.074073,0.752955127,-3.369210563,-3.423319021
6.20959,6.49703,1.046289691,794.592,0.52524,0.385655756,15.57105023,1.02101452,-2.830109986,-3.233252114
8.13977,8.49323,1.043423831,2232.73,0.67724,0.87544403,13.78314448,1.255472698,-3.452455601,-3.591545112
9.83513,9.92153,1.008784836,2194.45,0.69922,0.992175771,10.83259892,0.738506166,-3.338130998,-3.355205209
10.10462,10.30552,1.019881995,2409.66,0.7131,1.052794756,11.64872087,1.014478233,-2.949949736,-3.0832765
8.22981,9.66456,1.174335738,2371.65,0.69528,0.966308188,12.80622818,1.092557907,-3.479275195,-3.49553381
9.40018,9.80277,1.042827903,2401.38,0.70764,1.002288874,12.57300801,1.099781394,-3.13906089,-3.284076545
6.49649,10.06165,1.548782496,2902.78,0.73198,1.007375234,12.50946284,0.946662451,-3.63180439,-3.668330724
7.19033,9.102,1.265866796,1730.62,0.66528,0.68933575,13.97015988,1.217655879,-3.372729341,-3.487896782
4.98598,6.73488,1.350763541,1141.11,0.59042,0.530433298,17.55582255,1.412763961,-3.783425621,-3.93744196
7.4091,10.66909,1.43999811,4161.49,0.77696,1.375094465,9.167656438,0.72276211,-3.316178384,-3.373950172
4.28847,5.07067,1.182396053,611.931,0.51052,0.391542102,20.87360691,1.933641279,-3.721907859,-4.475454782
4.39215,5.89004,1.341037988,886.395,0.50798,0.328881177,15.99485057,1.04111672,-3.183621981,-3.352443501
4.35313,5.86223,1.346670097,881.147,0.5065,0.32504412,16.04319345,1.043592474,-3.228136628,-3.44180519
4.17616,5.17336,1.238783955,932.1,0.55168,0.414560101,18.52965622,1.65255291,-4.292696196,-4.478157591
8.8403,9.48553,1.072987342,1015.22,0.6142,0.437589057,12.46608315,0.366313669,-4.137910087,-3.730865652
10.00981,12.36518,1.235306165,2733.8,0.71686,1.001753761,10.95710665,0.643453678,-3.458150091,-3.48806957
5.04854,5.79552,1.147959608,475.902,0.4525,0.298508447,17.25272502,0.834249587,-3.346162736,-3.990386454
4.95466,5.08011,1.025319598,418.59,0.44072,0.342328067,22.48727674,1.607225486,-1.994502666,-2.785589966
5.48586,6.80616,1.240673295,1530.66,0.62726,0.547930607,15.48030084,1.277257016,-4.056473652,-4.080001004
6.57368,19.03849,2.896169269,3527.08,0.78152,1.313805787,11.01535628,0.80759302,-3.499236169,-3.516342547
4.83521,5.76966,1.193259445,675.983,0.49968,0.32877145,18.18749273,1.284687548,-3.757188929,-4.200654728
7.89234,8.57661,1.086700522,1426.6,0.6708,0.5616256,12.99148786,0.592472199,-3.808545272,-3.848895542
7.8928,8.45824,1.071639976,1379.58,0.66732,0.553741982,13.41911218,0.625955013,-3.777794499,-3.884772794
7.40998,8.39033,1.132301302,1379.39,0.66706,0.5516403,12.70356826,0.569487615,-3.857928885,-3.87410206
5.76334,6.2506,1.084544726,2574.73,0.70316,0.763266471,11.60564183,0.710214944,-3.542521797,-3.596563928
5.46808,7.32111,1.338881289,1661.89,0.73318,0.466458837,7.925119321,0.120224151,-3.388026469,-3.428079857
4.56791,5.34593,1.17032297,759.401,0.5018,0.423434903,21.54612978,2.699013263,-3.408926784,-4.329209143
4.62847,5.60614,1.211229629,511.247,0.50278,0.283265913,18.23525779,1.076592613,-3.010068543,-3.674095962
4.36461,6.06205,1.388909891,1286.5,0.62204,0.505995087,15.44016017,1.303643741,-3.613465876,-3.865535442
17.51395,17.92516,1.023478998,2638.6,0.76272,1.42152112,13.33828374,1.027751899,-3.72966053,-3.838013419
23.62721,24.44059,1.034425563,2780.42,0.7981,1.817751145,12.86615347,1.133895373,-3.602521817,-3.713659896
30.14408,30.70055,1.018460341,3030.2,0.82792,2.285689044,12.24020138,0.917947201,-3.503673421,-3.60228346
36.43313,36.78756,1.009728234,2954.66,0.85506,2.554492005,11.66302683,0.859941915,-3.49488577,-3.548163765
34.35542,34.85961,1.014675705,3369.2,0.84726,2.961349989,12.0102088,0.961243417,-3.437469189,-3.421324225
38.06649,38.22812,1.004245992,2782.7,0.83128,2.543906626,10.25873062,0.585039567,-3.33442033,-3.38849142
5.18923,6.59267,1.270452456,886.669,0.55228,0.443787315,15.38624935,0.690308969,-3.743550688,-4.046025422
4.95677,7.5254,1.518206413,3239.27,0.6945,0.918334964,12.32330885,1.063115553,-3.595074995,-3.636208708
4.24768,8.85312,2.0842248,1497.51,0.62228,0.733776624,15.97379116,1.25936835,-4.594357022,-4.120719576
9.45289,15.81778,1.673327416,1500.82,0.70398,0.733859072,11.81864119,0.43739124,-3.932616377,-4.031545087
10.03609,13.87561,1.3825713,1610.91,0.70492,0.729846446,14.45370508,0.643807429,-4.398090835,-4.284497665
7.36405,9.58279,1.301293446,1009.68,0.55554,0.541921512,16.76998717,1.124353526,-4.004267682,-3.585059511
7.12348,9.49471,1.332875224,980.542,0.55378,0.535187583,16.59233365,1.101697138,-4.029700039,-3.615802985
5.83066,8.94751,1.534562125,965.504,0.54624,0.51563208,17.7217502,1.093792773,-4.443256337,-4.320882394
5.70271,8.06325,1.413933025,967.049,0.54364,0.513119644,19.01346857,1.288615791,-4.331784861,-4.24962827
5.63412,8.02638,1.424602245,919.341,0.5422,0.509002835,18.95400721,1.285854163,-4.352464104,-4.325309555
5.06073,7.61203,1.504136755,971.021,0.53216,0.488982817,18.32086478,1.103801268,-4.089483985,-4.076206267
5.19617,6.83933,1.31622522,1022.44,0.53006,0.48248241,18.55851779,1.107138287,-4.029311204,-4.036918986
4.79912,6.55429,1.365727467,941.621,0.52844,0.478057518,18.56666102,1.116841042,-4.191828052,-4.203952071
4.78318,6.61361,1.38268056,939.715,0.52762,0.476643028,18.46369642,1.119603923,-4.247516615,-4.180412277
5.1443,5.22922,1.016507591,385.113,0.5144,0.318100303,15.04902892,0.341580215,-3.591963145,-3.765376207
6.20532,7.88308,1.270374453,1058.16,0.60308,0.429235379,16.53521175,1.608784592,-3.481709431,-3.644367239
5.99694,7.72531,1.288208653,1479.64,0.6152,0.571386113,16.35606925,2.145059206,-3.239019122,-3.569619101
5.30071,6.00247,1.132389812,524.787,0.48104,0.28003423,16.90801669,0.752584505,-3.361310113,-4.053696289
5.78584,6.52014,1.126913292,393.689,0.44588,0.277083502,15.16351687,0.38736667,-3.573187277,-3.877663851
4.03217,4.22072,1.046761421,147.752,0.37282,0.170588747,22.51472889,1.091220242,-1.906981762,-2.481229993
3.96956,4.19061,1.055686273,162.522,0.3707,0.168803078,22.37701916,1.020869274,-2.019081967,-2.628149008
6.48187,7.78665,1.201296848,2532.4,0.71664,0.796561394,11.4745251,0.755988508,-3.356266029,-3.40468426
6.6287,9.2158,1.390287688,2675.84,0.74044,0.910039514,11.27637194,0.627926481,-3.567640201,-3.593081549
4.09776,5.39014,1.315386943,559.235,0.45538,0.373430645,21.90631535,1.948778178,-3.623580093,-4.914187082
4.72276,5.09966,1.079805029,564.892,0.46068,0.379275994,22.35644834,1.936441786,-3.716050565,-5.074304748
4.84916,5.1864,1.069546066,1076.23,0.52748,0.4500721,21.36118382,2.39319769,-3.722994343,-4.050899627
4.27999,7.01256,1.638452426,1391.99,0.56442,0.517360856,19.53951363,2.01860108,-3.76370897,-3.928188746
8.07599,8.96947,1.110634114,1902.49,0.67526,0.695262708,13.94156656,0.71345975,-3.69715082,-3.7199214
6.94262,18.51106,2.666293129,3660.84,0.78188,1.308220129,11.18784803,0.82235693,-3.49535766,-3.47573084
5.05884,7.20015,1.423280831,997.74,0.56006,0.47824639,17.0378251,1.062145226,-4.205606255,-4.514033484
5.70512,8.08493,1.417135836,1134.24,0.62502,0.453014808,12.71257287,0.487946783,-3.574866992,-3.634532104
5.8473,8.77219,1.500212064,1227.51,0.63726,0.481488757,12.20431521,0.449066404,-3.519278742,-3.586866273
5.56771,8.63785,1.551418806,1171.43,0.63032,0.46291917,12.7095779,0.501450243,-3.525139989,-3.594677521
5.62434,10.30851,1.832839053,1307.39,0.65086,0.506762175,12.00326761,0.454059103,-3.629837812,-3.635978213
7.09895,8.90631,1.254595398,1265.12,0.6509,0.506261181,11.88861641,0.417490743,-3.615870302,-3.647846765
6.23971,10.39698,1.666260131,1291.15,0.66214,0.524363492,11.87509496,0.43173613,-3.676090732,-3.707999566
5.67843,8.6384,1.521265561,1190.82,0.62544,0.460041338,12.57823702,0.488036315,-3.630020868,-3.668517312
6.69323,8.37909,1.251875402,1214.14,0.63476,0.477960333,12.22882538,0.440003971,-3.609232306,-3.655301009
5.96123,9.20954,1.544906001,1200.34,0.63452,0.475520283,12.23696886,0.452064393,-3.519910368,-3.595254277
6.22037,8.55578,1.375445512,1184.82,0.63538,0.470348738,12.37689978,0.459096567,-3.578226082,-3.655722122
6.18424,8.11172,1.311676132,1163.18,0.62748,0.463009696,12.56363465,0.474239244,-3.620552604,-3.764361438
6.26863,10.02209,1.59876879,2212.16,0.71232,0.877560197,20.19604951,1.472445265,-3.981380888,-3.703511743
6.59717,13.17296,1.996759216,2220.34,0.72244,0.817929137,18.19527083,0.985663296,-4.117306377,-3.909929469
5.27542,5.40721,1.024981897,1074.11,0.54272,0.458289353,21.06443575,2.260642117,-3.704292749,-3.999773083
5.0342,5.97505,1.186891661,2363.42,0.66762,0.719891308,12.93159181,1.043115749,-3.373034957,-3.4576187
5.09508,6.08901,1.195076427,2301.02,0.66154,0.709586073,12.86954139,1.03672006,-3.329705763,-3.438014512
5.01622,7.94342,1.583546974,2838.59,0.70966,0.809128607,12.37177908,1.05551709,-3.229924115,-3.332367154
5.16379,6.19817,1.20031411,772.834,0.50844,0.347634643,17.50587432,1.301488138,-3.766950764,-4.383297836
6.52783,13.18615,2.019989798,2245.39,0.72198,0.820694814,17.69632721,0.994220119,-4.145242814,-3.914158411
10.06588,11.52194,1.144653026,1864.44,0.65632,0.795053688,17.94615919,1.136936208,-4.458621314,-4.265089084
9.92431,11.74025,1.182978968,1927.88,0.66344,0.820410848,17.65830929,1.102334112,-4.361103418,-4.25407162
4.23676,5.6172,1.325824451,514.069,0.45784,0.237012802,15.65999059,0.427743233,-4.086818334,-4.221920244
4.84,12.94,2.673553719,2015.14,0.68168,0.950761734,15.85754393,1.549726086,-4.163240179,-4.094382805
4.29629,6.02864,1.403219987,1318.64,0.60574,0.535002031,15.55750024,1.329609981,-3.835461028,-3.981030581
5.17369,5.39694,1.04315102,291.38,0.40912,0.181623657,18.63606281,0.641620858,-3.199864246,-3.781670415
5.14642,6.20774,1.20622491,759.433,0.50616,0.34573062,17.45724597,1.284819129,-3.839464486,-4.361676931
4.16071,5.40468,1.298980222,745.81,0.516,0.333232158,15.4995219,0.65179377,-4.05171022,-4.124033741
4.22456,6.45985,1.529117825,1115.94,0.59794,0.436503533,13.8451225,0.574929978,-3.822691739,-3.945880082
4.17139,6.50302,1.558957566,1095.1,0.59726,0.432430476,13.85201836,0.565407809,-3.914568039,-4.013447339
4.08594,6.47601,1.584949852,1078.19,0.59492,0.427892257,13.94485396,0.572306665,-4.0145806,-4.105606515
8.27766,10.88253,1.314686759,1238.24,0.60742,0.602001982,15.55649014,0.892273253,-4.658052637,-4.650133482
4.93276,8.69638,1.762984617,920.719,0.55316,0.45103635,17.92215405,1.03004055,-4.401118831,-4.600910101
4.56918,5.58996,1.223405513,755.358,0.53188,0.416660791,22.38769,2.886867426,-3.314995123,-4.102559572
4.70953,5.87386,1.247228492,784.394,0.54114,0.413560669,20.9888408,2.418314269,-3.379828187,-4.176305895
10.04767,10.50032,1.045050245,1346.32,0.60606,0.616880704,15.01541262,1.147746004,-3.716514625,-3.937541705
4.61739,5.96762,1.292422776,840.777,0.57572,0.518760137,14.95225521,0.605587252,-4.17755861,-4.530110054
4.65776,6.35159,1.363657638,774.721,0.51056,0.444599255,19.59526718,1.724639416,-3.975937568,-4.458195723
7.49831,8.18384,1.091424601,1374.08,0.66592,0.545049764,13.28860884,0.615453492,-3.905556608,-3.933072951
7.80553,8.30815,1.064392809,1404.88,0.67156,0.557653663,13.3581039,0.623501454,-3.848262444,-3.892139126
7.50788,8.35741,1.113151782,1396.17,0.66472,0.535520358,13.43649345,0.677119643,-3.694363928,-3.77263785
7.50835,8.27117,1.101596223,1381.5,0.6644,0.53663304,13.38025942,0.658679441,-3.707786616,-3.786058378
4.01581,5.06604,1.261523827,211.642,0.44116,0.302641147,23.37755723,1.591222487,-3.779187679,-5.285755299
4.28854,5.6803,1.324530027,1812.45,0.6414,0.566958366,14.53620929,1.030064269,-3.723003344,-3.794034655
4.42295,5.8918,1.332097356,1940.34,0.64608,0.579922447,14.20360819,1.013651323,-3.645348694,-3.698842543
5.28492,6.78863,1.284528432,1760.56,0.65298,0.602119007,13.79917056,0.915404956,-3.820560743,-3.857034538
5.23642,6.50104,1.241504692,2488.12,0.68618,0.716020139,12.29781865,0.805311388,-3.527238543,-3.573073923
5.16908,6.74711,1.305282565,2564.61,0.69242,0.747658506,11.74148559,0.727031581,-3.505162552,-3.57723726
5.1049,7.01898,1.374949558,2531.04,0.6978,0.764132007,11.47254276,0.686646806,-3.428889163,-3.483626301
4.49108,7.26111,1.616784827,1332.98,0.6082,0.519744657,13.90111945,0.802636713,-4.103588722,-4.167486094
5.9559,15.59448,2.618324686,4089.7,0.78788,1.404828854,9.694355667,0.685945561,-3.526051538,-3.543433698
5.20454,6.54271,1.257115903,976.21,0.55636,0.503899068,27.07070291,2.247859242,-4.757576372,-4.473184944
4.36113,5.08447,1.165860683,450.366,0.46286,0.378045494,23.79437425,1.982382817,-2.940593134,-3.678505962
7.33404,8.20229,1.118386319,1759.08,0.66736,0.744750777,12.52700771,1.017033452,-3.057753148,-3.163816131
5.42977,9.60382,1.768734219,2479.03,0.70826,1.058376109,12.55713907,1.217899542,-3.669583961,-3.714464755
6.08998,6.42929,1.055716111,4194.52,0.70336,0.964431647,14.10948351,2.1202606,-3.222268017,-3.34224428
3.80406,8.78253,2.308725414,1370.92,0.6028,0.568153971,17.01875931,2.195444768,-4.539853254,-4.468337586
5.14039,6.60108,1.284159373,918.633,0.5514,0.467783669,23.95364929,1.807954711,-4.675722667,-4.489683286
4.00842,8.70379,2.171376752,1182.28,0.59454,0.494950924,16.28970358,0.986813075,-4.717162945,-4.548322286
4.21343,7.49731,1.779384017,574.38,0.48284,0.333349443,19.68464635,1.128044054,-4.139791046,-4.112129053
5.43231,6.88401,1.267234381,2652.58,0.69848,0.751581487,13.03410992,1.024367625,-3.47690981,-3.559868968
4.58097,8.98757,1.961936009,1795.98,0.61762,0.704871858,15.44069072,1.607928833,-3.852800315,-3.891070981
4.18889,6.51947,1.556371736,1345.22,0.63434,0.585838436,15.07377216,1.180475222,-3.911153182,-4.176980341
4.41438,5.31747,1.204579125,683.676,0.51526,0.381005198,19.81363242,1.406462999,-4.065521374,-4.429407969
7.98957,9.17489,1.148358422,1485.28,0.61806,0.664644966,16.7494388,1.342434763,-4.049813586,-4.195576585
4.62328,7.09732,1.535126577,1337.42,0.57534,0.574891585,17.05354524,1.513566576,-4.112185182,-4.179772643
8.46338,9.84183,1.16287228,2436.44,0.77858,0.869249697,6.061503779,0.157865088,-3.2302469,-3.183309631
8.76011,10.02499,1.144390881,2419.17,0.78066,0.884273911,5.88047381,0.153947705,-3.199277756,-3.242846016
8.72369,10.01133,1.147602677,2425.72,0.78102,0.878013245,5.939398478,0.154523147,-3.235743287,-3.237959372
6.27169,7.47442,1.191771277,997.289,0.61248,0.439917831,13.90590024,0.621445165,-3.449012826,-3.616592746
3.9229,15.26539,3.891353336,1770.44,0.66484,0.789095752,18.25421885,2.287940316,-4.316331964,-4.475049887
4.62926,5.8356,1.260590246,1011.92,0.55576,0.507714936,20.43885077,2.544212778,-3.288136175,-3.791107756
4.61754,13.61739,2.94905729,2026.62,0.69804,0.732283787,13.42659951,0.943849214,-3.833087948,-3.853617252
4.2385,4.46346,1.05307538,746.839,0.51854,0.392173768,20.09629511,1.870170292,-2.972923734,-3.534317938
7.37206,12.27489,1.665055629,1966.41,0.71848,0.779544022,15.13742421,0.684425266,-4.064039687,-3.968199464
5.67876,6.04937,1.065262487,1037.17,0.58178,0.511517901,17.79981509,2.016910438,-2.564153389,-3.211868728
3.98908,6.09913,1.528956551,740.584,0.5408,0.392538288,17.98097078,1.152161428,-4.251037883,-4.428766235
4.00559,5.12851,1.280338227,430.546,0.46608,0.300702594,21.02431042,1.440477214,-3.923457805,-4.762755592
4.0299,5.17293,1.283637311,466.605,0.47528,0.310158055,20.84157612,1.275592537,-3.866966267,-4.602217182
4.53606,5.41046,1.19276641,1560.69,0.58092,0.637488848,19.38701378,2.045894735,-4.281308355,-4.328619019
4.62746,5.2704,1.138940153,1532.62,0.57776,0.629956975,19.63616406,2.202329408,-4.242942202,-4.392516953
5.65873,6.72021,1.187582726,855.781,0.53676,0.530494856,13.9842187,0.450583776,-3.40991475,-3.570242603
6.38772,6.55761,1.026596344,846.242,0.52014,0.486840135,14.54358736,0.587709439,-3.646649999,-3.743154897
5.67424,6.65442,1.172742076,807.053,0.49694,0.451095195,16.32488385,0.764497713,-3.755902772,-3.733435056
4.37328,6.19569,1.416714686,1623.32,0.593,0.657186775,19.12459584,1.887580811,-4.293163567,-4.277401866
4.69938,6.48146,1.379215982,1785.17,0.59726,0.669309869,18.58112383,2.050136473,-4.1459181,-4.120756895
7.35837,9.71547,1.320329095,1177,0.57768,0.501898366,13.06540088,0.78708407,-3.218520362,-3.285272542
7.37011,9.7478,1.322612553,1186.68,0.57946,0.506503269,12.93634573,0.758866773,-3.141461239,-3.305026155
7.37414,9.69288,1.314442091,1192.44,0.58158,0.509701846,12.87763135,0.741586937,-3.185345295,-3.245649298
7.47258,9.62315,1.287794845,1199.31,0.58264,0.512684236,12.77080332,0.718652096,-3.194895766,-3.2368337
7.528,9.45566,1.256065356,1189.56,0.57994,0.504159748,12.8897313,0.736940433,-3.171637689,-3.247132789
13.20205,15.8929,1.203820619,2126.73,0.7288,1.073249894,10.6673192,0.530875984,-3.622438715,-3.592919464
4.57602,6.51796,1.424373145,1152.25,0.59574,0.52110249,16.1614318,1.363130506,-3.004127773,-3.440452523
7.63768,8.1061,1.061330142,1313.96,0.66608,0.53750807,13.49196493,0.628964193,-3.84709377,-3.901019448
7.59473,8.2086,1.080828417,1354.21,0.66396,0.540965976,13.36653745,0.612820212,-3.864035029,-3.921426427
6.48147,6.85652,1.05786496,861.552,0.5653,0.338168875,16.0401964,1.195926186,-3.219982001,-3.583507106
7.35,7.87003,1.070752381,1598.45,0.63556,0.643315815,12.81627802,0.952075712,-2.770879826,-2.957604229
6.86498,10.43035,1.519356211,2752.25,0.71598,1.050873379,13.19500844,1.032439129,-3.643317735,-3.641141423
5.98929,9.0448,1.510162306,1309.45,0.61784,0.561432842,13.17672551,0.745720613,-3.880217913,-3.922055839
4.15651,5.19203,1.249132084,410.768,0.44882,0.338765313,22.5682152,1.536545518,-3.532315628,-4.625823398
4.11856,5.10825,1.240300008,614.964,0.47928,0.394560063,23.12098003,2.57585829,-4.398420484,-5.05904772
4.13079,5.12494,1.24066825,593.397,0.47774,0.393548228,23.19689251,2.604764919,-4.382614303,-5.054098625
7.84062,14.9462,1.906252312,3658.67,0.80704,1.334579099,7.672062489,0.405516757,-3.482854132,-3.569134764
4.12363,5.10796,1.238704733,463.829,0.48212,0.396849046,22.46750563,2.082146097,-3.759777901,-4.764173722
7.96722,15.10109,1.895402662,3718.36,0.81186,1.376712921,7.488264591,0.396029905,-3.49139298,-3.518605118
7.94906,15.11067,1.900937973,3699.19,0.81026,1.37544815,7.448263319,0.391425484,-3.483475648,-3.503155131
7.95238,15.07723,1.895939329,3643.91,0.80894,1.367170929,7.462591918,0.386573492,-3.487492614,-3.531121702
7.94526,15.08768,1.89895359,3667.79,0.80922,1.372697032,7.457362088,0.391532021,-3.513167244,-3.515562145
7.91769,15.10036,1.907167368,3684.86,0.81016,1.374291574,7.463040525,0.400186871,-3.437553842,-3.454740474
5.12904,5.58245,1.088400558,2038.34,0.66094,0.637511454,13.89915658,0.99052665,-3.550545985,-3.682158592
5.02553,5.5169,1.097774762,2005.01,0.66172,0.641046258,13.73873012,0.935329369,-3.596188065,-3.674913577
4.22373,6.03384,1.428557223,965.378,0.57316,0.464567376,18.16062621,1.147975717,-4.224475762,-4.2391265
4.58117,6.38849,1.394510573,1162.58,0.58826,0.490813823,19.00049227,1.493098108,-4.202868842,-4.159414642
4.59516,6.36899,1.386021379,1154.29,0.59546,0.496804552,19.09106667,1.540780886,-4.202298474,-4.183000593
6.98017,7.83578,1.122577244,1525.44,0.61456,0.626646124,13.14504366,0.942118694,-3.313604451,-3.347413537
4.8025,6.50583,1.35467569,673.201,0.51554,0.322414009,19.77857811,1.897495303,-3.918986619,-4.544191082
4.91174,6.50945,1.325283912,835.098,0.51856,0.390402554,19.88453774,2.322517437,-3.785653732,-4.476019594
23.23987,28.19349,1.213151795,2993.89,0.88298,2.888585739,7.416956719,0.457631851,-2.949677013,-2.926904986
4.96103,5.44623,1.097802271,234.038,0.40304,0.247153115,18.85840325,0.437217279,-3.020073931,-3.514977012
4.00276,9.01794,2.252930478,899.793,0.55688,0.446640253,13.60300501,0.379931725,-3.941751685,-3.977366859
9.13273,10.62623,1.163532701,1789.43,0.68422,0.748276183,14.47764952,1.07885252,-3.921143197,-3.954600231
9.10715,10.65559,1.170024651,1777.69,0.68372,0.744564306,14.47411626,1.069387287,-3.906462251,-3.912918595
9.07282,10.68647,1.177855397,2078.29,0.68016,0.873923753,14.47043178,1.224150681,-3.886002179,-3.909408607
3.83801,5.05177,1.316247222,685.855,0.54018,0.449143171,22.83885036,2.994076998,-3.53682888,-4.11849169
10.84114,11.21149,1.034161537,1298.71,0.63396,0.560525548,10.96582148,0.487958015,-3.042770661,-3.054313783
10.99568,11.61678,1.05648582,1344.14,0.64782,0.572557338,11.03339346,0.501385052,-3.03280971,-3.135072061
10.8267,11.26396,1.040387191,1333.08,0.64048,0.565350564,10.89102624,0.49153438,-2.92120233,-2.993753515
10.94497,11.57288,1.057369732,1350.73,0.64468,0.565950611,11.11070962,0.506261335,-3.070552343,-3.066478734
6.16862,9.2766,1.503837163,1485.27,0.6488,0.585422193,11.55740458,0.367733715,-3.902723532,-4.017133755
5.38961,7.62039,1.413903789,483.849,0.48832,0.292373922,17.43517179,0.75217315,-3.571687369,-3.907212234
4.93889,7.18261,1.454296411,458.227,0.48322,0.301904946,18.19208431,0.848095922,-3.466080022,-3.946553798
10.83458,11.54579,1.0656426,1268.2,0.6411,0.544819498,11.29315403,0.513624001,-3.106830891,-3.147601215
10.82299,11.31191,1.045174208,1246.5,0.63556,0.5431394,11.11626079,0.48498382,-3.094195924,-3.189983166
4.67755,5.68214,1.214768415,1015.19,0.60378,0.371332981,11.91988908,0.300339941,-3.348685093,-3.384703079
5.22927,16.36523,3.129543894,2760.4,0.71038,0.985738034,15.65668956,1.422330547,-3.911056672,-3.854974473
5.15011,5.65834,1.098683329,2097.92,0.66534,0.648896951,13.6475663,0.908858536,-3.650987614,-3.701574519
4.63206,7.74471,1.671979638,600.367,0.48252,0.368560953,16.61695578,0.885538305,-3.684221581,-3.928394515
3.82499,11.61384,3.036305977,1502.42,0.6444,0.713452183,12.19347855,0.578205259,-4.769930882,-4.725520326
3.82654,11.61381,3.035068234,1503.47,0.64454,0.714783172,12.17184653,0.579555393,-4.744339764,-4.660334587
4.61822,5.47299,1.185086462,1382.86,0.62922,0.463691432,14.79672754,0.990055093,-3.625544318,-3.710297303
4.60331,5.44704,1.183287678,1367.15,0.62954,0.457680843,14.91742712,0.990728331,-3.628232305,-3.742627585
4.59352,5.41612,1.179078354,1289.24,0.62976,0.446562287,15.79826479,1.349834707,-3.593006209,-3.772486781
4.61623,5.47631,1.18631654,1754.71,0.63378,0.586041093,15.15587651,1.423466644,-3.591737031,-3.727254323
4.04304,5.72411,1.415793561,631.656,0.51634,0.450216677,16.64467999,0.851314704,-3.585867042,-3.766738109
3.84303,5.28042,1.374025183,474.798,0.51602,0.440903304,16.69583635,0.641971012,-3.738742534,-3.865052075
12.93727,30.84703,2.384353886,6013.66,0.9055,3.816954782,10.20057582,0.78494277,-3.226707139,-3.169361871
4.93164,5.53296,1.121931041,858.384,0.5458,0.477766106,19.56473888,2.160132122,-3.162014446,-4.648391981
5.53555,6.18995,1.118217702,1283.69,0.58934,0.583938568,16.93364958,1.890495751,-3.000464609,-3.820999236
8.02852,8.8151,1.097973225,894.431,0.57682,0.391085618,14.25707483,0.443825008,-4.270826742,-3.888973389
8.12377,8.81658,1.085281833,1115.57,0.58256,0.495340453,14.10310647,0.583306115,-4.192855861,-3.764631763
8.36992,8.94248,1.068406866,682.131,0.54522,0.334259072,11.97575074,0.300337073,-3.633465226,-3.662858091
5.32208,7.1432,1.342182004,2111.95,0.6522,0.685320152,14.7547588,0.890215009,-4.004743993,-3.813993223
4.26632,4.42679,1.037613212,628.494,0.52602,0.400603167,18.15223061,1.061916758,-3.121825773,-3.625254735
4.34625,4.49444,1.03409606,704.473,0.5303,0.408334553,18.00713077,1.12007417,-3.112266315,-3.655025406
4.22902,4.41727,1.044513859,599.734,0.52672,0.400532299,18.17453062,1.034682248,-3.123627817,-3.548457631
7.34267,7.85539,1.069827461,1558.53,0.63556,0.639444626,12.87115677,0.968087911,-2.725716477,-3.090262805
7.22608,7.76352,1.074375042,1527.34,0.62892,0.631061824,12.9134389,0.96698378,-3.24662994,-3.551660988
7.60574,8.05582,1.059176359,1646.37,0.63604,0.641977651,12.94608919,1.019773725,-2.70054615,-2.986632711
8.58608,10.19056,1.18686991,3037.95,0.73974,1.053448551,11.91678663,0.876464036,-3.589665712,-3.539724688
4.98443,6.38657,1.281303981,2856.74,0.68188,0.837163848,14.65722149,1.342505244,-3.645862408,-3.718495679
5.20358,5.89707,1.133271709,2250.81,0.69818,0.676105166,10.03822551,0.324823478,-3.453355928,-3.422861931
6.70425,10.12176,1.509752769,3057.45,0.74078,1.045119985,11.70141833,0.969536986,-3.500294323,-3.494859501
4.21433,4.92676,1.16904941,2110.48,0.65442,0.736224064,15.40781195,1.254080027,-3.922434685,-4.02271367
4.38596,4.69951,1.07148948,2426.46,0.66926,0.767312572,15.11010665,1.341638124,-3.71253755,-3.801462081
5.1936,5.99511,1.154326479,624.62,0.50944,0.300320694,17.2530895,1.018419841,-3.00468254,-3.609649484
5.21528,5.97003,1.14471898,660.945,0.51094,0.307858236,17.17123633,1.028392651,-3.036961092,-3.542097947
3.98805,5.24448,1.315048708,1255.43,0.61198,0.552997307,16.33970555,1.142603768,-3.858141525,-4.479969914
4.0676,5.24396,1.289202478,1160.37,0.60512,0.540502881,16.55466246,1.187328961,-3.839863222,-4.428831196
6.47199,8.31266,1.284405569,3466.08,0.75368,1.109681295,10.50000714,0.891207805,-3.262110727,-3.331068327
5.95196,8.43693,1.417504486,1052.18,0.60916,0.449959743,14.81500752,0.971420416,-3.47458771,-3.705768428
4.03318,4.87776,1.209407961,198.185,0.36024,0.209191317,27.22741842,1.19816081,-4.001543503,-4.619681024
4.98966,6.78942,1.360697923,659.571,0.47808,0.341546705,16.56065997,0.944638063,-3.61366287,-3.945950149
6.83328,8.71902,1.275964105,4053.73,0.75098,1.274056732,10.76871436,1.050240429,-3.486117899,-3.481276969
7.40782,9.82923,1.326872143,4304.34,0.78316,1.529152421,9.572726902,0.83137769,-3.403940408,-3.376305459
4.96284,7.94411,1.60071854,2747.84,0.69578,0.868433206,12.40222019,1.128004266,-3.587716548,-3.611499105
5.71555,6.38354,1.116872392,1665.64,0.64902,0.557898447,13.23964793,0.915631542,-3.428231882,-3.507863114
5.25681,6.23207,1.185523159,783.278,0.53884,0.424684741,16.81788694,1.036220355,-3.439721089,-3.856937602
8.17838,9.69532,1.185481721,2350.29,0.69962,0.966540902,12.65221974,1.041427397,-3.406988912,-3.515152988
8.02301,8.65383,1.078626351,1417.97,0.67562,0.565850635,13.10372752,0.605068494,-3.804812723,-3.8351575
7.41946,8.13654,1.096648543,1329.86,0.65856,0.532906076,13.46936328,0.626721955,-3.918304348,-3.948413299
7.56134,8.20693,1.085380369,1374.29,0.66664,0.547683207,13.02923378,0.588403782,-3.857762868,-3.906136346
8.24178,8.77466,1.064655936,1446.44,0.67988,0.578104672,13.15136683,0.608270562,-3.791978918,-3.843772203
7.97366,8.72478,1.094200154,1424.17,0.67888,0.573034751,13.33496833,0.62255874,-3.81454814,-3.850372384
7.91648,8.46136,1.06882857,1379.13,0.66582,0.549012171,13.38128447,0.634552013,-3.880576463,-3.891894787
6.77563,8.78676,1.296818156,2257.23,0.67368,0.795109993,16.21962928,1.120093932,-3.903674518,-3.906019325
6.32665,6.70484,1.059777291,1949.79,0.64806,0.611573524,14.55333555,1.341260854,-3.439711294,-3.670673071
7.39172,8.11347,1.097643038,1343.63,0.6662,0.541423533,13.26749593,0.608807093,-3.956872344,-3.936018272
6.34214,6.70637,1.057430142,2032.5,0.65784,0.627261025,14.36834988,1.332181722,-3.426804778,-3.648167878
6.34258,6.71551,1.058797839,1962.77,0.6487,0.614700894,14.49132153,1.335187754,-3.425273943,-3.696005361
6.35537,6.73279,1.059386,2042.84,0.65872,0.63909344,14.16303412,1.317224807,-3.417913131,-3.62096332
5.71334,5.97543,1.045873342,1104.1,0.56576,0.479892784,17.08819962,1.869304865,-2.724663436,-3.314181465
6.62162,13.20026,1.993509141,2185.7,0.72742,0.82668785,18.10007355,0.970435381,-4.210437884,-3.946964271
6.63983,13.19327,1.986989125,2182.23,0.72302,0.820668935,18.20285293,0.963615755,-4.041646327,-3.871202568
6.43639,7.99336,1.241901128,2618.98,0.6771,0.861162232,13.55873941,1.297401278,-3.691343563,-3.751895752
7.50509,8.78838,1.170989289,2812.45,0.69804,0.953984502,13.20155615,1.087072423,-3.593278024,-3.640201163
6.85068,8.29809,1.211279756,2367.94,0.66012,0.835075921,13.57259042,1.268115062,-3.608632478,-3.657042992
4.97565,9.55153,1.919654718,2496.75,0.69406,0.812926047,13.73372044,1.017188213,-4.284524105,-4.268701988
4.76966,9.887,2.072894085,2373.6,0.6954,0.816260415,13.53620931,1.017428855,-4.158233669,-4.113802635
4.93119,10.25301,2.079216173,2070.74,0.68658,0.759637364,14.40820812,1.03242033,-4.560762292,-4.501777167
5.14189,6.12649,1.19148601,1490.06,0.64744,0.515954225,12.79011537,0.57023734,-3.704917873,-3.761664321
3.95878,4.93273,1.246022765,1310.83,0.61448,0.574731565,17.68100679,1.99769808,-4.10715976,-4.388956977
6.57882,13.17245,2.002251164,2205.4,0.72624,0.823406962,18.0005857,0.982522135,-4.082248326,-3.897343434
11.59411,12.99556,1.120876031,4771.76,0.83964,2.048332089,7.73523293,0.530203878,-3.3606524,-3.379201044
6.74513,8.35438,1.238579538,1218.74,0.60408,0.481292625,14.48884216,0.825007782,-4.17248776,-3.676119631
6.59808,7.55155,1.14450719,673.922,0.53124,0.42516887,14.33659478,0.590449402,-3.447051065,-3.64735624
10.30174,11.25061,1.092107741,2295.26,0.6833,0.881282832,9.786607101,0.426979706,-3.416495667,-3.431233768
10.10535,14.87522,1.472014329,2467.99,0.73434,1.181421973,13.98632107,0.858943193,-3.881482485,-3.879488416
5.81764,9.82615,1.689026822,2428.56,0.67298,0.840861327,12.44139744,0.927726556,-3.593719149,-3.643648728
5.23411,7.25953,1.386965501,2259.19,0.6993,0.644284543,12.8484876,0.922216725,-3.519171207,-3.610706222
5.46816,6.01068,1.099214361,430.281,0.43852,0.30167444,17.10895175,0.624889303,-3.315139782,-3.793694455
6.06319,6.18933,1.02080423,330.08,0.43072,0.252550602,17.26346865,0.573353584,-2.671154925,-3.214530564
5.92233,6.03338,1.018751066,305.661,0.42442,0.244838388,17.78396157,0.596980182,-2.725382573,-3.353437348
6.00668,6.11363,1.017805177,314.383,0.43214,0.252472789,17.22143993,0.551368234,-2.672374944,-3.164800597
5.25293,6.848,1.30365339,3392.1,0.70984,1.022629702,13.83747964,1.852273671,-3.516399877,-3.596608303
5.17767,6.83932,1.320926208,3473.53,0.70056,1.050240838,13.5668129,1.711846136,-3.523473166,-3.624482827
12.22348,12.9835,1.062177056,1839.36,0.6619,0.845472335,19.04047591,1.724058372,-3.912859876,-4.344398369
12.01283,12.20204,1.01575066,2023.44,0.67448,0.861792274,18.05334444,1.751467811,-3.850334157,-4.214875184
5.4183,7.18408,1.325891885,3337.29,0.70438,0.957397067,11.254868,0.834489388,-3.389821272,-3.442238766
5.47476,7.19373,1.313980887,3000.72,0.68262,0.918099726,12.89761162,1.237341471,-3.688390217,-3.751430668
9.55919,10.5248,1.101013789,746.086,0.59442,0.388065938,16.18407383,0.53905252,-2.969348879,-3.282113745
9.57688,10.52986,1.099508399,745.984,0.59654,0.391291799,16.01367131,0.523822443,-2.969300836,-3.354428263
6.99995,7.05969,1.008534347,1189.62,0.58384,0.496521695,15.55281171,1.655448246,-2.770859571,-3.360881738
6.93916,7.05263,1.016352123,1199.54,0.58244,0.493681079,15.64682053,1.708032675,-2.814805326,-3.345030076
7.259,11.15594,1.53684254,2281.39,0.72028,0.873776279,10.77560831,0.494162406,-3.791207856,-3.783088438
6.94851,8.92381,1.284276773,756.405,0.54424,0.394422542,13.68347574,0.481465139,-3.539121066,-3.637959222
7.41632,9.35755,1.261751111,1289.22,0.6152,0.526901797,13.20110699,0.519537326,-3.738890982,-3.824950356
3.89872,4.64123,1.190449686,115.402,0.45456,0.283540008,21.56107523,0.740085779,-4.653236935,-5.045938156
3.9752,4.69623,1.181382069,180.155,0.45984,0.29529167,21.2247873,0.755402444,-4.506852123,-4.956217185
8.25863,8.38886,1.015768959,1942.74,0.70438,0.759670326,10.98092968,0.501584042,-2.9934116,-3.043561147
4.66211,4.98254,1.068730682,210.989,0.4197,0.326487748,22.25384771,0.898264773,-3.529932433,-4.266230083
7.45,11.94,1.602684564,4386.62,0.78,1.392857143,8.635555193,0.597747591,-3.236421208,-3.231441282
10.73897,12.08735,1.125559528,2440.63,0.73534,1.185265659,15.826687,1.016565256,-3.828295515,-3.85955761
11.20672,12.48204,1.113799577,2276,0.73952,1.212838852,12.73326996,0.637306125,-3.790527997,-3.797922119
10.9248,12.15024,1.112170475,3246.87,0.75918,1.356691245,15.18893952,1.199952523,-3.750423421,-3.803808369
6.39643,8.94506,1.398445695,2007.8,0.6734,0.722052628,13.05773426,1.015012623,-3.443176014,-3.554094221
6.44823,7.27421,1.128094066,797.998,0.57912,0.630400564,17.51775772,1.64081826,-3.726913115,-3.937468294
3.94411,5.155,1.307012228,699.82,0.56988,0.465177784,18.96523985,1.634442933,-4.835177196,-5.330485818
5.36256,5.56311,1.037398183,718.415,0.47334,0.374756544,19.06933908,1.673933431,-3.662358643,-3.82060143
7.76727,8.48559,1.09248037,3355,0.7571,1.095547484,9.432668596,0.655083053,-3.264088187,-3.352919061
5.37593,14.40357,2.679270377,2089.1,0.69962,0.893263434,10.38100695,0.436254453,-3.495567413,-3.518265848
9.55228,10.05089,1.052198009,2141.9,0.717,0.797368351,14.90336494,0.569609265,-4.014639053,-3.982595712
4.62153,5.52258,1.1949679,365.317,0.4535,0.341941565,26.23540922,2.010265508,-4.118656417,-5.017647267
4.61719,8.09113,1.752392689,771.959,0.54146,0.377816388,19.46997972,0.986653646,-4.798192336,-4.539062982
6.03948,7.12468,1.179684344,730.309,0.49814,0.380152171,15.96361461,0.967257342,-3.035843551,-3.571201689
4.32378,9.74723,2.254330701,2428.55,0.67384,0.834446812,15.29356356,1.20146978,-4.047753966,-4.003661081
10.86579,15.71457,1.446242749,2959.34,0.74806,1.262618846,14.09904396,0.979302366,-3.845159916,-3.845116806
4.41973,5.37557,1.216266605,911.572,0.55872,0.488297705,18.89912309,1.847505885,-4.343053137,-5.202819045
3.87866,4.96812,1.280885667,508.341,0.5069,0.391997649,23.14683253,2.29913515,-4.844711877,-6.062998408
5.81739,6.97253,1.198566711,843.277,0.52428,0.414919632,16.84845105,1.287488505,-3.486373883,-3.88311125
5.80169,6.72204,1.158634812,921.447,0.51564,0.447930783,16.9348361,1.443169935,-3.519218715,-3.784014387
6.73057,10.62365,1.578417578,2452.46,0.69298,0.941516932,13.36931832,0.988983961,-3.736238788,-3.68260508
3.8044,5.13889,1.350775418,451.983,0.48024,0.356684492,19.81379466,1.08104995,-4.904888617,-4.77479135
6.73872,7.36714,1.093255099,802.124,0.52834,0.460744216,22.65561259,1.060821759,-4.272254875,-3.821689127
6.12269,7.18204,1.173020355,1987.51,0.62472,0.721206629,13.75598792,1.444153383,-3.393188503,-3.514174624
4.52304,6.18548,1.367549259,956.292,0.53814,0.48181574,20.08654049,2.161345317,-4.45071324,-4.712148595
6.90616,7.0595,1.022203366,1851.69,0.67238,0.647409419,12.82410524,0.66232552,-3.879644283,-3.869904339
4.02928,4.2096,1.044752412,365.104,0.58924,0.44850736,15.33882481,0.351517367,-3.124828755,-3.182605229
5.24575,8.69858,1.658214745,1773.98,0.66012,0.715361658,11.96215015,0.638773173,-3.671585769,-3.74217717
4.63324,6.07207,1.310545105,1540.89,0.6043,0.642112052,17.40229844,2.620899479,-3.499747188,-3.806624619
4.63235,7.88517,1.702196509,1719.26,0.61816,0.615862832,13.3696065,0.764775052,-3.996248555,-4.035017734
7.31301,9.31104,1.273215817,3126.58,0.78852,1.040015511,5.330727967,0.16291708,-3.161136026,-3.151333544
5.1125,6.9378,1.357026895,1109.02,0.56054,0.470409533,21.89033246,2.234596454,-3.900850942,-3.977300299
5.02444,6.09614,1.213297402,1193.75,0.55906,0.522017629,19.4431999,2.43827772,-3.888964234,-4.136263674
4.41521,10.6324,2.408130078,2361.57,0.66208,0.824965267,16.14738651,2.120948387,-3.922044504,-3.957420339
4.56022,11.19601,2.455146901,1303.43,0.6639,0.653271276,19.92945404,0.99890705,-5.293579064,-4.969622092
4.60621,6.67033,1.448116781,1295.12,0.61006,0.557269829,16.86114338,1.64994146,-4.202147424,-4.370504494
5.27904,6.90179,1.307394905,1266.7,0.56356,0.511499573,18.66093587,2.616652849,-3.617094411,-3.932099536
4.04507,8.51649,2.105399907,2329.78,0.66468,0.812284229,16.42489271,2.658329643,-4.01961371,-4.084325403
8.40687,9.12835,1.085820287,2507.28,0.68464,0.927665052,13.42125757,1.353917536,-3.87795976,-3.86490934
3.91911,5.07339,1.294526053,1147.2,0.58102,0.619123326,19.32159493,2.666267911,-4.547776293,-4.769537854
9.5428,10.72174,1.123542357,1430.84,0.66024,0.606097326,13.44531189,0.779506744,-3.529307691,-3.342146658
8.98959,10.11718,1.125432862,1374.14,0.64986,0.570062633,13.88069954,0.815780886,-3.569829135,-3.351504929
3.85298,4.70069,1.220014119,755.204,0.56774,0.452339219,20.60672086,2.00668825,-4.582054758,-4.737226199
4.18847,5.89344,1.407062722,1389.07,0.57098,0.580056138,20.22558822,2.958969326,-4.213002198,-4.440993645
6.33455,7.14824,1.128452692,1027.8,0.57896,0.432111297,14.35240679,0.760043463,-3.33965829,-3.454760446
4.54627,6.18172,1.359734464,1005.47,0.60372,0.489325488,16.79282233,1.270634796,-4.123046596,-4.385489134
4.05076,5.68269,1.402870079,1590.27,0.6309,0.529056604,15.73597197,1.561397621,-3.500819623,-3.679864536
4.00719,5.98694,1.494049446,1010.01,0.54588,0.463254014,19.18048888,1.879943535,-4.291686983,-4.477139453
4.60339,4.87462,1.058919622,285.35,0.37256,0.232056656,23.05789128,1.325750432,-2.915898982,-3.596486607
3.90104,4.69422,1.203325267,296.044,0.43882,0.328217326,23.18040786,1.694387855,-4.118806677,-4.879959896
6.43412,7.20706,1.120131424,2624.97,0.71492,0.852383961,12.08948349,1.289871986,-3.361020242,-3.437617409
6.92579,7.42094,1.071493649,498.884,0.46864,0.310433682,14.88263837,0.515351595,-3.039485589,-3.2393377
5.40906,8.4438,1.561047576,3284.48,0.70766,0.966916391,13.70105299,1.65191606,-3.652890809,-3.770810765
4.1146,4.69191,1.140307685,311.041,0.42404,0.32617207,30.10012626,3.270861148,-3.710787335,-6.277212262
10.37066,13.68087,1.319189907,4692.64,0.83192,2.081975665,8.898119536,0.674046141,-3.390732744,-3.389808426
8.2906,12.65101,1.525946252,4436.15,0.81062,1.796750148,9.685856375,0.714713445,-3.402501992,-3.381365197
8.36781,12.42499,1.484855655,4239.14,0.7967,1.693171844,12.18295367,0.937853062,-3.61465122,-3.583133386
5.30329,7.14215,1.346739477,2098.6,0.65274,0.75681053,16.41581054,1.442875355,-4.159027308,-4.137450756
8.94797,13.15242,1.469877525,3506.84,0.74066,1.307129331,14.57172116,1.370108007,-3.723721389,-3.738026429
5.00759,11.37766,2.272082978,3139.42,0.71074,1.019313813,13.65301743,1.38741073,-3.652313965,-3.643287253
7.77952,8.82467,1.134346335,2976.96,0.7072,0.983808614,11.66435922,0.79401622,-3.571127775,-3.551008501
4.73179,6.93499,1.465616606,1689.63,0.61848,0.613419291,21.61568831,2.104970227,-4.301503953,-4.109149803
7.97255,8.86609,1.112077064,1511.99,0.60424,0.688757423,19.7292739,2.371895652,-4.53575999,-4.447789683
4.27765,4.88487,1.141951773,730.364,0.49106,0.427283643,19.60023006,1.414263161,-3.221942503,-3.745272561
5.12266,5.62501,1.098064287,1157.78,0.5562,0.533729968,17.84707163,1.834286881,-3.095524334,-3.44227214
9.32974,13.77283,1.476228705,2286.62,0.72532,0.860040125,13.05508834,0.535603527,-3.971743973,-3.95611429
3.81365,4.71595,1.236597485,701.475,0.64466,0.47577086,14.32307333,0.412044588,-4.219361394,-4.202842025
3.84866,5.6085,1.457260449,427.534,0.4557,0.262205472,19.96656979,1.036132661,-4.014234358,-4.577930734
3.84215,5.27232,1.372231693,584.482,0.47752,0.385143364,20.09251776,1.640283241,-3.881622524,-4.23087384
3.95007,11.48833,2.908386434,1492.91,0.64682,0.709552221,12.76390998,0.611672568,-4.18317168,-4.153945833
4.43874,6.62548,1.492648815,2427.27,0.64624,0.79597578,16.22500983,2.013916255,-3.91193334,-3.989100951
3.81876,4.7672,1.248363343,131.656,0.41302,0.261990396,23.90825805,1.226933518,-3.884905748,-4.57069625
4.35003,4.8099,1.105716512,444.516,0.47026,0.357161302,23.00718034,2.090599895,-3.626399676,-4.356932219
4.36617,4.80367,1.100202237,469.707,0.46938,0.358436679,22.81851905,2.064427533,-3.598400739,-4.400193709
4.37549,4.80264,1.097623352,467.526,0.46958,0.358901848,22.77513908,2.057455814,-3.651182817,-4.432165732
4.4419,4.88368,1.099457439,484.71,0.47394,0.364216221,22.62430374,2.108187065,-3.545030877,-4.314944794
4.99633,6.92653,1.386323561,1215.22,0.54532,0.540380918,18.13661861,2.240073196,-3.718415943,-3.998322804
4.36886,6.62446,1.516290291,1144.27,0.53822,0.522635024,18.78665884,2.178849545,-3.716987001,-4.040020129
4.80527,6.77386,1.40967313,1210.17,0.54094,0.529031501,18.41560501,2.319558959,-3.695696851,-3.917002183
5.94334,7.58539,1.276284042,1300.06,0.56098,0.54172179,17.10192572,1.98407737,-3.911120525,-4.088457511
22.89921,24.23226,1.058213799,4095.95,0.82914,1.892719852,8.589792038,0.600441739,-3.303421062,-3.289017032
7.55924,8.25861,1.09251856,1410.1,0.66728,0.545778737,13.38018935,0.633097785,-3.793033454,-3.872293846
4.56824,5.42772,1.188142479,460.817,0.54228,0.494925526,20.56073091,2.164201475,-4.132624362,-4.922900774
4.83612,6.31608,1.306022183,826.254,0.56294,0.386570895,16.42837255,1.111740193,-3.92721526,-4.428990964
4.85437,6.33067,1.304117733,834.35,0.56262,0.384936952,16.3291104,1.084518546,-3.882507296,-4.477182172
4.82644,6.32321,1.310118845,800.893,0.55948,0.377290291,16.47242071,1.105405982,-3.91585106,-4.449104759
6.56871,13.17014,2.004981191,2198.69,0.72452,0.820795169,17.95701579,0.981385531,-4.139720132,-3.919262529
7.22847,8.1734,1.130723376,1386.22,0.66494,0.545260724,14.05331388,0.673870834,-3.957156621,-3.986548475
7.35206,8.09472,1.101013866,1311.78,0.65968,0.529039088,13.45158218,0.618073606,-3.847830832,-3.884602946
7.49345,7.99802,1.067334806,1365.52,0.66716,0.543431513,13.76113522,0.651200268,-3.771286972,-3.910386018
7.11073,8.11816,1.141677437,1374.07,0.66288,0.542952624,13.0889285,0.603252847,-3.842565646,-3.918537605
6.10487,6.74707,1.105194705,1222.91,0.57302,0.5593768,17.39153289,1.328772145,-4.102677033,-4.19383978
6.25774,7.86092,1.256191532,1727.23,0.6746,0.518436544,13.29206108,0.318280672,-3.646848906,-3.647873289
5.83008,6.35635,1.090268058,1370.15,0.63194,0.629679451,15.00314219,1.228424373,-3.988011892,-4.191897495
11.17997,13.79937,1.23429401,2249.43,0.80124,1.022238836,12.90130125,0.545214499,-3.662816075,-3.629600329
6.24008,6.85464,1.098485917,1439.89,0.6169,0.529409745,18.38751297,1.364112801,-4.424606014,-4.307812258
6.41478,7.19202,1.121163937,1165.68,0.59802,0.426876624,10.91049924,0.381822544,-3.190696544,-3.299749417
6.32764,7.11427,1.124316491,1149.29,0.59096,0.414354027,11.21152289,0.409994273,-3.153065497,-3.299370221
6.30763,7.09807,1.125314896,1135.13,0.59022,0.413056106,11.22964508,0.410036511,-3.200053294,-3.2544842
4.09815,5.37516,1.311606457,645.677,0.51398,0.421184607,23.17100204,2.880840639,-3.862724236,-4.774137199
4.19267,5.26486,1.255729642,1104.7,0.64204,0.530861646,11.54410715,0.191594273,-4.169240848,-4.108190825
4.04783,6.75773,1.669469815,1022.93,0.58036,0.550746368,16.48911274,1.243688387,-4.27048617,-4.323375924
4.04035,10.661,2.638632792,1677.69,0.62342,0.668194368,15.24224673,1.447509513,-4.078827028,-4.123993959
5.81733,7.38156,1.268891399,3090.39,0.70562,1.044315553,14.252564,1.848653646,-3.880620131,-4.101719411
4.8353,6.30273,1.303482721,1277.49,0.6085,0.628179611,15.12752259,1.102462275,-3.571250535,-3.776539814
3.98171,5.44159,1.366646491,896.095,0.5447,0.456300839,18.20232675,1.409547122,-3.806860766,-4.225191486
4.73885,6.1103,1.289405657,1051.46,0.576,0.499661687,17.37644581,1.689750618,-3.852966526,-4.07865722
6.807,7.01875,1.031107683,207.074,0.32878,0.133092069,17.82908722,0.475940572,-2.474220514,-3.350478155
5.67068,6.77742,1.195168833,2686.05,0.71204,0.826298969,10.80601859,0.589765118,-3.50363552,-3.538781478
5.3119,10.2017,1.920536908,2648.12,0.68248,0.881743436,12.83609675,1.384943351,-3.68020526,-3.678647579
3.81172,5.01926,1.316796617,223.685,0.4194,0.309171194,25.06293325,1.306816306,-3.90490683,-4.384167398
4.81444,7.03658,1.461557315,1269.96,0.59182,0.512753422,17.5134677,1.589299211,-4.129110924,-4.324116843
4.78738,7.0082,1.463890479,1261.98,0.59226,0.506880969,17.5290793,1.581277246,-4.108497619,-4.367481544
10.32446,18.78161,1.819137272,4245.79,0.83804,1.949424389,10.71049958,0.627857887,-3.600904432,-3.589086489
13.79843,19.36968,1.403759703,1649.85,0.7522,1.05504851,25.45781392,0.919345921,-4.963544173,-3.909695306
7.52574,10.57455,1.405117636,2376.21,0.67474,0.819675915,12.75766881,0.770374953,-3.783783612,-3.767409218
9.63813,13.66711,1.418025073,3236.97,0.77846,1.237808116,11.64679723,0.89425213,-3.700813391,-3.711889642
4.48052,9.13035,2.037788025,2899.43,0.70972,0.932145845,13.90271991,1.451816933,-3.68300223,-3.665262082
3.99697,5.16699,1.292726741,516.86,0.5247,0.251525596,18.35429111,0.749285212,-4.161340661,-4.245130868
4.5792,7.24657,1.582496943,1032.81,0.55594,0.50860886,21.0656658,2.713196778,-4.073276986,-4.214624183
4.51731,7.20509,1.594995694,1108.32,0.54452,0.535512677,21.34359044,3.038336598,-4.093700559,-4.242591135
4.48545,7.24877,1.616063048,1094.73,0.53936,0.523345624,22.01791151,3.249199035,-4.100177224,-4.279461366
4.4286,7.2141,1.628979813,1047.88,0.53394,0.5053044,22.57638335,3.334689293,-4.142060439,-4.325275555
5.83185,7.9794,1.368245068,2187.08,0.63504,0.710736254,11.94071087,0.708005784,-3.51077664,-3.522667054
5.40028,6.57121,1.216827646,1507.53,0.63392,0.468432253,14.0742405,0.891795642,-3.164983682,-3.451751802
6.34979,8.7673,1.380722827,1243.03,0.6455,0.49466634,12.09724493,0.444838015,-3.610178817,-3.647298334
5.90829,8.29808,1.404480823,1204.14,0.63394,0.47195545,12.43647409,0.471914716,-3.615178498,-3.652975553
6.10924,8.54677,1.398990709,1220.15,0.63876,0.480498281,12.29580361,0.456741098,-3.617081524,-3.627597041
6.43433,8.86217,1.377326,1218.99,0.6429,0.490707171,12.10348343,0.43936935,-3.615070168,-3.692627725
4.75945,5.14269,1.080521909,1249.98,0.63368,0.551404878,15.60895621,1.060623449,-3.484628756,-3.871197643
5.22417,5.68466,1.08814606,1344.05,0.60904,0.491422854,16.67658182,1.684473823,-3.820149707,-4.063991819
4.65091,5.41853,1.16504727,1218.92,0.58148,0.556637278,16.89781692,1.734088893,-4.008163313,-4.303815032
4.63526,4.71055,1.016242886,359.961,0.49424,0.335514704,24.74951747,2.931509303,-2.093759478,-3.08819145
5.90244,8.31991,1.409571296,1217.75,0.63882,0.480185814,12.49476804,0.494291292,-3.556578314,-3.602727743
5.26943,8.20629,1.557339219,1192.87,0.63058,0.466957938,12.60966112,0.4850482,-3.546038067,-3.547472132
5.89473,8.3593,1.418097182,1221.37,0.63852,0.479960311,12.53033959,0.505480985,-3.540295492,-3.589771286
4.96773,7.1388,1.437034621,752.034,0.55802,0.348216236,16.3698614,1.021910001,-3.751428035,-4.035578008
6.09762,8.30632,1.362223294,3278.57,0.72956,0.970746928,11.36038675,0.856477907,-3.717686678,-3.738816551
5.39006,6.29398,1.167701287,698.188,0.53046,0.328287454,16.54792572,0.99546884,-3.012216362,-3.625785431
5.04643,7.11235,1.409382474,728.537,0.55428,0.33404045,17.21229145,1.272784978,-3.688933897,-4.093959492
4.93769,7.17498,1.453104589,768.874,0.55424,0.353127071,16.24299961,1.01635101,-3.645023286,-4.046294655
4.46538,5.96732,1.336352113,827.695,0.53506,0.329598305,16.78088692,1.24383517,-3.142975346,-3.445162998
4.3172,5.93545,1.374837858,848.308,0.53552,0.330847692,16.9944179,1.2696357,-3.31701578,-3.553917973
7.15317,8.23557,1.151317528,1624.35,0.6312,0.573515783,13.35655029,0.867739399,-3.671339963,-3.696521623
5.11829,6.27903,1.226782773,1042.19,0.55842,0.388744631,16.98690716,1.301128036,-3.728692958,-3.853270638
6.04018,12.498,2.069143635,5222.56,0.80136,1.668179358,9.365817058,0.848639516,-3.262474707,-3.264724935
5.98085,11.72616,1.960617638,5220.51,0.79364,1.56962486,9.952653296,0.960909847,-3.275032808,-3.300436548
6.09657,11.74556,1.926584949,5207.64,0.78906,1.540004879,10.13881963,1.010582446,-3.285791604,-3.285436396
6.07261,11.19548,1.843602668,4990.44,0.77704,1.432015038,10.98478897,1.143573755,-3.382572967,-3.392064269
5.92931,9.82687,1.657337869,3933.94,0.73554,1.147039147,13.54238113,1.602682675,-3.54784234,-3.651271676
6.14212,9.81532,1.598034555,3146.97,0.71292,1.019231759,14.87445297,1.771157808,-3.574272514,-3.845613357
6.12776,9.73892,1.589311592,3092.62,0.70812,1.004550923,15.01533873,1.778440722,-3.571117374,-3.894912463
6.11183,9.64899,1.578739919,2949.59,0.7033,0.979598773,15.30372984,1.840787086,-3.544255578,-4.001202942
6.07844,9.5277,1.567458098,2899.02,0.70114,0.970605254,15.38409861,1.833330931,-3.564906007,-3.95040159
6.0393,9.30813,1.541259749,2795.16,0.69782,0.953325546,15.67547589,1.897002078,-3.578372996,-4.025450587
5.36113,10.95537,2.043481505,5056.56,0.77612,1.455826438,10.78593625,1.106244916,-3.358587515,-3.383740502
5.41503,11.30468,2.087648637,5059.07,0.7839,1.530250708,10.30809439,0.996667103,-3.309057278,-3.335579073
5.47188,11.81211,2.158693173,5105.3,0.79094,1.576306181,10.10318245,0.951121619,-3.303446801,-3.36835046
5.42066,11.61852,2.143377375,5072.49,0.78732,1.543673902,10.25819206,0.992722762,-3.320588281,-3.346490441
5.34922,11.36787,2.125145348,5067.93,0.77464,1.450821453,10.82261702,1.107443654,-3.340284107,-3.388840897
5.2519,11.16649,2.126181001,4942.47,0.76878,1.38469519,11.33871031,1.219271153,-3.39271355,-3.447052182
5.24933,11.33302,2.158945999,4884.86,0.76336,1.367815412,11.44776174,1.233830076,-3.415552037,-3.4702361
5.20054,7.50813,1.443721229,3964.6,0.72602,1.120461753,13.53313971,1.750482975,-3.513019599,-3.634838071
5.1021,7.58377,1.486401678,2988.4,0.69712,0.967820308,15.29426598,2.006021127,-3.724049164,-4.00330348
5.10695,8.26869,1.619105337,2680.8,0.68916,0.932546153,15.87432912,2.048325092,-3.632827472,-4.096396119
5.10678,7.88398,1.543826051,2556.58,0.68526,0.912549655,16.10704676,2.109779312,-3.675963264,-4.129356356
5.09547,7.73054,1.517139734,2533.94,0.68714,0.914732851,16.11532254,2.114150601,-3.638215647,-4.184187955
5.10727,8.08,1.582058517,2487.77,0.68546,0.90559108,16.238268,2.106649455,-3.698272671,-4.199775913
5.34376,11.13019,2.082838675,5136.86,0.7746,1.433735542,10.94669644,1.14458155,-3.343138336,-3.397125052
5.37416,11.39121,2.119626137,5039.42,0.78056,1.477608522,10.64691746,1.088799169,-3.33518687,-3.326636366
5.98917,13.02556,2.174852275,5129.83,0.80308,1.694840853,9.675746389,0.844161325,-3.323174509,-3.375558746
5.25928,11.09362,2.109341963,4937.3,0.76358,1.344307319,11.68982019,1.308086163,-3.404853296,-3.465643362
5.35338,12.07339,2.255283578,5140.03,0.77692,1.472340087,10.68814526,1.082995962,-3.343121912,-3.365836106
5.20485,9.81757,1.886234954,4844.77,0.75344,1.293845715,11.96091943,1.373215418,-3.434759931,-3.458263561
5.23079,9.91334,1.895189828,4850.78,0.75556,1.311840876,11.80799453,1.327554986,-3.421839231,-3.466145327
5.27481,10.42971,1.977267428,4943.1,0.76392,1.36961152,11.35223695,1.231833273,-3.378381498,-3.414731411
5.34276,11.15907,2.088633964,5066.66,0.7739,1.444926979,10.83616953,1.12000249,-3.325888306,-3.349626193
5.36939,11.42851,2.128455933,5060.9,0.77594,1.457517408,10.75939948,1.111292753,-3.321526417,-3.3355799
5.20239,9.75422,1.874949783,4799.93,0.75062,1.291264842,11.95036004,1.348298083,-3.438556604,-3.495998491
5.96806,11.7936,1.976119543,5245.34,0.79438,1.581053943,9.887930108,0.954438788,-3.292367237,-3.320157962
5.68179,10.36799,1.824775291,5086.81,0.76794,1.377376968,11.39417642,1.239216351,-3.383356703,-3.470947288
5.7016,10.40783,1.825422688,5142.37,0.77088,1.390817372,11.2790242,1.213569895,-3.388154438,-3.419183124
5.82104,10.92239,1.876364017,5150.64,0.77616,1.444531917,10.8098263,1.11078026,-3.344770123,-3.363408936
6.00494,11.43321,1.9039674,5226.9,0.78598,1.508407764,10.37868903,1.040559925,-3.31889642,-3.327739797
5.66439,10.32083,1.822054979,5098.1,0.77,1.382539779,11.35670686,1.238608309,-3.41269658,-3.422333658
6.02223,12.08323,2.006437815,5188.58,0.79652,1.608822549,9.718049754,0.936044674,-3.292272978,-3.349863544
6.04966,12.44931,2.057852838,5190.36,0.80366,1.670605892,9.392871301,0.857991131,-3.261966038,-3.284067108
5.3599,9.27242,1.72996138,5128.53,0.76676,1.407759236,11.04073791,1.112670297,-3.341502986,-3.407291067
5.37054,9.75529,1.816444901,5062.53,0.77362,1.42823648,10.95482431,1.113511435,-3.321253867,-3.349679267
5.23269,10.2026,1.949781088,4808.21,0.7555,1.311595511,11.84281901,1.336116932,-3.420869556,-3.469667779
5.23581,10.24236,1.956213079,4774.18,0.75806,1.314421952,11.86635479,1.340662285,-3.43398833,-3.495378351
5.29557,10.43104,1.969767183,4959.21,0.76224,1.347473223,11.56089689,1.279579182,-3.410677967,-3.443899478
5.32116,11.2434,2.112960332,5067.16,0.76948,1.413116338,11.07769209,1.163462499,-3.373815534,-3.394592297
5.21129,10.36323,1.988611265,4711.39,0.75674,1.301347366,12.02738203,1.390937039,-3.455584984,-3.499508184
8.4757,9.49806,1.120622485,477.035,0.52398,0.23722598,11.11439183,0.183904912,-2.898509592,-3.165137559
3.87519,6.75931,1.74425254,1234.11,0.60784,0.489542142,15.64557204,1.282676228,-4.030488967,-4.084761489
6.9765,8.18788,1.173637211,1641.49,0.62754,0.574712433,13.30172105,0.833073781,-3.680313683,-3.744769048
7.00638,8.22196,1.173496156,1526.34,0.64046,0.541400036,13.52342754,0.824154272,-3.667906036,-3.70649798
7.38864,12.6211,1.708176336,3730.51,0.7693,1.357889367,12.86967416,1.158690664,-3.606009212,-3.616123233
9.18226,18.73018,2.03982244,3247.92,0.81648,1.459610785,9.177137883,0.501207234,-3.542305393,-3.547229379
4.68882,6.98697,1.490133978,1090.65,0.57676,0.561706272,18.68521848,2.338527398,-4.10152609,-4.886242461
4.03591,6.64302,1.64597823,1483.57,0.59698,0.635716765,18.88653622,2.537117106,-4.345154376,-4.56788418
3.80399,4.88677,1.28464323,629.912,0.54964,0.459296398,20.64195629,1.909767416,-4.330125085,-4.67221666
4.8019,9.59235,1.997615527,1945.33,0.69386,0.661184273,13.51318372,0.826733104,-4.128337146,-4.153594625
4.63088,5.62402,1.214460319,679.385,0.52362,0.508566434,21.61541993,2.587047122,-4.178001922,-4.767829166
7.55866,8.47123,1.120731717,2638.99,0.72524,0.963990584,11.6778413,0.964597071,-3.537836439,-3.561699364
7.85329,8.53899,1.087313725,2563.08,0.72192,0.964991779,11.95205434,0.957545857,-3.55910071,-3.66166402
4.51984,9.76128,2.159651669,1835.43,0.68796,0.639564179,15.64396392,0.680768371,-4.050646067,-3.922021245
7.29133,8.22766,1.128416901,1585.84,0.61644,0.60520141,16.9315066,1.152822986,-4.389700586,-4.390112911
5.94328,8.66526,1.457992893,1518.27,0.60202,0.596331002,14.93498625,1.055949826,-3.833417789,-3.934650086
6.59544,9.78266,1.483246,1328.67,0.67156,0.56053486,19.05874818,0.877541146,-4.406073363,-4.146985789
5.44409,6.75938,1.241599606,3083.55,0.70018,0.900923853,13.38658584,1.372406593,-3.594910077,-3.620638754
5.32058,17.22643,3.23769777,1358.37,0.65368,0.624765837,14.70842524,0.463184395,-4.101636116,-3.879589339
5.71174,6.42663,1.125161509,1044.46,0.60638,0.383280239,13.48535999,0.655223042,-3.877789269,-4.015468678
3.86427,5.06012,1.309463366,1477.46,0.6231,0.629113063,17.02620912,1.687425012,-4.070686704,-4.208220265
4.8596,7.11279,1.463657503,525.794,0.48876,0.355593711,15.30880218,0.415085293,-3.68360295,-3.672479563
3.826,4.92087,1.286165708,387.706,0.50744,0.425611863,26.01486712,2.017830616,-5.238047208,-5.253625748
4.70396,5.89761,1.253754284,1105.65,0.54338,0.475078031,19.34341552,2.157795422,-3.861544968,-4.248854014
8.92731,10.28423,1.151996514,3392.53,0.76974,1.360976981,10.63692988,0.74025069,-3.498334572,-3.455357946
8.88209,10.65657,1.199781808,3353.08,0.7691,1.351814518,10.65350255,0.741776458,-3.473612911,-3.496310511
9.01667,10.80975,1.198862773,3121.04,0.76484,1.32149213,9.518162062,0.601498468,-3.433534115,-3.410405619
8.99871,11.06486,1.229605132,3124.19,0.76458,1.320835226,9.520468449,0.604743887,-3.396801079,-3.363049915
8.54355,11.63304,1.361616658,3288.46,0.7625,1.321845556,10.56652328,0.716748794,-3.540846354,-3.495448362
8.06777,8.57419,1.062770753,1698.02,0.60346,0.616995651,17.075825,1.188287223,-4.447416854,-4.369012713
4.57547,5.99371,1.309965971,1838.85,0.6336,0.665481907,16.89023653,2.509074153,-3.745934369,-4.101197799
4.14635,5.4452,1.313251414,849.289,0.55878,0.480431269,19.03181319,1.700847827,-3.940569093,-4.118683311
4.66623,6.1259,1.312815699,1537.3,0.59642,0.590865861,19.0414521,2.427433919,-4.047493726,-4.203912829
4.81637,6.08949,1.264331852,1401.4,0.5839,0.619010262,18.74629164,2.945581609,-4.082665206,-4.348509431
7.04787,7.1779,1.018449546,1294.2,0.59806,0.526911183,14.77492531,1.368314968,-2.930342271,-3.26546475
6.69761,13.20708,1.971909383,2195.32,0.72346,0.823651431,18.29786677,0.957330849,-4.095913541,-3.904647934
5.79316,7.36512,1.271347589,3073.49,0.70376,1.037201666,14.40328372,1.888504367,-3.993133269,-4.060755722
5.78241,7.33818,1.269052177,3087.38,0.7054,1.04404558,14.36174952,1.881436189,-3.950464541,-4.104831724
5.72246,7.3374,1.282210797,3227.75,0.7052,1.052641006,14.21769269,1.85154659,-3.947607926,-4.054287733
4.23256,11.10172,2.622932693,1859.66,0.64436,0.725458253,15.25096667,1.523892222,-4.224476302,-4.183406788
5.3716,7.19018,1.338554621,576.154,0.46366,0.4097855,17.06511737,0.892459265,-3.407478946,-3.773432759
5.62836,7.13781,1.26818647,576.757,0.46362,0.377516123,17.40310461,1.054739426,-3.64568463,-3.950167639
4.47342,6.5158,1.456558964,2588.28,0.69076,0.786878822,14.34247944,1.509200907,-3.587221491,-3.632855462
6.05766,14.24977,2.35235553,1944.96,0.74626,0.72260201,9.559938516,0.279462533,-3.526099991,-3.581198426
4.77135,5.69712,1.194026848,753.147,0.52992,0.345411525,17.12012772,1.032318007,-3.403877539,-3.677397467
6.80377,7.04016,1.034743973,2238.38,0.66554,0.715196831,19.26517313,1.923692925,-3.911978526,-4.039016961
6.75464,6.9686,1.031676003,1918.86,0.6558,0.67550029,20.48695083,2.072340321,-4.061277447,-4.143721834
8.34107,8.50715,1.019911115,820.492,0.52252,0.442611009,12.89742861,0.558886885,-3.200765871,-3.26142117
8.3704,8.53124,1.01921533,820.299,0.54676,0.462603222,13.1532203,0.625047326,-3.149564225,-3.264783234
6.46187,10.7636,1.665709771,2491.22,0.70284,0.93210651,12.29087939,0.839767026,-3.583744967,-3.61975656
11.11801,25.84424,2.324538294,2993.2,0.83732,1.587465898,9.667775244,0.484371728,-3.382887736,-3.438204536
4.8127,6.05449,1.258023563,485.792,0.47448,0.26537358,16.48100322,0.581771846,-3.443792896,-3.714452855
3.8221,5.4847,1.434996468,212.345,0.44154,0.224258338,19.39341825,0.500167925,-3.999799178,-4.184356985
9.48231,10.23495,1.079373064,723.644,0.58966,0.374939594,16.09102265,0.544303201,-3.003682436,-3.328766631
13.26042,14.92091,1.125221524,5206.98,0.85268,2.33782613,7.789279432,0.648930786,-3.267918611,-3.241830493
14.48863,15.28058,1.054660102,5143.11,0.8575,2.434571771,7.731294048,0.638972749,-3.247022009,-3.25887035
3.89316,6.4105,1.646605842,580.433,0.5786,0.485953051,20.12682372,2.033549909,-5.24839196,-5.290585615
4.4159,5.81668,1.317212799,594.288,0.48732,0.37504329,19.50121572,1.103294345,-4.152794621,-4.28205848
4.40654,5.75711,1.306492168,573.233,0.48078,0.364774434,19.74496609,1.141812325,-4.158020475,-4.338226695
4.86854,6.23826,1.281341018,632.895,0.52482,0.31899879,18.31717603,1.343409145,-3.549486012,-4.282134051
4.28071,5.21348,1.217900769,593.651,0.50806,0.279044988,15.55328827,0.523091158,-3.548384438,-3.952103363
5.58858,10.47061,1.873572535,1822.57,0.68036,0.875526164,12.84014057,1.301641109,-3.597584379,-3.719670342
10.81985,11.37157,1.050991465,1235.41,0.63864,0.541316675,11.32890845,0.528067414,-3.086375374,-3.138210108
5.78406,7.70786,1.332603742,884.827,0.5531,0.400399603,11.69199841,0.174231124,-4.133405813,-4.144259444
10.83475,11.48256,1.059790027,1245.45,0.64072,0.546610133,11.23094583,0.513097766,-3.100387576,-3.144515883
10.84702,11.49062,1.059334269,1254.53,0.64058,0.544984303,11.25855407,0.521080332,-3.100594709,-3.138318846
6.00066,8.56369,1.427124683,2472.15,0.64792,0.759476459,16.93564519,1.532829345,-3.824060593,-3.812454957
4.69235,5.56221,1.185378329,299.897,0.41664,0.284050778,19.85511467,0.76278811,-3.997490825,-4.687877611
4.26843,7.50874,1.75913392,2202.49,0.63334,0.78424817,15.54355313,2.153686942,-3.908680815,-3.990197478
6.48381,8.3742,1.291555428,1634.54,0.69526,0.539890354,8.673997309,0.20774213,-3.429502722,-3.460233766
5.01575,5.55628,1.107766535,825.183,0.56068,0.35987394,13.49571066,0.347034717,-3.695527412,-3.408487611
6.17315,8.62656,1.397432429,1467.01,0.62022,0.574134244,14.89844067,0.932260408,-4.011727238,-3.994015951
4.56068,6.24288,1.368848505,1670.72,0.62264,0.579760885,18.68751607,2.085193052,-4.026950854,-4.062435799
4.15949,4.41725,1.061969136,794.762,0.53562,0.462470967,17.03802183,0.848581667,-3.340713925,-3.763448714
4.79302,6.85041,1.429247114,748.712,0.5169,0.401737833,15.56242289,0.668868443,-3.633194602,-3.801728647
4.81417,6.86024,1.425009919,753.138,0.52028,0.406729311,15.42610562,0.650217594,-3.612450877,-3.789734655
4.67285,5.69723,1.219219534,1043.32,0.60696,0.379122526,11.71420674,0.294029752,-3.271992112,-3.405823987
4.67382,5.86599,1.255074008,1122.63,0.61658,0.400852962,11.07631383,0.259658909,-3.3232995,-3.337898058
8.86133,13.45467,1.518357854,3849.89,0.8106,1.450071287,8.579872795,0.515118284,-3.407167776,-3.427430523
4.5915,5.03461,1.096506588,548.837,0.45434,0.367095971,22.34461598,2.264709255,-3.675459397,-4.80808453
7.93969,15.08014,1.89933612,3713.28,0.80784,1.369450128,7.465024774,0.390281988,-3.566159081,-3.469313283
7.93508,15.07409,1.89967713,3656.32,0.80886,1.367035723,7.473066414,0.386692204,-3.530105402,-3.513490548
9.82354,17.30249,1.761329419,3818.7,0.8459,1.655161348,6.902063177,0.394029483,-3.297161211,-3.310774518
7.36025,9.10711,1.237337047,995.031,0.66538,0.412505735,9.668946575,0.213462945,-3.025505238,-3.031956758
3.88211,5.03386,1.296681444,185.767,0.49382,0.317558921,21.49703294,1.386924112,-4.209609973,-4.968267648
4.07874,6.01158,1.47388164,1355.5,0.58196,0.560298847,17.30571692,1.811501269,-4.14118529,-4.43822784
3.96749,5.91977,1.492069293,1213.69,0.57476,0.542630829,17.6449727,1.787278136,-4.022412464,-4.628691382
3.89416,5.7298,1.471382789,1161.84,0.57036,0.533575318,17.85503705,1.793917917,-4.054717691,-4.693077173
4.06358,5.93857,1.461413335,1276.04,0.57496,0.547190102,17.55650889,1.853367823,-4.021710645,-4.61701867
4.00314,5.95596,1.48782206,1251.36,0.57552,0.547629243,17.3128309,1.735425769,-4.271508144,-4.576142122
3.83278,5.63762,1.470895799,1133.51,0.56848,0.529089302,17.79569721,1.710851124,-4.181563004,-4.743961813
4.12997,5.91912,1.433211379,1246.73,0.5761,0.552746462,17.43982607,1.792574165,-4.295610657,-4.624387356
4.12403,5.91757,1.434899843,1214.32,0.57642,0.552586926,17.48800648,1.800060466,-4.069677349,-4.688360739
9.06734,26.2956,2.90003463,3025.59,0.82684,1.433997343,8.487256088,0.387958054,-3.443006201,-3.441912568
8.97115,26.23164,2.92399971,2337.02,0.82642,1.102685797,8.535840198,0.300873454,-3.470497366,-3.447150706
5.14986,6.85321,1.330756564,1044.34,0.5355,0.491862003,17.73495007,1.31904611,-3.936478634,-4.145242593
5.05601,6.64353,1.313986721,997.163,0.51948,0.471008514,17.79675064,1.247764333,-3.97550393,-4.161927005
5.1354,6.79283,1.322746037,1010.69,0.54426,0.484799359,18.19118528,1.400662613,-3.919955009,-4.187143239
5.14759,6.84998,1.330715927,1016.08,0.5421,0.484749309,18.13377532,1.391565252,-3.976194222,-4.182319995
5.14075,6.86758,1.33591013,1033.82,0.54564,0.490762893,18.08605795,1.384967532,-3.944062084,-4.189656001
5.16192,6.89118,1.335003255,1046.18,0.55016,0.498459754,18.20937786,1.402427555,-4.040259316,-4.186357699
5.12762,6.87389,1.340561508,1009.78,0.54626,0.490117088,18.11974571,1.395727851,-3.918313938,-4.175869742
8.73086,10.09778,1.156561897,2158.69,0.70838,0.830864363,11.81653815,0.705078164,-3.739214538,-3.775452258
4.50888,13.77124,3.054248505,1987.24,0.69716,0.726674616,13.62007295,0.939662163,-3.924402007,-3.88026257
7.39464,11.89701,1.608869397,2132.79,0.68086,0.876399664,12.64617947,0.656761556,-3.589364848,-3.630763068
4.02227,8.79809,2.18734446,1718.25,0.6939,0.629507661,10.12143803,0.31479661,-4.186077802,-4.178717465
5.28654,6.4229,1.214953448,1923.24,0.66882,0.719956339,14.2444387,1.316832837,-3.68358604,-3.793104884
5.0687,6.55973,1.294164184,1938.53,0.67428,0.731853447,14.09831692,1.303758993,-3.685060127,-3.819488243
5.69683,8.47376,1.487451793,2047.38,0.6845,0.777832954,17.03994519,1.117257701,-3.97276244,-4.055383586
4.41454,5.87539,1.330917831,642.835,0.52,0.412695137,19.13628155,1.064737474,-4.357702423,-4.700696605
13.16757,14.01468,1.064333055,2268.33,0.7446,1.029829938,9.278656651,0.366630772,-3.725303432,-3.776485966
3.85549,5.12179,1.328440743,836.799,0.5506,0.443964231,18.21628722,1.608486601,-3.756069381,-3.971010466
4.921,6.52238,1.325417598,824.364,0.54514,0.373018208,13.63562288,0.336317859,-3.589028865,-3.663637385
3.86113,5.42382,1.404723488,484.606,0.45198,0.350475334,23.06600812,1.614630319,-4.361312973,-4.558578413
9.22489,11.97495,1.29811304,2250.76,0.7649,0.815965573,10.24098271,0.308924967,-3.579960795,-3.547105358
4.58543,5.90319,1.28737981,2248.59,0.65716,0.772952997,17.05396368,2.117202451,-4.11233425,-4.251782899
5.86323,9.7712,1.666521695,2566.11,0.67434,0.872037988,13.28763727,1.218982561,-3.802345999,-3.82090542
4.08181,4.65057,1.139340146,563.912,0.5178,0.451848232,22.63040729,2.674249179,-3.972378802,-4.764076926
6.2427,7.38415,1.182845564,847.428,0.53642,0.479413,15.7365389,0.575743314,-4.408587928,-4.331824701
4.09789,5.30875,1.295483773,1085.41,0.56096,0.541451502,18.9647224,1.647911626,-4.686224181,-4.515768841
5.04479,6.16109,1.221277794,725.101,0.56428,0.334866387,12.02660621,0.228078918,-3.71849271,-3.844167226
4.59016,5.3607,1.167867787,875.531,0.5299,0.439641583,18.54992987,1.849253711,-3.64892828,-4.350865621
7.30655,9.39066,1.285238587,1474.49,0.62894,0.558055758,13.20149957,0.638999234,-3.958153874,-4.028497403
7.27933,9.98256,1.371356979,2532.7,0.7429,0.918321434,6.570114561,0.181164678,-3.317909571,-3.33250747
3.89151,4.56016,1.171822763,371.847,0.4509,0.291914569,19.39067566,1.123873431,-3.523930122,-3.927167762
3.89522,4.62845,1.188238405,767.567,0.53092,0.451816047,22.14827459,2.802167251,-4.366909139,-4.658623159
4.39323,4.98641,1.135021385,572.466,0.5217,0.340026983,15.9724371,0.592146619,-3.24821946,-3.417888821
5.56303,6.07104,1.091318939,999.988,0.57246,0.403453379,16.22060948,0.96866125,-4.415083289,-3.904049237
5.80939,6.97691,1.200971186,820.153,0.52362,0.355044752,15.61903174,1.048264007,-3.344670243,-3.408319768
5.69177,6.87611,1.208079385,788.589,0.5194,0.340818121,15.81801247,1.061460252,-3.320716095,-3.411662324
5.9564,7.42228,1.246101672,1164.71,0.55142,0.513268735,14.99452431,1.138116871,-3.688986192,-3.795542879
4.97595,6.49065,1.304404184,932.568,0.56124,0.523842858,15.92589263,0.876018244,-3.708752395,-3.929306713
4.15157,6.64322,1.600170538,1130.23,0.63196,0.447338803,14.36879701,0.674505003,-4.044104368,-4.0702525
6.90793,10.93877,1.583509098,3249.33,0.76476,1.107235776,12.32744635,0.76925416,-3.694338955,-3.608071997
3.87051,5.13433,1.326525445,739.328,0.54742,0.417533636,20.62792693,2.454312086,-3.998507746,-4.471675402
7.42233,10.03238,1.351648337,2862.97,0.73598,0.981419203,10.29273833,0.627666462,-3.483081541,-3.538146911
6.34609,8.73473,1.376395544,1242.74,0.636,0.484276251,12.14782864,0.45837044,-3.566932939,-3.578755232
4.43575,5.5254,1.245651806,1139.51,0.59884,0.472561986,16.75499674,0.77785919,-4.735036997,-4.620023806
5.40039,7.36413,1.363629293,2459.37,0.65382,0.741818182,15.29433696,1.086963656,-3.99723126,-4.033929554
4.92239,7.53158,1.530065679,2887.73,0.67898,0.885124645,13.41481841,1.684754194,-3.602613612,-3.675827642
5.31352,6.19077,1.165097713,1727.81,0.63064,0.64602972,16.14118478,2.168514257,-3.597309561,-3.783265208
4.04163,4.89933,1.212216358,216.658,0.47074,0.354817556,25.47642111,1.34109573,-4.708003048,-4.800552494
4.53976,5.98429,1.318195235,826.9,0.52448,0.435480791,19.21418088,1.278774624,-4.341091729,-4.470717192
4.28901,6.72543,1.568061161,1695.44,0.64424,0.609804348,13.85418891,0.935949257,-3.854667555,-3.964075141
8.75374,11.11495,1.269737278,2552.05,0.72914,1.037316299,14.38326758,1.029378188,-3.98765053,-3.918468227
4.78872,5.31005,1.108866252,518.016,0.50396,0.313808026,20.93882025,1.582118404,-2.615614458,-3.274303867
3.83588,4.67576,1.218953669,664.962,0.55334,0.452267303,20.74531061,2.572468186,-3.955896057,-4.812773103
6.93403,7.54626,1.088293532,1509.25,0.61762,0.611474679,14.79988829,1.427033555,-3.302219961,-3.500377288
6.29263,8.28524,1.316657741,1966.04,0.71834,0.559385123,7.779035642,0.16848171,-3.21229448,-3.223070412
5.99619,7.75927,1.294033378,1005.44,0.6128,0.434231132,13.45131365,0.505362639,-3.786160414,-3.869432577
5.57973,8.9147,1.597693795,1154.77,0.63252,0.469897777,12.33251869,0.443680688,-3.556175368,-3.53878417
4.82237,6.32363,1.311311658,825.723,0.5615,0.376267347,16.95700814,1.268529512,-3.932409806,-4.54113403
8.38587,10.29567,1.227740234,2330.86,0.73422,0.871368113,9.661720777,0.348803398,-3.543373214,-3.536096529
6.35433,7.83796,1.23348331,1068.35,0.57012,0.544808211,25.89943888,2.480694917,-4.484297669,-4.435078033
6.24667,7.74052,1.239143416,1017.2,0.56666,0.534887672,25.13275992,2.446102161,-4.335418355,-4.367510074
6.40337,7.90027,1.233767532,991.924,0.56592,0.51131651,23.98456548,2.108157378,-4.347280122,-4.25902736
6.54413,7.99474,1.221665829,986.026,0.56588,0.510533106,23.71839206,2.076136266,-4.182657163,-4.331610065
6.23818,7.72851,1.238904616,965.563,0.56578,0.507039477,24.78717579,2.438811769,-4.482386078,-4.289048547
5.15951,10.15164,1.967558935,1301.72,0.6518,0.513535659,12.62664968,0.49024432,-3.84344427,-3.900823559
5.89781,7.31308,1.239965343,2659.22,0.71266,0.852494707,12.33735923,1.043306416,-3.432236327,-3.509078321
13.81107,14.72034,1.065836318,873.984,0.62692,0.506013205,10.32991878,0.183746606,-4.015595899,-3.589055256
4.59937,5.74617,1.249338496,1578.55,0.62932,0.583119446,13.34307319,0.765781954,-3.652703376,-3.756544753
4.32231,5.58633,1.292440848,523.648,0.5044,0.35672862,20.71653673,1.438687437,-4.226131664,-4.588043104
5.30461,6.57621,1.239716021,806.558,0.53756,0.400769391,21.06070254,1.43360819,-4.399678108,-4.44279251
3.95686,5.01507,1.267436806,426.288,0.45316,0.324806296,20.53945262,1.336818439,-4.204262547,-5.534027267
10.23371,11.32335,1.10647556,2017.01,0.67262,0.850783403,16.24604819,1.702710585,-3.47922586,-3.848588983
10.26466,11.32844,1.103635191,2019.15,0.67224,0.850302749,16.25035297,1.72351572,-3.502997017,-3.800391394
4.46098,5.04139,1.130108183,1165.6,0.57368,0.569533794,19.06268901,1.944331708,-4.285212924,-4.368462011
4.24964,4.81422,1.132853606,925.936,0.55468,0.530160096,19.89128359,1.791621901,-4.360211575,-4.480293647
4.31451,4.89363,1.134226135,1001.96,0.56294,0.544956438,19.56980898,1.835375623,-4.13466102,-4.462492045
6.45196,13.72369,2.127057514,3187.14,0.78164,1.139966952,8.790961961,0.462964669,-3.502848778,-3.533965235
7.97019,14.98828,1.880542371,3682.42,0.80746,1.357817295,7.573254399,0.413091019,-3.463474679,-3.492796907
7.99679,14.99758,1.875450024,3687.31,0.80722,1.357413713,7.571805425,0.411987094,-3.48741247,-3.537456052
5.28078,7.56763,1.433051557,2812.41,0.68548,0.959047277,13.62386725,1.616715757,-3.662066879,-3.707961149
4.28251,5.93486,1.385836811,1486.61,0.65396,0.549112466,10.83247766,0.268527287,-3.789264966,-3.794297572
10.73402,16.87141,1.571769943,4551.51,0.8305,1.894643668,8.100523164,0.560279799,-3.412311948,-3.43250618
7.16155,16.20891,2.26332428,3399.7,0.75108,1.292798964,11.99438956,1.132090703,-3.614718743,-3.659327703
6.79866,15.95836,2.347280199,4261.5,0.77286,1.56095492,11.62951703,1.210494347,-3.614082206,-3.6546025
6.94786,16.02728,2.306793747,3228.98,0.74998,1.233359481,12.34036739,1.164979838,-3.635742418,-3.658268275
7.17077,16.15521,2.252925418,4046.29,0.77204,1.548375193,11.7319362,1.223687167,-3.610081237,-3.696055433
3.84924,5.21911,1.355880641,256.221,0.46326,0.355806452,20.45782417,0.73054933,-4.2723567,-5.512889233
7.338,8.53929,1.163708095,2632.28,0.67244,0.900822937,14.53720717,1.243391755,-3.714974113,-3.716699862
10.49353,15.93828,1.51886734,3621.79,0.78274,1.360823093,12.17938704,1.087519768,-3.679863671,-3.60463591
5.74338,7.37329,1.283789337,1462.04,0.59142,0.623195492,16.07861357,2.163680981,-2.812633529,-3.271368279
6.51318,7.20791,1.106665254,1493.63,0.59392,0.630060256,15.91732286,2.111280807,-2.705106116,-3.301374482
6.19052,9.96907,1.610376834,2822.92,0.6843,0.986762416,13.47894409,1.462457631,-3.801184263,-3.840004095
6.43178,8.54706,1.328879408,4018.59,0.75936,1.141856961,10.64697688,0.88060741,-3.281277182,-3.2878525
5.62341,6.17335,1.097794754,698.514,0.48236,0.376578968,17.16665588,0.67246884,-4.158650633,-4.175819669
5.38886,6.27516,1.164468923,1308.38,0.64512,0.536902027,10.81678538,0.331202096,-3.126565932,-3.317320566
4.61939,10.60263,2.29524461,3171.54,0.70852,1.062283913,14.39816965,1.626825213,-4.021147829,-4.023802594
4.21913,10.8507,2.571786127,3454.99,0.7136,1.089375838,14.64568221,1.734174781,-3.969662294,-3.985157526
8.55453,10.29437,1.203382302,2648.08,0.72168,1.048496295,10.3995569,0.559493435,-3.581990429,-3.565709915
4.47781,7.91312,1.767185298,1014.79,0.61066,0.600741754,17.09813359,1.587510865,-4.292825161,-4.245071527
7.91531,18.88525,2.385914133,3681.19,0.78614,1.485778005,9.897227994,0.765058093,-3.387826325,-3.403776452
7.24737,10.46531,1.444014863,2859.54,0.7172,1.035191009,16.3250104,1.306210426,-3.781843826,-3.710650332
4.50294,6.51263,1.446306191,572.589,0.52224,0.3634238,20.9763391,1.547245438,-4.560192154,-4.996022725
4.33861,6.503,1.498867149,2870.26,0.71038,0.716025864,9.209767575,0.297235615,-3.411019454,-3.439785788
4.05801,5.21223,1.284430053,358.865,0.4294,0.29501484,21.05952265,1.035510564,-4.017261737,-4.867551906
4.18257,5.20127,1.243558386,503.392,0.47642,0.366476923,21.85662086,1.84734479,-3.751906141,-5.3037172
5.04903,5.5219,1.093655613,1771.73,0.634,0.767131907,17.5951854,2.262322907,-3.867379655,-4.215620737
4.78997,6.73931,1.406962883,1190.66,0.56306,0.523791362,16.542491,1.631013118,-3.589445526,-3.795901226
5.36003,6.68828,1.247806449,1239.23,0.57056,0.537437714,16.53057532,1.594019586,-3.873642095,-4.024510599
3.90561,4.85962,1.244266581,314.475,0.45496,0.269411152,21.32742162,1.325637268,-3.858958385,-4.402536284
3.88578,4.84334,1.246426715,326.855,0.45414,0.263301619,21.51129381,1.323896827,-3.882035441,-4.460593188
6.78698,10.89625,1.605463697,2386.84,0.71854,0.88401746,19.72764296,1.344375311,-3.980021328,-3.753429221
6.72932,10.711,1.591691285,2382.92,0.71766,0.879129764,19.60511312,1.358946192,-4.039895821,-3.779132041
6.69089,10.86494,1.623840775,2454.07,0.7228,0.893735935,19.24831247,1.324727424,-4.011224143,-3.791265608
6.87066,11.37189,1.655137934,2404.78,0.71932,0.884266686,19.83368081,1.356149308,-4.02026656,-3.795824169
5.77138,11.11094,1.925179073,2943.86,0.7482,1.019943564,10.88957415,0.808503152,-3.502951383,-3.529420252
5.64839,11.74533,2.079412009,2791.67,0.73744,0.947413319,11.07402748,0.797283137,-3.523451716,-3.505694463
4.5881,6.00938,1.309775288,1721.63,0.60096,0.629834115,17.61514938,2.705456541,-3.725941719,-4.053818072
4.30379,4.83761,1.124034862,1129.02,0.60654,0.355164923,12.48322008,0.313221961,-3.571025801,-3.635195261
4.27369,4.83981,1.132466323,1111.5,0.59754,0.3405252,13.83757681,0.488664583,-3.613095504,-3.632022795
4.37647,4.90097,1.119845446,1253,0.60948,0.377772957,12.1043857,0.304118424,-3.572872609,-3.594461964
4.34946,4.85948,1.117260533,1170.75,0.60586,0.363517454,12.34381903,0.312956877,-3.572822849,-3.623909454
4.33226,4.8612,1.122093318,1151.46,0.60372,0.35816539,12.40388091,0.315786199,-3.576830886,-3.621490401
3.86158,4.6267,1.198136514,416.346,0.48114,0.339234723,20.89858455,1.315851056,-3.865005541,-4.596298054
5.67945,6.24089,1.098854643,319.417,0.44108,0.29159615,21.60868621,0.981103207,-4.015140019,-4.512604331
3.83478,4.91533,1.281776269,496.319,0.50726,0.359837979,21.9189642,2.096320162,-3.46518719,-4.102652363
5.77431,7.34523,1.272053284,278.941,0.44896,0.288077409,15.51725397,0.345559815,-3.355588284,-3.720535943
5.78969,7.43383,1.283977208,334.176,0.44634,0.281565218,16.06058957,0.442484125,-3.565730756,-3.714148954
3.80687,4.54974,1.195139314,1105.83,0.57982,0.516534227,17.55559076,1.46408162,-3.91982923,-3.986735616
7.11755,7.60111,1.067939108,1510.38,0.62938,0.621806398,13.48253418,1.120001965,-2.779794813,-3.100258438
7.22908,9.73279,1.346338677,2565.36,0.70494,0.902426004,13.1864455,1.049885104,-3.516218073,-3.609779134
5.50308,6.7427,1.225259309,826.369,0.53606,0.370432307,15.77176753,1.113638001,-2.966381993,-3.473482443
6.80397,10.21317,1.50106041,2632.14,0.7091,0.973448776,12.56513426,1.065718905,-3.539027632,-3.577961182
11.55698,14.24395,1.23249759,3601.66,0.82726,1.741284736,7.848714441,0.470701844,-3.277404534,-3.292817498
3.92787,7.61954,1.939865627,2253.29,0.72672,0.828452284,9.496722506,0.189370938,-3.922258443,-3.98423891
4.0796,4.65234,1.140391215,421.426,0.497,0.369962334,22.85979214,1.981934012,-3.807507038,-4.884363214
10.3413,12.50789,1.209508476,3455.23,0.76192,1.508298492,9.754770613,0.660396931,-3.413506302,-3.388775421
4.84274,5.45688,1.126816637,1147.79,0.55356,0.506454653,20.26834461,2.881290472,-3.935138414,-4.074588033
7.15186,7.75334,1.084101199,1003.98,0.55812,0.536287727,14.86684818,0.828750824,-3.239258134,-3.374418772
4.39834,6.21484,1.412996721,1294.79,0.58908,0.570272416,21.75234408,1.697291478,-4.600218245,-4.482265166
4.95547,5.88607,1.18779248,1653.19,0.6024,0.588476643,15.94758932,1.630245784,-3.725783756,-3.891276012
6.13483,9.09166,1.481974236,2832.53,0.71798,0.904110038,14.12783615,1.108205361,-3.876263779,-3.891874061
10.95027,11.54524,1.05433382,1261.27,0.63702,0.543421142,11.12724079,0.494022417,-3.115274601,-3.157067862
10.51295,11.388,1.083235438,1155.64,0.64282,0.498221247,11.97978825,0.546286504,-3.256065386,-3.261567345
4.22892,6.09672,1.441673051,1813.53,0.63336,0.697251989,16.36383916,2.180036309,-3.627296578,-3.85071025
6.6809,12.96894,1.941196545,2930.92,0.7393,1.023132227,11.75953177,0.811309249,-3.878601491,-3.877110664
6.70087,12.99921,1.939928696,2934.44,0.73956,1.027103899,11.75456063,0.806418607,-3.869642478,-3.841002601
6.71578,13.01322,1.937707906,2931.41,0.74,1.026674103,11.78387498,0.807742218,-3.830804505,-3.853400905
6.69479,12.97792,1.938510394,2912.5,0.73832,1.018941616,11.83016578,0.81982229,-3.896633098,-3.830417551
6.65215,12.91792,1.941916523,2904.58,0.7369,1.012435272,11.87017024,0.830033951,-3.885914843,-3.871944831
6.67,12.93895,1.939872564,2894.84,0.73686,1.011667275,11.88382894,0.833220805,-3.887402589,-3.873590103
6.65994,12.9296,1.941398871,2898.42,0.73692,1.01198724,11.88833153,0.828887511,-3.863650162,-3.856198834
6.66027,12.93472,1.942071418,2893.82,0.73698,1.010530646,11.93107713,0.833381734,-3.879325217,-3.874278548
6.68384,12.97087,1.940631433,2910.19,0.73894,1.0181238,11.86578384,0.821432326,-3.886166258,-3.853977615
11.04159,11.82299,1.070768793,1199.36,0.65944,0.540928069,11.90821821,0.582966109,-3.212383406,-3.216252751
10.6155,11.39724,1.073641373,1249.15,0.66122,0.53840454,11.93220276,0.545432721,-3.334734537,-3.380210122
10.81312,11.57654,1.07060127,1197.73,0.65704,0.51985948,12.33380053,0.660894596,-3.16082146,-3.254350989
10.75539,11.55274,1.074134922,1213.49,0.65842,0.526306534,12.26964056,0.64812547,-3.161962405,-3.233181372
10.81121,11.63688,1.076371655,1246.22,0.66284,0.542666503,11.85776345,0.588392019,-3.206218378,-3.22812337
10.78465,11.59848,1.075461883,1223.91,0.66046,0.538280983,12.00168197,0.608173221,-3.211311102,-3.255079072
10.84815,11.68121,1.076792817,1265.68,0.66724,0.548820912,11.82448473,0.592515026,-3.092748977,-3.103887813
5.29156,5.74395,1.085492747,1915.85,0.65078,0.612573774,15.02689417,1.321725668,-3.62693718,-3.769410599
5.50482,5.80963,1.055371474,593.723,0.46118,0.337073067,18.63278537,1.147302478,-3.455912831,-4.102849598
5.49412,5.78942,1.053748371,609.696,0.46268,0.341347892,18.49296156,1.145102128,-3.518947335,-4.13374184
4.44331,5.72419,1.288271581,1472.03,0.70078,0.490405744,11.71637162,0.387169931,-3.665023826,-3.691308827
12.38023,13.08079,1.056586994,1871.54,0.68884,0.997184363,11.53481958,0.506963202,-3.695397376,-3.798182217
7.44682,7.57197,1.016805831,928.686,0.55172,0.435990644,12.36452642,0.408383368,-3.383352267,-3.483094483
4.03658,5.48028,1.357654252,272.189,0.44028,0.363924914,23.48684484,1.120200767,-4.045248726,-4.560006772
10.95208,11.66235,1.064852521,1296,0.6417,0.571105633,10.96114098,0.483365153,-3.058893686,-3.130314828
10.87886,11.61446,1.067617379,1309.26,0.64116,0.570894326,11.01570336,0.488357711,-3.123541992,-3.137813098
10.70959,10.90023,1.017800868,1241.6,0.6254,0.52927337,11.44410463,0.543254952,-3.165078897,-3.118421053
4.08598,5.25085,1.285089501,312.091,0.4448,0.209583942,14.01481972,0.183891182,-3.387836515,-3.487137069
4.44781,6.86807,1.544146445,971.089,0.60056,0.389397515,10.18619203,0.121416054,-3.961818457,-3.853734488
5.799,7.74164,1.334995689,714.571,0.51428,0.373834221,12.33555107,0.188664215,-3.73142425,-3.698629573
5.64741,8.46756,1.499370508,2063.92,0.6713,0.712114863,15.35939706,1.208087498,-3.961618565,-3.928784779
5.76979,7.54466,1.307614315,3591.92,0.72434,0.947138148,11.83017536,1.083810775,-3.368026237,-3.430349351
5.14016,6.27181,1.220158516,971.491,0.52384,0.476218182,19.57612021,1.662137883,-4.220862251,-4.359823923
5.48815,7.0777,1.289633119,1127,0.5663,0.525295438,18.51468411,1.344762227,-4.260623206,-4.282151515
4.12484,5.16081,1.251153984,365.45,0.45722,0.387015405,21.95731984,1.166984696,-4.335752366,-5.75836149
4.87372,5.63894,1.15700943,2069.3,0.6643,0.692534637,15.58370537,1.826198603,-3.782641559,-3.904233159
4.01485,5.23028,1.302733602,364.22,0.45192,0.370004667,22.25135952,1.277733595,-4.811943315,-5.734333861
5.47406,6.39935,1.169031761,515.087,0.43064,0.305059292,18.06750191,1.142677871,-3.018629656,-4.040512668
5.92239,12.04583,2.033947444,2762.74,0.726,0.924068549,15.41264448,1.548975215,-3.938282638,-3.862778724
5.95231,12.32799,2.071127008,2594.38,0.71734,0.894137884,16.18792094,1.476286833,-4.048799557,-3.921033442
5.76234,12.52097,2.172896775,2508.84,0.71186,0.867156447,17.00232254,1.470404141,-4.149288922,-4.000027234
4.78582,8.72596,1.82329465,2384.43,0.66754,0.95573118,16.35972009,1.559074722,-3.8385025,-4.262879947
7.15944,9.13832,1.276401506,499.523,0.47466,0.304319951,17.09193937,0.682166597,-4.514591445,-4.621772392
3.81301,4.31723,1.132236737,185.205,0.3811,0.22284204,21.59542896,1.337728155,-3.182740307,-3.752188585
7.68463,7.8028,1.015377448,814.357,0.54896,0.376069547,15.2892065,0.643937467,-3.810747941,-3.819013778
5.28356,11.03405,2.088374127,2333.08,0.69982,0.771760419,12.51400833,0.767305247,-4.028080022,-4.050984422
7.53577,10.93441,1.451001026,2715.93,0.68178,0.920187768,13.33993353,1.080232955,-3.782964898,-3.755859998
8.76145,9.24219,1.054869913,1380.13,0.63232,0.654817567,14.12488517,1.018552911,-3.339375892,-3.536566608
6.60038,20.08743,3.043374775,3677.13,0.78218,1.315665091,11.8262034,0.830996626,-3.720399456,-3.636969081
6.68289,13.2528,1.98309414,2185.95,0.71868,0.817110801,18.2304073,0.902871356,-4.131858056,-3.889947377
5.79444,7.08547,1.222804965,1778.89,0.6586,0.674743923,12.90585011,0.938648429,-3.579463195,-3.733672028
4.2579,5.0116,1.177012142,470.669,0.4846,0.400651493,23.66504612,2.55533751,-3.831415767,-4.76691603
4.0295,4.93904,1.225720313,440.32,0.4749,0.387471036,23.05275014,1.926057225,-4.010521426,-5.545811192
4.13298,5.09877,1.233678847,620.308,0.48494,0.401344048,23.23732646,2.598714767,-4.389625353,-5.106240475
4.11717,5.08559,1.235214966,437.222,0.48464,0.400926539,21.9916561,1.838054593,-3.566215592,-4.687074749
4.16376,5.11473,1.228392126,690.156,0.52056,0.478165819,22.84399492,3.115905558,-4.435997364,-5.084088016
4.13393,5.10474,1.234839487,678.725,0.51758,0.471857052,22.96155284,3.208223723,-4.393352578,-5.131139275
4.17716,5.08733,1.217892061,684.692,0.51694,0.474901701,22.56025445,3.002354512,-4.46044587,-5.040752694
4.14711,5.04996,1.217705824,661.113,0.51562,0.470426159,22.70464066,2.987409811,-4.36036354,-5.075568661
4.17789,5.07875,1.215625591,688.887,0.51816,0.473746286,22.69770763,2.990808401,-4.441879848,-5.075778891
4.15379,5.09924,1.22761141,461.087,0.48606,0.402934593,22.10958492,1.929285337,-3.6763098,-4.5586767
4.1998,5.13748,1.223267775,696.774,0.5208,0.479814265,22.74176519,3.086491923,-4.391571721,-5.013724497
4.10802,5.06256,1.232360115,686.43,0.51804,0.472435775,22.92019956,3.05729693,-4.437932367,-5.052057487
13.73176,19.34742,1.408954133,1960.16,0.75234,1.24886292,25.49049796,1.080465398,-4.815681818,-3.708542975
4.86396,6.32965,1.301336771,1492.67,0.61994,0.620418963,13.8696559,0.987271866,-3.566906436,-3.825781852
6.59227,6.92026,1.049753727,712.37,0.48076,0.361756562,16.06415336,0.895404077,-3.191373757,-3.545284545
6.12459,8.48774,1.385846236,1512.12,0.5888,0.617614172,16.05866353,1.119109707,-4.467245651,-4.458686074
5.0967,7.39924,1.451770754,411.897,0.4521,0.254388926,17.48418155,0.757755538,-3.358704196,-3.903454752
12.45148,12.65678,1.016488,2169.1,0.7441,0.985812305,10.8794122,0.630846434,-3.39050647,-3.104018402
4.98444,7.17175,1.438827632,375.502,0.4289,0.224558501,18.37119813,0.768213797,-3.314026224,-3.992480012
5.15143,7.46533,1.449176248,456.074,0.45878,0.262868995,17.05838388,0.710473564,-3.380210193,-3.803401056
4.98308,7.16776,1.438419612,371.863,0.43518,0.228342656,18.33968805,0.762548043,-3.374666398,-3.970446906
5.42795,6.86556,1.264853213,687.824,0.55866,0.323958527,12.1072193,0.259013662,-3.259683252,-3.331799339
5.07183,7.99773,1.576892364,2066.13,0.65016,0.741812406,14.52707768,1.179421459,-3.774786383,-3.857596083
5.82003,9.10759,1.564869941,2406.25,0.68434,0.86160703,13.60338394,0.969839647,-3.775593128,-3.807304671
6.19333,8.78773,1.418902271,2587.48,0.66756,0.897966541,14.32528749,1.20236163,-3.831279919,-3.859227823
7.061,9.29397,1.316239909,2320.29,0.6692,0.832023712,14.40069867,1.104404089,-3.849562962,-3.900470158
5.17643,9.05505,1.749284739,2435.36,0.66936,0.88184495,13.69872225,0.973996354,-3.923852861,-3.922094707
6.95652,9.26232,1.331458833,2221.17,0.66544,0.793870836,14.39607225,1.08107813,-3.88799918,-3.8557909
6.23369,8.73316,1.400961549,2616.75,0.67104,0.906208305,14.85969571,1.367154423,-3.827630945,-3.841774506
4.20385,5.93429,1.411632194,777.517,0.57266,0.293343851,15.69743652,0.493148141,-3.486179654,-3.616059646
5.71888,9.03956,1.580652156,2260.26,0.66964,0.818325685,13.53917661,0.976951631,-3.723453496,-3.712398958
4.62391,5.6865,1.229803348,195.07,0.44346,0.214211187,18.32318318,0.325880762,-2.989800506,-3.477528367
4.49569,5.90641,1.313793878,661.045,0.49602,0.427677186,17.56852383,1.032547796,-4.169247653,-4.482825042
7.2431,10.60893,1.464694675,751.774,0.59994,0.50490225,17.28367863,0.315804361,-3.559313099,-3.621605353
13.85413,14.13574,1.020326791,1462.4,0.68312,0.786051023,19.39818149,1.214009654,-3.113180442,-3.245071205
6.65907,13.23644,1.987731019,2244.38,0.72884,0.832244745,18.05084404,0.962838214,-4.135295808,-3.872137339
6.64739,13.24642,1.992724964,2249.68,0.72852,0.833432481,17.94556583,0.946290288,-4.086353936,-3.937162193
4.25664,5.56472,1.307303413,1190.5,0.55888,0.458556918,15.35169852,0.807987082,-4.445446015,-4.345847938
5.36376,6.46377,1.205081883,1568.86,0.58616,0.516618045,14.94733108,1.050968574,-3.826764323,-3.871692164
13.24304,14.91316,1.126113037,5187.81,0.84834,2.323048107,7.781616584,0.642060451,-3.242962716,-3.237616919
13.28886,14.21921,1.070009768,5145.67,0.85124,2.36538344,7.794109247,0.642708,-3.248772914,-3.239201721
13.19368,14.22916,1.078483031,5318.4,0.84786,2.365694005,7.657813147,0.629303135,-3.257730125,-3.258472021
13.174,14.83912,1.126394413,5164.09,0.85136,2.319838906,7.766090239,0.638670185,-3.240158152,-3.240930595
10.86748,12.36916,1.138181069,5129.09,0.84754,2.263498897,8.109849252,0.621400864,-3.215710749,-3.223788329
13.37952,14.31673,1.070048103,4665.87,0.86194,2.41993582,7.701242889,0.571607379,-3.207396698,-3.211212271
21.60719,23.03533,1.066095591,6237.79,0.92452,5.424663643,5.444885421,0.67961421,-2.87129678,-2.885084011
7.19596,7.98338,1.109425289,3462.05,0.73634,1.019586123,12.38575754,1.365488644,-3.461084864,-3.493774648
4.27878,6.07415,1.419598577,1288.34,0.59516,0.616642595,19.00461919,2.505052721,-4.166537141,-4.510806171
7.75873,12.06174,1.554602364,1536.01,0.6201,0.703745022,19.31319928,1.47124511,-4.248759741,-4.553835668
8.02038,12.23219,1.52513846,1678.62,0.64588,0.757099419,19.40356375,1.484119266,-4.660715961,-4.717325605
8.09448,12.1779,1.504469713,1677.3,0.64182,0.752412616,19.36407988,1.500925729,-4.364703751,-4.54144242
7.7394,12.14685,1.56948213,1533.52,0.6251,0.70605962,19.37493093,1.531365747,-4.276059442,-4.552990254
7.83288,12.38727,1.581445139,1559.49,0.626,0.711050128,19.56907384,1.543629282,-4.466859246,-4.614664272
7.5095,12.14021,1.616646914,1527.51,0.619,0.693554315,19.80926259,1.605682346,-4.339068355,-4.55877158
7.67742,12.0955,1.575464153,1551.09,0.61846,0.696597322,19.28420334,1.509968139,-4.227039161,-4.48187893
9.04409,11.1437,1.23215271,3356.64,0.76018,1.168278304,14.33647669,0.862465094,-3.72661528,-3.679488725
8.99249,10.30936,1.146441086,2803.79,0.70596,0.961227391,12.92258751,0.999855267,-3.690107814,-3.6804423
8.16544,13.39679,1.640669701,4629.3,0.80466,1.775495749,8.33936986,0.713394815,-3.205455695,-3.243407646
4.28729,7.85407,1.831942789,1959.89,0.65022,0.667359117,19.00692346,2.072671601,-4.221234479,-4.119996747
9.17237,18.68299,2.036877056,3246.01,0.80774,1.465378363,8.860537636,0.47105206,-3.481717543,-3.489774401
6.6292,16.29659,2.458304169,2227.69,0.72672,0.921625323,13.64976655,1.003934057,-4.006922042,-3.964070389
6.69779,16.53276,2.46839032,2255.65,0.7309,0.933043978,13.90044863,1.055149524,-4.037302981,-3.964373948
6.72961,13.20706,1.962529775,2159.04,0.72344,0.822350697,18.55599625,0.955853264,-4.19666086,-3.908813653
6.72456,13.18662,1.960963989,2147.96,0.72276,0.818894069,18.83931632,0.952774099,-4.119390697,-3.899734222
6.71826,13.17767,1.961470678,2159.63,0.7232,0.81767591,18.82534074,0.974912052,-4.194507564,-4.027828713
6.69067,13.16192,1.967205078,2147.35,0.72224,0.813497315,19.03619488,0.973227811,-4.172313418,-3.960337209
6.40333,12.94074,2.020939105,2126.79,0.71524,0.777439853,19.14177651,1.06409158,-4.25091212,-3.970209403
6.61787,13.11018,1.981027128,2166.03,0.72106,0.805310812,18.78806668,1.001170196,-4.084408334,-3.948225419
6.64621,13.1663,1.981023771,2158.78,0.72228,0.81774336,18.25387199,0.966343605,-4.201349556,-3.921831016
6.65907,8.47788,1.273132735,1652.79,0.61964,0.660338652,14.71458143,1.003069739,-3.757602195,-3.95285363
4.4748,6.14583,1.373431215,2626.37,0.65502,0.824259416,15.36305468,2.057241671,-3.879360801,-3.928203899
4.49275,6.11311,1.360661065,2656.81,0.65592,0.835347667,15.34042535,2.049234075,-3.863171193,-3.951022036
9.2255,13.12173,1.422332665,3818.7,0.80414,1.41701425,8.695705911,0.519820757,-3.431039913,-3.435444988
5.66055,6.91782,1.222110926,1234.64,0.58368,0.503129041,13.83466282,0.474589415,-3.786483202,-3.2673229
7.45425,8.13608,1.091468625,1347.71,0.6626,0.540355398,13.85593915,0.652208156,-3.916753393,-3.956634482
7.02354,7.18852,1.023489579,1310.73,0.59522,0.53514466,15.16821468,1.628186987,-2.904353964,-3.286659909
7.1276,7.3057,1.024987373,1289.27,0.59548,0.534340733,14.94081488,1.550459666,-2.700290489,-3.189996392
7.12733,7.30662,1.025155283,1275.54,0.5947,0.532503582,14.94455255,1.540852513,-2.723481453,-3.195681244
7.15837,7.31075,1.021286969,1274.72,0.59404,0.530866845,14.91583239,1.520835733,-2.75370065,-3.150799724
7.11813,7.30941,1.026872226,1266.4,0.5935,0.529508855,14.96774902,1.55220888,-2.718949296,-3.16573913
7.2403,7.33092,1.012516056,1284.09,0.59614,0.534899371,14.789797,1.497701474,-2.721506758,-3.156606123
7.26133,7.33103,1.009598793,1265.95,0.59476,0.532905642,14.78966493,1.487787758,-2.690470763,-3.157234338
7.08591,7.31581,1.032444668,1291.79,0.597,0.537160338,15.00109749,1.552806227,-2.798164494,-3.233220138
7.71066,8.23812,1.068406596,1389.57,0.66636,0.550938404,13.50082316,0.636031917,-3.897939348,-3.940318673
7.85452,8.43698,1.074156027,1402.46,0.67264,0.560608081,13.49718145,0.640472285,-3.836329796,-3.895097769
8.63887,10.47318,1.212332168,1561.13,0.7394,0.563648699,5.216951575,0.079665342,-3.116290873,-3.102509234
5.09614,6.36937,1.249842037,1642.89,0.65938,0.667558256,13.65546288,1.069876543,-3.292919026,-3.662833825
4.76389,5.46139,1.14641396,1733.14,0.64174,0.671976243,14.17023501,1.090396256,-3.730746735,-3.899524187
4.77674,7.01351,1.468262874,811.368,0.55298,0.376866511,16.84974755,1.336233755,-3.845421779,-4.145840225
7.66141,7.93575,1.03580803,798.747,0.50276,0.381503066,12.49731579,0.362304383,-3.690565235,-3.720476246
4.58024,13.51875,2.951537474,1942.33,0.69308,0.716055352,13.63866263,0.969739685,-3.906638733,-3.912156535
6.97386,8.21663,1.178204036,1594.67,0.6443,0.579604541,13.45956498,0.86620995,-3.634797864,-3.710995553
5.82023,8.52599,1.464888845,2463.1,0.67906,0.860898019,15.74146139,1.656007844,-3.753166084,-3.924745001
7.29552,7.82348,1.0723677,1652.21,0.63258,0.635797133,13.35330145,1.117073834,-2.846741565,-3.123394089
12.51,15.63,1.24940048,3344.03,0.78,1.471698113,14.7375435,1.248805539,-3.861738232,-3.727336039
9.22291,10.78711,1.1695994,4691.09,0.81336,1.752126718,8.809000878,0.689209395,-3.374909761,-3.387743555
9.91355,12.08201,1.218736981,4611.13,0.81672,1.756164272,8.940067524,0.67339757,-3.340410503,-3.373756636
3.94171,4.84924,1.230237638,331.977,0.50006,0.279824291,20.8327259,1.02331427,-3.759478377,-4.355829289
4.32366,7.48304,1.730718882,1453.09,0.63988,0.563666634,16.65172484,1.945078548,-3.770343532,-3.868550837
4.32331,6.8392,1.581936063,1207.46,0.60904,0.533113916,14.70380619,0.708187556,-4.37958634,-4.396048204
4.32814,6.83643,1.579530699,1216.77,0.60882,0.532921342,14.68480037,0.708334371,-4.349874114,-4.340246538
5.65574,8.03848,1.421295887,1658.18,0.63976,0.600082542,13.43131438,0.642641847,-3.916373228,-3.943198418
4.89988,7.4125,1.51279215,1491.51,0.62534,0.569723584,13.92111463,0.672256191,-4.014975038,-4.042354104
4.94122,7.81736,1.582070825,1911.18,0.64802,0.627190987,12.98630722,0.590884862,-3.835039136,-3.821437233
5.69274,8.23995,1.447448856,1694.89,0.64122,0.60644063,13.18513207,0.614405714,-3.875192445,-3.92166558
5.85838,6.60096,1.126755178,1768.99,0.65076,0.628978475,12.94917969,0.633951974,-3.954425297,-4.031241471
4.91006,5.88115,1.197775587,2281.03,0.61914,0.657999475,14.26971675,1.59993004,-3.368114266,-3.474491056
4.93297,5.91545,1.19916602,2278.96,0.61868,0.664749822,14.07313065,1.536598104,-3.340910064,-3.480854035
3.92805,4.48007,1.140532834,348.006,0.47474,0.412968214,21.6284388,1.202829852,-4.220230931,-5.347526919
9.29464,9.85685,1.06048755,1124.24,0.56974,0.515177546,14.26205272,0.692937945,-4.117420777,-3.733339274
9.36477,9.9038,1.057559342,1085.47,0.54844,0.494816713,12.72443452,0.475601825,-3.504538778,-3.545944729
8.12641,8.87023,1.091531193,823.158,0.52878,0.412661251,13.96903987,0.484400188,-3.403568519,-3.457453004
8.01633,8.64993,1.079038662,1205.47,0.55746,0.52172204,13.48611912,0.659241181,-3.678331569,-3.482747777
7.40132,8.01945,1.083516184,1045.37,0.56394,0.456037069,13.87106699,0.638542122,-3.444274047,-3.503026966
8.14175,8.72919,1.072151564,1132.89,0.5682,0.506719699,16.16507785,1.01038855,-4.039838153,-4.204406339
8.06353,8.3881,1.040251602,1168.89,0.5633,0.502578469,16.2727394,1.036351541,-4.161450391,-4.143292205
8.85338,9.62722,1.087406166,1257.88,0.59276,0.562081587,14.51398075,0.817732151,-4.003650439,-3.74274608
4.79076,6.22077,1.29849335,1423.73,0.65614,0.488370189,13.63277162,0.60626609,-3.546584183,-3.740281175
4.63591,6.9167,1.491983235,2142.22,0.6505,0.694465944,15.15915014,1.720050319,-3.877058535,-3.923609381
4.99085,5.89843,1.181848783,804.948,0.51824,0.440115158,17.59472518,1.250019747,-3.389655696,-3.843688702
6.71064,19.61611,2.923135498,1999.56,0.74706,0.827036955,10.03182084,0.3249898,-3.576410871,-3.581017045
6.85327,19.50435,2.845991767,1988.95,0.74544,0.820195939,9.96889766,0.325593639,-3.561771378,-3.559404428
6.72401,19.59015,2.913462354,2000.87,0.7463,0.82683176,10.00260952,0.321340646,-3.594700156,-3.596434834
4.07005,6.23549,1.532042604,861.503,0.6016,0.332840932,15.44716689,0.601608617,-4.724958164,-4.686785047
4.02189,6.2924,1.564538065,1203.3,0.60374,0.453142591,15.14083635,0.788335808,-4.655634327,-4.577607475
6.64584,19.52135,2.937378872,1442.82,0.74532,0.590698707,10.07073772,0.236427836,-3.578139395,-3.591856587
6.25511,7.40475,1.183792132,1054.18,0.56562,0.516349893,17.13493666,1.501728108,-3.658617457,-3.897985198
18.72951,18.90864,1.009564052,1895.21,0.7607,1.099218683,12.99526421,0.711588284,-4.045859814,-4.048940449
6.02587,9.42856,1.564680287,1288.35,0.64688,0.50457084,11.81764128,0.441664254,-3.520650484,-3.585126308
6.0394,9.46287,1.566855979,1307.42,0.64616,0.511238933,11.69316332,0.42805283,-3.542454039,-3.597719411
6.40194,9.11851,1.424335436,1235.01,0.64552,0.49211722,11.99966223,0.441184997,-3.542827645,-3.582633949
4.0122,6.08478,1.516569463,1429.16,0.5961,0.5877481,15.96984376,1.514448569,-4.263114059,-4.425817395
3.99073,5.98845,1.500590118,1315.26,0.5931,0.575529097,16.23418487,1.564491224,-4.298563033,-4.531343297
3.87826,5.63541,1.453076895,951.587,0.56598,0.518809812,17.47089607,1.766799875,-4.363968589,-4.762573436
3.8792,5.64298,1.454676222,912.43,0.56488,0.520732314,17.33632081,1.674275866,-4.401012416,-4.765816189
6.48918,8.02024,1.235940442,2942.07,0.70094,1.002609009,16.86999209,2.441221724,-4.05591309,-4.060083751
4.10207,5.41924,1.32109886,372.542,0.4435,0.28742709,20.98527656,1.216810119,-3.664173669,-4.778933873
5.88361,7.72889,1.313630577,1927.82,0.64718,0.648562086,11.52123064,0.534183071,-3.731179929,-3.735336683
4.28799,6.28616,1.465992225,1690.65,0.66686,0.607163668,12.43267654,0.55125726,-3.952816768,-4.015532453
4.38224,5.58391,1.274213644,458.434,0.55488,0.37242518,18.60394789,1.665513055,-3.504128344,-4.042691548
5.37633,10.81376,2.01136463,1816.67,0.66394,0.703085703,17.34320754,1.467004762,-4.015454463,-4.038762239
3.94718,5.04407,1.277892065,958.047,0.61434,0.522976079,17.12834249,1.377139074,-3.802377244,-3.980386435
5.01855,11.26084,2.243843341,2215.18,0.68342,0.824465422,20.18756045,1.851326198,-3.969930439,-3.876583227
8.23246,8.54513,1.037980142,3154.74,0.78998,1.093953607,5.513423382,0.18501912,-3.138144416,-3.229554315
4.69494,6.47036,1.378156057,1655.93,0.65096,0.551838728,13.69716262,0.812839884,-3.807255772,-3.89812332
4.56509,7.01927,1.537597287,1128.7,0.59534,0.493521566,15.72939321,1.098392448,-3.891692622,-3.955898548
6.17461,9.34169,1.512919844,1819.53,0.6259,0.757348421,16.31985875,1.351464507,-4.044153256,-3.996887233
5.3332,7.50726,1.407646441,1919.66,0.61788,0.623339834,16.10535202,1.256698541,-3.685675984,-3.705086881
4.66605,6.63855,1.422734433,1358.78,0.55586,0.52381805,16.40685529,1.570931076,-3.658701863,-3.800782995
4.25341,5.56779,1.309017941,1329.89,0.55018,0.523079263,17.40198045,1.401991969,-4.457422552,-4.615701938
9.77333,11.45503,1.172070318,5009.73,0.83686,2.066535295,7.465591599,0.564096346,-3.249503592,-3.260998448
5.59779,6.57595,1.174740389,1622.97,0.6601,0.615380313,15.53379908,0.962930922,-4.101359196,-4.108415419
6.17876,11.92741,1.930388945,2371.28,0.7151,0.849446808,13.60352239,0.945871892,-3.615538456,-3.665244361
5.04991,6.34584,1.256624375,1667.15,0.64294,0.579737065,14.95117995,1.389914821,-3.794005493,-3.907609845
8.18722,9.12848,1.114966985,2295.48,0.70662,0.868848851,11.15064573,0.677711686,-3.411262624,-3.472041345
4.60613,16.80237,3.647828003,3248.18,0.72262,1.226448879,14.51999555,1.651906603,-3.863351641,-3.91129423
4.02795,6.57261,1.631750642,967.327,0.52992,0.514575363,20.71870635,2.535987272,-4.325428979,-4.974026522
4.51142,5.84221,1.294982511,930.373,0.52716,0.420027728,17.99361927,1.556221592,-3.476471935,-4.020092413
4.75213,5.88914,1.239263236,960.198,0.53232,0.429945643,17.66347373,1.561725983,-3.376637171,-3.91053639
4.22176,5.94415,1.407979137,815.38,0.54272,0.451796046,20.03432737,2.369755361,-4.38452876,-4.861387231
10.75846,13.17229,1.224365755,6362.13,0.87062,3.031322247,6.444369953,0.560131524,-3.165360639,-3.172536966
5.1227,5.4813,1.070002147,1399.64,0.61972,0.494100013,16.33686183,1.178620954,-3.887414897,-4.052467508
5.10748,5.48445,1.073807435,1394.43,0.61942,0.498812199,16.28185504,1.167832709,-4.013089371,-4.031488506
4.1864,7.71161,1.842062393,806.505,0.54296,0.402666845,19.02520301,1.611558967,-4.155511179,-4.458779838
13.13968,15.07113,1.146993686,4398.63,0.79872,1.665259352,11.2247778,0.885181211,-3.617664312,-3.626465049
5.41115,6.21978,1.149437735,1103.1,0.57316,0.532063421,18.93340411,2.064100057,-4.112423486,-4.434120378
4.17994,6.70721,1.604618727,699.97,0.48666,0.438175843,20.09776852,1.271215039,-4.751871947,-4.814159033
5.22151,8.57387,1.642028838,1250.32,0.57448,0.575933079,16.50432663,1.302631775,-3.986256826,-3.944066678
5.50957,5.63288,1.022381057,1260.43,0.56064,0.521108694,19.64557986,1.894160049,-3.700686555,-3.904915485
3.93575,6.77398,1.721140824,1514.31,0.57252,0.559046968,16.73319867,2.023675688,-4.149647823,-4.194991213
5.37055,7.89334,1.469745184,2375.09,0.66676,0.763405625,19.45842742,2.906684156,-3.817064296,-3.801245269
6.77808,8.749,1.29077851,1726.73,0.65022,0.67435727,14.85704216,0.923079898,-3.548009969,-3.70464861
7.54223,9.23645,1.224631177,1882.66,0.6629,0.790994429,11.25844128,0.512900149,-3.37145847,-3.481545633
3.81567,4.45066,1.166416383,547.736,0.5457,0.479909242,22.21958966,2.713812524,-4.651590126,-5.210427874
4.18958,4.87973,1.164730116,339.865,0.4278,0.223107653,20.71843274,1.14778184,-3.609410079,-4.520058076
9.67182,10.70302,1.106619023,1359.19,0.62264,0.647791813,13.0161678,0.885144019,-2.971034539,-3.01197367
4.0341,5.07878,1.258962346,499.226,0.48888,0.400409517,22.57685828,2.269806881,-4.402391413,-4.88590368
3.98181,5.25265,1.319161386,1489.77,0.6386,0.663298586,16.3283148,1.579196945,-3.80761974,-4.033828374
3.94642,5.04398,1.278115355,517.986,0.47294,0.365340049,23.71782071,1.982968338,-4.839224737,-5.143874711
6.03691,11.27088,1.86699487,2592.34,0.69578,0.841246696,11.93109498,0.477837755,-3.850807557,-3.838220216
5.74685,9.16363,1.594548318,2390.02,0.72964,0.819726279,9.977150102,0.528533211,-3.526387415,-3.540507539
13.61044,15.13602,1.112088955,2024.71,0.67406,0.842810987,17.3203374,1.424432776,-4.256810971,-4.237188144
6.62234,15.48597,2.338443813,2730.48,0.74196,0.992210328,14.71236586,1.045770998,-3.836657726,-3.743871996
4.91496,9.86186,2.006498527,2055.95,0.65798,0.770077033,18.76060613,1.269098323,-4.066844451,-3.965199557
5.38349,5.80792,1.078839192,1114.07,0.58698,0.519460521,15.54016448,1.187809256,-3.237696985,-3.572895135
5.25433,6.10819,1.162505971,2752.3,0.68602,0.794534319,13.92966406,1.875130451,-3.462355458,-3.566341677
4.19832,4.58853,1.092944321,221.351,0.46036,0.323125408,19.64503043,0.489229811,-3.759434432,-4.195963966
6.14414,6.81519,1.109217889,743.097,0.55158,0.343430318,11.12383367,0.220027662,-3.798202953,-3.887791703
4.83808,7.31661,1.5122962,689.204,0.5669,0.41383791,22.36658598,1.263700382,-4.371017579,-4.184050115
3.97085,13.71017,3.452704081,1104.43,0.60978,0.495216593,16.92481265,0.935357316,-4.258340637,-4.326792365
5.02363,6.4533,1.284589032,2164.99,0.65096,0.660746984,14.08279326,1.137668034,-3.586535141,-3.711789314
9.23203,10.20016,1.104866427,2709.66,0.72104,0.896812574,12.35849497,0.964000342,-3.693780426,-3.700229417
5.92083,7.62702,1.288167368,1882.36,0.61826,0.632626311,14.50210593,1.268289389,-3.515792554,-3.636602161
6.86281,7.55002,1.100135367,1995.51,0.63226,0.671273047,13.72134282,1.110641243,-3.500823687,-3.554893895
6.50668,6.87778,1.057033695,871.167,0.56924,0.357464017,15.24336385,0.949451094,-3.325046259,-3.500974331
4.55241,6.25531,1.374065605,531.652,0.5372,0.333784842,16.54739432,0.701368612,-3.729455962,-3.943564366
4.14157,6.98334,1.686157665,1659.49,0.65496,0.547822378,13.04573649,0.736010299,-3.696113055,-3.783383806
3.87237,7.76134,2.00428678,1145.56,0.58388,0.503883462,14.40703807,0.705696509,-4.804517136,-4.783311858
5.57464,5.84848,1.049122455,680.184,0.55766,0.302682928,18.48178906,1.536292933,-3.158454974,-3.97097401
4.04226,9.06042,2.241424352,1132.56,0.64424,0.513563713,14.29333641,0.528501051,-4.254605171,-4.219004187
4.23883,8.98552,2.119811363,1142.26,0.6443,0.513718017,14.08948719,0.525937263,-4.179593674,-4.206519468
5.99614,9.10869,1.519092283,2819.55,0.72198,0.916556749,13.82751527,1.005390968,-3.990923913,-3.935968345
4.23928,6.47025,1.526261535,1536.56,0.608,0.570094422,16.31963722,1.662626493,-3.933224915,-4.063751183
4.24175,5.89247,1.389160134,1597.85,0.61858,0.589533676,16.42280243,1.627568235,-3.94846773,-4.037250604
8.23796,9.47139,1.149725175,3394.1,0.79736,1.195763181,8.381442218,0.37393752,-3.353809411,-3.28732289
6.03269,7.03393,1.165969078,986.368,0.54102,0.48354143,17.57393523,1.565652715,-3.466157533,-3.764494816
5.89758,7.14406,1.211354488,965.371,0.5477,0.492704341,17.26422978,1.46652516,-3.514034038,-3.772860101
5.89697,7.13405,1.209782312,965.057,0.5478,0.4927943,17.26448896,1.458338286,-3.447511748,-3.736306686
3.86327,4.15669,1.075951202,125.199,0.42266,0.130456657,18.93664723,0.336212968,-4.078524854,-4.18275386
4.5627,6.22226,1.363723234,1108.74,0.55016,0.539383125,17.84768558,1.412406519,-4.023577436,-4.267531406
7.36677,7.99703,1.085554456,545.12,0.4705,0.285769817,15.87803641,0.830682877,-3.33803716,-3.525394487
7.27239,7.93236,1.090750084,511.848,0.46456,0.280091644,15.89524175,0.822137842,-3.295365353,-3.543555102
3.97105,5.13693,1.293594893,821.636,0.56084,0.571054451,20.89233975,2.875902507,-4.789005901,-5.324981398
5.18062,6.8059,1.313723068,660.34,0.52096,0.367813495,24.22809296,2.044697877,-3.697966278,-3.877984542
6.65727,13.16813,1.978007502,2177.53,0.72264,0.819405199,18.39767584,0.957937899,-4.2212892,-3.924555865
6.67449,13.22354,1.981206055,2217.12,0.7237,0.825764491,18.3173548,0.952453783,-4.173710269,-3.899422565
4.86667,7.27536,1.494935962,1374.32,0.61122,0.632513569,17.8458105,1.916215489,-4.061634786,-4.123808378
4.78135,5.41632,1.132801405,739.92,0.50606,0.381713131,19.64787712,1.957052931,-3.425914367,-4.362797228
9.41793,10.82894,1.14982167,1493.76,0.64298,0.69414846,13.89161366,0.907905979,-3.529579599,-3.517576021
9.23374,9.74389,1.055248469,890.547,0.55512,0.524153038,12.84016653,0.469463738,-3.056668457,-3.155527906
8.95969,9.35578,1.044208003,872.356,0.55088,0.513176894,13.29958849,0.49714218,-3.153835081,-3.287968994
4.1401,6.37722,1.540354098,904.33,0.57846,0.390542612,13.83613362,0.462870086,-4.530826725,-4.506790194
3.94305,7.44579,1.888332636,1293.18,0.57794,0.57403085,20.64314434,2.313145058,-4.564078986,-4.573337677
5.53792,6.06957,1.096001748,1665.63,0.62224,0.696801214,13.64316058,0.945425032,-3.953238021,-4.042413992
4.74264,7.16525,1.510814652,2062.49,0.61754,0.716891897,17.49439051,2.427242814,-3.76365183,-3.827087476
5.58315,6.53052,1.169683781,677.25,0.5027,0.438751909,24.67492603,2.163546209,-4.949561222,-4.685994636
5.45199,6.55588,1.202474693,674.392,0.50086,0.438354965,24.73216617,2.190003463,-5.08790408,-4.688731578
5.84937,6.69444,1.144471969,710.088,0.50328,0.442915101,24.84821133,2.143081781,-4.926465414,-4.556829203
5.82012,6.69706,1.150673869,714.516,0.50676,0.451247529,24.419212,2.067590119,-4.996061666,-4.60048564
5.79486,6.7589,1.166361224,729.019,0.50762,0.453272614,24.47094022,2.136784636,-5.065673162,-4.605102659
5.88003,6.823,1.160368229,725.198,0.50986,0.45784842,24.45495616,2.10528692,-4.993683559,-4.687948861
5.08469,6.62212,1.302364549,670.362,0.50502,0.448332801,23.51955196,2.084632738,-5.068921848,-4.739876411
4.79784,6.67565,1.391386541,774.417,0.52464,0.485606916,23.68350257,2.053258744,-5.14102415,-4.721307924
4.04722,6.44081,1.591415836,711.265,0.51294,0.468956564,23.37705257,1.999210787,-5.481993585,-5.126042837
5.14118,6.73531,1.31007084,690.944,0.51818,0.477686514,22.87442465,1.940873077,-5.000572519,-4.736471894
6.25516,7.09133,1.133676836,814.658,0.52622,0.493084708,23.65812789,1.936826392,-5.079628572,-4.61810526
5.2818,6.79198,1.285921466,699.176,0.51986,0.481610495,22.97228607,1.972775559,-4.932869657,-4.765846158
9.47922,10.46203,1.103680472,1040.35,0.6072,0.536670732,9.898057023,0.188138744,-4.130689842,-4.125624481
4.85597,5.21744,1.074438269,502.716,0.48678,0.394741964,19.65797099,1.267643619,-3.127688168,-3.675544493
6.70029,13.27907,1.981864964,2173.74,0.72136,0.81700516,18.59560141,0.965295475,-4.146938738,-3.919631659
8.89146,13.27914,1.493471263,2632.02,0.75028,1.074591808,9.823348328,0.432723739,-3.518263916,-3.468154701
12.00951,13.97996,1.164074138,2843.51,0.78658,1.285618554,8.51619975,0.386619158,-3.312006838,-3.316021527
7.35004,8.32775,1.133021045,1549.58,0.6404,0.610323269,13.44934143,1.00044311,-3.427337481,-3.597773497
4.94745,8.69265,1.756996028,1075.16,0.60728,0.506852288,15.22981553,1.091144601,-3.497295708,-3.71988103
4.13008,5.81942,1.409033239,876.934,0.51738,0.475716729,20.25285593,2.315283382,-4.325698522,-4.541858302
3.91982,4.78325,1.22027287,1090.54,0.5598,0.551956695,16.58164558,0.957104757,-4.536055599,-4.554655784
4.53676,6.78829,1.496285896,1136.61,0.60594,0.524596125,14.97682686,0.747745653,-4.411052944,-4.457650573
6.24399,7.42167,1.188610168,1637.92,0.62492,0.575671319,10.40051869,0.344035615,-3.491252424,-3.573314786
6.34458,7.64047,1.204251503,1673.55,0.63374,0.601128765,10.14723094,0.325893026,-3.513219201,-3.558675517
4.9062,6.09359,1.242018263,2473.64,0.673,0.809540306,13.53820426,1.194014098,-3.481005986,-3.580659758
6.77637,10.89993,1.608520491,3083.82,0.75168,1.04690662,11.88474532,0.794238623,-3.60788344,-3.604180293
8.94015,11.91055,1.332253933,4875.01,0.8048,1.793394212,9.663187443,0.788861383,-3.442384292,-3.434574328
4.49111,5.98412,1.332436747,867.092,0.54292,0.337123164,16.52555388,1.186584713,-3.158291543,-3.450542015
4.34741,5.85992,1.347910595,1246.22,0.521,0.454109649,17.30373732,1.789131599,-3.394937324,-3.706204978
6.65142,6.81125,1.024029455,1220.26,0.61322,0.485261417,11.80537015,0.414826771,-3.10840387,-3.320960608
3.98756,5.44503,1.365504218,318.222,0.4934,0.334272784,19.3615274,0.880868292,-3.854788751,-4.582662486
7.11095,9.13708,1.284930987,2263.13,0.67358,0.819231097,16.95067005,1.683801994,-3.883906931,-3.959909196
8.47609,13.69253,1.615429992,2840.61,0.75202,1.100214917,11.07022231,0.523615703,-3.525275551,-3.49682798
7.52617,8.234,1.094049164,2684.93,0.7102,0.827693588,12.10331535,0.792522408,-3.543452715,-3.580085018
13.01,37.34,2.870099923,4170.37,0.83,2.075,10.29217398,0.806479756,-3.503255252,-3.465045519
4.77812,5.63795,1.179951529,939.666,0.56304,0.353917329,15.80926286,0.987860389,-3.739378964,-3.997147279
4.58752,5.76004,1.255589076,899.505,0.54104,0.438316212,15.9294946,0.803501677,-4.052218588,-4.197312831
4.63008,4.9883,1.077367994,533.788,0.4817,0.37430745,22.01844795,2.023602879,-3.638215371,-4.471708988
14.41981,17.65359,1.224259543,2507.2,0.7468,1.084002973,12.46692005,0.939459327,-3.878177289,-3.85132621
5.76726,7.81236,1.354605133,2249.44,0.66866,0.759941947,12.66541236,1.095603398,-3.488487996,-3.591829258
4.56878,5.00131,1.094670787,481.095,0.49172,0.341053011,20.46407582,1.408844598,-3.456617403,-4.211278484
4.47094,5.37118,1.20135363,678.242,0.52104,0.386049923,19.63416895,1.375731263,-4.078120944,-4.444810612
4.3746,5.22265,1.193857724,659.957,0.51326,0.378968664,19.67995487,1.283363065,-4.111352327,-4.52439534
4.25116,5.28891,1.244109843,677.435,0.52228,0.43018582,19.15422485,1.233615133,-4.169163993,-4.538037021
9.22584,21.49816,2.330211666,4397.57,0.8236,1.765109301,10.78675153,0.785370067,-3.547773698,-3.471982791
10.2733,24.28264,2.363665035,4718.11,0.84228,2.076929336,10.77973769,0.812520414,-3.425683941,-3.459684483
6.66271,20.08724,3.014875329,3621.71,0.78226,1.308488128,12.08570187,0.882453473,-3.680953076,-3.674631818
5.00118,7.04018,1.407703782,993.397,0.5278,0.471725938,17.57928914,1.295408855,-4.024708233,-4.211279207
4.99085,7.11877,1.426364247,1000.3,0.52832,0.474076201,17.35452276,1.321699279,-4.072947695,-4.180807312
5.15865,7.26305,1.407936185,1108.03,0.53866,0.49197187,17.19074951,1.286069228,-3.972561189,-4.125116496
6.50331,13.14331,2.021018527,2183.01,0.71832,0.806825534,18.03703684,0.971387933,-4.09551723,-3.903224255
4.19176,4.51112,1.076187568,558.895,0.5126,0.441630051,19.70433417,1.960197103,-2.55350828,-3.209675179
6.88405,13.38268,1.944012609,2599.37,0.74416,0.925251063,11.22294628,0.616995239,-3.838406771,-3.791490988
7.05231,10.69503,1.516528627,1559.11,0.6553,0.671804214,15.86953137,1.078056473,-3.773768822,-3.893993756
6.49977,8.08211,1.243445537,1022.26,0.60514,0.376576745,9.688450915,0.175684455,-3.515373115,-3.51958752
3.95101,5.22384,1.32215307,532.984,0.47686,0.360152562,21.71383394,1.697814228,-3.900691074,-4.726655894
8.06587,8.3258,1.03222591,952.915,0.5303,0.4397436,15.01815926,0.886238767,-3.524110015,-3.644600475
3.95884,5.34498,1.350137919,586.029,0.48884,0.396033508,21.22136057,2.127946424,-4.786644955,-5.815731344
4.48097,5.33865,1.191404986,1010.19,0.56926,0.429636674,16.39823315,0.946867779,-4.203703713,-4.221448047
4.48289,5.30607,1.18362708,1009.61,0.56666,0.418474127,16.54359073,0.956788516,-4.21181489,-4.204065838
4.52403,5.30653,1.172965254,971.658,0.56692,0.414073171,16.35969971,0.938111489,-4.140006343,-4.196740562
4.57646,5.32227,1.162966572,965.763,0.57162,0.41520727,16.32532079,0.929713556,-4.099165382,-4.18204387
4.55872,5.30179,1.162999702,939.764,0.5688,0.406436676,16.5089927,0.956062346,-4.108899911,-4.212536805
8.28295,10.33934,1.248267827,3457.73,0.78204,1.248009192,8.181060556,0.437797404,-3.303786629,-3.371437868
7.75871,10.01013,1.290179682,3208.81,0.76924,1.145477965,8.444465991,0.483742394,-3.242517065,-3.275727596
4.32637,5.3293,1.231817898,400.24,0.4537,0.340758878,17.97700331,0.664079033,-4.865330975,-5.18622116
4.41255,5.28683,1.198134865,416.394,0.45598,0.335976068,18.07520193,0.688173896,-4.769033306,-5.072802688
11.06843,16.90888,1.527667429,4987.42,0.86814,2.398627366,6.707932614,0.444847646,-3.262963296,-3.228567566
3.89595,5.1171,1.313440881,651.502,0.53102,0.482057427,23.03336234,3.054390177,-4.496582147,-5.760497883
3.95776,5.19184,1.311812743,685.492,0.53212,0.489571354,22.57668433,3.010599675,-4.355105765,-5.68043489
6.73421,7.4185,1.101613998,882.806,0.51014,0.449134113,15.97492531,1.297864958,-3.431805354,-3.842353001
4.11889,5.43641,1.319872587,1055.38,0.51632,0.468517191,20.01237415,2.381388679,-4.711931859,-5.258520512
4.73515,6.86808,1.450446132,1109.09,0.57404,0.456025231,16.28546782,1.201118601,-3.776861199,-4.025656585
4.77027,6.82109,1.429916965,1103.25,0.57436,0.459782261,16.39698282,1.232562303,-3.782378401,-3.730730426
6.84646,12.82981,1.87393339,2426.47,0.71776,0.898257698,17.67196663,0.91307616,-4.056086704,-3.871783512
6.57481,11.59694,1.763844126,2074.45,0.68832,0.794466253,20.77737396,1.067447876,-4.287747641,-3.922737607
5.58584,7.07783,1.267102173,2925.33,0.7039,0.899018475,13.16073864,1.24751148,-3.69069627,-3.723061714
3.9573,5.81598,1.469683875,1683.97,0.63652,0.65633813,17.77386684,1.921340129,-4.516354764,-4.570483384
4.28704,4.9863,1.163110211,759.342,0.54882,0.548973164,18.41573046,1.373399294,-3.617470324,-4.166419186
3.8062,4.97187,1.306255583,833.619,0.56414,0.591974027,17.73464858,1.40939319,-4.353849493,-4.605606925
5.88445,9.14666,1.554378064,1441.13,0.58864,0.634728938,15.79251664,2.057221557,-3.325139202,-3.609130678
7.96955,9.30653,1.16776104,3725.15,0.75678,1.183539483,12.06806079,0.99245864,-3.579439234,-3.564560396
4.17837,8.81434,2.10951639,1700.55,0.7024,0.607591433,10.07042629,0.316048346,-4.03259211,-4.018846774
4.17886,8.8325,2.113614718,1746.77,0.70274,0.618184697,10.02261007,0.311958412,-4.012297825,-4.016552192
6.7436,16.39277,2.430863337,2266.17,0.73098,0.935599312,13.70746811,1.063170091,-3.920778852,-3.921551412
6.72913,9.10665,1.353317591,3267.6,0.72394,1.149844822,11.30974481,0.726907858,-3.70457545,-3.713371894
4.0904,4.87799,1.192545961,607.065,0.51416,0.429709243,20.09760725,1.989455199,-4.186982176,-5.238815638
4.91539,5.9099,1.202325756,778.768,0.52664,0.408590137,20.37236344,2.100118484,-3.432618708,-4.136576663
4.53903,7.47107,1.645961802,1136.56,0.58078,0.530552587,17.7699297,1.349258398,-4.089685771,-4.256028523
3.81576,4.39347,1.151401032,284.731,0.42546,0.240477496,21.67419676,0.848041743,-3.763930479,-4.278596745
4.01306,9.64217,2.402697692,1518.61,0.60408,0.627294931,14.98004882,1.251848945,-4.028479626,-4.071078816
6.60227,9.41161,1.425511226,3568.49,0.74736,1.100719615,11.56770693,0.861617332,-3.433561189,-3.480593557
4.54083,6.0596,1.334469689,1007.99,0.57734,0.498467489,18.05806276,1.858170717,-3.438818609,-3.992880659
4.62522,6.19749,1.3399341,1077.49,0.585,0.517657886,17.37405339,1.69063954,-3.39420678,-3.954419193
4.0026,5.10912,1.276450307,898.115,0.56728,0.526341183,21.1279943,2.000963373,-4.605394066,-4.737162405
4.03954,6.93984,1.71797779,1902.96,0.6427,0.74357055,17.82032642,2.778808125,-4.02064717,-4.184423425
4.16129,6.81689,1.638167491,858.215,0.54328,0.404732106,14.06995236,0.410238911,-3.790226265,-3.872169572
5.11086,7.30118,1.428561925,725.718,0.61272,0.586576295,15.83075362,1.667159879,-3.943452901,-4.44277723
6.83417,7.97254,1.166570337,870.173,0.54492,0.485499693,23.40527726,1.046959891,-4.345771899,-4.683319419
6.01065,7.7256,1.28531856,1350.37,0.59506,0.573131971,13.6847426,0.702596964,-3.769213632,-3.491366196
4.22172,5.40132,1.279412183,710.914,0.5336,0.349452507,19.31037018,1.694102153,-3.760501786,-4.243818453
5.4291,5.81277,1.070669172,1258.22,0.58546,0.536887764,15.39967949,1.208353012,-2.875261634,-3.274226652
4.23405,6.48565,1.531783989,1081.65,0.56556,0.467950256,15.15114719,0.979566315,-4.022295456,-4.118201212
4.91611,6.99233,1.42232985,1727.16,0.61002,0.692571,21.81153836,2.402893328,-4.402192659,-4.211123138
10.68501,11.21967,1.050038325,2579.13,0.77842,0.808520406,6.946414619,0.185802382,-3.273542321,-3.168317517
3.97231,6.12654,1.542311652,1214.84,0.5539,0.511974415,17.92698571,1.726740336,-4.657140646,-4.488958889
5.54572,6.25511,1.127916664,2625.19,0.70148,0.764760906,12.69051936,1.463396847,-3.286396363,-3.40716732
6.59647,8.11138,1.229654649,3012.51,0.6908,0.941290609,13.40104656,1.488918937,-3.580356784,-3.675903024
6.8566,12.38418,1.806169238,2122.63,0.72552,0.803296803,11.20352215,0.560495693,-3.621871641,-3.575990528
