PLD,LCD,LCD/PLD,ASA,Porosity,Pore volume,Qst CO2,N1bar_CO2,log_D0_CO2,log_D1bar_CO2
4.3226,11.39486,2.636112525,1334.33,0.66554,0.701213538,22.93641742,1.478861023,-5.29026551,-4.877982858
4.5108,11.27344,2.499210783,1339.03,0.6655,0.679589938,22.58132419,1.487568728,-5.317268751,-4.76580968
7.83744,9.47418,1.208836049,3724.87,0.73276,1.226924835,15.2352806,2.782973087,-3.693901825,-3.784894244
13.71867,18.8079,1.370971093,2380.22,0.75256,1.115943598,27.77139882,2.653716691,-4.677213667,-4.250323904
3.9715,4.73097,1.191230014,316.992,0.47138,0.247260558,43.43946923,3.710694967,-5.419029942,-6.385333141
3.92183,4.69665,1.197565932,272.424,0.46724,0.237223424,32.93899189,3.135664774,-4.745609564,-5.878926543
3.82431,4.33176,1.132690603,290.352,0.44506,0.330504006,28.27665773,1.5820133,-3.926853841,-5.191578273
4.03039,5.07969,1.260347014,988.368,0.61912,0.534493624,23.32442884,4.851972245,-3.834844725,-4.335382936
8.27985,8.50423,1.027099525,977.119,0.58898,0.525537155,20.03166121,2.212527195,-3.927554422,-4.077428982
5.74044,6.1865,1.077704845,660.873,0.48676,0.374004979,20.93799147,2.1051262,-4.094146683,-4.835217796
6.10482,6.86398,1.124354199,840.2,0.51508,0.422643615,20.7906238,2.268391272,-3.962028219,-4.435798246
4.17956,5.49574,1.314908746,753.406,0.53518,0.407498496,21.51779445,1.626867812,-4.525468867,-4.788971725
3.73403,5.10081,1.366033481,365.94,0.46902,0.270305161,21.5778089,1.043043489,-4.657791026,-5.265477005
7.03071,8.25776,1.174527181,1635.07,0.64752,0.588151943,17.56302954,2.538211423,-3.896600242,-4.030017864
3.78801,6.08481,1.606334197,934.503,0.53896,0.476336094,25.20184847,4.485914183,-4.290378694,-5.158415009
4.65537,7.1439,1.534550422,1317.57,0.60312,0.524798998,22.24444074,3.960547813,-4.244594916,-4.465684209
3.89327,5.20085,1.335856491,919.536,0.5576,0.48294618,25.63762316,4.652521338,-4.401707874,-5.033262195
3.94888,5.20115,1.317120297,859.911,0.55324,0.439246697,25.70976237,4.307601668,-4.286080924,-4.928243663
5.53552,8.42183,1.521416236,2318.74,0.68256,0.790538921,17.76456526,3.186005333,-3.902431597,-4.035372076
4.98474,7.43431,1.491413795,1258.54,0.5899,0.544017559,20.95922899,3.41483694,-4.181572145,-4.50915793
10.4443,11.38761,1.090318164,982.267,0.57586,0.560256847,29.34170707,4.1657006,-4.960804858,-4.829426014
5.80535,7.28268,1.254477336,601.112,0.50044,0.430615669,20.81429761,1.749331089,-4.24345085,-4.53352166
4.59021,6.64699,1.448079717,929.278,0.5298,0.478638347,25.10362763,4.295711418,-4.033962878,-4.826704655
5.43889,6.29847,1.158043277,664.428,0.50736,0.455742594,27.64855422,3.206988496,-4.793401798,-5.279110932
6.88163,13.37732,1.943917357,2601.94,0.74408,0.925151595,42.02649469,5.775718151,-6.345153086,-4.700574775
5.0609,12.13124,2.397051908,2130.9,0.69536,0.765209889,19.94427029,2.505635712,-4.126648825,-4.115171689
8.11021,14.70209,1.812787832,3347.01,0.81698,1.299772813,10.07865906,0.554187323,-3.757019886,-3.76276815
15.85622,20.5205,1.294160903,4866.62,0.89086,3.019843933,8.929412146,0.707039247,-3.381429425,-3.425932758
10.92309,21.62414,1.979672419,4183.97,0.85002,1.951346053,17.16940309,1.799578952,-3.926501952,-3.793853285
6.60024,18.23438,2.762684387,3371.44,0.76974,1.223263849,16.88711633,2.760811098,-3.833244729,-3.871751591
6.71346,18.07263,2.691999357,3391.08,0.77286,1.223576721,16.38352944,2.313629152,-3.89536266,-3.845937308
13.33904,27.33782,2.049459331,6255.09,0.89344,3.741733919,8.929177775,0.991871007,-3.406342876,-3.416432583
12.17426,24.55082,2.016617026,4551.51,0.87,2.304165773,14.60029204,1.482609822,-3.742767592,-3.646029554
9.07611,10.5421,1.161521841,3367.6,0.73488,1.162643159,18.88460643,3.03768807,-4.012081589,-4.076279474
8.80719,10.21446,1.159786493,3268.72,0.72402,1.104803933,19.96851466,3.473871794,-4.102090754,-4.170461799
8.70819,10.15021,1.165593539,3321.14,0.72628,1.106682026,19.98926766,3.659311267,-4.040096627,-4.141228296
4.10445,5.76724,1.405118834,869.785,0.50398,0.398898237,26.55732116,3.824127608,-3.899237436,-4.490000016
5.00855,5.72682,1.143408771,774.948,0.49644,0.387655979,23.44267981,3.099890012,-4.464398322,-5.022666386
3.91364,4.43355,1.132845637,405.691,0.48232,0.389712596,33.21101183,4.840222542,-3.720366626,-5.217811602
3.76596,5.54673,1.47285951,215.634,0.46628,0.284671176,28.61836196,1.903470685,-4.60157718,-5.162189594
3.76943,5.50949,1.461624171,213.902,0.46626,0.284658966,28.15597983,1.888984959,-4.608625024,-5.060162342
3.85295,5.48974,1.424814752,203.839,0.44944,0.261885478,30.13824304,1.87696661,-4.275231444,-4.663955159
3.86825,5.46006,1.411506495,183.716,0.45158,0.265549381,29.17280454,1.818413849,-4.356132636,-4.558608751
3.85093,5.42762,1.409430969,187.69,0.45174,0.265643468,29.2269261,1.825699248,-4.193448822,-4.621601929
3.82956,5.38842,1.407059819,185.373,0.45112,0.258224051,30.23106025,1.821880849,-4.072087961,-4.611788057
4.9065,10.017,2.041577499,1816.8,0.67828,0.65297085,21.061931,3.366497286,-4.157234548,-4.29828101
5.30365,5.97541,1.126659942,753.379,0.53846,0.442590477,23.28649283,3.22331774,-3.461359084,-4.367325337
5.31331,5.9443,1.118756481,687.652,0.52528,0.407838753,23.75503521,3.111298514,-3.354528166,-4.465985076
5.29096,5.93338,1.121418419,677.01,0.52144,0.396312313,23.98176548,3.10733466,-3.357946955,-4.41188487
17.12424,25.68553,1.499951531,3165.13,0.84016,2.087006635,10.7368373,0.814482913,-3.385770757,-3.396969808
5.37167,7.3314,1.364826953,1146.88,0.55594,0.546738393,23.47724891,3.277682523,-4.380414703,-4.48891145
5.08524,7.14066,1.404193312,876.407,0.5421,0.409797029,22.75035434,2.565994868,-4.261541756,-4.483365684
4.52097,6.3306,1.40027472,965.88,0.55848,0.497651996,22.71075062,1.907649499,-5.026756067,-4.979180937
4.7481,6.43864,1.356045576,1003.43,0.5662,0.502958054,22.98601793,1.903897446,-4.941378181,-4.829405883
6.81408,8.80212,1.29175472,1422.51,0.62122,0.586228048,36.12068606,5.991202394,-5.366014119,-4.881108865
6.54754,8.32882,1.272053321,1419.5,0.61562,0.591504367,43.61574576,6.869181507,-6.287134231,-4.989819943
6.74118,8.79334,1.304421481,1353.64,0.61642,0.563043478,27.41935533,5.385992167,-4.819535059,-4.814153411
5.81418,5.92566,1.019173813,308.504,0.4119,0.244852102,19.72032581,0.785148005,-3.178775355,-3.885915103
8.61929,9.08566,1.054107705,2493.39,0.71372,0.936779339,22.71419378,4.242509081,-4.119495823,-4.32518816
4.95529,7.35231,1.483729509,1409.83,0.58552,0.610461631,20.93280283,3.581900646,-4.178093381,-4.452599472
4.7743,5.96671,1.249755985,1528.32,0.58902,0.613754298,28.92961221,5.159372414,-4.862002141,-4.529525757
4.58891,5.43312,1.183967435,1352.46,0.62754,0.452636666,42.60934596,8.323880831,-5.390195988,-6.182857143
6.25183,6.77693,1.083991407,648.222,0.51648,0.291475493,44.79933567,4.625791777,-6.107039722,-5.711889211
6.85619,10.92956,1.594115682,2101.19,0.68816,0.689283532,16.77690101,2.281708581,-3.814134503,-3.907083231
8.71559,12.6138,1.44726863,3274.82,0.75884,1.30010708,18.75760397,2.06299888,-4.06162584,-4.009172244
4.90729,5.63222,1.147725119,794.401,0.55474,0.385857771,20.44077693,2.494490675,-3.719674823,-4.205260963
5.90611,6.16099,1.043155309,1902.44,0.66248,0.611973802,15.34980479,2.170836244,-3.571393707,-3.796389034
8.64841,12.48057,1.443105727,3204.15,0.7613,1.185437785,21.53530974,3.333130426,-4.292289781,-4.11227978
8.32661,13.59793,1.63306916,2502.53,0.73366,0.983318724,28.38406213,3.775948324,-4.965100618,-4.267530646
4.54136,8.31511,1.830973541,870.726,0.62074,0.521472496,30.25631709,5.030346023,-5.016592772,-4.660580971
4.11181,6.0722,1.476770571,1071.12,0.59632,0.512060453,22.54943818,3.088223147,-4.837920716,-5.087254928
3.90831,4.44036,1.136133009,156.183,0.40324,0.179223354,28.54793816,0.989722821,-4.242025405,-4.789059109
4.32303,5.2765,1.220555953,619.682,0.51092,0.373689869,25.81413512,3.341609777,-4.425282222,-4.938977995
4.89301,7.12611,1.456385742,357.969,0.42696,0.215210291,21.81823316,1.18419807,-4.118356854,-4.347433045
4.85632,5.15455,1.061410698,288.927,0.42748,0.218491089,23.18301798,1.361263793,-3.810713735,-4.496706205
9.1997,9.48255,1.030745568,928.923,0.5582,0.488329776,16.69000742,1.651327598,-3.329355568,-3.581635671
5.31262,5.94406,1.118856609,1651.78,0.585,0.631851129,22.72358231,5.65055979,-3.725039133,-4.191777564
3.80044,4.84557,1.275002368,634.174,0.49344,0.428850783,26.97146381,3.512988821,-4.511220456,-5.285049088
4.38484,5.04792,1.151221025,636.56,0.50342,0.385830453,25.1285288,3.531649984,-4.171134528,-4.983220359
14.56862,19.86541,1.363575273,5239.13,0.8979,3.268954219,17.1114033,2.020675025,-3.778125425,-3.682281717
7.13825,18.06508,2.53074353,3583.27,0.78558,1.307595767,17.39710845,2.573086647,-3.831373768,-3.815408454
5.01976,7.8603,1.565871675,1901.19,0.63848,0.651621246,35.62246685,7.415598708,-4.667525013,-4.622018725
13.37911,18.75501,1.401812976,3444.39,0.83558,1.961704066,10.31615345,0.65579269,-3.527397741,-3.519287521
3.73291,6.8318,1.830153955,952.744,0.53344,0.50715902,23.8282627,4.263731788,-4.529813865,-4.775810829
3.71719,6.8305,1.837543951,939.238,0.53354,0.506132903,23.96932654,4.303306579,-4.605383282,-4.778621859
6.0951,6.93247,1.137384128,581.981,0.45062,0.308821514,21.51816943,2.425135511,-3.432504127,-4.045756442
9.17864,11.03089,1.201800049,1154.62,0.60242,0.597959224,26.45376394,2.356541648,-3.718310526,-3.920079854
11.07263,11.39418,1.029040074,1175.97,0.6096,0.620543281,26.6155324,2.116697654,-3.607301945,-3.851361848
9.50667,11.07211,1.164667544,1172.55,0.60696,0.613756742,26.62702444,2.132419942,-3.536072327,-3.905268849
10.87494,11.21563,1.031327989,1159.15,0.60852,0.617172136,27.18553062,2.068195623,-3.557099372,-3.86853926
4.48972,4.82905,1.075579323,521.72,0.46842,0.40045481,27.03831967,3.36004325,-4.231066565,-6.193122739
3.78436,4.74814,1.254674502,286.858,0.4586,0.352002947,30.7436706,2.009907667,-4.671130217,-5.690590064
8.78636,9.98598,1.136532079,3028.97,0.7058,0.914761777,18.15251628,2.829739134,-3.732837405,-3.877302268
6.10595,6.92762,1.13456874,1008.65,0.59186,0.411511132,30.48220371,6.701011904,-4.494352767,-5.493837107
4.44244,5.09322,1.146491568,299.59,0.40752,0.271714417,24.47944288,1.185918919,-4.480871278,-4.99314552
4.98752,7.28969,1.461586119,2849.13,0.69504,0.833652182,19.33620764,4.900209063,-3.958276212,-4.150085326
5.88473,7.80429,1.326193385,2759.46,0.70156,0.876048765,17.9532225,3.870789538,-3.92925111,-4.019466032
7.08849,11.39005,1.606837281,4048.27,0.7795,1.333230711,15.75840205,2.717306912,-3.824077189,-3.833383603
7.02092,8.26528,1.177236032,3489.57,0.744,1.093538715,16.27944456,3.193748164,-3.580038558,-3.704569855
4.07573,5.65344,1.387098753,1053.2,0.62164,0.617153296,23.8374881,6.532076423,-4.215163411,-4.577668481
11.06312,12.00094,1.084769938,993.47,0.5942,0.615459829,29.86738053,4.348834208,-5.255754006,-4.87906195
4.06272,5.40727,1.330948232,791.432,0.50734,0.38716127,25.09082261,3.552443104,-3.794504602,-4.590615638
3.80274,4.93858,1.298689892,458.737,0.48374,0.323396688,26.36775625,2.400775114,-4.711750148,-5.246876174
5.37606,5.6853,1.057521679,1420.93,0.60772,0.564863785,18.07880448,3.009316054,-3.793280626,-4.228554532
5.13016,6.30636,1.229271602,1365.99,0.6208,0.564071345,18.06682129,2.899580903,-3.769216706,-4.294991267
6.30843,7.60741,1.205911772,2136.04,0.66196,0.76818991,17.60616376,3.708345212,-3.775856691,-4.026491661
9.80847,15.56875,1.587276099,1591.32,0.71824,0.924093938,20.8331126,3.637151221,-4.424383678,-4.14560319
5.59471,9.38154,1.676859033,1604.12,0.68288,0.65523561,22.88351681,4.097158341,-4.238840018,-4.420054456
10.59979,11.41407,1.07682039,1224.38,0.64844,0.540497287,25.46994035,6.044080637,-4.246620843,-4.64996285
10.7235,11.51533,1.07384063,1224.91,0.65144,0.543410077,25.75933592,6.353835708,-4.419653686,-4.810416249
5.62446,9.38408,1.668441059,1646.23,0.68264,0.656649801,22.73818466,4.03434874,-4.245874204,-4.388375805
10.54479,11.3608,1.077385135,1223.85,0.64786,0.5401399,24.97272705,5.828144542,-3.987656543,-4.362540117
5.3868,5.98273,1.110627831,1847.56,0.6472,0.547657731,18.33318363,3.855124057,-3.739068044,-4.078655486
4.26368,5.82193,1.365470673,729.385,0.50118,0.429835846,28.57724398,4.186233618,-3.705758626,-4.477833873
4.05664,5.44423,1.342054015,634.137,0.49082,0.409200807,29.97785097,4.096166602,-3.670904381,-4.654925501
4.25745,5.78749,1.359379441,712.146,0.50502,0.425889695,28.61331294,4.076402536,-3.754405195,-4.437050509
4.30595,6.18036,1.435306959,1065.24,0.58002,0.495756301,24.9506172,4.787492092,-4.424984645,-5.39862252
5.15676,8.28593,1.606809314,2399.39,0.68804,0.803629203,20.17962274,2.96662433,-4.133583721,-4.100977456
5.0837,6.42024,1.262906938,468.517,0.45748,0.257256931,21.70002745,1.563617385,-3.624144693,-4.359117097
4.61254,5.76705,1.2502981,732.709,0.51364,0.337698882,21.73774584,2.298937087,-4.112397893,-4.542358736
3.6686,4.13262,1.126484217,208.084,0.50456,0.287244883,27.94830975,1.852022874,-5.534451075,-6.120103187
3.66327,4.14952,1.132736599,200.263,0.5075,0.290222227,27.93456984,1.872859914,-5.244590086,-5.937964137
7.73483,9.7655,1.262535828,2462.86,0.6857,0.942650502,19.61480238,3.022511204,-4.169552545,-4.109905004
4.32918,9.00116,2.079183587,2201.56,0.67476,0.751965836,22.84900076,7.558887351,-4.427245838,-4.40737757
5.9183,9.52144,1.608813342,2338.43,0.67852,0.81880011,21.3072881,3.436485352,-4.417400599,-4.347817271
4.73321,7.16113,1.512954211,802.611,0.52734,0.458217839,25.58212455,3.04426101,-4.72766383,-4.873463625
5.70377,6.40025,1.122108711,1486.93,0.63598,0.523405866,18.08773694,3.397506429,-3.760912898,-4.100779362
5.8507,10.41989,1.780964671,2819.8,0.72036,0.921342595,19.22195903,3.763773555,-4.072618798,-4.091114949
5.75428,10.54748,1.832979973,2566.31,0.70918,0.858693059,20.38551552,5.988144745,-4.023199309,-4.210617168
8.16815,10.52737,1.28883162,3199.82,0.73192,1.01319793,21.69799952,6.516830662,-3.93372043,-4.100279365
8.1108,10.25531,1.264401785,3116.86,0.72418,0.964116874,25.35800555,7.379178349,-4.177828195,-4.187719603
7.74023,10.53968,1.361675299,3229.25,0.74936,1.089765777,23.13071794,5.466235871,-4.12114117,-4.052749869
3.88543,4.88713,1.257809303,381.56,0.4621,0.280352853,21.23021768,0.886766544,-3.957582973,-4.362504793
3.95303,4.75824,1.203694381,381.422,0.4557,0.274075589,21.40049403,0.9242071,-3.865984488,-4.325868916
4.01813,5.12784,1.276175733,475.366,0.48134,0.302214465,20.43594708,0.959056496,-3.961948887,-4.405786796
4.03284,5.13844,1.274149235,481.538,0.48386,0.304450415,20.38698476,0.956100008,-4.000954237,-4.477426012
3.79229,4.92972,1.299932231,350.543,0.45268,0.2701277,21.46817905,0.856212327,-3.94005527,-4.459571756
3.97372,5.2478,1.320626516,473.694,0.47784,0.299558035,20.03255027,0.850685117,-4.055209569,-4.41516882
3.91943,4.9438,1.261356881,421.057,0.46968,0.291739392,20.02432374,0.780981214,-4.012015473,-4.398262733
4.08689,4.75983,1.164658212,427.97,0.50594,0.326311852,26.06289622,3.022713941,-4.426997346,-4.83382707
5.06381,7.08528,1.399199417,939.267,0.5264,0.473057982,21.82952171,3.864537852,-3.428846923,-4.253127262
13.69556,13.96867,1.019941499,1519.32,0.68178,0.791265877,25.21239339,2.461661818,-3.278979887,-3.719941963
7.69493,9.54888,1.240931366,1932.37,0.6774,0.781542942,17.82928194,3.114610625,-4.200590579,-4.336685394
7.73922,9.60606,1.241218107,1897.81,0.677,0.782209528,17.4144678,3.058778001,-4.054812349,-4.282235972
4.20115,4.7399,1.128238697,246.312,0.39348,0.22381616,28.01941684,1.457346254,-3.550129908,-4.408280024
7.17951,9.42302,1.3124879,4347,0.78436,1.410151306,13.38736122,2.221327882,-3.596941902,-3.613416311
4.68679,4.84155,1.033020468,444.782,0.46642,0.332092076,31.19066357,2.477421183,-5.460994289,-5.770638603
4.57423,4.8139,1.052395704,437.041,0.4677,0.332951285,31.98055074,2.602134497,-5.33142246,-5.840468421
4.26622,4.77305,1.118800718,588.744,0.4922,0.367895476,33.50782427,3.303195961,-5.126636031,-5.388869302
19.54,37.53,1.920675537,6207.17,0.93,5.8125,8.585340112,1.070269835,-3.21297154,-3.233668256
3.64311,5.44587,1.494840946,266.702,0.5475,0.418875806,28.06161081,3.984757278,-4.644136474,-5.263820732
3.91316,4.51878,1.154764947,251.96,0.47356,0.391397778,29.05815782,2.324146527,-4.294698601,-5.304066991
4.98141,8.08398,1.622829681,1687.67,0.61126,0.667867078,22.09599973,4.108602134,-4.180109062,-4.372157189
4.88927,8.10638,1.657993934,1730.84,0.60644,0.671822431,25.26988856,4.491945451,-4.30021778,-4.395999853
4.97897,7.89565,1.585799874,1727.98,0.60914,0.671399552,21.34263351,4.256217824,-4.268769291,-4.526376418
6.22752,7.54994,1.212350984,2625.77,0.71052,0.886758897,15.40761564,3.58826054,-3.545017729,-3.821990501
6.80894,7.00959,1.02946861,793.947,0.59612,0.35115664,18.15924061,1.830792693,-3.508062361,-3.980149028
4.28231,5.87217,1.371262239,2218.57,0.65652,0.687788949,21.47205751,6.753855941,-3.692031213,-4.198417939
4.06042,6.33732,1.560754799,1600.82,0.62358,0.526414425,23.4730537,4.800143944,-3.999108875,-4.230479722
6.45442,6.88379,1.066523406,867.384,0.5708,0.352076189,30.36410496,4.89929403,-3.862562429,-4.796462087
10.76844,25.42698,2.361250098,2429.07,0.83658,1.279013946,15.26040761,1.15569377,-3.740637693,-3.772644442
5.68454,5.83174,1.025894795,345.079,0.41258,0.271671923,21.65227565,1.094368296,-3.384747502,-4.296418113
4.38571,5.73292,1.307181733,719.362,0.52164,0.425425719,25.35817338,3.755742119,-4.205702117,-5.045882578
5.25081,7.26399,1.383403703,1762.91,0.59932,0.621823803,24.07474846,5.265411863,-4.198135746,-4.306639918
5.5873,6.57451,1.176688204,1582.38,0.60734,0.646685648,21.26296375,5.946561749,-4.1762165,-4.895962707
6.93274,11.69294,1.686626067,2124.14,0.69224,0.973746104,27.54942519,4.353966939,-4.882667205,-4.520368753
7.39815,11.84006,1.60040821,2048.29,0.70204,0.953172308,27.59237097,4.006715283,-4.822624975,-4.605793632
7.36492,11.84801,1.608708581,2067.8,0.70488,0.961580699,27.7198329,4.078232887,-4.777157563,-4.540878455
6.70311,11.79938,1.760284405,2122.86,0.70388,0.958588456,26.19382886,3.884618149,-4.855472995,-4.545479274
7.13512,11.94166,1.673645293,2232.87,0.71434,1.007329985,25.20752809,3.779806607,-4.736746341,-4.523263412
6.91892,12.04076,1.740265822,2134.58,0.70596,0.967361352,27.08522406,3.846067208,-4.830090702,-4.525874505
4.52481,10.64181,2.351879968,2211.32,0.67086,0.750713382,20.97199709,4.464951113,-3.974129201,-4.209252708
7.28684,8.54501,1.172663322,1113.55,0.59522,0.600661998,21.50914601,3.680797363,-4.195383572,-4.40876654
4.40002,8.03493,1.826112154,573.552,0.48206,0.419649697,37.28972208,2.664235315,-4.685251411,-4.426012106
4.27216,9.42427,2.205973091,1474.96,0.61826,0.629302369,25.23771253,3.341872476,-4.526658569,-4.436522798
4.5072,7.01648,1.556727015,804.887,0.5435,0.512571439,19.96102384,2.179281595,-4.05870343,-4.32340114
10.50387,10.88001,1.035809659,981.784,0.59548,0.498831414,23.49976008,2.44640147,-3.239301067,-3.883577867
5.9875,6.82031,1.139091441,825.578,0.5077,0.432210171,19.85870558,2.911935072,-3.642643167,-4.441507039
6.12106,6.83308,1.11632299,793.258,0.50646,0.425850718,20.61262471,3.161947412,-3.687763352,-4.537886651
8.80996,17.2872,1.962233654,4741.45,0.84252,2.197547673,12.24127284,1.383737527,-3.646154534,-3.636289842
5.62993,8.06476,1.432479622,2869.72,0.70336,0.938611779,37.34792273,8.170953617,-5.417219623,-4.7425741
8.65235,9.6188,1.111697978,2701.78,0.67854,0.903923342,20.40933331,4.788631086,-4.036071646,-4.115286208
3.94175,6.41608,1.627723727,692.797,0.58084,0.345557089,20.45371555,2.394564078,-4.290110772,-4.660555329
4.3641,6.81111,1.560713549,1052.63,0.61502,0.409800237,18.3831581,2.128898981,-4.00678695,-4.279415096
4.2994,7.85983,1.828122529,896.656,0.6021,0.572817566,21.2643136,3.906818217,-4.646095861,-4.65743626
7.33698,11.74827,1.601240565,1972.76,0.71176,0.738493463,15.22403224,1.352444792,-3.76564397,-3.810958104
11.51164,12.50781,1.086535889,1917.32,0.73012,0.811359838,21.89859831,1.337689886,-4.183550746,-3.940348086
11.17828,12.20276,1.091649162,1798.43,0.71436,0.764480078,21.75890632,1.28352102,-4.106052124,-3.899597751
6.87343,12.16451,1.769787428,2800.76,0.71512,0.923003453,18.96250524,3.871069705,-3.986821701,-4.052141301
5.4451,6.31092,1.159009017,645.76,0.49582,0.445232665,25.86693379,2.640203303,-4.554876294,-4.979359599
4.93668,5.48228,1.11051962,785.597,0.53086,0.447990683,29.14560644,4.102515714,-3.923447847,-4.907433652
4.89759,5.65614,1.154882299,913.914,0.55704,0.500444708,28.44953392,4.787734896,-3.754956645,-4.825057416
4.51467,5.44142,1.205275247,500.175,0.5001,0.275040148,43.97333561,2.929942713,-4.977164373,-5.259714495
4.88169,5.99991,1.229064115,1468.41,0.61502,0.556765614,20.46474644,4.041925787,-4.299317985,-4.43540275
4.20229,5.16583,1.229289268,602.813,0.51252,0.439463575,28.2198386,2.99591026,-4.738660164,-5.836328938
5.24025,7.13491,1.361559086,1971.32,0.64884,0.674984864,22.87648306,3.238936615,-4.444773778,-4.415652664
6.30914,7.54763,1.196300922,1344.47,0.61346,0.603359758,18.01816608,2.875659484,-3.617571306,-3.895942097
5.41267,6.44764,1.19121247,2206.57,0.63174,0.687438315,23.68457453,5.508208534,-4.146603568,-4.2973737
5.21845,6.19215,1.186587972,1780.51,0.62202,0.648383939,21.11894335,6.218864629,-3.853418124,-4.346497138
5.72948,7.70901,1.345499068,1552.97,0.59466,0.591760374,24.97359231,4.275538846,-4.2179928,-4.277968857
6.19226,7.11646,1.149250839,1324.79,0.57908,0.561684627,19.57000374,4.491482433,-3.47191185,-4.065448209
5.75134,6.79615,1.181663751,1173.51,0.5675,0.512350583,20.38100008,2.510656665,-3.823959302,-4.021809333
5.81846,6.76349,1.162419266,1181.72,0.56678,0.509076211,21.14503592,2.720024101,-3.893061852,-4.085380905
9.30306,11.01739,1.184275926,1290,0.65364,0.63489165,20.31605776,1.410454993,-4.59691722,-4.63455749
8.81485,9.37681,1.06375151,1034.7,0.62004,0.60803138,14.40003859,0.422363799,-3.601930924,-3.639378851
11.54677,12.36039,1.070462995,1097.12,0.6806,0.492681444,16.18584487,1.299740938,-3.481537513,-3.540525081
5.30289,5.4946,1.036151985,1395.72,0.6127,0.661818158,23.90859903,5.878038352,-4.23388432,-5.058923125
4.59142,5.47244,1.191883992,1247.91,0.55474,0.538467512,23.25499855,4.318332385,-4.171282988,-4.627723984
9.13066,13.54985,1.483994585,3063.99,0.77418,1.229087353,15.29303207,1.338168988,-3.951157284,-3.911777044
5.06628,5.31376,1.048848465,500.296,0.43594,0.290756538,30.00262048,2.972903416,-4.269346422,-5.802904832
8.54605,20.14565,2.357305422,5410.53,0.8642,2.526442575,10.65147772,1.194433338,-3.553282258,-3.601004497
7.46421,8.75902,1.173469128,2449.21,0.68932,0.89469442,25.410097,5.181770867,-4.254512959,-4.357140379
4.41775,4.76295,1.078139324,485.717,0.47632,0.362347285,33.76697388,4.26585149,-3.048625653,-4.29869423
31.49051,33.05863,1.04979659,2906.63,0.83208,1.799305863,22.27917906,2.758447913,-4.099131571,-3.961456254
4.56338,5.47883,1.200607883,348.291,0.45418,0.217427521,25.44751687,1.314830704,-4.407716937,-5.440669298
4.1969,5.64744,1.345621768,1024.7,0.56064,0.516404768,23.68095481,4.427467354,-4.470722127,-4.927304006
10.45745,10.54661,1.008525979,1438.1,0.66182,0.75013488,15.88927139,1.232005994,-3.660139513,-3.775056224
10.23297,10.35764,1.012183169,1390.52,0.65554,0.733276882,15.87578807,1.236574585,-3.712558572,-3.737826113
10.09526,10.20776,1.011143844,1062.17,0.6163,0.608595185,16.45658304,0.956126851,-3.7781491,-3.787306288
9.95473,10.07029,1.011608552,1045.07,0.61098,0.598126267,16.29612818,0.907325426,-3.752543595,-3.774453399
10.19883,10.32219,1.012095505,1419.53,0.65654,0.734888688,15.85505171,1.225552302,-3.752271199,-3.818278523
10.23127,10.36311,1.012885986,1409.99,0.6572,0.738175655,15.42929318,1.106806529,-3.673780316,-3.740739384
10.2098,10.32563,1.011344982,921.145,0.6122,0.52518251,14.94057429,0.716827778,-3.49388964,-3.587006299
9.78954,9.9082,1.012121101,1055.67,0.6064,0.587750671,16.34898464,0.905335758,-3.775302271,-3.8032885
9.63706,9.77409,1.014219067,1141.74,0.59722,0.60298575,18.81529856,1.893268178,-3.6701792,-3.824173072
9.89092,10.03622,1.014690241,1208.74,0.6104,0.63534888,18.54421091,1.788322034,-3.639551024,-3.765608982
5.16047,6.75364,1.308725756,2935.51,0.6548,0.819826069,21.35439508,8.201860569,-4.00488734,-4.290990044
5.02845,6.64209,1.320902067,2823.58,0.65108,0.805574734,21.58590158,8.416511979,-3.955869774,-4.324655335
5.44633,7.19383,1.320858266,3056.13,0.67,0.874350599,20.58869925,7.563094573,-3.970488966,-4.174595075
5.16957,6.75186,1.306077682,2939.45,0.65506,0.820151595,21.36292229,8.223596755,-3.971827961,-4.282206241
6.03558,10.21454,1.692387476,2563.33,0.68238,0.892734026,17.204075,3.730564703,-4.016987165,-4.106003727
5.96794,8.00306,1.34100879,3061.76,0.68974,0.944800134,16.88037782,5.069601515,-3.863588137,-4.040595979
7.20236,7.55271,1.048643778,545.57,0.44976,0.311709914,19.98689947,2.204298452,-3.947207481,-4.545416387
10.44621,10.53908,1.008890306,645.574,0.5418,0.503681392,16.95875045,0.719202667,-3.778191512,-3.688229952
4.09504,5.33845,1.30363806,174.546,0.60088,0.398464181,27.84865315,2.329620618,-4.840984146,-4.821345775
9.65919,15.53135,1.607935034,1705.48,0.73432,0.998781311,19.62307026,2.461137848,-4.41721494,-4.265111614
4.72091,7.75357,1.642388861,1299.21,0.55784,0.522654874,29.42225967,4.711326215,-5.023459855,-4.842321713
8.62307,10.48182,1.215555481,1495.06,0.61722,0.743258865,16.71612742,1.158302136,-4.148089388,-4.187781469
8.19038,10.02152,1.223572044,1497.27,0.60982,0.7202485,18.05290058,1.344110773,-4.170826233,-4.267430906
8.28637,10.23635,1.235323791,3308.72,0.7734,1.077825285,9.982860032,0.429862779,-3.592841182,-3.590228678
7.89385,9.01955,1.142604686,3220.74,0.77522,1.085800085,8.4121071,0.354148995,-3.465487073,-3.514436419
5.82599,6.17717,1.060278167,4176.69,0.70416,0.940122215,23.98095246,9.328739426,-3.86944623,-4.218565299
6.15688,9.97626,1.620343421,2854.51,0.73308,0.936442545,18.52344081,3.464556581,-3.955715164,-3.932985781
4.74798,5.61731,1.183094706,1045.48,0.54568,0.462526912,19.98982231,2.09852075,-4.344414048,-4.547046243
5.12647,14.73899,2.875075832,2592.56,0.71414,0.965307121,15.52206585,2.643774721,-4.023001691,-4.095145407
9.90606,13.79678,1.392761602,3776.02,0.8154,1.49928566,14.86298026,1.878835165,-3.681173867,-3.721663152
10.18096,11.98539,1.177235742,4102.78,0.77866,1.338704242,17.57559555,3.342627382,-3.823843223,-3.84546736
20.98793,21.72315,1.03503061,4580.18,0.89992,2.918937153,27.89090754,2.382063945,-4.396318536,-3.996395273
10.23686,21.31368,2.082052504,3650.11,0.78646,1.560863887,18.15200924,3.094104606,-4.191600715,-4.056376696
10.09364,21.10286,2.090708605,3623.14,0.78424,1.53250895,18.10099133,3.003212423,-4.307360012,-4.152253751
9.52705,21.88013,2.296632221,3907.44,0.79112,1.677612257,17.15363076,3.083000087,-4.05110085,-3.996853825
5.75458,7.36646,1.280103848,1405.71,0.59344,0.551549793,17.76975221,1.858806209,-4.025565799,-4.165856583
16.92881,18.61448,1.09957404,4498.68,0.83828,1.916112368,13.10115678,1.416378921,-3.674114285,-3.631540596
4.6855,5.54904,1.184300502,344.133,0.4217,0.334125664,26.71909149,1.853870725,-4.174738812,-4.538841198
4.86094,6.48832,1.334787099,816.468,0.51428,0.384370469,25.02594836,2.89744303,-4.085626233,-4.718141357
4.74657,6.37536,1.343150949,775.425,0.5131,0.372189177,32.58357918,3.162685311,-4.461233673,-5.100868929
7.50799,8.31867,1.107975637,1042.15,0.5793,0.436121358,47.2973392,4.199734228,-7.010622377,-4.905587288
6.38588,6.55466,1.026430187,655.426,0.53696,0.387431004,18.82127136,1.465466149,-3.797612662,-4.238360196
5.70379,7.95789,1.395193371,1708.74,0.61892,0.606160325,22.75657565,4.013933848,-4.014832578,-4.179664834
7.16704,7.9618,1.110890968,973.163,0.56886,0.400171645,39.12684307,3.961414161,-5.769184207,-5.027018863
6.80286,8.39634,1.234236777,1923.66,0.64358,0.722106156,26.55270999,4.000483808,-4.531350363,-4.323128479
6.8904,8.30709,1.205603448,1894.26,0.64216,0.715343184,26.73223572,4.008761969,-4.537661628,-4.318811518
6.3971,8.11197,1.268069907,2096.97,0.65336,0.76876826,23.87515362,4.249278298,-4.311415335,-4.313135443
6.47185,8.33004,1.28711883,2086.19,0.65498,0.765836342,23.79587319,4.282490233,-4.285502624,-4.281781461
6.36998,8.09188,1.27031482,2057.4,0.65232,0.753964172,24.11457799,4.321828061,-4.288028689,-4.292045841
6.66,13.15,1.974474474,2177.31,0.72,0.808988764,24.28708292,3.003621665,-4.560920527,-4.037199553
4.49353,7.07757,1.575057917,989.762,0.54344,0.408733651,20.24206966,2.900242011,-4.200833334,-4.554841125
5.10301,7.91374,1.55079845,1994.19,0.64696,0.718710285,21.9676788,4.330335804,-4.305299169,-4.332983053
4.28567,5.96735,1.392396055,1013,0.53236,0.473798505,24.49118347,3.987207946,-4.261326009,-4.848312904
5.02673,6.20221,1.23384586,2051.65,0.63816,0.745231075,23.7041305,6.700141737,-3.904603137,-4.350092498
5.27399,6.55516,1.242922342,1959.6,0.6337,0.738896727,23.9392286,6.4197791,-3.94921578,-4.333233949
5.24121,6.90751,1.31792277,1037.8,0.57342,0.463864486,24.54600089,4.004334766,-4.093670168,-4.418278326
4.21234,5.96594,1.416300678,260.353,0.4552,0.331667225,28.81152386,1.119175142,-4.910763155,-4.918661327
4.22597,5.76843,1.364995492,735.503,0.531,0.438379235,27.68216021,4.162602146,-3.838151746,-5.003024126
4.61744,7.01096,1.518365155,1015.75,0.59098,0.586930182,22.58945435,4.102421616,-4.508124737,-4.607660491
9.99848,15.52711,1.552947048,1685.96,0.74322,0.964864907,21.31840866,2.545957126,-4.126725065,-4.005077096
7.81351,8.36121,1.070096538,1307.06,0.60632,0.678146572,23.40443205,4.164276965,-4.192708352,-4.309527291
10.42327,18.0621,1.732863103,1641.12,0.6993,0.884600886,38.7655857,3.474990605,-5.566117968,-4.818076308
3.85775,4.39053,1.138106409,173.544,0.50834,0.321081853,24.16304497,1.674379703,-4.710992257,-5.281981138
6.12785,12.37213,2.019000139,3656.28,0.76108,1.239727712,22.89793932,3.486400084,-4.173837799,-3.927752857
4.59373,4.92609,1.072350791,329.359,0.42358,0.333501299,26.73231937,1.855320338,-3.742738808,-4.897010472
6.48081,9.47252,1.461625939,1271.45,0.58954,0.516234676,19.99423076,1.401735497,-4.070007494,-4.026634747
4.75385,5.87158,1.235121007,1483.35,0.59392,0.562733319,21.55687201,4.656793835,-4.3501529,-4.551289746
4.04185,5.27797,1.305830251,1042.87,0.59626,0.466268895,21.63363688,2.535705924,-4.191841348,-4.407599053
4.1432,4.67913,1.129351709,546.6,0.5207,0.309340209,40.30032781,4.061589783,-5.158005867,-5.955442477
4.18275,4.72751,1.130239675,582.465,0.52418,0.32001221,36.80423425,3.789325366,-5.024773411,-5.748277581
4.73838,5.90111,1.245385554,3224.14,0.7112,0.833263036,16.18853328,3.162820061,-3.777425117,-3.921228863
5.09371,10.84979,2.130036849,2242.39,0.73102,0.740178225,12.85728303,0.967646172,-3.955548091,-3.960964566
5.10475,10.83424,2.122384054,2220.75,0.7295,0.736265544,12.86805175,0.975673988,-3.979092696,-3.958353598
5.15775,10.83211,2.100161892,2228.38,0.73028,0.736679535,12.8694037,0.987886654,-3.927814748,-3.949922
36.09316,38.39638,1.063813199,4256.39,0.86952,2.628926292,14.86610653,1.895017704,-3.712663401,-3.705591307
4.14527,5.03897,1.215595124,477.729,0.50692,0.401291936,32.66799922,3.432898398,-5.56614016,-6.207625352
4.62411,5.25312,1.136028338,469.405,0.43378,0.317506093,24.07975861,2.181124239,-4.016461863,-5.012662157
5.89987,7.33941,1.243995207,703.164,0.50038,0.431849761,18.4713141,1.62368102,-3.694958095,-4.079102529
5.43293,7.07895,1.302970957,551.249,0.45578,0.368762996,21.19939575,1.667303799,-3.624989887,-4.273804498
5.51917,6.9387,1.257199905,1279,0.56722,0.530990517,23.58787704,4.651459529,-4.166166808,-4.52741595
5.38791,7.02744,1.304297956,557.072,0.47072,0.383097858,19.2764894,1.527405553,-3.636786984,-4.192168303
5.70931,7.08217,1.24045988,593.246,0.4914,0.411485417,21.55521685,2.038409628,-4.201379675,-4.595664309
5.20998,6.82532,1.310047255,521.764,0.45816,0.361481715,19.93148708,1.522116194,-3.70947562,-4.292363898
5.43055,7.07901,1.303553047,578.494,0.47396,0.386656768,19.13636808,1.505206929,-3.663130007,-4.209870847
5.55881,7.01349,1.261689103,564.084,0.48404,0.399481707,21.90694306,2.033254356,-4.233911907,-4.663823386
8.55613,10.88811,1.272550791,2713.4,0.69748,0.993466436,20.84427279,4.868519158,-4.082872905,-4.268215521
8.62628,10.81747,1.254013317,2981.53,0.70756,1.035975689,19.80347584,4.649144974,-3.968332588,-4.174806409
5.51512,5.77667,1.047424172,548.02,0.464,0.322591859,18.84872797,1.127604642,-3.569105964,-4.036493929
5.83562,6.37209,1.091930249,886.13,0.51612,0.387710337,18.44271454,1.711315094,-3.715786248,-4.013563761
3.76343,5.10112,1.355444369,216.26,0.53602,0.389368317,29.43929552,4.47911093,-4.855710861,-5.934011048
31.81617,33.37685,1.049053044,2501.76,0.83682,1.506480881,18.57158822,1.903071081,-4.075915403,-3.962786517
3.77189,6.33537,1.679627455,1377.97,0.63538,0.58187646,20.81778655,3.636719215,-4.141319411,-4.433364777
3.8396,6.40626,1.668470674,1013.26,0.59228,0.482371625,23.6567843,4.017592397,-4.468598875,-4.6770509
3.96851,4.621,1.164416872,1398.72,0.56826,0.618566127,24.59638726,5.237274423,-4.070144717,-4.471687393
4.99124,7.04652,1.411777434,1034.51,0.53774,0.486242099,23.13968953,4.007450593,-4.106446408,-4.395185031
4.77124,5.17559,1.084747361,224.653,0.37694,0.198856263,26.10772326,0.902008076,-3.720895573,-4.806818469
5.95944,6.92785,1.162500168,1516.95,0.59038,0.620160087,22.60498257,3.927062972,-4.356170134,-4.595938327
4.08235,8.5781,2.101265203,1113.76,0.59616,0.488247531,21.17603919,2.542767225,-5.15871477,-4.831229349
7.22422,12.70758,1.759024504,2296.11,0.73656,0.875857206,21.93981615,2.427839677,-4.108538377,-4.128998131
4.48945,5.4044,1.20380002,686.609,0.52304,0.391177856,26.22424121,3.6546061,-4.275016414,-4.876481205
5.55178,6.21978,1.120321771,2629.43,0.7017,0.769949054,15.66354374,4.49613857,-3.536311594,-3.861519059
10.48758,11.72847,1.118319956,1451.86,0.65056,0.631084725,18.91248389,1.922875567,-4.019745231,-3.999211924
4.44258,5.67441,1.277278068,835.09,0.54036,0.478076229,25.19257425,3.965739288,-3.631479192,-4.790267271
8.33336,9.56221,1.147461528,2471.49,0.69308,0.982678219,19.90580502,3.09505794,-4.165785329,-4.15198318
7.41464,12.56279,1.694322314,2899.59,0.74308,1.06168846,19.65957169,2.219767086,-4.119526854,-4.006811533
6.18664,12.83222,2.074182432,2224.88,0.70894,0.772084969,23.91160873,3.643495473,-4.49531623,-4.098656729
4.31087,7.7671,1.801747675,1487.68,0.61816,0.556174367,20.19677241,4.25205408,-4.00628435,-4.33702848
9.88681,11.25321,1.138204335,2525.06,0.72208,1.102267489,14.22677043,1.105431831,-3.639327634,-3.661704818
5.05627,5.83331,1.153678502,121.541,0.36332,0.178362085,22.63544928,0.483179453,-3.46823668,-4.372539827
8.23046,13.93661,1.693296608,2673.77,0.75038,1.063370282,26.38174199,3.131153884,-4.572419704,-4.01924945
4.146,5.27667,1.272713459,728.873,0.52182,0.421349267,31.32019916,5.786163563,-4.148734594,-5.065751834
4.56478,7.19069,1.575254448,939.672,0.55654,0.42490781,30.31877047,4.884859236,-4.351714347,-5.161358051
4.43531,6.98874,1.575704968,1837.37,0.60518,0.702425957,24.76431158,5.384076983,-4.359358437,-4.495485808
4.21694,6.93935,1.645588982,1637,0.59946,0.634770371,24.60939456,4.91930623,-4.345126093,-4.500123818
8.46949,8.93125,1.054520402,1473.05,0.62226,0.580618072,19.88087015,2.939829159,-4.132423479,-4.289693194
5.67839,6.29148,1.107968984,758.172,0.52096,0.300488548,23.78600111,3.724483455,-3.252909364,-4.14391979
5.45003,6.08438,1.116393855,746.235,0.51598,0.295409524,24.18942613,3.638836022,-3.307187205,-4.173675598
9.36955,10.28847,1.098075148,1288.78,0.5922,0.617226047,26.91907524,4.067813726,-4.864869139,-4.726719942
4.75286,5.24143,1.102794949,387.193,0.41706,0.240948403,23.37738299,1.714033514,-3.460698155,-4.180297635
7.75151,19.92035,2.569867032,4661.65,0.8176,1.964685641,11.56781167,1.275424585,-3.605166795,-3.635875688
6.42877,8.06449,1.254437474,1735.19,0.64948,0.653342561,24.42620722,3.841859173,-4.740772455,-4.664643988
5.30054,7.18071,1.354712916,1772.64,0.63984,0.623230897,24.37629493,4.336754888,-4.784548709,-4.792176021
6.17686,8.70352,1.409052496,1314.29,0.63354,0.572386253,18.70597457,2.67974761,-3.981097555,-4.022389718
4.73872,6.49654,1.370948273,597.103,0.48622,0.391894833,25.20868366,3.248772794,-4.299427542,-5.111920247
13.27334,13.47664,1.015316416,2034.15,0.69836,0.983177744,23.47744373,3.141473612,-4.732462089,-4.501576678
10.7455,11.47981,1.068336513,1344.75,0.63868,0.557769899,20.29437426,3.118813952,-3.738849208,-3.928928967
10.74209,11.51419,1.071876143,1347.31,0.64112,0.560909886,20.60125497,3.177564922,-3.738180575,-3.914986566
5.54947,9.21896,1.661232514,1451.9,0.58362,0.625004016,20.5790664,6.05564192,-3.736432822,-4.313763632
5.43687,9.32301,1.714775229,1385.03,0.58002,0.609917548,21.05194672,6.204799492,-3.669828742,-4.3985624
4.06161,5.32548,1.311174633,476.164,0.50186,0.335858552,23.01184773,1.409932903,-4.022026244,-4.25548513
4.88565,5.0519,1.034028226,345.654,0.46146,0.305841651,22.6571854,1.304287989,-3.654642306,-4.639149948
4.94322,5.11017,1.033773532,348.373,0.46644,0.311743515,22.39804081,1.310073514,-3.650241076,-4.626020149
5.02601,5.1864,1.031911994,383.441,0.46914,0.316409253,22.13280666,1.345779795,-3.658740742,-4.693114836
5.00326,5.16234,1.031795269,384.303,0.4668,0.312933652,22.241897,1.354007773,-3.675523359,-4.696159906
5.02281,5.18598,1.0324858,383.829,0.46988,0.316844235,22.10152301,1.35763299,-3.659965718,-4.578925846
4.99439,5.14847,1.030850614,403.219,0.46774,0.315720553,22.06247472,1.344149278,-3.700704102,-4.626188111
4.91671,5.07682,1.032564459,365.373,0.46468,0.310525718,22.47485853,1.326184199,-3.677375324,-4.679429516
5.01099,5.19048,1.035819269,388.112,0.4702,0.318931018,21.93262495,1.303469408,-3.632412411,-4.583425887
4.98367,5.16273,1.035929345,379.738,0.46598,0.313371307,22.18276822,1.287479862,-3.65500372,-4.562025025
4.99038,5.16264,1.034518413,390.564,0.46744,0.314226366,22.22750329,1.339767583,-3.654516618,-4.588859494
4.35949,5.09274,1.16819628,532.704,0.47664,0.322546591,34.10804833,3.14857417,-4.688629662,-5.602475835
4.99057,7.01369,1.405388563,516.603,0.47134,0.403624001,20.64687729,1.348321173,-4.186832243,-4.394229117
5.08651,7.10061,1.395968945,559.058,0.47504,0.410944921,20.91360164,1.507829798,-4.206051167,-4.434232502
5.22809,7.23384,1.383648713,575.002,0.484,0.432335864,20.44675491,1.28991866,-4.232304628,-4.347165923
3.98397,5.03658,1.264211327,215.483,0.42474,0.242743249,41.94872694,2.25542339,-4.78636293,-6.450326995
5.09264,6.26427,1.230063386,2411.6,0.65386,0.785833697,20.45874608,5.691997636,-3.964077024,-4.243807257
4.48935,6.14879,1.369639257,793.176,0.53168,0.437351935,23.95536245,3.310035355,-4.4423175,-5.031765043
7.67167,10.27831,1.339774782,2922.27,0.70564,1.016069577,17.9398409,3.777801192,-4.129095055,-4.093059679
6.03194,8.49795,1.408825353,3283.08,0.735,0.954977055,23.89170009,4.377033576,-4.166432481,-4.278241191
4.94828,5.4924,1.109961441,1400.28,0.6196,0.510290642,33.17193211,5.449042312,-4.577135056,-5.058024981
4.36372,7.19009,1.647697377,1236.06,0.55574,0.534452747,23.59648124,5.151360955,-4.248861317,-4.691177821
4.52273,5.3255,1.177496777,561.466,0.5167,0.317023039,35.15292955,5.150493232,-4.771190208,-5.767169663
6.38689,7.02334,1.099649438,777.944,0.53406,0.316949555,22.66324659,4.207766248,-3.240846642,-4.143669549
4.03981,8.5056,2.105445553,782.841,0.57816,0.452536005,40.43156121,3.885428664,-5.547244519,-5.058012912
4.12189,8.21931,1.994063403,773.642,0.58244,0.456339661,42.68338962,4.077943064,-5.91937,-5.095859554
4.57353,6.8037,1.487625532,160.598,0.42238,0.210881059,20.07731332,0.404870997,-3.907067407,-4.20535998
7.35018,9.71439,1.321653347,1525.51,0.68302,0.641550195,20.28830757,1.74558194,-4.775235778,-4.674937696
3.99405,6.20263,1.552967539,1461.97,0.58598,0.592822955,21.53742654,4.954471244,-4.196926117,-4.511395677
3.93376,5.7859,1.470831978,1061.51,0.55152,0.502757546,29.66730117,5.309143384,-4.930043914,-5.249475224
3.83237,5.36995,1.401208652,636.727,0.51436,0.426256951,27.56172287,3.683669244,-4.044347892,-4.825338703
3.76464,5.3037,1.408819967,602.973,0.5021,0.408792998,28.09479496,3.591234195,-4.158064043,-4.84372127
3.72114,5.34194,1.435565445,616.839,0.48554,0.408044238,24.46234363,2.848835146,-4.254114033,-4.98390245
5.51273,6.23351,1.130748286,2602.63,0.70158,0.761525787,15.9333556,4.902698084,-3.531789296,-3.879867358
4.11195,4.69664,1.142192877,1240.58,0.59184,0.539266873,22.48900511,4.395007479,-4.01259961,-4.479629771
4.62513,5.76822,1.247147648,1093.55,0.56466,0.508404988,25.25322899,4.181038519,-4.414692458,-4.840491377
6.53639,8.26997,1.265219793,2774.46,0.72522,0.940696994,15.83621847,3.565478037,-3.645729308,-3.807986969
6.61957,8.20931,1.240157593,2763.89,0.71726,0.91158771,20.5205547,6.497341924,-3.844614558,-4.049113374
3.74279,4.83661,1.292247227,369.488,0.51506,0.444703465,30.51430706,3.33595327,-5.420702654,-5.860373992
5.53828,7.03754,1.270708595,2279.26,0.65416,0.703311637,17.95513246,3.196006065,-3.885733311,-4.019231038
9.90922,20.37708,2.056375779,3587.2,0.828,1.6069869,13.84709963,1.678629174,-3.888442257,-3.89166162
9.49767,11.24994,1.184494723,3709.73,0.79266,1.429509214,13.19640683,1.470147134,-3.644688876,-3.670489486
5.07098,10.40468,2.051808526,2268.58,0.66682,0.799192681,21.55000141,3.189096005,-4.108617202,-4.083791542
3.6532,4.68057,1.28122468,480.747,0.49434,0.44909788,28.605909,5.08188144,-4.633289301,-4.768826746
4.82619,7.16379,1.484357226,1243.97,0.59762,0.601186842,22.42646464,4.75542156,-4.380908766,-4.63124101
7.18297,17.06774,2.376139675,2104.22,0.69226,0.887957938,21.87515442,3.707638201,-4.215175337,-4.142008532
4.86183,6.41301,1.319052702,601.77,0.49572,0.429767829,32.21950561,3.1999529,-5.710914869,-5.249250095
7.52711,9.02632,1.199174716,3201.03,0.76362,1.034346838,9.435048116,0.398499326,-3.503596727,-3.533354751
8.21137,10.58889,1.289539991,3667,0.8007,1.288316018,10.14633231,0.420469593,-3.524885888,-3.563538738
10.84338,15.26084,1.407387733,2079.12,0.72518,0.868795346,20.71782826,3.232333221,-4.313723747,-4.439106181
9.2554,11.07723,1.196839683,1264.7,0.62052,0.658693949,17.82656188,2.755571625,-3.669488162,-3.739183781
4.19275,5.1054,1.217673365,143.203,0.41244,0.220884524,26.43739433,0.677419817,-3.309287065,-4.133657774
4.03207,5.56405,1.379948761,1542.83,0.60148,0.613769507,25.44320093,6.680643324,-4.226489803,-4.615069947
4.13005,6.0819,1.472597184,1487.3,0.59992,0.610831901,24.0296708,6.304712337,-4.273297263,-4.68231625
5.16856,5.80851,1.123815918,1029.51,0.54928,0.468257419,27.39139299,5.431475793,-4.056810753,-5.020389549
7.98095,9.37773,1.175014253,2417.23,0.68628,0.919725696,19.53857176,3.860353586,-4.083763458,-4.202204083
6.44934,7.90061,1.225026127,1584.9,0.62044,0.570252112,20.51118955,3.756972219,-3.987569947,-4.225705693
4.74475,6.7857,1.430149112,1024.9,0.56918,0.456692155,20.45813952,2.833723701,-4.412308826,-4.636999567
4.40026,5.67314,1.289273816,1337.13,0.68924,0.477584224,16.85684479,1.35922755,-3.991716352,-4.101906196
4.43683,5.72943,1.291334128,1445.99,0.69446,0.486858617,16.59338368,1.400507127,-3.963212381,-4.060440066
3.99723,4.79005,1.198342352,473.705,0.49596,0.286871117,27.13475767,2.633612174,-4.231001213,-4.914173558
7.15132,15.60203,2.181699323,4009.59,0.7783,1.33325796,19.55386806,3.364325485,-4.017343945,-3.892657344
4.73452,5.76312,1.217255392,1864.99,0.64784,0.672648627,19.31345545,3.830519917,-4.24151433,-4.464954663
4.01709,5.3881,1.34129432,833.666,0.55242,0.520718649,29.28346456,4.813762076,-4.649328697,-5.580989192
7.32788,8.13471,1.11010415,1328.07,0.66578,0.540629644,21.81786132,2.558599384,-4.430282006,-4.370218719
7.41537,8.18288,1.10350259,1340,0.66352,0.538807594,21.94258542,2.628700194,-4.412717409,-4.379469827
7.67164,8.21788,1.071202507,1397.34,0.67178,0.554997439,21.50414417,2.532706078,-4.375381257,-4.371736904
7.79985,8.32352,1.067138471,1312.52,0.66686,0.540111933,21.62971434,2.50894494,-4.365742282,-4.343796896
7.62763,8.30771,1.089160067,1338.91,0.66736,0.546232863,21.56396528,2.50939918,-4.384824268,-4.350103907
4.57125,7.106,1.554498223,784.155,0.52752,0.37356334,22.56426736,3.073182583,-4.31231645,-4.906686964
7.52386,8.16009,1.084561648,1339.59,0.66272,0.54013611,21.82323939,2.562513755,-4.44098078,-4.388248333
7.79803,8.41278,1.078834013,1368.5,0.67308,0.558127964,21.47737023,2.485935076,-4.339113682,-4.345648289
3.66305,4.43409,1.210491257,114.678,0.4139,0.293240381,28.64125014,1.172184551,-4.09624116,-5.399640796
4.91458,6.80411,1.38447436,2524.6,0.68262,0.878438983,23.18055878,7.456034301,-4.310201868,-4.395883961
5.8505,6.03686,1.031853688,1132.86,0.58636,0.522980048,19.43804867,3.160361505,-3.128060771,-3.830394485
6.70407,7.25727,1.082517038,787.458,0.47158,0.384179226,21.71067874,3.66598219,-3.392627237,-4.106850543
5.06719,7.09965,1.401101991,1675.11,0.61886,0.585731052,20.76778596,4.218580244,-4.015748826,-4.225290104
6.68961,13.2781,1.984884022,2162.49,0.7225,0.81515822,24.41227902,2.64017434,-4.519021861,-4.078656507
6.5701,13.193,2.008036407,2210.71,0.72222,0.812856783,24.03519644,2.939225278,-4.527217707,-4.081229548
6.64275,13.20287,1.987560875,2201.29,0.7231,0.820746697,24.04176322,2.89073102,-4.475308931,-4.050385266
6.60546,13.18132,1.995518859,2181.3,0.72282,0.81674484,24.00147862,2.910781754,-4.460075431,-4.042330227
6.68183,13.19195,1.97430195,2171.13,0.72382,0.823671187,24.19363181,2.910874749,-4.460235245,-4.066836006
6.69993,13.19966,1.970119091,2167.39,0.7232,0.82119109,24.39037297,2.817670609,-4.483637637,-4.07965508
6.66924,13.25601,1.987634273,2229.54,0.7244,0.827108705,23.88322488,2.76590603,-4.467111891,-4.048764539
8.27815,8.89284,1.074254513,2880.12,0.75336,0.897070731,15.70445631,1.494095107,-3.775085419,-3.833602238
4.70156,5.98836,1.27369639,1367.97,0.5669,0.499145931,20.92475896,3.930546068,-3.996590202,-4.368849167
7.94447,8.29761,1.044451046,1902.31,0.65206,0.753697633,21.27146872,4.225430783,-4.358328217,-4.263490634
7.94315,8.31402,1.046690545,1905.69,0.65228,0.753951925,21.22307678,4.222002525,-4.320058913,-4.2585755
10.90273,11.49614,1.054427653,1285.96,0.63924,0.56251815,20.14161464,3.225749099,-3.628687041,-3.890200638
10.75448,11.457,1.065323474,1248.66,0.63676,0.543088155,22.10556542,4.149626962,-3.787181545,-4.074466298
10.64671,11.40307,1.071041665,1079.51,0.62802,0.474378342,21.37183464,3.52983633,-3.685844269,-3.967168597
10.95857,11.78987,1.075858438,1368.61,0.64822,0.603281557,20.74667468,3.469079042,-3.758095897,-3.965230866
10.75702,11.6018,1.078532902,1231.33,0.65904,0.536686265,16.40866912,1.834646649,-3.40112194,-3.546000155
10.64506,11.38518,1.069527086,1074.64,0.62758,0.474311108,21.04262872,3.352833429,-3.688724066,-3.921669398
10.62301,11.39174,1.072364612,1088.8,0.62762,0.475340059,21.24898723,3.397362243,-3.657163352,-3.955908145
10.57016,11.32953,1.071840918,1110.12,0.62972,0.476587629,21.74584707,3.715951518,-3.721876898,-4.000162319
11.06125,11.7757,1.064590349,1356.1,0.64684,0.601258587,20.79282844,3.496534535,-3.721984968,-3.973666979
11.07374,11.88903,1.073623726,1359.45,0.65134,0.605385209,20.65526243,3.39243559,-3.673586722,-3.96403978
10.82581,11.40668,1.053656031,1294.75,0.63544,0.558525459,20.49708164,3.416901105,-3.664279296,-3.955566424
10.79186,11.55541,1.0707524,1238.1,0.64,0.545038025,21.51725152,4.116465257,-3.777887766,-4.039090121
10.81874,11.57951,1.070319649,1222.22,0.6622,0.537290666,16.56290149,1.923649662,-3.453815601,-3.560423841
10.88858,11.43729,1.050393164,1264.74,0.63788,0.545429671,22.18396948,4.394985117,-3.806030483,-4.090298126
11.05538,11.52097,1.042114337,1296.77,0.63882,0.566440263,20.11318171,3.334947672,-3.60388675,-3.85239589
10.88298,11.69077,1.074225074,1217.22,0.66136,0.539221042,16.51106982,1.920404376,-3.363392707,-3.569536614
3.65649,4.9754,1.360703844,176.133,0.43374,0.280307877,30.12459944,1.462827241,-3.654271459,-4.965006422
3.72166,5.47401,1.470851717,218.517,0.42786,0.340268168,41.6436914,1.332936224,-7.034613672,-5.938525282
6.46655,11.06918,1.711759748,3361.09,0.75462,1.013273178,16.60340189,2.685967211,-3.834677497,-3.895986703
7.45633,8.75515,1.174190252,2583.43,0.70352,0.79585691,31.31351296,8.496362517,-4.826255474,-4.625475834
4.24065,5.14726,1.213790339,733.99,0.52196,0.482737572,26.59394531,4.836577696,-4.188176751,-4.775657746
4.31105,5.20924,1.208345995,720.06,0.52204,0.481840082,26.64218648,4.722725098,-4.218895304,-4.829340769
4.15335,5.06649,1.219856261,698.549,0.51966,0.479152452,27.04237215,4.858577752,-4.282912327,-4.869889309
7.84231,9.63817,1.228996303,1856.81,0.68382,0.706238117,17.53262652,1.44208604,-4.135050322,-4.055683217
4.95411,5.58641,1.127631401,247.714,0.42952,0.250013097,31.83844167,1.715500583,-4.706448679,-5.667250585
5.57745,6.73617,1.207750854,1558.49,0.64406,0.526653202,35.91731676,6.88828231,-4.987954881,-4.763603368
5.52931,6.74228,1.219370952,1541.66,0.64732,0.522782704,34.4323611,6.599957804,-4.876867794,-4.720381511
5.5633,6.72492,1.208800532,1533.55,0.6466,0.518557726,33.13433405,6.253098591,-4.697868556,-4.674200847
8.38156,8.70899,1.03906552,3336.55,0.78544,1.14229203,7.370958565,0.290198698,-3.423599984,-3.43253083
8.24745,8.57279,1.039447344,3231.08,0.78816,1.116470403,7.772356944,0.310035698,-3.429067253,-3.484045804
8.47314,8.79766,1.038299851,3470.84,0.78884,1.196787892,7.161981319,0.282407019,-3.386430599,-3.40717348
8.34849,11.31649,1.355513392,2932.93,0.73996,1.121816106,14.65082873,1.555773224,-3.77663538,-3.76413595
4.35736,7.59167,1.742263664,874.592,0.55396,0.385685442,19.21063182,1.891357269,-4.012887594,-4.311786781
4.0721,4.38086,1.075823285,164.504,0.42954,0.317151148,30.66647378,1.951673126,-4.382233585,-5.669280576
3.76847,7.77332,2.062725722,1264.77,0.63114,0.566522449,19.01558718,3.097965101,-4.147590626,-4.416761233
3.74803,7.59472,2.026323162,1303.11,0.63304,0.56756054,18.97986594,3.170541023,-4.039130314,-4.369495111
3.68703,7.06893,1.917242333,1299.57,0.62138,0.54378227,19.52865952,3.017099159,-4.215872633,-4.51013642
3.76616,7.18206,1.906998109,1276.79,0.62442,0.546787159,19.54777161,3.042710387,-4.209456857,-4.486214041
5.53023,6.24795,1.129781221,2618.01,0.70226,0.765037442,15.89437016,4.906116365,-3.522224817,-3.886658399
5.43307,6.88574,1.267375535,2564.42,0.69694,0.745439805,16.44868737,5.13675817,-3.564850983,-3.936846473
5.58095,6.84864,1.227145916,2641.33,0.70248,0.768503689,15.90780219,4.70408154,-3.573398958,-3.866390546
5.54383,6.2822,1.133187706,2635.62,0.7047,0.771426882,15.82053124,4.849241833,-3.531430227,-3.875530939
5.52998,6.2305,1.126676769,2607.18,0.702,0.765305288,15.84649808,4.808880552,-3.537930373,-3.894175798
4.08035,8.60996,2.1101033,1751.77,0.62412,0.699569242,25.15528729,5.243406717,-4.32494011,-4.60248066
5.84334,7.60651,1.301740101,2298.34,0.66298,0.74294295,16.11315976,3.128654268,-3.732677906,-3.938479895
4.10064,4.8322,1.17840142,679.338,0.532,0.418861358,29.95695432,4.259500533,-4.499952969,-5.386110135
4.25829,5.05781,1.187756118,262.756,0.3907,0.194209987,28.02454431,1.443275979,-3.33905629,-4.296327963
4.11246,5.10711,1.241862535,256.607,0.41838,0.208300557,23.69181815,1.012196782,-3.55336543,-4.425074197
3.97439,5.66406,1.425139455,1511.69,0.63118,0.518550772,20.8385735,5.04580562,-3.786541635,-4.263195921
4.80162,6.76874,1.4096784,1763.4,0.6401,0.595480636,18.86401375,4.446972574,-3.907376182,-4.215881215
5.76711,8.64942,1.499784121,964.048,0.63514,0.3843254,14.55039192,0.551151217,-3.757605921,-3.848595269
4.45617,4.94603,1.109928481,588.67,0.51764,0.331718446,32.53244433,4.610510095,-4.884739998,-6.200989554
4.50865,5.05516,1.121213667,509.707,0.55578,0.286350217,22.40353701,1.664130221,-3.678920448,-4.431165252
6.48549,7.09668,1.094239603,847.573,0.52214,0.424007666,21.4707496,3.029963377,-4.006043888,-4.239752578
5.41366,7.45968,1.377936553,3082.43,0.70364,1.033354481,18.45619019,5.792307599,-4.12549228,-4.399270678
4.57463,5.69204,1.244262378,1094.95,0.566,0.511555182,26.21029792,4.799634847,-4.467442539,-4.853456569
5.3048,8.5131,1.604791887,3919.89,0.7317,1.225121265,21.11485599,4.869903916,-4.26283657,-4.24599541
4.00763,8.23055,2.053720029,1725.06,0.6435,0.813117024,19.68093344,4.354011114,-4.507282928,-4.711104557
9.16908,11.02009,1.201875215,1137.17,0.58894,0.575924115,18.38009082,3.053663758,-3.654824085,-3.823046219
6.77493,8.38862,1.238185487,1397.17,0.5852,0.662826231,17.28891964,1.433062573,-4.092900318,-4.142570587
4.12404,5.46793,1.325867353,580.8,0.50342,0.424243446,27.11879451,3.370054373,-4.52887511,-5.161165642
10.88335,11.49174,1.055900986,1241.27,0.64072,0.54497359,20.86543629,3.653165106,-3.704961781,-3.948634855
4.77619,6.50652,1.362282489,1370.96,0.57322,0.539861931,30.76131858,5.73080037,-4.553346278,-4.925689799
4.76212,7.16308,1.504178811,1563.98,0.59774,0.590191451,24.04518573,4.630489354,-4.486630628,-4.675882458
4.09689,5.39541,1.316952615,1002.02,0.50016,0.405519791,27.35897327,4.471755541,-4.097550472,-4.950062824
4.58604,7.47672,1.630321585,1763.41,0.62816,0.666225458,41.02320506,7.648601129,-4.960875987,-4.94956602
3.83367,5.04944,1.317129539,835.247,0.57222,0.493089067,28.00729264,5.533954099,-4.72590752,-5.263693639
3.82141,5.05464,1.322715961,837.919,0.57504,0.495130835,28.0115851,5.516415946,-4.708492343,-5.280137014
6.40353,7.28891,1.138264364,1568.32,0.61566,0.725809589,27.35130729,4.999179872,-4.6853164,-4.314339743
6.771,9.5833,1.415344853,1825.57,0.68152,0.740863943,17.18857811,2.263044227,-4.040744006,-4.137999442
6.45176,9.80418,1.519613253,1963.35,0.67426,0.765425203,18.50590045,2.355192767,-4.072734765,-4.116445521
4.95704,6.0526,1.221010926,720.619,0.49142,0.448691142,27.43334571,2.950014585,-4.644654685,-4.816446968
4.69208,8.09916,1.726134252,912.99,0.52074,0.496576583,24.77430047,2.939600922,-4.683111185,-4.819520888
3.81491,8.83929,2.317037623,1463.71,0.59704,0.607294162,24.55543161,7.992883205,-4.260594558,-4.691483382
4.57898,8.75163,1.911261897,2495.83,0.64868,0.819919333,20.01159625,6.700153588,-4.069861979,-4.248708681
3.8004,8.91057,2.344640038,1543.25,0.60862,0.644264582,22.78564341,7.578967552,-4.197934648,-4.601134887
3.82289,8.8152,2.305899463,1561.09,0.60764,0.636437525,23.21381879,7.72022243,-4.241966388,-4.610271008
4.59038,8.8603,1.930188786,2453.17,0.66052,0.79072184,19.11446921,5.541080329,-4.001287077,-4.147670823
6.13062,13.83308,2.256391686,889.461,0.57056,0.533652587,21.81099592,2.020369589,-4.806632786,-4.628336155
5.75649,10.56447,1.835227717,2067.12,0.71746,0.76494063,25.74546224,2.374844365,-4.557798338,-4.022288361
4.13588,5.91398,1.429920597,815.256,0.5714,0.42403194,40.49317387,6.571964229,-5.374111885,-5.648122255
7.58192,8.31671,1.096913447,1452.39,0.67452,0.563984649,21.06473095,2.339942873,-4.24881076,-4.269923126
8.74362,10.02859,1.14696087,2361.15,0.71526,0.858328823,41.71018001,6.857896851,-6.210796846,-4.510981047
8.829,10.07569,1.141203987,2412.57,0.7208,0.883207779,27.34828052,5.263711127,-4.365266999,-4.300948643
3.69845,4.81728,1.302513215,298.785,0.47046,0.387605457,27.10369905,1.901186007,-4.406988042,-5.471886586
5.1267,11.12385,2.169787583,1394.76,0.6626,0.670136353,23.53273819,1.398222719,-5.17691846,-4.84767954
4.39114,10.03517,2.285322263,1274.04,0.5942,0.554741255,22.09601683,2.81895725,-4.453949326,-4.49469269
4.52398,7.17145,1.585208157,1523.19,0.60376,0.599956277,20.7332399,4.298686727,-4.190177899,-4.39687147
4.42397,7.1893,1.625078832,1256.77,0.5928,0.495233958,21.27412396,3.847963222,-4.251829655,-4.452575371
4.47496,7.10811,1.588418667,1245.71,0.5954,0.498238508,21.9204725,3.996876627,-4.266549807,-4.468989755
4.61334,7.43495,1.611619781,1424.59,0.61094,0.555389902,20.43824746,3.690596055,-4.186463579,-4.375715701
4.54841,7.33279,1.61216557,1374.02,0.60744,0.544671999,21.39090914,3.931886348,-4.259825726,-4.407813979
4.51709,7.56073,1.673805481,1331.16,0.60318,0.531230184,20.44023321,3.55140325,-4.248392063,-4.400000352
4.58286,7.31141,1.595381487,1377.3,0.60742,0.538225704,21.5752331,3.954899302,-4.228054129,-4.418579958
4.46533,7.29188,1.632999129,1308.26,0.59566,0.510039645,20.82337062,3.68038526,-4.200762549,-4.424492037
4.4641,7.3373,1.643623575,1275.03,0.5942,0.504988697,20.83076726,3.610263874,-4.271976153,-4.437665766
4.44483,7.25725,1.63273961,1279.54,0.59316,0.500641458,21.30715647,3.738430672,-4.284097356,-4.463282588
3.89955,5.07471,1.301357849,258.176,0.49194,0.358894296,27.29764879,2.592633691,-4.521781375,-5.499361099
4.41246,5.52672,1.252525802,557.463,0.47838,0.357795695,25.06856091,2.804989235,-3.527091512,-4.721290448
4.3714,5.49841,1.25781443,614.56,0.48644,0.359441965,25.41206318,2.834248787,-3.568858077,-4.785899047
5.54367,7.07962,1.27706375,1686.38,0.63618,0.639167469,22.99704487,4.217501835,-4.321788649,-4.318836585
4.38111,6.44243,1.470501768,1584.65,0.59318,0.607250604,24.37076725,6.982023856,-4.275530974,-4.829704762
6.92477,7.62222,1.100718147,2200.35,0.66538,0.754348632,18.02468324,3.342464338,-3.939503624,-4.067620483
6.96811,7.67683,1.101709072,2172.38,0.66442,0.752427707,18.18850463,3.366186154,-3.978303083,-4.076855179
6.78537,7.50015,1.105341345,2253.99,0.66724,0.7612272,17.89589658,3.313257142,-3.907952143,-4.05679719
6.81104,7.57949,1.11282418,2172.13,0.66514,0.747151033,18.33250006,3.730034704,-3.952933078,-4.105771905
4.38331,6.74211,1.538132142,1002.39,0.56112,0.500879252,22.97701622,1.911009212,-4.954126028,-4.865254459
7.46506,15.39913,2.062827358,3516.88,0.75948,1.324608188,19.62993809,1.329989428,-4.171985269,-4.003701623
8.6308,15.82486,1.833533392,4194.59,0.81936,1.720513197,16.62377066,1.587503687,-3.831312413,-3.846609331
5.14242,9.6589,1.878279098,1977.4,0.65304,0.766057182,23.54041832,2.295627062,-4.554803334,-4.503999512
9.8601,17.02678,1.726836442,4791.8,0.82956,2.057588467,16.55763855,1.303708564,-3.84094359,-3.803407138
11.04076,18.83776,1.706201385,5179.17,0.84878,2.400076913,15.59157713,1.122491592,-3.730825727,-3.718912072
5.49118,9.43325,1.717891236,2682.59,0.68322,0.923010829,21.88040107,2.895898074,-4.315352803,-4.309648252
5.66915,8.39488,1.480800473,1840.05,0.65236,0.728921546,25.00784352,3.667553474,-4.376974383,-4.438711903
6.61649,9.97603,1.5077526,2716.73,0.70778,0.976508229,22.8838757,2.644484658,-4.364108632,-4.266202957
6.24123,8.23227,1.319014041,872.412,0.59654,0.476595269,33.43752536,3.074266002,-5.183400931,-4.806941177
8.23621,13.74339,1.668654636,4005.21,0.79656,1.442288367,19.35502909,1.736216701,-3.989848419,-3.902860644
12.08403,12.38134,1.024603547,2036.14,0.744,0.921349678,15.63127116,1.018131959,-3.83619688,-3.888625214
7.81628,14.53341,1.859376839,3043.22,0.76952,1.106912449,22.05455898,1.767994017,-4.167372719,-4.042181208
6.78856,10.21096,1.504142263,2739.44,0.7235,0.948034352,34.14308943,4.21920535,-4.863863174,-4.354220998
5.03586,8.49984,1.687862649,1561.97,0.61898,0.623457673,31.79191069,4.897079493,-4.874522362,-4.82615493
4.31366,9.21841,2.137027489,1338.02,0.60768,0.599988152,27.873425,1.948674922,-4.745336277,-4.620256239
8.02745,11.1208,1.38534653,2681.31,0.71352,0.99498547,18.61847538,2.526759284,-4.06866852,-4.160346506
7.63358,14.04257,1.839578546,1861.17,0.73444,0.725222423,27.44921071,1.168477532,-4.534826283,-4.158690743
8.937,13.6058,1.522412443,4228.68,0.80374,1.681239332,16.83948979,2.234436558,-3.915160975,-3.926343381
4.56707,7.42185,1.625079099,1082.29,0.60242,0.442104182,29.77543434,2.930386805,-4.835740369,-4.730356336
8.37226,15.73732,1.879697955,4255.86,0.81496,1.754409381,16.45052276,1.782712947,-3.840152612,-3.855810583
9.85657,15.58677,1.581358424,4270.1,0.82504,1.813952466,23.48117879,2.382696768,-4.222526621,-4.025942706
9.22072,13.79662,1.496262765,4969.05,0.83554,1.973275268,14.06479039,1.009993779,-3.64441756,-3.658185494
7.30038,14.83508,2.032096959,4016.09,0.7845,1.560647415,19.16050085,1.536773503,-4.034603155,-4.014166139
6.25609,11.01021,1.759918735,2884.91,0.72392,0.991748671,26.39832042,2.792377566,-4.52588719,-4.217431088
4.41471,6.44862,1.460712029,1249.83,0.6082,0.579580324,24.8184398,4.658568753,-4.605881313,-4.866998098
9.60592,14.23114,1.481496827,4256.65,0.82006,1.721986691,15.09201214,1.408092566,-3.767360336,-3.747995913
11.7071,16.19958,1.383739782,5218.06,0.84086,2.296822973,16.23191013,1.367703389,-3.828022525,-3.774777686
6.75446,11.71753,1.734784128,1926.52,0.70588,0.702514953,29.23860239,1.61228677,-4.6182025,-4.263788275
8.81282,15.66291,1.777286952,3979.57,0.78914,1.553871782,17.98134885,1.733178839,-4.003092687,-3.93762018
4.94512,9.10223,1.840648963,1318.07,0.62584,0.534353361,31.35165519,2.289241315,-4.795627223,-4.740445693
7.16817,14.65581,2.04456786,2599.61,0.74408,0.960432871,24.28420704,1.408266472,-4.292999935,-4.12310418
5.68768,9.0278,1.58725526,2490.35,0.69172,0.828125524,21.50915741,3.054943123,-4.088084478,-4.114120516
6.30052,11.77104,1.868264842,2437.28,0.70068,0.906111871,28.5931002,1.648914027,-4.593897775,-4.240857091
6.35167,11.21522,1.76571201,2722.28,0.72062,0.973112537,22.03619429,2.508529856,-4.230692495,-4.203929551
5.30279,9.89667,1.866313771,1932.04,0.6658,0.723114017,21.88638627,2.6353168,-4.36107614,-4.417211743
29.81855,30.86782,1.035188498,6693.84,0.9347,6.084335781,9.72095177,1.054063487,-3.171367631,-3.20304074
12.29107,19.85841,1.615677886,6376.09,0.88944,3.45023682,11.22303155,0.991379992,-3.43902347,-3.447307219
9.23847,16.71115,1.808865537,4155.55,0.81764,1.800513086,16.89953951,1.626905042,-3.8420479,-3.879769103
8.24032,14.04283,1.704160761,3965.21,0.78636,1.43913384,16.59336774,2.054428078,-3.936179061,-3.943756701
13.99286,21.25617,1.519072584,6110.66,0.90248,4.013091194,12.8091469,1.100917368,-3.491365175,-3.479528926
9.20227,16.15304,1.755332108,4280.76,0.81586,1.799359089,17.5198016,2.063218241,-3.890929805,-3.878883254
7.0521,13.97259,1.981337474,2503.66,0.70966,0.891765688,38.83979951,5.575527342,-5.12869207,-4.439962727
5.32756,11.63552,2.184024206,2165.86,0.69384,0.811594203,29.24594639,4.685889272,-4.645980174,-4.541372814
9.00297,16.22184,1.801832062,4295.79,0.82444,1.838769752,17.2782956,1.424521403,-3.885283544,-3.854866474
7.96989,12.71714,1.595648121,2645.69,0.71704,0.978182428,45.73868041,5.322466275,-5.378458914,-4.407923602
16.89053,18.49241,1.094838942,1574.71,0.77368,0.782745761,31.45372873,0.697065211,-4.623109777,-4.103234265
6.81833,10.67091,1.565032787,3448.55,0.75032,1.181024157,18.63420503,1.597441521,-3.984443735,-3.979738302
8.18408,16.08754,1.965711479,3894.78,0.80064,1.555338414,24.52869923,2.559877538,-4.235830653,-4.084211106
4.04868,8.03932,1.985664463,769.499,0.59676,0.529629465,50.15633951,2.841089301,-5.240921748,-4.951686122
5.28696,8.43931,1.596250019,2164.61,0.6738,0.782383029,23.04097172,3.370341309,-4.290051431,-4.371477095
11.99886,20.55663,1.713215255,5841.38,0.87984,3.163162587,13.72294814,1.083978327,-3.570123587,-3.560893904
3.67453,7.18264,1.954709854,422.498,0.54814,0.450513685,47.89061964,3.842030507,-6.016309211,-5.296446511
12.12997,17.5124,1.443729869,4888.33,0.8535,2.424364652,16.9657824,1.228829577,-3.807503851,-3.777443418
8.28353,11.34384,1.369445152,4241,0.78912,1.407135177,23.376013,3.018535456,-4.163627392,-4.076085184
6.71112,12.03359,1.793082228,2516.12,0.71434,0.908180156,20.96358976,2.875750188,-4.131282678,-4.071530504
11.99899,17.72882,1.477526025,5202.83,0.85818,2.638459315,15.51983223,1.170379941,-3.708361291,-3.709554302
6.74592,11.52912,1.709050804,3031.91,0.73552,1.107779245,18.7012993,2.348075088,-4.010519458,-3.999223576
7.61337,15.88492,2.086450547,4109.11,0.79612,1.571440415,18.94909238,1.441936926,-3.909044315,-3.895978246
4.03989,8.87659,2.197235568,1259.56,0.63032,0.513197961,27.81005329,2.982988445,-4.781707674,-4.702082379
4.21044,9.82617,2.333763217,1055.87,0.62788,0.491718289,26.26028006,2.670031761,-4.884126479,-4.861781248
5.1846,9.52956,1.838051151,1160.93,0.63842,0.486890072,33.04140547,2.109755242,-5.101657333,-4.72436147
10.87819,15.78123,1.450722041,4784.18,0.85456,2.30239087,17.54370322,1.365153437,-3.850007604,-3.810909119
9.21752,17.37293,1.884772694,4306.96,0.82444,1.795958201,33.67146856,2.932516178,-4.878771315,-4.086679004
3.96751,6.1889,1.559895249,502.036,0.53098,0.472679687,29.44344728,3.631234051,-4.794382614,-5.262180678
7.58589,10.76138,1.418604804,2805.72,0.76036,1.003737151,16.11405144,1.323494781,-3.820497916,-3.902470646
17.53921,21.685,1.236372676,5565.94,0.90078,3.730262259,9.657607208,0.925137729,-3.345339631,-3.355410703
13.5586,18.28784,1.348800024,5351.35,0.88796,3.0435334,9.367443896,0.814367394,-3.373321158,-3.358666007
19.07381,21.17046,1.109922978,4567.55,0.8921,2.781120429,11.28028548,0.882127146,-3.413021728,-3.443666648
17.31443,20.77643,1.199948829,5132.19,0.89952,3.403006079,10.72790319,0.852980754,-3.360284914,-3.375525129
16.61296,19.62649,1.181396332,4749.43,0.89526,3.111966991,17.25600549,1.620245976,-3.768235306,-3.62310714
10.46009,12.77927,1.221717022,4415.15,0.82784,1.869185889,11.42584524,0.762842478,-3.647185054,-3.684846637
11.72979,15.03194,1.281518254,3939.93,0.86008,1.839507229,11.30588053,0.652321861,-3.523918895,-3.48822163
16.6109,21.20738,1.276714687,5219.95,0.9015,3.306315558,8.939316061,0.79104867,-3.293250498,-3.298289412
14.75528,17.08535,1.157914319,5277.08,0.85996,2.487475269,11.56038562,0.815825429,-3.560884234,-3.574055522
8.30186,11.93121,1.437173115,3753.83,0.76562,1.293384081,18.25964853,1.547445436,-4.064897543,-4.020247981
16.92765,21.83544,1.289927426,5176.41,0.90816,3.68329264,11.01486781,1.038976876,-3.363744222,-3.373492759
11.07962,15.63188,1.410867882,4420.14,0.84344,1.990076046,10.99933205,0.821663105,-3.509573425,-3.545152216
16.51265,21.70721,1.31458064,5328.41,0.90298,3.476530015,12.15388107,1.170254426,-3.497208913,-3.518187283
17.63026,21.33243,1.209989529,5362.11,0.90106,3.570703949,14.91300857,1.551831876,-3.615307373,-3.636074942
13.6746,19.06072,1.3938777,5062.48,0.85866,2.491736868,11.94900645,0.735204313,-3.643509167,-3.624441035
21.54787,24.40483,1.132586655,6241.82,0.91272,4.376714299,7.958195603,0.782213597,-3.223032094,-3.179390006
19.37232,22.75672,1.174702875,6655.65,0.92444,4.918934738,6.412503472,0.688720593,-3.085012048,-3.1197885
12.38391,14.90552,1.203619858,4652.36,0.85478,2.222667159,10.99331142,0.767384109,-3.593301502,-3.615930553
16.28042,20.90483,1.28404734,5794.97,0.91332,4.135008489,9.057780995,0.875946345,-3.314576812,-3.295921482
18.39779,20.91569,1.136858829,6255.19,0.915,4.510032975,8.469709837,0.823736078,-3.260885032,-3.287507861
11.10404,14.77469,1.330568874,4738.43,0.82764,1.931243043,16.08567359,1.379375521,-3.804946744,-3.744656064
17.9321,19.43069,1.083570246,5055.44,0.87902,2.625060847,12.71567545,1.222376477,-3.573758766,-3.575762183
8.53808,15.43687,1.808002502,5068.5,0.84012,2.103486782,21.45915625,2.002016448,-4.000771251,-3.898296394
22.18311,25.4917,1.14914906,6486.13,0.93178,5.645030352,7.214233494,0.834838222,-3.082779898,-3.133168611
13.12754,16.12696,1.228483021,5062.68,0.86892,2.506287929,12.3723284,0.925316817,-3.63525265,-3.610880869
16.31977,21.42107,1.312584062,4702.53,0.89746,3.087768794,14.70805616,1.345713911,-3.602472895,-3.56233757
16.23565,20.18755,1.243408795,3811.21,0.87706,2.118128929,10.65353981,0.603655853,-3.455792862,-3.373907913
19.66276,22.68177,1.153539483,6082.77,0.91874,4.583981958,12.64643409,1.112824774,-3.345161491,-3.361759551
29.16322,30.56541,1.048080767,3602.09,0.84756,1.839658271,14.11848809,1.083389906,-3.711459082,-3.727570077
11.58139,14.60536,1.261105964,4390.56,0.84078,2.07433541,11.43704658,0.747541348,-3.609386149,-3.617296155
12.31316,15.85097,1.287319421,4761.94,0.86062,2.324310164,10.14294336,0.739744595,-3.512542449,-3.481197605
10.84509,13.78108,1.270720667,2896.09,0.80736,1.166211416,15.25315342,0.849519569,-3.725469196,-3.738666285
8.8183,13.43902,1.523992153,4421.9,0.82556,1.807750757,17.73240351,1.67328115,-3.90268373,-3.874792054
27.64341,30.01445,1.085772341,7481.49,0.95072,8.453850258,5.456842654,0.887201786,-2.90559362,-2.927732195
19.35806,22.55489,1.165142065,6319.36,0.91516,4.256855129,10.65776252,0.952817916,-3.315037919,-3.3181718
11.89898,14.66389,1.232365295,4706.14,0.85322,2.165796848,9.978026111,0.640696737,-3.510308743,-3.479808224
17.60073,20.34931,1.156162841,5657.05,0.90082,3.75905525,9.50583818,0.768268882,-3.356095065,-3.382306853
15.34453,19.36442,1.26197544,4603.08,0.88264,2.763102699,11.54336537,1.083982573,-3.412533207,-3.46451746
27.40034,29.51798,1.077285172,7559.14,0.94848,8.091935195,5.431460047,0.882657693,-2.899042926,-2.941750164
16.55917,21.24827,1.283172405,4991.85,0.90276,3.282703951,15.71836639,1.399542911,-3.641379118,-3.585909502
14.45104,16.53606,1.144281657,5225.27,0.88542,2.972504784,9.255570359,0.76759213,-3.418305417,-3.384439058
15.88302,20.00354,1.259429252,4061.15,0.88486,2.319101147,11.34873384,0.673232539,-3.515086623,-3.522476152
15.48115,18.95443,1.224355426,5435.73,0.86232,2.724678895,11.67843973,0.948744663,-3.606302556,-3.577653354
16.41064,23.25432,1.417027002,6182.2,0.91232,4.374922075,12.39000174,1.15087415,-3.410556375,-3.443271389
9.06095,11.38834,1.25685938,3585.93,0.80024,1.348758503,13.77800654,0.977438819,-3.760674659,-3.731552604
15.33085,20.38896,1.329930173,6031.86,0.89774,3.691987547,9.416905196,0.774382278,-3.391483374,-3.462966161
15.78499,19.74192,1.250676751,5901.54,0.89142,3.483252317,11.42135759,0.926387868,-3.527977246,-3.515098789
25.20215,29.22667,1.15968955,6895.62,0.93932,6.810911148,7.072763029,0.900722415,-3.094687502,-3.05610121
7.33296,11.41636,1.556855622,3245.61,0.75642,1.102858842,35.29863399,4.148658416,-4.828964244,-4.264011282
11.39135,15.37414,1.349632835,4539.32,0.84728,2.09962358,11.10556293,0.807722612,-3.565296454,-3.535621346
22.14481,26.00631,1.174374944,6078.21,0.92902,5.274297296,11.90012451,1.232994622,-3.316797452,-3.281829614
16.46001,23.56753,1.431805327,5118.52,0.91036,3.675712342,15.73921712,1.676185806,-3.653481908,-3.640663065
15.24795,19.14273,1.255429746,5273.06,0.89424,3.203312784,10.61276859,0.89642746,-3.444559089,-3.489780554
10.15489,13.49645,1.329059202,3475.9,0.8047,1.450908553,14.39080841,1.057639403,-3.77437145,-3.801475646
16.28244,22.12328,1.358720192,5743.77,0.91478,4.186099722,8.871537091,0.840386349,-3.239120878,-3.220748389
10.67357,13.25723,1.242061466,4013.2,0.82186,1.750399871,12.15293792,0.817755283,-3.671476801,-3.649124645
16.04687,18.57018,1.157246242,5161.83,0.8799,2.647932422,10.57830575,0.901627883,-3.434979174,-3.41236684
27.18524,30.25469,1.112908696,7054.53,0.94246,7.155840705,7.352601153,0.93624781,-3.046235405,-3.100848992
8.01975,9.73587,1.21398672,3034.34,0.74174,1.018677727,17.3688098,1.186478201,-4.079041968,-4.056195759
16.94091,19.70884,1.163387327,5630.35,0.89926,3.515659514,9.423499383,0.786384371,-3.387122435,-3.423094782
18.91713,21.19624,1.120478635,6444.31,0.92314,5.001733816,7.229426279,0.767507192,-3.192480161,-3.162697655
19.3466,23.95685,1.238297685,6682,0.9306,5.453522579,6.773637106,0.749802896,-3.082783069,-3.118592319
15.46386,16.64269,1.07623129,4028.36,0.81898,1.912655597,18.73565656,1.905075594,-4.081745541,-4.029656986
13.59268,17.49532,1.287113358,3543.84,0.8299,1.612611755,27.52115012,2.474216311,-4.125881443,-4.002637041
25.10797,27.44335,1.093013493,6316.67,0.93124,5.691619402,13.04250168,1.325524482,-3.306784169,-3.342659984
22.404,26.27861,1.172942778,6489.05,0.93198,5.706640541,7.69259256,0.871893375,-3.137959705,-3.130708671
14.48543,19.12007,1.319951841,5842.89,0.88752,3.285127867,10.80175938,0.899500091,-3.482848861,-3.475266719
11.85148,14.30148,1.206725236,4004.44,0.84248,1.886701184,14.94487026,1.249107654,-3.711404726,-3.711486712
18.03522,21.08674,1.169197825,5162.7,0.8726,2.748303176,11.42056929,1.234109686,-3.472450415,-3.506842199
13.99609,20.49043,1.46401102,4361.82,0.8646,2.256033441,21.5971776,2.339689082,-4.088035805,-3.925893334
26.49021,29.33065,1.107226028,7197.76,0.94354,7.332281653,6.321822313,0.902128946,-2.981325746,-3.02982977
24.36234,27.12063,1.11321942,5942.94,0.91722,4.430650623,9.371116471,0.883621963,-3.247841331,-3.216548177
16.49129,20.16987,1.223061992,4946.04,0.89236,3.032638691,17.57464595,1.64544192,-3.713710848,-3.661772124
26.86089,30.75443,1.14495201,6606.46,0.93622,6.431937784,8.205773461,0.873724074,-3.028818559,-3.156618329
21.96735,25.0397,1.139859837,6588.63,0.92554,5.139547539,7.270908917,0.784042303,-3.109125611,-3.146065018
14.8097,21.5337,1.454026753,5646.34,0.89354,3.608236183,9.491353488,0.696904417,-3.382268622,-3.373587378
21.87676,25.29948,1.156454612,6772.26,0.929,5.615193056,7.614100161,0.870177315,-3.136519124,-3.178209802
15.53851,17.96398,1.156094117,4847.44,0.87738,2.680479772,11.49804789,0.949115328,-3.483953683,-3.516422223
15.03687,20.97881,1.395158035,6025.83,0.9022,3.917243775,9.187527117,0.751779497,-3.373107451,-3.342811381
11.79407,14.05525,1.191721772,3827.04,0.84908,1.786404826,15.09017493,1.107437851,-3.771559938,-3.764199523
8.8261,13.70298,1.55255209,4017.36,0.81348,1.584446141,12.49572301,0.92183379,-3.713684823,-3.736992665
17.06903,22.55048,1.321134241,5687.48,0.91454,4.16260059,12.4650975,1.248376821,-3.469366402,-3.474879075
26.64962,29.97281,1.124699339,7020.34,0.94402,7.456655161,6.821214575,0.913495071,-2.942288367,-2.988115847
22.29958,24.26332,1.088061748,5165.48,0.91088,3.662064696,10.49873869,0.820313612,-3.310387049,-3.334209155
17.63342,22.68288,1.286357383,6410.54,0.92094,5.024907925,8.143702723,0.868058899,-3.218543294,-3.243564406
22.06864,26.65095,1.207638985,6938.53,0.93716,6.361044744,6.44889915,0.819852557,-3.039078869,-3.060012246
15.48548,17.88276,1.154808246,5507.95,0.90178,3.445485389,7.731473406,0.654999759,-3.238358698,-3.26739826
16.28042,20.90483,1.28404734,5794.97,0.91332,4.135008489,9.0275732,0.865196503,-3.26418021,-3.283955274
27.0488,31.14541,1.15145256,7435.49,0.9482,8.097975079,6.083581246,0.897067027,-2.927103611,-3.028616701
19.56061,24.99167,1.277652895,6838.06,0.93778,6.176350488,6.179570532,0.77246498,-3.036284359,-3.049961214
15.93293,19.34519,1.214163999,5957.7,0.89082,3.466293119,9.901933493,0.79196694,-3.413439567,-3.41839376
21.89661,25.32153,1.156413253,6969.86,0.93296,6.062433395,6.776473443,0.83211393,-3.118178732,-3.150249445
16.01775,19.77157,1.234353764,5197.65,0.89726,3.304253039,10.23753543,0.785046272,-3.394700779,-3.410274047
24.97789,26.4471,1.058820421,5349.42,0.914,4.006856371,9.854030867,0.835096489,-3.278982222,-3.235521975
16.98563,20.63761,1.215004095,4930.43,0.8913,2.963275728,10.97963045,0.960763108,-3.405905771,-3.480725487
16.31834,19.9916,1.225100102,5287.77,0.8887,3.079017846,13.3770853,1.112674974,-3.626913734,-3.618543608
13.38175,16.23178,1.21297887,3274.53,0.85714,1.58733451,15.4018393,0.696991631,-3.726732216,-3.731653143
16.72908,17.20935,1.028708692,3574.77,0.8458,1.782008415,12.01019605,0.813888597,-3.510107784,-3.571079798
11.30103,14.62035,1.29371836,3435.72,0.82166,1.419143567,18.77743354,1.794086554,-3.926682341,-3.905832137
21.33052,23.61732,1.107207888,6233.98,0.9105,4.277298608,9.13112896,0.879143927,-3.308459602,-3.319534109
11.73185,14.66698,1.250184753,4835.06,0.854,2.259677718,10.48488194,0.781177581,-3.537773735,-3.610602195
22.32692,26.28608,1.177326743,6720.02,0.93142,5.803818449,7.718507381,0.921802008,-3.14333434,-3.186180176
17.76006,20.4248,1.15004116,5286.4,0.88542,3.096253038,10.33918702,0.985611204,-3.406148072,-3.397962746
12.90186,14.14048,1.096003212,4424.32,0.88572,2.314591238,9.062009472,0.49614255,-3.319523971,-3.305812666
9.52047,16.03225,1.683976736,5068.12,0.83912,2.176445872,13.3697354,1.165815933,-3.643824693,-3.631997296
11.65009,13.60732,1.168001277,3008.69,0.81192,1.240369764,18.59298169,1.595210663,-3.877320027,-3.869218438
16.94453,19.70275,1.162779375,3902.55,0.86988,2.048646765,17.70607886,1.390742395,-3.81229992,-3.80619036
21.08391,23.98497,1.13759592,6518.41,0.92964,5.227248447,6.922646726,0.754554949,-3.099952445,-3.135993338
9.41003,11.98011,1.27312134,3610.5,0.79986,1.325630075,13.66492874,0.782266682,-3.710925008,-3.69943429
14.43781,17.59692,1.218808116,4702.09,0.84892,2.10765182,11.81469866,0.681027511,-3.612435848,-3.606059011
12.23026,14.44637,1.181198928,4161.68,0.85086,1.999905982,15.62849714,1.58020021,-3.781756338,-3.745783161
17.72589,23.61011,1.331956252,6136.35,0.92486,5.231582044,8.305608393,0.954504973,-3.16547246,-3.202361727
11.30831,14.47659,1.280172723,3241.75,0.82036,1.364324274,18.08233606,1.305081876,-3.843373367,-3.841294663
10.48571,16.50519,1.574065085,4299.6,0.8302,2.07707858,21.11894742,1.799668709,-4.008297938,-3.923716544
16.59805,18.33156,1.104440582,5380.77,0.87114,2.716539853,11.50525372,1.213197425,-3.480462204,-3.469186439
14.47429,17.68599,1.221889986,4190.23,0.84228,1.880702193,25.46150158,2.890072924,-4.204861531,-4.022135568
8.6424,14.74526,1.706153383,3952.07,0.81742,1.540642063,15.49838155,1.095034215,-3.76052458,-3.78402748
10.12021,12.0301,1.188720392,3196.27,0.81258,1.203376527,16.12693079,0.834616461,-3.731035395,-3.668302244
24.80463,29.23944,1.178789605,6494.75,0.93288,6.049570056,8.413138682,0.929372433,-3.09884396,-3.153884538
14.77482,21.51579,1.456247183,5280.85,0.89574,3.335356477,10.14322151,0.703258862,-3.427985177,-3.456573374
16.61102,20.02644,1.205611696,4852.04,0.88828,2.751771204,16.69609207,1.620880253,-3.692986682,-3.689030209
15.80943,20.80539,1.316011393,4226.77,0.9001,2.749992362,10.20158875,0.624794035,-3.378635538,-3.39453587
22.11262,24.87361,1.124860374,6041.82,0.91266,4.304451792,8.824046236,0.814407049,-3.246722217,-3.222945976
15.9927,19.54995,1.222429609,5211.91,0.88162,3.103268636,15.75121887,1.683817625,-3.783765844,-3.781295359
19.20144,22.47499,1.170484609,5089.63,0.90754,3.324395408,9.396339696,0.694465894,-3.284081182,-3.292055603
16.40643,20.53514,1.251651944,5066.62,0.8982,3.307044867,10.21165389,0.824224833,-3.373119723,-3.384957751
14.3654,18.48736,1.286936667,5350.03,0.88992,3.201784526,9.973782468,0.875425802,-3.400816655,-3.373249822
15.17557,19.07015,1.256634841,5360.05,0.89346,3.15965923,10.62954474,0.974836508,-3.457277104,-3.469980183
17.55269,20.34201,1.158911255,4176.8,0.88176,2.42428908,11.97490284,0.823485353,-3.455910866,-3.45434759
16.4778,18.22015,1.105739237,3234.5,0.85146,1.609939551,13.48632882,0.705378449,-3.678586379,-3.652941116
16.3496,19.53268,1.194688555,4785.63,0.87892,2.707818575,10.86892364,0.897718767,-3.437707808,-3.501699152
16.318,21.12145,1.294365118,5478.63,0.89616,3.572009375,11.29586886,1.042537248,-3.41397069,-3.436925435
15.84638,18.45379,1.164542943,3785.4,0.84016,2.057067865,14.18377071,1.153523001,-3.691579154,-3.633088623
15.5404,19.18316,1.234405807,5110.47,0.87674,2.876792787,23.3852135,1.637843342,-3.978857188,-3.831245708
12.28091,15.03566,1.224311553,4605.05,0.84758,2.201683772,10.73766466,0.81189361,-3.535652201,-3.596507514
11.05946,13.28419,1.201160816,3208.42,0.8194,1.378813655,14.30980152,0.731174981,-3.687024685,-3.659918883
8.82514,12.25523,1.388672588,4587.94,0.83622,1.858840842,10.91865633,0.898536373,-3.491831112,-3.529763329
18.136,21.47404,1.184056021,4966.6,0.87414,2.730910897,15.88453625,1.859788914,-3.685208721,-3.670918685
22.22275,26.3352,1.185055855,6376.53,0.92696,5.348566153,8.072850833,0.863069879,-3.175888804,-3.216084666
12.49233,14.26911,1.142229672,4926.25,0.84906,2.261072882,10.22944772,0.793716176,-3.532401482,-3.585545992
23.18313,24.25468,1.04622111,6121.82,0.91144,4.284693494,8.558367639,0.804622879,-3.252364318,-3.304559488
16.18303,20.69461,1.278784628,5029.52,0.87452,2.796942463,11.49835331,1.147296817,-3.460119147,-3.461062865
17.27579,20.00048,1.157717245,5826.12,0.88874,3.177953071,9.374461264,0.855728927,-3.368039258,-3.391317368
9.42102,13.67473,1.451512681,3646.52,0.79602,1.531912437,12.76581998,0.725078855,-3.787872537,-3.758381477
16.65039,20.73293,1.245191854,6310.98,0.91716,4.505445382,7.499709488,0.756084341,-3.196536676,-3.19167039
14.99243,16.89559,1.126941396,4119.77,0.83456,1.797981321,23.01257762,2.989699075,-4.154619014,-3.989123676
15.80961,20.80575,1.316019181,4227.08,0.90008,2.749914455,10.28171337,0.619754441,-3.372864203,-3.411888768
26.00532,29.88397,1.149148328,6925.59,0.9404,6.825175637,6.559779962,0.842203175,-2.964365755,-3.093762892
26.58409,28.15548,1.059110167,6604.49,0.92758,5.331011454,16.08381099,1.437354203,-3.452051431,-3.370043775
24.82604,28.32057,1.140760669,6719.07,0.93142,5.924234522,7.356012345,0.88920431,-3.0792853,-3.229159856
16.41457,22.51189,1.371457796,6087.8,0.9119,4.46314079,8.913063778,0.840320382,-3.314682419,-3.302854572
15.45106,19.34531,1.252037724,5466.56,0.895,3.419045036,9.273322698,0.85628406,-3.349014187,-3.3965064
26.64057,30.35991,1.139611878,6953.22,0.94302,7.045980962,6.799985616,0.867598602,-2.992630824,-3.098895061
13.11916,14.94998,1.139553142,4833.88,0.86568,2.421191297,10.93985638,0.804535842,-3.570044824,-3.534565977
12.58163,14.30445,1.136931383,3561.09,0.83616,1.65530348,12.61082381,0.836224075,-3.52066005,-3.56908503
16.50764,21.87518,1.325154898,4996.79,0.90194,3.303035186,15.98892109,1.426364646,-3.593968157,-3.636428259
11.084,13.54617,1.222137315,4329.69,0.83554,1.865298623,11.58261474,0.686516757,-3.608095466,-3.627137847
18.34881,22.52873,1.227803329,5809.49,0.90674,4.00692907,9.571451933,1.027892527,-3.335239967,-3.363430401
21.87418,27.32376,1.249132996,6975.29,0.94078,6.995791133,6.490515863,0.884857766,-3.012742885,-3.043424665
26.73396,28.45884,1.064520183,5634.93,0.92688,4.685211115,9.795229301,0.869458731,-3.194847162,-3.215265389
26.25487,29.79611,1.134879358,7324.57,0.94536,7.473319736,6.076098671,0.873097733,-2.968408214,-3.144988422
16.13681,18.40095,1.14030902,5048.16,0.88188,2.845196384,10.39033531,0.848573216,-3.432788897,-3.436232697
15.32621,17.92894,1.169822154,5030.64,0.86432,2.450428383,14.4011135,1.219081021,-3.694697935,-3.764947939
16.38061,22.59232,1.379211153,5498.34,0.90274,3.68400648,9.894263374,1.044205939,-3.33365226,-3.358198043
10.92278,15.23895,1.395153065,4383.74,0.84804,2.015926974,11.21642061,0.818685812,-3.585765067,-3.66045131
14.43924,17.08029,1.182907826,5502.32,0.89748,3.305854532,7.818494035,0.608498712,-3.261751508,-3.273712425
10.42481,12.46916,1.196104294,4227.44,0.82184,1.774825398,11.92618983,0.734425924,-3.656072365,-3.701158679
19.24221,23.12463,1.201765805,6118.87,0.92236,4.658454421,7.564651446,0.705177217,-3.130079302,-3.132121945
10.62085,14.45907,1.361385388,4713.18,0.83742,2.082973701,12.04635218,0.895342231,-3.642302589,-3.646872777
21.90037,24.81575,1.133120125,6222.05,0.91656,4.401755785,11.85529728,1.149051327,-3.328385587,-3.388289021
16.67687,20.73716,1.243468349,4601.14,0.8913,2.851083431,18.32364587,1.333281429,-3.696483431,-3.649058707
19.36203,23.90077,1.23441447,6421.03,0.9281,5.105453665,9.122913078,0.952518707,-3.198115933,-3.222232358
16.60452,18.77941,1.130981805,4956.31,0.87872,2.614327749,10.80566566,0.798541322,-3.519485605,-3.555361842
16.45741,22.06497,1.340731622,5113.46,0.90906,3.62507477,15.43796029,1.42811851,-3.54716406,-3.585021288
26.38234,28.77719,1.090774738,6712.28,0.93126,5.727869901,9.361741039,1.022019858,-3.147843976,-3.206697482
21.85158,24.10045,1.10291567,6402.51,0.9141,4.47066994,8.559016283,0.826072341,-3.257401351,-3.252602688
16.65806,20.10498,1.206922055,5112.03,0.90102,3.292467688,9.768521113,0.780932243,-3.364201136,-3.381295667
14.17121,18.62105,1.314005649,5560.76,0.8917,3.238635538,10.20587966,0.906837942,-3.399434679,-3.344714075
14.04233,17.91278,1.275627335,5040.38,0.863,2.623586744,11.15379932,0.691073179,-3.53344731,-3.566645606
18.35074,23.99504,1.307578877,6450.69,0.92946,5.562564336,7.654434551,0.87760145,-3.154353636,-3.135428532
21.29212,25.56929,1.20088042,4704.5,0.91624,3.688848986,9.775310075,0.727382491,-3.263937951,-3.233485252
21.20313,24.59611,1.1600226,6484.48,0.9225,5.139705268,8.19646904,0.882874443,-3.187500575,-3.229908102
15.15779,20.27893,1.337855321,6057.76,0.90262,3.85992371,9.256282182,0.827975496,-3.387310938,-3.378326943
22.50637,24.91783,1.107145666,6399,0.91712,4.573069789,8.886474919,0.883936564,-3.263557619,-3.258852143
11.96965,15.45074,1.290826382,4707.06,0.85424,2.242105622,11.05608615,0.876863333,-3.507397614,-3.47688846
11.35675,13.63064,1.200223656,3433.54,0.8007,1.419627993,15.54982851,1.305635641,-3.82675273,-3.844661793
15.65365,20.39032,1.302592047,5349.83,0.89454,3.311075413,9.344239199,0.867763511,-3.347700007,-3.345378398
18.31807,21.14163,1.154140693,5168.99,0.87732,2.878082066,11.21019363,1.142833152,-3.453894558,-3.47636532
11.0978,15.08043,1.358866622,3516.25,0.83164,1.520407324,12.70914518,0.791973978,-3.578849051,-3.590348818
14.42779,22.23403,1.541055837,5468.03,0.88228,3.20944631,10.88278027,0.718700043,-3.512133821,-3.527306761
14.21545,15.69477,1.10406424,4962.09,0.8749,2.62315234,11.08130164,0.812859873,-3.49869181,-3.461984708
11.56393,13.09519,1.132416921,4785.66,0.86166,2.150231204,9.268556843,0.64616175,-3.409121664,-3.413759514
16.17921,20.32107,1.255998902,4117.38,0.89692,2.580374173,9.416419925,0.569017603,-3.366003445,-3.377392559
14.49519,16.80014,1.159014818,2351.56,0.8148,1.047193091,13.47211824,0.547050613,-3.786983896,-3.833142855
14.79554,19.84987,1.341611729,5710.98,0.88846,3.291494706,9.891678635,0.750390466,-3.438975491,-3.469618232
16.89306,19.40592,1.148751026,3756.25,0.87976,2.168071369,11.19309839,0.590012237,-3.496430475,-3.517521677
11.47073,14.50583,1.264595191,4840.39,0.85634,2.288223002,11.03968576,0.821160513,-3.56179826,-3.559723219
12.29506,14.60251,1.187672935,4330.96,0.84052,1.910950246,10.6603849,0.720848113,-3.530285424,-3.551130542
15.50418,19.02295,1.226956214,3476.05,0.8569,1.664788623,12.53061061,0.666278895,-3.644658446,-3.631863229
8.84652,13.31927,1.50559429,4324.46,0.82218,1.667241218,15.32625708,1.177096205,-3.705078059,-3.700120124
19.29732,25.19835,1.305795313,6809.34,0.93508,5.895801414,6.189706132,0.738273791,-3.023367453,-3.026159088
22.20304,26.25917,1.182683542,7031.72,0.93732,6.391413745,6.357277126,0.81150391,-3.054375182,-3.080766563
22.43177,27.47156,1.224671972,6921.74,0.93948,6.709852516,6.941616584,0.900701668,-3.085334551,-3.051166765
23.91053,28.87107,1.20746257,4802.37,0.92498,4.30740144,10.69381141,0.786849861,-3.21061446,-3.210954132
19.30876,23.88619,1.237064938,6488.27,0.92882,5.266972123,7.02240025,0.78143788,-3.086649811,-3.209255827
19.40281,21.53548,1.109915523,5601.41,0.91194,4.016772892,8.93261426,0.790472075,-3.289152234,-3.38265021
17.03611,22.48361,1.319761964,5140.64,0.90494,3.543281806,9.30257195,0.865976106,-3.318408342,-3.34229307
22.12353,24.53577,1.109035041,6303.54,0.9163,4.523307647,8.811125989,0.86136358,-3.25066705,-3.281943574
19.39465,22.54853,1.162615979,6294.91,0.9146,4.266037287,7.593331477,0.748177837,-3.175118007,-3.219017195
17.89197,22.56147,1.260983,6103.03,0.91458,4.498362139,8.511691906,0.922754645,-3.260051408,-3.302184098
21.31996,24.33664,1.141495575,6021.19,0.91934,4.818545851,8.860743656,0.80973799,-3.206462096,-3.218663755
24.20367,27.00561,1.115765089,6372.64,0.9178,4.797399013,8.820398639,0.898290099,-3.248048484,-3.262708922
11.86193,15.40735,1.298890653,4911.77,0.86338,2.502710318,10.82947756,0.807154368,-3.495971828,-3.562950378
18.08135,23.67267,1.309231335,6727.28,0.92938,5.793272827,7.147207141,0.841736428,-3.081758782,-3.156963961
14.5405,22.21993,1.52814071,5520.47,0.88234,3.230251621,10.39647031,0.683095901,-3.457730165,-3.399815649
26.67482,28.7454,1.077623017,6852.71,0.93098,5.64008118,10.83116957,1.126690123,-3.205470635,-3.196413788
16.67104,21.64685,1.298470281,5055.04,0.89488,3.339179235,16.45351041,1.666003673,-3.648610098,-3.58159901
10.32572,13.98778,1.354654203,5023.1,0.84758,2.165353526,14.94744114,1.13018481,-3.712772805,-3.682678375
26.06312,29.04918,1.11457032,6260.26,0.92852,5.341940086,17.85284052,1.593045388,-3.522704182,-3.568011516
15.06645,20.37893,1.352603301,5255.59,0.895,3.27940934,9.597184229,0.86333747,-3.363570404,-3.32375484
16.41662,21.57458,1.31419135,4893.12,0.897,3.088279343,16.57146438,1.547255126,-3.690238643,-3.667034184
18.01153,23.27993,1.292501525,5722.06,0.91998,4.652590588,8.70563695,0.882959354,-3.198101825,-3.203220473
14.77835,20.03417,1.355643221,4435.97,0.86852,2.410031717,20.67277073,2.25688925,-4.000919276,-3.925917435
16.37579,20.98291,1.281337267,4375.72,0.89212,2.652064438,19.07665269,1.393164214,-3.80141946,-3.688859954
10.27324,12.99056,1.264504674,3213.22,0.82838,1.406838036,17.20381097,0.837141864,-3.801812179,-3.693258323
19.36306,23.00438,1.188054987,6293.02,0.9139,4.280060883,7.626015487,0.758117591,-3.189669533,-3.201957618
21.23375,25.14072,1.183998116,4631.23,0.91608,3.63871798,9.894819713,0.711507732,-3.297370646,-3.280339292
15.8388,19.66508,1.241576382,5791.61,0.91048,4.099230111,8.981231386,0.886039087,-3.2633818,-3.277408514
16.70577,20.05185,1.200294868,5415.18,0.89916,3.231610234,13.79918045,1.173324929,-3.551363551,-3.516320942
19.35919,22.38954,1.156532892,6067.04,0.91446,4.075823892,12.02536067,1.117332039,-3.394111761,-3.427152452
15.80201,18.06567,1.143251396,6253.55,0.91978,4.456082554,6.573238896,0.63960674,-3.129709831,-3.151026458
16.16657,19.00399,1.175511565,4505.07,0.8692,2.363369406,11.87543233,0.824541921,-3.583648288,-3.596006605
17.40933,20.16624,1.158358191,6274.19,0.91786,4.629250431,7.747037084,0.772255417,-3.213400177,-3.192537206
14.95862,20.19423,1.350006217,5930.88,0.89028,3.41030277,9.944005433,0.825850625,-3.437103469,-3.447563946
16.12149,20.64827,1.280791664,4970.78,0.87732,2.828951187,11.17786209,1.072524045,-3.440752074,-3.474093024
14.42566,21.07135,1.460685334,5487.21,0.87628,3.012140962,10.73052612,0.707472014,-3.478114096,-3.505471914
15.12681,17.49959,1.156859245,3378.51,0.85616,1.592947686,14.46876567,0.691621522,-3.727437166,-3.697710052
21.87649,25.88239,1.183114384,6582.05,0.93012,5.532312268,7.282607428,0.826929568,-3.108698962,-3.184637977
15.52664,18.33929,1.181149946,5301.3,0.86506,2.630313092,11.90264743,1.008626701,-3.593752451,-3.616880912
19.04546,20.92727,1.098806225,4681.2,0.88964,2.976449766,10.83922854,0.951295073,-3.42827752,-3.447346439
21.08432,24.98399,1.184955929,6902.95,0.93592,5.997411153,6.205199182,0.75428309,-3.021880048,-3.101947261
17.49757,23.03077,1.316226767,6236.31,0.91992,4.862207846,8.4801759,0.874535284,-3.232681312,-3.243508726
16.62707,19.66519,1.182721309,5262.38,0.8851,2.864021279,14.04924167,1.283896621,-3.627057457,-3.669545545
26.45987,28.61818,1.081569184,6405.9,0.93704,6.12724776,12.78838752,1.454274037,-3.261259093,-3.300377773
21.93275,26.48721,1.207655675,6948.58,0.93952,6.722044546,6.61424922,0.868049268,-3.024649587,-3.049355885
11.54767,16.58914,1.436578981,5572.14,0.8735,2.679193083,13.38613821,1.020017201,-3.598822413,-3.560278086
16.68025,19.59253,1.174594505,4114.15,0.88234,2.393240751,11.41862201,0.84029531,-3.45968616,-3.496220174
18.3169,22.11393,1.20729654,4793.84,0.87814,2.697503824,11.49757951,1.08594851,-3.459277802,-3.465341559
15.8473,21.062,1.329059209,5622.82,0.89436,3.385342145,9.953228979,1.008756551,-3.356994166,-3.328823469
14.99583,17.5114,1.167751302,2646.87,0.83212,1.202794939,14.24786261,0.522725775,-3.68269525,-3.686307715
19.76403,24.20799,1.224850903,6808.58,0.93516,5.888471904,6.128186409,0.744085971,-3.039949128,-3.057899836
21.62877,26.06876,1.205281669,6224.46,0.9253,5.305558422,8.171915153,0.857771925,-3.148345552,-3.134803782
10.09302,14.12994,1.399971465,4595.17,0.8153,2.00235282,16.40263495,1.417561446,-3.868935294,-3.800171259
18.82201,20.61594,1.095310225,5546,0.88626,3.163688936,10.2309168,0.996945642,-3.417625459,-3.398652231
11.9896,13.45261,1.122023253,3999.22,0.81494,1.666755294,11.62520261,0.734170947,-3.66521323,-3.697094412
17.48979,20.83639,1.191345922,6483.2,0.92492,4.961724362,7.062977733,0.741279812,-3.170847268,-3.179249005
15.56951,21.1764,1.360119875,6160.76,0.8924,3.733844345,10.79744664,1.024462779,-3.499362462,-3.50103106
21.07582,24.11694,1.144294267,6545.88,0.91152,4.247094892,8.029951549,0.841465667,-3.260995012,-3.258920066
17.89089,23.51466,1.314337073,6069.59,0.92014,4.85400632,9.29977861,1.07941841,-3.252594689,-3.285280069
11.60409,15.44497,1.330993641,2303.91,0.8202,1.029675028,19.57724225,0.614992908,-3.941745308,-3.907110288
17.58895,22.01071,1.251394199,5894.76,0.92052,4.542435443,8.716298827,0.874571941,-3.237104109,-3.23491168
13.7003,17.36806,1.267713846,4215.16,0.82274,1.887819373,12.94607459,0.755362719,-3.758653777,-3.769653796
16.69815,20.74953,1.242624482,4658.52,0.9009,3.059249399,10.67834209,0.803224759,-3.408587086,-3.404884483
17.49633,19.34351,1.105575284,4354.45,0.87044,2.391581492,12.85067137,1.062564369,-3.50907643,-3.509982322
26.93396,29.16873,1.082972203,6625.05,0.93038,5.669211692,8.189124829,0.904648871,-3.158904424,-3.177333361
21.80729,25.18474,1.154877108,6474.04,0.92264,5.070955119,8.160166384,0.80595736,-3.217186077,-3.193482754
14.63909,19.39999,1.325218303,4024.43,0.8868,2.31481844,11.4817943,0.638024396,-3.553243203,-3.537822063
26.48383,29.13825,1.10022795,7042.28,0.93794,6.467793431,6.582085038,0.835251113,-3.011211454,-3.144513825
17.43048,23.00609,1.31987702,5914.74,0.91056,4.159859657,9.393654253,1.019748847,-3.290468177,-3.273124975
11.99538,14.7662,1.230990598,3466.13,0.84754,1.625689087,11.72484366,0.687803487,-3.56490842,-3.560491918
17.07841,20.60307,1.206381039,5343.26,0.89816,3.389922627,14.38912172,1.135967028,-3.616704152,-3.579341358
17.62078,20.46557,1.16144518,5663.19,0.89468,3.403377967,9.9711718,0.869404541,-3.375944222,-3.400317857
16.96352,18.98097,1.118928736,5127.61,0.88246,2.857772035,10.34032669,0.893903294,-3.450138506,-3.445762303
15.88578,18.33825,1.154381466,5059.89,0.87158,2.656211429,10.08613949,0.871134204,-3.430357463,-3.488470066
22.20894,26.77475,1.205584328,6368.67,0.92746,5.328239451,8.136260271,0.884498091,-3.182967817,-3.258341731
15.50108,20.03698,1.292618321,5373.54,0.90194,3.397764559,9.919786689,0.915786992,-3.387683109,-3.378579377
21.87702,25.29858,1.156399729,6772.32,0.92902,5.615246062,7.708343817,0.856249381,-3.134258112,-3.199853741
20.78465,25.39987,1.222049445,7155.52,0.9414,6.89099866,5.853402472,0.817353141,-2.979905606,-2.970033834
13.82012,15.81587,1.144409021,5651.28,0.89192,3.212088909,8.771915958,0.742309446,-3.325281488,-3.348137563
16.37772,18.33149,1.119294383,4664.86,0.85054,2.143406154,12.3391476,0.732005788,-3.628225022,-3.606938134
18.20639,22.88957,1.25722727,6270.56,0.91466,4.56619956,8.29394292,0.768526797,-3.191228148,-3.226914063
27.25458,30.16259,1.10669803,7188.32,0.9434,7.231557,6.860516123,0.920446569,-2.995520239,-3.017669252
17.60309,20.20401,1.147753605,5636.94,0.89312,3.394241586,9.791480881,0.878732191,-3.398330621,-3.442273491
10.63457,12.43264,1.169077828,4394.88,0.84564,1.863952866,10.55200221,0.755097537,-3.479777082,-3.490856434
25.83107,28.81921,1.115680071,7341.38,0.93894,6.532483616,5.837106024,0.793614939,-2.98385519,-3.102359498
13.96221,17.39865,1.24612436,4651.33,0.83174,2.052979479,13.00905317,0.753265228,-3.727317661,-3.770704324
19.13401,21.90663,1.144905328,6098.12,0.91252,4.03145571,8.061903741,0.722418003,-3.209573155,-3.216285762
11.21281,13.86573,1.236597249,3984.69,0.83884,1.797917533,17.37650972,1.507193859,-3.878556877,-3.839329261
13.75819,18.84573,1.369782653,4619.98,0.85412,2.361417536,15.86103762,1.145544374,-3.813933826,-3.804920981
22.13702,25.47048,1.15058305,6650.91,0.92752,5.271138087,7.499503974,0.845503103,-3.187317969,-3.190670189
18.09131,21.59107,1.193449783,6185.61,0.91346,4.377743698,8.202268392,0.79834362,-3.225324804,-3.202610073
12.27204,13.18849,1.074677886,3787.94,0.82526,1.62159082,16.01455603,1.648841329,-3.750257747,-3.783933765
16.03982,18.55882,1.15704665,5364.84,0.86092,2.71646152,11.52994538,0.991950397,-3.609071625,-3.609675641
12.07717,15.71333,1.301077156,4555.94,0.85376,2.215210893,10.06484776,0.726892233,-3.509787481,-3.535592977
11.45676,15.88972,1.386929638,4449.58,0.8503,2.031629676,14.90364328,1.128981914,-3.676594353,-3.692034391
18.68492,21.35826,1.143074736,5918.21,0.92452,4.353878612,7.469050669,0.671751086,-3.1985102,-3.21135512
16.14092,18.34744,1.136703484,4624.15,0.8556,2.22640881,19.32859116,1.611684839,-3.911499066,-3.836521809
9.62616,11.80403,1.226244941,3825.21,0.8125,1.547969921,20.42053895,1.732261777,-4.01083574,-3.976060695
26.24887,29.43728,1.121468467,7380.54,0.94446,7.49785653,6.052901496,0.876100901,-2.978309033,-3.051204342
16.7611,22.64907,1.351287803,5176.06,0.90934,3.654521634,8.94689509,0.814079196,-3.248089254,-3.35582619
17.12122,20.79492,1.21456999,4602.64,0.9025,3.114764848,10.91175489,0.806404271,-3.335181164,-3.41120288
13.85297,17.52858,1.265330106,5040.59,0.85356,2.177687859,12.68639325,1.111934737,-3.647309481,-3.649938604
17.43987,22.56098,1.293643817,5645.75,0.91892,4.388494362,8.370606869,0.848800152,-3.20157572,-3.255829347
22.01456,26.01478,1.181707924,5708.33,0.9223,4.779449868,12.99500276,1.39431111,-3.427581752,-3.45291876
14.36927,21.23724,1.477962346,4735.67,0.89014,2.983072886,18.0372001,1.963671282,-3.805230955,-3.789508483
14.42011,17.96016,1.245493966,3548.27,0.85674,1.693162055,16.47102091,1.083175403,-3.875669037,-3.808980987
15.9122,20.05983,1.260657232,6073.13,0.88146,3.259656454,10.35279349,0.916034902,-3.50030507,-3.532318507
22.31609,27.76019,1.243954026,6887.75,0.9391,6.715628084,6.900756709,0.888766318,-3.033852009,-3.152351895
18.17171,23.57574,1.297386982,6661.5,0.92642,5.353636337,6.985624108,0.786485159,-3.138054907,-3.156762155
11.72896,15.15005,1.291678887,4761.5,0.85516,2.304063284,10.27798504,0.754050108,-3.472634124,-3.541506631
15.17934,20.02189,1.319022434,5667.1,0.9063,3.856530102,8.980165717,0.881026175,-3.314010605,-3.345694081
10.72172,14.8716,1.38705357,4019.53,0.8251,1.814862472,13.01854939,0.900044178,-3.719726768,-3.729597032
16.59542,21.33711,1.285722808,6101.64,0.91032,4.302364051,9.046477643,0.83867098,-3.33744185,-3.376898158
10.79794,13.51834,1.251936944,2952.94,0.82848,1.318597367,24.22663556,1.431473704,-4.131457534,-3.902733878
14.50887,19.18033,1.321972697,5017.67,0.87758,2.692252236,17.3705375,1.210984909,-3.784689533,-3.718993235
14.196,18.37025,1.294044097,5156.14,0.85132,2.373196031,10.02674192,0.631879516,-3.535702426,-3.581562797
14.84295,20.08075,1.352881334,5810.82,0.90298,3.76995658,8.9153047,0.794963487,-3.264675971,-3.259186903
14.37948,17.94405,1.247892831,3733.39,0.8251,1.660037382,22.95661215,3.441936121,-4.123804651,-4.080283299
14.87789,18.42276,1.238264297,5636.37,0.85996,2.693587085,11.33632315,1.057113674,-3.621609142,-3.632271571
17.65103,22.66866,1.284268397,6190.67,0.92108,4.984226105,8.150093992,0.840134996,-3.204620666,-3.223527541
21.9224,25.03958,1.142191548,5695.27,0.92668,4.713697843,8.970654394,0.814289716,-3.20021409,-3.222216189
15.4082,20.26157,1.314986176,5372.03,0.8954,3.305681386,10.50197694,0.928637697,-3.410755227,-3.410708515
18.64796,23.18843,1.24348347,5968.67,0.9159,4.610807382,9.390485865,0.961968467,-3.256810597,-3.283280728
21.88058,24.12703,1.102668668,5291.11,0.91068,3.690429877,9.736454128,0.79051969,-3.297917307,-3.313187163
10.67158,14.71961,1.379328085,4822.97,0.85848,2.316072325,10.88529143,0.855884129,-3.540775488,-3.537694211
22.53175,25.22455,1.119511356,6343.55,0.91674,4.563779104,9.716789117,0.977400675,-3.272960777,-3.305236366
11.18017,15.39746,1.377211617,4947.27,0.83322,2.009080672,17.01849724,1.408954538,-3.836663005,-3.78018046
21.8828,28.25845,1.291354397,7212.22,0.94524,7.490787482,5.906711802,0.867295334,-2.928431037,-2.966449111
18.51016,22.67417,1.224958077,5587.03,0.9185,4.366656525,8.454490049,0.846193648,-3.172751245,-3.22557547
26.65522,32.27873,1.210972185,7508.48,0.95426,9.378292319,5.651328607,0.954971675,-2.823431585,-2.845377693
18.25779,20.56757,1.126509287,5445.47,0.90358,3.414051726,8.998433634,0.748410555,-3.334880466,-3.320570412
6.87859,10.87754,1.581361878,3108.07,0.74794,1.032823784,18.89934758,1.80637668,-4.018149202,-4.039827406
15.70215,17.95874,1.143712167,5058.15,0.88938,3.080242574,16.23697791,1.408198622,-3.646387007,-3.581935873
15.19961,20.33353,1.337766561,4175.58,0.89844,2.59169621,9.823605045,0.590452032,-3.418681412,-3.382921052
11.6538,13.74171,1.179161304,4386.7,0.83108,1.845269814,11.78785828,0.884943107,-3.6192618,-3.640095068
12.11266,14.09858,1.163954078,3453.27,0.84384,1.6256579,16.48966543,1.314360447,-3.845301167,-3.820322774
16.82899,21.22465,1.26119571,5294.42,0.90184,3.536405559,9.614871232,0.87981085,-3.340450001,-3.360284416
16.00839,19.57353,1.222704469,5516.9,0.88694,3.288348744,9.690162773,0.748220366,-3.423783079,-3.467328541
26.21171,28.40695,1.083750354,6808.29,0.92882,5.463165015,7.717095066,0.816598693,-3.099768734,-3.188783372
21.68676,24.19312,1.115570975,6511.88,0.91572,4.548850518,8.377174614,0.836917944,-3.200841179,-3.232669382
14.8194,18.91409,1.276306058,5075.15,0.87972,2.846483636,10.59897457,0.676852723,-3.469207874,-3.440974212
18.14368,23.5539,1.298187578,6393.11,0.9193,4.79724053,7.841443725,0.859268861,-3.165970982,-3.241942586
11.54339,14.09225,1.220806886,2605.5,0.81282,1.167831404,13.14507513,0.639097632,-3.769414657,-3.74445425
19.31594,24.57614,1.272324308,6847.55,0.93174,5.674594232,6.408374405,0.759048335,-3.025144884,-3.057944935
11.90918,15.31251,1.285773664,4673.11,0.85338,2.182044123,11.18420512,0.890902214,-3.54527782,-3.476400692
15.9579,18.21627,1.141520501,4691.52,0.85076,2.121093507,12.29714358,0.756473862,-3.651035479,-3.642892424
15.74752,18.64427,1.1839496,4824.79,0.8784,2.678579597,14.64855237,1.52952645,-3.662914807,-3.701209241
10.82558,12.32041,1.138083133,3263.4,0.81292,1.33305784,22.26081158,2.213233051,-4.048478056,-3.980066351
9.88262,12.71813,1.286918854,4120.35,0.8147,1.742569429,11.97104388,0.866449202,-3.689102697,-3.698625892
19.07281,21.5006,1.12729063,5496.38,0.88262,3.0495954,10.33419703,1.083458674,-3.383636476,-3.453581492
19.46707,23.33941,1.198917454,6470.68,0.92284,4.99610204,8.240337361,0.795841392,-3.146427455,-3.178216518
22.29775,25.57737,1.147083002,6404.31,0.9312,5.533700187,9.136097865,0.971206598,-3.207214639,-3.178789516
15.36533,18.77424,1.221857259,4703.1,0.88052,2.554690311,11.44104535,0.950530599,-3.50695166,-3.487828186
17.72717,20.51547,1.157289629,4843.54,0.86356,2.53493178,12.35431907,1.334379296,-3.519513479,-3.55290247
15.21659,22.62667,1.486973757,5747,0.91198,4.181169653,9.746719828,0.853151107,-3.371387782,-3.398769005
9.37555,11.21862,1.1965826,4248.09,0.8357,1.657342422,21.55614236,1.817763673,-4.005910267,-3.876122993
14.89526,18.88612,1.267928187,4693.36,0.89124,2.758761585,11.2707302,0.838711975,-3.47660353,-3.510590273
9.56567,11.34488,1.185999517,4598.62,0.83516,1.815841541,11.8061315,0.839643359,-3.56037479,-3.598294093
24.95289,28.72789,1.151285082,5900.06,0.92718,5.229795587,13.32943239,1.472528771,-3.382682666,-3.35867201
22.25006,24.28585,1.091495933,5927.04,0.91012,4.150511449,12.87236564,1.375849333,-3.492933563,-3.504171497
10.477,14.02655,1.338794502,4082.42,0.83682,1.758065838,11.54121654,0.754168334,-3.59574913,-3.620984321
14.73117,18.92469,1.284669853,4096.5,0.85864,2.159117484,29.31901717,3.05692058,-4.544680585,-4.106569285
9.58973,12.10597,1.262389035,3598.31,0.80888,1.382048811,13.91557384,0.923846802,-3.775772419,-3.71785833
18.83539,19.99314,1.061466739,4511.88,0.88116,2.752386426,12.19305785,1.157157956,-3.473491733,-3.506809575
19.48286,23.66615,1.214716423,6798.05,0.92768,5.217988019,6.630802001,0.752442418,-3.129571522,-3.141746432
15.01747,17.54724,1.168455139,4101.68,0.84342,1.864673955,15.89558267,0.832297233,-3.781066253,-3.752007331
10.13508,12.64353,1.247501746,2934.28,0.7804,1.246225314,16.38260115,1.498797422,-3.985060229,-3.961833024
15.02764,17.94872,1.194380488,5465.15,0.88344,3.170770225,10.29934847,0.948627277,-3.448695082,-3.482239231
16.44586,19.4107,1.180278806,5024.85,0.8808,2.671649216,10.22747617,0.901331187,-3.406487088,-3.472725255
17.57032,21.69198,1.234580816,5727.26,0.9059,3.931738185,9.247452997,0.827771298,-3.329053713,-3.325318471
14.6418,20.30595,1.386847929,2800.32,0.85054,1.462693189,15.26689319,0.536599278,-3.757594219,-3.634748605
14.60355,17.52308,1.199919198,5082.95,0.86924,2.498009903,9.915998005,0.605047403,-3.438889011,-3.442657892
14.60056,18.80054,1.28765883,2899.46,0.85678,1.523966389,14.1004972,0.547873547,-3.660610043,-3.650624169
16.96688,20.71961,1.221179734,5661.85,0.90156,3.652495199,9.822608047,0.852014229,-3.374834243,-3.418348565
22.05778,24.12654,1.093788223,6326.3,0.91756,4.524970781,11.18006715,1.035455395,-3.290591574,-3.307203917
27.18903,29.15383,1.072264439,7500.81,0.94614,7.660060235,5.869297209,0.862379968,-2.963306986,-2.957924518
13.60749,17.31227,1.272260351,4190.83,0.82096,1.888358313,12.75427923,0.748667278,-3.760756664,-3.779656895
12.37343,16.01966,1.294682234,5137.24,0.86764,2.575409476,9.482776878,0.736047913,-3.447045212,-3.416239974
15.7166,19.51701,1.241808661,5319.73,0.90042,3.384655866,13.64575663,1.257945731,-3.553306658,-3.550137418
22.05974,25.23584,1.143977218,6117.79,0.92122,5.013605886,9.36697928,0.862432678,-3.19528387,-3.209659234
28.9615,32.09205,1.108093503,7930.55,0.9367,6.810134865,7.006180703,0.884725974,-2.973853474,-3.045931973
15.15875,18.23996,1.203262802,2896.96,0.8582,1.48422813,13.90773236,0.502575614,-3.631671539,-3.612009237
17.69809,20.414,1.153457803,5398.48,0.89362,3.296906821,13.88295537,1.274070924,-3.604228238,-3.575497687
17.67556,19.75453,1.117618339,5450.26,0.88696,3.183061188,10.55620125,0.868317224,-3.441984434,-3.489903905
14.51942,19.21666,1.3235143,5396.08,0.87612,2.99409465,10.09854592,0.654472796,-3.424005076,-3.480875011
26.88763,30.28878,1.126494972,7041.75,0.94366,7.309527498,7.103711623,0.937065395,-2.971114717,-3.06546854
14.40871,22.53061,1.563679885,5485,0.88728,3.389177916,10.66575119,0.772252496,-3.447023474,-3.481087966
11.0351,12.87807,1.167009814,4267.43,0.8377,1.737894693,11.37215155,0.720659607,-3.531160721,-3.497362436
8.77025,16.03404,1.828230666,3887.72,0.82332,1.647823137,34.81949242,2.996647846,-4.901381813,-4.156701329
16.32783,20.4668,1.253491738,6138.51,0.91758,4.458275636,7.435672747,0.746925287,-3.194364373,-3.171776093
19.2309,22.50817,1.170416881,4550.9,0.91574,3.400129955,10.94835422,0.654934404,-3.245400918,-3.290163835
16.69275,20.92248,1.253387249,4892.91,0.89396,3.069864872,25.49765682,2.003939105,-4.133799374,-3.798663392
15.71712,17.89798,1.138756973,5114.94,0.85624,2.454506886,12.39879669,0.843969057,-3.620864631,-3.591081086
18.17757,22.00173,1.210377955,5478.35,0.88784,3.198340022,9.968542753,0.979845407,-3.389256475,-3.382459989
19.04893,22.20656,1.165764166,6008.3,0.92338,4.783014079,8.301735692,0.870168929,-3.203149192,-3.21659026
17.04416,20.93358,1.228196637,5953.85,0.91046,4.076418862,8.921929389,0.770456311,-3.321931449,-3.26658472
19.34034,21.12256,1.092150397,6315.47,0.92418,4.980088913,7.306787768,0.758898936,-3.158259668,-3.178425347
22.0765,24.89079,1.127478993,5647.62,0.92612,4.66617962,9.563798743,0.792206702,-3.197918387,-3.244765671
14.1969,20.23531,1.425332995,5451.43,0.89306,3.323261266,9.66487117,0.923078924,-3.361118001,-3.451828608
17.01292,19.01097,1.117443096,5357.46,0.88068,2.854087268,10.57166408,0.826888773,-3.514584818,-3.524796881
21.87942,25.42328,1.161972301,6611.02,0.93032,5.618315447,7.542770664,0.834345833,-3.109413224,-3.117726508
14.83872,19.12972,1.289175886,2867.08,0.85656,1.530634673,12.58204362,0.552312739,-3.65507764,-3.5887424
15.11493,21.50875,1.423013537,5980.85,0.90344,3.951796689,8.953705368,0.757000159,-3.346195429,-3.357952552
27.16182,30.35527,1.117571282,6682.38,0.94254,6.81040774,10.84698925,1.245594407,-3.180591598,-3.235410223
15.05237,16.92938,1.124698635,5011.25,0.88698,2.854356935,13.43111662,1.144306173,-3.579557698,-3.559434658
18.89406,23.1897,1.227353994,5816.78,0.91876,4.295940935,12.95978149,1.293748047,-3.424707754,-3.434576501
12.67382,16.04533,1.26602161,4484.37,0.86402,2.237194044,15.74203397,1.36511042,-3.703526337,-3.718571228
18.44369,22.45049,1.217245031,5505.7,0.90126,3.67046232,11.29860806,1.210982919,-3.382436028,-3.466829078
10.4537,12.28241,1.174934234,3871.26,0.8305,1.480764328,11.03672046,0.673504919,-3.495868668,-3.537933252
26.58569,29.76517,1.119593661,7144.14,0.9417,6.988134197,6.599042961,0.859009181,-2.992443231,-3.052820712
17.65423,22.44589,1.271417105,6253.82,0.92172,4.981300936,7.94838915,0.838232962,-3.200929754,-3.214132908
19.88383,23.43102,1.178395711,4641.31,0.88036,2.961881371,11.72952665,0.937852837,-3.477795346,-3.4392969
21.57005,25.1666,1.166738139,6516.44,0.92532,5.261954723,7.777076968,0.858228342,-3.132634133,-3.156733788
11.27084,14.1751,1.257679108,3621.01,0.81354,1.509683956,12.0273397,0.783801289,-3.598483063,-3.650155487
16.93003,19.39141,1.145385448,5320.62,0.88162,2.860767873,10.91101396,0.84005428,-3.514069909,-3.509530963
21.93242,24.9308,1.136709948,6403.28,0.91162,4.232730042,8.241004966,0.846107683,-3.258629915,-3.278398148
14.53981,22.21277,1.527720789,5519.35,0.8823,3.231453843,10.20291565,0.703696927,-3.462123695,-3.483339731
14.86325,19.86117,1.336260239,5959.6,0.90852,3.955039354,8.128988794,0.753974944,-3.27709123,-3.244378357
14.85852,20.62731,1.388247955,4531.67,0.87542,2.518013133,12.51619099,0.823214237,-3.596781952,-3.604412963
8.66567,14.65216,1.690828291,4467.11,0.81888,1.879061571,16.79505848,1.558857459,-3.881317036,-3.875140086
22.19492,24.87168,1.120602372,6709.41,0.92624,5.273483982,7.532585291,0.852014843,-3.172089259,-3.194956567
11.69604,18.29844,1.564498753,5878.87,0.88538,3.093149431,15.24314887,1.109376764,-3.624797311,-3.587275174
16.23564,20.53504,1.264812474,5240.79,0.89704,3.243974324,9.769250585,0.887113829,-3.362719159,-3.310006662
12.51026,15.52489,1.24097261,3810.09,0.85932,1.91928171,10.70510747,0.649831003,-3.513223569,-3.580734291
10.98009,14.25846,1.298574055,4240.07,0.83208,1.882171981,11.53117299,0.731646248,-3.616580923,-3.640599497
14.93496,16.22558,1.086416033,3804.53,0.82108,1.755213288,18.25040545,1.357045835,-4.028821046,-3.92528491
22.04316,24.18716,1.097263732,6414.15,0.91614,4.538132319,8.043413807,0.82273409,-3.220646341,-3.21947797
10.5545,13.98913,1.325418542,4005.94,0.84606,1.764842083,15.78322803,0.887350744,-3.687572286,-3.721977579
4.52274,7.29369,1.612670638,985.536,0.60902,0.430484969,27.4971726,3.642841849,-4.860323651,-4.977742686
16.64465,21.78461,1.308805532,5823.05,0.90632,3.893194041,9.235707405,0.927193369,-3.285490632,-3.323600653
15.04018,17.97823,1.195346731,5147.54,0.8799,2.89679966,12.28195275,0.931491788,-3.524445882,-3.570260787
27.06742,28.86271,1.066326602,6768.54,0.93046,5.654332541,8.379693985,0.891757834,-3.173096593,-3.114428097
16.47099,18.54818,1.126112031,5884.34,0.8914,3.287067084,9.63368109,0.815682282,-3.442965274,-3.384762234
19.06062,21.30077,1.117527656,5286.36,0.89052,3.42719915,17.28507811,1.265710179,-3.688989941,-3.641164832
22.37416,26.16801,1.169563908,6542.82,0.92708,5.481269511,8.451360592,0.889129406,-3.18776759,-3.213766404
15.00541,17.32343,1.154478951,4939.52,0.88564,2.646142263,9.762579307,0.673748451,-3.391609315,-3.365528436
11.40756,14.11041,1.23693498,3722.17,0.8309,1.581266117,15.09298521,1.383660051,-3.710340046,-3.766446701
19.11965,22.32451,1.167621269,5775.95,0.90886,3.82827802,14.06204832,1.341775847,-3.543531739,-3.531456834
10.55154,12.93182,1.225586028,4775.39,0.85842,2.104749552,10.51857393,0.76336396,-3.439692522,-3.459491619
16.39228,21.02307,1.282498225,6215.58,0.9157,4.367464133,7.606144676,0.752460574,-3.185927345,-3.209216894
12.99803,16.9401,1.303282113,4935.07,0.87584,2.551594747,9.490581479,0.59700143,-3.35457958,-3.399092528
21.97285,25.30627,1.15170631,5545.14,0.92586,4.651113723,9.565313035,0.82715061,-3.226226428,-3.211497082
9.28206,11.56741,1.246211509,3140.61,0.78988,1.17505296,14.192332,0.763371422,-3.815898592,-3.823420175
18.50152,21.77681,1.177028158,4894.52,0.89,3.175339387,16.57973301,1.69311265,-3.667771689,-3.615508117
26.71551,28.89089,1.081427605,6870.01,0.9313,5.814229348,8.050249995,0.912556859,-3.137733309,-3.132267621
10.94385,12.59376,1.150761387,5030.05,0.8614,2.235759169,9.484046229,0.693194725,-3.413976561,-3.399739758
11.69169,13.53128,1.157341667,3382.98,0.81382,1.395006008,16.2847673,0.976182455,-3.776029754,-3.762823907
14.30512,21.43221,1.498219519,4299.27,0.86532,2.272964873,14.61752092,0.782293924,-3.654456465,-3.702023519
11.89098,14.91638,1.254428146,2934.69,0.79326,1.246911252,17.33405628,1.037162747,-3.947630103,-3.96933802
16.21715,20.10541,1.239762227,5538.46,0.89596,3.432323511,15.79607577,1.466318505,-3.699090663,-3.683454027
15.18554,17.20225,1.132804629,4710.83,0.85518,2.233866649,13.23564208,1.175761216,-3.633084886,-3.651920507
5.24685,9.61645,1.832804445,1093.72,0.64532,0.42600441,36.57770939,1.491539072,-5.163193348,-4.560529493
22.1668,25.76537,1.162340527,6725.43,0.92686,5.643739192,8.738335868,0.939671568,-3.186075614,-3.191801932
17.65234,21.49575,1.217728075,5692.05,0.91596,4.169367467,9.102963655,0.878449064,-3.282082145,-3.320049082
15.26847,19.34465,1.266967155,5066.35,0.89876,3.27823169,14.03890423,1.385783911,-3.582045214,-3.589828328
11.79982,15.32515,1.298761337,4618.23,0.84228,2.142350257,11.36937239,0.916573408,-3.549726277,-3.593483869
14.52992,22.54506,1.551630016,4752.66,0.89674,3.249281653,21.77648496,1.968233791,-3.948512837,-3.784382654
16.43891,19.22847,1.169692516,5119.38,0.8776,2.741463384,10.45604464,0.766594789,-3.52850721,-3.472617282
11.225,18.1985,1.621247216,4859.66,0.84262,2.417612055,21.98558904,2.088057416,-4.090105038,-3.931262
14.52681,21.09801,1.452349828,3011.29,0.88326,1.95734553,14.41982841,0.573600641,-3.605267589,-3.530572393
10.86528,14.27546,1.313860296,4261.58,0.83704,1.854525313,12.39067154,0.755271093,-3.630073891,-3.584551285
22.15577,26.19702,1.182401695,6721.09,0.9277,5.603508157,7.525527987,0.852533875,-3.154513368,-3.137276023
15.62477,19.83024,1.269154042,5923.2,0.88536,3.499128538,11.42000698,0.953020577,-3.519114827,-3.490728105
10.18273,12.85291,1.262226338,4041.7,0.8077,1.471273999,17.18907834,1.259415782,-3.823308163,-3.80215301
14.16331,19.39692,1.369518848,5654.02,0.898,3.531665035,9.303040809,0.870809043,-3.325450398,-3.309062784
15.93726,18.96401,1.189916585,5717.71,0.87952,3.004594756,10.30484661,0.857471472,-3.483747308,-3.448920072
16.36915,20.52539,1.253906892,4238.03,0.8871,2.547922543,11.03511101,0.650935898,-3.488092272,-3.458315091
22.16085,26.78392,1.208614291,6925.19,0.9395,6.671069075,6.409384207,0.854545484,-3.061922287,-3.01951581
16.4562,18.61618,1.131256305,3728.87,0.86286,1.792095638,11.32646234,0.630613007,-3.567139461,-3.597346789
15.70359,18.39371,1.171306052,4223.91,0.87236,2.261318126,12.28424929,0.856847625,-3.477008807,-3.537076997
10.825,12.85131,1.187187991,2658.15,0.81744,1.134794306,14.37804279,0.644363272,-3.736549943,-3.727256615
16.57572,19.20607,1.158686923,5174.46,0.88448,3.018342519,10.53678348,0.95371127,-3.40022495,-3.400465852
17.13008,22.17367,1.294428864,6014.07,0.90426,3.783530475,8.720633925,0.82616523,-3.306412245,-3.306843255
21.56579,24.24993,1.124462865,6356.87,0.907,4.048095119,8.567909452,0.858202515,-3.269816914,-3.295910453
11.50353,12.61407,1.096539062,3659.79,0.80622,1.475326139,16.28402828,1.501372091,-3.853554653,-3.867676231
15.74755,19.51656,1.239339453,4142.96,0.87978,2.340132942,12.69866591,0.866561884,-3.516137824,-3.527178323
16.33805,18.77543,1.149184266,3708.03,0.86166,1.808883823,11.20235185,0.643230975,-3.571375849,-3.510840861
14.10022,20.30745,1.440222209,6393.75,0.90208,3.881232763,11.67856989,0.998611045,-3.406063338,-3.416883856
10.09785,13.80804,1.367423759,4147.29,0.82632,1.729929804,13.50139221,0.855946256,-3.68335542,-3.748581242
10.47704,13.3302,1.272325008,4389.11,0.83078,1.796603499,12.46284736,0.937792869,-3.648941534,-3.726276477
18.53749,23.50538,1.267991513,5877.84,0.91062,4.302033335,9.35724909,1.031664654,-3.324926042,-3.298708508
15.97887,19.91934,1.246605048,5337.94,0.89968,3.481073635,10.95790044,0.889968011,-3.403512379,-3.399303274
17.55189,22.89908,1.304650382,6220.72,0.91944,4.763296136,7.9375893,0.820988742,-3.240773256,-3.264651533
10.94865,14.31708,1.307657108,3605.83,0.83474,1.580902058,11.77691462,0.703967829,-3.614429776,-3.592877266
16.0158,21.99668,1.373436232,5797.42,0.91324,4.048534177,8.75175804,0.813962015,-3.271013443,-3.307953065
17.6065,22.35806,1.26987533,6286.77,0.91646,4.621536848,8.15564135,0.819532034,-3.264098221,-3.25508124
13.94041,16.88796,1.211439262,5021.66,0.87222,2.608367998,13.6025515,1.211535629,-3.579357296,-3.578661876
11.8892,14.82646,1.247052787,4583.35,0.86222,2.214727519,13.29049434,1.12219714,-3.639224578,-3.692312351
10.07184,13.19419,1.310007903,3095.18,0.80368,1.241394437,13.15784671,0.731310602,-3.656001171,-3.679120521
15.46447,18.70511,1.2095539,5513.65,0.89564,3.356719886,10.14827456,0.900855259,-3.412834667,-3.42796427
10.34785,14.45733,1.397133704,4320.5,0.8367,1.893479073,12.49541857,0.821614992,-3.624449825,-3.691058697
8.7413,15.77896,1.805104504,4039.86,0.8112,1.653317028,18.73407651,1.255913103,-3.961429037,-3.933068169
15.02755,20.99669,1.397213119,4222.46,0.90188,2.770693103,10.33608808,0.611244347,-3.455953047,-3.381315763
26.0233,28.19417,1.083420243,7067.19,0.93076,5.681567076,7.015766564,0.812682788,-3.087696081,-3.115658888
23.09142,23.86114,1.033333593,6263.34,0.899,3.596100691,12.66987901,1.015028571,-3.423058559,-3.406866981
14.49292,19.32409,1.333346903,5848.86,0.88496,3.196832645,12.13204839,1.051271523,-3.526200147,-3.522122262
13.91814,16.09669,1.156525944,3373.24,0.80218,1.532278552,15.55532582,0.874325484,-3.895693977,-3.938073108
16.48355,20.89125,1.267399923,5609.82,0.9075,3.702676127,8.243146085,0.694588758,-3.276484321,-3.314446797
19.22744,23.00274,1.196349592,6291.58,0.9146,4.244378959,7.581701796,0.733844386,-3.170143171,-3.155869851
16.39172,21.08529,1.286337858,5515.69,0.90636,3.78515855,9.274024754,0.87774237,-3.294049366,-3.260702063
26.28237,28.69642,1.091850545,6572.85,0.91976,4.910047939,8.596697408,0.941199603,-3.254235323,-3.239730742
9.70589,12.10053,1.24672029,2582.28,0.8021,1.0430402,15.20981742,0.870459058,-3.825322381,-3.791311079
10.07871,14.49356,1.438037209,3886.4,0.82972,1.707875345,19.1383731,2.204911257,-3.972621154,-3.89663595
16.99024,20.53036,1.208361977,3983.41,0.89228,2.503071753,14.48220542,0.935223609,-3.597836053,-3.593546585
15.2191,21.28945,1.398863928,5582.02,0.89762,3.47819011,10.13187314,0.806671943,-3.406950701,-3.449379981
10.92749,14.96018,1.369040832,4501.99,0.84196,2.058566808,11.34888955,0.896589348,-3.561451302,-3.553381192
9.48999,16.39022,1.72710614,4280.55,0.84134,1.915471025,27.39218758,2.763646914,-4.453409436,-4.061788486
11.66352,15.5622,1.334262727,4625.68,0.86006,2.273781166,11.00607399,0.85125664,-3.522284462,-3.543927183
14.56712,20.98056,1.44026822,5429.73,0.87894,3.151248754,10.30779127,0.698207905,-3.491771652,-3.46628548
26.88373,29.28148,1.089189633,6503.17,0.9268,5.502746029,8.914459362,0.909533774,-3.170132417,-3.164577607
14.98958,21.47436,1.432619193,3089.51,0.89102,2.105549215,12.41145912,0.543588863,-3.48792334,-3.42296933
14.7872,18.16248,1.228256871,5517.96,0.90282,3.442579819,7.633616176,0.631215704,-3.199722225,-3.258452578
11.05144,15.42888,1.396096798,6178.01,0.87448,2.998326796,13.0754678,1.086673168,-3.596848918,-3.54180668
19.29703,22.2306,1.15202184,6528.33,0.91806,4.404327281,7.316257495,0.730253107,-3.161375059,-3.20262323
8.79032,11.5785,1.317187543,4017.31,0.82094,1.552746159,11.53237667,0.78001135,-3.543498814,-3.600399432
10.88898,13.42667,1.233051213,3762.16,0.83144,1.652627101,38.90135095,2.287523233,-4.573430407,-3.963710289
10.16112,15.71785,1.54686196,3738.32,0.8295,1.613317307,16.50071361,1.06910508,-3.824657995,-3.839499027
15.80014,20.80932,1.3170339,5907.26,0.89404,3.510995916,9.323406757,0.837634896,-3.398952697,-3.4180173
17.5324,22.2026,1.266375396,5920.54,0.91182,4.195555147,9.107759335,0.884982444,-3.29152495,-3.352238639
16.21033,18.0751,1.115035906,3859.31,0.87662,2.006789873,10.19473014,0.548852535,-3.472052007,-3.468056702
16.12887,21.17734,1.313008289,5466.39,0.8933,3.346645487,9.196922563,0.738290856,-3.39860036,-3.460212114
18.95374,22.86895,1.20656662,4630.59,0.9161,3.426709708,9.655695995,0.619889899,-3.201409587,-3.171612391
10.6213,13.79663,1.298958696,3850.73,0.81822,1.670822179,11.95944116,0.65908767,-3.62493609,-3.693680216
10.95802,12.38401,1.130132086,5345.79,0.86738,2.472027314,9.366012895,0.704787443,-3.39883661,-3.377223539
11.11483,13.90084,1.250657005,2702.03,0.82298,1.217323391,12.80112754,0.641031643,-3.695452681,-3.717872839
17.6329,22.40995,1.270916866,5919.62,0.90096,3.741046626,8.975989008,0.825509524,-3.293440275,-3.266527803
18.46311,22.34121,1.21004587,5617.58,0.91746,4.195963467,13.13766742,1.163055697,-3.439281724,-3.475291895
15.94693,21.4851,1.347287534,5607.49,0.90514,3.90101152,10.1604957,0.868954072,-3.367296024,-3.378337227
11.685,14.12024,1.20840736,4064.96,0.82872,1.864919786,12.61240244,0.805063574,-3.679393598,-3.702214945
16.24405,18.32856,1.128324525,5286.06,0.8709,2.681548765,16.79057061,1.745222123,-3.911383932,-3.877130538
16.62931,18.964,1.140396084,5205.72,0.8818,2.830936765,13.31980204,1.235487163,-3.579967735,-3.590738423
14.91433,17.85185,1.196959568,5430.24,0.8836,2.904878065,9.927414149,0.757400421,-3.405179402,-3.405862103
21.55558,23.88743,1.108178486,5957.55,0.92748,4.899110482,7.822261085,0.755234316,-3.166531171,-3.181416173
19.53124,24.34877,1.246657662,6573.1,0.92552,5.196047608,7.573344325,0.786395591,-3.143865511,-3.191738195
10.5276,12.10492,1.149827121,4387.97,0.8462,1.827408975,21.73357616,1.56421262,-3.88944488,-3.757761456
14.50107,20.05552,1.383037252,2834.79,0.86108,1.529835234,18.69005452,0.754140903,-3.936290573,-3.785300635
16.37924,19.48503,1.189617467,4374.37,0.87294,2.261414712,19.74873181,1.795957153,-3.90823195,-3.858833683
19.26226,22.34037,1.159800044,6192.14,0.91336,4.114067448,8.19643183,0.71414141,-3.205482548,-3.211328759
19.51722,21.97426,1.12589088,6383.55,0.912,4.016099627,7.31920224,0.706556135,-3.17773742,-3.187726864
17.63558,23.43143,1.328645273,6343.74,0.92078,4.937687688,8.256534224,0.866119548,-3.242402388,-3.212714485
10.18721,12.29804,1.207203935,3888.72,0.8097,1.636121158,14.0693723,0.762369193,-3.713839916,-3.714627728
14.379,17.85154,1.2415008,5789.93,0.90788,3.687720866,6.968975508,0.580793799,-3.161062595,-3.181016621
5.77092,10.69227,1.852784305,2525.46,0.71134,0.893642093,37.46852671,4.442701894,-5.011020655,-4.417378942
14.98361,18.5665,1.239120612,5077.8,0.86242,2.464916342,11.34323053,0.841535093,-3.611648161,-3.600457325
11.40609,13.95433,1.223410476,4678.97,0.84998,2.105630837,11.43348518,0.694952481,-3.56975909,-3.596392727
16.05247,20.71221,1.290281807,6127.06,0.9074,4.104340904,9.18624854,0.831165584,-3.337082752,-3.36302639
9.32356,12.40166,1.330142135,4897.31,0.84194,1.936393452,10.55848439,0.719514646,-3.489062517,-3.501563459
16.53187,20.01431,1.210650096,4909.24,0.88968,2.841656419,16.55210529,1.567755158,-3.688142496,-3.681092081
5.74192,9.61066,1.673771143,1359.85,0.65638,0.518537244,29.28490684,2.127213628,-4.950250911,-4.630671335
22.73521,25.99472,1.14336837,4703.22,0.88268,3.216658346,11.65142977,1.01766249,-3.490192537,-3.46718062
26.59035,28.85043,1.084996249,7382.11,0.94538,7.568125781,5.699115644,0.853022919,-2.941790958,-2.951374058
17.99714,20.76882,1.154006692,5446.79,0.90542,3.686323367,12.13094551,1.185811267,-3.496232158,-3.496556366
9.03064,14.05914,1.556826537,3906.31,0.80376,1.52666188,17.15673443,1.676361265,-3.868834693,-3.853285844
10.24762,12.80773,1.249824837,4298.42,0.819,1.744356931,12.53211923,1.032816892,-3.685948282,-3.692360254
14.08562,16.37545,1.162565084,5212.25,0.87672,2.792084127,9.329271185,0.711275151,-3.412279693,-3.419025216
11.09413,12.81085,1.154741291,4349.9,0.84708,1.87242621,9.697072498,0.620682698,-3.384851102,-3.465900176
15.47282,22.1515,1.431639481,5956.45,0.90562,4.112790423,9.104671363,0.78452834,-3.311820237,-3.380894309
21.85743,24.50917,1.121319844,6548.2,0.91792,4.704845183,7.593054096,0.802042292,-3.179574811,-3.220707083
17.24277,19.45903,1.128532713,4913.3,0.888,2.909186214,15.7308952,1.362423489,-3.582851152,-3.585746411
14.46574,19.94563,1.378818505,5416.34,0.87154,2.917278938,10.56002351,0.682059848,-3.510630559,-3.494101614
15.40704,19.66784,1.276548902,5642.58,0.8785,3.165857034,11.69563649,0.934879385,-3.582358322,-3.584884489
15.57368,18.65806,1.198050814,4741.31,0.8539,2.18280444,14.37414859,0.919115729,-3.749452048,-3.690532074
21.28541,26.0598,1.224303408,5544.14,0.92328,4.495209161,9.091681157,0.861194609,-3.222737174,-3.22382441
16.98428,19.16233,1.128239172,5368.86,0.88214,2.883488925,11.43080821,0.954567858,-3.508088081,-3.56044591
11.19152,12.68743,1.133664596,4554.18,0.8604,2.037216373,9.9499483,0.677132177,-3.430948568,-3.446401454
19.1702,22.22692,1.159451649,6061.09,0.91074,4.030928839,8.94425831,0.74365876,-3.272288886,-3.28241709
16.55509,20.4391,1.234611228,5092.9,0.90126,3.322470527,18.20258225,1.682636495,-3.765515195,-3.710673649
9.76034,11.77659,1.206575796,3475.62,0.7928,1.311241147,20.34272106,2.736211608,-4.010919105,-3.976621798
21.42291,24.32976,1.135688849,5907.67,0.90798,4.072882884,10.26797456,0.880491557,-3.302042506,-3.290823955
12.42581,16.25096,1.307839087,4114.58,0.84584,1.96802632,14.82589328,0.768785049,-3.759884297,-3.725467533
10.2014,12.84067,1.258716451,3501.56,0.80862,1.399945984,13.29430857,0.923731048,-3.67964428,-3.663577598
14.65325,19.68967,1.343706686,3004.71,0.87464,1.733549769,12.05270466,0.465064685,-3.543001766,-3.488642429
11.23403,13.37232,1.190340421,2996.84,0.81264,1.19842322,12.74836328,0.717158996,-3.64809115,-3.665949059
26.60005,28.09238,1.056102526,5851.65,0.92766,4.702655845,8.640610639,0.77748335,-3.159057819,-3.156609815
16.09928,18.17332,1.128828122,5970.63,0.91224,3.932747025,6.878803234,0.605064965,-3.157666304,-3.126567669
11.73748,16.16742,1.377418321,5213.13,0.85592,2.405046574,15.76751846,1.562201427,-3.698089972,-3.705576248
22.16543,24.03538,1.084363353,6355.46,0.91472,4.46464045,8.327706644,0.792352219,-3.253056649,-3.239139412
11.47955,14.25874,1.242099211,4186.75,0.82442,1.842357553,16.82965568,0.822376096,-3.896152487,-3.830656175
15.4907,18.85324,1.217068305,5425.63,0.88884,3.194244294,9.924556723,0.895063557,-3.404264346,-3.456877282
13.67051,15.73865,1.151284773,3025.97,0.85554,1.613550551,12.5688538,0.609757748,-3.566560966,-3.631343039
9.29743,12.29443,1.322347143,4856.7,0.84326,1.912609578,10.20148832,0.669200182,-3.444303812,-3.501908353
11.93577,13.67133,1.145408298,4425.29,0.82076,1.844230432,12.01679405,0.976875344,-3.644901453,-3.675398181
9.18859,11.86852,1.291658459,4701.91,0.8407,1.8635881,10.67133685,0.748104223,-3.533531768,-3.573908285
24.23315,27.90404,1.151482164,6720.86,0.92782,5.651442981,8.062179562,0.93650351,-3.184654922,-3.130439974
10.59283,16.67793,1.574454608,5583.72,0.86358,2.676746543,13.86237331,1.140036289,-3.634897805,-3.631937241
16.58889,23.23769,1.400798366,6049.72,0.91534,4.488082805,8.775261316,0.952249227,-3.212467276,-3.251781386
24.74153,27.69258,1.119275162,6691.58,0.93218,6.046285366,8.029438989,0.94771351,-3.142325988,-3.218936642
11.65615,15.57023,1.335795267,4031.34,0.85134,1.899426384,16.60606867,1.663775464,-3.77663554,-3.763066627
10.12711,14.74879,1.456367118,4766.85,0.82204,1.985397652,17.744296,1.454065498,-3.939029222,-3.887978034
14.28446,17.09421,1.19669977,5602.65,0.8968,3.344284548,7.879919808,0.635931125,-3.238062601,-3.240069571
25.42691,27.93724,1.098727293,6623.74,0.93344,6.0747104,7.546766594,0.914810848,-3.141622711,-3.098571574
11.76948,13.71799,1.165556167,3942.93,0.81904,1.660217338,16.27986384,1.318061233,-3.770553502,-3.754480066
14.5552,20.83469,1.431425882,5378.03,0.8792,3.132180735,10.68886576,0.733881878,-3.487381134,-3.479162059
19.19222,23.92025,1.246351386,6536.31,0.92806,5.124345694,7.022614792,0.760343835,-3.086461622,-3.162873527
17.59438,20.49565,1.164897541,5600.36,0.89512,3.386526835,12.02238374,1.091234815,-3.458797898,-3.431837901
11.68169,13.20057,1.130022283,3826.97,0.81074,1.543085104,15.65939413,1.018828231,-3.81608896,-3.810320195
15.32054,17.58003,1.147481094,5136.34,0.85422,2.41286,10.77620993,0.814643648,-3.554256303,-3.54495047
21.81941,24.78741,1.136025676,5976.92,0.91208,4.224470135,21.35836398,1.518260773,-3.669618454,-3.543869934
18.3148,22.17563,1.210803831,6374.29,0.91484,4.676354974,8.086202134,0.836981336,-3.235686534,-3.224918214
14.59248,17.29075,1.184908254,5455.98,0.86424,2.602121465,11.49106209,0.851903528,-3.584493188,-3.566095481
11.77331,13.20341,1.121469663,5089.86,0.87272,2.417768125,9.832474799,0.70697113,-3.406312541,-3.444396089
18.15451,23.40602,1.289267515,6193.61,0.91918,4.637545155,7.923921201,0.800930062,-3.219030736,-3.208625888
14.06888,18.32042,1.302194631,5058.3,0.8709,2.611253366,10.47305685,0.9371708,-3.463839137,-3.529820143
22.12165,24.86643,1.12407664,5628.31,0.91014,3.935059882,9.11238699,0.828422046,-3.294257693,-3.290393086
17.03517,18.86638,1.107495845,5154.2,0.88118,2.748594012,12.88201287,1.229573056,-3.601912455,-3.618472116
17.59137,21.55059,1.225066041,5694.25,0.90842,3.939665977,13.83273201,1.411160604,-3.570125864,-3.536838941
17.53807,22.52219,1.284188625,6030.56,0.91208,4.226721473,9.203131908,0.873641493,-3.324036041,-3.366307732
14.84931,21.73937,1.463998664,4695.91,0.89686,3.222197472,20.31335892,1.901015175,-3.821478839,-3.726434037
21.83842,24.83278,1.137114315,6262.59,0.9286,5.270267202,12.25388979,1.28537822,-3.351494694,-3.347077833
22.01534,24.96146,1.133821236,6619.92,0.92754,5.460807517,7.903165509,0.848396024,-3.14746528,-3.125177779
14.97859,18.09086,1.20778124,4465.63,0.86524,2.289358099,21.85288258,2.193474486,-3.972341954,-3.915115587
15.83907,19.66027,1.241251538,5802.24,0.91052,4.09896729,9.090531713,0.879400673,-3.281708549,-3.312388978
18.79228,22.95764,1.221652721,5809.44,0.92516,4.889050948,7.806445722,0.83417183,-3.154686707,-3.143624435
16.69108,20.16892,1.208365187,5229.63,0.896,3.252752678,15.40531559,1.223531561,-3.617552277,-3.584489593
19.69919,23.32705,1.184162902,6624.04,0.92508,4.924069431,6.448684169,0.701089278,-3.084414008,-3.080687768
17.0445,22.67185,1.330156355,5725.76,0.90408,3.900427111,9.939007259,1.018108682,-3.339827548,-3.373581989
22.28754,25.12813,1.127451931,6176.61,0.91644,4.451655211,13.10758907,1.377331024,-3.490577996,-3.436954539
16.44089,19.12698,1.163378625,4592.61,0.87674,2.424230694,17.02562235,1.666289364,-3.819248856,-3.746770999
10.08563,13.71991,1.360342388,3669.03,0.8162,1.571107937,18.63052116,2.247876593,-3.994972128,-3.946342464
21.88216,26.00372,1.188352521,4868.64,0.9216,3.914422967,8.622929867,0.660444505,-3.18373363,-3.191435017
16.47056,21.09262,1.280625553,4418.32,0.89202,2.674602342,19.02994173,1.584769682,-3.836617797,-3.759055997
14.51847,18.83895,1.297585076,5142.32,0.86168,2.69525153,11.96946408,0.780188854,-3.623320128,-3.619264867
19.55638,20.91688,1.06956809,4868.35,0.89726,3.001893623,9.544591719,0.689316996,-3.395990236,-3.364656116
14.15328,17.59506,1.243178966,5118.86,0.88548,2.785938793,8.370289094,0.589213059,-3.338132636,-3.307407276
15.69354,19.20559,1.223789534,4357.33,0.8795,2.515185486,13.34733527,0.878890785,-3.615719116,-3.594520586
16.47704,20.96454,1.272348674,5695.58,0.9003,3.599947218,10.03171865,0.831483533,-3.435943101,-3.40616098
15.15179,20.66357,1.363770881,6133.12,0.90318,3.972763621,8.925389046,0.776258367,-3.319536545,-3.31097034
14.41106,17.67846,1.226728638,5202.55,0.89296,2.914274711,7.818890556,0.573890305,-3.241809417,-3.219734197
12.10127,15.36328,1.269559311,4680.64,0.86076,2.361468524,10.53431127,0.779159315,-3.517914029,-3.555518299
27.2542,30.71814,1.127097475,7236.34,0.94374,7.518223171,6.928794008,0.918327815,-2.986561094,-2.985584368
21.88714,25.03531,1.143836518,6370.33,0.92252,5.018113774,8.343902025,0.807293965,-3.198259942,-3.213481209
11.60119,14.44233,1.244900739,3534.45,0.8396,1.614385645,11.94407262,0.785836733,-3.552213751,-3.583390959
11.16452,14.80058,1.325679922,4360.21,0.84106,1.874512461,11.45331974,0.81407786,-3.552511543,-3.588545145
11.45835,15.03476,1.312122601,4192.76,0.8477,1.999485799,21.04107401,2.220993524,-3.959951348,-3.860029877
13.93358,16.90755,1.213439044,5507.1,0.89798,3.303789877,8.403467734,0.631693648,-3.311651544,-3.328951616
21.54252,26.08296,1.210766428,6610.67,0.92856,5.603997683,7.947129197,0.900004194,-3.190043024,-3.19602648
14.75116,21.29529,1.443634941,6043.54,0.90198,3.957371755,9.016487065,0.734687598,-3.340039503,-3.374831035
18.4439,22.44763,1.217076106,6039.17,0.9059,4.054513718,11.64575174,1.071410847,-3.449488001,-3.487654728
15.32943,18.0896,1.180056923,4853.65,0.87658,2.607076682,14.61098199,1.576737994,-3.689750453,-3.700448957
11.45982,14.79417,1.290960067,4376.73,0.8457,2.185576282,11.83218258,0.828593324,-3.616976105,-3.600374803
21.23862,26.71497,1.257848674,6656.99,0.93562,6.466063567,7.160213337,0.904619027,-3.079457142,-3.053832582
15.7686,19.18805,1.216851845,5192.14,0.88294,2.899629229,10.3375619,0.897010595,-3.446571816,-3.490843689
21.87418,27.32376,1.249132996,6975.29,0.94078,6.995791133,6.392433416,0.882582096,-3.009762675,-3.028475322
9.60167,14.20074,1.478986468,4048.74,0.8017,1.57389266,19.01089589,2.309795002,-3.919701601,-3.944135494
21.27132,25.71082,1.208708251,5985.17,0.929,5.329890993,8.347889477,0.858262313,-3.154953361,-3.120300036
27.12549,30.34669,1.118751772,6970.59,0.94376,7.125136839,8.827041119,1.102226668,-3.053397939,-3.121430891
21.46881,26.18832,1.219831001,6412.45,0.924,5.348924716,8.253698251,0.945721604,-3.197070916,-3.207331413
14.67985,18.28194,1.245376485,4066.43,0.84554,1.962060124,16.15760432,1.450303136,-3.884513296,-3.784179723
24.48449,26.54983,1.084352992,6016.27,0.93334,5.557977228,8.170820733,0.879235287,-3.139491793,-3.183685098
8.01733,12.06142,1.504418553,4784.38,0.80566,1.748196818,26.53202427,1.742031119,-4.271342341,-3.876916669
16.75168,22.22741,1.326876469,5291.11,0.90334,3.597373273,9.423088491,0.842081099,-3.302700552,-3.381070922
13.74379,15.89557,1.156563801,5424.68,0.88344,2.992764032,9.194877341,0.767282316,-3.38148682,-3.392214097
11.02865,12.7021,1.151736613,4223.18,0.84098,1.741869872,11.90699544,0.868477737,-3.571289045,-3.572328699
14.97462,20.23914,1.351562844,3575.01,0.88222,2.071084818,14.66455871,0.626658838,-3.643791898,-3.546212443
14.80456,19.37084,1.3084374,5845.4,0.90182,3.603316352,8.083077313,0.696086989,-3.318289229,-3.301657784
15.88587,19.73001,1.241984858,5097.45,0.90406,3.397865951,14.43729387,1.260166214,-3.546486405,-3.493404129
10.8843,13.94059,1.28079803,3988.18,0.81352,1.580522074,12.69613887,0.787168928,-3.656304066,-3.750929006
13.9365,16.02465,1.149833172,4917.18,0.87112,2.559648339,10.02452037,0.84051291,-3.449784018,-3.437140128
13.62354,15.54384,1.140954554,4871.27,0.86856,2.485633829,11.06627776,0.725443903,-3.523004615,-3.5481465
19.3899,24.26649,1.251501555,6506.74,0.92758,5.149731848,9.023272277,0.942431756,-3.223446084,-3.245663512
32.86475,33.43567,1.017371804,3637.93,0.86984,2.113226616,11.98298262,0.846218892,-3.489970919,-3.531549401
16.47373,23.56982,1.43075187,5206.7,0.91726,4.112812465,15.06451797,1.512330938,-3.550968858,-3.550113843
11.03311,16.86769,1.528824602,5704.18,0.877,2.83107794,12.76611016,1.016124313,-3.558167556,-3.562134611
17.59783,20.69509,1.176002382,5800.01,0.89872,3.608114564,10.25961591,0.947015609,-3.41638951,-3.489155475
16.53375,20.36398,1.231661299,4596.97,0.8873,2.707196817,32.60615231,2.266080205,-4.662573061,-3.927262726
17.59752,21.34514,1.212962963,5991.36,0.90854,4.146691009,9.304811974,0.877824906,-3.31684501,-3.307780853
21.74486,24.08231,1.107494369,5822.79,0.91072,4.110433601,12.899965,1.31791933,-3.465831341,-3.467626866
13.89977,20.61416,1.483057633,2834.5,0.85808,1.502422386,12.70082384,0.525305157,-3.61216267,-3.59482918
14.81255,16.79413,1.133777101,4916.16,0.87238,2.560333872,12.25745296,0.879834878,-3.592983446,-3.590709911
27.22358,29.93626,1.099644499,7589.85,0.9491,8.10586909,5.449826921,0.857699351,-2.873804865,-2.948191087
14.77018,19.38588,1.312501269,4997.98,0.88088,2.818121615,10.30932989,0.687979713,-3.504038573,-3.473878607
17.55596,22.81664,1.299652084,5899.66,0.92236,4.622315768,11.99002392,1.197488048,-3.378401364,-3.374307456
20.09532,24.15224,1.201883822,6651.61,0.93014,5.577850272,7.430940342,0.804690128,-3.102306416,-3.160904063
14.85674,21.15474,1.423915341,4624.43,0.88264,2.810123116,27.21850529,2.185161212,-4.089306262,-3.857800876
14.70022,16.63609,1.131689866,4055.61,0.85894,2.020445799,12.56905539,0.905985121,-3.541374715,-3.558871835
10.44024,12.6819,1.214713455,3409.03,0.78394,1.406142659,12.9088017,0.8230711,-3.735846316,-3.756164215
26.36056,29.4251,1.116254738,7267.67,0.93968,6.52641668,5.745712956,0.773553093,-2.973116981,-3.050438306
18.29768,21.52235,1.176233818,5973.03,0.90408,3.822780742,8.705212606,0.80354662,-3.294940635,-3.335624424
16.65239,22.07369,1.325556872,5723.73,0.91636,4.240758224,12.73394813,1.247781734,-3.485654765,-3.45752251
15.04434,19.96612,1.327151607,6040.24,0.9083,3.996093217,8.168056088,0.773285664,-3.268368177,-3.300920446
12.01534,14.54118,1.210217938,4441.78,0.8461,2.08067951,11.0649443,0.842672362,-3.56735096,-3.555061884
15.96609,20.82549,1.304357548,5376.81,0.88834,3.119324686,10.35790811,0.805938664,-3.460200182,-3.485931363
19.52589,25.07134,1.28400498,6958.07,0.93696,6.213221398,6.300008099,0.795579321,-3.045231819,-3.089703069
22.35476,28.30382,1.266120504,7036.44,0.94482,7.505242755,6.751192693,0.924522194,-2.984829972,-3.002903734
14.61792,21.77109,1.489342533,4864.3,0.89668,3.212018742,17.85441533,2.011394507,-3.801411286,-3.759839615
15.5393,17.17668,1.105370255,5613.34,0.85792,2.622012903,11.6062739,1.082277074,-3.640043146,-3.643185961
11.81696,12.57368,1.064036774,3580.26,0.82562,1.526125204,12.48537029,0.839640686,-3.556565834,-3.683350222
16.52245,20.7555,1.256199898,5678.88,0.89864,3.586798169,10.17250774,0.893201684,-3.439971385,-3.41385829
22.66661,24.41213,1.077008428,5214.61,0.91094,3.688359645,11.29332796,0.824133621,-3.371362276,-3.342172262
17.63282,23.40794,1.327521066,6241.8,0.9203,4.587439498,7.837231835,0.796869126,-3.198942259,-3.255432358
15.42526,20.49406,1.328603861,5010.62,0.87956,2.861381307,10.76937339,0.666561954,-3.477229603,-3.47691378
14.37125,16.67523,1.160318692,4932.7,0.86856,2.520370499,15.93163229,1.453581413,-3.65492838,-3.668168828
12.51883,14.64783,1.170063816,4427.75,0.8466,2.099827371,10.93170931,0.802440967,-3.510833079,-3.516637512
15.66581,20.99707,1.3403118,5279.25,0.88722,3.032681258,10.87222561,0.845559835,-3.528798637,-3.48364244
15.92024,20.76548,1.304344658,6026.78,0.89176,3.679560975,10.49660539,1.033007282,-3.504471068,-3.491361167
9.11983,13.9637,1.531135997,4489.21,0.8064,1.748618713,17.22232803,1.503671945,-3.924137332,-3.863523705
9.61559,12.13132,1.261630332,3396.77,0.822,1.296532013,11.35766847,0.565657461,-3.533930258,-3.563984063
14.63176,17.04041,1.164617927,4393.05,0.83168,1.927880648,13.75788509,0.750070823,-3.76792218,-3.750868505
18.16364,22.00216,1.211329888,5313.14,0.88878,3.170421103,13.32985004,1.271696964,-3.479936607,-3.535657488
19.34029,23.57438,1.21892588,6751.32,0.92748,5.227124146,6.706845079,0.747428779,-3.085355643,-3.146124776
11.83536,14.47749,1.223240358,4252.67,0.8203,1.807763931,11.89781946,0.972621854,-3.62623498,-3.627677619
12.35816,16.09363,1.30226749,4581.17,0.86354,2.251581379,13.99571309,1.256961652,-3.659733142,-3.664368636
15.24696,17.72646,1.162622582,5487.42,0.86296,2.608240973,11.27471652,0.866299601,-3.587413015,-3.605153225
26.618,31.32895,1.17698362,7297.6,0.94922,8.266450691,6.406356735,0.942969866,-2.950343332,-2.948478625
18.3546,22.10999,1.204602116,6295.49,0.91642,4.634047674,8.455734104,0.87915462,-3.218903813,-3.224941017
19.29631,23.16298,1.200383908,6342.95,0.9146,4.292566623,7.681769006,0.737511949,-3.170960145,-3.177653219
18.13209,21.1609,1.167041417,5793.75,0.9037,3.70938943,13.11178611,1.205428014,-3.50641674,-3.445372361
9.90919,14.00936,1.413774486,3696.39,0.82536,1.526592744,14.88756316,0.730220649,-3.752583248,-3.781844735
12.13349,15.46146,1.2742797,4546.32,0.85638,2.221553515,10.55141365,0.695605566,-3.50525649,-3.539983711
15.55291,18.44822,1.186158732,3948.64,0.84432,1.97031184,14.77336059,1.386918728,-3.758929884,-3.739833839
11.95993,13.34112,1.11548479,4576.67,0.86296,2.078154763,9.004285987,0.577007863,-3.384822393,-3.441454075
10.47405,13.45967,1.285049241,4053.47,0.81352,1.741956896,13.11682174,0.837464857,-3.773732639,-3.779702915
9.35292,11.29089,1.207204809,3923.2,0.79924,1.370243947,15.55796125,1.089233605,-3.777235851,-3.773717955
27.19813,32.02998,1.177653758,7517.79,0.95436,9.44527469,5.730950198,0.95416303,-2.859822042,-2.917899083
16.12741,20.53823,1.273498348,5304.85,0.8801,2.9487841,10.79825342,1.10121833,-3.432598669,-3.469975917
15.74257,20.99964,1.333939757,6016.28,0.89226,3.691402614,10.64444282,1.029288076,-3.469381258,-3.507528089
19.51235,25.33444,1.298379744,7015.62,0.93478,5.945114001,6.205811877,0.762223704,-3.011053989,-3.050433135
12.18987,15.17017,1.244489892,2959.46,0.81864,1.327861673,25.22460584,3.592540769,-4.205442048,-4.212095354
10.04786,14.00743,1.394070976,3248.59,0.81556,1.393655106,24.24444948,2.01453599,-4.126821898,-3.976291045
21.40326,25.11145,1.173253514,6219.58,0.91242,4.335134056,10.80528133,1.06449588,-3.382138261,-3.351617089
12.11704,13.94182,1.150596185,4005.45,0.84296,1.85054037,15.86485724,1.536458637,-3.79313809,-3.769897045
15.74343,21.79233,1.384217416,5635.82,0.90258,3.729700245,9.570029801,0.792439405,-3.432958384,-3.394482867
10.99152,12.37232,1.125624118,4525.5,0.85542,1.945033731,10.63491444,0.715495168,-3.450629001,-3.440654591
26.10317,28.26705,1.082897211,7060.67,0.93052,5.721031178,7.049398011,0.839069996,-3.050474287,-3.088930801
14.75985,19.2013,1.300914305,2709.62,0.85178,1.444772373,28.05350062,0.95035231,-4.183443047,-3.873949257
9.82571,17.19552,1.750053686,4877.41,0.8436,2.165181035,13.47076818,0.957457322,-3.652782266,-3.669551474
14.75878,20.66282,1.400035775,5800.66,0.90626,3.757390317,8.219281364,0.744821207,-3.267546376,-3.287182875
17.68875,21.21797,1.199517773,5910.48,0.91012,4.17004197,9.046561659,0.850888713,-3.299295001,-3.332700406
13.32152,16.74574,1.257044241,5099.62,0.86564,2.625028808,13.1891982,1.041172004,-3.693593712,-3.667503182
14.58285,16.85905,1.156087459,4381.96,0.83116,1.912145654,13.49127624,0.784518495,-3.826158222,-3.772768257
9.51862,12.93275,1.358679094,3693.69,0.80898,1.433957448,13.62371873,0.945476215,-3.758453867,-3.774593953
15.08441,16.92554,1.122055155,5496.35,0.89306,3.280113125,10.01810217,0.788795397,-3.351863131,-3.353284684
11.50695,14.23603,1.237167972,4387.38,0.84146,1.994382755,11.43526197,0.893287995,-3.53849245,-3.545886964
25.22784,27.82144,1.102807058,6812.65,0.93064,6.083608433,8.553224926,0.9761688,-3.157196352,-3.232752343
14.98255,19.22627,1.283244174,4416.41,0.8686,2.405354586,24.57891147,2.359124692,-4.152627012,-3.876342602
10.72241,14.41762,1.344624949,3887.61,0.82794,1.716076533,19.93856197,2.293029764,-3.96146007,-3.883612965
11.43423,14.06565,1.230135304,3314.34,0.81314,1.393314953,17.77485978,2.149780793,-3.894525551,-3.881843183
17.05307,20.78613,1.218908384,4974.64,0.89142,3.087885328,22.03659903,1.61663366,-3.969373369,-3.777556663
22.59321,24.22024,1.072014114,6214.93,0.91422,4.438219702,9.252784727,0.895881775,-3.260622511,-3.323738433
16.52482,19.90194,1.204366523,3759.56,0.8796,2.189295946,11.31660106,0.588098067,-3.484228096,-3.519320841
9.28555,12.10697,1.303850607,4113.94,0.83102,1.633595829,11.05173315,0.705055477,-3.530008,-3.543029494
18.44256,21.72889,1.178192724,5331.34,0.87842,2.951908246,11.03507514,1.157394172,-3.447871442,-3.444919364
6.03889,9.74109,1.613059685,2413.64,0.70776,0.838276261,45.56882054,5.479234365,-6.036400529,-4.491677232
15.76311,20.57743,1.305416888,5435.75,0.9049,3.631861163,9.644718732,0.937200193,-3.354249715,-3.350993673
16.44753,21.106,1.283232194,4896.56,0.89854,3.145135321,15.34619016,1.562476471,-3.628801992,-3.649615002
12.07105,14.74985,1.221919386,4542.33,0.84896,2.18538273,11.0252772,0.819100651,-3.556301136,-3.625370798
15.68266,23.45344,1.495501401,6251.37,0.90506,4.315378417,9.729920419,0.956470738,-3.358897562,-3.341196217
18.21138,21.57245,1.184558776,5997.27,0.9056,3.833373547,13.83366059,1.117170035,-3.437731187,-3.382744392
14.70643,21.97818,1.494460586,3151.67,0.89192,2.128463837,11.14300691,0.497484351,-3.413071533,-3.421490466
16.18528,18.30046,1.130685413,5241.32,0.86596,2.522972934,10.918674,0.845896609,-3.551497842,-3.590013741
15.76936,18.56547,1.17731284,5293.35,0.86634,2.673740348,11.43389052,0.905492782,-3.603050179,-3.605931844
18.21503,21.13006,1.160034323,5931.89,0.90104,3.624369484,10.20186165,0.835321209,-3.354499688,-3.361269051
21.67068,25.47338,1.175476727,6460.43,0.92566,5.324536377,8.184934536,0.891902131,-3.209558904,-3.243786887
8.91398,10.58359,1.187302417,4528.19,0.82644,1.710577789,11.27589615,0.770217552,-3.526718678,-3.580038831
11.10547,14.58181,1.313029525,4313.63,0.834,1.89085204,13.33763028,0.906333085,-3.67630601,-3.660904829
5.55912,10.84376,1.950625279,2454.25,0.71028,0.856569165,29.23736915,3.371514487,-4.590232791,-4.371231393
20.96143,23.11671,1.102821229,5827.87,0.8936,3.425894332,13.02578314,1.140915797,-3.489979583,-3.479954248
16.58003,20.79627,1.254296283,4734.74,0.89516,3.042992001,15.63158733,1.402611481,-3.66747785,-3.631108891
18.55155,23.10737,1.245576246,5927.42,0.91372,4.4103777,9.25700784,1.02397195,-3.285952655,-3.326248355
22.07082,26.39861,1.196086507,6521.14,0.92992,5.648510912,8.092097396,0.946779405,-3.147407599,-3.163909269
15.51519,19.76434,1.273870317,5950.78,0.88636,3.471565095,11.7570991,1.007652779,-3.512436328,-3.508945611
22.18606,25.23277,1.13732542,6429.47,0.92544,5.237292164,7.889726388,0.864845895,-3.155059507,-3.209009489
17.08224,21.45735,1.256120392,5886.69,0.90808,3.942157837,8.987543316,0.760486201,-3.336065421,-3.328233039
16.69148,19.87879,1.190954307,4820.9,0.88676,2.826975433,13.96337568,1.326022009,-3.61493326,-3.578603146
22.16604,25.35437,1.143838503,6670.27,0.92916,5.568901036,7.685269662,0.85531659,-3.156827513,-3.159560707
16.15092,19.7893,1.225273854,5653.65,0.89544,3.437416026,10.43071119,0.866804773,-3.460985108,-3.543762188
10.86764,13.85765,1.275129651,4076.35,0.80882,1.695070836,12.61029287,0.977611631,-3.689274547,-3.685557062
19.28313,23.15744,1.200917071,6209.8,0.9216,4.6863797,7.649853102,0.715015799,-3.152168372,-3.144275459
12.79396,15.61163,1.220234392,4376.09,0.85824,2.199160555,12.38619649,0.838095369,-3.623952284,-3.656370828
15.12802,18.74753,1.239258674,4485.53,0.86428,2.29580832,20.91279855,2.320059826,-4.039466576,-3.868404893
23.38892,25.6978,1.098716828,6632.14,0.93068,5.648803996,7.900040655,0.916080084,-3.157690851,-3.161305767
14.54493,18.34733,1.261424428,5010.07,0.87524,2.684110132,11.60555303,0.720237045,-3.532150558,-3.508985142
10.24329,12.38075,1.208669285,4218.43,0.83342,1.751596239,14.96460917,1.363354119,-3.719070999,-3.76434071
19.25488,23.98368,1.245589689,6523.82,0.92766,5.208910052,7.547305722,0.829710042,-3.128347818,-3.166852809
13.00488,15.60005,1.199553552,5109.21,0.87612,2.764675069,10.18540152,0.854809945,-3.45526595,-3.435112304
14.41418,16.45019,1.141250491,3974.55,0.8742,2.19315961,10.31344311,0.641982961,-3.467384789,-3.493842499
17.65282,20.80247,1.178421918,5987.65,0.90592,4.030771832,9.566557314,0.840413629,-3.341369305,-3.408385383
13.87723,18.48138,1.331777307,4828.48,0.8625,2.44641292,11.43666462,0.942297691,-3.532989965,-3.500651226
13.26154,15.83515,1.194065697,4986.27,0.8737,2.566625931,10.09867015,0.720319605,-3.469092979,-3.503813796
11.60096,13.92238,1.200105853,4180.3,0.8314,1.859851239,12.89979186,0.8159936,-3.65227132,-3.70785381
16.88842,20.8595,1.235136265,5492.34,0.9055,3.694953155,11.92307065,1.172367341,-3.484931871,-3.486923413
10.00459,12.83225,1.28263627,3781.4,0.7952,1.368611097,17.96689594,1.598442912,-3.867519519,-3.846198872
10.01754,13.12579,1.310280768,4630.52,0.83592,1.965506296,10.66063331,0.753256433,-3.579100222,-3.595346953
14.96509,22.25131,1.486881135,5349.9,0.89402,3.358704636,9.837524681,0.65590783,-3.416598635,-3.360273265
25.11041,28.27978,1.126217374,6589.9,0.93452,6.048359955,7.666204538,0.912473248,-3.110060513,-3.168572286
12.99448,17.34521,1.334813706,4935.33,0.87338,2.611844781,12.4028509,0.901162057,-3.578940675,-3.584016622
8.27976,10.29854,1.243821077,3958.74,0.8047,1.386323856,16.55892702,1.771730197,-3.796031105,-3.762209053
15.19156,21.27737,1.400604678,5719.67,0.9017,3.724370942,9.901983265,0.836754234,-3.416815116,-3.3960112
16.88311,20.70298,1.226253931,4383.93,0.8804,2.536569063,11.95280807,0.936343286,-3.493808779,-3.475292943
17.40649,21.29841,1.223590167,5985.27,0.90536,3.800552435,8.413999556,0.763188789,-3.273507007,-3.264296713
17.55833,22.26359,1.267978788,5126.38,0.90684,3.507121835,10.2612813,0.809576411,-3.346901588,-3.428617046
18.40497,23.52802,1.278351445,6619.45,0.93016,5.775059758,6.993586383,0.804374056,-3.085019753,-3.107202763
11.80693,13.62721,1.154170474,4388.25,0.8407,1.961475108,11.48371376,0.692207065,-3.587678563,-3.601752893
11.31593,13.19421,1.165985474,4711.09,0.85994,2.12609619,9.463906289,0.68226747,-3.391084552,-3.437485761
14.69776,17.79846,1.21096412,5502.82,0.88788,3.09949033,9.621746786,0.78791659,-3.385114712,-3.387075569
22.06701,25.02145,1.133884926,6357.8,0.9265,5.30189014,9.886321516,1.033567151,-3.269442526,-3.244472332
22.971,25.33161,1.10276479,6632.27,0.92984,5.678446891,7.914103567,0.946136467,-3.154705114,-3.191960638
16.57012,20.81989,1.25647189,5784.94,0.90114,3.671274398,10.07029322,0.844753078,-3.428260327,-3.397710971
17.51054,19.60501,1.119611959,5293.75,0.8864,3.081297732,13.9163451,1.441079287,-3.528427254,-3.54516414
11.02548,14.21527,1.28931076,2712.55,0.81794,1.195650903,13.20758744,0.630108613,-3.676992845,-3.742233297
10.79809,13.76905,1.275137547,4775.5,0.8272,2.004473232,15.58029608,1.915108938,-3.866266726,-3.86311792
11.46736,14.93017,1.301970985,4571.74,0.85126,2.169937573,13.3842779,0.913816423,-3.663086546,-3.659886167
10.24913,14.1211,1.377785236,3868.22,0.82268,1.664895888,17.78641821,2.289350481,-3.841919363,-3.850221448
17.44172,20.72288,1.188121355,5023.97,0.89018,3.014728543,9.961959049,0.877779054,-3.317022173,-3.381732407
19.0468,22.61666,1.187425709,6378.2,0.91318,4.275227296,7.98549992,0.756227968,-3.172891596,-3.250771279
11.3192,13.97255,1.234411443,3407.33,0.8287,1.486828106,21.3927961,2.141641198,-4.039801574,-3.933464558
16.99958,21.83111,1.284214669,5795.55,0.91824,4.260065137,8.958799751,0.856443283,-3.264778881,-3.275026432
13.79658,17.4385,1.263972666,5167.58,0.8762,2.724824451,10.99235911,0.979763649,-3.491775102,-3.486622724
13.80964,16.54363,1.19797692,3928.26,0.87524,2.177008144,10.58366642,0.649145734,-3.483492903,-3.473857947
11.29157,15.03099,1.331169182,4754.51,0.8563,2.276999987,10.82530904,0.83332771,-3.545130719,-3.526144308
12.85273,16.87192,1.312710996,4582.16,0.84062,2.164337429,12.48387503,0.896911271,-3.711664382,-3.687289136
11.16593,14.88153,1.332762251,2949.72,0.84164,1.438499219,13.49048373,0.665117074,-3.672542705,-3.720284716
14.83145,19.44515,1.311075451,5647.62,0.89868,3.519694198,9.092679029,0.758618424,-3.316793989,-3.368853149
22.00272,24.18512,1.099187737,5956.84,0.92148,4.719826262,15.15222063,1.437598699,-3.454859493,-3.438488849
14.88135,19.60383,1.317342177,3789.95,0.87314,2.145122655,12.00533258,0.626852538,-3.555338699,-3.55670318
17.1035,21.72415,1.270158155,5825.13,0.9124,4.235132476,8.785796453,0.788627616,-3.325737946,-3.271215113
16.38922,20.51732,1.251878979,4755.09,0.88556,2.827341138,17.21896064,1.513177712,-3.78611821,-3.765307451
14.54561,20.08452,1.380795993,2829.25,0.85968,1.536275861,19.06926476,0.754680173,-3.895499019,-3.822846752
11.0696,13.11081,1.18439781,3384.02,0.81088,1.473386984,15.81068665,0.856055573,-3.813842373,-3.783598078
18.03744,22.42472,1.243231856,6155.97,0.9158,4.499604479,8.252467644,0.763015559,-3.206295075,-3.226521459
5.46321,10.30844,1.886883352,2608.24,0.70402,0.880822144,23.02660161,2.686553994,-4.432777076,-4.274369714
10.24524,14.09249,1.375515849,4214.94,0.82686,1.78402905,12.63505342,0.941231538,-3.681545366,-3.633787955
14.60722,17.6609,1.209052783,4553.92,0.86694,2.318238338,11.68158144,0.915101445,-3.482424144,-3.488056153
16.76192,19.06735,1.137539733,6129.87,0.92146,4.419536013,6.527085491,0.623036999,-3.129931822,-3.111281114
18.01803,22.77948,1.264260299,6090.91,0.92086,4.763101814,8.157945181,0.784337686,-3.214587339,-3.279658262
12.38143,15.44555,1.247477068,4902.11,0.86536,2.522106613,9.869512919,0.716779092,-3.418995249,-3.431313562
12.59928,20.33137,1.613693005,5681.69,0.88782,3.333971723,14.79520315,1.256023724,-3.629979677,-3.565857251
23.73521,25.93121,1.092520774,6952.49,0.93716,6.451914935,6.638293397,0.865745548,-3.066633306,-3.062217406
16.67665,19.29625,1.157081908,3917.75,0.88842,2.289464936,10.95105059,0.644014458,-3.486531948,-3.459807256
21.8887,26.1238,1.193483396,6763.52,0.9312,5.80740519,7.377669007,0.874836892,-3.115192175,-3.127335852
15.93548,19.26145,1.208714767,3674.09,0.8757,2.073850584,16.75461879,1.160487685,-3.808429236,-3.784799458
26.63312,30.31024,1.138065687,6915.31,0.9429,7.110645229,6.858556545,0.913436058,-2.994611733,-3.004923635
25.16456,28.90092,1.148477065,6972.5,0.94192,7.21700354,6.888126686,0.946296223,-3.033717327,-3.034365574
22.23952,25.96923,1.167706407,6794.93,0.92976,5.574635457,7.385079363,0.843333966,-3.124080005,-3.178304592
21.81482,26.34256,1.207553397,6788.01,0.9337,6.074742033,7.198736635,0.859971631,-3.123056922,-3.10926264
26.46414,28.12754,1.062854867,6543.39,0.92956,5.283241922,7.545111963,0.816763928,-3.106815378,-3.157956657
16.55,20.20363,1.220763142,5092.64,0.89154,3.178475042,13.8569175,1.186977534,-3.643542979,-3.592165337
21.07582,24.11694,1.144294267,6545.88,0.91152,4.247094892,8.025819537,0.834987331,-3.259204124,-3.264065782
14.82292,19.66452,1.326629301,4644.48,0.88396,2.772659835,27.38790276,2.23302282,-4.052985431,-3.821779311
11.96124,21.71035,1.815058472,5228.82,0.87724,2.85348114,14.67727295,1.31018713,-3.708982163,-3.703993712
17.84292,22.33813,1.251932419,5709.82,0.90606,3.988782841,9.578720777,1.021810238,-3.338882364,-3.311100361
21.87479,24.10252,1.101840063,6534.21,0.91416,4.548421765,8.457362589,0.857644166,-3.253969714,-3.253971609
16.56145,20.69287,1.249460041,4874.19,0.89384,2.985198247,16.76060454,1.5207797,-3.683321815,-3.675225165
15.63931,18.12851,1.159163032,3887,0.82858,1.884541203,14.48624419,1.125810958,-3.765152691,-3.773163671
19.29771,23.67986,1.227081348,6373.23,0.92722,5.127606744,9.815082491,1.001536021,-3.18489112,-3.223039746
15.60451,22.64579,1.45123365,4301.44,0.90838,3.087858371,9.735953142,0.624435777,-3.351515781,-3.327328849
13.0529,15.53462,1.190127864,5245.85,0.86766,2.718318243,11.16736074,0.921721764,-3.497851932,-3.526894408
14.83356,18.34722,1.236872335,4001.12,0.88964,2.424344821,10.59863502,0.596628556,-3.397860664,-3.358928398
9.93027,13.07579,1.316760773,3824.16,0.81864,1.601063934,21.11434555,2.024652146,-3.994178754,-3.957418803
16.93716,21.42454,1.264942883,5401.57,0.88834,3.178864349,10.0472144,0.977767102,-3.371072409,-3.363311491
9.76446,12.55242,1.285521166,2878.03,0.76406,1.234816505,18.04192325,1.70450729,-4.115743683,-4.060091253
12.20198,14.99425,1.228837451,4058.87,0.84346,1.870361295,15.61923251,1.629904942,-3.754745125,-3.728276947
9.74984,14.93047,1.531355386,2649.22,0.8097,1.099038324,23.18446062,0.98003056,-4.042549977,-3.84709785
17.63342,22.68288,1.286357383,6410.54,0.92094,5.024907925,8.098276468,0.860863919,-3.266237159,-3.215984753
11.6331,14.84166,1.275812982,4631.04,0.84282,2.110786091,11.81268778,0.97094026,-3.595332687,-3.616596369
16.4933,18.78296,1.138823644,4589.49,0.8739,2.412861971,16.76401596,1.539770583,-3.724613004,-3.707483146
8.94544,10.8629,1.214350552,3924.74,0.80484,1.410755071,12.28632827,0.839964582,-3.600787476,-3.648560082
18.37391,22.29805,1.213571308,5899.75,0.91496,4.289947487,12.55813194,1.199234858,-3.414337931,-3.384213415
18.47122,22.65952,1.22674734,5714.19,0.90062,3.655380669,9.649067067,1.017110726,-3.34998146,-3.334332726
11.64513,13.46476,1.156256736,3645.71,0.80638,1.465969538,16.48638754,1.109507864,-3.866793464,-3.882047761
9.61757,16.88687,1.755835414,4578.82,0.82348,1.982841443,17.47170177,1.637410632,-3.928574766,-3.884019916
13.34876,15.78377,1.182414696,4976.89,0.873,2.622172829,10.07349579,0.750680264,-3.453199409,-3.452958789
17.41957,22.92915,1.316286797,6238.78,0.91928,4.776001538,8.683157484,0.874371265,-3.27260471,-3.271935794
15.78401,19.97173,1.265314074,5799.47,0.90322,3.736915706,8.603591459,0.833788815,-3.2985672,-3.368952404
17.60096,21.07871,1.197588654,4259.56,0.89766,2.832154925,10.39466126,0.676137909,-3.415183804,-3.418997844
15.62663,19.58409,1.253251021,3953.98,0.88306,2.260309562,12.37388289,0.691284696,-3.574267159,-3.515466329
12.73568,15.45175,1.213264623,5124.83,0.8716,2.620486456,10.12658941,0.795450459,-3.470864175,-3.541043314
15.86233,18.08007,1.139811743,4816.75,0.85622,2.481962566,13.20286676,0.73708154,-3.625754675,-3.616317059
9.23519,11.51819,1.247206609,3641.85,0.80246,1.256128333,14.0649607,1.022300981,-3.715402386,-3.681020755
16.68689,20.53445,1.230573822,6178.28,0.91566,4.451585615,7.643078158,0.758303724,-3.175110725,-3.214692898
13.79297,19.66634,1.425823445,5973.51,0.90102,3.773953181,14.15592958,1.194805049,-3.56824703,-3.601166842
13.63518,15.63991,1.147026295,5025.76,0.87248,2.619124097,9.878478616,0.793297253,-3.42404775,-3.469111764
19.37513,22.393,1.155759987,6269.29,0.916,4.241310176,10.36243354,0.947422521,-3.318707197,-3.319625996
16.27242,21.89496,1.345525742,4900.24,0.89038,3.141545616,16.27213914,1.789970599,-3.636378722,-3.610086102
18.39154,22.33703,1.21452744,5294.01,0.89936,3.49225333,14.84227834,1.501791931,-3.549345833,-3.522865675
10.82465,12.55814,1.160142822,5021.4,0.86234,2.231948276,10.07830037,0.714531368,-3.418531927,-3.452761628
14.9493,20.19313,1.350774284,5762.72,0.8885,3.27081301,13.45012015,1.077021909,-3.605107742,-3.57409287
11.19605,14.1486,1.263713542,4268.77,0.83626,1.914159691,11.58100462,0.873032605,-3.597915184,-3.655280566
19.25398,22.77768,1.183011512,6433.99,0.91204,4.264639182,8.26153806,0.783875837,-3.211729199,-3.249002731
20.33739,23.36816,1.149024531,4885.74,0.87622,2.947437114,11.99088558,1.105454855,-3.508670068,-3.498520984
18.04635,22.64363,1.254748467,6438.51,0.91912,4.692667834,7.361642722,0.766510285,-3.188059207,-3.180073491
18.22582,22.43193,1.230777545,5913.91,0.91888,4.383593012,8.381791447,0.770567585,-3.210499975,-3.20379597
10.89633,13.01258,1.194216768,4192.92,0.81966,1.699661378,12.94552319,0.92407359,-3.699920291,-3.713325067
16.25378,18.79534,1.156367319,5926.99,0.89022,3.312890285,9.244804277,0.782860048,-3.399592968,-3.434824988
16.48515,18.74037,1.136803123,4540.28,0.87234,2.373436577,18.73095412,1.762167458,-3.799813145,-3.772159109
17.86495,20.06356,1.123068355,5508.59,0.89928,3.605990737,10.22591225,0.895235598,-3.416254677,-3.411572808
16.82334,21.95224,1.304868118,5485.73,0.9019,3.716340112,9.732796139,0.941187212,-3.316534385,-3.35366098
20.17235,24.93574,1.23613461,6886.35,0.93728,6.327628692,6.486312885,0.806567928,-3.003861236,-3.034268608
27.09995,33.23281,1.226305215,7460.89,0.95528,9.500263543,5.875233576,0.981271063,-2.87157265,-2.933013084
19.07292,23.4176,1.227793122,5837.02,0.91842,4.306553941,13.06643884,1.340061605,-3.43022973,-3.445825354
16.50185,20.86958,1.264681233,4983.96,0.90188,3.289431932,12.96053199,1.259262543,-3.530880947,-3.524926391
16.2031,17.9934,1.110491202,5487.88,0.87444,2.83946889,11.00681132,0.958786967,-3.532307975,-3.543071064
16.33726,19.75426,1.209153799,5304.44,0.89732,3.443747242,10.29445392,0.937586082,-3.370867452,-3.412791244
15.5602,20.86061,1.340638938,6126.47,0.90714,4.050979989,9.173838276,0.847045004,-3.375774231,-3.380357205
21.67115,23.29142,1.074766221,6185.63,0.90874,4.194913885,9.000606897,0.864116586,-3.289381045,-3.284983518
14.84873,22.14442,1.491334276,5016.93,0.89314,3.121077424,12.03861287,1.161568986,-3.479798594,-3.553878209
10.41651,19.12073,1.835617688,5421.21,0.85652,2.576472676,14.87836558,1.215506222,-3.702095455,-3.695878589
16.39755,21.22404,1.294342143,4926.96,0.89444,3.056973923,15.54435243,1.37500707,-3.661749349,-3.633188447
22.12242,27.08701,1.224414418,6777.05,0.93634,6.318296839,6.931288419,0.841466384,-3.023730962,-3.039139974
10.24282,13.35234,1.303580459,3840.13,0.82572,1.644117102,18.88335608,2.153982102,-3.983704677,-3.955455435
19.9892,24.9963,1.250490265,6855.26,0.93318,5.734741034,6.507716424,0.763194155,-3.029425242,-3.035063141
21.93284,26.48833,1.207701784,6948.33,0.93956,6.722523128,6.456535694,0.851461072,-3.02947614,-3.032426757
17.61828,22.52274,1.278373371,5511.55,0.91282,4.021924472,8.450928797,0.829102855,-3.268813725,-3.221014211
18.65855,23.62106,1.265964397,5462.93,0.90252,3.734915827,9.820984858,1.03561284,-3.359751095,-3.399893411
16.5371,21.64566,1.308915106,5699.43,0.90464,3.894425527,9.951521873,0.952968274,-3.344183599,-3.305260602
10.40469,13.95463,1.341186523,4203.64,0.83556,1.826292793,13.54774838,0.990108081,-3.753874254,-3.695904407
14.54668,22.42335,1.541475443,5489.47,0.88712,3.423164784,10.2069712,0.714684872,-3.426081967,-3.423268136
5.61701,9.01599,1.605122654,2078.46,0.6782,0.716898921,43.29218245,7.27160072,-5.518734755,-4.526361928
26.44319,28.85204,1.091095288,7248.8,0.942,7.105251248,6.533579679,0.861207836,-2.990673753,-3.05279513
8.54229,14.815,1.734312462,3922.3,0.7978,1.524628541,24.76220144,1.345895131,-4.218563888,-3.988065872
16.28967,17.75053,1.089680147,4782.74,0.84966,2.153507694,12.98005514,0.750856363,-3.660454737,-3.652050125
5.86064,10.5397,1.798387207,2832.33,0.72358,0.932352335,22.14300196,2.489621889,-4.294202437,-4.226377226
14.78563,17.50924,1.184206557,5298.16,0.86314,2.535172381,15.37040631,1.231380147,-3.760553975,-3.679806629
19.2756,22.38657,1.161394198,6499.16,0.91718,4.386741917,7.271280749,0.720544222,-3.157898439,-3.157558845
11.27444,16.284,1.444328942,3988.26,0.85,1.827092558,17.59495574,1.032295929,-3.8404235,-3.734607201
26.69963,30.91897,1.158029905,7209.14,0.95034,8.447391579,6.095981577,0.919478341,-2.886480106,-3.0390386
16.86017,22.11642,1.311755457,5372.17,0.90724,3.646140615,8.659636266,0.80107646,-3.282857643,-3.336161659
16.45878,21.96111,1.334309712,6041.51,0.91602,4.504403499,8.657850434,0.811711891,-3.278646095,-3.330109777
17.65817,21.59648,1.223030473,5656.09,0.90414,3.84202542,9.376273386,0.791654637,-3.348707903,-3.298525998
15.13615,19.16963,1.266479917,5152.06,0.85908,2.563805658,10.52823403,0.646319583,-3.526116897,-3.512716788
26.98078,30.45183,1.128648986,7122.55,0.9405,7.151166769,8.117917516,0.97472632,-3.053063854,-3.147374044
14.99656,17.86934,1.191562598,5970.13,0.9123,4.048656661,6.963421667,0.640009866,-3.170159069,-3.134676947
9.87362,12.41213,1.257100233,3751.65,0.81136,1.501234129,14.47448098,1.115349696,-3.848571753,-3.838112855
27.16953,30.83927,1.135068218,7274.29,0.94968,8.500156635,6.190828257,0.937600248,-2.917742595,-2.954618008
18.65662,18.88651,1.012322168,4449.82,0.89556,2.619937102,8.618834971,0.507228062,-3.271100044,-3.336336377
24.56092,26.8659,1.093847462,6233.12,0.91614,4.637603394,8.738265488,0.886928915,-3.264997296,-3.182747013
22.32918,24.20735,1.084112807,6009.52,0.92202,4.773719226,14.30705066,1.384356324,-3.442426201,-3.42118897
22.11223,25.7963,1.1666078,6682.53,0.93172,5.867882582,7.133615545,0.83054144,-3.120323039,-3.132923111
19.26206,23.93507,1.242601778,6573.61,0.92792,5.194997145,7.045007554,0.764283279,-3.102240823,-3.078571636
15.82787,20.66279,1.305468771,4186.17,0.90008,2.733611934,10.56234301,0.633629216,-3.387863456,-3.420100263
10.5939,12.76817,1.20523792,3714.51,0.80108,1.464489226,12.68182025,0.97712381,-3.663520227,-3.701915334
15.35559,20.8629,1.3586518,5735.93,0.91016,3.906467286,9.132562931,0.858849098,-3.281445162,-3.319086814
16.50283,18.69327,1.132731174,5259,0.87604,2.754427005,10.1379854,0.744869763,-3.511197091,-3.501945419
12.19279,15.26957,1.252344213,4617.58,0.85178,2.158060487,10.86254206,0.765947027,-3.598732049,-3.580537419
21.3864,23.88918,1.117026709,6070.47,0.9134,4.347950266,7.983725402,0.765125481,-3.179966767,-3.22131509
15.25096,16.90556,1.108491531,4030.47,0.84232,1.841353952,30.90850797,3.249200489,-4.552760551,-4.08021696
14.70894,19.17312,1.303501136,5812.89,0.88034,3.091472237,10.01543591,0.795949718,-3.506644188,-3.504801159
14.57598,18.0904,1.241110375,2577.42,0.8261,1.173375831,13.07471209,0.510025686,-3.735714746,-3.753733939
11.16795,13.45388,1.204686626,3846.54,0.80842,1.507380088,14.97165405,0.995713161,-3.783802147,-3.791137037
21.97566,24.29431,1.105509914,6098.85,0.91692,4.763245523,10.26849913,0.900288676,-3.299094515,-3.253050379
21.08874,24.62813,1.167833166,6444.85,0.92004,4.855732946,7.702744022,0.806776637,-3.16379332,-3.102863264
26.53643,29.19758,1.100282894,7199.92,0.94392,7.315281244,6.441998783,0.8880087,-2.970918604,-3.049051405
11.76128,14.06783,1.196113858,4146.31,0.83206,1.780451115,14.93207145,1.316262061,-3.74792185,-3.740685818
13.75536,16.01606,1.164350479,4486.8,0.87178,2.409376831,14.95299329,1.524079179,-3.689087179,-3.667265868
19.42697,22.61105,1.16389998,5502.36,0.92402,4.204888304,8.990884052,0.723598167,-3.201153064,-3.241609575
15.80027,18.43344,1.166653481,5267.5,0.86286,2.536249563,15.19149764,0.950510772,-3.700191953,-3.624049132
15.7084,19.33237,1.230702681,3900.85,0.88082,2.283330871,13.75747639,0.689496466,-3.552642245,-3.553889523
10.44588,13.42781,1.2854647,2669.87,0.8145,1.161759084,14.09151798,0.771891353,-3.67301795,-3.702524387
10.4714,12.95377,1.237061902,4883.46,0.85618,2.123572904,11.02707761,0.82475924,-3.507178024,-3.539885707
21.90037,24.81575,1.133120125,6222.05,0.91656,4.401755785,12.02205728,1.151053013,-3.3891617,-3.451088856
8.99461,14.92578,1.659413804,3793.26,0.80658,1.582323676,26.60659411,2.279573525,-4.375269893,-4.061831243
16.7761,18.7709,1.118907255,5307.24,0.87786,2.813311199,10.81024601,0.8116871,-3.485275316,-3.511664154
12.31103,14.42607,1.17180041,4332.73,0.83858,2.065834335,10.63716584,0.702087775,-3.57349201,-3.568582982
16.41184,22.21268,1.353454579,5640.85,0.91608,4.25371471,8.814302373,0.854835148,-3.246559005,-3.257318588
16.43081,18.42764,1.121529614,5186.99,0.88992,3.196746928,12.61861554,0.905749389,-3.483408318,-3.472863078
25.20509,29.08932,1.154104984,6905.14,0.94254,7.199743341,7.074661539,0.92425299,-2.984566071,-3.071194904
17.0129,19.99626,1.175358698,4846.04,0.88532,2.824951419,10.4091175,0.84582827,-3.415087609,-3.42880204
26.56679,29.09793,1.095274589,6179.5,0.9363,6.102934467,17.51915509,1.721306254,-3.449940423,-3.423421175
16.63801,18.61345,1.118730545,4555.23,0.87338,2.406443045,21.98178478,1.886537563,-3.918006537,-3.789731813
15.84263,20.7547,1.310053949,6410.01,0.90212,4.069212518,9.752947972,0.937563033,-3.43096702,-3.395202081
16.07119,18.89388,1.175636652,2840.36,0.85762,1.553164209,12.12944969,0.502119899,-3.58867265,-3.548863927
24.73822,30.26157,1.223271925,7084.37,0.94558,7.959092631,6.373973139,0.937349507,-2.920773404,-2.917750074
11.17681,14.31991,1.281216197,3993.49,0.8209,1.786787048,11.87075303,0.756733816,-3.661758824,-3.653950112
21.87737,25.52725,1.166833582,6858.65,0.92926,5.580671895,6.886197687,0.803006028,-3.101230453,-3.087515275
25.07779,26.57962,1.059886856,6542.08,0.91776,4.895320493,9.081397654,0.943026673,-3.260915012,-3.264269711
22.06854,26.65115,1.207653519,6938.85,0.93714,6.360908992,6.528624911,0.822475472,-3.04746808,-3.056313227
10.47776,12.04675,1.149744793,3220.95,0.80978,1.256464404,24.85765608,3.188763023,-4.262911866,-4.100708171
8.77687,11.33248,1.291175556,3892.43,0.7929,1.344310712,14.86517107,1.011238788,-3.742062638,-3.767345746
12.15007,14.97481,1.232487549,4230.11,0.8573,2.109025784,15.36972446,1.536416518,-3.727554461,-3.763547764
14.46096,18.71413,1.294113945,5656.77,0.88196,3.185017461,10.6468184,0.832581929,-3.48945497,-3.507942673
8.94031,10.34464,1.157078446,4407.6,0.82402,1.655459771,11.70555541,0.794063248,-3.586943088,-3.56525845
19.67803,24.7967,1.260121059,6778.18,0.93342,5.659354651,6.468133811,0.742533392,-3.046825221,-3.05423313
15.59034,19.28469,1.236964043,5398.58,0.88938,3.151136794,11.35726296,0.984457651,-3.575676466,-3.5296238
24.72442,26.89253,1.087691036,6400.35,0.91888,4.813864063,8.757433484,0.908494746,-3.247157596,-3.184957346
13.03133,17.658,1.355042041,4176.41,0.85468,2.072373526,15.43861578,0.765511125,-3.739432116,-3.711757154
13.20403,15.72615,1.191011381,5477.91,0.88352,2.923858943,9.813652898,0.804776652,-3.413481098,-3.46844234
12.82285,16.34693,1.274828139,4503.5,0.86448,2.263072195,14.35393494,1.339036487,-3.656045276,-3.725045352
11.01016,16.49811,1.498444164,5121.56,0.86154,2.52775561,15.65105699,1.310295187,-3.747832124,-3.73550946
14.29428,21.87942,1.530641627,4616.79,0.88606,2.83458471,19.63201399,2.30574541,-3.919573842,-3.851350342
10.06913,11.88469,1.18030952,3354.73,0.82098,1.27041849,12.19758106,0.636512483,-3.580256107,-3.638134773
14.35763,15.79235,1.099927356,4306.1,0.86288,2.218308863,18.80064932,2.144241584,-3.868051851,-3.867474367
22.68765,25.63599,1.129953521,4681.87,0.92122,3.901656008,13.35332177,0.760291716,-3.28228112,-3.265297295
16.8928,20.26214,1.199454205,5773.25,0.90556,3.874036903,9.135807319,0.889111346,-3.304387456,-3.309626183
11.01531,14.38872,1.306247396,2711.86,0.82396,1.251872582,13.25858679,0.699649688,-3.696894807,-3.709283479
11.18612,12.6716,1.132796716,3580.96,0.8028,1.457132745,13.33252548,0.818960623,-3.759425134,-3.824723766
19.42074,23.91897,1.231619907,6671.29,0.92884,5.355026174,7.300352876,0.81685867,-3.119866961,-3.119209546
10.35895,12.38686,1.195764049,3841.64,0.82446,1.522405092,16.81003836,0.993833332,-3.750111031,-3.713596923
19.10775,23.00775,1.204105664,5797.61,0.91786,4.287122192,19.78494744,1.741972585,-3.736161211,-3.602186377
11.24578,12.78376,1.136760634,2308.94,0.77438,0.899922835,15.67283857,0.757585765,-3.784178245,-3.838673871
9.01542,11.2368,1.246397838,4116.53,0.82192,1.5614842,10.97574122,0.650695991,-3.492221323,-3.510041647
16.58713,20.327,1.225468179,5270.01,0.88142,2.979078649,10.96752528,0.971344467,-3.466690993,-3.459184292
16.64323,19.96519,1.199598275,5258.84,0.9048,3.434949319,9.826649881,0.875841425,-3.332045481,-3.349485482
22.18499,25.35241,1.142773109,6706.63,0.92956,5.54961194,6.962681582,0.806571558,-3.075415327,-3.119580271
17.60886,22.27697,1.265100069,5805.85,0.91286,4.163082887,8.943789165,0.788818073,-3.334124226,-3.314350782
16.26741,20.31613,1.248885348,5157.92,0.88694,2.994688879,10.29752141,0.902179255,-3.415772256,-3.411585164
24.79685,27.33761,1.102463014,6808.72,0.92674,5.496678529,7.555035141,0.836879812,-3.130095095,-3.111857166
16.11443,21.7122,1.347376234,5310.64,0.8964,3.524928923,9.780710546,0.719037935,-3.363169003,-3.365807271
15.07372,18.65701,1.237717697,2980.44,0.86962,1.657663084,12.38034167,0.522021496,-3.604933471,-3.560403884
23.32763,26.39045,1.131295807,6937.67,0.93816,6.556478835,6.600337516,0.846492722,-3.028654807,-3.049162278
16.24679,22.14611,1.363106804,5309.88,0.89798,3.45053104,14.12318554,1.55537308,-3.513904279,-3.51609332
17.0349,20.28799,1.190966193,4489.69,0.88852,2.719049135,17.93172075,1.583728323,-3.842088877,-3.71236511
13.81287,17.06689,1.235578848,4587.4,0.83036,2.019308869,12.76614481,0.717898487,-3.744044793,-3.746638473
8.41552,10.60626,1.260321406,4463.58,0.81304,1.56864561,12.13088219,0.788349943,-3.597034777,-3.628566226
14.78514,22.62847,1.530487368,6449.51,0.90826,4.254384321,12.09017235,1.096502392,-3.434548329,-3.381025237
15.21082,17.9098,1.177438166,6182.18,0.92068,4.419271071,6.52568456,0.620075401,-3.126264943,-3.133733284
15.82918,20.10497,1.270120752,5907.86,0.88724,3.572840868,11.12314189,1.012138689,-3.547230899,-3.486744489
21.33892,23.67795,1.109613326,5715.96,0.90574,3.9247412,18.72267648,1.536472151,-3.640855762,-3.557462291
12.27362,15.5313,1.265421286,4938.54,0.87272,2.581126004,9.80092665,0.742755536,-3.447625916,-3.484210994
22.79589,25.18371,1.10474783,5674.91,0.91366,4.088403229,8.942884225,0.814098121,-3.286760227,-3.263422533
13.82871,15.54225,1.123911775,5303.49,0.88262,2.853291264,10.29224676,0.772121629,-3.431466514,-3.463689657
25.26609,28.25495,1.118295312,7020.55,0.93918,6.84069836,6.759214543,0.89869422,-3.031110374,-3.086931821
15.94396,23.0269,1.4442397,5044.44,0.89094,3.04161247,11.7840058,0.889072644,-3.526828382,-3.567336691
10.30053,13.62413,1.322663009,4308.52,0.83562,1.81618224,13.08997647,0.925475679,-3.646429866,-3.671529608
17.55589,23.17073,1.319826565,5536.52,0.91698,4.309967193,8.521428699,0.869652295,-3.207536026,-3.236470825
15.80588,23.05531,1.458653995,5814.77,0.91058,4.174578797,9.120150908,0.810072186,-3.313934194,-3.350012283
17.16235,19.33503,1.126595717,5065.48,0.88354,2.787385875,9.656605138,0.885462859,-3.359369866,-3.385150595
24.67052,26.55956,1.076570741,5429.03,0.91426,4.023181722,9.713707492,0.828339772,-3.296415732,-3.315720993
9.28949,13.47623,1.450696432,4666.77,0.82456,1.920824462,16.0141066,1.355525745,-3.820724221,-3.801629943
16.39094,19.74437,1.204590463,4030.91,0.85832,2.164670515,13.10790085,0.680488311,-3.625081408,-3.603399429
17.39944,19.84177,1.140368311,4719.94,0.89498,3.154848352,17.59260131,1.516873625,-3.606968036,-3.563998931
25.32634,28.11524,1.110118556,6734.2,0.93112,5.919690766,8.545041846,0.95741781,-3.152800659,-3.148994716
19.30413,21.83442,1.13107506,6477.19,0.91022,4.042547522,7.303814108,0.729706164,-3.175203096,-3.135332485
15.10964,21.23967,1.405703246,3102.61,0.8921,2.090666642,12.5095987,0.51437974,-3.44192445,-3.467630941
15.08418,21.17996,1.404117426,5666.33,0.89698,3.515170041,18.96987984,1.737038992,-3.78031106,-3.70073371
17.97449,21.77769,1.211588757,5533.66,0.88584,2.951206349,10.7493619,0.898793036,-3.431742125,-3.490954485
24.70363,27.1669,1.099712876,6450.35,0.91704,4.815374921,8.792488165,0.911114566,-3.252034181,-3.277953208
15.05393,18.58341,1.23445572,5508.31,0.86396,2.602516485,11.17568339,0.818038197,-3.632155304,-3.576556319
14.6571,20.79018,1.418437481,3249.93,0.8723,1.799528818,15.01328163,0.728953488,-3.698605316,-3.646910034
15.7368,20.41305,1.297153805,3922.54,0.88544,2.217458378,10.35779625,0.587632725,-3.470040722,-3.460040402
22.29311,28.09509,1.260258887,7089.83,0.94522,7.456121668,5.973413744,0.866704552,-2.949777939,-2.951602816
21.1625,22.85867,1.080149793,6112.79,0.90898,4.179487415,8.940792445,0.865440606,-3.256706717,-3.302224279
15.39478,17.36091,1.127714069,4751.48,0.85884,2.251449034,13.20174056,1.118246293,-3.644545805,-3.609008263
11.82721,14.01842,1.185268546,3511.78,0.84264,1.591306959,11.09216933,0.665765914,-3.527652973,-3.52353008
3.91173,7.08498,1.811213964,1029.87,0.60318,0.529634898,33.31186849,3.756851749,-5.106487202,-5.04691618
11.73795,12.48825,1.063920872,3019.62,0.81396,1.234222705,12.98853096,0.686229802,-3.652120339,-3.634993549
16.51006,19.67725,1.191833949,4133.11,0.8907,2.444372482,10.75032489,0.618530857,-3.47934173,-3.463883669
11.29565,14.17803,1.255176108,3593.62,0.81856,1.502322602,16.20206423,1.621038464,-3.833561233,-3.836771758
16.81366,22.70457,1.350364525,5111.28,0.9119,3.866817625,20.99324333,1.653009309,-3.695296358,-3.57209943
28.19328,29.2693,1.038165832,2937.14,0.82528,1.510716038,17.59789047,1.166202832,-3.886176205,-3.930907145
13.49628,15.91493,1.179208641,4565.76,0.86666,2.286267516,11.69307485,0.881810349,-3.579671701,-3.604027612
26.28607,28.83612,1.097011459,6688.02,0.9305,5.718341712,7.839781968,0.885752212,-3.144889769,-3.073113013
15.89499,21.26531,1.337862433,5820.77,0.89634,3.631671069,13.15373045,1.144403691,-3.507870324,-3.496756116
16.68161,21.45661,1.286243354,5667.75,0.90996,3.851063109,12.45862697,1.242663017,-3.502329003,-3.470496814
27.81292,29.94386,1.07661691,3290.34,0.83612,1.644746419,15.25778791,1.160533013,-3.833074368,-3.827177197
14.70788,19.57384,1.330840339,4073.18,0.88784,2.334479748,11.47993088,0.610241013,-3.518504113,-3.523504846
25.96246,28.57485,1.100621821,7062.13,0.92668,5.338448953,7.851290523,0.903502741,-3.119142315,-3.222330539
26.30174,28.21328,1.072677321,7187.9,0.92932,5.790408304,7.155870082,0.860257328,-3.047659152,-3.087884997
11.62079,15.24327,1.311724074,4897.17,0.85926,2.342380163,10.54551127,0.787259562,-3.491261567,-3.513525377
13.97357,16.99144,1.215969863,5172.88,0.87618,2.84047954,11.12804587,0.872914273,-3.478837779,-3.595252672
29.3798,30.75291,1.046736533,3461.33,0.83612,1.731118813,14.78067659,1.085567229,-3.77428606,-3.766206061
10.68312,13.87641,1.298909869,4018.94,0.81988,1.754440776,12.22813625,0.782741371,-3.68063442,-3.712138363
12.29235,13.72672,1.116688021,4053.68,0.8258,1.740259248,11.49938151,0.798238653,-3.658590574,-3.630974178
21.53913,23.02686,1.069071035,5192.54,0.88488,3.078228926,12.53672268,1.098276213,-3.540149154,-3.537410848
21.58161,25.70535,1.191076569,4759.36,0.92048,3.889806837,8.540020848,0.649048709,-3.172946673,-3.174211057
19.4385,22.53927,1.159516938,6138.04,0.9141,4.117753052,12.03167511,1.15640917,-3.364445544,-3.408186696
17.51178,19.91658,1.137324704,5278.79,0.8874,3.092449391,14.49838763,1.428377878,-3.637417571,-3.64816661
15.43843,20.30349,1.315126603,5393.58,0.88794,3.183288043,10.82900553,0.928223819,-3.528372727,-3.471262821
16.79229,21.619,1.287436079,5802.57,0.90788,4.098336975,9.149466943,0.958581499,-3.269361785,-3.350040861
5.1718,8.91802,1.724355157,1755.08,0.66274,0.59243566,34.9002207,3.363117131,-4.988165358,-4.436431131
16.72391,18.5016,1.106296315,5599.97,0.87494,2.871621511,10.83078986,0.909631825,-3.583007507,-3.543987974
22.1869,26.34789,1.187542649,6501.84,0.9309,5.594754429,10.82816966,1.090831876,-3.297488004,-3.261457223
17.18972,23.55916,1.37053774,6296.27,0.91932,4.842986962,8.447427867,0.845476749,-3.266893114,-3.296167248
11.17281,13.9408,1.247743406,3241.34,0.82064,1.376360822,15.79646737,1.250036078,-3.728948055,-3.776515663
8.8431,14.54847,1.645177596,5215.83,0.83298,2.129316251,16.28108021,1.378069459,-3.825830943,-3.799635048
11.7788,13.82621,1.173821612,3244.18,0.8216,1.352724135,12.5177261,0.722824386,-3.582501656,-3.565266175
19.45585,23.78783,1.222656939,6476.06,0.92424,4.962042714,7.203164246,0.740329913,-3.124673603,-3.172633962
15.75681,18.61603,1.181459318,2828.62,0.85728,1.534298355,13.75148906,0.524834668,-3.672238662,-3.642412927
16.11243,20.09758,1.247333891,4174.61,0.87882,2.364014429,12.46999634,0.857442829,-3.483206811,-3.521150018
22.06863,25.72801,1.165818177,6599.05,0.93064,5.579777922,7.646981997,0.828783404,-3.108473504,-3.147485186
17.44658,20.75417,1.189583861,5403.36,0.90856,3.844438521,9.542682162,0.905039804,-3.310718302,-3.293900189
11.74951,14.28602,1.215882194,4793.42,0.85042,2.234712916,11.26291982,0.830420107,-3.590412113,-3.612252012
15.85918,21.76153,1.372172458,5679.5,0.90492,3.931563032,9.716013524,0.831522022,-3.34942531,-3.363442153
18.28391,22.15257,1.211588222,5811.97,0.91966,4.59956488,8.810095571,0.906926805,-3.217296042,-3.279277848
10.41326,13.06477,1.254628234,3523.07,0.80002,1.394307186,14.89554435,0.958843749,-3.775765452,-3.769030415
16.49929,20.95147,1.269840702,5698.14,0.91092,3.989751002,8.898700363,0.863533489,-3.277167677,-3.307109893
11.96591,15.52855,1.297732475,4859.35,0.86502,2.490656654,9.887569066,0.740265059,-3.458315736,-3.520632625
18.90133,21.46608,1.13569151,5643.82,0.88398,2.981764948,11.38653558,1.03599031,-3.462809611,-3.493704777
20.52476,24.43781,1.19065022,6201.93,0.91194,4.279519836,8.760880823,0.878846251,-3.266425717,-3.269576467
16.1301,20.31643,1.259535279,5557.39,0.8898,3.315695335,10.2686141,0.810482254,-3.474182422,-3.493801893
11.554,14.07275,1.217998096,3259.24,0.8079,1.370643892,14.14752409,0.965513701,-3.856198743,-3.856972436
14.76215,18.12098,1.227529865,5244.63,0.87216,2.68659475,11.11273388,0.978418714,-3.482867544,-3.49973766
9.29156,16.22431,1.746134126,4179.79,0.83246,1.812307739,34.42808506,3.213656475,-4.805000269,-4.09217817
11.32306,13.48943,1.191323723,3779.34,0.81884,1.519318975,17.87960666,2.065664929,-3.833526876,-3.841321451
22.08337,24.90713,1.127868165,6674.74,0.92582,5.173537186,6.737356018,0.7503332,-3.145294387,-3.159484708
10.80472,12.95327,1.198852909,3332.26,0.80162,1.310339755,14.453311,0.962932613,-3.836477386,-3.848934386
18.53075,20.62081,1.112788743,5344.28,0.90564,3.53256439,11.9922697,1.169606082,-3.494142271,-3.479393584
17.43793,22.95259,1.316245105,5898.13,0.9143,4.564994882,9.619196772,1.0882638,-3.244905377,-3.280319353
24.59687,27.09777,1.101675538,6025.07,0.9163,4.445576499,9.266544609,0.896400262,-3.278719075,-3.280772891
15.99798,20.86544,1.304254662,5544.8,0.90256,3.51736743,9.212331924,0.867217647,-3.323829731,-3.389690839
22.11949,24.16439,1.092447882,6447.37,0.9166,4.557432802,10.81104161,1.036864992,-3.341113237,-3.341050036
17.98953,23.63541,1.313842552,6303.39,0.92444,5.218049017,8.119237636,0.952061579,-3.153344548,-3.247456847
26.80972,30.78525,1.14828689,6520.12,0.93936,6.538271467,7.660240937,0.847130488,-2.99384331,-3.095718198
21.63714,24.05291,1.111649229,5920.94,0.9124,4.164137484,12.67478161,1.226501981,-3.484007464,-3.437469848
18.33678,20.92087,1.14092387,5099.6,0.87666,2.914747961,12.46794238,0.991287099,-3.592808261,-3.67536861
18.43645,22.53001,1.222036238,6462.76,0.9206,4.941226987,7.493208399,0.815289088,-3.16116566,-3.226705722
12.73947,16.32003,1.281060358,4900.24,0.87002,2.520620812,10.12829513,0.797743217,-3.41214221,-3.473068977
21.16438,24.24407,1.145512885,6264.14,0.91266,4.392413166,8.22434931,0.841978155,-3.240225523,-3.232785387
14.96653,22.88348,1.528976991,6023.73,0.90598,4.166019065,9.159107825,0.806562605,-3.308789638,-3.317613848
18.43897,22.89227,1.241515659,6116.59,0.92136,4.864137177,7.900996295,0.766745894,-3.224731223,-3.187832044
10.81192,12.88199,1.191461831,3953.42,0.80368,1.51237954,12.62020104,0.776504751,-3.693979614,-3.68886698
19.0436,21.99113,1.154777983,6406.75,0.90482,3.699878146,8.326275225,0.797698332,-3.247457309,-3.270558434
20.15789,22.38899,1.110681227,6196.54,0.91832,4.635264189,12.14286879,1.10915322,-3.36631408,-3.388606858
17.61225,20.48311,1.163003591,5715.04,0.89378,3.418681151,10.38476181,0.891300193,-3.420087101,-3.406345978
22.34684,24.5914,1.100441942,5176.65,0.9112,3.669296222,10.24873405,0.764883205,-3.293796817,-3.294759465
15.2589,21.34867,1.399096265,6628.22,0.9146,4.541188971,12.15744874,1.06202739,-3.411263566,-3.35126569
15.0281,19.4406,1.293616625,5649.84,0.90504,3.685541506,10.7377238,0.995048817,-3.40657968,-3.383506864
15.90379,20.29013,1.275804698,5676.57,0.88774,3.402515072,11.26326203,0.988835742,-3.514092822,-3.563651729
18.01134,23.07065,1.280895813,6300.71,0.91774,4.666300579,7.883114593,0.832631969,-3.200149872,-3.227598296
17.52803,22.00755,1.255563232,5070.33,0.90584,3.468378955,10.44394275,0.796060116,-3.338869605,-3.408006969
14.40153,18.33735,1.273291796,4810.76,0.85718,2.398021558,11.37315666,0.961377704,-3.514232004,-3.536414325
15.71279,20.3633,1.295969716,6011.18,0.89438,3.46949384,13.06720839,1.16099642,-3.568312593,-3.569338949
22.22904,24.37849,1.096695584,6371.94,0.9146,4.559890315,8.669825508,0.872655977,-3.26603457,-3.316912986
11.00552,14.18857,1.289223044,2660.8,0.81766,1.175209161,14.08456494,0.70966001,-3.721520334,-3.673843124
14.2823,20.52219,1.436896718,5183.9,0.86736,2.814048179,10.5752326,0.689332311,-3.500534612,-3.527454325
19.30547,24.07049,1.246822274,6586.61,0.92676,5.251002878,7.552216072,0.842623743,-3.143426829,-3.210812776
13.22654,15.60476,1.179806661,5270.44,0.87518,2.749674034,9.287457708,0.711457573,-3.412087111,-3.422793891
18.79134,23.40052,1.245282135,6284.18,0.92444,5.180793113,8.196071863,0.934347606,-3.181701137,-3.181012341
22.43177,27.47156,1.224671972,6921.74,0.93948,6.709852516,7.023662307,0.874827188,-3.061999517,-3.114389316
9.50354,16.81784,1.769639524,4425.99,0.83046,1.969571559,17.66206341,1.941653946,-3.884698723,-3.841069942
16.79909,21.41388,1.274704761,5176.77,0.90528,3.534055021,9.249671764,0.825444887,-3.291853396,-3.305454411
14.1953,17.94484,1.264139539,5392.44,0.89854,3.213248652,7.795828755,0.606567213,-3.279567745,-3.36111062
15.92669,20.36009,1.278362924,5641.82,0.89696,3.537313021,12.07003538,1.10991031,-3.567599171,-3.571225061
19.16124,23.2003,1.210793247,6310.94,0.9141,4.261399395,7.752611478,0.746862753,-3.190025028,-3.224587097
11.36863,14.53136,1.278197989,3844,0.82062,1.656636782,14.55610536,1.273118436,-3.716021307,-3.766150693
10.00412,14.3107,1.430480642,4007.52,0.81652,1.606889481,16.98364978,1.609927853,-3.838268774,-3.891175993
16.20228,22.89713,1.413204191,5563.92,0.90058,3.712124647,10.4828238,1.169250552,-3.340968152,-3.410492334
22.17527,26.65829,1.20216304,6932.3,0.93876,6.684230013,6.698836948,0.866758697,-3.053416052,-3.026633252
17.12574,20.55109,1.200011795,5622.95,0.89896,3.578377518,9.700255761,0.802135891,-3.389969068,-3.432994297
12.61026,15.23716,1.208314499,3868.34,0.86132,1.939599749,10.71396556,0.64783607,-3.492300261,-3.544895336
15.58186,18.2009,1.168082629,5769.07,0.86816,2.891447489,14.33776766,1.314479822,-3.712290819,-3.717903556
16.29648,22.77961,1.397823947,5688.34,0.90314,3.859358241,10.02384223,1.077548586,-3.340427361,-3.37476607
11.49812,14.23995,1.238458983,5553.69,0.85988,2.5570282,13.32919573,1.170751659,-3.589234673,-3.571441586
25.23708,28.32546,1.122374696,6497.09,0.93424,6.000642302,9.55491394,1.098432221,-3.184237878,-3.170102361
22.06863,25.72801,1.165818177,6599.05,0.93064,5.579777922,7.52290752,0.813533207,-3.129202938,-3.15784321
15.59752,20.69335,1.326707707,5465.16,0.9023,3.490036204,9.065773649,0.833796719,-3.29589063,-3.347526792
16.71748,20.52068,1.227498403,6178.6,0.9155,4.461609688,7.563628627,0.738839835,-3.21770164,-3.210947428
26.58185,31.11101,1.170385432,7606.86,0.9555,9.516363564,5.322528791,0.951905532,-2.840491627,-2.967238449
10.49795,12.98846,1.237237746,3729.39,0.79792,1.502561012,12.6123918,0.851375274,-3.70018008,-3.729312316
19.46941,23.48439,1.206219911,6593.56,0.92652,5.218331634,7.650821763,0.850387668,-3.151456601,-3.139686007
8.62884,14.31456,1.65892055,4610.46,0.81516,1.791013295,27.97689372,2.956056379,-4.3250488,-4.037456409
8.87612,10.64214,1.19896306,3594.07,0.78762,1.327797052,14.28462073,1.091265681,-3.77685086,-3.793726048
12.40234,14.48294,1.167758665,4142.07,0.8349,1.724714923,16.22725032,1.559278256,-3.829157432,-3.810549133
11.31288,13.23855,1.170219255,3143.57,0.8304,1.406082526,18.22189574,1.157803254,-3.908614605,-3.843254457
13.10949,16.65295,1.270297319,4225.25,0.83586,2.004215312,14.80812613,0.760712363,-3.78461861,-3.772938243
16.5673,20.88805,1.260799889,4811.91,0.89716,3.070593953,19.78982859,1.904019008,-3.789448548,-3.710739189
26.50331,28.63151,1.080299404,6770.5,0.93146,5.598052768,10.22558236,1.129731479,-3.21068695,-3.20375183
24.1918,28.5459,1.179982473,6653.25,0.93248,5.914537071,7.910177085,0.935899774,-3.150645915,-3.202988571
21.15183,25.90395,1.224667086,6845.69,0.93818,6.251241013,6.719236183,0.79586091,-3.032332031,-3.026313839
19.09956,22.06123,1.155064829,6392.73,0.90376,3.710823783,8.344360149,0.785046053,-3.260546529,-3.241186353
26.5429,29.10999,1.096714752,7207.87,0.94326,7.17455295,6.764347887,0.918622524,-2.955518237,-3.055333864
12.22152,14.37488,1.176194123,3989.61,0.83808,1.763573273,20.07172933,2.148324496,-3.973778039,-3.959539721
6.20961,10.29122,1.65730537,2672.66,0.7165,0.853067591,25.80902727,3.027106694,-4.340656381,-4.275900849
11.18777,18.95079,1.693884483,5625.12,0.87032,2.903912501,13.23488666,1.273451518,-3.633770473,-3.616205384
21.91805,25.95427,1.184150506,6490.87,0.92694,5.371074284,7.800144696,0.826779847,-3.165639018,-3.160087385
19.37373,24.93812,1.287213149,6834.86,0.9354,6.043611694,6.352263826,0.777532549,-3.039513464,-3.019147431
19.43056,23.24373,1.196246017,6125.32,0.91446,4.109692467,11.92038421,1.155007774,-3.376339796,-3.344066629
21.99837,24.69379,1.122528169,6464.44,0.91898,4.670610598,7.691670825,0.797338559,-3.175530234,-3.21213238
6.48935,11.28012,1.738251135,3095.63,0.72502,1.066209018,22.99285599,1.557413846,-4.368779829,-4.253702566
16.14714,18.96353,1.174420362,4803.26,0.85492,2.256243518,11.26820275,0.700710907,-3.583247169,-3.598286263
19.33084,22.37393,1.157421509,6212.71,0.91306,4.153841255,8.163136265,0.764593974,-3.220684397,-3.230126122
19.43271,21.77625,1.120597693,6317.76,0.91152,4.259459156,7.879047332,0.768738818,-3.190882894,-3.197430556
20.52719,25.73202,1.253557842,7128.51,0.94172,6.83882587,5.946288866,0.785311077,-2.976164563,-2.970130016
17.28216,19.40742,1.122974212,5528.12,0.87972,2.972840541,10.28802934,1.044725859,-3.433858576,-3.42025
21.63381,25.68519,1.187270758,4764.06,0.9204,3.893746906,8.658974448,0.637159766,-3.185325154,-3.176336914
10.07391,11.60141,1.151629308,3624.29,0.7977,1.384424744,14.63693967,1.113942277,-3.817342124,-3.797715849
16.42033,19.0028,1.157272722,5256.15,0.87812,2.812621114,10.44371758,0.80222058,-3.490731057,-3.493857052
17.63613,21.70216,1.230551147,6120.14,0.90992,4.201873923,8.604317523,0.831480649,-3.287385501,-3.337570147
14.4513,17.69342,1.224347983,4473.28,0.83426,2.053345738,16.91759791,1.22674483,-3.92858744,-3.894505161
15.81088,18.45842,1.167450515,5464.78,0.86364,2.731473428,11.74878039,0.973188354,-3.612498684,-3.642685695
15.30087,19.57348,1.279239677,5470.07,0.88884,3.189590518,10.97447474,0.866827103,-3.50420513,-3.545739662
16.07587,23.29068,1.448797483,5950.41,0.9103,4.16821206,9.474714265,1.017251028,-3.288665355,-3.324526201
11.63652,15.4719,1.32959854,3387.12,0.8446,1.49427748,10.37893495,0.517678587,-3.49108567,-3.51100439
9.62964,13.78899,1.431932035,4445.03,0.82704,1.836030636,18.24155469,1.237441534,-3.936319366,-3.877427565
11.27528,12.61517,1.118834299,4565.61,0.82596,1.947610054,12.16854209,0.818115344,-3.691041975,-3.705437974
14.81982,19.17614,1.293952288,4943.56,0.87922,2.79138728,10.5304855,0.634134467,-3.470921695,-3.459434523
17.67618,21.52646,1.217823082,6095.09,0.9128,4.439580749,8.467652486,0.843167664,-3.263220492,-3.358721067
13.94699,18.40197,1.319422327,4573,0.83508,2.076192702,12.5438038,0.773393367,-3.752544724,-3.741668332
11.08949,14.28103,1.287798627,3625.82,0.83434,1.590203459,11.74860802,0.727388587,-3.626985059,-3.550013187
22.43015,23.77831,1.060104814,6229.02,0.9107,4.303610837,8.928400734,0.829395573,-3.254777297,-3.234383266
26.57669,29.39421,1.106014707,6419.44,0.92816,5.37814347,16.72823605,1.751865807,-3.474065172,-3.495516087
10.75074,14.01078,1.303238661,3921.07,0.84668,1.799459746,12.43434388,0.692437704,-3.68107009,-3.687736612
8.47806,9.56369,1.128051701,3077.52,0.7884,1.06630456,12.92095596,0.672384123,-3.646047707,-3.623820261
28.01826,29.80435,1.063747356,6878.27,0.92986,5.794675574,7.683453134,0.870351694,-3.106202631,-3.142242889
10.57428,12.27271,1.160618974,4650.06,0.8419,1.937727572,10.26891253,0.81840349,-3.47495258,-3.492247779
10.26181,12.0695,1.176157033,5090.72,0.85818,2.246515098,10.02559255,0.754247844,-3.459958348,-3.451564617
21.37691,25.72883,1.203580405,6510.62,0.92776,5.408039545,8.140378521,0.924282713,-3.187256763,-3.232710591
11.44254,14.17323,1.238643693,3998.48,0.8438,1.88296937,15.7858977,1.294512188,-3.779411367,-3.705126774
11.62517,14.1624,1.218253152,4653.93,0.84096,2.171996188,11.94543219,0.951115905,-3.632828618,-3.635004456
29.7526,31.46845,1.05767059,3388.73,0.85482,1.846590541,14.15049507,1.025770321,-3.667125705,-3.671768715
18.3089,22.13011,1.208707787,5940.94,0.92322,4.701454914,8.188648018,0.845891628,-3.209149296,-3.204342928
11.91485,14.86072,1.247243566,3297.46,0.80838,1.436499432,14.49820484,0.959788247,-3.81658767,-3.787396139
16.74796,20.58132,1.22888519,5037.66,0.89058,2.998585859,9.600413687,0.828325384,-3.363932742,-3.433208121
15.20644,17.98123,1.182474662,4358.4,0.86866,2.370829296,11.92085764,0.786440776,-3.594526296,-3.589819862
9.4926,11.16269,1.175935992,3049.37,0.78912,1.059564235,13.79617931,0.897805129,-3.66911457,-3.685057332
17.62117,21.12561,1.198876692,6060.51,0.90582,3.936738898,8.313384944,0.783824476,-3.31575872,-3.309198789
16.4628,22.02037,1.337583522,5924.76,0.91204,4.219164901,8.93950777,0.784207134,-3.319377264,-3.32056404
11.38014,12.7119,1.117024922,4728.42,0.85802,2.050555286,10.54861769,0.74274342,-3.481523781,-3.469333493
11.93343,15.15336,1.269824351,4291.25,0.84094,2.079573472,10.87320075,0.755531353,-3.583028574,-3.587873626
14.92491,17.60901,1.17984028,4669.6,0.88168,2.527918985,11.12302507,0.846275897,-3.48111034,-3.499895427
11.82977,14.60798,1.234849029,4814.49,0.84382,2.221607903,11.04811179,0.960470911,-3.576412344,-3.56447032
18.23089,21.3138,1.169103648,5082.69,0.8741,2.803588439,11.3952833,1.108720016,-3.46988479,-3.487249161
17.40157,18.41707,1.058356803,5935.92,0.91634,3.951035684,7.881187837,0.666806126,-3.22940447,-3.246515031
26.46835,28.51482,1.077317627,7123.38,0.93076,5.798983203,7.075394842,0.849532032,-3.091790422,-3.098425281
13.77235,15.61674,1.133919774,4954.37,0.86604,2.481802863,10.35851603,0.88711922,-3.461711269,-3.485138183
12.64741,15.14773,1.197694231,5291.31,0.86588,2.582149684,10.78817916,0.859247539,-3.512505285,-3.569930758
10.93492,13.63539,1.246958368,4565.51,0.83978,1.968302035,17.86915034,1.326486221,-3.840923624,-3.743830006
14.25359,18.91839,1.327271936,4824.93,0.87692,2.650938947,18.58091593,1.175435668,-3.781840275,-3.709188045
21.87894,23.38605,1.06888405,5120.36,0.90574,3.485666565,10.41510567,0.779052509,-3.36008011,-3.355446363
13.26005,20.59075,1.552841053,6066.2,0.88942,3.586284203,12.26086549,1.102833351,-3.556986047,-3.559129353
27.08993,30.47223,1.124854512,7436.5,0.95274,8.814892259,5.583120208,0.92081618,-2.87318036,-2.924108564
12.1463,14.62683,1.204221039,4398.97,0.84652,2.030618071,10.63309614,0.767136788,-3.544488468,-3.556116146
11.71452,13.61606,1.162323339,4416.07,0.83096,1.781394571,12.25888593,0.964531337,-3.606965025,-3.588341741
27.48589,30.29303,1.10213022,7092.33,0.9435,7.346585998,7.100094489,0.94585238,-3.014196428,-3.125648383
21.74773,25.90871,1.191329394,6377.95,0.92564,5.279958018,8.415111906,0.912781795,-3.20688796,-3.217124041
15.77957,20.46736,1.297079705,5329.93,0.8987,3.374739957,11.00669294,0.887652996,-3.425839261,-3.39065894
10.56936,14.10966,1.334958787,5037.66,0.83936,2.182440321,14.45918599,1.562899527,-3.783467539,-3.776280917
27.00872,28.93976,1.071496909,5718.07,0.92706,4.724594843,9.838255949,0.835491477,-3.205005238,-3.22935727
18.13879,21.50117,1.185369586,5238.42,0.89312,3.382031067,10.4983557,0.967729284,-3.409511871,-3.451249809
24.7549,28.20395,1.139327971,6803.91,0.93394,6.3081038,7.517736377,0.924004979,-3.101327779,-3.218386403
16.64471,21.23369,1.27570201,5322.9,0.9044,3.551067205,9.328447785,0.86067347,-3.284469885,-3.347147392
14.29428,21.87942,1.530641627,4616.79,0.88606,2.83458471,19.53984578,2.295205211,-3.927888462,-3.852469724
15.03675,19.89397,1.32302326,3025.16,0.88156,1.85060941,11.61074492,0.493273854,-3.513072927,-3.583313005
16.97345,20.66765,1.217645794,5765.82,0.89622,3.48437664,10.09329453,0.898349093,-3.42958588,-3.441896301
13.73591,16.38727,1.193023979,5611.9,0.89304,3.14584735,8.631010512,0.632862554,-3.350995293,-3.303234612
14.3875,18.44957,1.282333275,4877.23,0.87996,2.696063262,11.68438538,0.856066654,-3.530351135,-3.534248101
16.40615,20.19866,1.231163923,5633.15,0.8958,3.365328625,9.784177119,0.804876613,-3.428967383,-3.424819324
16.97104,20.31303,1.196923111,5765.05,0.8994,3.554463037,9.212514096,0.750334606,-3.399300065,-3.376403295
11.22128,13.36546,1.191081588,3971.29,0.8316,1.734035344,16.7804577,1.968987029,-3.831101673,-3.808008091
15.87599,16.78369,1.057174387,3175.21,0.83222,1.551497209,19.70930233,2.098901173,-3.923515603,-3.881389074
16.72692,21.13332,1.263431642,5583.9,0.90686,3.957995993,9.308950556,0.94820261,-3.282643926,-3.333196523
7.87527,13.95218,1.771644655,2454.28,0.77586,0.927765893,22.35912244,1.023160712,-4.151001011,-3.993984164
20.27434,25.63032,1.264175307,7053.73,0.94104,6.876032092,6.08047063,0.815974449,-2.979934271,-2.932959323
16.92963,20.10816,1.187749526,5059.76,0.8961,3.32451594,10.09451224,0.790742543,-3.33426067,-3.42230375
21.98918,25.22186,1.147012303,5910.82,0.91242,4.193569144,18.51003286,1.522772534,-3.640901966,-3.543973338
14.52358,19.51283,1.34352756,5369.28,0.8847,3.012390743,9.853637566,0.657517407,-3.416716501,-3.452779476
19.3891,24.53408,1.265354245,6822.93,0.93296,5.649783204,6.427086983,0.752504528,-3.04163819,-3.048839687
13.29258,15.50154,1.166179929,4548.68,0.85574,2.195984439,10.96942801,0.74448557,-3.536960171,-3.458884903
15.59756,18.14275,1.163178728,3720.55,0.86164,1.798639393,12.30549263,0.651468228,-3.61526809,-3.581355107
24.44442,26.84576,1.098236735,6235.7,0.91852,4.717132293,12.14961156,1.252477122,-3.380063743,-3.408750218
17.56256,21.00618,1.196077337,5960.75,0.90626,3.89514493,8.383034796,0.764092081,-3.268373735,-3.32839368
26.43899,28.62178,1.082559508,6837.42,0.931,5.783147498,8.050982317,0.894374189,-3.114510251,-3.087128813
24.02461,27.50304,1.144786117,3262.75,0.84068,2.051314585,16.62082326,0.921977775,-3.798290738,-3.701395674
29.09948,31.5638,1.084686049,4777.85,0.89668,3.425083461,9.937511645,0.844956788,-3.308597284,-3.37626804
37.58527,40.87415,1.087504493,3559.12,0.9564,6.263343331,7.766181727,0.607804084,-2.681257361,-2.760365317
11.71093,19.55677,1.669958748,4578.5,0.86904,2.338178081,16.26452329,1.134865418,-3.729335013,-3.66274711
33.26008,40.4499,1.216169654,4827.72,0.93376,5.466594853,18.24431041,1.470383423,-3.365979955,-3.352174037
19.27005,20.84026,1.08148448,2393.68,0.78264,1.273113242,29.42714093,1.935277038,-4.667199066,-4.252408454
40.27187,45.93717,1.140676358,4197.12,0.96824,8.958797894,11.86628746,0.993341218,-2.706273116,-2.638221061
34.30052,38.28348,1.116119522,3844.84,0.94768,5.708296691,14.77438113,0.812902736,-2.989730865,-2.940879657
38.94432,46.00985,1.181426457,4780.07,0.96096,9.146425036,7.308705284,0.983561047,-2.717146337,-2.703130357
10.61705,15.38008,1.44862085,4835.87,0.82286,2.036177373,16.48896264,1.509503715,-3.989506578,-3.910213414
34.16756,38.04426,1.113461424,4363.1,0.94396,6.269118633,9.740276472,0.902446343,-2.904399174,-2.952332539
21.64681,23.72432,1.095973033,2325.46,0.81182,1.403158844,33.10481764,1.672398497,-4.740314926,-4.152079262
24.51849,28.65973,1.168902734,2256.22,0.80716,1.499355424,33.84802548,1.603767883,-4.579154809,-4.106471762
34.10503,38.48573,1.128447329,3921.47,0.94836,5.842713243,14.53513125,0.833067649,-2.991291154,-2.944612722
30.32085,31.22149,1.029703653,3444.35,0.87546,2.48080863,12.62286832,0.8084446,-3.540689319,-3.500558985
31.48256,35.46368,1.126454774,4396.81,0.90456,3.752489048,22.14179748,1.370782401,-3.735528994,-3.498796135
31.51019,37.43248,1.187948407,4993.61,0.9436,7.122369494,16.20907884,1.108797104,-3.187470576,-3.004785152
33.57233,35.89518,1.069189419,2836.98,0.87984,2.237053874,17.63854448,0.69892402,-3.576480197,-3.505586478
27.30067,29.95727,1.097308967,3704.78,0.86268,2.570353398,18.81342268,0.886306364,-3.689074284,-3.666173756
30.54052,34.22639,1.12068786,4671.06,0.90964,3.967393438,24.11659277,1.133458285,-3.721805462,-3.395372552
34.30355,36.6978,1.069795983,3932.18,0.8898,3.099776,13.37284866,1.034755732,-3.477548218,-3.481981443
39.56575,44.62964,1.127986706,2754.44,0.95186,4.939543959,11.30194921,0.524571149,-2.772321171,-2.756452214
29.38648,30.76996,1.047078793,3421.35,0.8608,2.454666518,12.96357578,0.799313683,-3.570489852,-3.551064133
30.93895,36.47714,1.179003812,4518.24,0.94526,6.292085469,32.42124474,1.749924762,-4.001902683,-3.242667678
23.73271,25.12034,1.058469092,2931.05,0.82528,1.716976068,22.86687183,1.679813632,-4.160115445,-4.043140252
25.40334,31.31604,1.232752858,6290.24,0.94884,7.366655797,7.019075072,0.898609646,-2.917367188,-2.994675723
27.21709,30.94397,1.136931612,3676.24,0.86474,2.521137273,20.18219747,0.809396721,-3.533177997,-3.494992486
33.09194,37.51237,1.133580262,4550.9,0.94694,6.661132957,13.51562697,0.821337179,-2.960576207,-2.839307759
32.75663,37.16115,1.134461939,4711.46,0.90978,4.083558133,24.11634073,1.55221153,-3.922403113,-3.524894841
38.04667,44.75881,1.176418593,5705.64,0.96942,11.95243291,13.40305091,1.400885743,-2.717751105,-2.676407363
9.37787,15.86037,1.69125505,3930.4,0.83188,1.697752399,32.7209142,3.467688721,-4.896219188,-4.147859442
24.47676,28.44483,1.162115819,4940.17,0.9236,4.75962257,17.33610767,0.993345702,-3.429070464,-3.21788802
31.36875,36.81142,1.173506117,4809.11,0.95096,7.043730742,20.08983471,1.253908231,-3.203908577,-3.069550484
10.10065,15.11852,1.49678684,4022.56,0.82966,1.692461787,32.31409337,3.147051,-4.515437578,-4.082920872
31.42322,33.65842,1.071132112,2885.02,0.8805,2.247084915,36.50926683,0.821567231,-3.744746547,-3.52159309
25.76811,28.10783,1.090799054,3590.45,0.86636,2.390255342,26.66040536,1.307558176,-3.966878834,-3.752099498
39.34474,41.98919,1.067212288,4189.79,0.91336,3.883779175,16.47720494,1.559279132,-3.527687089,-3.504942038
30.84556,37.07235,1.201869896,4875.56,0.95242,7.160783429,11.34687619,0.985409403,-2.938005063,-2.943649108
18.06632,19.1665,1.06089674,2411.05,0.77452,1.283667432,18.39584559,0.953970166,-4.079060211,-3.961973212
35.03669,38.25325,1.091805476,4665.1,0.9471,6.870710793,8.626716876,0.778421192,-2.836154963,-2.838663842
30.67827,35.18819,1.147006986,4439.64,0.94218,5.898024977,11.04998854,0.833329262,-2.963618438,-3.006294209
39.80204,45.97636,1.155125717,4501.01,0.96222,8.526312991,16.23766395,1.111704278,-3.010786864,-2.813950979
29.62342,31.60867,1.067016232,3861.1,0.88022,2.826989719,16.71728411,1.02128162,-3.557938163,-3.516762054
31.86938,37.64627,1.181267725,5109.47,0.94944,7.51377018,14.69331681,1.246620494,-3.057637209,-2.978658167
25.18671,31.35855,1.245043517,4478.45,0.92818,4.978544916,9.556749963,0.674832006,-3.028978864,-3.040657782
24.76315,25.68864,1.037373678,2808.47,0.82606,1.776186637,15.7663112,0.82096199,-3.753555588,-3.69398052
41.32298,44.64291,1.080341011,5056.25,0.95838,9.353699004,12.94828605,1.01893376,-2.816724118,-2.746043863
16.53649,20.39452,1.233304045,4908.43,0.90118,3.44618185,9.842607291,0.707825497,-3.3126454,-3.317377855
28.4862,30.24529,1.061752357,3944.63,0.87208,2.799363139,30.48418079,0.858652514,-3.472633035,-3.411432231
26.8622,32.15233,1.196935843,5342.96,0.94852,7.187282151,13.87449618,1.170854513,-3.07292701,-3.105108276
12.55372,16.20632,1.290957581,1701.29,0.71984,0.723593278,21.56521819,1.105008863,-4.257792543,-4.138953383
22.04397,22.73883,1.031521545,2930.3,0.8212,1.6943767,41.60353345,1.051365085,-4.013315496,-3.899642478
20.82103,22.84235,1.097080692,2920,0.81794,1.688971118,15.25806436,0.893789964,-3.898803097,-3.833057664
34.68964,37.6833,1.086298388,3224.81,0.88612,2.885153241,13.901168,1.026075083,-3.491261968,-3.441971474
26.24405,29.23504,1.113968309,2712.31,0.8328,1.805461913,20.3024902,1.893802211,-4.022928703,-3.98611195
32.04673,33.97212,1.060080701,3511.29,0.88466,2.670316999,19.89177595,1.158485434,-3.801769199,-3.554610716
38.02645,42.22554,1.110425506,5610.26,0.95746,8.606691477,7.911438946,0.978009623,-2.733325783,-2.769776517
31.63286,35.56422,1.12428089,4447.02,0.89874,3.462818833,10.99537793,0.922978645,-3.373242929,-3.40461715
32.99296,37.74189,1.143937676,4978.7,0.95238,7.469647059,13.80828976,1.078735472,-3.092611347,-2.878194925
23.09253,24.44927,1.058752332,4367.83,0.8937,3.088988587,8.598298781,0.64551486,-3.270592905,-3.236608564
37.2963,44.00818,1.179961015,5629.98,0.967,11.65629012,19.78826391,1.404288765,-2.829796716,-2.692300285
30.24209,32.13756,1.062676554,3672.37,0.87876,2.748444,10.98791221,0.677480121,-3.398908915,-3.38007316
31.78102,33.49842,1.054038543,3882.78,0.87646,2.824484061,12.61868511,0.782488778,-3.481253801,-3.451560257
37.41192,38.20734,1.021261138,4002.68,0.9003,3.314422875,12.27498734,1.008205406,-3.400803481,-3.368074877
20.90069,22.84228,1.092895976,2158.22,0.77284,1.309033012,21.20874018,1.614040862,-4.090491787,-4.098779677
24.76802,26.79925,1.082010189,2925.44,0.8273,1.843807877,30.19029705,0.945313444,-3.851846917,-3.801895524
40.58596,44.17945,1.088540224,4578.1,0.95694,8.468270754,33.37256535,1.736629539,-3.574750363,-2.991865831
24.95128,25.88067,1.037248189,2499.13,0.82556,1.601393528,14.37903853,0.706157687,-3.840545126,-3.738105078
34.5455,42.82617,1.23970329,4475.9,0.95882,8.054941824,11.1426837,0.842621844,-2.738865326,-2.766740273
26.29312,33.75133,1.283656333,5217.41,0.94668,6.344827586,7.253602252,0.811525407,-2.938450337,-2.93770146
32.2573,35.24927,1.092753268,3817.29,0.88666,2.97074354,19.13340792,1.254526636,-3.694540377,-3.620991377
19.30132,20.81668,1.078510693,2463.82,0.78582,1.360423386,41.30493846,1.264167467,-4.32380147,-4.050280487
23.94407,28.34652,1.183863896,4697.93,0.94168,5.716922255,8.630729213,0.808357084,-3.010069616,-2.965574983
22.85767,27.80463,1.216424509,4532.68,0.91254,4.23405282,9.145962975,0.63261476,-3.176555116,-3.088484118
33.45003,39.11232,1.169276081,5052.02,0.95286,7.978397388,17.38378365,1.372757811,-3.077952737,-2.928649268
42.08167,45.50777,1.081415495,4101.05,0.94144,5.273169256,12.59678585,0.815166103,-2.979643487,-2.987867305
32.82242,35.77184,1.089859919,4512.59,0.92464,4.645871855,18.76789339,1.03362812,-3.356486467,-3.243958886
25.49062,26.0321,1.021242324,2336.37,0.82292,1.505965888,15.33438069,0.749814659,-3.80964321,-3.722206794
21.86554,23.43689,1.071864221,3489.66,0.84126,2.017753622,14.57714255,1.042978133,-3.760334828,-3.772566011
28.14988,31.87923,1.132481915,4907.07,0.93674,5.488700217,17.125119,1.303146711,-3.423075952,-3.204167034
19.54382,25.99258,1.329964152,6229.15,0.91172,4.314935587,9.11642581,0.945447285,-3.302416887,-3.300587008
27.3232,31.00421,1.134721043,4746.81,0.93386,5.290302114,13.11851998,0.995231656,-3.22364718,-3.221682694
24.58614,27.14808,1.104202612,3994.08,0.87004,2.462170629,14.39065677,0.817367174,-3.614398227,-3.534089281
33.97258,36.01515,1.060124077,3639.56,0.90548,3.276249471,11.79681547,0.75930966,-3.343771949,-3.26538305
21.11144,23.0005,1.089480395,3156.76,0.81148,1.702054471,21.77056908,1.574991288,-4.125172367,-3.970772529
31.69131,36.29505,1.145268214,4413.22,0.95036,6.633627429,8.015440098,0.833409583,-2.858638816,-2.847020533
32.69651,35.19795,1.076504801,2674.89,0.93444,3.642259944,11.21575508,0.48233881,-2.946962796,-2.896307522
27.491,30.59189,1.112796552,4245.87,0.88394,2.977281531,11.11638131,0.834740448,-3.467997695,-3.423993911
26.75622,32.15597,1.201812887,4367.25,0.93882,5.329208413,35.44753077,1.765023307,-4.12250293,-3.347158517
29.49165,31.58794,1.071080797,4169.52,0.8827,2.940079273,17.17287165,1.307250529,-3.675899037,-3.614931691
36.09277,37.55207,1.04043192,4012.66,0.88556,3.22257359,18.94547106,1.23978378,-3.74941016,-3.535325893
37.49101,44.54123,1.188050949,4568.78,0.96336,8.789700824,15.03974094,1.005842805,-2.864047269,-2.757546026
22.437,26.43852,1.178344698,4594.84,0.91914,4.20097627,22.42512834,1.483587124,-3.84211512,-3.488033891
35.87214,39.63883,1.105003214,5092.11,0.9593,8.96223771,4.863717172,0.766991272,-2.635171657,-2.625446204
34.96753,44.11335,1.261551788,5861.96,0.96162,10.06102824,8.631828552,1.264362995,-2.737456218,-2.83112631
31.69391,35.645,1.124664013,4816.13,0.95078,7.214191953,22.97783561,1.115386595,-3.312162656,-3.042878449
29.44337,32.71646,1.111165604,3668.6,0.89314,2.800005016,15.88264857,0.881893302,-3.579065853,-3.454784859
31.38441,36.5597,1.164900025,5983.99,0.96362,10.34409837,9.600568121,1.075873156,-2.694176142,-2.747627014
28.66129,33.94611,1.18438877,3940.95,0.94088,4.97073181,18.28110774,0.909661428,-3.315830615,-3.149183652
35.21651,36.87232,1.047018004,2795.59,0.87618,2.318151152,16.67747463,0.8389622,-3.554498299,-3.53676521
22.63544,24.05514,1.06272023,3661.76,0.8487,2.067045637,43.87235547,1.786245098,-4.220696457,-3.968815
19.07281,21.23754,1.113498221,3211.82,0.81788,1.639429042,17.39340374,0.926387792,-3.901700699,-3.784830088
31.17198,33.05248,1.060326614,3506.08,0.90518,3.150380755,13.72095135,0.834214071,-3.379344492,-3.282117422
13.11852,16.39554,1.249801045,3560.25,0.83092,1.787170707,13.36815474,0.828613899,-3.706370821,-3.693154003
23.65088,25.86624,1.093669242,3974.7,0.85468,2.350243087,16.18508638,0.928731541,-3.756759886,-3.695782128
22.54209,26.20435,1.162463197,3973.29,0.86282,2.387682192,28.47106208,1.827160566,-4.323076228,-3.987412906
25.24664,26.7942,1.061297662,2748.55,0.83416,1.796105739,24.70918082,1.339400556,-4.125239631,-3.934503659
28.93206,31.95037,1.104324061,2867.49,0.87626,2.129123649,38.19492132,1.340091421,-4.580744963,-3.815266968
26.54905,29.45229,1.109353819,3803.41,0.87174,2.597827545,16.53803889,1.145595825,-3.740448773,-3.679004837
28.39992,29.86695,1.051656131,2686.81,0.83338,1.901209558,16.79845944,0.794590718,-3.786778169,-3.697722116
31.04975,32.77047,1.05541816,4327.92,0.88608,3.223527443,12.3772836,0.966525996,-3.438567146,-3.411864822
22.96471,29.65323,1.291252099,5227.81,0.94258,6.107601293,15.65643027,1.193225867,-3.245649635,-3.108022309
31.32411,33.8621,1.081023531,4265.13,0.89316,3.451986179,14.97194782,0.899093742,-3.453045046,-3.360802133
24.10673,25.93587,1.075876736,3537.63,0.8544,2.303486504,38.9332593,0.883170594,-3.783043458,-3.623463844
29.7086,31.3974,1.056845493,3154.14,0.85352,2.145196356,13.58305415,0.825270518,-3.634974844,-3.572178469
32.31644,34.29812,1.061321111,3719.45,0.87504,2.740366096,15.76733868,0.904159938,-3.594610446,-3.57969339
31.60938,34.76445,1.099814359,3701.8,0.87618,2.70050023,14.47739466,1.040804698,-3.608171598,-3.531821199
27.74657,29.79707,1.073901026,3212.56,0.8589,2.234693559,13.38288329,0.803716966,-3.619361385,-3.643114193
40.67306,46.88216,1.152658787,5573.01,0.9626,11.08908245,12.56752612,1.150979743,-2.722405518,-2.683024823
36.11159,40.81563,1.130263996,4390,0.95368,7.415113558,31.5830914,1.802763178,-3.593688335,-3.0830769
21.0377,22.15099,1.052918808,2759.31,0.80752,1.562514512,30.80973191,1.757594305,-4.136454745,-4.087929019
22.18262,25.84402,1.165057148,3132.92,0.84028,1.894899683,43.70901482,2.100935006,-4.689740552,-4.156158699
29.35857,31.8094,1.083479202,5159.35,0.91226,4.228790225,8.199069124,0.721153192,-3.132581925,-3.219919668
26.51614,28.58742,1.078113934,2073.75,0.82882,1.359586097,21.23633454,0.948955025,-3.943443656,-3.865319677
14.11419,16.3396,1.157671818,4322.65,0.85888,2.217133948,24.13667013,3.166506528,-4.225381671,-4.065076247
34.86548,37.54439,1.076835598,4110.29,0.9433,6.018361969,30.01242571,1.79550682,-3.77923999,-3.277649218
31.17357,32.61267,1.046164106,2736.61,0.87358,2.219027274,26.9135444,0.630381675,-3.481961497,-3.502633372
20.67212,22.69041,1.097633431,3674.96,0.83682,1.982755557,37.1161535,1.016304823,-3.875459165,-3.796955195
27.11191,28.64285,1.056467434,4097.64,0.87068,2.584057244,17.25656985,0.984644168,-3.698031687,-3.623235286
38.62026,44.39725,1.149584441,4856.55,0.96122,9.117658218,11.95348745,1.297400317,-2.873145388,-2.8546095
34.30115,40.32475,1.175609273,5259.83,0.95758,8.561287439,13.03433161,1.238551036,-2.952231383,-2.924889389
28.58192,32.3732,1.132646092,4464.95,0.92412,4.275720393,11.87489477,0.789203116,-3.189644785,-3.277233343
33.80165,36.06883,1.067073057,3020.9,0.8645,2.403204644,34.30477211,1.595197287,-4.434100238,-3.747168971
23.01421,25.37232,1.102463217,3182.99,0.8341,1.889044403,26.79582887,1.558150559,-4.370515664,-3.978817067
28.27809,32.64433,1.154403639,4256.67,0.8885,3.081014914,10.89541173,0.860443099,-3.434612733,-3.406533642
37.15585,42.81791,1.152386771,4141.24,0.93168,4.592339201,14.14611726,0.841353985,-3.19726472,-3.147059769
26.33704,28.37063,1.077214068,2732.99,0.84676,1.670958715,13.13161014,0.701326497,-3.690652844,-3.630878912
26.36711,33.48361,1.269900645,6368.57,0.94978,7.895948856,7.28403721,0.971568592,-2.934710297,-2.913303428
29.55695,35.36732,1.196582191,4796.59,0.9452,6.311937388,11.91171348,1.155879642,-3.090765694,-3.089434269
35.65815,38.52996,1.080537268,4112.48,0.94498,6.250405127,39.43221339,1.620233938,-3.862729018,-3.182856363
37.01544,41.16387,1.112072962,5240.78,0.94594,6.928998894,11.91823871,1.275302298,-3.062530594,-2.993955434
27.61664,29.36869,1.063441823,3344.88,0.86282,2.316164726,20.0705225,1.607594538,-3.932197953,-3.828476478
24.09143,25.00907,1.038089893,3026.34,0.84674,1.833084012,11.63555311,0.627361043,-3.625758226,-3.603440309
21.18419,23.77682,1.122385137,2653.65,0.81434,1.564326727,17.56125318,1.097675511,-3.929137358,-3.97362495
23.42115,26.84368,1.146129887,4598.95,0.91992,4.374363998,25.03681368,1.275885212,-3.95377335,-3.358140778
31.03178,36.44788,1.174533978,4945.88,0.95226,7.386326616,6.51441345,0.797109043,-2.809291873,-2.764256727
36.65717,43.48724,1.186322894,4373.03,0.96362,8.530177221,13.37802188,0.951971502,-2.728685942,-2.716296059
28.28611,34.82049,1.231010203,5324.35,0.94994,7.17157762,15.9622688,1.162983743,-3.151337544,-3.025514998
28.47261,30.51931,1.071883119,3994.47,0.87518,2.754728503,14.25181556,1.103303933,-3.613972918,-3.568787991
25.15391,28.96484,1.151504478,3635.58,0.90218,3.322922115,22.32833319,1.473777298,-3.768263445,-3.595930927
35.88565,39.37048,1.09710929,5714.21,0.96276,10.13606559,11.20052106,1.190174038,-2.781702363,-2.739281783
31.81217,36.62661,1.151339566,4750.8,0.94796,6.872861203,16.10578558,1.101114973,-3.062905927,-3.027568271
24.21898,27.17764,1.122162866,4213.87,0.87026,2.62395224,30.34653628,1.050114563,-3.747442396,-3.621535387
23.44634,26.95393,1.149600748,4068.83,0.91402,3.801558022,38.96009315,1.615775098,-4.702177308,-3.524740764
43.03382,46.22313,1.07411171,3283.1,0.95776,6.545608628,10.59998001,0.689605388,-2.713318572,-2.687610476
35.11755,37.03043,1.05447077,4775.48,0.92224,4.595575045,15.9739777,1.362677023,-3.381603512,-3.369796865
31.93326,38.29896,1.199343882,4942.1,0.94876,7.505418875,18.60270857,1.199598872,-3.174046718,-2.970503989
23.63688,26.36914,1.11559309,3597.47,0.85432,2.157509944,13.25205232,0.915727309,-3.666697195,-3.616884445
33.09639,35.83925,1.0828749,5046.67,0.92116,4.633694843,9.830082568,0.919543823,-3.174468361,-3.135132861
36.62742,41.27969,1.127016044,4784.12,0.95936,8.572526383,5.229508843,0.748555347,-2.61613996,-2.650161896
35.52632,36.44577,1.025880812,3812.87,0.89664,3.07046411,14.55559788,1.267844258,-3.566927452,-3.540929725
24.24315,26.67025,1.100114878,3990.55,0.87218,2.457793571,19.04295423,1.383792049,-3.850343909,-3.733487561
41.02134,47.15163,1.149441486,5181.81,0.96482,10.24967121,12.57624835,1.214617823,-2.751172253,-2.816713211
34.19138,39.50032,1.155271299,5121.61,0.9507,7.912411675,8.241298396,0.910406747,-2.78314687,-2.872137822
38.22279,40.51292,1.059915302,4276.17,0.92906,4.794975149,48.49249377,1.813563504,-4.558046581,-3.35788539
31.39726,34.63355,1.103075555,3934.45,0.8812,2.966324209,20.99178537,1.062466937,-3.77445424,-3.499027459
24.47967,25.99983,1.062098876,2554.32,0.82752,1.586980744,14.14707211,0.715775159,-3.785089659,-3.732662673
27.43199,28.90279,1.053616234,3464.34,0.87346,2.393329607,15.0021432,0.744474502,-3.509254026,-3.497626199
34.81304,39.93905,1.147243964,4825.34,0.95372,7.771892368,12.11959932,1.088518954,-2.991289467,-2.889438867
42.35121,48.65366,1.14881393,5168.8,0.96748,11.31632321,22.8223703,1.809770806,-2.976333117,-2.848529933
29.19691,31.42825,1.076423841,3207.61,0.87978,2.48191697,25.12261821,0.813096189,-3.429252173,-3.417104406
5.17734,8.26686,1.596738866,1081.47,0.58068,0.55415271,22.41415446,1.588485558,-4.52980957,-4.508862456
32.05042,36.25515,1.131191105,5297.01,0.95836,8.633951657,11.69170897,1.179280715,-2.885640101,-2.945296118
10.84513,19.2477,1.774778172,5516.35,0.86806,2.829308041,13.32247503,1.31069243,-3.613700534,-3.621039308
26.16518,29.07332,1.111145423,3219.97,0.86682,2.146481343,12.2897766,0.707928987,-3.534666801,-3.541483516
38.44296,43.65893,1.135680759,5375.67,0.96486,10.35411934,12.8504377,1.191173427,-2.762223339,-2.78168157
30.17004,32.2095,1.06759885,2975.85,0.85526,2.164656215,19.32804415,1.320083593,-3.904313165,-3.834946705
34.92277,35.61399,1.019792817,4048.94,0.88804,3.198300079,33.96881832,0.999682833,-3.484343595,-3.431761906
27.20196,28.60728,1.051662454,2825.73,0.83672,1.917771798,18.90186601,0.940020832,-3.720781514,-3.715013822
30.92692,37.24908,1.204422555,4873.22,0.92052,4.810133197,16.33384751,1.095919297,-3.394417297,-3.279437534
27.42735,31.54506,1.150131529,4190.75,0.89412,3.305422161,14.38214829,1.103006748,-3.481351556,-3.459091529
19.54538,24.67312,1.262350489,5510.59,0.90786,3.839429579,11.64847954,1.098994167,-3.437702339,-3.450108564
21.62516,23.80894,1.100983299,1994.18,0.8088,1.122264065,17.1952082,0.63339794,-3.957144287,-3.838013566
20.70617,22.49304,1.0862965,1898.64,0.78534,1.034906721,21.73776787,0.737987627,-4.024159282,-3.927138355
25.18613,29.24186,1.161030297,4382.5,0.91912,4.281608258,14.87145383,0.921506206,-3.35476492,-3.309734627
36.19487,37.4871,1.035702021,3288.33,0.89348,2.759025318,11.01378644,0.672805651,-3.358754473,-3.298417696
35.11849,38.42756,1.094225862,4526.77,0.94338,6.715021924,7.286875692,0.686820121,-2.790758285,-2.779308218
38.83659,44.46676,1.144970761,4325.04,0.95428,7.766582567,24.41821576,1.384425237,-3.28729275,-2.983442445
31.15536,35.16008,1.128540322,3798.13,0.89042,3.114369358,11.66570559,0.690987075,-3.356981677,-3.359337449
33.30253,38.31139,1.150404789,4670.79,0.94544,6.777056184,10.48839747,0.876462394,-2.913741355,-2.960474736
10.78502,15.21939,1.411160109,4452.48,0.82748,2.049968414,18.49408271,1.536610645,-4.029510782,-3.888919329
31.71081,35.72046,1.126444263,4563.41,0.94982,6.699441372,8.835283966,0.900554036,-2.886678636,-2.945956287
24.03949,25.57053,1.063688539,2872.35,0.83518,1.772332949,42.72308097,1.169414066,-4.057598419,-3.92148512
30.31821,31.9668,1.054376231,3431.7,0.88216,2.529766684,12.34253418,0.693036695,-3.443253865,-3.353435416
31.63518,34.14695,1.079397999,3968.74,0.88022,2.964013079,24.39992375,1.079577788,-3.810726884,-3.576418925
26.54838,34.94628,1.316324386,5340.77,0.95112,6.939898286,7.837520251,0.876756367,-2.904490413,-2.917607455
38.73094,43.75799,1.129794165,5474.85,0.96604,11.14190579,12.9667547,1.255192035,-2.754802212,-2.677717435
9.97997,13.92779,1.395574335,4993.79,0.84258,2.060410136,13.8824845,1.123404024,-3.677127174,-3.664662223
30.21096,32.93677,1.090225865,4613.64,0.9384,5.721741887,14.89051205,1.184071032,-3.244216444,-3.165886107
25.83595,27.50059,1.064431151,2727.99,0.83136,1.820144279,36.46283719,0.768660602,-3.936251415,-3.693039863
38.00017,39.21097,1.031863015,3573.96,0.88922,3.094575219,39.49893305,1.040306649,-3.715500977,-3.489106728
22.18452,24.36933,1.098483537,3696.65,0.91394,3.252432367,7.633280472,0.50455469,-3.118612516,-3.206643844
26.71729,28.58914,1.070061372,4270.45,0.8767,2.792189386,22.73946229,1.428163653,-3.894073998,-3.831013571
28.53572,32.18019,1.12771607,3842.13,0.87854,2.730038377,32.90736037,1.431863816,-4.296873321,-3.764668126
24.25434,30.11947,1.241817753,4699.93,0.9304,5.108467076,14.04577325,0.915033831,-3.224986467,-3.12798972
34.80957,41.21094,1.183896842,6307.2,0.9578,9.41937768,7.797159222,1.106820592,-2.746310944,-2.805561184
43.26402,47.02587,1.086951005,4380.92,0.9615,9.059729197,34.8202004,1.792199767,-3.586453234,-2.910591537
26.95195,29.24638,1.085130389,3290.32,0.8507,2.169699196,19.83176176,1.538607941,-3.987647952,-3.842224966
25.1144,27.9436,1.112652502,3827.71,0.8638,2.472754754,12.96701089,0.832018875,-3.526700142,-3.555881274
37.80535,41.55282,1.099125388,4576.11,0.95834,8.214812275,14.60721368,1.149300564,-2.915698712,-2.821037462
30.25824,34.25832,1.132198039,4381.39,0.94436,6.137388705,33.52608133,1.583329019,-3.46670643,-3.215559565
34.27258,40.27715,1.175200408,4557.75,0.95214,7.135662575,37.50496156,1.733790435,-3.90532263,-3.181270931
33.73366,38.93815,1.154281806,5671.32,0.96334,10.3737094,12.52786339,1.278872366,-2.812791553,-2.805294401
25.7401,29.84372,1.159425177,5193.01,0.9418,6.322630021,20.46973381,1.371025999,-3.409927268,-3.182983188
34.05412,37.57092,1.103270911,4603.11,0.9409,6.470135193,9.228488257,0.711790444,-2.870174849,-2.901737074
27.40575,28.53811,1.041318336,4128.37,0.87146,2.724368193,19.97798386,1.078594868,-3.641649514,-3.585214621
44.7995,46.02337,1.027318832,3972.6,0.92034,4.201333887,13.66571789,1.168522553,-3.275589603,-3.331987036
33.92821,40.16802,1.183912149,5059.4,0.95626,8.285620213,16.50541906,1.372570488,-3.129720077,-2.924172869
19.63473,22.12538,1.126849211,3155.08,0.81214,1.722193595,16.09231984,0.875921162,-3.852385873,-3.825584531
19.7937,21.64896,1.093729823,2832.4,0.80314,1.609941006,26.94490608,1.035737592,-3.92184189,-3.89927002
30.41622,35.19337,1.157059293,4240.04,0.93668,5.542649191,42.25332132,1.728281271,-4.608885347,-3.357215207
34.98345,37.80584,1.080677863,4583.41,0.94804,6.911373395,10.0548966,0.816932192,-2.856432955,-2.824250349
20.08079,21.54166,1.072749628,2888.21,0.80844,1.574034773,36.80000354,0.913607815,-4.158891011,-3.897264282
28.07128,29.62163,1.055229045,3365.03,0.88388,2.717064189,11.59946973,0.752159633,-3.393837356,-3.421166338
28.41248,34.14048,1.20160155,3653.81,0.93524,4.599390184,10.6778987,0.712157956,-3.069437782,-3.016106442
25.24692,27.36944,1.084070453,3671.57,0.87274,2.313886127,16.23264976,0.861072892,-3.600338997,-3.626490421
33.52259,38.12734,1.137362596,5670.44,0.95278,8.18806827,8.476255304,1.115416377,-2.866471547,-2.965339511
36.96661,39.60508,1.071374411,5251.44,0.96018,9.305332119,5.472477963,0.817830123,-2.630916011,-2.61840325
34.04019,38.97935,1.145097898,4829.81,0.94838,7.42232379,8.766978633,0.866726154,-2.818278207,-2.844659196
21.68948,23.99895,1.106478809,2278.91,0.81698,1.407734285,14.44205903,0.700871557,-3.807767658,-3.754278072
10.95263,16.11532,1.471365325,4114.66,0.83404,1.999817771,20.06298246,1.565333914,-3.910913121,-3.877791047
37.48205,44.46704,1.186355602,6061.87,0.96492,11.22301455,7.420474189,1.215630316,-2.653647116,-2.708104297
30.29037,31.78269,1.049267143,3467.38,0.85922,2.415140374,15.75530016,0.72301156,-3.633190895,-3.611756845
24.14539,30.79168,1.27526124,6217.75,0.94166,6.629961065,7.769176512,0.913147582,-2.938287326,-3.027662385
20.78641,23.12555,1.112532178,3479.01,0.82296,1.898272557,18.76118215,1.484965716,-3.997523838,-3.959817609
32.85983,38.66557,1.176681985,5239.33,0.95192,7.941534714,14.50392836,1.260527853,-3.072588844,-2.988132537
19.77536,22.05378,1.115215096,2725.09,0.80234,1.477505216,16.21620479,1.060598717,-3.917015921,-3.882415221
17.36764,23.26994,1.339844677,4460.07,0.88974,3.155453259,11.03173177,0.683139903,-3.364397324,-3.41464964
32.62036,34.65438,1.062354309,3549.5,0.9431,4.89015177,8.971845593,0.558538664,-2.913788128,-2.880692074
33.89278,40.49819,1.19489136,5153.82,0.95328,7.9611164,12.9496781,1.171303187,-2.958188135,-2.931094689
24.30035,28.74297,1.182821235,5456.69,0.94312,6.200046018,13.30018792,0.966011381,-3.126585435,-3.018160886
19.93147,21.32989,1.070161408,2937.73,0.8088,1.560790353,17.87797346,1.219724886,-4.022260253,-3.964946317
7.49049,10.05922,1.342932171,3055.59,0.75844,1.013901644,27.37189358,2.014948446,-4.354209962,-4.104710229
21.32118,22.42159,1.051611121,2952.88,0.81534,1.634491634,16.22545428,0.979631175,-3.96148208,-3.891210236
31.91276,34.62334,1.084937185,3020.3,0.87566,2.302992686,16.08657122,0.810747554,-3.630336901,-3.559033368
27.35094,28.48678,1.041528372,2487.47,0.81282,1.672070041,15.70142996,0.775024378,-3.78695912,-3.704991185
7.43452,11.00596,1.480386091,3307.59,0.75634,1.127437024,25.92050949,2.40374061,-4.204852288,-4.086831075
24.69654,26.27644,1.063972524,3359.89,0.85246,2.102083441,12.45351022,0.750136005,-3.608532201,-3.626473256
30.03969,31.50321,1.048719544,3529.12,0.87912,2.538798755,14.08611648,0.840536942,-3.488804198,-3.520052045
36.46444,40.71925,1.116683816,5254.87,0.96262,9.991519944,4.751289581,0.843188454,-2.534808931,-2.609907065
31.74349,35.51058,1.118672837,4780.54,0.94814,7.008929891,6.176850028,0.725783015,-2.777510898,-2.777400333
42.88501,49.69914,1.158893049,6746.06,0.97414,15.29579128,5.156960063,1.23108807,-2.436585008,-2.490909163
33.2136,34.0199,1.0242762,3212.38,0.86078,2.444335275,14.00110289,0.998507478,-3.627730869,-3.565065571
23.82474,25.53853,1.071933209,2082.54,0.82364,1.356858094,35.81560379,0.730622198,-3.883763029,-3.767458272
30.83895,32.83245,1.064642279,2173.83,0.86276,1.63262989,35.90084441,0.498652273,-3.708450482,-3.547666804
40.33255,46.99824,1.165268251,4918.19,0.9634,10.18671054,8.31565044,1.044941375,-2.652183744,-2.659820457
28.74849,29.82052,1.037289959,3121.85,0.8409,2.120005042,17.5868083,1.042366526,-3.720920775,-3.669203266
39.0901,44.28901,1.132998125,5353.03,0.96544,10.92607494,11.47137301,1.209678926,-2.748502394,-2.698698316
25.90163,30.8702,1.191824607,3427,0.9104,3.285100855,39.01511014,1.265062485,-4.211949603,-3.568004575
30.16772,35.71257,1.183800765,4747.77,0.94376,6.558990326,6.765351343,0.729777323,-2.840753553,-2.931510759
36.12237,43.12648,1.193899514,4250.52,0.96184,8.235495582,13.69979031,1.004249167,-2.814925956,-2.734341163
17.46723,21.8195,1.249167727,2696.36,0.81166,1.494180931,32.54188464,1.357345251,-4.498930292,-3.989455329
29.7481,31.93503,1.073514947,2961.66,0.88016,2.155073418,10.25888486,0.532837031,-3.330712811,-3.319876983
37.39914,40.56543,1.084662107,4971.38,0.96388,9.367698797,22.89111906,1.145418518,-2.937355278,-2.73050497
33.99009,35.84024,1.054432042,4775.93,0.91994,4.336782557,15.58354927,0.829641001,-3.241003818,-3.251945238
27.07248,32.70623,1.208098778,4899.05,0.94054,6.030300893,23.28118236,1.424674929,-3.463394752,-3.283446781
38.58771,44.05628,1.14171792,5018.69,0.96016,9.399142471,11.28479349,0.99734583,-2.765651502,-2.722997238
23.16763,25.88335,1.117220449,4149.24,0.85926,2.575974242,14.17950543,0.967696547,-3.694182449,-3.669035977
43.04386,49.50497,1.150105265,6291.69,0.97034,13.61383916,6.097683339,1.179355663,-2.496402698,-2.505312392
33.09757,39.00903,1.17860707,4049.03,0.95292,6.605802225,9.358503785,0.722095789,-2.796006809,-2.785460312
33.44742,38.86566,1.161992764,4787.5,0.95072,7.14633633,13.71527655,1.236779755,-3.122825658,-3.06587309
21.7675,26.36773,1.211334788,6085.34,0.93758,5.805700557,8.709243033,0.905700356,-3.061491795,-3.082663694
25.71832,32.14112,1.249736375,4048.21,0.9422,5.065237376,14.07294985,0.802962395,-3.107877617,-3.023685715
30.28379,40.95801,1.352473056,5814.08,0.94558,6.906026103,8.991464852,1.098878716,-2.995912319,-3.02144808
34.38425,39.35987,1.14470637,4583.49,0.95268,7.136340142,12.74399772,0.97495723,-2.967663064,-2.949241101
38.47493,42.97854,1.117053104,5361,0.96474,10.66656937,10.68474772,1.225627182,-2.774336122,-2.699317712
26.24234,32.44192,1.236243414,4976.38,0.93316,5.814189673,16.56789563,1.197526449,-3.296140567,-3.226817815
29.22066,31.20773,1.068002229,2426.83,0.86498,1.786052773,25.79726706,0.614128719,-3.713423566,-3.548528956
31.27745,35.88262,1.147236108,4677.26,0.95064,6.922959284,8.241956662,0.891433053,-2.901161137,-2.892642794
31.10248,36.23136,1.164902606,4341.42,0.94818,6.297479494,8.452053808,0.84467576,-2.878179605,-2.977431324
29.78402,31.90316,1.071150234,3441.82,0.87012,2.483991881,22.89267544,1.849930781,-3.929357219,-3.843046786
21.44309,27.25121,1.270862082,4466.46,0.91336,4.045049314,11.14817721,0.65044216,-3.187033453,-3.197348212
24.38274,27.28498,1.11902846,3660.35,0.85586,2.349172714,11.27779767,0.645525298,-3.515436602,-3.488559305
26.18179,32.20097,1.229899484,5101.82,0.94218,6.320428795,13.52626859,1.160046485,-3.132510095,-3.103803164
30.99106,32.4524,1.047153598,2661.49,0.86972,1.946291904,15.40875716,0.634813418,-3.613005038,-3.530429532
34.42815,40.14888,1.166164316,4879.08,0.95216,7.761709898,19.07297914,1.492595248,-3.331737324,-3.004342677
21.01869,24.67304,1.17386193,4078.16,0.9124,3.515233707,10.71012876,0.683300214,-3.244032469,-3.207639687
15.99179,21.9766,1.374242658,5010.88,0.89978,3.34043659,17.19479528,1.128751918,-3.591499408,-3.530171239
43.23392,48.43183,1.12022759,6348.03,0.96908,13.2552945,5.973843155,1.190902743,-2.532472469,-2.533302472
22.74498,29.73905,1.307499501,4309.31,0.92666,4.666572663,33.6505339,1.517405464,-4.068719033,-3.438603624
32.61838,36.15599,1.108454497,4747.83,0.94658,6.839203786,10.2575625,0.911920252,-2.970480764,-2.898370482
32.62062,38.18275,1.170509635,4997.16,0.95426,7.775849284,17.0022599,1.073358426,-3.002238635,-2.879708062
38.03912,41.65264,1.094994837,5270.17,0.96514,10.45177611,13.94031788,1.367868274,-2.923894968,-2.833542532
19.3272,21.34484,1.104393808,2835.73,0.80444,1.526483475,21.12234545,1.101259964,-3.900067599,-3.907242155
26.63082,28.93688,1.086593654,3404.32,0.86174,2.273936311,17.31695362,1.322374192,-3.796560437,-3.768773677
29.98846,34.52589,1.151305869,5005.47,0.95526,7.496468594,13.29359877,1.02708927,-2.941618114,-2.911992436
29.18552,34.20409,1.171954106,4815.31,0.94062,6.23960199,11.70762797,0.789580087,-3.002163425,-2.946628935
26.35554,28.48861,1.080934407,2704.4,0.8356,1.745028673,16.94307593,0.917346813,-3.845147288,-3.768276846
46.61259,48.61963,1.043057895,5499.29,0.95158,8.200024128,16.12482661,1.189453367,-3.040023919,-2.941307374
22.12986,24.70803,1.116501867,3032.97,0.83264,1.819584396,24.53502495,1.531485364,-4.15778914,-3.911046795
28.25178,30.25609,1.070944556,3005.31,0.83048,1.937246175,18.02529209,1.053269468,-3.902567197,-3.806955983
32.96547,38.4495,1.166356797,5075.95,0.95274,7.78815028,20.5887057,1.131937534,-3.171754268,-2.997721031
30.50539,33.35081,1.093275975,3494.51,0.87778,2.634528172,22.12106507,1.417271892,-3.750396651,-3.646421913
39.11258,47.31353,1.209675506,5789.99,0.96658,11.03148707,8.421272333,1.244169293,-2.662762077,-2.739537818
19.5897,22.69612,1.158574149,3994.69,0.8277,2.094605196,16.13464274,1.266761636,-3.879377778,-3.813302618
26.39035,28.72182,1.088345551,1975.02,0.80836,1.376867013,15.70563199,0.586494714,-3.783550466,-3.760253962
10.10931,16.17446,1.599956871,4351.26,0.83868,1.873257809,18.53810038,1.732151947,-3.937803728,-3.885301492
7.90673,12.3318,1.559658671,3934.35,0.78232,1.411414066,19.60410803,1.652765334,-4.072073509,-4.050862998
5.50305,9.49165,1.724798067,2399.34,0.68462,0.830454444,24.97641013,1.747426342,-4.49690353,-4.250348714
27.02506,28.31531,1.047742725,2641.77,0.82712,1.741056017,18.94874707,1.493003861,-4.009857266,-3.913296735
35.288,37.27867,1.056412095,4647.76,0.94436,6.923054366,7.498334221,0.722081925,-2.784580692,-2.765174824
38.28317,44.36385,1.158834287,6401.96,0.96834,11.7730305,6.181225681,1.093926754,-2.604651885,-2.67060326
21.8068,23.44441,1.0750963,3636.44,0.84012,2.027649325,14.96422387,0.889108017,-3.750547595,-3.696357801
34.01296,39.16628,1.151510483,5291.59,0.95444,8.389648747,15.09263378,1.372030666,-3.083949414,-3.013426
17.6604,19.8403,1.12343435,3345.16,0.80634,1.589367162,26.4788001,1.241791926,-4.148465837,-3.944124045
26.16905,27.7332,1.059770989,2410.3,0.8127,1.679156517,17.48174196,1.064289132,-3.992680494,-3.85183571
39.02915,42.29821,1.083759446,4390.71,0.95426,7.770214152,40.27615105,1.695872798,-3.660550007,-3.029711923
40.32744,43.61744,1.081582168,4147.28,0.96308,8.052912353,9.297820403,0.803474155,-2.642135176,-2.682996478
37.34341,41.32109,1.10651625,5037.48,0.95938,9.181197007,13.67087514,1.374056365,-2.909088516,-2.894835381
24.95566,29.15112,1.168116572,4329.2,0.88092,3.006860771,15.2658415,1.214020608,-3.627180729,-3.639710034
22.85159,28.35443,1.240807751,2982.09,0.91232,2.815402751,11.84752099,0.472167146,-3.256543929,-3.205312974
39.26385,40.94448,1.042803495,3264.86,0.8853,2.9089081,18.00451805,1.038535083,-3.596882612,-3.528618642
37.42229,41.39822,1.106244968,5438.7,0.9646,10.44933438,11.78844585,1.17718899,-2.812469833,-2.67682859
33.44905,38.63223,1.154957465,4476.35,0.94826,6.64308132,35.78402063,1.737412137,-3.804147285,-3.232019058
27.87382,29.55899,1.060457088,3471.26,0.86874,2.319200397,17.22270492,0.71610614,-3.54273977,-3.458446545
28.5743,30.63416,1.072087855,4460.9,0.92548,4.74420226,13.02379914,0.833931593,-3.268866255,-3.138437157
32.1368,36.09581,1.123192415,4925.54,0.9512,6.917164195,13.92940802,1.323046199,-3.121924535,-3.120850848
25.09618,28.23915,1.125236988,3110.91,0.86228,2.03984207,21.18483025,1.057984414,-3.806407246,-3.741480359
23.21343,30.50249,1.314001852,6369.87,0.94612,6.921343712,6.801014567,0.848127981,-2.967315577,-3.000545996
8.87449,15.13619,1.705584208,3793.39,0.8088,1.523752108,23.85164873,3.037070208,-4.317778335,-4.115143937
27.7443,29.41145,1.06008982,2555.44,0.82796,1.857641265,18.91290771,1.283215252,-3.966091693,-3.933839382
24.67798,32.69664,1.324931781,4950.66,0.92304,4.746194981,8.677124036,0.713690276,-3.059005865,-3.105329658
23.37492,25.3251,1.083430446,3948.68,0.86274,2.331603697,12.94519181,0.939910026,-3.627452794,-3.599553913
30.55199,34.0401,1.11416965,4106.14,0.94534,5.524491871,9.575534512,0.74838908,-2.932458026,-2.962010192
29.7281,33.99097,1.143395306,4722,0.95378,6.874833315,6.114847222,0.693161366,-2.768090759,-2.790216491
25.81172,27.55096,1.067381794,2720.48,0.85396,1.867460921,38.19676016,0.657177424,-4.04456257,-3.639185683
19.92791,21.48082,1.077926386,2818.6,0.8119,1.596405679,21.29130067,1.000501713,-3.90470877,-3.781408803
34.11178,37.43986,1.09756395,4180.44,0.94346,6.071093036,27.42820814,1.508910758,-3.503487792,-3.235606245
29.65415,31.62504,1.066462536,3301.31,0.87822,2.434691484,12.22792104,0.683764124,-3.474674776,-3.421999677
33.25005,38.78592,1.16649208,3588.76,0.95296,5.865957552,16.15243665,0.759607773,-2.972185582,-2.870611014
40.32801,45.58422,1.130336458,5151.17,0.96214,10.35167997,6.971519418,0.993132836,-2.618699194,-2.63187786
27.65171,31.82375,1.150878192,4116.47,0.88974,3.184045062,18.08026862,0.986464644,-3.670694687,-3.477839456
18.95795,23.80335,1.255586706,4241.58,0.8929,3.134797339,14.43486792,0.741184807,-3.398886681,-3.351693438
30.58977,36.66121,1.198479426,5175.45,0.94526,7.259726894,15.5962893,1.068889163,-3.055384123,-2.958650666
33.41237,35.89892,1.074420043,5515.81,0.93442,5.741161725,7.521023579,0.810248737,-3.032791845,-3.034369499
8.34272,11.36458,1.362215201,3845.44,0.7868,1.364680988,26.53052193,2.107290445,-4.33954151,-4.07481747
33.33803,39.99718,1.199746356,5619.85,0.95466,7.96791667,9.069154937,1.13801344,-2.910429354,-2.963053641
25.65461,31.5305,1.229038368,4119.38,0.93848,4.90723892,17.49339988,0.953404416,-3.307958848,-3.139408622
28.8602,30.48211,1.056198848,3620.79,0.9265,3.898918487,17.28140615,0.797627108,-3.349331191,-3.255434349
33.60915,38.42043,1.143153873,3346.42,0.94652,4.935421131,11.48319931,0.636874748,-2.873037531,-2.883823866
28.24589,31.10851,1.101346426,4730.1,0.89154,3.260602426,18.87192289,1.217010134,-3.726841323,-3.547620876
30.6305,32.99812,1.077296159,3249.04,0.8742,2.498413842,32.97734722,2.06734058,-4.163931094,-3.783273673
17.67755,19.43946,1.099669355,3003.76,0.80396,1.537255442,26.228949,1.068484529,-3.978964314,-3.976814061
41.81458,45.14695,1.079693973,4526.71,0.95662,8.442130345,9.967589902,1.055983873,-2.762995153,-2.792000184
20.56633,22.0213,1.070745242,3752.63,0.8498,2.247773519,17.12176716,0.944281673,-3.669557983,-3.675377482
37.89098,43.87712,1.157983246,5555.47,0.96728,11.42593894,11.78229983,1.303765454,-2.72735533,-2.66803408
33.95303,37.86665,1.115265707,4161.21,0.9459,6.050894296,12.10810477,0.832490076,-2.890227489,-2.910530641
17.57439,19.67795,1.119694624,3043.04,0.7912,1.428264547,35.14313973,1.903522493,-4.699149831,-4.163109655
31.65422,37.21966,1.175819843,5551.2,0.95802,9.053982535,11.19326531,1.184648021,-2.8768294,-2.848424044
27.38222,31.76193,1.159947221,4243.29,0.92456,4.644886435,12.01290944,0.691361556,-3.098854687,-3.113580251
23.84309,25.41354,1.065866043,2223.35,0.80942,1.386700748,37.63811365,0.872319527,-3.968307774,-3.86592917
25.94728,32.01046,1.233673048,5028.47,0.93968,6.005496261,12.01803359,0.936467144,-3.101184076,-3.02592094
24.74469,28.34597,1.145537487,2211.68,0.84432,1.409579841,16.91964831,0.594958752,-3.733056446,-3.68532333
27.11439,28.83168,1.063335004,3843.32,0.86598,2.62940078,15.78820127,1.177987166,-3.675553055,-3.672330426
22.10072,23.95655,1.083971472,2443.77,0.80028,1.521893334,18.16073962,1.011242916,-4.035518081,-3.952781544
23.64554,25.98223,1.098821596,4244.36,0.91564,3.860902271,8.041178234,0.559800487,-3.067722961,-3.028409873
37.87788,43.98447,1.16121784,5860.79,0.96874,12.21794388,12.5353456,1.254545565,-2.723265493,-2.623489274
33.99246,35.93709,1.057207687,3055.78,0.88044,2.369468509,20.90082731,1.141105634,-3.711840155,-3.66211482
33.1177,35.42665,1.069719516,3004.59,0.88044,2.303532324,19.40099564,0.622546444,-3.562021746,-3.481247505
40.14726,47.7092,1.188355071,5125.06,0.9679,10.6513512,9.741598617,1.238643466,-2.649536554,-2.730864703
33.55554,35.35494,1.053624528,3267.13,0.8722,2.583079379,12.85819482,0.894999573,-3.521769508,-3.562205094
24.13938,28.84474,1.194924642,4487.24,0.89508,3.227269613,10.76584117,0.789251284,-3.394800381,-3.401520195
33.87449,37.66185,1.111805669,4184.15,0.9068,3.747850813,22.92481252,1.064013716,-3.414128958,-3.351896269
36.71659,39.86267,1.085685517,5855.81,0.96418,10.66844588,7.443129855,1.04868788,-2.664241203,-2.713080336
23.79602,26.30783,1.105555887,4324.9,0.91918,4.020030614,8.059324517,0.638821938,-3.144734985,-3.117491186
24.61847,27.51912,1.117824138,3875.1,0.86014,2.470729493,16.61257721,1.19572785,-3.764694822,-3.709009481
31.98662,34.37781,1.074755945,3228.86,0.86258,2.407692737,14.69716474,0.942603476,-3.647210243,-3.573355079
33.72577,39.29574,1.165154717,6152.35,0.95888,9.016267043,7.130766485,0.987462826,-2.772967708,-2.755474363
35.0267,40.3471,1.151895554,3791,0.94876,5.936094201,34.68535589,1.607345242,-3.878412029,-3.216393943
35.71042,42.34591,1.185813832,5308.79,0.96126,9.744155848,13.23506688,1.209048889,-2.801627321,-2.802029982
34.06233,39.28166,1.153228801,4944.08,0.95156,7.809914642,17.99254306,1.248291408,-3.131507231,-3.02156626
25.14067,29.01838,1.154240519,5435.61,0.94298,6.515037412,8.497134751,0.835113601,-2.959196315,-3.003245613
21.77876,23.82997,1.094183966,2652.7,0.8309,1.570337276,16.84423861,0.748505665,-3.797933587,-3.750340578
28.94641,34.26356,1.183689445,3045.4,0.92866,3.701787394,11.3454028,0.564636493,-3.079069745,-3.030119057
19.85563,21.42393,1.078985154,2879.85,0.8048,1.552726725,35.52810388,0.939198755,-4.176584528,-3.828142322
41.68848,45.00774,1.079620557,4672.95,0.95914,9.094650206,8.684470848,0.966309343,-2.697756313,-2.693282029
21.97037,24.13387,1.098473535,2045.92,0.8086,1.274748905,26.07289133,1.122109906,-4.279415227,-3.996427778
30.38826,32.48595,1.069029619,4762.03,0.90286,3.751849205,13.61149605,1.131655556,-3.450575985,-3.365187816
35.19854,39.17236,1.112897296,5054.85,0.95844,8.674450176,7.706997228,0.914425985,-2.731660442,-2.706442157
25.12564,27.62595,1.099512291,4475.16,0.92166,4.321037432,7.918210864,0.629850911,-3.110099028,-3.059889263
33.26399,38.13864,1.146544356,4152.31,0.94148,5.969766911,38.10206676,1.540799361,-3.819950177,-3.146490532
22.30855,24.60875,1.103108449,3409.51,0.84808,2.208259884,13.3896768,0.835457238,-3.615285087,-3.597311558
39.58014,45.012,1.137237008,5444.54,0.9638,10.93270567,12.48885801,1.391318133,-2.84378284,-2.746051048
28.2531,30.51938,1.080213499,3480,0.86282,2.42736774,14.56442527,0.996792587,-3.63953399,-3.553565788
22.00117,24.96879,1.134884645,3650.1,0.84646,2.051437407,15.08200788,1.015002119,-3.74569258,-3.682147412
30.82239,32.00222,1.038278342,3977.12,0.8757,2.931782572,15.73625167,0.818278507,-3.50117306,-3.452937113
23.19893,26.76478,1.15370752,3912.41,0.84726,2.374101929,18.06371244,1.383593142,-3.903878986,-3.828778389
26.97993,35.8382,1.328328131,4518.05,0.91836,4.375226298,10.2022215,0.879091054,-3.141350358,-3.151341361
25.03339,32.34365,1.292020378,3016.99,0.92044,3.128481746,16.01727247,0.534119718,-3.229770883,-3.128884704
6.63974,10.59641,1.59590737,1433.37,0.6704,0.564789931,19.66505114,0.945636598,-4.270293414,-4.16305015
31.56621,37.51561,1.188473688,4925.3,0.9505,7.260713467,20.77232589,0.997926766,-3.151884374,-2.920238474
36.27747,41.43917,1.142283902,5237.83,0.9619,9.565718945,4.595735043,0.788657326,-2.583846275,-2.584986975
28.97013,30.90377,1.06674599,3871.46,0.87336,2.723522093,24.50529865,1.261335748,-4.08361156,-3.696062159
38.12106,39.17734,1.027708568,3574.49,0.88794,3.01214097,17.00352442,0.910742413,-3.512654771,-3.49374268
22.68735,28.58339,1.259882269,4578.62,0.92702,4.698458716,14.89224133,1.066594457,-3.336557016,-3.399479426
30.95137,32.20691,1.040564925,4308.85,0.89634,3.534352229,10.69497453,0.841681225,-3.306559344,-3.289610249
23.7134,25.6133,1.080119257,2596.65,0.81706,1.644599387,34.4407976,0.818267461,-3.857150938,-3.835341631
40.48074,43.44092,1.07312564,4211.14,0.96232,8.245677172,12.28508029,0.907107537,-2.778600899,-2.706583639
12.52819,19.50964,1.557259269,5638.5,0.87484,3.12151887,12.88774606,1.163236259,-3.585353167,-3.589633434
33.37854,38.45696,1.152146259,4571.95,0.9507,6.884291476,31.27011214,1.664280138,-3.57769578,-3.178877276
3.98798,6.52728,1.636738399,335.972,0.50454,0.292451354,33.96334773,1.297156627,-4.833211407,-4.853640761
15.60914,20.43328,1.309058667,2517.55,0.8558,1.549180788,22.13570074,0.625395148,-3.857404914,-3.71405461
27.6885,30.04794,1.085213717,3549.2,0.86306,2.474901427,14.63990359,0.671013052,-3.500335266,-3.505440765
19.78627,25.16809,1.271997703,4674.14,0.9122,3.953830083,9.638717449,0.713342645,-3.276169532,-3.32382531
39.21324,45.01841,1.14804107,5784.56,0.96872,12.2981767,9.462431745,1.232530955,-2.609172939,-2.59518763
31.67753,33.89269,1.069928432,3603.94,0.87818,2.763136366,11.23996782,0.68842994,-3.401252931,-3.437383905
28.65969,30.98761,1.08122628,3448.95,0.86816,2.359438188,26.8693634,1.979156623,-4.283498575,-3.908827726
36.12601,37.96955,1.051030822,3857.37,0.88296,3.176549312,16.84360691,1.2132853,-3.633258148,-3.557862026
23.24702,24.56812,1.056828789,2608.45,0.81088,1.658085333,36.00567014,0.825297027,-3.879325048,-3.811800237
24.29533,26.33592,1.083991039,3771.56,0.84766,2.19596485,14.56658991,0.781330065,-3.656256814,-3.667745496
13.37154,15.7018,1.174270129,3678.48,0.84796,1.858628014,34.03960532,4.050422554,-4.8551874,-4.254128103
28.13501,33.88392,1.204332965,4482.18,0.94452,5.87461127,27.86283751,1.498662235,-3.710587844,-3.30626159
41.19107,46.10451,1.119284107,5680.68,0.97224,13.65310026,10.85985564,1.410222424,-2.555821219,-2.5933317
35.44807,43.32332,1.222163012,5513.56,0.96268,9.619104716,8.778203607,1.172527333,-2.78372492,-2.83627477
22.85203,24.02313,1.051247088,2200.36,0.8039,1.296073569,16.35643483,0.827056538,-3.976872958,-3.85956436
29.79386,35.23715,1.182698381,5091.92,0.94872,7.234626647,15.42877785,0.978645597,-2.990703503,-2.904834544
29.66803,31.64393,1.06660031,4054.58,0.87544,2.875574826,25.4747989,1.565953885,-4.035031937,-3.727494474
31.5827,34.24855,1.084408553,3447.66,0.87862,2.637310521,37.85098908,1.88738507,-4.875627701,-3.806154819
34.4615,36.08993,1.047253602,4567.57,0.94194,6.589942352,10.69936534,0.776146229,-2.907240254,-2.885347682
24.23006,25.85044,1.066874783,2248.21,0.82424,1.448805611,17.10596323,0.862933151,-3.860954497,-3.819220531
32.64442,37.72866,1.155746066,4794.3,0.94816,6.950810058,20.15504975,1.556718334,-3.346022621,-3.100940263
35.21564,39.27062,1.115147133,4724.64,0.94886,7.103787499,13.81494628,0.939603162,-3.022592502,-2.946181225
39.48376,45.44974,1.151099591,3896.52,0.95658,7.38620482,7.729209084,0.731475695,-2.667118717,-2.651591984
31.29878,33.78461,1.079422585,4172.59,0.89658,3.430795192,14.82544138,1.067155728,-3.488598869,-3.3625935
37.06746,38.37497,1.035273795,3404.32,0.88362,2.835114063,17.17066114,1.194309993,-3.657275581,-3.563476562
31.38358,33.15222,1.056355585,3417.3,0.89168,3.009951256,35.66016543,1.31660586,-3.889423226,-3.625168574
31.83496,33.65193,1.057074675,3633.82,0.87912,2.872190277,14.25155304,0.879408698,-3.490472755,-3.471794184
33.65523,37.01836,1.099928897,2949.87,0.93778,4.101377651,12.1387434,0.650973155,-3.005260434,-2.987637632
19.49177,21.66948,1.111724589,3029.62,0.8251,1.57151428,17.18353004,1.197214066,-3.872341385,-3.850751382
31.16971,35.38144,1.135122528,4303.75,0.89546,3.306134806,19.65971565,1.364626233,-3.648470613,-3.539978081
36.71407,40.79442,1.111138591,4911.8,0.95696,8.627012603,7.158424016,0.941328127,-2.74683024,-2.730010921
23.9425,26.48823,1.106326825,3141.63,0.84338,1.935298815,16.41844965,1.193934146,-3.836638129,-3.780462339
38.72483,43.20966,1.115812774,5634.99,0.96938,12.06352209,21.31358442,1.538739571,-2.944932189,-2.7297075
26.69527,28.10248,1.052713833,3933.18,0.8767,2.622055534,12.4973828,0.845192904,-3.552491194,-3.5000701
24.94685,27.63876,1.107905808,4035.44,0.867,2.654517732,12.23479998,0.862590219,-3.497609227,-3.511112341
8.78722,14.50671,1.650887311,4107.66,0.81122,1.642740993,18.97034305,1.598266156,-3.973292529,-3.823017525
23.69818,26.16896,1.104260327,3421.31,0.85032,2.101802668,37.49759974,1.323100816,-4.353079946,-3.84942194
39.13075,44.03852,1.125419779,5567.67,0.9706,12.4610032,13.87170373,1.392327806,-2.740721331,-2.650834097
38.14224,39.45324,1.034371343,4193.58,0.89828,3.429060051,18.60391409,1.228381172,-3.575334275,-3.500350755
21.01504,25.81976,1.228632446,6572.69,0.93172,6.075734752,7.955910474,0.941349646,-3.112374596,-3.105170785
17.03355,20.18979,1.18529549,6015.13,0.90356,4.169904839,9.526589053,0.997327273,-3.370992842,-3.349750909
12.30861,17.14799,1.393170309,5501.48,0.88306,3.156118988,15.03919434,1.179691371,-3.618197288,-3.573463137
16.59494,17.71892,1.067730284,3958.37,0.8108,1.987732347,15.56301737,1.499435932,-3.866592189,-3.911295042
13.29457,17.78376,1.337670944,5051.67,0.8734,2.577952514,8.720888094,0.688023667,-3.39786174,-3.383949066
6.51096,10.72143,1.646674223,848.769,0.5977,0.437615774,22.55394406,1.142562812,-4.686246285,-4.499927435
8.96965,11.08195,1.235494139,4304.61,0.79948,1.543090853,20.05839332,2.453999247,-4.061166275,-3.988837846
8.74924,13.6224,1.556980949,2990.03,0.76108,1.137424043,22.25374479,2.427749653,-4.241201792,-4.142230398
8.80902,12.4581,1.414243582,3393.03,0.73836,1.325284986,20.34198243,1.48713808,-4.080997799,-3.973879785
19.98928,23.95877,1.198580939,4210.41,0.88684,3.034172243,13.35371617,0.843296127,-3.463007591,-3.473052651
8.63075,11.44124,1.325636822,3748.32,0.74808,1.382517095,17.90674034,1.509172534,-4.032092895,-3.95676561
12.53223,15.50198,1.236968999,3417.78,0.80148,1.649403915,23.84757177,1.680918067,-4.140896292,-3.897612455
20.44958,22.48208,1.099390794,5661.88,0.91458,4.395751226,8.353177096,0.850557007,-3.253297124,-3.248419226
20.0553,25.50369,1.271668337,5812.69,0.92926,5.347428026,7.632670529,0.854579772,-3.090328489,-3.168987582
10.3308,16.89648,1.635544198,3578.94,0.8074,1.676770068,17.54546772,1.318887495,-3.917817492,-3.849223162
20.25274,24.50231,1.209826917,5741.32,0.92376,4.779634708,8.217443394,0.830868209,-3.176526687,-3.179871106
10.29462,21.35318,2.074207693,5056.37,0.8514,2.53257937,13.41585809,1.217853625,-3.642077212,-3.657097662
15.61752,19.29841,1.235689789,5885.01,0.89162,3.802866161,9.831436566,0.97523119,-3.445663708,-3.426266991
18.23565,24.35173,1.33539139,6246.35,0.9267,5.420312573,8.214624851,0.89738497,-3.204161771,-3.16522622
20.73262,23.3993,1.128622432,5686.16,0.89658,3.592787017,11.07230024,1.104803841,-3.416958634,-3.374017797
10.47742,13.046,1.245153864,4622.21,0.8451,2.098438648,15.32556754,1.307455393,-3.759643987,-3.778806259
16.36145,19.26908,1.177712244,3940.69,0.8783,2.403371232,12.73981209,1.099897945,-3.589571129,-3.582180932
5.52385,9.01053,1.631204685,2643.59,0.69804,0.879500251,16.95443489,1.981292144,-4.047921022,-4.065539994
24.85211,27.38776,1.102029566,5004.97,0.90002,3.649701339,11.1020146,0.924209291,-3.402965978,-3.449744515
20.70132,21.44594,1.035969687,3227.87,0.83224,2.162448683,16.50056782,1.021531167,-3.855167113,-3.799815607
21.81906,22.80877,1.045359883,4893.83,0.8702,2.721594801,11.58444896,1.199915759,-3.565874279,-3.598936353
9.16063,12.43277,1.357195957,5393.77,0.82224,1.960547744,13.2549925,1.407370219,-3.672878664,-3.707573758
22.99199,28.37229,1.234007583,6482.55,0.9436,7.150434967,6.34916448,0.864316965,-2.930604267,-3.007220185
10.86602,14.52597,1.336825259,3716.18,0.80848,1.634425471,14.89903473,1.176838524,-3.746024454,-3.754405247
11.8867,18.10771,1.52335888,5305.29,0.87636,2.864848431,10.37354774,0.891351032,-3.450791795,-3.449771442
17.84008,20.74149,1.16263436,4017.44,0.83638,2.395804092,13.16914397,1.073392554,-3.531957773,-3.611128084
20.27399,21.74581,1.072596465,3132.91,0.85066,1.686823439,11.91888971,0.713162094,-3.624452439,-3.664010257
17.20043,20.16907,1.172591034,4412.15,0.89238,2.869896606,10.18480691,0.771102822,-3.441885952,-3.436148117
22.2434,28.26668,1.270789538,5502.47,0.92162,5.241212232,8.203160465,0.82459332,-3.159950239,-3.115395434
19.13213,23.16302,1.210686944,4902.71,0.87918,3.20930691,10.40558302,0.923332516,-3.413016549,-3.458302319
8.88093,13.63271,1.535054324,3022.97,0.78598,1.218360194,17.03177067,1.460177772,-3.92812075,-3.946031544
20.58924,26.39008,1.281741337,6746.1,0.9331,6.473971595,7.879812523,1.01230213,-3.105969419,-3.1184476
10.80625,14.01954,1.297354772,2737.39,0.7809,1.127187905,15.68680325,0.850263878,-3.923771924,-3.927078708
15.3408,19.07566,1.243459272,4895.11,0.86742,2.916246419,15.11930704,1.386161635,-3.681468054,-3.634615589
16.37824,19.19758,1.172139375,5290.06,0.88476,3.350043922,12.64386013,1.182500362,-3.581200583,-3.502725087
12.3932,16.59947,1.339401446,5612.12,0.87434,2.911215809,9.308040306,0.783788614,-3.440342868,-3.443181009
26.11716,30.24144,1.157914567,6749.51,0.94486,7.540842305,6.158195828,0.882735008,-2.931658574,-2.951800992
18.45706,21.48293,1.163941061,5503.67,0.89672,3.567941367,7.43967309,0.658674405,-3.242877686,-3.299386389
21.79443,24.12692,1.107022299,4510.71,0.91118,3.557407003,9.623151008,0.698528855,-3.337252228,-3.299007876
7.89341,10.61114,1.344303666,3692.23,0.76622,1.273897423,25.27142913,2.207540434,-4.395046185,-4.084175755
24.96454,27.60145,1.10562622,5855.95,0.9268,5.10026635,6.710301943,0.738125272,-3.069495832,-3.120498234
9.47263,16.58254,1.750574022,4342.67,0.84186,1.933772218,25.75683847,2.550959769,-4.240898607,-4.051309924
20.90762,24.66172,1.179556544,5909.08,0.93792,5.726881392,5.783366798,0.680233109,-2.97213174,-2.963674462
8.82431,14.01116,1.587791,3636.54,0.80188,1.485460867,33.4929917,2.839708964,-4.683755658,-4.100409341
19.00155,23.33955,1.228297165,4766.4,0.87922,3.293193149,34.24482847,1.836856101,-4.159430325,-3.730975802
8.68369,11.65907,1.342640053,4944.96,0.80624,1.772602752,13.78383705,1.263735055,-3.758578713,-3.711651966
11.10246,15.35644,1.383156526,5076.57,0.84386,2.128454899,11.68686841,0.917660242,-3.552599134,-3.590110633
11.67768,14.04348,1.202591611,5446.03,0.8317,2.362871356,15.81907559,1.462066073,-3.828895741,-3.793549984
20.32761,24.73465,1.216800696,5451.19,0.89958,4.235151218,15.31693595,1.043961566,-3.499439801,-3.46713597
10.6982,15.12403,1.413698566,4763.18,0.83752,2.072725563,15.38544739,1.559194606,-3.754667922,-3.765648031
11.92958,19.20031,1.609470744,4571.3,0.84456,2.306790961,11.89414966,0.905807504,-3.612365557,-3.586690919
9.30752,10.98905,1.180663592,4534.43,0.82076,1.685726492,11.81558383,0.769178046,-3.552625292,-3.552218105
14.05074,17.64079,1.255506116,5484.56,0.87234,2.623681527,8.704860058,0.703842302,-3.336815876,-3.42355723
14.48778,21.32562,1.471972932,6124.97,0.90946,4.068207539,7.238244037,0.676653201,-3.195985761,-3.176419863
10.68538,15.66948,1.466441062,3908.8,0.80064,1.756721769,12.84104835,0.974396406,-3.750508612,-3.7541956
18.90421,23.63574,1.25028975,6069.97,0.91592,5.063772619,9.964424526,1.067495938,-3.26606606,-3.286892124
12.47082,15.33586,1.229739504,4746.05,0.83748,1.986065197,10.6890444,0.877729508,-3.55138192,-3.52505021
15.25055,17.25693,1.131561157,5058.79,0.86276,2.511732442,11.29821492,0.716178449,-3.443016969,-3.423657981
16.22087,20.37933,1.256364794,5909.24,0.90788,4.096044178,9.668316618,0.954340193,-3.330130742,-3.372271162
15.11992,18.14271,1.199921031,6054.5,0.88042,3.21289508,8.014224616,0.735875085,-3.371247625,-3.388511793
17.86469,19.80907,1.10883928,6262.72,0.91098,4.446602984,6.838067377,0.695884055,-3.200729483,-3.279670733
16.85662,20.27083,1.202544164,5900.65,0.8956,3.960203405,10.46040219,1.087741307,-3.450418859,-3.481728117
11.42473,15.07627,1.319617181,4680.48,0.84458,2.007611323,10.03342082,0.774578786,-3.454412929,-3.462870324
10.2182,12.91531,1.263951577,4589.75,0.83784,2.066719948,13.05798417,0.970285952,-3.664339277,-3.641604857
8.55869,12.85402,1.501867692,5092.58,0.81116,1.984265991,14.13069346,1.313649551,-3.825114916,-3.776992837
26.04217,28.19967,1.082846399,4915.15,0.8956,3.882619684,10.20251009,0.915113097,-3.306120426,-3.323342056
31.26144,34.58791,1.106408086,7796.73,0.9486,8.609313596,5.674412933,0.941693,-2.923781979,-2.825316078
10.82186,12.89297,1.191382073,4753.52,0.81246,1.906744458,12.15554153,0.967281644,-3.704090129,-3.683436185
10.39869,14.3225,1.377336953,5060.88,0.84874,2.09677778,10.38938696,0.764505255,-3.471417584,-3.447325788
14.31862,20.6313,1.440872095,5471.45,0.89088,3.193610485,9.262533276,0.800312442,-3.385403323,-3.448043846
26.84589,28.96644,1.078989745,6480.35,0.93388,5.829062923,5.928694005,0.741514421,-2.976308173,-3.107112512
11.00904,14.11647,1.282261669,4592.15,0.82654,1.880560068,17.91756066,1.800646274,-3.868796175,-3.852918799
11.29465,14.04508,1.243516178,5562.51,0.87408,2.795928682,9.884468605,0.801604316,-3.486349442,-3.407309395
17.3473,20.08507,1.157821102,5776.21,0.89752,3.891938771,9.759578798,0.994674503,-3.429794194,-3.355152087
22.92027,26.4844,1.155501222,6257.47,0.94492,6.817948958,6.846499487,0.844719866,-2.941960715,-3.055747266
20.81038,26.76624,1.2861966,6583.59,0.92632,6.054379085,10.24497444,1.147266075,-3.219459371,-3.246613769
9.2436,13.35802,1.44511013,4245.08,0.8258,1.735274958,14.77483375,1.188843702,-3.725784134,-3.733325333
18.98454,22.16384,1.167467845,6922.48,0.92552,5.805363023,7.703037748,0.931622845,-3.210486401,-3.251187173
8.59858,12.33921,1.435028807,2802.74,0.73496,1.018397274,26.56282256,3.499428195,-4.37113798,-4.157313963
20.48459,27.40823,1.337992608,6548.84,0.93588,6.362764894,7.287248207,0.891637127,-3.083542897,-3.126689973
13.44426,16.30762,1.212980112,4259.47,0.8153,1.751702178,16.02949709,1.822566245,-3.852717576,-3.867165879
6.91923,14.25935,2.060829023,3279.8,0.71174,1.219292415,17.52584388,1.904492534,-3.981376111,-4.006995099
19.65678,25.65252,1.305021474,6381.24,0.9325,6.114473434,7.766552232,0.946442466,-3.085491488,-3.136218559
22.14446,24.58519,1.110218538,5918.59,0.91982,5.125916019,9.148436944,0.895705889,-3.169889896,-3.312203236
9.49631,13.8011,1.453311865,4126.22,0.8084,1.622280062,22.79619611,2.817817967,-4.112191593,-4.020162544
5.37841,8.5162,1.583404761,1989.53,0.6724,0.657398174,14.81528974,0.979646817,-3.977812439,-4.025150519
21.42141,25.65605,1.197682599,6227,0.92328,5.234636776,8.705043377,0.951914783,-3.187870549,-3.214980986
21.72513,25.07508,1.154197006,6891.12,0.92328,5.588388393,6.593759033,0.80880964,-3.135433092,-3.144166491
20.85796,24.90813,1.194178625,5388.5,0.90856,4.481006915,12.91506479,0.952109163,-3.36731217,-3.342102028
11.05166,15.55354,1.40734876,4746.12,0.84236,2.140082467,11.14613121,0.859918293,-3.579385708,-3.567448836
16.3004,18.29049,1.122088415,5671.12,0.8713,3.234884628,11.89770995,1.191289607,-3.63597173,-3.602641811
10.02544,14.90171,1.486389625,4002.95,0.80058,1.642296236,13.88412547,1.032049962,-3.73651049,-3.742474744
7.1604,9.70064,1.354762304,2997.17,0.7398,0.995894191,12.87122488,1.091547593,-3.671153856,-3.707479215
11.03067,15.07548,1.366687608,5198.9,0.8449,2.197324928,10.08624921,0.78900728,-3.51236928,-3.494791863
6.24572,8.85441,1.417676425,2417.3,0.68736,0.795709356,26.65382008,4.276089945,-4.365836436,-4.311836521
8.6935,12.90646,1.484610341,4163,0.80356,1.651933656,33.61960469,2.91772478,-4.697548706,-4.117939415
11.44044,14.99033,1.310293136,3755,0.80006,1.597713843,12.1717608,0.885658143,-3.633647781,-3.646973775
12.1058,20.37315,1.682924714,5240.81,0.87256,2.751218651,14.71381502,1.21215029,-3.677881678,-3.671142981
25.11728,28.62824,1.139782652,5319.76,0.9125,4.188181297,11.1413885,1.063048529,-3.417022358,-3.361204921
5.4691,12.18771,2.228467207,2359.97,0.678,0.985293263,18.32537386,1.593835562,-4.407125178,-4.418174724
20.97612,25.50685,1.215994664,6135.85,0.9368,6.128323215,7.879421408,0.876166473,-3.039765717,-3.023838295
22.41965,28.0857,1.252726961,6817.79,0.9468,8.022097201,6.306106016,0.957550424,-2.92139977,-2.97363379
23.25171,26.73724,1.149904244,6012.05,0.93196,6.197531521,9.524852281,0.962643386,-3.154741437,-3.127205824
15.83507,17.46831,1.103140687,3527.72,0.81522,2.055148838,13.63800238,0.886712941,-3.682995209,-3.699481395
11.92441,16.97215,1.42331151,4072.1,0.80422,1.74043079,13.44447953,1.258981856,-3.738972745,-3.719937399
9.71333,13.33321,1.37267137,4253,0.8442,1.7249764,7.598771408,0.418643201,-3.336644192,-3.344227643
14.85631,19.34069,1.30185019,5553.07,0.8865,3.339649723,9.276213815,0.810394816,-3.416088282,-3.384707499
23.40982,25.06837,1.070848473,4152,0.8919,3.009089007,12.19343395,1.010533984,-3.434256155,-3.495175641
14.25123,17.18601,1.205931699,5399.12,0.86362,2.98781859,14.46352499,1.251533427,-3.706982357,-3.681095042
12.69112,17.78721,1.401547696,4606.71,0.84368,2.400534919,18.71041716,1.496837544,-3.85713257,-3.803224485
16.0131,20.22409,1.262971567,5544.17,0.89728,3.810494488,9.6192617,0.963463105,-3.348235405,-3.348088291
15.86841,20.10175,1.266777831,5149.69,0.873,2.986351042,15.40332901,1.522760924,-3.684649115,-3.751342685
22.98435,26.90816,1.170716596,5167.11,0.90244,3.696873118,11.7493422,1.027784658,-3.450920826,-3.441656473
4.93745,8.77107,1.77643723,1850.72,0.65422,0.70128762,17.47526878,1.615269286,-4.250628211,-4.267545095
23.62472,26.9993,1.142841058,5999.97,0.9279,6.184309622,10.00816992,1.035311698,-3.15574497,-3.1108292
18.46236,19.75964,1.070266206,3813.7,0.84574,2.201593652,15.29600874,1.234871782,-3.772089031,-3.654599401
15.18749,21.26862,1.400403885,6016.54,0.91592,4.599308035,12.36321183,1.030971235,-3.358321314,-3.404837238
7.48498,13.22051,1.766271921,3178.19,0.7695,1.172519614,30.27533369,3.783665338,-4.728473712,-4.230604902
7.80133,10.19083,1.306293927,4182.81,0.7919,1.426024634,13.25494198,1.061510018,-3.657327122,-3.640524521
24.20888,29.1992,1.20613593,6062.9,0.93836,6.912412523,10.42518588,1.089650468,-3.101276276,-3.128990649
7.94566,11.11157,1.398445189,3186.53,0.74282,1.061747806,24.41990886,3.755637574,-4.172010783,-4.074378384
12.7292,17.50296,1.375024353,4355.11,0.88068,2.386498512,6.633625151,0.40301214,-3.236111428,-3.242734332
19.37878,21.72601,1.121123724,3883.45,0.87052,2.361616008,18.82811208,1.871366936,-3.781801944,-3.771040895
19.00834,20.84521,1.096634951,4416.08,0.861,2.282354563,12.16668555,1.10017341,-3.590406292,-3.619610477
9.43244,12.31049,1.305122535,5173.85,0.84576,2.24064939,10.62118885,0.848536088,-3.517338725,-3.509185459
17.75346,24.38508,1.37353958,6048.96,0.92046,5.171472234,9.176031688,1.006810248,-3.272080512,-3.268595336
17.30694,20.71539,1.196941227,4632.85,0.86236,2.599779925,13.07059961,1.127300505,-3.598733779,-3.608776926
19.63894,22.40044,1.140613495,4494.61,0.90722,3.321155057,8.74994848,0.676607614,-3.281672724,-3.301733131
14.76706,20.06075,1.358479616,6438,0.89944,3.98732129,9.481689688,0.937084469,-3.350805585,-3.405920597
19.77591,21.6421,1.094366833,4370.98,0.83822,2.429454183,17.04667968,1.888967205,-3.87673632,-3.889050829
11.39125,13.65896,1.199074728,3453.87,0.79598,1.395051299,19.34534842,1.934320319,-4.018355388,-3.942521776
16.60828,18.8637,1.135800938,5554.62,0.88192,3.486194288,11.4791536,1.061528952,-3.547212537,-3.524669416
22.18866,24.9065,1.122487793,6647.46,0.91192,4.9608321,7.610987045,0.830102134,-3.225479334,-3.258309
21.13072,22.64021,1.071435805,4684.38,0.8635,2.951228682,10.03610486,0.849495285,-3.457072375,-3.469063237
24.20734,28.50592,1.177573414,6266.93,0.9355,7.02897244,10.12246275,1.053816931,-3.103078372,-3.107848325
25.50134,30.10236,1.180422676,6820.42,0.92696,6.087447627,7.966376424,0.949080929,-3.120774844,-3.159662567
22.92675,27.28733,1.190196168,6531.3,0.94252,6.966921684,7.234637703,0.916116464,-3.033101495,-3.008267135
11.5414,13.2156,1.145060391,3667.9,0.8131,1.570667481,18.85281372,2.222803072,-4.009875684,-4.030283562
8.9177,14.53863,1.630311627,3888.78,0.80968,1.512566738,24.14204535,3.165160598,-4.276371738,-4.135967888
22.06506,23.47009,1.063676691,5520.73,0.88084,3.287881898,9.431089433,0.906936791,-3.378039057,-3.380141566
20.37574,23.02357,1.129950127,6207.33,0.91712,4.833408873,8.269270352,0.85650435,-3.235637115,-3.231788168
16.12666,19.43528,1.205164616,3912.38,0.8572,1.99265887,13.38739007,0.782318633,-3.564644899,-3.48631498
19.73789,23.76765,1.204163667,6035.29,0.9133,4.543894127,8.660690605,0.907376966,-3.252603958,-3.320752049
13.10059,15.51473,1.184277197,5084.42,0.85578,2.159522764,9.14820605,0.669104711,-3.427059401,-3.348335143
17.19894,20.20025,1.174505522,5525.26,0.8991,3.720947557,9.457770798,0.924363466,-3.418507023,-3.33902157
24.09294,27.25744,1.131345531,5420.97,0.93394,5.854725769,18.55799169,1.310782631,-3.472660136,-3.290568399
21.61244,24.0193,1.111364566,5603.33,0.91332,4.386385358,15.52706514,1.443455646,-3.502181263,-3.46631885
6.00392,10.37236,1.727597969,2355.9,0.70364,0.784244667,25.12826385,2.650693254,-4.35986485,-4.275978506
14.01886,16.67374,1.189379165,5450.36,0.85646,2.464888449,14.11727195,1.207701983,-3.662102693,-3.618913624
19.27328,25.56787,1.326596718,6390.64,0.92862,5.836999975,7.790309569,0.922482567,-3.142045776,-3.167694168
20.03431,21.75429,1.085851721,4994.8,0.86084,2.568866475,13.13776614,1.422744427,-3.649008746,-3.662017185
12.84473,17.14444,1.334745067,6002.48,0.8661,2.744227016,10.20594042,0.960189738,-3.41400281,-3.45634663
10.5632,15.98446,1.513221372,3471.05,0.8058,1.549079165,27.50301071,2.300005678,-4.322757658,-4.021088479
9.46023,11.82165,1.249615496,4354.28,0.81176,1.708385772,12.13048328,1.048327736,-3.705739047,-3.725888314
10.83826,17.26891,1.593328634,3534.01,0.80844,1.668462177,14.20109365,1.081581572,-3.76714652,-3.770889523
9.64841,12.91961,1.339040319,4652.49,0.82774,1.818509365,13.26148195,0.980182469,-3.6580458,-3.620576774
8.40302,13.50578,1.607253107,3921.99,0.80614,1.506164674,19.76425127,1.204752599,-3.979501339,-3.862714494
18.91538,20.77335,1.098225359,3954.93,0.84194,2.062168272,16.76699363,1.872661264,-3.908661725,-3.895330719
21.05972,24.56187,1.166296133,4130.98,0.90096,3.243500112,12.22927754,0.836635687,-3.427589504,-3.384333052
20.54964,26.67345,1.298000841,6256.07,0.9293,6.004316026,8.260392897,0.957964834,-3.151577716,-3.149250836
5.53473,8.63628,1.560379639,2554.88,0.67716,0.857273073,16.16378825,2.009536507,-3.984251217,-4.0456205
20.86674,24.30639,1.164838878,6859.47,0.90232,4.677705316,8.802637869,0.947280456,-3.313409276,-3.329606333
10.51247,18.02428,1.714561849,5339.57,0.87588,2.713189581,14.28155691,1.0970855,-3.649849885,-3.626400809
17.47967,20.37965,1.165905878,5005.89,0.8986,3.550389373,9.992028254,0.916659414,-3.381543703,-3.368500402
17.62626,20.49289,1.162634047,5221.45,0.90122,3.647408786,13.84216516,1.347226626,-3.556053222,-3.574375362
20.22949,23.64726,1.168949885,6519.48,0.92604,5.582926388,8.273222337,0.975115427,-3.209969717,-3.247607733
7.05614,9.84356,1.395034679,2144.78,0.69802,0.765738884,38.78730701,6.270318742,-5.261101317,-4.720952425
18.46905,23.29286,1.261183439,4346.92,0.88134,2.411577674,6.778090291,0.415634377,-3.24037555,-3.286794421
11.8115,15.12558,1.28058079,4815.45,0.8485,2.179015706,17.18121089,1.445393086,-3.767028306,-3.77498552
9.75982,15.60764,1.599172936,4525.87,0.83518,1.981108802,17.3773558,1.428947542,-3.872983875,-3.865346686
16.59922,18.22341,1.097847369,4965.7,0.87152,2.936952177,14.97343082,1.644815307,-3.707156028,-3.718355351
6.5213,10.48752,1.608194685,1735.96,0.63652,0.707507008,23.63197593,3.04940505,-4.558180369,-4.431407654
7.99297,11.60238,1.45157307,4886.8,0.81154,1.710110967,11.82887108,1.000724661,-3.651975577,-3.626858641
21.90817,23.60354,1.077385286,5174.28,0.86992,3.195239757,11.65820908,1.129527931,-3.494827314,-3.480586612
19.30206,22.49817,1.165583881,4208.94,0.85554,2.486261541,19.87248001,2.400439213,-3.992972676,-3.957143325
4.42981,6.94884,1.568654186,1236.81,0.5983,0.494720392,43.55412232,6.290062433,-5.69702554,-5.181048926
16.78475,20.07178,1.195834314,5294.79,0.89708,3.464819957,9.993807887,0.961740217,-3.411634179,-3.387434531
28.56952,29.85587,1.045025258,5766.14,0.91244,4.157470269,10.0414142,1.075991412,-3.275117218,-3.234906572
9.604,11.62828,1.210774677,3109.09,0.80352,1.25233004,13.07508797,0.745108885,-3.720037796,-3.707258773
10.58741,13.31465,1.257592745,4885.73,0.8249,1.904922454,16.48936101,1.41482671,-3.846689274,-3.796686767
20.22013,22.77142,1.126175747,4742.9,0.86468,2.992469337,10.78522754,0.917953747,-3.521870124,-3.483979802
12.32229,16.59858,1.347036955,5274.24,0.86246,2.759086212,15.32869985,1.305734425,-3.764094468,-3.777508604
17.78385,20.97769,1.179592158,5752.59,0.9101,4.281473606,8.937080198,0.879670748,-3.312590405,-3.298934713
9.48703,12.4226,1.309429822,3575,0.78832,1.322733389,13.21749081,0.974230874,-3.731050396,-3.751888022
8.40065,10.65067,1.267838798,3119.22,0.73324,1.123345217,15.43812667,1.336664198,-3.934830278,-3.947925495
21.63901,25.93741,1.19864125,5862.86,0.92908,5.546348918,14.41326844,1.468879901,-3.375118003,-3.364600915
11.91872,15.3096,1.284500349,4438.25,0.86416,2.105027258,6.835232385,0.403176814,-3.30575408,-3.344945846
13.13181,22.50104,1.713475903,4679.08,0.8646,2.779161751,13.75752181,1.144876274,-3.584192338,-3.571622444
16.88391,20.06979,1.188693259,5620.64,0.8933,3.623641084,9.970690702,0.98953821,-3.429314776,-3.385638242
21.19413,22.03032,1.039453849,4682.8,0.86754,3.020440564,9.545662367,0.795561431,-3.411511865,-3.400815582
25.404,31.27302,1.231027397,6507.42,0.9331,6.226602695,7.679278395,0.931635671,-3.081243691,-3.143632657
18.17006,23.66056,1.302172915,6279.66,0.9311,5.719568529,6.86521596,0.833184688,-3.094636716,-3.06636474
9.9562,16.53924,1.661200056,5545.95,0.86088,2.53785947,12.51740103,1.07171769,-3.564812037,-3.596366817
11.71671,16.84633,1.437803786,4550.18,0.85778,2.243494681,15.32588686,1.427554368,-3.697917401,-3.715157569
28.00743,30.18619,1.077792214,6920.75,0.93572,6.34493982,5.739571102,0.756485298,-2.993255862,-3.043300738
20.70424,24.96769,1.205921589,3972.67,0.89816,3.066501874,23.59540004,1.241422208,-3.860667372,-3.527246709
19.71478,25.97381,1.317479069,6370.15,0.92522,5.822692402,9.359661263,1.040459332,-3.195992521,-3.157059844
13.42827,16.75604,1.247818222,5476.32,0.89578,3.354240074,10.48445562,0.859801246,-3.426766031,-3.400824352
11.52014,16.33183,1.417676348,4959.23,0.86404,2.494104199,15.70337177,1.388116359,-3.778996687,-3.696850531
20.0638,23.74438,1.183443814,6138.94,0.92546,5.246699057,7.66274269,0.845709879,-3.121419897,-3.197006841
11.13153,13.39867,1.203668319,4906.48,0.81838,1.951604557,11.66076878,0.939650593,-3.647719613,-3.670866078
20.99163,24.66959,1.175210786,6191.7,0.91998,4.939781678,6.50311634,0.697855398,-3.122223652,-3.259740667
17.40816,20.43231,1.173720255,5924.18,0.89552,3.93175452,11.00495637,1.141397155,-3.44797771,-3.466228771
22.73155,24.97533,1.098707743,5986.02,0.89616,3.750973154,8.340864651,0.826846336,-3.283744646,-3.307147583
18.34639,21.39008,1.165901303,5368.74,0.8994,3.667143713,13.23363503,1.360745902,-3.547286274,-3.518900705
19.71812,25.1878,1.277393585,5835.16,0.93112,5.682134401,8.311897308,0.918984229,-3.094201408,-3.11266638
12.77517,20.13494,1.576099574,4665.68,0.86276,2.612634983,14.13113358,1.143707638,-3.617984473,-3.568388236
12.16002,21.18589,1.742257825,5533.17,0.8769,2.969602969,14.76184241,1.257320976,-3.695060311,-3.638216381
19.41973,24.61019,1.26727766,5124.87,0.88654,3.766772321,13.7876768,1.070810615,-3.509863215,-3.436923465
21.52303,27.02935,1.255833867,5025.12,0.93388,4.912753231,7.952108354,0.793709865,-3.114703403,-3.071366738
13.47142,16.6863,1.238644478,5931.78,0.87148,3.218370429,9.62829652,0.797719137,-3.487948594,-3.448835589
7.59661,11.80613,1.554131382,3187.09,0.73814,1.234496461,18.94834863,1.425390007,-4.007077781,-3.916549863
10.73155,16.21646,1.511101379,4338.83,0.8231,1.972092176,12.58002044,1.011032282,-3.704534205,-3.715223595
22.79459,27.11689,1.189619554,6379.91,0.93296,6.861614498,10.91281472,1.153603472,-3.170606817,-3.102151886
13.76532,15.40232,1.118922045,4441.97,0.8084,1.988429524,12.95397932,1.145010658,-3.772666186,-3.786857976
17.15158,20.13356,1.173860367,4295.41,0.89578,2.908556047,10.39760323,0.777488961,-3.406164537,-3.418135137
9.67257,13.48791,1.394449459,4106.61,0.79,1.666234289,14.00507924,1.192659881,-3.793841875,-3.811649823
9.89338,12.95462,1.309423069,4279.89,0.80898,1.644468838,13.10893567,1.247674154,-3.691388249,-3.694963138
23.39559,26.2303,1.121164288,5948.97,0.92204,5.061898514,9.433107987,0.985894391,-3.233662465,-3.321374768
27.69453,44.17516,1.595086105,5568.41,0.91956,4.682530387,7.093036927,0.732396376,-3.127849963,-3.109805971
15.35387,18.23941,1.18793568,5824.85,0.87416,2.854083139,8.275118899,0.704229388,-3.367703158,-3.310568183
20.33568,22.40989,1.101998556,5335.48,0.86874,3.070045552,20.48699549,1.258716654,-3.808859021,-3.688170639
21.28222,25.43032,1.194909178,4762.01,0.9087,4.038720516,27.64962688,1.758240928,-4.184477608,-3.608114974
11.69887,15.3237,1.309844455,4321.03,0.79118,1.856859547,19.18668803,1.594115352,-4.112855465,-4.006912957
8.73051,14.60365,1.672714423,4117.28,0.812,1.62605859,21.80751372,2.461519688,-4.10936123,-3.988167713
9.31234,17.29159,1.856846936,4566.28,0.84108,2.1073731,16.26838459,1.726965483,-3.796248394,-3.783838937
17.23849,23.69031,1.37426828,5694.75,0.89824,3.962712807,8.465131496,0.825852807,-3.273569457,-3.367634242
15.7729,18.49031,1.172283474,4832.13,0.85658,2.695402353,14.9153867,1.355979155,-3.718318791,-3.706453765
20.43989,21.95573,1.074160869,3911.38,0.85748,2.457159887,13.79835318,1.159906086,-3.562046208,-3.647668569
6.87046,11.2834,1.642306338,2500.95,0.73744,0.8760848,17.12840436,1.736320191,-3.974320065,-3.988374574
9.91572,13.9975,1.411647364,4362.42,0.81244,1.857421777,15.83775278,1.174544422,-3.817561272,-3.845412684
19.96789,24.04615,1.204240909,5469.39,0.9152,4.381337189,11.07380523,1.207267008,-3.38430387,-3.37480159
17.94882,21.64325,1.205831358,5351.42,0.91226,4.128415041,9.0330237,0.935215926,-3.270687572,-3.308645122
17.41984,22.81908,1.309947738,5753.88,0.90988,4.396001527,9.603256669,0.959574772,-3.325748283,-3.312331705
7.87152,15.43807,1.96125653,4289.87,0.80632,1.674572385,17.23872995,1.727486941,-3.945075413,-3.884313677
21.54721,24.58361,1.140918476,5861.92,0.92278,5.116833572,8.306237166,0.866067972,-3.190017851,-3.228401609
20.45374,24.71124,1.208152641,5085.65,0.8897,3.688395463,25.93626352,1.8697309,-4.168318713,-3.69596409
18.95379,23.17611,1.222769166,5078.31,0.88924,3.674272162,9.289851055,0.828765663,-3.338578205,-3.332760112
27.01514,28.94676,1.071501388,6062.49,0.90958,4.137520072,9.05555275,1.000490504,-3.286247514,-3.247210675
17.20635,19.81541,1.151633554,5774.66,0.89762,3.928744939,10.31768842,1.031372242,-3.366732665,-3.444356867
8.08496,11.68739,1.445571778,3185.51,0.7955,1.168117942,8.867386551,0.417754182,-3.475505257,-3.469048642
21.3203,24.62432,1.154970615,5754.34,0.9125,4.937877443,10.51389509,1.023309783,-3.316441289,-3.265155761
8.22331,13.14374,1.598351515,3776.83,0.79044,1.322361058,16.25450501,1.870929955,-3.839968698,-3.876047449
9.16824,14.49366,1.580855213,5266.83,0.8411,2.299331332,15.10470418,1.297129261,-3.779016213,-3.7268523
17.84084,20.22571,1.13367476,5786.95,0.87342,2.900080021,9.023982064,0.866835746,-3.401011286,-3.472044013
19.43958,23.35068,1.201192618,4524.92,0.87266,3.033608655,12.04421203,1.000281391,-3.507913718,-3.514888907
4.13631,11.15937,2.697904654,890.159,0.5794,0.464754388,19.39943067,0.865912949,-4.731591567,-4.741596057
6.41673,10.21831,1.592448178,4293.48,0.77294,1.275716429,12.80804211,1.272645727,-3.688379959,-3.711901514
12.27892,20.76595,1.69118701,5304.28,0.86874,2.756119846,14.62813647,1.147870216,-3.669629367,-3.610070723
15.73017,18.38588,1.168829072,4383.64,0.87284,2.594872923,12.44880188,0.974578175,-3.59907174,-3.638321265
15.77602,20.64014,1.308323646,6437.08,0.90456,4.184794175,8.271495565,0.822099526,-3.29894079,-3.273098088
8.16141,11.57636,1.418426473,3527.51,0.78054,1.266898554,19.49123923,2.48889589,-3.992818393,-3.998788191
20.34871,23.29977,1.145024427,4653.34,0.883,2.998587302,11.82703699,0.965973052,-3.470534507,-3.483407927
11.22883,15.12819,1.34726325,3570.62,0.80082,1.531889985,11.62573017,0.81258138,-3.630201448,-3.579802259
7.94102,11.14573,1.403564026,2670.75,0.7044,0.969187968,19.39320166,2.540473635,-4.213253393,-4.204314358
20.41436,22.97788,1.125574351,4618.66,0.8557,2.719106194,16.48079804,1.636016025,-3.879480415,-3.834879348
26.50098,32.09668,1.211150682,6957.9,0.94392,7.710189912,6.492330578,0.936601739,-2.983883031,-2.947046334
20.9216,26.86533,1.284095385,6404.19,0.93582,6.363525092,7.821903089,0.953565539,-3.039543478,-3.097040854
15.93331,28.55077,1.791891955,6186.72,0.91292,4.610613927,6.594932609,0.691822613,-3.158177213,-3.145512509
21.23832,27.05437,1.27384699,6408.65,0.93088,6.128484338,8.29383037,0.976198464,-3.157977549,-3.133906695
21.97539,24.83169,1.129977215,4642.88,0.88988,3.040048647,12.36415211,1.063475009,-3.471467863,-3.471395954
24.71646,27.66213,1.119178475,7068.28,0.91994,5.218215027,7.029871352,0.852116358,-3.121604051,-3.201439379
16.02552,19.72071,1.230581597,3619.78,0.84012,2.057750857,19.82352075,1.984920593,-3.905108161,-3.872351254
18.04624,20.20806,1.119793375,2979.18,0.81762,1.878264945,18.13942261,1.213499086,-3.980402587,-4.015990995
11.74166,15.44254,1.31519223,4808.7,0.8442,1.995980612,11.4165467,0.896901132,-3.517520252,-3.554551815
20.80204,23.98052,1.152796553,4267.65,0.89938,3.239421401,10.06272524,0.713928841,-3.328737919,-3.307197473
17.07007,20.05998,1.175155111,3813.8,0.90186,2.705834348,9.210287997,0.584999505,-3.314255317,-3.389031244
8.62496,13.49869,1.565072766,5181.72,0.8273,2.082740668,16.41868694,1.377259426,-3.823076425,-3.773691109
20.45622,26.32503,1.286896113,6031.92,0.93334,5.845028526,9.182277766,1.052527543,-3.161919398,-3.163290943
10.9095,17.62883,1.615915487,5985.84,0.88006,3.028694928,12.08892153,1.080056146,-3.528993008,-3.532950668
21.2674,22.82572,1.073272708,2300.61,0.83972,1.500161678,23.84578931,0.630624026,-3.98838565,-3.697213455
21.18405,24.54497,1.158653326,5462.81,0.91136,4.391969389,10.55087175,0.954189639,-3.293961452,-3.361068735
18.42709,30.83975,1.673609344,4183.88,0.8577,2.346436573,10.80537225,0.820321411,-3.589535905,-3.537837705
20.11627,25.47401,1.26633864,5920.79,0.92284,5.322736003,18.13413754,1.989380442,-3.592178178,-3.514320635
5.05932,10.79118,2.132930908,2225.18,0.69272,0.797216784,23.45236216,2.560003784,-4.45235337,-4.397744206
15.96457,19.61475,1.22864255,4334.16,0.88114,2.724065973,11.91678939,0.855836126,-3.51868235,-3.496199452
23.59401,27.07465,1.147522189,6211.41,0.94608,6.931090565,6.363529348,0.803543379,-2.930346716,-2.938467667
25.0306,28.2361,1.128063251,5571.97,0.90108,4.052766746,9.334573861,0.916339367,-3.313462405,-3.372757834
15.79416,18.49933,1.171276598,4810.95,0.86352,2.841442307,15.93487959,1.71374472,-3.761165421,-3.775261291
9.90367,14.54657,1.468806008,4163.53,0.8435,1.919453496,10.79708593,0.794058004,-3.529164884,-3.586569246
19.75213,22.87103,1.157901958,4671.06,0.85718,2.81159696,11.32718974,0.958854996,-3.552767885,-3.511809793
15.00967,22.32491,1.487368476,5119.31,0.87184,3.015526586,12.82072438,1.103212065,-3.57059897,-3.547862399
16.78859,20.93926,1.247231602,5523.05,0.90402,3.854997314,10.40298572,1.122238361,-3.399176063,-3.425763122
11.84001,17.46259,1.474879666,4128.19,0.83246,2.077685459,12.23612692,0.938189677,-3.610250058,-3.621372058
9.86494,14.23152,1.442636245,4148.43,0.8103,1.666306795,11.73513104,0.869543255,-3.64676723,-3.678688462
11.24139,16.81715,1.496002719,4163.41,0.82344,1.874539014,20.22985652,1.14821889,-3.837147718,-3.712532214
24.79258,26.16031,1.055166909,5046.76,0.88712,3.511580314,14.01689978,1.387960369,-3.572655616,-3.540535433
14.93169,18.51568,1.240025744,4710.65,0.85816,2.731514785,15.91096829,1.431748907,-3.740768655,-3.681131166
8.9786,16.87982,1.880005792,4102.25,0.82478,1.738509078,22.79019915,1.547607748,-4.068664645,-3.930656443
6.33847,10.1987,1.609016056,2351.15,0.67978,0.878080412,19.22810942,1.972756212,-4.246423543,-4.16440303
8.18838,12.0265,1.468727636,4119.26,0.79978,1.578939056,28.73843606,3.602929528,-4.422522529,-4.182940756
12.97088,15.87648,1.224009474,5791.33,0.85034,2.478258335,15.60200501,1.446250698,-3.710649783,-3.67786437
5.12616,9.91815,1.934810853,2242.57,0.69374,0.762977122,23.51490474,3.784214153,-4.172627987,-4.210459203
11.70649,14.58199,1.245632978,4918.27,0.79802,1.933511173,14.34280044,1.6048171,-3.88539551,-3.901006385
20.52157,23.32172,1.136449112,4794.43,0.87628,3.12884509,10.12057374,0.904246272,-3.442980157,-3.443606409
10.82786,13.58842,1.254949732,4627.63,0.84738,2.150683367,16.49320051,1.559379936,-3.851989811,-3.7976112
18.77781,20.853,1.110512887,4295.69,0.83674,2.323232323,15.03856163,1.263101002,-3.730915009,-3.666440703
16.83949,20.83233,1.237111694,5464.15,0.89972,3.874029038,17.99715706,1.860256741,-3.74806535,-3.706400277
6.482,8.74998,1.349888923,2589.91,0.67968,0.941771142,17.54691558,1.955007331,-4.153655928,-4.175644313
21.0434,22.83382,1.085082259,4430.24,0.86214,2.735215736,19.33597918,1.957430633,-3.974275663,-3.846772398
19.73574,22.07268,1.118411572,5899.59,0.92002,4.635491981,9.062439203,0.900379127,-3.251807269,-3.213214702
5.16302,9.78202,1.894631437,1997.05,0.65876,0.744360741,18.31268181,1.763696554,-4.275206899,-4.294765802
16.90835,21.7222,1.284702529,6297.4,0.89124,3.983231135,9.376730004,0.941744503,-3.346511624,-3.367496187
17.75945,20.72426,1.16694267,5909.15,0.90686,4.351994932,8.933009733,0.9268146,-3.351313781,-3.306213268
12.36403,15.53535,1.256495657,5335.05,0.88596,2.957666076,8.705926575,0.698495443,-3.320455087,-3.333118853
21.9455,22.78232,1.038131735,4785.42,0.85526,2.933614143,12.44359764,1.186210305,-3.648943554,-3.651890339
22.2392,27.31706,1.228329256,6281.9,0.93126,5.923857384,7.611871122,0.913166449,-3.128980012,-3.133387382
16.4057,19.1911,1.169782454,5377.71,0.88334,3.373599808,15.6387445,1.578097804,-3.716168923,-3.626427837
11.93922,17.31657,1.450393744,5265.58,0.8677,2.652000232,10.1133227,0.862835598,-3.470980614,-3.478890141
21.48586,23.70808,1.103427091,5696.07,0.88758,3.343290104,8.471302341,0.770904402,-3.31844371,-3.362677945
11.67666,13.50706,1.156757155,3445.66,0.78272,1.444178138,21.54753558,2.951898917,-4.138338225,-4.051249629
11.55391,13.92176,1.20493928,5673.59,0.87462,2.814780963,9.673319399,0.810092347,-3.471250865,-3.462607714
3.71474,5.47879,1.474878457,525.107,0.53962,0.34658788,25.60282869,2.635968243,-4.68481482,-5.189979017
8.88533,11.47589,1.291554731,3653.23,0.7819,1.40852682,12.20220443,1.047291432,-3.595481083,-3.637950564
12.05579,16.38225,1.358869887,5057.48,0.8723,2.607718224,10.17246158,0.800276026,-3.4777391,-3.465494983
17.36039,29.39611,1.693286268,3163.79,0.83466,1.713159758,16.22298576,1.463325247,-3.843384382,-3.858447723
20.89817,24.21133,1.158538283,5743.03,0.926,5.048880359,8.126152601,0.90106566,-3.177527622,-3.19620759
9.64579,13.06033,1.353992778,3603.84,0.8028,1.500224249,20.09594126,2.260864781,-3.933761992,-3.917835848
12.40067,20.68184,1.667800208,5532.88,0.87198,2.974467432,13.36712854,1.229246959,-3.665635641,-3.616499189
4.77462,9.33011,1.954105248,1751.34,0.64772,0.657905028,39.75467124,5.709661556,-5.09654277,-4.758235445
7.73137,9.56658,1.237371902,2958.72,0.76006,0.978293887,9.839786811,0.499880299,-3.531669467,-3.487074654
4.69966,9.04593,1.924805199,1669.88,0.62564,0.700647856,19.35822516,2.225871408,-4.452895872,-4.43734413
8.18429,11.53039,1.408844261,2987.37,0.76784,1.035060546,29.03661959,1.970380361,-4.452982031,-4.075248831
4.53279,8.27382,1.825326124,1756.07,0.64396,0.696092452,19.96757619,1.921367468,-4.427538928,-4.427217514
20.30851,23.99104,1.181329403,5559.18,0.89202,4.009312904,15.34670658,1.181106041,-3.51191829,-3.505627456
10.96709,16.55535,1.509548112,4074.85,0.8234,1.879355167,12.84109851,1.016834732,-3.648416729,-3.697752704
21.5572,26.9761,1.251373091,6591.01,0.92124,5.575703288,8.677362704,0.997280553,-3.233237647,-3.246126181
21.1316,27.40237,1.296748471,6386.62,0.93618,6.381725598,8.147337791,1.014520316,-3.128972263,-3.16341841
22.79219,25.52997,1.120119216,5301.9,0.91966,4.879221158,36.8464314,1.806880983,-4.716243607,-3.562171805
10.77626,15.96697,1.481680101,4774.87,0.83282,2.085485838,12.04102246,0.980713696,-3.621372038,-3.618857435
5.99793,10.39096,1.732424353,2787.83,0.71604,0.970295178,22.40887004,1.899881227,-4.329264441,-4.207911095
19.87379,24.47626,1.231584917,5441.34,0.91534,4.295999399,10.2751255,1.067297314,-3.322728185,-3.308839695
21.69207,25.34123,1.168225531,5522.18,0.92888,4.971765927,9.672783826,1.065454787,-3.222192538,-3.270197258
16.2917,19.68339,1.208185149,5593.73,0.88626,3.514352672,12.12034823,1.241650818,-3.510262602,-3.546768212
21.85569,24.03449,1.099690287,6641.12,0.91712,4.903205111,6.717762085,0.759302209,-3.14058018,-3.096662878
17.51037,22.98382,1.312583343,5523.33,0.91546,4.426082878,9.358951648,0.92111852,-3.305555014,-3.305954212
17.94407,20.4016,1.136954994,4659.5,0.89686,3.326311261,16.64718526,1.801214849,-3.669014961,-3.603514788
17.04313,19.38216,1.137241809,3213.97,0.83066,1.689968343,12.69198761,1.017082435,-3.562230784,-3.601424697
22.26413,28.04034,1.259440185,6519.75,0.9366,6.711284359,8.936970284,1.105755952,-3.103236007,-3.112745195
17.50476,19.58193,1.118663152,5765.97,0.88634,3.612038226,10.76707373,1.068680501,-3.479257395,-3.484237176
9.44086,13.01994,1.379105293,2782.33,0.74954,1.267585864,14.77825641,0.977075694,-3.98961169,-3.988987952
20.43359,26.49825,1.296798556,6379.31,0.92428,5.674084533,10.07646166,1.136335301,-3.256036563,-3.265121794
18.15035,20.11225,1.10809158,3408.97,0.83002,2.011194572,22.0549243,2.063282787,-4.074453802,-3.927634327
16.22479,20.39932,1.257293315,6224.88,0.91648,4.786496198,8.080145252,0.896282056,-3.255861798,-3.251129497
14.43494,19.71845,1.366022304,4502.58,0.84028,2.13232234,12.29056242,1.0955107,-3.603258574,-3.561052131
20.16294,22.24101,1.103063839,5424.45,0.8811,3.095706556,15.41344946,1.539315171,-3.676158199,-3.589972779
30.96836,34.0533,1.099615866,7320.19,0.93934,7.165775401,6.151159924,0.900176718,-2.993077549,-2.972233064
14.50923,17.59427,1.212626032,5719.3,0.87076,2.764773867,9.192907512,0.790699706,-3.405450701,-3.409658886
14.59656,17.99633,1.232915838,5504.25,0.87518,2.679136118,8.583605359,0.667756172,-3.378563308,-3.359981287
12.25896,15.0372,1.226629339,3088.14,0.77072,1.158143232,13.19109666,0.891744595,-3.812462968,-3.825826586
22.56319,24.79485,1.098907114,6291.93,0.91912,4.764550978,6.017945661,0.650281514,-3.089320206,-3.088225479
8.64999,10.56394,1.221266152,2545.32,0.69576,1.057329777,18.26737947,1.461674314,-4.32443089,-4.319431331
24.7027,26.03941,1.054111899,4776.81,0.88862,3.19775162,10.66850089,0.885251016,-3.449114658,-3.43782249
7.73859,11.86784,1.533592037,2666.78,0.76834,0.935051216,12.76923137,0.738349656,-3.712935057,-3.763812253
23.96689,27.60067,1.151616668,4951.84,0.89856,3.456624851,9.65268891,0.878036614,-3.357009058,-3.337095973
17.21239,20.40666,1.18557969,5360.31,0.87058,2.9923831,12.87216106,1.073205809,-3.663967794,-3.5962327
12.01888,14.02896,1.167243537,3184.06,0.77544,1.39171511,20.57113952,3.00410374,-4.187734864,-4.124227757
21.38414,27.14492,1.269394982,6362.76,0.93018,5.685036579,8.080658009,0.954308161,-3.171203044,-3.22737309
19.12258,21.67977,1.133726202,4521.58,0.88202,2.829154384,11.48862835,1.024175778,-3.447764156,-3.442242421
19.90087,21.90669,1.100790568,6099.86,0.91894,4.768833973,8.67080714,0.922950063,-3.234724881,-3.242525769
17.38453,20.94579,1.204852245,5123.16,0.90112,3.505089677,10.77178189,1.068398734,-3.45336361,-3.463913668
8.08912,10.87821,1.344795231,3263.16,0.74306,1.19036062,18.23781494,1.548976833,-3.967187709,-3.908394105
11.75388,13.8858,1.181380106,2842.22,0.79586,1.183707769,12.9923643,0.678568277,-3.77250844,-3.818551403
9.23952,11.77333,1.274236108,4104.01,0.7902,1.529471653,12.64959361,1.170427844,-3.65895083,-3.670446113
5.59071,9.03181,1.615503219,1345.35,0.65924,0.460189593,26.26810799,1.933701998,-4.445310546,-4.397019713
23.29218,26.91348,1.155472781,6533.88,0.93636,6.537594169,7.273171618,0.944824053,-3.05992922,-3.064573844
19.96465,22.77028,1.140529887,5717.79,0.90118,3.995105754,9.263464465,0.962958607,-3.357675211,-3.343855818
11.15724,14.42884,1.29322664,5088.03,0.873,2.629819076,9.797762432,0.774461915,-3.3830096,-3.370222078
17.27512,19.64427,1.137142318,3515.37,0.88532,2.245426439,11.25873227,0.638448621,-3.492300734,-3.486568304
11.35508,22.37544,1.970522445,3627.3,0.83554,1.811590589,12.13804256,0.815940635,-3.660085282,-3.637474851
19.5522,22.97411,1.175014065,6109.8,0.91242,4.678501108,8.759696863,0.913623914,-3.245823537,-3.328488583
17.40192,23.192,1.332726504,5999.72,0.91726,4.81008941,8.309319251,0.893296658,-3.223950662,-3.192446272
8.92064,12.81346,1.436383488,3669.05,0.80054,1.413559962,15.76998498,1.516480203,-3.823728142,-3.854573435
24.01614,26.19947,1.090910946,5824.12,0.9319,6.161403787,8.974516873,0.891618655,-3.114599066,-3.12974396
24.0579,26.68053,1.109013256,6826,0.92342,5.390030353,6.748091781,0.812701144,-3.091430831,-3.079101889
18.41292,21.39458,1.161933034,6118.09,0.91146,4.458695939,9.932274979,1.043953556,-3.320928304,-3.420886979
10.78071,18.86968,1.750318857,5155.18,0.83916,2.444563558,13.81726529,1.177280795,-3.62581897,-3.627456842
9.63061,14.27301,1.482046309,4539.5,0.84108,2.09540798,10.76717037,0.875149861,-3.513448885,-3.56545392
8.31051,12.11819,1.458176454,2974.92,0.74628,1.195038448,14.67395746,0.951320512,-3.960016567,-3.975817448
9.63039,15.22767,1.581210107,5252.6,0.84018,2.299034886,17.21807708,1.514632594,-3.894632982,-3.861462352
25.27434,27.96352,1.106399613,5356.01,0.90546,4.386876096,11.61001425,1.002822368,-3.333454268,-3.385812031
28.53461,32.00528,1.121630189,6766.01,0.95692,9.258306082,6.439342729,1.021773469,-2.809749594,-2.827543237
9.3251,10.58683,1.135304715,2895.04,0.71594,1.10441448,15.7773227,1.083161512,-3.843571332,-3.89225099
11.64882,13.32474,1.143870366,3042.74,0.8293,1.399905806,10.97122908,0.54240959,-3.593679863,-3.565072503
19.97679,21.60057,1.081283329,6104.42,0.90662,4.479790493,9.62286757,1.027256273,-3.308652358,-3.2632234
11.71839,16.99633,1.45039805,4115.77,0.83664,1.902401423,11.86427244,0.866122005,-3.608506445,-3.658775913
9.81088,13.31775,1.357447038,3002.93,0.77934,1.257628814,20.30843205,2.184352696,-4.035578312,-4.012523177
12.04906,15.80417,1.311651697,4871.77,0.8418,1.998988395,10.23799233,0.825294789,-3.472018284,-3.494353922
11.18882,14.15611,1.265201335,5497.23,0.84582,2.331360718,19.10010536,1.602229846,-3.87453685,-3.779111392
10.9365,14.78744,1.352118137,3541.34,0.80602,1.59999206,13.09555162,0.922884438,-3.754109049,-3.714973257
10.66698,15.00859,1.407013981,4420.81,0.82792,1.821473908,18.62755528,1.394048139,-3.900478848,-3.860310333
9.04421,12.47724,1.379583181,4570.22,0.81574,1.774030442,11.14185045,0.879556665,-3.583913533,-3.583549459
20.18712,24.09754,1.193708662,6328.57,0.92814,5.529942385,7.868108671,0.90647395,-3.14482523,-3.25572351
15.65408,19.71662,1.259519563,6687.32,0.90766,4.344055556,10.45251898,1.04263577,-3.374097496,-3.425112445
5.51702,10.84525,1.965780439,2371.14,0.69264,0.793442052,24.28596888,2.206034997,-4.342509297,-4.266306859
12.0635,15.30968,1.26909106,4677.72,0.86014,2.462418446,12.70924801,0.922805131,-3.582083473,-3.664719331
21.763,24.84278,1.141514497,4852.77,0.89114,3.296684596,9.839321109,0.917797968,-3.36173949,-3.366663405
19.97149,23.67476,1.185427827,6420.11,0.9132,5.002026664,9.26967342,1.02288114,-3.285016751,-3.297319552
17.31141,20.29006,1.172062819,4225.74,0.90256,3.025232617,8.816257559,0.63528317,-3.273730957,-3.307048979
12.66944,17.75121,1.401104548,4961.27,0.87444,2.733214349,18.72194527,1.52419413,-3.904206377,-3.731248562
5.75269,8.35583,1.452508305,2214.92,0.6706,0.741856012,20.25361263,2.728671512,-4.170414591,-4.167188827
18.55098,20.21402,1.089647016,3244.64,0.84344,1.857633689,12.21873767,0.730105394,-3.652984737,-3.648138437
11.03687,16.4941,1.494454497,4955.29,0.8518,2.232923431,13.92193601,1.012475451,-3.685690089,-3.650048712
21.89178,24.94467,1.139453713,4889.4,0.89064,3.4409433,11.5238677,1.135470971,-3.48685257,-3.506724855
13.35787,16.89525,1.264816172,5045.2,0.84522,2.258913705,10.59249019,0.868227841,-3.509887275,-3.544722941
25.52137,29.30106,1.148099024,6816.97,0.95122,8.388331364,7.573474118,1.107594579,-2.959937027,-2.987679967
13.16103,17.66918,1.34253778,4798.18,0.8522,2.316308475,14.19373974,1.403728225,-3.648018237,-3.673404187
21.12042,26.90792,1.274023907,6205.96,0.93132,5.821732417,9.218703413,1.095353707,-3.195821741,-3.213608103
19.91243,22.15277,1.112509623,5425.29,0.87014,3.049206983,13.67890827,1.25235545,-3.699181272,-3.569454959
29.79071,32.07165,1.07656548,5121.49,0.91336,4.725408331,8.437590443,0.841104146,-3.154400501,-3.208789066
14.6908,20.94384,1.42564326,5936.85,0.91174,4.238581158,10.73185339,0.958984069,-3.357416716,-3.404232795
21.87557,24.65028,1.126840581,6039.32,0.92478,5.289595607,7.782237814,0.899070635,-3.163229188,-3.101776272
26.18409,30.37077,1.159894043,4900.03,0.91292,4.003104541,10.3538049,0.896258907,-3.300910628,-3.24533319
20.75565,25.98542,1.2519685,6714.48,0.92206,5.772941567,11.58827368,1.270529404,-3.298166061,-3.319602342
25.25533,31.88815,1.262630502,6738.33,0.93118,6.443394203,7.5350324,0.91559233,-3.094483745,-3.069698584
12.7185,18.32348,1.440695051,4552.51,0.86046,2.298826622,9.250648542,0.636549777,-3.449889562,-3.435892579
15.91872,18.60448,1.168717083,5178.44,0.8906,3.226051836,11.46311541,1.160500518,-3.482520232,-3.50580201
17.26153,19.72422,1.142669277,4105.58,0.89258,2.709780444,10.96787201,0.899891703,-3.454583178,-3.496732041
6.20399,11.0234,1.77682427,2296.61,0.72278,0.766719141,26.82590228,1.976931005,-4.277624305,-4.120163995
22.72428,25.09154,1.104173158,5714.21,0.91814,5.231954504,9.919512509,0.931253212,-3.25130025,-3.195679183
17.55474,20.1881,1.150008488,4352.81,0.85642,2.45443186,13.9620047,1.283091172,-3.664387466,-3.705544137
29.43875,30.93321,1.050765063,7050.56,0.95466,9.450488532,6.713887158,1.091352999,-2.872834924,-2.90828513
11.87666,17.24342,1.451874517,4847.34,0.8529,2.325670174,13.64075685,1.346884316,-3.614650499,-3.64426439
22.4642,26.5482,1.181800376,6433.54,0.92318,5.629077694,9.227033083,1.105880817,-3.210368397,-3.244979655
17.80808,20.48051,1.150068396,5053.74,0.89616,3.568794552,12.02369692,1.258709539,-3.497614625,-3.485923147
16.07974,18.93723,1.177707475,5403.91,0.88552,3.510416047,11.71402029,1.14221675,-3.502440596,-3.469829544
24.10901,30.1163,1.24917199,6449.21,0.94218,7.603376481,9.08579901,1.091755981,-3.07069163,-3.061317725
17.18944,18.41369,1.071221052,3769.47,0.82846,2.113623259,15.98077182,1.073341276,-3.830444053,-3.73575638
23.90156,28.06624,1.17424302,6315.92,0.9257,5.563134394,7.617797463,0.833100675,-3.141109622,-3.116426262
14.62913,17.46142,1.193606182,6103.82,0.86284,2.889473067,14.28729129,1.409788483,-3.680897626,-3.713049018
20.3406,21.56051,1.05997414,3777.46,0.87076,2.428417245,12.75156382,0.984710537,-3.508905492,-3.500790434
8.38931,16.72769,1.993929179,3006.43,0.78892,1.290977135,12.87515763,0.907077298,-3.729901385,-3.744972446
16.86643,21.39293,1.268373331,5847.43,0.89246,3.789848272,10.15056253,1.068051322,-3.437957439,-3.490949645
16.98817,17.97533,1.058108672,2725.96,0.82152,1.416699576,15.3292589,1.17191077,-3.727623843,-3.755931313
11.57288,14.97532,1.294001148,5362.32,0.87764,2.851118987,9.210274127,0.755827338,-3.436536553,-3.489016957
16.20945,20.70016,1.277042713,6044.94,0.89482,4.005066645,9.637383736,0.99222987,-3.37890022,-3.4074512
10.1707,15.32345,1.506626879,3232.67,0.78826,1.448035785,27.27121223,2.502719487,-4.239201353,-4.070638457
7.91731,9.91536,1.252364755,4016.41,0.77426,1.35269566,13.23173564,1.179591279,-3.73782599,-3.72319419
21.00788,24.57751,1.169918621,5541.74,0.90026,4.29523605,10.69597791,0.991396739,-3.390117519,-3.424541991
7.58144,10.44534,1.377751456,4351.14,0.78928,1.440604803,23.4421065,3.649339441,-4.158258095,-4.007053941
6.68889,9.34736,1.397445615,3937.62,0.76318,1.20500266,17.17514246,1.803032949,-3.869473697,-3.846872917
11.45667,15.15172,1.32252391,5335.88,0.84872,2.230925732,9.865311905,0.813375272,-3.501008536,-3.484117372
11.19817,13.7953,1.231924502,4195.13,0.8349,1.908238177,12.32871959,0.922215518,-3.584447738,-3.593910204
8.87355,15.12905,1.704960247,3978.11,0.80998,1.687194709,34.29394233,2.564195045,-4.826881608,-4.073924116
29.79675,31.70822,1.064150285,5055.89,0.90762,4.542824538,10.71403598,0.989250977,-3.256587031,-3.239589009
9.27996,14.76162,1.590698667,4019.7,0.81296,1.569014965,18.50799765,1.726890456,-3.918480599,-3.912314253
16.18068,18.93937,1.170492835,5889.59,0.88006,3.54719871,11.5865667,1.190551435,-3.547300961,-3.543841052
10.36753,13.71702,1.323075024,4971.21,0.81,1.943061113,13.96486505,1.067870534,-3.763423552,-3.69641577
19.6175,23.7137,1.208803364,6149.83,0.91546,4.824660335,8.668467594,0.902881447,-3.247417436,-3.319386069
16.32618,20.40071,1.249570322,2511.17,0.83848,1.451395693,12.79303032,0.580942557,-3.62963641,-3.59548163
18.0476,20.1236,1.115029145,3744.27,0.85182,2.164022885,15.88081358,1.206246755,-3.810092464,-3.73086122
9.57228,12.48282,1.304059221,4531.18,0.80556,1.733792774,12.37511702,1.042155557,-3.650939258,-3.624731069
26.26183,28.83333,1.097917776,5223.31,0.90088,4,9.739464559,0.844221731,-3.299862845,-3.276335287
11.08572,16.15082,1.456903115,4412.52,0.84478,2.108639436,18.23299897,1.770383957,-3.939023603,-3.853947433
8.28459,11.6574,1.407118518,4323.53,0.80186,1.555086233,12.25190022,1.002158932,-3.673790954,-3.683801988
9.00993,13.45893,1.49378852,3566.81,0.82646,1.475349844,15.08433652,0.874846256,-3.793551325,-3.747853529
27.52302,28.89023,1.049675145,5654.39,0.90718,4.225475446,9.447377982,0.900237115,-3.26156453,-3.303537361
10.27105,13.79205,1.342808184,5112.03,0.84152,2.261299511,10.9276373,0.869380432,-3.558371112,-3.594550004
8.91975,14.08566,1.579154124,4750.34,0.83286,2.013728539,20.99055845,1.787347881,-4.042630988,-3.922328575
22.0064,27.05135,1.229249218,5206.62,0.93052,4.924923653,9.023732151,0.828933477,-3.183901214,-3.149174086
16.61186,20.7758,1.250660673,5623.35,0.89628,3.832074189,11.41268401,1.010486811,-3.442892131,-3.439227379
18.58582,21.00735,1.130289113,5545.45,0.90692,4.082889518,11.45689881,1.196733395,-3.460693124,-3.453599695
3.64315,7.46756,2.049753647,1227.67,0.60402,0.654218159,20.07150062,1.794805625,-4.964529581,-4.974854545
8.57735,11.60109,1.35252613,4316.51,0.81178,1.582383224,15.4878496,1.075437803,-3.707643454,-3.701024741
20.79498,27.29305,1.312482628,7232.17,0.94324,7.669677923,6.26066179,0.928444185,-2.971865417,-3.00286693
15.82049,18.28876,1.156017291,5704.26,0.88686,3.221349257,6.780403106,0.57767967,-3.263026371,-3.262982551
13.48257,15.44978,1.145907642,4100.06,0.80194,1.797499451,17.6383708,1.840988101,-4.057101807,-3.976944776
11.26247,15.36003,1.363824277,5027.58,0.8523,2.531889991,11.28308874,0.86172095,-3.588747256,-3.606409084
19.04383,24.42543,1.282590214,6048.11,0.91896,5.201150076,8.919345487,0.96045743,-3.230243022,-3.24581349
7.58991,10.83154,1.427097291,3151.92,0.75508,1.079615726,13.37516122,1.004615113,-3.810632652,-3.829175421
16.06178,20.12787,1.253153137,5835.12,0.89838,3.774816906,9.383468319,0.889936532,-3.369872391,-3.341821127
9.25132,12.26652,1.325921058,3024.29,0.77878,1.168041515,28.84347042,4.104325327,-4.593936867,-4.285433397
20.8429,21.88504,1.04999976,4615.9,0.84844,2.731668996,12.3859577,1.111120148,-3.689465151,-3.688676757
18.36487,21.31795,1.160800485,4458,0.91146,3.377566637,9.03880659,0.75021482,-3.247328222,-3.285467603
8.86426,13.31668,1.502288967,3132.47,0.76918,1.201209361,15.15290996,1.054392203,-3.924147885,-3.910898076
15.27053,25.89619,1.695827846,3232.11,0.8083,1.721681083,14.71252588,1.064063407,-3.938576896,-3.947908671
27.32248,31.24242,1.143469407,5983.09,0.92438,5.022821622,11.30476008,0.880649496,-3.202367366,-3.176443835
15.36935,18.76315,1.220816105,4753.55,0.86322,2.720585454,12.0463069,0.940124717,-3.559760494,-3.557717862
16.56712,19.43941,1.173372922,4206.36,0.88284,2.645982503,10.7353162,0.766127795,-3.470359281,-3.452349636
6.83704,10.81669,1.582072066,2565.84,0.72818,0.878565879,14.67660184,1.227504749,-3.830719035,-3.815809706
12.00029,14.72643,1.227172843,4543.24,0.82662,1.885473809,16.63243715,1.542454511,-3.785833203,-3.774013047
17.29736,21.44817,1.239967833,5908.57,0.90558,4.36020646,10.46331633,1.108938089,-3.391188068,-3.418242774
17.80284,23.34769,1.311458734,6099.95,0.93256,5.435322368,5.390853526,0.63801706,-3.012796881,-3.119790322
11.2897,16.2393,1.438417318,5011.49,0.84844,2.246339016,11.15178654,0.913583888,-3.539792048,-3.567623472
25.17059,33.31571,1.323596706,5811.23,0.93964,7.000797205,6.677471289,0.826187904,-2.953485992,-2.940399612
19.11558,21.05514,1.101464878,4680.32,0.83672,2.497679098,14.45838233,1.625411023,-3.836611666,-3.769525034
10.82596,15.22417,1.406265126,4957.01,0.83364,2.147792795,11.7669292,1.009478745,-3.636381772,-3.636954892
20.90772,23.49379,1.123689718,5177.51,0.8671,3.122423038,13.22249558,1.228366523,-3.630664591,-3.630464607
24.42816,28.32938,1.159701754,6660.85,0.92804,5.985848722,7.446213425,0.901599647,-3.119402239,-3.177390505
18.0402,24.94369,1.382672587,6512.35,0.9286,5.741810222,8.143798676,0.990977012,-3.170725218,-3.210261425
9.98441,17.10999,1.713670612,4480.51,0.83398,1.984117166,16.11607754,1.598443354,-3.799958082,-3.774146272
23.23313,26.3828,1.135568044,5780.62,0.9239,5.750725143,11.52250096,0.967706955,-3.205100581,-3.178861539
20.08357,27.80207,1.384319123,6613.65,0.93386,6.204225352,7.493959494,0.914853183,-3.122454634,-3.177622038
11.27514,16.08823,1.426876296,3599.44,0.84788,1.71840166,10.19856026,0.526126166,-3.529500063,-3.522794895
20.69229,24.65552,1.191531725,5253.03,0.89576,3.965048647,15.91383373,1.25246594,-3.553975856,-3.435194932
8.88711,11.19985,1.26023533,2508.16,0.73544,0.886934646,14.22711758,1.071019718,-3.834682041,-3.82626406
18.11,20.13974,1.11207841,5250.74,0.8627,2.677421457,10.04982328,0.916820769,-3.473700446,-3.504907805
16.94611,20.68822,1.22082413,4466.11,0.90092,3.077217347,8.695366869,0.672600705,-3.327761196,-3.330951438
22.56587,26.22104,1.161977801,7098.12,0.92254,5.687459157,6.940750637,0.846069285,-3.141333682,-3.095308838
8.11813,11.77751,1.450766371,4566.21,0.80612,1.642936628,11.62078182,0.944684992,-3.653653614,-3.628762669
11.36713,20.0873,1.767139111,5514.27,0.85786,2.875559787,12.04173176,1.124033924,-3.555710431,-3.539681285
20.82036,22.07419,1.060221341,5653.87,0.88456,3.241072541,8.884680924,0.783183538,-3.396025541,-3.341995408
19.88194,24.74475,1.244584281,5696.18,0.8958,3.61926233,11.84394276,1.005803246,-3.427061631,-3.477165107
7.22424,9.73378,1.347377717,3061.13,0.725,1.006905287,21.29505552,4.672133039,-4.067478811,-4.151313137
11.2752,14.97727,1.328337413,5112.88,0.85312,2.357870532,14.29275311,1.184900882,-3.649697214,-3.648875778
10.93723,14.38287,1.31503772,5327.28,0.8335,2.14135788,14.03921456,1.325411773,-3.704890656,-3.65665644
20.0712,24.71814,1.231522779,5243.74,0.8967,3.964769396,15.63052147,1.52996401,-3.603774803,-3.618626345
19.95548,21.62613,1.083718858,4829.79,0.84076,2.684864665,13.65071827,1.266041533,-3.721048676,-3.709837618
20.28691,25.22949,1.243633949,5432.87,0.91262,4.623318726,13.8892779,0.942769035,-3.335820664,-3.239215246
21.59472,24.33064,1.126693933,4256.12,0.89964,3.329274927,12.4557763,0.767593069,-3.385700109,-3.418418694
13.64842,16.1005,1.179660356,2744.8,0.7769,1.375657816,17.18284832,1.152685726,-4.03631251,-3.99082034
20.25601,22.53773,1.112644099,6242.18,0.91606,4.913825935,8.521601284,0.926006049,-3.26826016,-3.275161196
9.03098,14.05314,1.556103546,5286.68,0.8369,2.240588138,13.93172467,1.305373148,-3.718838839,-3.714641263
13.90018,17.08591,1.229186241,5745.24,0.89638,3.545007653,9.214708405,0.83770445,-3.374924511,-3.359809848
19.99531,25.18785,1.259687897,5094.66,0.9015,4.092147072,17.48444133,1.399836524,-3.599223822,-3.532934768
23.06092,26.21543,1.136790293,6246.44,0.91208,5.0992363,10.2637898,1.031291134,-3.342923303,-3.329642826
10.99695,15.69688,1.427384866,4961.24,0.8548,2.311738537,16.31374194,1.209910821,-3.795039389,-3.770337589
18.72938,23.57896,1.25892902,6329.33,0.92428,5.355474952,8.662192343,0.946806996,-3.216466591,-3.211966399
22.93599,26.87343,1.171670811,6205.56,0.92794,5.653069181,11.35625236,1.263653702,-3.225200207,-3.313483822
20.23318,22.31921,1.103099463,3256,0.85794,2.007295086,20.94288887,2.528038778,-4.050378575,-4.134660927
11.30647,14.90289,1.318085132,5501.35,0.84888,2.30549241,9.766722348,0.796729626,-3.516581706,-3.49445248
11.44679,14.10808,1.232492253,4350.38,0.82194,1.768951981,12.05803126,0.919649808,-3.611919968,-3.62804086
19.08246,21.37227,1.119995535,5549.97,0.90982,4.103556367,10.45637252,1.120829216,-3.382012762,-3.369404829
10.38047,14.77307,1.42316003,4698.2,0.8501,1.997668877,9.672949276,0.683064364,-3.507379573,-3.53360827
10.59805,15.08794,1.423652464,4732.08,0.83208,1.885028828,16.46541014,1.303243892,-3.824217995,-3.768532084
14.34218,17.93391,1.250431245,5561.78,0.87506,2.698770062,8.501681445,0.702060347,-3.357734114,-3.349590866
13.26997,17.80978,1.34211155,5122.05,0.87266,2.805141871,9.890630971,0.821597128,-3.456123279,-3.429485305
30.29414,34.98953,1.154993342,6828.67,0.93396,6.619369928,11.85003206,1.095799068,-3.156002638,-3.152090163
12.85149,16.89972,1.315000829,4738.16,0.8487,2.483278032,11.03282494,0.884330048,-3.580045747,-3.534899032
16.63966,20.02901,1.203691061,5825.77,0.89244,3.944538491,11.44007118,1.131759698,-3.45556525,-3.484671823
10.55761,15.64607,1.481970825,5263.84,0.84744,2.431378625,17.65460435,1.443516304,-3.861449148,-3.790240286
30.27388,31.76203,1.049156236,5029.32,0.91136,4.554386175,8.902937101,0.857745215,-3.206310589,-3.177619592
7.42212,10.60714,1.429125371,2861.81,0.73216,0.972800748,17.66905233,2.357722339,-3.915146277,-3.898864444
21.28448,22.29565,1.047507386,4371.29,0.86414,2.70702742,13.06837378,1.022264594,-3.59206267,-3.588811969
19.4867,22.39479,1.149234606,6040.3,0.9164,4.619603573,8.588394207,0.920514969,-3.260652028,-3.253702252
8.09993,12.25134,1.512524182,4876.95,0.79328,1.820309596,16.28880634,1.393127929,-3.883661481,-3.901978848
14.32691,16.96972,1.184464759,5644.5,0.85752,2.571297493,21.50179771,2.279870075,-4.002147672,-3.853932656
5.94545,11.26505,1.894734629,2650.05,0.74092,0.905066476,34.63673218,6.841498519,-4.8336601,-4.459720167
23.51194,30.14187,1.28198141,6779.57,0.9429,7.302283077,7.336594531,1.014563722,-3.018178657,-3.081297589
21.08353,23.78785,1.128266946,4628.57,0.87078,2.88542212,15.64688955,1.608579735,-3.748289827,-3.724565546
21.96588,26.04703,1.185794969,6161.17,0.91712,4.838074941,9.546135282,1.072405053,-3.310704606,-3.327513435
17.8958,24.88568,1.390587736,6012.27,0.93176,5.596593127,7.744193056,0.868140755,-3.059178075,-3.004327468
11.36478,14.77488,1.300058602,5353.75,0.87162,2.855486103,9.996816086,0.818803596,-3.476105564,-3.438680132
21.34252,28.91791,1.354943559,6215.82,0.94388,6.836192973,7.02594761,0.897175933,-2.940215654,-2.971272499
8.71648,13.77042,1.579814329,4273.67,0.80298,1.692632964,12.6282405,0.96008064,-3.732316465,-3.783596554
8.36728,10.99396,1.313922804,3282.43,0.73282,1.221983768,15.03170797,1.15131066,-3.913988312,-3.902109053
4.74687,10.51279,2.214678304,1593.06,0.60666,0.70883254,23.97608922,3.121024571,-4.520349316,-4.507895212
15.78517,17.51654,1.109683329,2385.21,0.75448,1.347049981,16.95289476,1.054977887,-4.017095096,-3.927029668
23.4765,26.69159,1.13694929,6804.64,0.9324,6.337942004,7.496719372,0.977275167,-3.086146437,-3.167771822
12.48285,15.54226,1.245089062,6041.06,0.88268,3.300824196,10.62898738,0.928440758,-3.455277503,-3.447306796
6.14113,8.45028,1.376013861,2930.77,0.7116,0.91405964,17.61091402,2.248515053,-3.960833868,-3.995968588
23.8656,28.54537,1.196088512,6506.59,0.93514,7.094659697,10.28658436,1.109137798,-3.168036727,-3.096134375
21.66237,24.27108,1.120425881,4854.7,0.9214,4.097733661,7.893745284,0.695907466,-3.20099173,-3.19857591
27.83244,30.09135,1.081161048,5860.81,0.90498,4.498985842,9.912283981,1.055405208,-3.354429438,-3.310831693
9.11307,13.54158,1.485951496,5113.11,0.83348,2.208994148,15.51252808,1.306894676,-3.749315538,-3.708449567
28.74359,29.63938,1.031164861,5046.23,0.90548,3.937074978,9.732474353,0.899923261,-3.3247735,-3.2736069
17.51017,22.6296,1.292368949,5881.45,0.908,4.400184149,11.43723391,1.129003513,-3.412512309,-3.417525735
17.09403,19.06239,1.115148973,5352.38,0.8817,3.395502702,14.15488457,1.550428995,-3.67446712,-3.659809095
6.86045,8.98089,1.309081766,2820.58,0.72844,0.906690897,30.86039701,4.388368091,-4.44835686,-4.324894774
20.7123,22.46908,1.0848182,4977.9,0.85416,2.803125523,17.77055922,1.454042862,-3.797107716,-3.783889924
11.97504,17.35576,1.449327935,5599.11,0.86262,2.558647917,10.18622576,0.868492635,-3.510082185,-3.515746557
7.73474,10.54357,1.363144721,3614.32,0.77396,1.219347348,20.53766716,2.122681385,-4.054949842,-3.961577265
7.3704,10.39953,1.410985835,4660.15,0.80646,1.537951039,11.09975039,0.95185565,-3.543126547,-3.562516471
8.62326,12.55557,1.456011995,2755.47,0.7208,1.038497003,16.09112442,1.407768812,-3.966992226,-3.959449269
17.55901,20.01776,1.140027826,4266.6,0.89408,2.841759318,10.88741991,0.779797938,-3.437509661,-3.447836159
19.87988,28.34061,1.425592609,6143.82,0.9357,6.060115412,8.084717074,0.912428875,-3.059708895,-3.107237757
17.21861,21.3052,1.23733565,5752.25,0.90242,4.260255024,10.28424747,1.017131308,-3.376209251,-3.421296247
21.42752,22.48451,1.04932862,5112.06,0.86776,2.724110652,12.75760538,1.389025844,-3.61618896,-3.635984467
10.79361,15.13231,1.401969313,5634.21,0.86198,2.70560909,9.815582842,0.866818885,-3.522374021,-3.485152878
8.7836,12.9465,1.47394007,4332.75,0.82988,1.784630603,17.45929629,1.470401177,-3.850189927,-3.844778109
20.71015,23.29007,1.124572734,3534.83,0.85606,2.230740366,14.74565874,1.16802822,-3.735631483,-3.737441757
18.12638,20.22506,1.115780426,5593.51,0.89864,3.87441688,17.35770774,1.681801743,-3.656973553,-3.574561763
7.20659,10.0327,1.392156346,3254.43,0.73708,1.16754421,13.85404045,0.970611029,-3.957746628,-3.940129533
20.91599,24.23025,1.158455803,4207.37,0.89844,3.286498667,13.37049477,0.811510398,-3.430200366,-3.439009957
17.49748,20.50288,1.171761877,5828.33,0.90978,4.359250794,9.083017941,0.899662302,-3.263360563,-3.326345012
30.8544,31.87356,1.033031269,5995.61,0.91206,5.068830411,10.51082161,1.123964577,-3.285017593,-3.282986729
27.45412,29.96801,1.091566949,6795.76,0.95186,8.419739763,6.324630011,0.935287433,-2.880306398,-2.9410108
17.98019,20.57293,1.144199811,3872.74,0.84626,2.264252919,13.01147601,1.141289611,-3.601452772,-3.584828061
8.71414,11.53538,1.323754266,3817.14,0.7846,1.372820739,17.29241018,1.672343537,-3.904976544,-3.856494458
21.93655,22.94019,1.045751953,5507.95,0.88664,3.207640685,8.297728134,0.731779936,-3.323068923,-3.344195757
20.05087,21.44293,1.069426414,2922.88,0.83176,1.802464802,25.0277579,2.739516048,-4.354581804,-4.363918377
15.41595,16.76479,1.087496392,5764.14,0.87218,2.69119925,12.99282858,1.193793224,-3.535415166,-3.544147316
18.40507,20.44612,1.110896074,3381.03,0.87208,1.93352992,10.09160436,0.535642934,-3.531109961,-3.497322449
10.96021,13.89197,1.267491225,4176.32,0.80236,1.776701114,13.32052681,1.046280605,-3.750035625,-3.699942327
11.14423,16.39927,1.471548057,4756.4,0.8422,2.258435614,11.80377145,0.884133254,-3.567493707,-3.617693148
13.25069,15.95337,1.203965227,5558.53,0.85434,2.419506946,12.12170584,1.062762723,-3.56509065,-3.561998321
11.5551,20.95912,1.813841507,3079.46,0.82954,1.495062656,13.24009625,0.835257451,-3.711513512,-3.714458933
11.64519,18.10662,1.554858272,2887.97,0.81864,1.324778095,13.35131582,0.822104337,-3.714451006,-3.680595139
20.61713,23.94532,1.161428385,4989.21,0.87598,3.118587347,12.6369151,1.094604303,-3.539616364,-3.541862866
24.39979,28.89943,1.184413063,5833.34,0.92168,5.081206241,13.13630645,1.428636598,-3.401450225,-3.397603949
7.04684,11.03146,1.565447775,2259.7,0.6805,0.794486578,19.92352546,2.611648896,-4.162645714,-4.117237692
7.14603,11.42731,1.599113074,2994.76,0.75852,1.050517697,36.430909,4.300426038,-5.056513641,-4.283421092
14.0996,17.52227,1.24274944,6217.17,0.89156,3.733422667,8.244583488,0.797688418,-3.353858254,-3.357092235
19.97078,21.90562,1.096883547,4273.3,0.86546,2.702383703,11.78405572,0.958842311,-3.530440938,-3.537941787
12.71966,16.0253,1.259884305,5956.29,0.84786,2.472752938,12.82048101,1.384092062,-3.627578427,-3.627697024
18.25384,24.48157,1.341173693,5664.89,0.91742,4.751108257,20.29737943,2.122056639,-3.648412042,-3.63705165
11.62428,14.32035,1.231934365,5290.08,0.84874,2.219908927,9.739428953,0.760858128,-3.480143584,-3.498851369
17.45484,20.04017,1.148115365,4732.85,0.85958,2.641780816,10.62098134,0.878905388,-3.515055251,-3.52936377
27.65204,28.91864,1.045804939,5861.88,0.9409,6.039230285,5.90853719,0.696044757,-2.957720608,-3.02744188
17.41724,22.09965,1.268837657,5736.95,0.9062,4.4292599,10.35221032,1.011589731,-3.369866356,-3.353373832
9.86133,13.39032,1.357861465,3832.43,0.8043,1.591236428,23.77963399,2.61241813,-4.143323219,-4.029464862
16.20282,18.29637,1.12920899,5381.5,0.87978,3.226987294,17.96056915,1.737719008,-3.733463039,-3.715263447
19.62622,23.72834,1.20901223,4614.15,0.87476,3.004210483,11.24179594,0.982716774,-3.534395508,-3.561933128
12.21504,15.71837,1.286804628,3688.95,0.85764,1.859011319,16.34624223,1.025058269,-3.792398555,-3.732115388
17.45396,20.64269,1.182693784,5293.92,0.89486,3.549088198,17.01967395,1.485808721,-3.675437132,-3.598555423
12.62845,15.19592,1.203308403,4088.14,0.81096,1.811824582,15.02479432,1.351580625,-3.837975548,-3.79236599
8.22658,11.63097,1.413828104,3937.65,0.78374,1.430861358,15.34737971,1.348646399,-3.765199385,-3.79012551
11.1019,13.87379,1.249677082,5516.05,0.84238,2.180512629,14.76187078,1.617269848,-3.694339927,-3.694560737
19.33226,23.57708,1.219571845,6736.01,0.89972,4.223204814,8.00051997,0.788921359,-3.276427409,-3.330932775
8.51011,14.1241,1.659684775,4147.9,0.7722,1.573381691,14.36157296,1.571954464,-3.80462395,-3.872914314
9.59935,15.07039,1.56993859,3170.13,0.81382,1.308566899,20.46151927,1.207643001,-4.012047316,-3.926032541
17.86255,20.04728,1.122307845,2701.32,0.83654,1.434959887,13.48765989,0.728248037,-3.635460681,-3.684039358
27.12844,29.59597,1.090957313,4271.73,0.88712,3.18364681,10.72945608,0.924083183,-3.421489495,-3.440064589
14.47394,18.02269,1.245182031,6141.16,0.88748,3.420936992,8.683146428,0.766980016,-3.398511936,-3.395628859
18.62928,20.14992,1.081626343,5092.64,0.87312,2.883877936,11.31619561,0.885584202,-3.576129994,-3.554590735
21.26785,22.50578,1.058206636,4889.63,0.86086,2.791492508,12.09098232,1.174255174,-3.615864723,-3.55861703
17.35824,20.44591,1.177879209,4727.42,0.86126,2.43013016,11.91977801,1.007779923,-3.608411266,-3.616314979
8.06729,15.38736,1.907376579,3683.29,0.74862,1.42669289,15.93213163,1.715787944,-3.988024916,-3.964344659
25.58158,27.91385,1.091169896,4685.82,0.89872,3.80807105,8.777078868,0.733705791,-3.221576992,-3.209867017
24.49348,27.54071,1.124409843,6712.29,0.94354,7.438879209,7.655417783,1.004373762,-3.012166321,-3.033772592
10.22905,13.35329,1.305428168,5247.06,0.85786,2.398233181,10.21570566,0.798427871,-3.490879781,-3.518934596
6.96931,10.5921,1.51982047,2447.43,0.7035,0.862809066,14.77163143,1.178816126,-4.023635148,-3.994087945
23.34774,27.77825,1.189761836,4821.51,0.90936,3.620452835,9.618094528,0.769016087,-3.303950144,-3.329637199
20.6259,27.53418,1.334932294,4351.1,0.88062,3.086234571,15.2462095,1.325493273,-3.651383967,-3.569903433
15.93568,19.03505,1.194492485,5508.27,0.89762,3.571138713,9.879562735,0.919250921,-3.389148125,-3.382387856
9.28487,11.21288,1.207650726,2513.04,0.76374,0.935945559,14.47416134,0.838365995,-3.856849056,-3.839355206
17.23212,19.42182,1.127070842,5150.61,0.88362,3.218301215,16.52355864,1.758255023,-3.722812036,-3.733350184
10.29717,14.2829,1.387070428,3170.24,0.82654,1.389511837,11.55498385,0.599006162,-3.551200105,-3.526771833
18.9568,22.57498,1.190864492,6082.04,0.90664,4.428055815,9.274432182,0.967572124,-3.299415033,-3.291710098
20.51664,24.46809,1.192597326,5549.44,0.89312,4.138781147,11.52129316,1.046628117,-3.393241382,-3.413586591
14.26095,16.01584,1.123055617,5530.61,0.87812,2.993328993,7.684540368,0.640161941,-3.339120722,-3.304685151
24.92274,28.00678,1.123744019,5926.85,0.93044,5.480365421,10.35450575,1.090547646,-3.214208552,-3.226044788
24.97086,29.63427,1.186754081,5371.51,0.91244,4.194027312,7.884361461,0.710386999,-3.187495548,-3.213545644
20.61506,22.45773,1.089384654,3304.82,0.811,1.957173851,15.06026189,1.231925973,-3.877382163,-3.82378543
6.34404,8.75671,1.380304979,2260.77,0.68788,0.769997112,31.09799999,4.209192092,-4.725083429,-4.326545431
19.49566,22.18171,1.137776818,6037.81,0.90162,4.086070236,9.133656901,0.946146762,-3.324880679,-3.297320032
10.126,14.17633,1.399993087,5477.96,0.8491,2.382148057,16.4528597,1.62129303,-3.796685329,-3.770598103
7.9362,10.76257,1.356136438,2670.54,0.77024,0.954061985,14.84348872,0.861335925,-3.795649451,-3.797391702
16.18703,19.45768,1.202053743,5807.28,0.88564,3.63497562,11.61355933,1.103527515,-3.517538011,-3.550749527
10.60895,14.5869,1.374961707,5298.07,0.83902,2.393404744,12.25318688,1.002416515,-3.706553673,-3.696642661
21.9008,24.78091,1.131507068,5566.85,0.8956,4.095107453,11.93387665,1.070850389,-3.447729898,-3.421315074
19.77673,23.5906,1.19284634,4349.03,0.88996,3.186132184,14.45162589,0.906736352,-3.551051607,-3.48271668
19.97672,23.3121,1.166963345,5942.67,0.92368,4.943483473,7.393680856,0.779210399,-3.115899418,-3.149468097
17.44625,21.1683,1.213343842,5044.23,0.90218,3.524677588,14.14519996,1.36230474,-3.495481407,-3.513224888
19.20527,20.71323,1.078518032,4416.36,0.82786,2.366003807,20.12872508,1.572423411,-3.989594783,-3.92067502
7.45262,11.96997,1.606142538,3174.94,0.76356,1.111331047,11.85054194,0.808636213,-3.66244142,-3.679384488
16.62424,20.12783,1.21075189,5473.73,0.88862,3.524423715,10.0585152,0.928102794,-3.431106964,-3.455199371
20.23261,21.42473,1.058920723,5589.59,0.88246,3.198292234,9.436007713,0.827270278,-3.416812385,-3.36289447
16.08393,19.51378,1.213247011,5580.86,0.87942,3.429701302,12.35351661,1.165613237,-3.573403728,-3.624248521
21.39821,24.48522,1.144264871,4129.47,0.90312,3.297936051,11.80014658,0.771728075,-3.365185629,-3.361164808
18.42859,21.99364,1.193452131,5949.27,0.91696,4.756238621,9.043590768,0.937558902,-3.291406646,-3.213746469
31.09958,34.37978,1.105474093,6726.66,0.95,8.166423107,6.418191999,0.931217433,-2.914551696,-2.897705897
16.85221,20.39066,1.209969494,5971.53,0.90504,4.20631896,10.25931562,1.05722026,-3.361920797,-3.352252621
12.03711,14.94581,1.241644381,5469.94,0.85206,2.30192543,9.473583469,0.7448085,-3.442730035,-3.495483747
8.84334,12.17258,1.376468619,4918.16,0.81768,1.99803051,19.69140377,1.631007421,-3.988410004,-3.936015898
8.70697,12.27989,1.410351707,3450.61,0.74732,1.35336249,15.80665398,1.166558163,-3.862625317,-3.876662118
16.09675,18.59374,1.15512386,5338.33,0.86936,2.586218693,9.315763859,0.781572761,-3.398615326,-3.377449106
11.79914,16.24684,1.376951202,5326.33,0.86112,2.476795858,14.55539288,1.074336948,-3.644397328,-3.610020522
8.8128,12.5954,1.429216594,5087.25,0.8129,1.997596691,18.50081244,1.822223487,-3.994808241,-3.95510427
17.09305,19.88673,1.163439527,5212.76,0.90234,3.600933815,10.8546053,1.171614983,-3.363549675,-3.428938104
16.04815,19.57613,1.219837177,5789.13,0.8961,3.627876472,10.23925734,0.962864442,-3.431006103,-3.432794145
19.54856,23.62625,1.208592858,6865.99,0.90926,4.986071507,8.292347379,0.945507123,-3.274939939,-3.24813695
22.99235,25.60837,1.113777844,6219.01,0.9185,5.110386576,8.403277432,0.889909061,-3.228251024,-3.261598032
8.96044,12.77529,1.425743602,3476.67,0.81262,1.359132692,16.49633683,1.054537403,-3.875918179,-3.872232443
10.76357,13.7852,1.280727491,3888.59,0.82266,1.718920749,18.32729252,1.913025733,-3.869476343,-3.880897574
21.67963,23.17665,1.069051916,5023.32,0.87166,3.014330571,10.48057605,0.924689834,-3.46759167,-3.458304663
16.92886,19.23011,1.135936501,5264,0.8838,3.333069343,12.54199556,1.42146735,-3.551734759,-3.608996542
12.2801,20.70202,1.685818519,5845.05,0.8913,3.390765462,12.5705169,1.043072032,-3.522048483,-3.510933332
20.42566,26.67433,1.30592255,6707.43,0.93592,6.551813453,7.636962116,0.997053127,-3.052396954,-3.089496877
25.93199,30.20686,1.164849285,5857.1,0.92284,4.966471848,8.101977426,0.796210256,-3.165906806,-3.210495827
26.41648,28.4355,1.076430319,4378.07,0.90444,3.514804351,8.485042806,0.65721009,-3.2153227,-3.241247426
16.79488,20.10221,1.196924896,5896.91,0.90704,4.251696854,9.624676449,0.947488854,-3.309216255,-3.343846257
16.14437,20.61217,1.276740436,6032.76,0.91346,4.562509365,8.511910102,0.903994804,-3.294505479,-3.270045318
14.52802,20.5416,1.413929772,6275.64,0.91048,4.354155309,11.2284757,1.059674214,-3.380207035,-3.408085076
10.27513,16.38982,1.59509612,4188.25,0.81748,1.836006369,14.57358741,1.167611003,-3.754054977,-3.728882974
20.25991,26.14368,1.290414419,5111.43,0.92336,4.351387141,8.079892098,0.741661453,-3.184071866,-3.20471583
11.20251,15.89263,1.418666888,5231.92,0.85074,2.457110179,11.42305837,0.85673024,-3.588258208,-3.61829936
17.59465,20.9775,1.192265831,5307.57,0.89962,3.784734347,12.56574865,1.382939955,-3.50806646,-3.514507232
20.11797,21.00101,1.043893097,4564.17,0.84596,2.409545212,16.64776113,1.848732505,-3.932473989,-3.922576211
21.41741,27.16284,1.268259794,6660.71,0.93066,6.046977031,8.01353595,0.974677138,-3.153889643,-3.134913148
11.51296,14.2625,1.238821294,5265.17,0.8424,2.232268254,10.40563569,0.847302484,-3.545396599,-3.521562907
18.45586,21.22654,1.150124676,4512.63,0.84928,2.422873054,12.0371086,1.059072629,-3.61849983,-3.632563545
7.62298,11.33433,1.486863405,2827.56,0.73472,1.046693184,15.31960814,1.2868282,-3.871703357,-3.868699898
8.1167,16.32725,2.011562581,4269.87,0.7996,1.766486248,15.27079967,1.662341129,-3.823573727,-3.777280961
17.33791,20.12894,1.160978457,4955.19,0.89924,3.448244127,15.84271189,1.463525743,-3.59029493,-3.63236799
4.60402,8.13943,1.767896317,1755.85,0.63042,0.684562753,18.67413473,2.102838934,-4.301772441,-4.354045243
19.60777,21.52727,1.097894865,3114.42,0.83848,2.02079894,19.08191299,1.180893432,-3.914955129,-3.825414201
13.33408,21.77085,1.632722318,4517.69,0.8629,2.619333101,12.03207361,0.957202471,-3.549729274,-3.48914125
8.26814,11.65453,1.409570955,4258.54,0.80048,1.582070083,12.48858741,1.017480434,-3.678823463,-3.672210726
14.23302,18.95216,1.331562803,4733.33,0.8659,2.592755615,11.40012475,0.983160877,-3.488625435,-3.48181634
17.52124,23.94771,1.366781689,6218.94,0.91786,5.200133706,10.21218152,1.123812012,-3.30529752,-3.246850846
14.26778,20.96083,1.469102411,4701.41,0.86044,2.740429327,11.99279953,0.891249931,-3.521282901,-3.544762464
21.71183,26.60305,1.22527903,6685.26,0.92512,5.715097638,8.730264851,1.036067371,-3.23349659,-3.212747397
19.12065,24.53357,1.283092886,6289.46,0.92084,5.309118164,10.84413757,1.11491001,-3.26617001,-3.266953876
15.55541,22.14898,1.423876323,5091.8,0.90148,3.267735516,5.542690463,0.429417013,-3.157117685,-3.177176284
21.17793,27.57796,1.302202812,6786.01,0.94124,7.20737553,7.622704413,1.001624614,-3.01442637,-3.05751267
8.04915,11.21902,1.393814254,4795.79,0.79458,1.680669069,13.41540441,1.257192386,-3.699761797,-3.733649754
30.01178,33.32975,1.110555589,7105.98,0.94416,7.792220654,6.085794317,0.894975968,-2.939387744,-2.930807979
25.08576,26.62096,1.061198066,5808.78,0.89902,4.134794047,10.54461112,1.064511016,-3.398193819,-3.432716527
18.61709,24.63862,1.323440989,5936.91,0.92496,5.220335922,8.400587342,0.881320087,-3.199265534,-3.2151179
15.96868,18.27186,1.144231082,5516.01,0.8766,3.405713486,12.5080857,1.152406677,-3.571922334,-3.549138599
10.16401,11.32422,1.114148845,4426.92,0.81878,1.639392841,13.76859038,0.955565509,-3.679372661,-3.626300636
23.91174,26.93124,1.126276883,5810.25,0.93056,6.07942927,9.955916049,0.995269947,-3.140968512,-3.127574922
19.47424,25.15462,1.291686864,4633.4,0.92584,4.128532824,7.812469304,0.64427179,-3.116359676,-3.1542675
16.87139,19.63737,1.163944998,5638.5,0.88002,3.448111027,11.2609909,1.087837209,-3.549126466,-3.529456656
18.20157,20.43005,1.122433394,5712.28,0.88244,3.346340391,8.949369529,0.824136236,-3.415228702,-3.365621438
20.14244,21.47194,1.066004913,3078.24,0.8129,1.990036354,21.20616517,1.250555863,-4.076375483,-4.067126314
12.99833,18.05584,1.389089214,4036.46,0.82652,2.056879492,12.88804492,1.026981046,-3.651644477,-3.628879778
16.67501,20.1216,1.20669193,5714.73,0.91038,4.052437124,9.317784912,0.855285725,-3.31570273,-3.276489459
26.60173,29.15437,1.095957669,7045.57,0.9465,8.31364351,7.102603257,1.034850444,-2.964963346,-2.968720357
21.82183,26.45678,1.212399693,5084.41,0.92798,4.640364036,7.655449971,0.70816943,-3.151495734,-3.08333608
20.88353,23.57637,1.128945633,4422.91,0.88808,2.80475249,11.5547847,0.923744798,-3.400552501,-3.44215282
15.56421,20.39982,1.310687789,3959.77,0.84782,2.384189021,11.71213506,0.879119337,-3.587588062,-3.590871511
27.47194,30.81852,1.121818117,7386.28,0.95214,9.389848226,5.787520535,0.991419861,-2.859500182,-2.872400683
17.20288,20.54001,1.193986705,5331.47,0.89526,3.587655637,15.60141435,1.491284136,-3.684862342,-3.643441859
30.50684,33.59403,1.10119665,7342.07,0.94542,7.971030378,5.958068778,0.935332433,-2.932520176,-2.961890806
9.17234,11.10794,1.211025758,4764.55,0.82604,1.750633673,10.3365792,0.739007195,-3.517034909,-3.503471338
19.28218,24.76115,1.284146813,6380.82,0.92346,5.5184654,9.250738686,1.060257078,-3.228891116,-3.251359566
17.4217,20.82765,1.195500439,5441.11,0.90158,3.818021665,10.48047099,0.99652934,-3.393443041,-3.461203424
7.28838,11.26201,1.545200717,2938.33,0.73762,0.955701533,21.41126201,4.175485447,-4.047235971,-4.068575582
15.37754,17.8671,1.161895856,5548.64,0.86986,3.233944784,11.9801488,1.17289602,-3.576663501,-3.580327898
15.93613,19.57737,1.228489602,5341.87,0.88764,3.322316834,9.142491238,0.800075944,-3.365573784,-3.338718066
23.76241,26.96404,1.134735071,5624.99,0.93236,5.930930071,24.81641722,1.899335792,-4.016622738,-3.396054715
20.37345,22.13933,1.086675551,4821.36,0.8488,2.82810782,15.01998424,1.331882435,-3.728400054,-3.75117444
10.98451,14.4927,1.319376103,4971.36,0.86622,2.317298278,8.844653573,0.623735679,-3.37310507,-3.382706605
13.0091,15.02809,1.155198284,3362.83,0.78866,1.445271339,21.5165802,2.665721659,-4.176898263,-4.053319123
11.16287,15.23283,1.364597993,5159.77,0.84938,2.33509739,14.3098975,1.178826432,-3.709781289,-3.670489095
7.71686,10.93969,1.417634893,3632.02,0.78256,1.263724285,40.50970403,4.461553887,-5.199719467,-4.276488956
19.61335,24.32052,1.239998266,5203.52,0.87928,3.615594327,22.40384485,1.252594008,-3.801265394,-3.646916313
19.97947,25.73187,1.287915545,5607.2,0.92996,5.18678818,11.56753457,1.128668052,-3.260325734,-3.256051444
7.01298,9.62498,1.372452224,2138.37,0.67364,0.830406661,19.23689981,1.913541692,-4.395205383,-4.367026436
6.92375,11.21048,1.61913414,2878.93,0.70278,1.079109847,16.6419667,1.638254,-4.075245526,-4.100163168
20.59691,23.5246,1.142142195,5157.27,0.89838,3.920146616,34.55254398,2.089897397,-4.785717343,-3.71580853
20.89156,23.64817,1.1319485,5714.34,0.91632,4.557898926,11.96260204,1.362125887,-3.448670239,-3.415061258
31.89357,33.11669,1.03835005,5538.63,0.91232,4.995400587,11.64985292,1.092179436,-3.325461131,-3.313029375
20.33077,22.76479,1.119720994,4872.45,0.86322,2.620399911,20.63020076,1.536478085,-3.876706827,-3.79682379
6.09937,8.87089,1.45439447,2081.41,0.708,0.657839721,15.37416344,0.948853681,-3.879144436,-3.886362135
12.09647,15.17935,1.254857822,4996.12,0.85088,2.178593009,9.009970994,0.641707309,-3.404026546,-3.437149527
29.55337,36.33889,1.229602242,6336.54,0.9483,8.616913976,6.859500565,0.949459207,-2.851418695,-2.821594082
8.82791,15.80407,1.790239139,3950.59,0.81482,1.647815404,25.26409075,1.90150466,-4.295051132,-4.037639326
23.8242,25.35287,1.064164589,5505.21,0.89286,3.794592389,11.17451452,1.044321969,-3.442713787,-3.422912681
19.73356,25.48727,1.291569793,5853.64,0.9282,5.412150225,10.47226452,1.124797351,-3.229100529,-3.291615738
11.84206,17.76298,1.499990711,4239.52,0.81062,1.856941597,13.30364145,1.159802929,-3.729979322,-3.716447823
22.22522,23.05736,1.037441249,5023.75,0.87234,3.129571896,10.58430927,0.935206809,-3.487275704,-3.476164552
8.45313,10.98979,1.300085294,3740.05,0.77026,1.352125632,18.62865042,1.582479872,-3.993254301,-3.941729517
11.12767,14.13264,1.270044852,4457.3,0.7916,1.843665718,14.59484489,1.418820846,-3.953637691,-3.9286688
20.4184,21.42966,1.049526897,4632.63,0.86162,2.895452269,12.66486978,1.10435244,-3.544856686,-3.545358448
26.65324,30.77288,1.154564323,5521.92,0.91514,4.528736997,8.434385533,0.856383199,-3.182487964,-3.213896048
18.4598,22.95896,1.243727451,4960.9,0.88498,3.540727286,10.08168048,0.86560109,-3.389344928,-3.44515707
10.89923,12.55236,1.151674017,4635.64,0.79122,1.782010973,15.94080361,1.667427162,-3.97748897,-3.941929371
16.50823,18.79516,1.13853272,3061.64,0.85878,1.660097389,10.40199978,0.501903816,-3.541474408,-3.611325151
25.83949,29.8315,1.1544926,6907.32,0.9542,8.919174074,4.719005264,0.815434401,-2.77769359,-2.787687992
23.6878,25.24702,1.065823757,5824.59,0.9228,5.014236345,11.39151119,1.200821997,-3.304093548,-3.28089788
20.48874,24.82877,1.211825129,4854.62,0.89388,3.693596906,16.18388811,1.519176156,-3.602474945,-3.586959539
25.37006,29.91202,1.179028351,6535.66,0.95254,8.185161634,6.535169658,0.964524464,-2.876146134,-2.887567111
19.4709,20.7568,1.066042145,4570.41,0.85862,2.78870513,13.68932237,1.119384633,-3.662101432,-3.626985727
14.87773,22.02325,1.480282946,6457.89,0.9181,4.946233083,11.14261332,1.099584246,-3.356265323,-3.378154637
20.80588,24.99894,1.201532451,5225.01,0.90702,4.225222204,14.08056491,1.35084103,-3.482760707,-3.49767468
13.16842,17.82456,1.353583801,5200.76,0.85792,2.468514869,9.516294618,0.830145185,-3.468123304,-3.454870652
8.90472,15.61753,1.753848521,4169.82,0.80808,1.645546163,25.49432698,1.766053428,-4.238368392,-3.976360989
20.77047,24.17152,1.163744489,5967.38,0.93098,5.300772643,7.541930677,0.790591797,-3.126008244,-3.165881013
19.0847,21.33155,1.117730433,3203.24,0.85182,1.926009334,12.0954217,0.67176456,-3.601860341,-3.591579337
18.27392,21.09779,1.154530063,5207.13,0.9026,3.83419425,17.18351993,1.71811494,-3.653957737,-3.590262356
20.73699,23.85772,1.150490983,4912.85,0.91732,4.015179701,8.768467325,0.753725569,-3.19973088,-3.258802668
14.7941,20.54552,1.38876444,6270.11,0.9053,4.251372433,12.07693602,1.077678366,-3.404142338,-3.393157846
13.77672,16.82038,1.220927768,5829.04,0.85658,2.736109115,9.633911386,0.809098878,-3.497257967,-3.459965833
6.71578,10.53015,1.567971256,1330.13,0.6384,0.585602113,29.85304944,3.97701015,-4.722041241,-4.623451466
10.33318,13.25462,1.282724195,5660.91,0.84304,2.26689469,10.67728678,0.948069944,-3.557623888,-3.469743377
12.34043,19.8323,1.607099591,5138.97,0.87276,2.755246036,21.55288238,1.9228275,-3.933348656,-3.826758995
10.36828,14.83606,1.430908502,2989.8,0.80288,1.272012028,12.38379391,0.686557239,-3.717704789,-3.737848161
19.04645,20.79384,1.091743606,4578.96,0.84864,2.758378594,12.46807188,0.979128751,-3.627225423,-3.65079979
9.70653,16.0781,1.656420987,4119.81,0.8077,1.797765313,14.06789083,1.194080845,-3.882732695,-3.820187119
31.11696,33.71361,1.083448062,5042.78,0.91408,4.734767452,11.10348474,1.068154568,-3.280539822,-3.278315168
9.31748,11.7468,1.260727149,4208.37,0.8079,1.560966373,10.89941783,0.770295209,-3.573804312,-3.614955412
20.07677,21.24863,1.058368951,4930.83,0.84032,2.582961406,19.59848702,1.466744621,-3.820428521,-3.753723196
10.74848,14.81727,1.378545618,5112.5,0.83386,2.117766575,11.25215256,0.938807477,-3.582786553,-3.617916232
20.27748,24.23106,1.194973932,6124.17,0.9266,5.206992858,8.310070035,0.88047388,-3.172601082,-3.288730327
24.90389,27.74886,1.114237976,5678.52,0.89942,4.132509362,9.710331969,0.966833838,-3.355092809,-3.322762334
18.92324,20.5027,1.083466679,3614.44,0.83032,1.898455756,23.11737335,2.957652952,-4.149719471,-4.047372985
5.64774,7.48692,1.325648844,1757.71,0.62616,0.698074987,19.50039183,2.115494038,-4.20768094,-4.259626143
4.18016,7.59478,1.816863469,1066.02,0.55046,0.488685292,24.59261911,3.004921247,-4.620747925,-4.811535184
12.46177,19.6413,1.576124419,4294.13,0.86912,2.179381733,7.399315169,0.428693982,-3.330314528,-3.370937134
11.18938,14.61923,1.306527261,4966.56,0.84586,2.107652593,9.848034926,0.782051271,-3.421944098,-3.430045861
17.39449,20.17213,1.15968505,5143.48,0.8962,3.576388335,17.09630019,1.717468394,-3.74571234,-3.682816959
12.75201,19.40639,1.521829892,5966.28,0.893,3.394004812,12.80173073,1.073147292,-3.567304449,-3.5124759
18.12398,21.25654,1.172840623,5532.41,0.90656,4.011416182,9.567580859,0.988909278,-3.327903295,-3.36309931
18.35142,20.0972,1.095130513,3139.75,0.83054,1.77446854,21.34404175,1.886105516,-4.056010056,-3.93238084
13.79739,16.86928,1.222642833,6039.4,0.8762,3.028124719,8.831043609,0.766209,-3.390343446,-3.40786522
29.01843,34.14523,1.176673928,6774.37,0.93272,6.523840499,8.402180887,1.073902576,-3.146750765,-3.074802853
20.11574,23.93186,1.189708159,5488.45,0.8913,4.0573944,13.05269229,1.12045062,-3.481659005,-3.462203065
7.73965,11.89444,1.536818848,5145.26,0.82258,1.844362182,11.89126096,1.019272996,-3.617067074,-3.566565792
6.11719,9.57919,1.565946129,2261.35,0.68696,0.8442548,17.07482121,1.503521787,-4.224600512,-4.235588482
18.71949,25.58452,1.366731679,5986.74,0.92556,5.218715112,8.887439587,0.984025597,-3.212241144,-3.217415843
16.62623,19.9341,1.198954904,5522.17,0.89372,3.756041388,10.69245819,0.992157784,-3.408902118,-3.394686826
20.5596,24.15256,1.174758264,6059.22,0.92922,5.509263926,8.182990985,0.906880123,-3.098427527,-3.13263466
7.19557,9.93028,1.380054673,3546.51,0.76006,1.134926086,12.34991131,1.003391884,-3.592926571,-3.628745578
15.06432,16.24985,1.078697877,4434.26,0.8366,2.197640544,12.33980201,0.91708175,-3.639874397,-3.660280985
11.17877,14.4303,1.290866526,3626.72,0.80558,1.564752568,19.39731026,2.095438332,-3.899736772,-3.88272822
17.13968,20.62656,1.203439037,5811.06,0.906,4.165976935,9.019087043,0.910391051,-3.311152354,-3.320270228
28.50555,31.69252,1.111801737,5154.63,0.90436,4.242276408,12.10191924,1.151009138,-3.418953654,-3.393962889
7.32594,9.98914,1.363530141,3819.35,0.75958,1.330640217,14.07650388,1.161316396,-3.838571425,-3.834870621
8.76536,12.11424,1.382058467,2486.97,0.76622,0.913274556,13.02590408,0.667955898,-3.809369198,-3.777493561
21.4654,23.86692,1.111878651,3964.01,0.87132,2.466567776,12.45296073,1.080317915,-3.593167685,-3.578278499
15.16328,20.60925,1.359155143,4712.31,0.87732,2.944026846,12.33200309,1.022545862,-3.525331606,-3.545320431
20.67058,23.33222,1.12876465,6365.06,0.91694,5.138415673,8.692980191,0.962089342,-3.260862211,-3.210694728
8.96308,15.88859,1.772670778,4432.85,0.82568,1.859811379,17.36902986,1.372156813,-3.899655817,-3.873437649
16.3805,19.96396,1.218763774,5302.15,0.89144,3.518902297,12.37445776,1.267519594,-3.52771077,-3.551959037
10.27695,15.10836,1.470120999,3938.58,0.82492,1.61319467,8.739219727,0.456561637,-3.459897068,-3.514376589
11.78526,14.19441,1.204420607,4174.36,0.85066,2.042528465,13.43121074,0.905520833,-3.650489495,-3.666547102
20.4903,23.5243,1.148070062,6472.42,0.91108,4.876649271,9.325559713,1.062593673,-3.322190884,-3.333785255
19.44859,22.07278,1.134929576,3194.78,0.85572,1.956996034,11.2478705,0.634911129,-3.624287375,-3.578697933
20.04354,26.99004,1.346570516,6700.45,0.91886,5.416145993,9.103379097,1.050716018,-3.240467747,-3.326447326
8.2883,11.04614,1.332738921,4398.43,0.7948,1.544533599,14.10902777,1.302770423,-3.77189929,-3.727106575
10.45199,14.77118,1.413240923,3105.55,0.80742,1.214693303,11.51122641,0.662630942,-3.630186136,-3.607653435
4.76695,8.95998,1.879604359,1256.36,0.62578,0.52143988,18.94655909,2.286915344,-3.803332009,-4.068130676
11.77284,14.36093,1.219835656,5292.91,0.86318,2.707378656,10.92449739,0.834023004,-3.520159401,-3.519551019
15.36812,20.44846,1.330576544,6014.9,0.89348,3.661218084,8.607824712,0.801774259,-3.329423006,-3.339434037
8.5844,11.82717,1.377751503,4204.43,0.79442,1.508087924,16.20957199,1.630193578,-3.848041169,-3.85062392
21.30924,24.17639,1.134549613,5879.35,0.90894,4.510152234,9.403710971,0.900588674,-3.312308243,-3.277398453
16.5865,21.59321,1.30185452,3706.5,0.83142,1.673240865,34.13884625,3.796465676,-4.936434207,-4.263331071
26.1844,29.53452,1.127943356,4857.39,0.87942,2.780994545,8.375389537,0.647463544,-3.350325582,-3.277046443
6.40366,10.56635,1.650048566,3110.9,0.72012,1.000689249,18.97130921,1.818636825,-4.116228375,-4.076160957
19.06215,21.40567,1.122941011,3519.58,0.80502,1.418627437,11.7982226,0.860811633,-3.639938101,-3.675313175
10.16501,18.19793,1.790252051,5426.31,0.85904,2.537814332,14.36880268,1.42817077,-3.694578067,-3.693426966
11.1959,19.36366,1.729531346,5103.38,0.86268,2.644229885,12.9321973,1.047526585,-3.544199094,-3.533072322
33.2727,36.41606,1.094472646,7280.35,0.95314,9.625343351,5.681780865,0.981342938,-2.825796591,-2.860889555
23.3839,28.7604,1.229923152,6800.13,0.94982,8.155411497,6.740646585,0.975368313,-2.943168855,-2.936063339
8.94389,13.11282,1.466120446,4470.28,0.82408,1.862121483,27.60429736,2.195136058,-4.283021005,-4.092001918
16.86337,22.24239,1.318976575,5578.49,0.91206,4.27420602,8.985430666,0.914498384,-3.272730915,-3.322397666
9.22187,13.52432,1.466548542,3636.1,0.7911,1.42267029,22.9108011,2.555715316,-4.098263555,-3.958640925
8.05896,10.76511,1.335793949,4148.72,0.79336,1.464201477,12.14428128,1.032293945,-3.616160155,-3.610753722
12.5219,15.64711,1.249579537,4467.96,0.83914,2.252168592,11.84655729,0.89961627,-3.619921888,-3.629538102
24.79923,28.4702,1.14802758,6584.2,0.93374,6.219211659,6.853026513,0.850264621,-3.050403553,-3.086802345
18.02677,21.60324,1.198397716,5713.61,0.9162,4.393085757,7.623000915,0.768583547,-3.168229352,-3.283300003
17.19999,21.22135,1.233800136,5455.17,0.89548,3.593808318,10.14445533,0.971979959,-3.418881954,-3.431702216
31.82826,33.00797,1.03706486,5105.61,0.91118,4.374069914,9.446418959,0.882085276,-3.226170331,-3.259421462
20.54813,26.75375,1.302004124,6017.68,0.9327,5.800373134,8.646322369,0.963924891,-3.06623818,-3.108162769
8.78188,16.78847,1.911717081,3927.49,0.80842,1.603941106,41.86912502,3.496515369,-4.892223787,-4.093838011
23.18906,25.51349,1.100238216,6432.24,0.93592,6.290757308,7.544239133,0.954878486,-3.061813234,-3.126234765
15.09269,17.69212,1.17223106,6083.39,0.86742,2.903663137,9.530353237,0.893657331,-3.427087759,-3.46427235
10.77023,14.87717,1.381323333,3935.1,0.82888,1.646239615,8.918049241,0.561285221,-3.43587391,-3.485476713
29.56243,34.05615,1.152007802,6491.98,0.9339,6.34542082,9.604933865,1.109967441,-3.126761928,-3.097800782
11.05406,14.34607,1.297810035,5137.86,0.8474,2.41499497,17.23352233,1.38634078,-3.864094241,-3.799532022
11.26667,14.18891,1.259370337,2701.63,0.78602,1.140900534,14.56487436,0.735132541,-3.883610456,-3.863342309
22.78873,24.7238,1.084913464,4272.93,0.89024,2.666946271,8.10406146,0.562515402,-3.294258506,-3.295919926
11.01327,17.17384,1.559377006,4188.61,0.82104,1.976447479,14.29195557,1.068778491,-3.726364385,-3.739052915
20.3586,24.04343,1.180996237,4986.13,0.87902,3.002609717,9.967004352,0.85578596,-3.474317601,-3.461592235
13.86624,18.63404,1.343842311,3422.2,0.82624,1.727267216,13.74743104,1.032461979,-3.697125159,-3.640625258
11.10563,15.1411,1.363371551,3739.25,0.80882,1.738463192,16.51266228,1.053552446,-3.815015225,-3.760986534
8.92553,12.51792,1.402484782,3377.53,0.80584,1.324455854,19.84213046,1.184085758,-4.014447918,-3.918241409
10.54429,13.38695,1.269592358,5175.91,0.834,2.30008053,16.51561712,1.515643495,-3.863035347,-3.836203451
10.89202,14.13126,1.297395708,5683.59,0.85702,2.349293721,9.560505656,0.802212543,-3.41776106,-3.450152536
11.07547,15.57526,1.406284338,5817.86,0.87124,2.927248842,9.32673631,0.85795124,-3.466407435,-3.468892905
10.63859,16.12447,1.51565856,4449.02,0.83276,2.077998558,13.90526331,1.054728285,-3.719948492,-3.717609385
16.73046,20.16603,1.205348209,5942.09,0.89872,3.956121353,9.614648955,0.982348089,-3.387687892,-3.37811982
11.53246,15.67282,1.359017937,5127.36,0.85994,2.3935692,15.11084737,1.237704059,-3.677500873,-3.657409941
9.64064,14.5743,1.511756481,4764.78,0.81582,2.069353869,12.85678757,0.997974338,-3.656789015,-3.687650624
22.11137,23.76905,1.074969574,6505.31,0.90182,4.20888055,7.709360996,0.763898071,-3.305193729,-3.215895592
19.70344,20.69166,1.050154694,4291.17,0.83688,2.569031517,13.19928097,1.141402592,-3.688801141,-3.666024177
9.25424,14.46377,1.562934395,5028.54,0.83012,2.166187826,10.88433661,0.837189103,-3.60646132,-3.592403484
14.6887,17.36878,1.182458625,5548.5,0.87192,3.069254652,15.8459266,1.420793638,-3.763522683,-3.766443186
19.06597,23.90483,1.253795637,6013.97,0.92418,5.08601618,9.03542891,0.910855341,-3.190524896,-3.206442448
16.53238,19.19297,1.160932062,5313.69,0.88258,3.416972198,11.30813936,1.072732804,-3.530274411,-3.467599863
12.54454,15.84164,1.262831479,5376.85,0.8577,2.339422141,10.38496016,0.924643321,-3.474646975,-3.452341222
20.99161,23.84146,1.135761383,6158.8,0.92192,5.1512544,8.478300961,0.912049479,-3.235959232,-3.161253088
16.73827,20.13518,1.202942717,4118.62,0.88992,2.726846532,13.01261963,1.012369331,-3.554131571,-3.535385696
14.36227,18.10371,1.260504781,3738.17,0.87134,2.114128074,18.44082137,1.03590429,-3.79708846,-3.719113395
11.97743,14.61113,1.219888574,5041.39,0.8353,2.191853432,12.08738623,0.908355853,-3.663270797,-3.579392482
12.80502,16.95411,1.324020579,5851.52,0.86246,2.636968187,11.22506874,0.963923973,-3.50869904,-3.512627017
10.62707,16.0728,1.512439459,5279.82,0.85022,2.317578784,13.23298068,1.072060616,-3.646835951,-3.698137615
11.84554,14.7072,1.24158122,3586.09,0.80572,1.70600379,12.78754104,0.9122921,-3.706354567,-3.707719069
11.04371,13.68137,1.238838217,5098.26,0.80782,1.88799454,12.82506793,1.209089095,-3.784427603,-3.781940604
17.5167,23.51143,1.342229415,5699.75,0.92164,4.798458895,13.55781889,1.516300483,-3.487735842,-3.455642334
25.24992,27.4649,1.087722258,5058.89,0.89364,3.633465747,11.15718523,1.046092434,-3.430842932,-3.435635195
27.67103,31.87501,1.151927124,5530.73,0.91944,4.760238157,10.00978575,0.90474104,-3.274747705,-3.23514703
15.5503,19.11992,1.229553128,4277.25,0.86532,2.393083918,12.14866662,0.903455536,-3.541559632,-3.623191321
22.4117,25.46733,1.13634084,6150.26,0.93698,5.971829191,7.310688056,0.831263413,-3.051471577,-3.12076811
16.95526,20.74545,1.223540659,5465.34,0.90304,3.835102159,9.400665214,0.902151792,-3.38112042,-3.377636557
11.56884,15.07776,1.303307851,4782.99,0.82988,1.985506102,11.23848872,1.021016811,-3.554027304,-3.591296604
10.31385,12.96127,1.256685913,2725.19,0.76902,1.19695741,14.94400697,0.972872981,-3.969879219,-3.965393379
19.30967,20.84028,1.079266502,4691.65,0.88566,2.87287047,14.23045593,1.418920934,-3.618392996,-3.616432158
15.72,18.71053,1.190237277,5939.2,0.86718,2.824000651,11.05678795,0.996429903,-3.52804035,-3.514243684
13.30814,18.3911,1.381943683,5383.9,0.89128,3.057994435,8.012278824,0.632547178,-3.294697332,-3.329841467
21.7488,24.34472,1.119359229,6405.94,0.92634,5.569189517,8.439883949,0.968692613,-3.189652632,-3.282959361
14.88775,17.31506,1.163040755,5264.91,0.8706,2.611653747,9.472750823,0.788687167,-3.398255578,-3.399266462
16.91424,19.25851,1.138597419,5600.81,0.8886,3.689433257,12.51033155,1.138135316,-3.467745557,-3.538186279
11.14905,14.17996,1.271853656,5078.16,0.8325,2.042528761,20.97089802,2.28814555,-3.908354186,-3.92580591
5.83076,9.35338,1.604144228,2352.77,0.69466,0.805271254,39.34326494,5.468221696,-5.123480599,-4.431372375
8.38381,11.04706,1.317665835,4514.51,0.81322,1.62734806,11.01105122,0.86767486,-3.546507747,-3.579898645
24.65837,27.1806,1.102286972,4925.53,0.90814,3.708722322,12.05802267,1.04291649,-3.389167802,-3.408016715
10.25917,15.95468,1.555162845,3767.67,0.80522,1.56055529,14.46428219,1.272847505,-3.742782689,-3.767759864
9.68307,13.39344,1.383181161,5247.94,0.83202,2.081647665,11.63012368,0.99450452,-3.633271171,-3.579550476
18.11718,21.45871,1.184439852,5946.74,0.89174,3.56217244,7.373350577,0.713052503,-3.243284064,-3.287084703
16.76438,20.93479,1.248766134,5637.45,0.90694,4.25092922,9.46988759,0.91422787,-3.345614567,-3.382057321
6.38304,9.72569,1.523676806,2175.19,0.68988,0.746038818,37.12062402,3.687159651,-4.774955265,-4.281238326
15.55386,20.72575,1.332514887,4764.46,0.85054,2.415757782,11.00496778,0.918799932,-3.524777532,-3.578376571
27.3679,30.13045,1.100941249,6807.82,0.95132,8.500379752,6.358434106,0.957596084,-2.869573203,-2.889993382
25.92741,29.18289,1.125561327,6018.84,0.9341,5.785512991,5.371996538,0.65164853,-2.993446975,-2.992209727
16.38831,20.21324,1.233393803,5792.21,0.89344,3.77383356,10.66939444,1.051205253,-3.449985601,-3.414189936
20.33516,25.27402,1.242872935,4685.01,0.92748,4.244662594,7.612640873,0.654087648,-3.13744752,-3.202658711
17.64501,20.51841,1.162844906,5255.85,0.90786,3.852610674,17.22074253,1.328994327,-3.51319285,-3.514648734
16.28883,20.32512,1.247794961,5252.04,0.88928,3.407934269,12.10360278,1.332281471,-3.518426441,-3.552293446
11.82316,16.19276,1.369579706,3843.4,0.81014,1.674569545,14.04231704,1.043407701,-3.744519431,-3.714074455
17.01606,20.45246,1.201950393,5418.4,0.89996,3.709186828,10.78432833,1.175145776,-3.457674432,-3.452051537
16.79021,20.22359,1.20448702,5518.83,0.90266,3.84819689,9.812127388,0.991767924,-3.399798404,-3.399284479
11.49316,15.75483,1.370800546,4963.78,0.85928,2.451912239,10.08723226,0.858623967,-3.483303792,-3.497911663
8.1071,10.88288,1.34238877,3316.09,0.75128,1.276072453,15.46054247,1.227563092,-3.87140881,-3.866475271
19.34376,25.03638,1.29428715,6000.16,0.92626,5.271196954,8.487626881,0.894517269,-3.168716058,-3.140763126
15.84065,19.10552,1.206107073,5936.16,0.8969,4.061568837,12.21152227,1.161338267,-3.445626616,-3.58711907
19.33419,20.48935,1.059747008,2474.68,0.8245,1.588644228,28.28178961,2.626553086,-4.479857864,-4.340555643
17.63551,20.64173,1.170464024,4107.15,0.85174,2.425828722,14.19563723,1.085387964,-3.718830918,-3.686894054
18.78353,20.90916,1.113164565,4618.55,0.90308,3.257664573,9.576907228,0.747737738,-3.364986922,-3.369006779
21.16985,22.36524,1.056466626,5203.22,0.86866,3.179563764,12.1029595,1.114540061,-3.570644773,-3.543355998
11.15457,16.01991,1.43617459,4909.58,0.8594,2.452555578,10.85968326,0.824215353,-3.532245061,-3.550259859
8.31981,12.25376,1.472841327,3507.39,0.77862,1.249819418,15.36556982,1.45906077,-3.810174131,-3.762428016
17.84585,19.62854,1.099893813,4847.7,0.86376,2.747144752,10.68485684,0.926081504,-3.519312814,-3.500834723
18.19119,22.42794,1.232901201,4500.62,0.9145,3.582691818,9.168474468,0.765987779,-3.270673134,-3.287253419
16.44082,19.85851,1.207878318,5955.12,0.89506,3.808441835,9.673350053,0.975458958,-3.393901726,-3.463855231
21.75248,22.52642,1.035579391,4682.83,0.85682,2.805695088,11.31194395,0.955520543,-3.574158527,-3.558795961
17.45527,20.80222,1.191744384,5162.72,0.90358,3.687750488,9.982619122,1.008890723,-3.347270064,-3.39174471
12.31921,16.12656,1.309057967,5336.61,0.88812,2.96067633,8.169258415,0.653807554,-3.323212044,-3.331495856
17.61194,20.99735,1.192222435,6103,0.9058,4.360006161,8.252371114,0.799257905,-3.25562311,-3.271694457
15.73234,19.02663,1.209396059,6347.27,0.89814,3.783920424,8.307140658,0.791349593,-3.341935377,-3.35224884
10.29717,14.73053,1.430541595,4613.97,0.80882,1.847988009,12.90333637,1.066646665,-3.72313992,-3.719797147
19.59995,21.26295,1.084847155,2837.33,0.84036,1.561815837,12.44584501,0.689241702,-3.597066802,-3.560875957
18.62111,21.61718,1.160896423,4742.87,0.8558,2.869905231,14.89109741,1.4554814,-3.747671876,-3.721027418
17.04338,20.1798,1.184025704,4171.88,0.8849,2.688840204,10.00720123,0.728009509,-3.437688152,-3.404103513
9.91482,16.26449,1.640422116,3652.18,0.80184,1.603484375,23.27556325,2.372381607,-4.20673486,-4.04302579
17.98444,21.33983,1.186571837,5020.44,0.88298,3.28674218,10.81203943,0.856769394,-3.465153071,-3.411007595
19.50205,20.61703,1.057172451,3500.47,0.84392,2.046089876,18.4437641,1.722012297,-3.954153948,-3.859248487
16.09202,22.68939,1.409977741,5944.16,0.91986,4.659075944,8.901861666,0.904226538,-3.27003097,-3.22908682
7.3369,11.81286,1.61006147,3189.13,0.76016,1.097203298,12.97943328,0.98925925,-3.829834828,-3.768253164
12.27745,13.53398,1.102344542,3463.83,0.77654,1.418742144,20.70410903,3.688353523,-4.14175851,-4.176781962
6.49868,11.13066,1.712757052,2545.44,0.68882,1.0220776,18.1786743,1.474538773,-4.30049104,-4.276755011
27.85461,31.94456,1.146832068,5815.68,0.92828,5.375288082,9.621223669,1.009495288,-3.194703546,-3.188926096
17.6428,24.66179,1.397838778,6342.95,0.9304,5.64587088,8.27128671,0.977762951,-3.11232207,-3.13397849
6.503,9.78296,1.504376442,3008.15,0.7197,0.968956241,16.95010565,1.850436212,-3.965532114,-3.946823055
9.03513,14.44105,1.598322326,4431.06,0.82658,1.783417227,18.83177265,1.729966962,-3.940736505,-3.921923647
13.82912,16.65844,1.204591471,4621.74,0.83496,2.01084221,16.33062873,2.071421778,-3.792464994,-3.786628311
21.5107,26.82135,1.246884109,5951.21,0.92584,5.312797677,10.89297758,1.252994955,-3.318860384,-3.282597519
17.4532,19.5692,1.121238512,3741.66,0.82998,1.90049414,14.35453168,1.12955804,-3.735015423,-3.801823788
11.99493,16.81484,1.401828939,5933.82,0.87492,2.992632321,16.27557667,1.335575785,-3.684038548,-3.630978876
14.72279,17.24905,1.171588401,4339.66,0.88566,2.484528852,7.190128534,0.449734048,-3.307793389,-3.31345156
31.37653,32.92112,1.04922756,5985.05,0.91516,5.025010844,9.265871804,0.991026315,-3.1998587,-3.30139425
20.04564,22.01303,1.098145532,5498.13,0.87024,2.932777046,12.3534482,1.31328484,-3.572562751,-3.55599133
16.71263,19.96758,1.194759891,4402.2,0.88764,2.857014111,10.94482225,0.829174725,-3.468455675,-3.425189175
9.15679,12.96069,1.415418504,5024.91,0.81904,1.983512705,18.12846555,1.697363898,-3.926914223,-3.938138645
19.59617,23.50089,1.199259345,4642.73,0.86606,2.730396731,16.07981393,1.124456928,-3.665063582,-3.716491236
8.89539,13.72689,1.543146506,4375.15,0.80286,1.666348421,15.66592706,1.503945932,-3.807803754,-3.807056884
19.12146,24.57859,1.285392956,5949.63,0.93024,5.380064197,7.970796298,0.826216375,-3.118982301,-3.104963378
8.1148,12.24502,1.508973727,4976.71,0.82262,1.810909219,14.94147051,1.200246399,-3.737965252,-3.723633577
21.8767,25.55813,1.168280865,6222.48,0.93624,6.076600053,7.423999224,0.898136187,-3.048647486,-3.058153122
20.52056,21.53778,1.049570772,5054.2,0.87142,3.095179743,10.78786753,0.932098636,-3.485644505,-3.515343341
10.6425,14.28319,1.342089735,4396.28,0.81506,1.765972752,11.49977663,0.835950718,-3.631312479,-3.660992419
28.83607,30.84377,1.069624606,5290.58,0.90654,4.296805384,9.271431458,0.84580277,-3.241319934,-3.225054001
10.62931,16.435,1.546196319,5485.51,0.86076,2.590286576,14.35319497,1.291896934,-3.638836395,-3.64978421
21.20763,21.97378,1.036126149,4538.44,0.86662,2.92675184,11.62252291,0.99126481,-3.531069958,-3.518917416
15.8586,21.66851,1.366357055,4292.84,0.84392,1.989195101,26.14169848,3.074518456,-4.339110655,-4.065891981
22.26421,27.20176,1.221770725,6610.5,0.9242,5.843523565,8.167548794,0.956694168,-3.15253871,-3.209371288
17.6251,23.68141,1.343618476,4689.76,0.886,3.013093011,10.97066506,0.842693615,-3.415609273,-3.375668224
17.08665,23.22498,1.359247132,5926.17,0.91658,4.772810114,8.723560197,0.914988655,-3.298494155,-3.264915619
8.95367,12.66518,1.414523877,4267.62,0.80048,1.530165369,12.05281818,1.036075982,-3.650607724,-3.701306253
23.20719,25.28223,1.089413669,4672.62,0.89548,3.406304562,11.98127982,1.055388835,-3.430949555,-3.393680457
9.67697,16.51791,1.706929958,4345.48,0.84102,1.923456926,19.4305646,1.798199894,-4.007362678,-3.876858476
6.01879,9.40682,1.562908824,1893.61,0.64688,0.765848426,19.10007636,1.91030776,-4.32891807,-4.321286957
5.2784,7.99484,1.514633222,1736.66,0.62816,0.728395191,21.98974872,2.475234966,-4.351710864,-4.281744217
22.49879,27.21202,1.209488155,5994.06,0.92472,5.239741163,14.82504267,1.563126932,-3.434109321,-3.336943353
17.10893,19.68904,1.150804872,5364.05,0.88924,3.523012254,11.48895143,1.068348928,-3.512034711,-3.485882913
10.10342,13.75218,1.361141079,5341.88,0.84616,2.29777435,10.46904197,0.89180526,-3.554099199,-3.521112803
7.79685,10.18404,1.306173647,1513.53,0.70038,0.545123403,18.10304522,0.676185683,-4.115877924,-3.999111541
9.12713,11.3522,1.243786382,2032.26,0.70164,0.901346933,22.16182058,1.920281775,-4.35749023,-4.196871831
7.01872,9.58942,1.366263364,2759.02,0.7284,0.915982153,13.71087203,0.998226517,-3.805521258,-3.813864746
19.88142,21.96893,1.104998033,5101.48,0.8618,3.05134315,13.75453491,1.312901696,-3.680280699,-3.700649196
7.09957,11.41445,1.607766386,2679.6,0.74964,0.929192516,26.53624579,1.862436177,-4.385614146,-4.083641874
14.22252,16.84734,1.184553792,4659.1,0.83922,2.071815635,13.17932423,1.196657247,-3.697098733,-3.688656858
18.11027,20.71688,1.143929936,3357.07,0.84998,1.855652998,11.05201412,0.631829194,-3.543801713,-3.571941611
4.44571,8.56032,1.925523707,909.271,0.62878,0.387762402,18.68045017,1.094069688,-4.418476178,-4.454401676
17.30971,19.55109,1.12948686,4988.07,0.88456,3.187442796,18.0249085,1.741752032,-3.808028179,-3.727176099
18.77134,21.03291,1.120479944,5422.71,0.89192,3.382289925,9.986586386,0.886415653,-3.408633887,-3.381984278
5.45965,8.37697,1.534341945,1864.4,0.64574,0.71791565,19.01726712,1.764866779,-4.139352001,-4.176880219
15.75071,20.76882,1.318595797,5793.41,0.89994,4.021790621,9.959081718,0.95414779,-3.395219213,-3.420594086
19.37631,24.70018,1.27476181,6363.09,0.9323,5.93077476,7.973929767,0.98023197,-3.119795645,-3.163376504
24.62855,28.4663,1.155825252,6386.46,0.93778,7.230489291,7.812275901,0.964702847,-3.001695067,-3.065321417
20.14191,23.96734,1.189923895,4685.46,0.86662,2.964830653,13.63921078,1.194170343,-3.652483965,-3.704041875
17.41687,20.87718,1.198675767,5483.24,0.90424,3.859342123,10.49746709,1.130303934,-3.392732143,-3.431208935
22.8915,28.96873,1.265479763,6379.8,0.95138,7.884081511,5.056595743,0.78889835,-2.813598373,-2.82261979
16.20664,20.12374,1.24169723,5920.03,0.9211,4.612742005,6.707285154,0.713889364,-3.103260328,-3.088925131
12.68051,15.05685,1.18740098,2754.5,0.80822,1.237037978,12.26285803,0.600845027,-3.734320018,-3.743562214
21.86535,27.56884,1.260846042,6354.35,0.93202,6.081775945,9.832013928,1.125555171,-3.193923485,-3.177727666
14.3181,21.20131,1.480734874,5970.51,0.91416,4.312624721,11.48689279,0.994622039,-3.381119723,-3.325547405
12.34569,16.64567,1.34829807,2966.16,0.79608,1.311630988,14.35187735,1.139413572,-3.685477487,-3.716744593
9.92741,13.13681,1.323286738,3664.87,0.77808,1.491600545,15.68243209,1.163526996,-3.909184005,-3.940991823
13.04596,19.03645,1.459183533,6007.56,0.88362,3.339948065,12.32035227,1.107684457,-3.554203769,-3.558160154
11.18427,16.30665,1.4579986,4521.77,0.85322,2.196767234,11.02301922,0.847672511,-3.485058404,-3.500067659
6.36904,10.21541,1.60391676,3090.27,0.72496,1.020912253,15.42889228,1.54302295,-3.916379765,-3.954267831
17.69292,23.84922,1.34795274,6042.3,0.9278,5.242933511,8.159043769,0.844163805,-3.144660489,-3.149944366
17.1766,20.0995,1.170167554,5576.18,0.90088,3.894434238,9.315271471,0.93650441,-3.31820739,-3.382349448
16.92264,20.12635,1.189315024,4986.21,0.88452,3.226267681,12.93499341,1.304818245,-3.589805653,-3.612562735
6.7941,9.84871,1.449597445,3321.4,0.73764,1.069886983,21.5066007,2.835824509,-4.19013047,-4.114923357
11.68133,15.50661,1.32746956,4261.7,0.8533,2.17077179,16.0418935,1.440068225,-3.784010682,-3.710113926
27.49809,31.2586,1.136755316,6250.68,0.93518,6.205903432,6.967376742,0.843220148,-3.084709357,-3.147410185
14.46799,18.10476,1.251366638,5472.53,0.8729,2.636881297,8.798624706,0.717695341,-3.338013497,-3.42600469
21.17766,23.91387,1.12920266,5975.8,0.90346,4.379159416,10.65445413,1.051965992,-3.409692598,-3.401943851
10.71898,14.11047,1.316400441,4899.21,0.8315,1.848969336,11.13839619,0.889016092,-3.601265051,-3.558422209
15.18639,21.56166,1.419801546,6431.2,0.9133,4.774576023,10.63483989,1.06682516,-3.342417009,-3.4126301
15.16868,16.5181,1.088960938,2782.24,0.77792,1.480170713,17.96462976,1.69066836,-4.070579446,-4.028621553
18.18814,25.53851,1.404129834,6183.32,0.93098,5.73539015,9.365377284,1.141674995,-3.199633161,-3.219609792
23.89419,26.34754,1.102675588,4221.05,0.87112,2.852091464,16.46750967,1.13886794,-3.605973213,-3.611119623
20.98502,24.86973,1.185118241,5137.74,0.90432,4.121486127,13.13228853,1.352389076,-3.469907475,-3.436008047
20.19527,24.14368,1.195511622,5107.82,0.90018,4.056765332,8.652121974,0.804626523,-3.23582356,-3.283409634
8.45805,12.57373,1.486599157,4519.75,0.8015,1.679075555,14.58135035,1.322048271,-3.800711034,-3.791699316
11.05204,14.11703,1.277323462,3034.68,0.80854,1.226325951,11.56037928,0.635883632,-3.594596922,-3.590685078
15.45091,25.60278,1.657040265,3279.08,0.80244,1.725065299,16.24604054,1.164743464,-4.110593278,-4.10118908
18.86189,23.08752,1.224030042,6768.27,0.92418,5.664117085,8.006400476,0.921227657,-3.187588597,-3.224405536
11.29634,14.41978,1.276500176,3891.76,0.8046,1.731242187,14.51005948,1.204008313,-3.763581324,-3.727396954
19.46122,23.51128,1.208109255,5008.86,0.87978,3.003964176,11.59413435,1.005555859,-3.510095966,-3.474291167
20.3245,22.91711,1.127560826,6012.55,0.93122,5.307609005,6.918040966,0.759991826,-3.076902583,-3.087081118
10.52984,13.33282,1.266193978,4629.04,0.8242,1.81355701,11.28903253,0.888683705,-3.60296521,-3.609686714
8.97315,12.7159,1.417105476,3182.93,0.81894,1.282037634,16.30157047,0.773085044,-3.826426265,-3.741220478
22.23499,25.71608,1.156559099,5432.63,0.91352,4.276258508,9.803611797,0.954129867,-3.311515878,-3.338165902
11.7527,15.59677,1.327079735,5512.66,0.85964,2.63759596,16.02861474,1.321345223,-3.749220657,-3.683304715
8.44438,11.80497,1.397967642,4412.12,0.80528,1.615879475,15.52624354,1.490632634,-3.768484745,-3.765457857
16.36142,21.83661,1.33464027,4184.86,0.91188,3.200702001,8.573214008,0.566891145,-3.2800534,-3.273629307
20.81322,22.05183,1.059510734,4526.07,0.8758,2.817218552,10.61295142,0.864026834,-3.530379293,-3.432743013
21.54003,26.94123,1.25075174,6479.63,0.92718,5.892019674,7.940977506,0.922880238,-3.131169103,-3.108340587
24.60174,28.5035,1.158596912,6931.97,0.93012,6.177531299,6.296880048,0.81815077,-3.053782047,-3.053571158
15.76066,18.3773,1.166023504,5829.39,0.86904,2.742420035,9.805127559,0.907278999,-3.419487199,-3.43551048
21.52851,24.72866,1.148647073,5445.69,0.88476,3.30969161,11.06421157,1.017789726,-3.460132015,-3.449333946
11.35704,15.42623,1.358296704,5207.35,0.85006,2.465757398,18.3150234,1.457688692,-3.852597766,-3.765036265
5.38882,8.91146,1.65369413,1064.82,0.63208,0.410119322,24.50606739,1.005427944,-4.433461445,-4.341423126
9.29167,10.48038,1.127932869,3062.37,0.76278,1.169292841,12.84854678,0.842235715,-3.753264082,-3.764332779
16.37018,20.29835,1.239958876,5724.88,0.90536,3.755901265,7.570840176,0.692907933,-3.197530774,-3.234457164
24.30297,27.03611,1.112461152,5640.51,0.93188,5.99630652,24.81131077,1.382974531,-3.555511621,-3.274168526
10.14368,14.04068,1.3841801,4694.05,0.8132,1.898966217,12.09205085,0.967144403,-3.671795271,-3.659983305
8.46703,13.18305,1.556986334,4855.76,0.79474,1.836288144,19.5982873,1.961551619,-4.084769068,-3.97928241
16.51647,20.1183,1.218075049,5623.49,0.89954,3.337488777,7.528231449,0.642509525,-3.204504196,-3.265392433
24.07936,30.32071,1.259199165,6346.56,0.9405,6.620721697,7.714525502,0.998997099,-3.023167059,-3.039899888
21.7191,22.96283,1.057264343,5070.89,0.8732,3.196485769,11.52468769,1.013956946,-3.540078363,-3.498412532
9.05126,16.36312,1.80782786,4046.06,0.82152,1.723395016,17.26358351,1.647626788,-3.8409797,-3.846926252
20.7914,22.66609,1.090166607,6049.08,0.88312,3.310826769,9.691501291,0.959690543,-3.433270013,-3.428563557
8.50338,16.34146,1.921760523,3863.56,0.79936,1.565503154,19.87852058,1.305128742,-4.106682157,-4.01359418
23.2354,26.84866,1.155506684,6140.07,0.9316,6.395847779,10.08515304,1.043597782,-3.176575958,-3.194512189
13.79169,18.69696,1.355668522,5874.14,0.8821,3.234595245,9.33881153,0.791817741,-3.422923574,-3.445768541
14.14505,20.09929,1.420941601,4501.09,0.83638,2.231757137,14.53427483,1.258838589,-3.728721827,-3.729526311
10.6772,15.57478,1.458695164,4316.28,0.83306,1.750221651,8.978062691,0.515266851,-3.520541776,-3.494493219
17.51214,25.82127,1.474478276,5715.49,0.91614,4.391724111,8.126805632,0.802914403,-3.217438129,-3.235754405
16.89642,22.93182,1.357199928,5536.13,0.91594,4.589291619,12.07677474,1.008756229,-3.311194896,-3.306807308
27.88094,31.02165,1.112647206,6973.28,0.95442,8.646988476,5.382999658,0.882558703,-2.851268802,-2.939722283
12.24696,16.17667,1.320872282,3862.21,0.84412,1.699470098,8.197949042,0.429523949,-3.405035271,-3.442746481
11.52146,19.50616,1.693028488,5479.62,0.8756,2.852377416,9.19322371,0.699833273,-3.432034764,-3.449780485
13.29112,18.49328,1.391401176,6033.24,0.89004,3.464457817,9.412919254,0.843313756,-3.344112018,-3.420344227
8.49338,10.35501,1.219186001,3579.08,0.7731,1.263670972,14.23024709,1.012175915,-3.816718436,-3.823703878
6.66726,9.9984,1.499626533,1673.47,0.62312,0.717571001,23.40216285,1.562408471,-4.611320524,-4.3437302
25.52107,28.40792,1.113116339,6212.11,0.94712,7.043931607,6.390070475,0.833563696,-2.951754906,-2.947369905
18.80316,24.68558,1.312842097,6090.12,0.92316,4.793793555,7.598399197,0.784328032,-3.179272008,-3.216889513
14.63523,24.53954,1.676744404,5735.28,0.90954,4.032882398,7.891634837,0.717909399,-3.25692721,-3.27278656
27.69601,34.22945,1.235898239,7521.35,0.95698,10.14743244,5.013472008,0.959468502,-2.750598176,-2.799295718
16.57984,19.58553,1.181285827,5190.84,0.87324,2.890240754,10.78886021,0.866602585,-3.465839019,-3.469889639
15.59992,17.55587,1.125382053,5944.46,0.8931,3.1715762,7.072504101,0.601107423,-3.247844382,-3.227728218
7.92113,10.75453,1.35770149,4465.83,0.81732,1.642098411,13.5571116,0.841086402,-3.625952055,-3.600892645
10.57638,19.38142,1.832519255,5576.78,0.8833,2.8661356,8.092099507,0.623155283,-3.377890952,-3.355270384
24.55786,29.22405,1.190008006,5518.76,0.93712,5.710699029,7.560668402,0.811018025,-3.024082134,-3.102771022
12.33609,16.59133,1.34494236,5437.98,0.8823,2.796256446,7.902191858,0.571000441,-3.337362559,-3.339916936
14.66499,17.95426,1.22429405,5199.09,0.87212,2.693732066,9.783189923,0.796392735,-3.493524838,-3.461749791
11.53974,16.71756,1.448694685,5681.88,0.88386,2.918917848,7.524120074,0.581720182,-3.338157877,-3.275115122
9.7434,13.4426,1.37966213,5293.19,0.81686,1.842355733,11.16615153,1.021999676,-3.602917392,-3.612020611
10.96117,14.05929,1.28264501,5477.82,0.85994,2.485052522,9.497237564,0.791493735,-3.439243611,-3.452361562
23.24884,32.52568,1.399023779,7594.97,0.94416,7.754589134,5.622714226,0.857214266,-2.915964501,-3.022433645
40.53604,46.69477,1.151932207,6658.42,0.97084,14.52740011,5.719776042,1.319326633,-2.555807541,-2.617256057
14.92515,17.56223,1.176687001,5724.54,0.89166,3.407053609,8.647294391,0.774390596,-3.352816113,-3.348500394
9.9318,15.90926,1.601850621,4481.03,0.83208,2.011040323,15.28893702,1.420730521,-3.789929519,-3.75896172
22.12449,26.66438,1.205197498,6822.41,0.94226,6.918767301,6.517043084,0.861614377,-2.963546002,-3.017521842
11.94023,27.52307,2.305070338,3955.42,0.86564,2.35363211,10.45970774,0.701892663,-3.486258604,-3.54624407
15.12783,21.84759,1.44419854,5547.77,0.88354,3.103799567,14.22570639,1.314735188,-3.585316845,-3.600673596
9.28372,15.04881,1.620989216,4180.86,0.82112,1.64974966,18.43792632,1.801428929,-3.95625417,-3.912315802
13.19525,16.94027,1.283815767,6107.37,0.9014,3.898114513,9.375435975,0.870183121,-3.378401109,-3.351482135
18.75481,26.91779,1.435247278,5910.45,0.91584,4.516377193,8.398170425,0.843132857,-3.248734784,-3.299283122
15.29084,19.74285,1.291155358,4731.83,0.86388,2.460537634,14.28563597,1.37235904,-3.699922297,-3.708887306
29.75916,35.7619,1.201710667,7149.46,0.95664,9.810947682,5.787275991,1.018868758,-2.858338745,-2.886253831
12.89523,18.44236,1.43016914,6235.12,0.89562,3.537581022,7.66333944,0.706009626,-3.268231546,-3.248742002
7.66657,9.51204,1.240716513,3469.3,0.74396,1.100514637,14.50775737,1.333361325,-3.818869145,-3.835015734
15.94711,22.57217,1.415439537,6591.42,0.89984,3.679123395,7.818128655,0.750183816,-3.294263658,-3.445744942
11.70373,14.59043,1.246647864,5799.46,0.87386,2.694296365,11.1504196,0.89394282,-3.484636905,-3.494350335
18.08854,22.30384,1.23303705,5850.9,0.91754,4.764436782,8.815836278,0.865221727,-3.237177912,-3.238170935
19.90282,21.73432,1.092022136,3489.62,0.849,2.20597979,18.35623233,1.509649321,-3.789142026,-3.760235355
14.78062,20.58186,1.392489625,4150.19,0.87044,2.406657819,14.93665334,1.32574632,-3.672803968,-3.716921176
20.51951,26.26137,1.279824421,6019.77,0.91634,4.416564648,7.077310986,0.725809174,-3.178327704,-3.144115194
27.27603,33.83759,1.240561401,5359.23,0.9231,5.294917315,12.83084408,1.52845889,-3.31117525,-3.325917332
11.95333,14.36861,1.202059175,5002.49,0.87962,2.457773692,6.072210513,0.400051489,-3.2290999,-3.195771322
33.37727,40.73475,1.220433846,6370.76,0.9514,7.937130319,7.074815094,1.025565895,-2.888496665,-2.969297548
26.05079,34.87807,1.338848841,6723.54,0.9461,7.884298072,6.899223321,1.010429142,-2.918039527,-2.983530502
15.14977,20.8008,1.373010943,5041.12,0.87994,2.935011741,9.335836196,0.772352398,-3.416605104,-3.454962307
12.09613,15.29148,1.264163001,5854.29,0.87842,2.978553142,12.31030491,1.077450928,-3.54806029,-3.570215828
27.40868,35.58698,1.298383578,7002.83,0.95324,8.786431929,5.626845918,0.93154679,-2.827725093,-2.944914262
15.24215,20.90093,1.371258648,3735.84,0.8596,2.331605515,18.34825241,1.757489994,-3.893017129,-3.800512377
7.78261,9.4568,1.215119349,4514.93,0.8004,1.463757196,14.37015283,1.090932888,-3.740301946,-3.735970143
6.19708,11.15197,1.79955237,2914.93,0.74134,0.984527039,15.21699231,1.143011896,-3.945836475,-3.961690999
10.67201,12.51089,1.172308684,3694.09,0.784,1.407338264,13.53853746,1.046127861,-3.703140864,-3.718422486
21.81017,26.89211,1.233007812,6070.42,0.93498,5.897067171,7.253257048,0.826704523,-3.081341789,-3.069753227
26.42983,29.35601,1.110715052,6914.35,0.9489,7.891191537,5.626514336,0.85571136,-2.871534706,-2.87855966
25.70428,28.5401,1.110324818,6794.95,0.94702,7.670289796,6.61893312,0.932972844,-2.93357622,-2.97987827
21.48575,25.94802,1.207685094,5964.89,0.93422,5.768962387,7.133513552,0.827770595,-3.081059258,-3.016945562
9.3317,12.49562,1.339050762,2656.53,0.74476,1.163140461,16.03515309,1.406119055,-4.009741218,-3.986662376
11.16592,17.17663,1.538308532,5860.02,0.88446,3.072023007,13.75317634,1.065350578,-3.558676725,-3.527209799
23.55186,30.76766,1.306379199,6040.29,0.939,6.644682838,10.84105916,1.201893016,-3.130371549,-3.146522722
17.86063,20.17506,1.129582775,4802.18,0.87596,2.92986728,11.5655559,1.008012104,-3.473243414,-3.503907071
6.08229,12.53451,2.060820842,2714.09,0.73968,0.958724604,14.48205669,1.102925375,-3.837632445,-3.851733803
20.10621,21.46479,1.067570169,2829.32,0.80112,1.798612514,17.3713368,1.151417368,-3.936354275,-3.822987117
18.48876,26.83374,1.451354228,5876.46,0.9207,5.176979954,9.669518132,1.080861536,-3.224868826,-3.264251233
26.4476,34.07391,1.288355465,6711.15,0.9489,8.0313841,6.668146054,1.010199819,-2.931761988,-2.867326538
14.85007,20.65263,1.390742939,6010.95,0.90992,4.185195066,7.857605271,0.754819558,-3.239734185,-3.239344405
9.25459,15.43898,1.668251106,4382.04,0.82724,1.858189611,17.10960815,1.341228867,-3.883692978,-3.842141034
7.676,9.34164,1.216993226,2941.02,0.73958,0.985028389,22.93811303,2.230447973,-4.245514696,-4.094464947
28.37351,34.12039,1.202543852,6702.72,0.9519,8.517739698,6.748195473,1.045442502,-2.923684939,-2.938777803
9.99476,13.3502,1.335719917,3092.62,0.78386,1.320650132,17.43787424,1.485696696,-4.023477045,-4.015057926
24.4586,29.93609,1.223949449,6247.6,0.94856,7.89690138,7.431053116,1.062323668,-2.955408026,-3.011757472
25.45307,29.61872,1.163660022,6243.07,0.9373,6.440906248,7.67358458,1.044738321,-3.065773437,-3.045706813
36.94018,37.75735,1.022121441,5207.31,0.94382,7.092764602,9.689527382,1.057561374,-2.796144784,-2.750974451
14.60634,22.08797,1.512217982,5617.7,0.88836,3.206416008,12.94791469,1.192392177,-3.504189016,-3.604401401
24.6863,28.78951,1.166214054,7055.64,0.94448,7.085902918,5.903117439,0.815976742,-2.981269754,-3.020233138
14.97041,22.42915,1.498232179,5900.44,0.90024,3.692837805,7.974940954,0.727935867,-3.291624905,-3.324513455
7.97629,12.26961,1.538260269,4113.05,0.80494,1.519047062,10.97486757,0.6990869,-3.626480445,-3.608718363
16.62136,20.40167,1.227436864,5725.81,0.89914,3.783988519,10.23714727,0.924648958,-3.378252081,-3.365814751
14.33963,21.3709,1.490338314,5992.67,0.88336,3.281280181,9.823821683,0.926492099,-3.421913147,-3.41734486
19.8002,21.91774,1.106945384,5207.52,0.88096,2.953941898,10.99106498,0.901495233,-3.561742647,-3.462885426
10.45057,12.14902,1.162522236,5408.09,0.833,2.120013641,16.38305372,1.474183247,-3.803338829,-3.777412407
23.4811,27.26249,1.16103973,7191.69,0.9397,6.799615048,5.82643049,0.799120025,-2.976047737,-2.997518219
14.96878,20.18374,1.348389114,3780.47,0.82494,1.999815761,16.51145493,1.618849457,-3.839129876,-3.879432393
5.70544,7.43065,1.302379834,1668.31,0.64612,0.668173052,19.19882053,2.431335749,-4.323712967,-4.383029347
22.65596,25.51383,1.126142084,6263.22,0.92786,5.287011818,7.661842911,0.84964274,-3.150457171,-3.266968279
24.91917,28.26528,1.134278549,6237.21,0.94512,7.303638218,7.296238085,1.000264651,-2.975232503,-3.026076891
13.23659,15.24576,1.151789094,3764.9,0.81968,1.726609006,13.17405289,0.963766998,-3.721710062,-3.758377347
13.60567,17.69299,1.30041299,4186.81,0.81422,1.872144544,13.56463821,1.159814759,-3.777020856,-3.747421652
14.32242,19.51659,1.362660081,5218.71,0.87968,2.84036202,8.890812331,0.730076429,-3.410236259,-3.413688437
31.41894,41.19416,1.311125073,6936.34,0.9497,8.473638659,6.880804313,1.050251662,-2.895406777,-2.97973256
10.05738,14.13772,1.405706059,4628.93,0.83502,1.935847324,10.28854339,0.757231325,-3.528768809,-3.538029643
9.6049,10.97701,1.142855209,3661.64,0.77896,1.230149205,17.33661311,1.619069739,-3.944133004,-3.94969094
18.38338,22.26141,1.210953046,3224.1,0.86302,2.259841736,17.07745131,1.46848817,-3.840943393,-3.825711503
14.53753,21.7259,1.494469831,6228.64,0.89534,3.713840104,9.516588432,0.946879647,-3.391661166,-3.382063215
24.41785,27.63456,1.131736005,5911.63,0.93788,6.211537188,7.396578545,0.869805138,-3.05018602,-3.041889593
14.54181,18.68675,1.285036044,4340.26,0.85528,2.383537517,15.10218536,1.581025158,-3.755537427,-3.719113297
14.30135,20.78624,1.453446003,4197.05,0.82988,2.231502072,17.14287034,1.268877989,-3.79086374,-3.774367606
19.79551,23.68895,1.196682985,3355.69,0.8671,2.278646004,19.53241566,1.342617809,-3.919796596,-3.69173063
13.4753,20.5072,1.521836249,3897.7,0.8278,2.090921491,16.14222298,1.346496024,-3.848920157,-3.819436775
26.82128,30.39175,1.133120791,6517.82,0.94952,7.837039238,6.517954417,0.967169453,-2.913420151,-2.896024513
23.5259,30.19965,1.283676714,6104.86,0.9268,5.172798714,7.304872611,0.833886474,-3.142731282,-3.101572785
21.72352,29.63384,1.364136199,7140.57,0.93596,6.418202141,6.097044859,0.791992005,-3.048368278,-3.047018313
20.00893,26.66216,1.332513033,5862.88,0.92084,4.915288617,12.80744277,1.302955934,-3.382700712,-3.363042628
12.50257,14.6185,1.169239604,5471.39,0.88226,2.76336643,7.202732698,0.541988238,-3.292244055,-3.294120183
12.0777,13.42295,1.111382962,3317.67,0.79252,1.388079804,23.79608829,2.816848694,-4.343981133,-4.167209989
14.78954,21.75967,1.471287816,5641.98,0.89166,3.328654517,13.65220061,1.242304121,-3.532035187,-3.458163936
13.82952,18.58688,1.34400037,5833.1,0.88268,3.221118933,8.996112887,0.746224074,-3.418135744,-3.400778621
7.44859,13.35268,1.792645319,3356.74,0.784,1.171504352,11.30589204,0.712282182,-3.65428282,-3.645060383
19.90299,25.17089,1.264678825,5191.43,0.91046,3.630802361,8.05888067,0.716185469,-3.235694709,-3.25976157
12.69886,15.81072,1.245050343,5328.29,0.88702,2.826092497,10.56740354,0.774555543,-3.463283879,-3.435588948
5.40352,11.19528,2.071849461,811.993,0.6037,0.394399875,33.63317809,2.908127881,-5.086162436,-4.741641758
8.08002,14.28019,1.767345873,3352.44,0.78402,1.306970107,28.84279884,3.916176718,-4.704806181,-4.198800585
18.86611,25.18401,1.334880905,5209.94,0.9138,3.716205225,7.625807879,0.684525226,-3.174395543,-3.161405158
14.62418,18.53365,1.267329177,5719.48,0.8938,3.256208765,7.252283304,0.595633839,-3.238775506,-3.263916345
10.37335,13.66274,1.317100069,4035.13,0.81074,1.640350593,13.20318152,1.213787661,-3.695322641,-3.720447485
15.82487,22.25964,1.406623877,5461.28,0.90466,3.825945004,9.01767315,0.844279042,-3.310211077,-3.290835569
7.0359,10.11745,1.437975241,3560.39,0.74766,1.104577809,14.10380419,1.171390747,-3.871664329,-3.877056038
9.2258,11.46184,1.242368142,4057.92,0.80418,1.498775528,10.62652043,0.739419078,-3.555514806,-3.566702934
19.30631,26.20427,1.35729044,5842.07,0.92378,5.003683241,11.21054802,1.132055587,-3.270919431,-3.258566643
14.83963,21.36509,1.439731988,5901.61,0.89834,3.653882917,8.356693592,0.763365365,-3.32252494,-3.302742408
14.69314,20.29239,1.381079198,4709.38,0.87058,2.566704601,9.681647557,0.771687937,-3.494383064,-3.416008752
23.54156,25.76233,1.09433402,6681.97,0.93912,6.526516231,6.572073581,0.861278298,-3.025646854,-3.034752329
20.31341,23.72928,1.168158374,3002.6,0.86462,2.042160209,16.67204028,0.994513639,-3.720038553,-3.736002968
10.75041,13.98309,1.30070295,3737.02,0.80544,1.549486256,12.12622887,1.007272149,-3.707296313,-3.660041374
8.12839,11.30822,1.391200471,3925.36,0.78572,1.334177821,30.80108038,2.112997292,-4.296861531,-4.056115672
14.03155,16.45541,1.172743567,6550.49,0.88054,3.153954711,8.042906943,0.74311402,-3.323955646,-3.322562343
27.23066,33.0888,1.215130298,4848.59,0.92222,4.76752241,13.27727958,1.538970145,-3.387725198,-3.388314452
29.92386,30.60983,1.022923847,5366.67,0.9365,5.722578674,9.858522499,1.069648025,-3.013412473,-3.037843861
14.51288,19.91003,1.371886903,5294.15,0.8929,3.163888653,7.696995217,0.593666412,-3.313106257,-3.335472646
7.98186,9.67962,1.212702302,798.179,0.57824,0.390692143,18.17013702,0.747146361,-4.193529455,-4.224147798
11.63563,15.49928,1.332053357,5292.4,0.85792,2.378908373,13.70426365,1.13106793,-3.64567454,-3.686284853
11.11199,14.73542,1.326082907,3666,0.82846,1.797806939,14.9735754,1.293296876,-3.840227316,-3.837419732
29.08196,32.24375,1.108719976,7212.1,0.95596,9.400173065,5.467499206,0.949739638,-2.863719021,-2.923111526
38.52663,40.32609,1.046706914,5384.56,0.94622,7.57066848,7.483990675,0.937209375,-2.735700781,-2.672864674
14.91472,20.28577,1.360117387,5006.05,0.88182,2.945556212,10.92229412,0.987486526,-3.489028777,-3.538555573
15.08575,30.33656,2.010941451,4321.78,0.87522,2.767117831,12.17409845,0.950711252,-3.506737631,-3.497192131
14.51946,21.2809,1.465681231,5770.58,0.90072,3.584341784,7.323077366,0.637698333,-3.222450356,-3.220305092
21.52095,24.38299,1.132988553,6048.85,0.93224,5.557218053,7.708701539,0.847129069,-3.128876132,-3.133050251
10.15029,17.73177,1.746922502,4601.68,0.83768,2.02226793,16.30840952,1.669497242,-3.805803216,-3.770551357
15.67755,25.39794,1.62001971,5635.5,0.90418,3.958080713,14.70893887,1.331185845,-3.511991513,-3.499356633
27.48878,30.79558,1.120296354,6951.53,0.95374,8.816884221,5.399948126,0.899038678,-2.831205992,-2.840528342
8.2314,12.17828,1.479490731,3807.86,0.7955,1.412875908,32.72994433,1.829869477,-4.555557089,-3.947732824
20.46457,22.43127,1.096102679,5311.54,0.89226,3.702753847,11.28474206,0.953911347,-3.468287047,-3.352586506
10.71493,12.06861,1.12633587,3211.29,0.78238,1.303137003,21.61585371,2.822330297,-4.217607385,-4.147594007
12.25028,15.19597,1.240458994,4835.39,0.85236,2.439098373,13.21916046,1.322140421,-3.644894854,-3.626495472
26.05845,31.37597,1.204061255,5529.44,0.93048,5.133966012,8.259009137,0.910490482,-3.116138675,-3.227483188
26.26725,27.26563,1.038008547,3334.48,0.91064,3.485329802,9.847007023,0.607631009,-3.127543884,-3.112236559
14.61122,19.13894,1.309879668,4238.95,0.85958,2.496761338,17.28389984,1.264382393,-3.736481309,-3.693979653
11.37635,24.03762,2.112946595,3951.41,0.8426,2.006128382,10.58056643,0.708682225,-3.569682028,-3.510265925
25.94374,28.60467,1.102565397,6836.1,0.95054,8.106743537,5.019003707,0.79821258,-2.835650873,-2.856317194
20.17405,31.41053,1.556976908,5925.16,0.9303,5.760906586,12.72153521,1.243941746,-3.237952907,-3.223325679
14.1529,21.83539,1.542820906,4876.83,0.87848,2.828314048,10.16678862,0.870513655,-3.463606338,-3.437268254
4.89818,10.31943,2.106788644,1850.33,0.66168,0.714310389,20.1110267,2.123155909,-4.256150867,-4.319962151
9.42648,15.05883,1.597502992,4635.71,0.83022,1.859666021,11.27477162,0.799241401,-3.610908592,-3.636090231
14.10688,18.59142,1.317897366,3321.62,0.83258,1.911244152,17.61423494,1.216629531,-3.853783141,-3.741828595
29.80049,30.83985,1.034877279,4897.73,0.9432,5.721912157,4.783704406,0.544786612,-2.699481107,-2.824164728
10.57918,14.80707,1.399642505,5142.45,0.82912,2.030723411,12.42892119,1.301509172,-3.602525523,-3.58383178
12.93636,26.22554,2.027273514,4142.9,0.87286,2.323339331,10.19668784,0.733819847,-3.493956116,-3.470950667
15.15096,20.58618,1.358737664,4634.42,0.86842,2.620332151,10.30902659,0.882992066,-3.501108154,-3.476309942
17.95244,26.76626,1.490953876,5836.14,0.90878,4.226864061,12.67040146,1.238163265,-3.457112197,-3.422376448
10.75155,14.55022,1.353313708,5185.72,0.86176,2.451113406,8.964225738,0.642558504,-3.42278844,-3.445668534
15.44474,18.69776,1.210623164,3032.91,0.83066,1.71378584,21.23050769,1.774719365,-4.151672961,-3.983136533
14.75714,20.91984,1.417608019,4542.61,0.87442,2.61566672,9.797058826,0.785752418,-3.482957641,-3.406334454
14.73134,18.86557,1.280641815,4581.8,0.84748,2.495053936,13.82359363,1.164606439,-3.658636735,-3.626583965
25.18561,28.33898,1.125205226,6008.99,0.94362,6.869435446,9.704239773,1.212181117,-3.091476453,-3.124247479
46.82316,52.84322,1.128570135,5763.64,0.959,9.8104406,7.88500173,1.242581023,-2.773526169,-2.795455841
19.37664,24.31849,1.255041638,3214.92,0.85578,2.288855011,21.78054458,1.43844703,-4.011591429,-3.763184043
15.01331,21.37588,1.423795286,3416.54,0.84118,2.290271289,16.30889335,1.223065541,-3.770654434,-3.68502688
30.03974,36.25216,1.206806717,6959.21,0.95678,9.647176972,5.58338392,0.978934183,-2.786318524,-2.796558467
8.63648,13.40838,1.552528345,2810.81,0.78708,1.045124333,17.99372046,1.122609099,-3.957759318,-3.921014317
11.02572,15.03841,1.363939044,4158.53,0.81734,1.738200254,13.65470505,1.1996644,-3.709444269,-3.71779538
7.97431,12.02291,1.507705369,4355.61,0.80526,1.527642347,12.21306319,0.861886681,-3.7259162,-3.698984744
15.74857,22.04718,1.399948059,5643.18,0.90168,3.944408719,9.486359698,0.885974934,-3.312354891,-3.304229761
6.9107,11.75378,1.700808891,2613.37,0.75402,0.9885455,16.74522002,1.284084181,-3.937857591,-3.94554752
13.27067,17.68638,1.332742054,5791.16,0.88916,3.129974409,7.375290592,0.601210616,-3.258590309,-3.23367406
21.78355,25.00078,1.147690803,6010.74,0.922,4.948157053,8.767263661,0.87586542,-3.253988032,-3.164310728
14.50134,22.50233,1.551741425,5667.7,0.90806,3.996602232,13.43962104,1.159023111,-3.471087638,-3.45763563
17.69988,23.09043,1.304552912,4991.83,0.88674,3.422358762,12.04610063,1.12698051,-3.472335826,-3.495473957
12.31926,15.80397,1.282866828,4939.49,0.86058,2.55465807,12.73562988,1.235701984,-3.640144517,-3.637326733
10.33081,16.53741,1.600785418,5884.48,0.87134,2.768971654,13.85892127,1.164035479,-3.731137175,-3.668808327
6.96261,9.68992,1.391707995,2597.23,0.7385,0.893414501,15.2443717,1.126054977,-3.911723606,-3.916942037
6.84044,10.84549,1.585495962,3365.39,0.75792,1.123075715,13.73437778,1.006808488,-3.8546611,-3.835499918
16.33147,21.9611,1.34471055,5838.57,0.89446,3.555907165,9.619676097,0.879596381,-3.370936654,-3.365181496
21.86759,25.19674,1.152241285,5547.83,0.90726,4.262438337,10.8309534,1.006454681,-3.351532658,-3.369590527
23.92697,24.27345,1.01448073,5796.81,0.90606,3.73929049,6.958129293,0.631901842,-3.244076461,-3.228812815
21.07389,24.01159,1.139399987,5758.05,0.92166,5.00551244,9.678216692,1.037836448,-3.226422952,-3.223308711
14.06341,16.45201,1.169845009,3213.58,0.79034,1.48904983,16.00297788,1.288317608,-3.927760439,-3.900913353
7.4101,12.53717,1.691902943,3911.28,0.80214,1.369000787,10.07734279,0.641153168,-3.617710203,-3.536307993
15.24036,19.32457,1.267986452,6615.05,0.90554,4.23402783,7.996366977,0.774531579,-3.272643886,-3.297485559
14.27937,21.32589,1.493475552,4923.61,0.88692,2.884151993,8.854813946,0.703556947,-3.351692742,-3.453370586
31.34977,32.20469,1.027270376,4377.74,0.92538,5.156297014,13.8875673,1.798447176,-3.243046682,-3.137485304
14.56033,17.99969,1.236214426,5862.08,0.88998,3.424527866,9.06645991,0.812593772,-3.367889954,-3.386602942
15.95449,19.36563,1.21380439,5214.11,0.88744,3.056312271,10.40353374,0.856781647,-3.447649945,-3.439731495
16.0805,17.30634,1.07623146,4016.83,0.82958,1.682417743,10.04243605,0.636562706,-3.552240918,-3.583643644
11.02601,20.09261,1.822292017,4874.12,0.8651,2.562431689,11.36262563,1.026146827,-3.534072518,-3.535448569
20.96438,25.1027,1.197397681,3548.13,0.86302,2.678830282,24.37704619,1.288454496,-4.037315837,-3.67205982
9.71735,15.51357,1.596481551,1917.58,0.75736,0.970297639,31.62174261,1.495219364,-4.668382489,-4.242926268
28.13241,35.75322,1.270890763,6502.21,0.9475,7.783555545,6.758742823,0.983175943,-2.966439402,-3.023681245
11.49454,13.35709,1.162037802,3570.32,0.8031,1.505858617,15.06588196,1.252857677,-3.853640287,-3.84648143
27.54073,31.79877,1.154608828,7180.8,0.9523,8.527728775,5.516336853,0.892430459,-2.856347087,-2.871888489
22.39106,26.10479,1.165857713,6138.6,0.92632,5.147080069,8.59235929,0.911396173,-3.222222587,-3.193245958
8.70117,15.03119,1.727490671,3937.8,0.80578,1.605632007,17.40069007,1.388928297,-3.923791361,-3.897180532
12.77414,14.65395,1.14715746,3389.42,0.7984,1.518528944,12.50045563,0.872252474,-3.734944887,-3.813269467
14.17639,19.70353,1.389883461,4395.77,0.86758,2.330875952,10.10202235,0.738068339,-3.477213096,-3.539891487
13.82645,20.17888,1.45944042,4530.27,0.85828,2.345225962,10.67929879,0.835103295,-3.609158949,-3.57228602
22.58163,25.24193,1.117808148,6045.22,0.92736,5.5224325,8.494602613,0.910449956,-3.161196171,-3.152972064
11.76597,18.46666,1.569497457,5777.54,0.88356,3.165996603,12.88722933,1.120887255,-3.601418546,-3.591958249
11.88407,19.36333,1.629351729,5365.76,0.87662,2.869412939,8.826354801,0.665788277,-3.401118327,-3.389620558
19.9576,22.60251,1.132526456,5999.32,0.91788,4.563751715,7.885812965,0.776416242,-3.245683093,-3.229077271
9.38747,14.50153,1.54477511,3721.38,0.8061,1.496096896,12.95584856,1.031031717,-3.699921423,-3.702956645
14.24308,19.56082,1.373356044,4408.36,0.85688,2.319214009,14.94427735,1.395617155,-3.719036626,-3.752870409
12.16467,22.02234,1.810352439,5466.06,0.88296,2.965819315,8.565021584,0.68747902,-3.379259882,-3.367028204
11.5959,19.48729,1.680532775,5557.88,0.88188,2.891855466,8.931047207,0.704781614,-3.458993885,-3.455884361
27.82511,34.85056,1.252485974,5838.93,0.9354,6.058172445,8.474103187,0.94294661,-3.077077026,-3.177894808
6.60501,8.28257,1.253982961,2386.43,0.69408,0.825556473,16.79055088,1.88851673,-4.03989545,-4.086380251
22.84407,28.28563,1.238204488,5505.42,0.9403,6.165497344,7.346789529,0.83121466,-3.029451621,-3.022420444
24.66725,27.45916,1.113182864,7143.73,0.94834,7.95734112,5.489833893,0.843249897,-2.904223843,-2.941239634
22.61653,25.96108,1.147880776,5107.88,0.926,4.621404188,8.634122846,0.867932231,-3.159996899,-3.192725557
18.94666,35.11492,1.853356739,5880.16,0.91622,4.628519179,13.55214192,1.003468333,-3.355882915,-3.385183552
25.03964,30.69803,1.22597729,7218.53,0.94568,7.402119632,5.93588338,0.865329625,-2.967861598,-3.026955057
10.48756,14.97241,1.427635217,4626.48,0.83594,1.862960091,10.46243904,0.715726997,-3.595341072,-3.602019591
12.60426,18.03847,1.431140741,5738.69,0.88632,3.19483244,13.24692408,1.15327053,-3.619317772,-3.586546146
25.87198,31.71538,1.225858245,6026.66,0.94824,7.98141508,10.55359268,1.322985832,-3.038268361,-3.040293806
26.11926,36.86564,1.411435087,6406.48,0.94344,7.33235925,7.12482376,0.996759563,-2.97647108,-3.013504414
11.48374,14.59999,1.271361943,4924.53,0.83814,2.093251515,16.33212215,1.400927917,-3.818025837,-3.795462569
19.93218,23.56098,1.182057356,5331.74,0.92098,4.436405326,8.425254377,0.844118856,-3.229203072,-3.270710417
20.09682,21.94786,1.092106114,1686.49,0.84808,1.55780796,23.78974452,1.14786773,-4.040449374,-3.827922717
12.25034,19.82732,1.618511813,5772.5,0.89186,3.360209179,15.31267657,1.34479778,-3.622624064,-3.602343046
16.46266,22.70543,1.379207856,5867.46,0.91226,4.337176409,8.14809179,0.783699367,-3.258194826,-3.23040513
9.40378,12.18368,1.295615168,3776.21,0.78576,1.365034032,13.40074412,1.003707959,-3.741491779,-3.764299102
10.78411,14.60227,1.354054252,4417.34,0.8298,1.908823651,13.49665936,1.086921193,-3.695234389,-3.716563968
12.77851,17.54902,1.373322868,6017.87,0.88826,3.378082358,8.455144956,0.748526959,-3.365950233,-3.371788861
23.96485,24.14101,1.007350766,5029.19,0.89074,3.014756651,9.621636823,0.73983928,-3.439104167,-3.426261022
11.32964,19.21982,1.696419304,5898.82,0.88222,3.053361667,8.827817704,0.734115702,-3.42873255,-3.418983958
14.58048,21.54175,1.477437643,5957.99,0.88398,3.264942807,9.739623792,0.912597495,-3.442637368,-3.397061984
15.26711,21.44035,1.404348957,5920.15,0.90228,3.792175916,7.873802678,0.72420659,-3.22619959,-3.318017341
10.508,14.18505,1.349928626,4923.28,0.85364,2.279272568,9.3614354,0.669320881,-3.472544707,-3.518955559
9.8004,12.23267,1.248180687,3799.74,0.79126,1.439609923,18.52239928,1.453751997,-4.092226777,-4.000758347
13.74625,16.72998,1.217057743,5394.08,0.84604,2.430332331,12.02449338,1.06833756,-3.588986103,-3.610677021
9.07506,12.43085,1.369781577,1522.52,0.6327,0.706310241,21.03555635,1.352078241,-4.53399205,-4.456858384
14.50123,20.03839,1.381840713,5401.56,0.8804,2.99625978,9.550720172,0.833677135,-3.481663703,-3.376368589
26.57424,28.72224,1.080830157,7628.57,0.95258,9.096360806,5.254674357,0.899992122,-2.859542093,-2.855982584
11.09281,16.47548,1.485239538,5700.95,0.88388,2.965224334,12.01411026,0.921252021,-3.519500868,-3.530065566
5.84418,11.7939,2.018058992,2441.53,0.72108,0.857256987,15.28690577,1.182745494,-3.912131996,-3.987730258
10.58324,14.54681,1.374513854,3961.56,0.81196,1.680339064,13.53873052,1.109574893,-3.742018033,-3.724041539
9.04871,14.96816,1.65417612,3759.76,0.79576,1.477276314,11.48017401,0.721529935,-3.647283007,-3.652164811
40.13071,46.4508,1.15748762,5596.4,0.94998,7.6860467,9.200573304,1.12485861,-2.893352017,-2.969095702
23.86118,27.72162,1.161787472,7145.21,0.94606,7.558321616,5.950543574,0.854218116,-2.938267831,-2.934708712
11.67072,15.6977,1.345049834,5920.72,0.8628,2.659654812,8.890006193,0.731944343,-3.415778692,-3.465305889
5.50929,11.69963,2.12361847,2632.66,0.71664,0.911085741,14.366479,1.146683925,-3.81226042,-3.844319992
26.70915,28.85082,1.08018488,6967.36,0.95278,8.493314316,5.141950347,0.840060623,-2.837228448,-2.907340824
24.71959,25.67759,1.038754688,2374.48,0.87998,2.457241628,15.54294743,0.84620697,-3.402337353,-3.426769444
10.25644,15.90925,1.551147377,4740.86,0.82858,1.90212301,10.77441471,0.774934258,-3.595635632,-3.597598047
25.0165,27.99629,1.119112985,6122.76,0.94274,6.941609602,7.826919953,1.016447005,-3.043703664,-3.061656243
6.69623,8.67483,1.295479695,2412.68,0.70244,0.832671486,18.14365854,2.388058079,-3.942490057,-4.022533528
23.24793,27.24026,1.171728408,6185.77,0.94102,6.826554078,7.574747401,0.982474828,-3.042786513,-3.124403511
14.7388,20.30847,1.377891687,4192.02,0.83576,2.15314937,14.06428793,1.342167052,-3.728468377,-3.737731204
14.82357,21.85384,1.474262947,5084.95,0.89274,3.10665219,8.948976163,0.722541767,-3.341937598,-3.354954975
11.52974,14.94584,1.296285953,5778.75,0.85784,2.421628214,8.756682785,0.711691145,-3.387684547,-3.371502153
11.81041,20.72534,1.754836623,5681.06,0.88966,3.077130603,8.431097729,0.68364317,-3.384201914,-3.352293557
21.71762,24.53159,1.129570828,6070.47,0.92918,5.403088875,7.883109007,0.846167127,-3.180986295,-3.131022065
13.0401,18.38483,1.409868789,5943.79,0.89072,3.317689477,9.141492466,0.776811998,-3.428307384,-3.411190664
10.05377,14.72674,1.464797782,4358.19,0.81866,1.830221708,17.53782217,1.842792307,-3.895345642,-3.876614165
10.92584,14.5114,1.328172479,4572.54,0.8312,1.817045072,10.83040158,0.761339955,-3.652327504,-3.599743427
9.57217,13.40424,1.400334511,4471.4,0.83148,1.768982178,10.79349965,0.667186699,-3.584008344,-3.557729524
16.80499,21.6041,1.285576487,6102.01,0.90682,3.984025587,7.870670641,0.74767494,-3.253874745,-3.191420244
11.13361,14.14988,1.270915723,4082.83,0.80916,1.676424887,14.49478212,1.290057362,-3.750020239,-3.736419638
15.38824,28.05161,1.822925169,4568.57,0.86852,2.751964512,15.98237425,1.454096806,-3.677146395,-3.773539758
15.8917,21.1684,1.332041254,6397.57,0.89822,3.73825319,7.991764882,0.769408484,-3.288190031,-3.288934197
19.09885,25.21187,1.320072675,6518.88,0.93228,5.444670264,6.48755374,0.732725574,-3.091403772,-3.019742139
14.29954,21.10765,1.476106924,5879.02,0.9025,3.914484242,8.50648796,0.777932515,-3.288754473,-3.289847727
8.4815,14.04199,1.655602193,2898.36,0.7727,1.154367309,24.10533639,3.273361604,-4.252115934,-4.214884421
22.57285,25.16112,1.114662969,6171.95,0.92922,5.289426498,8.343783803,0.913775851,-3.187088144,-3.242954957
10.73729,14.84138,1.382227732,4576.12,0.83358,1.896996275,9.36402732,0.630898926,-3.520158037,-3.467122182
24.56473,34.33923,1.397907895,7587.16,0.94764,8.350060358,5.771986446,0.90933409,-2.88301662,-2.953747129
14.12488,17.19961,1.217681849,6556.46,0.90264,4.002767135,7.920351378,0.766909201,-3.28129639,-3.24984518
6.19267,9.10662,1.470548245,1343.68,0.5965,0.639016311,21.20452331,1.666019987,-4.385968186,-4.449088665
14.64873,20.47838,1.397962827,4049.85,0.82996,2.141506196,14.36908179,1.249477908,-3.717653587,-3.742748606
19.72852,23.04214,1.167960901,2743.84,0.8611,1.852429499,17.70327192,1.140054751,-3.803287364,-3.676615538
28.91502,44.11156,1.525558689,6695.8,0.9565,9.606779886,6.233284749,1.054556286,-2.804758312,-2.829825474
24.91345,28.17152,1.130775545,6218.46,0.93628,6.295885363,7.708490049,0.945842898,-3.083253322,-3.041558829
13.90574,16.45675,1.183450144,3433.52,0.81396,1.768094535,14.08066335,0.956875802,-3.749875097,-3.704258161
10.78563,18.41851,1.707689769,5429.11,0.88066,2.673982219,8.107035139,0.583157238,-3.373641718,-3.416236851
12.17625,16.96203,1.393042193,5844.61,0.8817,3.024928125,10.20975893,0.88566815,-3.502787916,-3.50950327
6.56489,12.02421,1.831593523,936.78,0.64318,0.423147521,23.95066019,1.362761338,-4.698882741,-4.379278804
10.30368,12.8893,1.250941411,3203.48,0.79664,1.433641187,17.88548222,1.501880779,-4.041680361,-3.952372586
15.8805,20.54311,1.293605995,5769.84,0.90282,3.723736853,7.758388682,0.708471876,-3.226614152,-3.241183553
27.85767,31.05142,1.114645266,7631.18,0.95902,10.10262536,4.863031981,0.937601316,-2.779967329,-2.782260523
18.57964,24.41757,1.314211147,5713.54,0.91464,4.302183924,7.390243921,0.724176853,-3.213152556,-3.09639085
12.94714,20.16081,1.557163204,5196.46,0.868,2.671402148,14.78723931,1.165637729,-3.696090936,-3.6954596
6.26887,12.93319,2.063081544,2808.1,0.7485,0.971913833,16.66762831,1.437225116,-3.861463105,-3.887096476
15.3114,16.48385,1.076573664,5890.59,0.89174,3.100291693,7.196575017,0.596741687,-3.220994233,-3.213104043
9.4936,12.98092,1.367333783,4554.41,0.83182,1.815733064,11.13317049,0.739396444,-3.594606333,-3.559819231
21.50394,24.93692,1.159644233,6649.97,0.93702,6.114881621,6.317490879,0.796336891,-3.024942068,-3.044194111
10.28659,14.17429,1.377938656,4755.04,0.81978,1.79619149,20.27378404,2.167786242,-4.064858876,-3.955769476
13.7731,14.95537,1.085839063,3669.95,0.81628,1.627865237,14.57488204,1.190531711,-3.8655456,-3.807444264
15.30307,20.35644,1.330219361,4155.88,0.855,2.174084405,16.69311387,1.718275824,-3.797614839,-3.833464587
6.70344,10.81316,1.613076271,2647.97,0.72348,0.910856934,30.790732,4.382067455,-4.533931209,-4.326783521
23.58981,29.67086,1.257782916,7216.49,0.94038,6.984869755,6.103794416,0.834365888,-2.975283653,-2.969802657
11.23019,15.12444,1.346766172,4720.42,0.83732,2.016171364,20.61489781,1.90340845,-3.964152605,-3.8650961
10.75176,14.72388,1.36943905,4299.72,0.8353,1.898076927,13.21529537,0.955146892,-3.65267082,-3.684617888
13.28603,17.6433,1.327958766,6076.85,0.88778,3.375486677,8.255013522,0.753417409,-3.347313013,-3.350113359
15.57685,18.46789,1.1855985,2910.05,0.8438,1.698432603,20.53863862,0.832029168,-4.062198891,-3.720632296
15.39461,20.25817,1.315926159,4181.59,0.87396,2.401906222,10.35053519,0.748611578,-3.452978357,-3.483899694
16.84024,22.61046,1.34264476,5267.69,0.88388,3.071256572,13.44774562,1.251876674,-3.593911009,-3.561395346
12.73904,17.03603,1.337308777,5664.68,0.88432,2.966750202,8.329959966,0.677798359,-3.311252714,-3.304391395
23.25508,25.71565,1.105807849,5829.69,0.92722,5.349171277,8.243586066,0.954511859,-3.187756165,-3.215602548
13.27454,19.83405,1.49414217,6114.89,0.89996,3.674310934,7.765457123,0.719335552,-3.235766662,-3.244207678
12.08399,16.13392,1.335148407,5135.97,0.83438,2.10577588,16.74615492,1.592590931,-3.758168829,-3.770221014
22.12847,25.25849,1.141447646,6093.89,0.92616,5.057667104,8.479406839,0.880681534,-3.249073581,-3.287219355
5.58194,9.14859,1.63896244,1341.45,0.63886,0.499737952,30.5022611,2.132072951,-4.656161381,-4.372234779
5.69458,6.8509,1.203056239,2144.57,0.6707,0.711497252,15.03788435,1.840349171,-3.75838248,-3.894113258
14.11828,20.1712,1.428729279,4871.92,0.86586,2.565914055,10.05999295,0.81421093,-3.502737702,-3.582990768
9.45636,14.97405,1.583489842,4654.9,0.82982,1.867382577,10.39802018,0.715227204,-3.566895142,-3.588353853
10.67916,18.5381,1.735913686,4961.93,0.87142,2.592308333,10.01696224,0.815429122,-3.43721639,-3.491957663
27.47087,30.11576,1.096279805,6808.88,0.95474,8.693601406,5.119065529,0.852054534,-2.822337291,-2.788937206
22.63466,26.62917,1.176477579,5932.13,0.93432,5.920649908,7.683354153,0.868956616,-3.09351284,-3.153421634
32.54485,39.5419,1.21499715,6091.43,0.95126,7.894142836,7.800793855,1.041773291,-2.952710981,-2.913989608
32.33412,42.39807,1.311248613,6642.79,0.96144,11.15909816,5.983376659,1.129716902,-2.668063728,-2.78413437
12.95461,18.00439,1.389805637,5767.78,0.89056,3.160345219,7.237644881,0.589950299,-3.274056329,-3.198029087
4.27244,7.70824,1.804177472,1243.57,0.59872,0.589848676,21.32974781,2.269136267,-4.542390719,-4.601770322
6.07597,13.25241,2.181118406,1038.46,0.66214,0.492096169,30.95460543,1.778941587,-4.621779208,-4.37314235
17.44669,21.87127,1.253605698,4884.32,0.8903,3.141695662,10.9998389,0.941980879,-3.454743297,-3.433473317
19.76068,24.29682,1.229553841,5889.35,0.9107,4.327373118,9.2205634,0.914499841,-3.289893927,-3.316013498
6.04516,6.64175,1.098688868,1053.53,0.5585,0.436686344,17.12632986,1.085565275,-3.403666907,-3.704237861
21.10107,24.63154,1.167312369,6230.05,0.9291,5.381999757,8.283588626,0.895840666,-3.168800955,-3.238546967
8.35212,10.4637,1.252819643,3648.07,0.80712,1.374094926,13.14757312,0.781874842,-3.637864976,-3.647134437
21.99523,26.39127,1.199863334,6622.73,0.94158,6.70311599,6.6828951,0.856434716,-2.99227212,-3.05397553
20.65662,25.41893,1.23054643,5039.8,0.91582,4.841100351,9.968653269,0.995350756,-3.205872925,-3.214526404
8.19707,11.43972,1.395586472,3115.38,0.7495,1.129265066,40.71753406,3.7314659,-5.32993567,-4.191842229
22.61031,29.81956,1.318847906,5783.69,0.94302,6.745493562,7.031045322,0.872099437,-2.970402691,-2.945443033
10.4201,15.88448,1.524407635,4687.41,0.83038,1.898697129,10.72965168,0.760390964,-3.612598687,-3.533490291
6.55845,9.40116,1.433442353,2315.56,0.6748,0.847412929,18.90937656,1.364178601,-4.128652393,-4.049140422
8.55445,11.86791,1.387337585,3056.16,0.76186,1.132027251,20.39017345,2.132286151,-4.065510008,-4.008810768
5.15444,10.41287,2.02017484,2666.57,0.72064,0.879436294,44.80309284,5.428900037,-5.300331558,-4.404550003
21.13778,23.01538,1.088826736,2568.2,0.86348,2.273111378,18.01513889,0.954532954,-3.698072125,-3.608634245
15.47827,20.89773,1.350133445,5086.6,0.8724,2.886915891,11.14688615,1.10388326,-3.541343294,-3.487731088
12.81868,16.19216,1.263169063,5573.34,0.8611,2.639395063,16.24741874,1.400506796,-3.748694162,-3.722449282
12.87304,17.93529,1.393244331,5823.24,0.89428,3.249233363,7.523731393,0.627939324,-3.244621443,-3.217609241
22.2954,23.52099,1.054970532,2619.08,0.87474,2.431481337,16.92694996,0.923016877,-3.507006205,-3.494664286
23.55495,26.4269,1.12192554,5717.74,0.92856,5.234302335,8.713586488,0.981869237,-3.169042596,-3.23113803
14.54981,20.04507,1.377686032,4227.85,0.86454,2.37815445,10.64423202,0.826286048,-3.522938057,-3.549534525
28.46411,39.78072,1.3975747,6812.47,0.95438,9.325399152,6.11405091,1.002217426,-2.808698989,-2.845025349
27.19689,29.1642,1.072335844,6966.92,0.95272,8.40237417,5.165348244,0.847151844,-2.873587087,-2.891764866
17.33446,17.54985,1.012425538,2218.93,0.73994,1.027624509,22.32274901,2.420374554,-4.370605588,-4.322217105
24.16274,29.22072,1.209329737,5914.5,0.94346,6.811346227,7.450211085,0.940499339,-2.973973968,-2.998433146
15.95482,20.7617,1.301280741,4047.8,0.86374,2.179708477,12.68406669,1.066856675,-3.585568132,-3.652447198
6.39154,12.5546,1.964252747,3516.46,0.7797,1.24031427,11.53193519,0.788997251,-3.659473959,-3.67764625
6.46299,10.47228,1.620346001,2857.53,0.73346,0.959496195,24.13217467,3.489541721,-4.257074596,-4.151517953
20.97363,22.1093,1.054147518,2213.5,0.85476,1.953513884,21.00617639,1.608273819,-3.958867068,-3.854154015
25.41532,28.30539,1.113713697,7294.11,0.9489,7.932288401,5.3891427,0.850750668,-2.872874428,-2.94672946
21.94878,26.92271,1.226615329,5530.74,0.92644,4.927295742,8.362785294,0.805628593,-3.124872715,-3.158654044
14.2808,21.53963,1.508292953,5583.47,0.879,3.040901684,16.89225683,1.479748027,-3.746487263,-3.600942122
8.66016,10.49665,1.212061902,4742.04,0.83624,1.863952675,8.324524749,0.566348654,-3.349034806,-3.388591578
24.84915,28.22171,1.135721343,5273.27,0.93652,5.534464826,7.333807684,0.767347648,-3.023752406,-3.059096145
13.12597,22.2703,1.696659371,5763.75,0.90114,3.65092677,8.330554339,0.726489824,-3.331314788,-3.296742156
13.27886,14.77024,1.112312352,4569.77,0.84824,2.133969318,9.943514507,0.728475801,-3.526542851,-3.481295828
24.15697,26.1697,1.08331881,6265.47,0.9379,6.265657463,7.1841768,0.878771612,-3.051802931,-3.080421431
17.01823,21.30993,1.252182513,4839.97,0.88178,3.258177035,10.6931258,0.96697621,-3.368135356,-3.396340472
19.84194,24.55556,1.237558424,3792.77,0.8717,2.617591948,18.27960067,1.603879628,-3.775319601,-3.667809326
54.23558,56.61026,1.043784541,5633.41,0.96494,12.20943842,6.924564352,1.292302794,-2.420422317,-2.488430087
10.34727,15.7065,1.517936615,4390.76,0.84126,1.823858056,8.698408109,0.51146112,-3.492576045,-3.575662981
15.78271,22.264,1.410657612,6738.24,0.90782,4.23559821,7.241907798,0.727792891,-3.240993465,-3.216094279
10.41133,18.30139,1.757834014,5273.87,0.87498,2.482903048,7.440009088,0.513875635,-3.349840422,-3.391795682
24.1015,26.188,1.086571375,5720.36,0.93582,5.642670654,7.387651155,0.809997354,-3.07417504,-2.971451159
20.61669,29.78936,1.444914775,7189.98,0.9364,6.522890022,6.272965083,0.827893135,-3.033745158,-3.082872784
3.85731,7.32616,1.899292512,1194.09,0.59822,0.535200179,40.46979576,4.92230655,-5.551423486,-5.231095931
10.76806,14.36481,1.334020241,3217.98,0.77954,1.382273408,13.94049753,1.05167244,-3.761852213,-3.76343152
11.34603,14.79124,1.303648942,4543.31,0.83684,1.879639633,9.672508967,0.643883536,-3.505742747,-3.539705167
10.97315,12.55613,1.144259397,5541.17,0.83672,2.179259116,11.61265298,1.110360996,-3.605642784,-3.564324673
15.52745,22.15876,1.427070124,5280.82,0.88408,3.154544417,9.951363386,0.844710123,-3.413340797,-3.547893366
6.97835,11.87518,1.701717455,2441.02,0.73906,0.956387607,12.59393243,0.657038119,-3.816672623,-3.82841395
12.41914,18.58992,1.496876595,5571.14,0.88734,3.007167669,7.706359697,0.59882879,-3.299985708,-3.336439004
19.324,24.61697,1.273906541,5732.96,0.9209,4.475254646,11.08364649,1.07223106,-3.317882611,-3.368295451
22.38431,26.9294,1.203048028,5447.2,0.91938,4.285794199,8.442551333,0.832168803,-3.228126492,-3.231560628
22.86513,25.74141,1.125793293,5320.32,0.92604,4.460156532,7.828228694,0.724670315,-3.22014818,-3.182515923
15.20557,19.42498,1.277491077,6043.06,0.89966,3.758386458,13.34007463,1.116739372,-3.529778211,-3.481030495
17.38692,24.36269,1.40120792,5518.29,0.90244,3.850229963,9.001242739,0.850643957,-3.357888284,-3.300782392
14.18524,22.62039,1.594642741,5785.2,0.90836,4.053369032,15.04043417,1.24633838,-3.559740835,-3.49648534
15.38393,19.03992,1.237649937,2864.82,0.83002,1.643002069,25.82302967,2.396475495,-4.445033423,-4.002424618
9.24256,14.0309,1.518075079,4923.12,0.8249,1.966055805,13.05490691,1.43510856,-3.619045151,-3.645157208
14.80048,22.09373,1.49277118,5073.88,0.8738,2.852702853,14.63371408,1.421227295,-3.619824027,-3.614606863
28.98757,30.18897,1.041445351,5026.88,0.93654,5.225527831,6.05341899,0.596727037,-2.773822891,-2.943357867
15.45021,19.65931,1.272429954,4323.43,0.85206,2.221196859,15.57382199,1.386936627,-3.748314775,-3.71197594
13.72997,16.56134,1.206218222,2610.72,0.74912,1.331442242,18.36567904,1.112793581,-4.018342313,-3.970065587
7.00267,10.18703,1.454735122,2422.6,0.69118,0.879471284,18.07870254,1.19423121,-4.125106586,-4.053406345
15.02847,20.59137,1.370157441,5013.02,0.87858,2.872462508,9.932543396,0.848806495,-3.498110095,-3.514818374
5.65865,8.0326,1.419525859,1415.83,0.60286,0.622154248,23.36627216,1.932788653,-4.614296213,-4.519368179
12.95968,21.65502,1.670953295,5690.72,0.89322,3.327447474,8.576544406,0.71860941,-3.373735495,-3.336730947
22.98632,30.66841,1.334202691,6077.22,0.92996,5.312903484,7.087079253,0.811890551,-3.068720422,-3.092647175
29.54921,30.98046,1.048436151,4804.9,0.9286,5.390688494,8.725063465,0.817524284,-2.958585662,-3.108133042
11.65692,16.45079,1.41124671,4283.63,0.84704,1.933620814,8.183417768,0.482431562,-3.399572258,-3.419242639
11.01238,15.02056,1.363970368,3799.69,0.82074,1.592952301,14.76886968,1.133076938,-3.834364854,-3.769921716
21.917,25.70381,1.172779577,6055.38,0.92986,5.75729057,8.803343892,1.012531748,-3.18313289,-3.199652818
5.78131,9.89708,1.711909585,1729.9,0.68606,0.622711554,38.31497015,1.778113876,-5.254982622,-4.382628799
20.76154,23.12371,1.113776242,6087.96,0.92502,4.907762586,8.277978234,0.813128125,-3.204627118,-3.175466797
14.41927,21.42576,1.485911561,5740.44,0.89522,3.33737199,11.60103448,1.01029371,-3.457281068,-3.390488821
14.90933,19.96718,1.339240596,4363.16,0.87228,2.756323764,10.83147873,0.90860346,-3.465471924,-3.427378955
34.15598,37.83342,1.107666066,6697,0.9618,10.78628399,5.643587822,1.029731752,-2.706263737,-2.784321355
14.7132,20.99212,1.426754207,4934.14,0.88092,2.900778441,10.5863133,0.902013993,-3.464726119,-3.487863382
12.47915,16.64889,1.33413654,5686.94,0.88978,2.987753896,7.074859066,0.543649682,-3.257283465,-3.282002335
9.02049,15.88836,1.761363296,3784.62,0.81152,1.63558164,33.47673112,2.523784717,-4.823344996,-3.998509627
14.67428,21.58176,1.470720199,5916.62,0.90532,3.770909697,7.589115498,0.701821329,-3.268714898,-3.338802107
14.85776,20.98686,1.412518442,5107.42,0.86554,2.651874456,17.7711637,1.645787612,-3.79311569,-3.721063864
23.77009,32.44375,1.364898071,6720.77,0.93736,6.681445261,7.265050856,0.974193348,-3.076112715,-3.082568465
11.94867,19.57258,1.638055114,5117.17,0.87416,2.715811581,9.946681716,0.855046045,-3.461908792,-3.470030942
18.70758,20.80531,1.112132622,2986.69,0.85858,1.960622225,17.18582113,1.290949281,-3.778161437,-3.834744493
10.69287,14.27343,1.334854908,4477.19,0.82866,1.761202785,13.34045072,1.025776413,-3.736363255,-3.739945244
19.95164,24.04688,1.205258315,4974.67,0.90662,4.212096152,9.959045264,0.917003658,-3.269498096,-3.266679687
28.6014,30.29074,1.059064941,4735.31,0.88492,3.16376182,15.86505853,1.778350835,-3.643066768,-3.619328318
11.09504,16.29202,1.468405702,4933.62,0.84658,2.058988771,9.329959249,0.675233044,-3.48622589,-3.490466511
17.20047,22.76371,1.323435348,6080.07,0.90796,4.372276236,8.929398939,0.875017393,-3.311504216,-3.317955136
24.9577,29.71426,1.19058487,5958.66,0.9365,6.141144686,10.38480791,1.200211023,-3.183440467,-3.178406929
18.05942,25.07794,1.388634851,5557.04,0.90716,4.101492915,10.11613718,1.008829271,-3.34217695,-3.302294929
5.87108,11.56426,1.969698931,2647.71,0.72312,0.940092382,13.10473078,0.946457673,-3.796838889,-3.835016109
11.91894,20.3789,1.709791307,3686.78,0.8571,1.871736581,18.26663665,0.994076428,-3.895626672,-3.849090698
15.08355,29.90743,1.982784557,5381.39,0.8929,3.486392566,13.30433378,1.008352803,-3.509362634,-3.455598047
23.08758,25.15408,1.089506999,5684.12,0.92732,4.810823991,7.690020855,0.76978304,-3.151922869,-3.252191746
10.48944,13.90094,1.325231852,4365.99,0.8378,1.938871622,10.63241147,0.737519971,-3.564410788,-3.564773102
32.8031,39.39541,1.200966067,5444.46,0.944,6.689295002,8.296816519,1.008949948,-3.001759015,-2.988870726
23.02797,24.25508,1.053287806,5154.31,0.89092,2.981949386,13.17798576,0.997684023,-3.519029626,-3.540370369
19.97286,22.25948,1.114486358,3390.69,0.86,2.329335543,35.26035241,2.279301577,-4.896525146,-3.92291728
11.19409,15.52102,1.386537003,4658.93,0.84018,1.922599897,9.556167087,0.648941808,-3.502576166,-3.527054522
6.37408,10.27259,1.611619245,2884.65,0.74632,0.922510229,18.86412036,1.897445424,-3.955026259,-3.995858485
15.00762,22.08694,1.471715035,6121.51,0.89812,3.713142271,8.304734547,0.80739602,-3.295823775,-3.298617774
10.85178,15.10746,1.392164235,4307.25,0.80666,1.733887609,20.07948405,1.699058508,-4.010032137,-3.933140283
24.05584,25.92878,1.077858017,6222.99,0.93832,6.258762948,8.017737479,0.969923568,-3.082222794,-3.168173959
9.6943,13.35248,1.377353703,3954.58,0.79604,1.540086674,12.40514934,0.962097075,-3.667451485,-3.629218243
14.31499,20.1361,1.406644364,5103.34,0.86502,2.659308903,12.0678891,1.138022504,-3.567239036,-3.600637745
6.42145,10.71563,1.668724354,2627.79,0.72562,0.906198094,18.17051374,1.623576611,-4.015243797,-4.06694063
14.6129,20.90909,1.430865194,4605.37,0.86868,2.592277598,16.5632769,1.395348357,-3.756950978,-3.734265191
8.73705,10.26494,1.174874815,2008.97,0.70862,0.754977909,14.60722848,1.224492618,-3.894361711,-3.88892058
22.82791,25.64485,1.123398945,5842.34,0.9257,4.876905165,11.98184398,1.19101348,-3.395091363,-3.361298084
9.01282,19.8429,2.201630566,2592.43,0.81754,1.167014018,11.04518146,0.514857423,-3.649532294,-3.670980331
15.1979,22.00434,1.44785398,6973.37,0.92026,5.091510645,6.729610378,0.770754746,-3.123587779,-3.185516506
9.59199,14.01616,1.461235885,3925.77,0.8013,1.662944946,22.05986162,1.847279345,-4.095214275,-3.960386471
25.01205,34.44594,1.377173802,7159.13,0.94456,7.510217063,6.444613133,0.926230947,-2.98831036,-2.980947211
14.13376,27.66171,1.957137379,4769.85,0.89092,2.972448169,12.89363537,0.65649633,-3.400112225,-3.4218506
4.59725,6.75731,1.469859155,558.082,0.59312,0.547856127,20.64923399,2.716535075,-4.42155473,-4.563498663
23.82659,27.03647,1.134718397,6257.65,0.93276,5.8972365,7.820247359,0.9156587,-3.10833512,-3.156671843
21.79906,25.20166,1.156089299,5602.63,0.91952,4.873462336,9.464045135,1.0260679,-3.26400636,-3.326013243
7.96103,12.7883,1.606362493,2813.43,0.7531,1.097197637,14.51414796,1.005599791,-3.905981363,-3.931324169
12.22266,21.99114,1.799210646,5747.4,0.89374,3.274144683,8.290398159,0.691820461,-3.320980947,-3.379047048
28.16229,32.11069,1.140201667,7578.29,0.95836,10.21130963,4.868966261,0.948399586,-2.757679779,-2.812076527
13.35258,20.32132,1.521902134,5274.72,0.88334,3.122920769,11.43447097,1.072962795,-3.469439138,-3.494218612
11.35325,14.39586,1.267994627,4220.53,0.81434,1.772886596,17.98296573,1.437976678,-3.83762296,-3.784482597
15.7461,20.71777,1.31573977,5851.29,0.911,4.39266892,10.98660437,1.094599323,-3.364580453,-3.325482503
21.44486,23.95238,1.116928719,5894.2,0.92432,5.237355938,8.428969892,0.892238972,-3.164123178,-3.186224349
10.65694,19.25323,1.80663774,5428.22,0.87558,2.657290873,9.219370178,0.688068446,-3.489501273,-3.493155
13.3099,28.25695,2.123002427,5094.61,0.87288,2.84651181,14.7001729,0.916320504,-3.589180242,-3.512627978
11.83677,16.107,1.360759734,4275.29,0.85078,1.953113163,7.845476308,0.454475472,-3.408898478,-3.383556459
24.1939,27.99506,1.15711233,7180.52,0.94652,7.50688017,5.745366792,0.854677889,-2.967725071,-2.951798934
8.56715,11.09363,1.294903206,5208.81,0.82418,1.852851847,10.96409406,0.888251787,-3.478818276,-3.543148194
12.78201,15.99249,1.251171764,3619.04,0.81084,1.826138071,14.17703635,1.103524311,-3.823695746,-3.812349787
10.50774,14.52619,1.38242762,5562.18,0.87186,2.742301765,8.708085993,0.687904032,-3.379949893,-3.367640946
6.28426,10.25044,1.631129202,1856.95,0.70382,0.649538101,28.95083445,2.041442658,-4.581649812,-4.331570059
13.68547,24.27351,1.773670177,5430.29,0.89952,3.576705607,8.63529469,0.76957914,-3.305013617,-3.329927017
9.28759,21.06987,2.268604665,3720.35,0.83492,1.751421199,10.086185,0.616134669,-3.545708014,-3.575971339
20.63863,25.27871,1.224825,6140.89,0.93598,6.19374392,7.3929272,0.891714691,-3.079706578,-3.057520223
26.16368,31.81587,1.216031919,7009.05,0.9503,8.189699748,5.562425274,0.863645046,-2.893429639,-2.918033626
12.88666,21.75453,1.688143398,5389.68,0.8804,3.018624681,14.85481421,1.384337988,-3.682613261,-3.657880046
35.86608,41.20987,1.148992865,6636.47,0.96692,12.57433713,5.722819629,1.171571003,-2.639015421,-2.618117309
19.0108,22.98624,1.209114819,5813.05,0.92348,4.959639955,8.31477591,0.82548369,-3.160892333,-3.203215381
24.95244,30.8096,1.234732956,7195.88,0.95086,8.078331422,5.958616043,0.907262025,-2.897935505,-2.949667008
8.8384,12.43174,1.406560011,4087.45,0.79758,1.612090171,20.60249984,2.103560587,-4.07023817,-3.991352988
6.72168,11.38611,1.693938123,3450.42,0.77836,1.179165392,10.94783243,0.665766588,-3.632241857,-3.651728386
8.19028,12.41037,1.515255889,2428.69,0.7596,0.930544802,15.20705446,0.837722292,-3.912477603,-3.91217812
15.2285,21.39243,1.40476278,6067.63,0.91,4.302234325,11.72737728,1.111850451,-3.446468862,-3.392410592
11.6034,14.63826,1.261549201,4336.12,0.81404,1.808664276,18.55071619,1.579854583,-3.958097804,-3.83782568
7.87913,10.59349,1.344499964,3434.59,0.76184,1.171614522,15.9724151,1.34590844,-3.888211036,-3.879693397
17.09209,19.98427,1.169211606,5518.65,0.88944,3.235386126,10.7824714,0.934044061,-3.473534495,-3.518805752
25.95833,29.25012,1.126810546,7154.44,0.94998,8.044133586,5.865660789,0.894755023,-2.908548729,-2.980624829
16.27987,21.15162,1.299249933,4382.77,0.87478,2.759706356,15.51358583,1.264381664,-3.594121098,-3.63371646
28.33305,38.91508,1.373487147,5969.88,0.94462,7.147548426,7.789716662,1.028191386,-2.956842311,-3.04157459
21.46897,25.05537,1.167050399,5988.76,0.91882,4.86189307,8.795041001,0.884164913,-3.256980167,-3.292280963
10.39133,13.15968,1.266409593,5094.46,0.81674,1.942736443,12.87845216,0.989240355,-3.608330071,-3.626989897
20.34721,23.08995,1.134796859,6270.65,0.92054,4.805140572,7.681548712,0.786890112,-3.214629675,-3.280076829
32.51619,34.06113,1.047512947,5518.05,0.91702,4.449134451,12.561904,1.15998802,-3.355961865,-3.376138963
11.47188,14.60078,1.272745182,5673.49,0.85808,2.55745542,13.66486712,1.078551474,-3.618700302,-3.625484358
12.15221,18.56256,1.527504874,5553.15,0.8773,2.918884748,12.65910787,1.082494941,-3.569112298,-3.589771636
10.54855,17.41497,1.650934963,2166.64,0.77342,1.1839517,24.21515041,1.968495128,-4.364351821,-4.297230605
27.60434,31.11021,1.127004304,7020.31,0.95492,8.904679311,5.374550187,0.892815727,-2.829960632,-2.814575927
8.72055,10.7591,1.233763925,3197.74,0.75652,1.069894131,13.5879312,1.006285212,-3.737233554,-3.747879727
15.04085,25.95811,1.725840627,5588.9,0.91052,4.070327273,8.388410513,0.778201515,-3.236800076,-3.211684152
15.42651,20.67704,1.340357605,5315.71,0.89374,3.353507761,13.91004524,1.202979178,-3.494170497,-3.585216726
11.14094,13.98998,1.255727075,3514.12,0.80206,1.576251867,14.39265181,1.021428093,-3.856682599,-3.83162465
4.5079,6.77787,1.503553761,1145.41,0.59008,0.537369432,24.09216417,3.731990539,-4.455931932,-4.47147306
8.27915,14.02453,1.693957713,3688.95,0.76858,1.379479926,25.21889175,2.664131757,-4.239833491,-4.081261799
22.7212,24.05549,1.058724451,2054.69,0.86582,1.940560773,16.09759443,0.6402961,-3.471640225,-3.462082596
6.72782,13.28108,1.974054003,3435.91,0.7845,1.217075358,10.70961663,0.626387239,-3.617491871,-3.684256925
25.29258,28.49752,1.126714633,6777.17,0.94914,7.783600266,7.010573607,0.967137166,-2.970315411,-2.91817324
12.95779,15.27602,1.17890628,5487.8,0.86218,2.665615483,10.44840291,0.823591832,-3.56691878,-3.522891971
15.43959,16.90804,1.095109391,2288.59,0.76132,1.108198239,23.61252931,2.472773077,-4.4059681,-4.329465096
24.13222,30.45445,1.261982942,7144.26,0.94182,6.930701812,6.537843534,0.891801554,-3.023278174,-3.06206975
9.55931,19.2248,2.011107496,2365.18,0.77274,1.223638581,25.06650595,1.699184157,-4.5754057,-4.322309834
34.06183,36.9871,1.085881175,5841.1,0.93474,5.797879929,7.797570914,0.888744185,-3.043687532,-3.031564264
8.39309,11.34269,1.351431952,4367.27,0.80446,1.669627662,11.43419048,0.850633306,-3.584837816,-3.584123175
17.31972,22.142,1.278427134,4999.23,0.87986,2.862552827,10.35701509,0.972876454,-3.432028951,-3.488448702
11.18117,13.87155,1.240617037,4302.84,0.80268,1.705717601,19.79803213,1.742397303,-4.015826328,-3.933348355
10.52591,15.36127,1.459376909,5266.46,0.84374,2.238838841,10.72224336,0.809703353,-3.449718,-3.463100493
14.60092,17.01314,1.165210137,6409.1,0.87892,3.119170984,10.12734436,0.84215692,-3.359964348,-3.305998296
12.6775,22.36456,1.764114376,5237.43,0.89156,3.231331843,9.221086048,0.782248289,-3.388813745,-3.422758248
12.17302,16.62079,1.365379339,5937.69,0.884,3.094143878,14.56889812,1.13165907,-3.590862417,-3.593547418
5.25359,7.80829,1.486277003,1659.61,0.6326,0.664482537,18.04443339,2.422521831,-4.04103747,-4.238516053
23.22865,25.30381,1.089336229,7013.35,0.93838,6.436429982,5.721865977,0.737250156,-2.988718255,-3.070035878
11.50894,13.72725,1.192746682,3903.38,0.80942,1.632905851,19.28534929,1.366101195,-3.90961313,-3.828870712
11.0582,18.91949,1.710901413,4991.87,0.85968,2.437059359,10.68733359,0.811717004,-3.511669186,-3.543777874
5.83827,12.79598,2.191741732,986.617,0.6502,0.471644736,25.72796987,1.615019915,-4.449522474,-4.306300565
14.93453,20.45883,1.369901162,4943.01,0.89462,3.00389497,8.408568694,0.643767393,-3.329149501,-3.324838647
14.25183,17.18833,1.206043715,5313.44,0.88208,2.810371305,8.29707339,0.630539033,-3.324526379,-3.29860414
38.76444,45.1332,1.164293873,5958.79,0.95058,8.279303918,8.115253795,1.136129134,-2.890270292,-2.940728726
11.43201,15.17775,1.327653667,4286.31,0.8367,1.890727818,11.35850502,0.787865034,-3.604138159,-3.565477165
14.86093,19.81698,1.333495279,4157.79,0.87194,2.351110788,10.17800545,0.747366997,-3.469047151,-3.496821007
22.62572,23.18238,1.024602974,5841.63,0.89076,3.333695111,9.077218635,0.787631612,-3.421738107,-3.429125231
10.79063,14.45428,1.339521418,4556.74,0.83766,1.969185489,10.35720126,0.733728888,-3.548455023,-3.55213829
11.56226,18.39865,1.591267624,5105.78,0.87016,2.438980637,7.81524206,0.545039602,-3.35176979,-3.367134481
18.44098,24.73501,1.341306698,6084.64,0.9257,4.7889539,8.254972108,0.842725741,-3.186940069,-3.291765783
9.38498,15.80212,1.683767041,4839.99,0.82472,2.02349027,17.04308739,1.30228005,-3.821383417,-3.840383028
21.1812,24.78501,1.170141918,5820.84,0.91656,4.477817567,8.292277165,0.827465291,-3.221155959,-3.295861758
6.62989,12.5115,1.887135382,2879.37,0.77,1.004064505,11.49823571,0.625982416,-3.676927766,-3.707797903
21.6597,25.17287,1.162198461,5352.2,0.90256,4.14949129,11.26872203,1.007089716,-3.423770553,-3.374429317
19.73273,23.58826,1.195387562,4882.8,0.91024,3.779266019,9.76342429,0.894419075,-3.308082364,-3.34962594
16.04734,21.6908,1.351675729,6050.4,0.89928,3.684788488,8.638621669,0.817905852,-3.308718455,-3.271330421
11.76878,15.17902,1.289770053,4884.75,0.85414,2.289281273,11.75410122,1.079759834,-3.602941612,-3.564751842
29.332,38.26726,1.304624983,7258.75,0.96102,10.64968367,4.920933752,0.978737908,-2.743724329,-2.77727136
11.54862,14.57939,1.262435685,3750.09,0.79532,1.571859424,13.38444752,1.04247499,-3.740837102,-3.726610589
6.32288,11.35835,1.796388671,2805.32,0.73744,0.961975713,14.11289913,0.999684552,-3.897050665,-3.885136742
15.11213,22.10804,1.462933418,4788.78,0.88324,3.060143368,17.82045905,1.78234287,-3.754074918,-3.65155109
25.19151,27.32213,1.084576907,6060.37,0.9354,6.31933091,8.304284938,0.993285983,-3.07616251,-3.142411871
20.532,22.50465,1.096076856,5340.92,0.92502,4.318064055,7.42892814,0.663283387,-3.114676154,-3.155481998
8.60674,10.35283,1.202874724,2069.44,0.71918,0.749984097,14.91996422,0.921959655,-3.866167732,-3.894702781
8.75752,11.66472,1.331966127,4531.5,0.79886,1.646923486,14.24893739,1.694252338,-3.692408593,-3.731970405
24.94932,34.43649,1.380257658,7116.67,0.9424,7.392706135,6.52778559,0.926262289,-3.01056686,-3.046218437
24.68367,29.73588,1.204678235,6209.91,0.948,7.800735639,7.894019447,1.121076191,-2.962670092,-2.997334723
25.60881,29.05739,1.134663813,6833.06,0.94738,7.633266727,6.421319639,0.9171362,-2.868780078,-2.89082795
13.64821,16.87128,1.236153312,4289.02,0.85952,2.200534568,15.03676143,1.377848004,-3.748121495,-3.738529301
24.44635,32.29241,1.320950162,6760.32,0.94204,7.368610427,6.972222568,0.998634319,-2.992555586,-3.051632791
6.79788,10.21289,1.502363972,2425.84,0.6858,0.877435401,18.50681097,1.26019022,-4.13160611,-4.077370005
6.03247,12.02271,1.992999551,2375.88,0.71746,0.835730976,17.89322583,1.830471706,-3.949161508,-4.023106156
9.03807,15.99443,1.769673171,3869.97,0.82904,1.66685097,33.6223221,4.007025838,-4.920218464,-4.210748547
24.60183,28.99843,1.178710283,6788.29,0.951,7.92784081,4.946114443,0.770103572,-2.857315862,-2.818455227
17.21973,23.5683,1.368679997,5508.72,0.90852,4.03978781,13.91074724,1.266168752,-3.505629052,-3.461545221
14.74165,21.54219,1.46131471,6331.96,0.90584,4.276259265,11.65370949,1.054648665,-3.449333187,-3.459630781
11.53473,15.54171,1.347383944,4282.64,0.81704,1.822301921,18.67380294,1.884842231,-3.966625519,-3.859904951
24.95961,27.84903,1.115763828,7279.33,0.94832,7.950768818,5.329195719,0.846443295,-2.92261714,-2.951215644
9.28158,14.22708,1.53282954,4383.22,0.83638,1.802376073,15.12234527,1.061335921,-3.779283343,-3.745364639
23.65374,25.83706,1.092303374,6521.92,0.94276,6.76434291,6.523608899,0.873833531,-2.985891971,-2.98351747
21.82392,23.11854,1.059321149,2234.54,0.86586,2.221492438,27.39945174,2.215465305,-4.041684828,-3.88439808
26.13493,29.57368,1.131576782,6978.38,0.95332,8.438625842,5.234520032,0.854175741,-2.836032797,-2.830987828
11.24109,14.70539,1.308181858,4386.82,0.8391,1.886211392,17.8036177,1.25737811,-3.874719632,-3.774114473
15.6678,20.1039,1.283134837,5063.62,0.88802,3.018864076,9.475964147,0.756506331,-3.368313903,-3.375638765
6.82518,11.04665,1.61851409,1726.73,0.68544,0.672758502,19.63615092,1.164922112,-4.217635306,-4.09638053
10.65223,14.52794,1.363840248,4580.21,0.8334,1.808738983,10.78562697,0.762991604,-3.609478799,-3.580620582
5.24059,10.16182,1.939060297,1358.2,0.63136,0.550209588,18.16762956,1.359305972,-4.293219844,-4.279916192
20.80117,26.51938,1.274898479,6245.81,0.93012,5.606780315,8.584790462,0.941435181,-3.181624534,-3.149212818
25.09775,25.29915,1.008024624,5390.82,0.88894,3.329999363,13.74542263,1.173735252,-3.607263173,-3.528797194
7.60832,9.65517,1.269027854,4798.03,0.79088,1.598069901,13.11744576,1.093978006,-3.704699904,-3.725178531
9.62207,14.7311,1.530969947,4417.44,0.82162,1.739401048,15.28447937,1.101029868,-3.771048605,-3.732072118
10.06618,14.45959,1.436452557,3939.45,0.80034,1.520420066,29.50725849,3.425447078,-4.502784622,-4.138813523
11.47318,13.5486,1.180893179,3445.55,0.80118,1.470440868,22.90008194,2.643643834,-4.278540143,-4.126661266
31.50534,34.11249,1.082752638,6650.2,0.96018,10.06218522,5.577382017,0.980998354,-2.737616057,-2.806914478
23.22368,30.88145,1.329739731,7120,0.93812,6.913394647,6.404962759,0.858514122,-3.045523956,-3.040000382
11.79973,13.97662,1.184486425,2860.56,0.75546,1.126335124,16.98849119,1.548041367,-4.109609043,-4.155831848
12.53132,20.07816,1.602238232,6230.17,0.8993,3.501115389,7.352183071,0.647270629,-3.293911777,-3.278715438
14.10351,20.2134,1.433217688,4991.26,0.87946,2.897659692,9.99860741,0.867796858,-3.444665162,-3.438128317
12.83714,16.34307,1.27310834,6200.77,0.89608,3.722251761,8.109012048,0.745107434,-3.316053157,-3.402937314
9.74017,14.22064,1.459999158,5334.89,0.8525,2.17652165,8.345664253,0.602567949,-3.380262559,-3.392255692
19.70009,23.20835,1.17808345,5687.93,0.91232,4.34821152,10.19537777,1.1091019,-3.331065574,-3.340239266
4.69158,8.24419,1.757231039,1576.17,0.61548,0.660572672,35.26117931,3.625411319,-4.904856399,-4.59654567
20.74094,24.51819,1.182115661,6304.31,0.92456,5.2540774,8.387781752,0.896229737,-3.204386533,-3.272064334
14.73674,20.77847,1.409977376,4133.04,0.86448,2.416652223,20.74709732,2.092288526,-3.943009758,-3.902904481
23.14744,26.69644,1.15332149,5452.76,0.93322,5.160730185,7.567599976,0.766344308,-3.140165986,-3.162689746
29.6656,34.77471,1.172223383,7614.55,0.96174,10.82550467,4.984826124,0.997842362,-2.72093544,-2.788003695
6.8331,10.12143,1.481235457,2830.73,0.73466,0.99086766,40.08952273,3.774498475,-5.204515138,-4.266116483
12.91375,14.7076,1.138910076,3530.69,0.80712,1.627005485,12.75848434,0.933672196,-3.722258522,-3.69023748
11.17776,19.20456,1.718104522,5488.83,0.88196,2.872721587,8.725223028,0.672005165,-3.429107698,-3.437393768
13.71126,19.6183,1.430816716,5556.97,0.889,3.206376686,8.161936642,0.659546787,-3.348929283,-3.342955634
6.27636,18.41528,2.934070066,3197.7,0.78852,1.40267364,12.95195105,0.897904552,-3.799047683,-3.839153353
7.5647,12.51395,1.654255952,2087.16,0.7542,0.775658595,22.02839657,0.924984807,-4.211944744,-4.047526019
35.27982,45.86668,1.300082597,6640.13,0.96414,11.97799549,5.962983269,1.181536965,-2.693435416,-2.635817079
4.61023,8.08019,1.752665268,1588.98,0.6472,0.613744772,23.18576334,3.236688047,-4.310218139,-4.329547063
10.14056,13.26938,1.30854509,4844.81,0.80674,1.68816086,11.66881506,0.943440927,-3.675405152,-3.680173622
14.52338,18.88074,1.300023824,5765.93,0.8905,3.457339421,11.58783593,1.035341887,-3.498784872,-3.495381571
14.23486,20.67302,1.452281231,3701.23,0.86944,2.076775533,9.775968807,0.63623626,-3.44888724,-3.514204833
6.57625,10.39233,1.580282076,3203.28,0.74802,1.127140455,14.52501233,1.145906226,-3.862020333,-3.877052062
10.53423,17.93584,1.702624682,5461.26,0.88282,2.723130974,7.349031398,0.541652474,-3.288403316,-3.312885509
23.20494,23.45234,1.010661523,4890.09,0.89894,2.998295627,6.085218384,0.440858932,-3.13610326,-3.15203123
8.24541,12.2155,1.481490914,3790.81,0.79106,1.388738205,31.1586173,1.827645408,-4.460817917,-3.967079592
7.8602,12.48079,1.587846365,3775.31,0.78538,1.360005403,19.82543717,1.820062021,-4.09297323,-3.952403884
14.30886,19.8663,1.388391528,5879.3,0.89188,3.339549025,17.05052835,1.399580694,-3.732642436,-3.625919858
13.8401,20.13526,1.454849315,5422.43,0.89364,3.215469255,8.048067283,0.640124533,-3.308677478,-3.315878816
21.84308,24.56124,1.124440326,6246.14,0.93214,5.738152986,7.256921628,0.835915552,-3.087405528,-3.131770624
15.73233,21.43029,1.362181571,5267.09,0.8894,3.119464914,9.728039426,0.823178421,-3.405112244,-3.339550294
21.16662,30.02024,1.418282182,6912.6,0.93718,6.409339288,6.037136251,0.788605293,-2.974495436,-3.071053053
11.64986,17.10509,1.468265713,5771.12,0.87368,2.949499178,9.953616674,0.836541541,-3.462672577,-3.488673559
17.3726,28.78983,1.657197541,5709.08,0.92028,4.744298264,8.808774006,0.903460707,-3.203841621,-3.220327632
14.94536,23.12924,1.547586676,6052.51,0.90862,4.174012909,12.5334273,1.156426916,-3.502296532,-3.488001462
31.72546,39.49264,1.244824819,5916.2,0.94356,7.116266441,8.246249515,1.033842995,-3.001374513,-2.962509972
14.21048,19.77483,1.391566647,6116.91,0.90058,3.882362577,8.106194141,0.779145573,-3.305189644,-3.318949098
25.84902,32.31403,1.25010658,5551.64,0.93334,5.349910294,8.468759649,0.935015659,-3.12279011,-3.072122679
10.61177,18.65614,1.758061096,5283.51,0.88014,2.657732469,7.644876169,0.540118743,-3.356890668,-3.312307286
11.90832,16.47557,1.383534369,4056.15,0.8425,1.8138134,11.85252757,0.716900366,-3.564911194,-3.594292805
10.53458,11.86525,1.126314481,3080.63,0.75894,1.211659674,14.88863418,1.062172051,-3.881558876,-3.91642767
24.93474,29.73427,1.192483659,6255.71,0.94788,7.8857913,7.608828546,1.088341881,-2.980235927,-2.975566112
14.61351,17.13896,1.172816113,5354.78,0.89328,3.248668936,7.997502422,0.64784809,-3.328547589,-3.287941428
10.43627,12.1993,1.168932962,2086.96,0.7517,0.887566978,16.61801598,1.023052198,-4.008888959,-3.975077015
10.4217,14.89983,1.429692852,4886.2,0.85308,2.203669165,16.88922866,1.397971481,-3.803938715,-3.809779644
11.22958,14.50079,1.291302969,4306.39,0.83444,1.858329232,10.22562581,0.69673688,-3.543048727,-3.563354245
12.01831,14.03273,1.167612584,3233.31,0.8042,1.349727436,14.07691853,0.978512856,-3.834584458,-3.841434561
24.79467,27.98637,1.128725246,7050.06,0.9501,8.138389454,5.302836211,0.830859867,-2.841769151,-2.983209069
7.69929,10.48113,1.361311238,3149.16,0.75584,1.077606978,19.77840808,2.032672125,-4.097431951,-4.066663626
16.21437,33.05862,2.038847023,4330.07,0.89814,3.258179549,13.58990278,1.194073568,-3.466994972,-3.461242074
18.2799,23.76102,1.299844091,6049.31,0.9217,5.047672769,8.529352872,0.886665495,-3.223494263,-3.255329474
9.92053,12.44112,1.254078159,3797.07,0.79446,1.505919728,13.40868862,1.036010157,-3.738887913,-3.714802771
15.17515,21.05081,1.387189583,5952.67,0.89066,3.340183761,8.687717083,0.78107268,-3.339667375,-3.314619666
10.20997,15.19982,1.488723277,4686.11,0.8548,2.011767475,7.627080268,0.459174189,-3.406048613,-3.388740286
20.36442,25.77619,1.265746336,5647.5,0.90818,4.090974612,13.59827325,1.161150569,-3.490623358,-3.368058482
8.42351,12.89604,1.530957997,4212.86,0.80616,1.564624002,19.37244941,1.66454744,-3.968573379,-3.935524855
10.30651,18.27059,1.772723259,5750.6,0.87406,2.733829601,8.689555021,0.662735617,-3.427261343,-3.46690539
11.55999,15.73013,1.360739066,4276.6,0.81294,1.796294455,19.23280559,1.561773507,-3.927840472,-3.875336017
15.39068,21.35626,1.387609904,4743.61,0.86206,2.591251078,11.43224812,0.984680496,-3.5509514,-3.547090866
16.3324,21.18149,1.296900027,4372.93,0.8542,2.593404458,12.97619647,0.978695953,-3.5723797,-3.578806447
23.05079,28.59644,1.240583945,5504.76,0.92316,4.542417249,8.43287584,0.846204767,-3.198505188,-3.212155207
15.85804,20.33426,1.282268174,5777.56,0.89624,3.538771949,8.022329513,0.728824097,-3.31216838,-3.406113742
35.69167,36.76279,1.030010364,5479.51,0.92814,5.282887847,8.35697052,0.891964437,-3.136274516,-3.114805164
15.0558,20.68074,1.373606185,4756.86,0.8647,2.605766014,10.72353072,0.945922746,-3.53121579,-3.534813354
18.24183,22.726,1.245817991,6030.27,0.9201,4.806331131,8.340173568,0.840778582,-3.194790075,-3.268352679
17.02711,19.32924,1.135203801,4854.4,0.86246,2.682437539,13.65738157,1.356006598,-3.670294775,-3.634773234
11.14167,14.40037,1.292478596,4017.03,0.80946,1.646157319,14.95978435,1.527393111,-3.73455655,-3.766647281
10.21848,13.48499,1.319666917,4702.81,0.81248,1.780068006,16.17900968,1.269265339,-3.87332456,-3.835790049
13.85562,20.43698,1.474995706,4761.91,0.8724,2.704495713,10.66937695,0.922104634,-3.534984649,-3.485095989
10.49172,15.08894,1.438176009,3827.55,0.81216,1.6232811,13.3710709,1.128005739,-3.660267197,-3.668286119
24.73978,29.11512,1.176854443,5590.71,0.92388,4.846837867,9.30456987,0.960112677,-3.186251247,-3.158566469
11.72746,16.43287,1.401230104,3419.29,0.8031,1.688057273,15.26344293,1.124634742,-3.753199765,-3.78443273
10.94832,14.71047,1.343628063,4451.74,0.83196,1.886633286,11.45094876,0.842158204,-3.55809253,-3.574035091
15.35199,23.5566,1.534432995,4201.32,0.84558,2.2989212,12.97047236,0.99532077,-3.611186153,-3.620990064
14.81572,16.7181,1.128402805,5275.91,0.85092,2.41388212,9.940113103,0.814930555,-3.415415895,-3.439545715
19.32375,22.58175,1.168600815,5109.49,0.8943,3.556501163,12.1809277,1.296978451,-3.498826318,-3.489938082
24.9093,32.58152,1.308006247,7202.18,0.94488,7.493754412,6.158561319,0.884908275,-2.944533721,-2.878181511
44.0308,48.05963,1.091500268,5690.72,0.95466,8.688284386,8.192913607,1.16861189,-2.823599286,-2.879551852
13.72049,20.35415,1.483485648,5677.47,0.90092,3.645456936,13.36104049,1.093290161,-3.511054208,-3.495954317
14.15113,21.93634,1.550147585,6128.48,0.88776,3.329745138,9.64123272,0.890539837,-3.387630046,-3.441076576
20.34767,24.04278,1.181598679,5919.89,0.9162,4.564522075,8.820096243,0.835739698,-3.264485073,-3.270519903
19.07062,24.48966,1.284156467,5939.71,0.92446,4.73063146,7.627328987,0.780899649,-3.171888333,-3.234726991
11.81175,13.61218,1.152427032,4820.8,0.82822,2.00261625,12.81459038,1.017861532,-3.615939031,-3.623777471
10.44461,12.75782,1.221474043,3018.25,0.7743,1.227467498,16.13617895,1.418400521,-3.918966371,-3.929614838
9.98891,13.96786,1.398336755,4182.48,0.78338,1.528704432,19.85417171,1.848996843,-4.081475515,-3.951448563
8.14134,10.12638,1.24382227,4812.61,0.82662,1.778285478,8.960644871,0.623858558,-3.44150939,-3.47182241
10.71029,14.94542,1.395426268,4434.8,0.81818,1.764672896,10.71704746,0.711853937,-3.615350843,-3.632820121
11.23494,21.39088,1.903960324,5126.06,0.87052,2.679627908,10.49605191,0.885722568,-3.521865308,-3.504249996
10.47388,14.84993,1.417806009,3563.7,0.77804,1.462681909,15.25710159,1.498903566,-3.856589932,-3.842395694
13.18582,16.35903,1.240653217,5728.64,0.88364,3.200921545,8.657758198,0.773508049,-3.379638174,-3.407003865
10.8238,16.04542,1.482420222,4773.35,0.84502,2.003794076,9.864410826,0.700849898,-3.48306266,-3.481014112
11.34712,14.95217,1.317706167,4880.87,0.84498,2.145457869,18.5518632,1.515018396,-3.903480423,-3.802486265
13.55084,16.76499,1.237191938,5812.01,0.85402,2.561901162,10.62937908,0.95817954,-3.474922136,-3.515159915
8.78652,18.79789,2.139401037,3189.48,0.81164,1.380788658,10.02716802,0.502034369,-3.63677736,-3.618640114
14.93487,17.12874,1.146895822,5697.72,0.88634,3.265217407,8.746677075,0.752670606,-3.365501699,-3.368655683
7.46084,10.67367,1.430625774,3984.38,0.77938,1.290789515,16.52934625,1.448978976,-3.848887692,-3.881135027
10.12229,13.76972,1.360336446,4509.56,0.83038,1.920282314,11.10129785,0.816628633,-3.600651404,-3.658983274
13.15563,18.55916,1.410738976,5923.51,0.89996,3.438413369,6.398322791,0.552117926,-3.159171319,-3.212394465
10.35351,14.20737,1.37222739,4500.78,0.8341,1.803104686,13.95124721,0.997402469,-3.68812989,-3.677507454
10.70106,16.36516,1.529302705,5779.12,0.86948,2.850726058,9.48535044,0.75376471,-3.473238358,-3.465966126
21.3774,24.49004,1.145604236,5899.31,0.91452,4.562903829,10.71664746,1.058136282,-3.325201677,-3.373823905
8.12285,12.31198,1.515721699,4312.67,0.80818,1.546827031,12.23242191,0.809123854,-3.66807809,-3.605260572
14.87255,18.6768,1.255790029,5905.1,0.89254,3.443335082,8.584419769,0.755764837,-3.386552182,-3.392836534
36.75682,40.98154,1.114937038,5534.92,0.94414,6.748388204,9.137930774,1.066380382,-2.988065193,-3.069452447
9.65516,14.01866,1.45193451,2824.95,0.77894,1.264568415,24.85120837,2.85940642,-4.493789258,-4.211911535
4.80849,7.77653,1.617249906,2237.83,0.67324,0.734267145,25.33882968,4.037323913,-4.382111405,-4.391048893
27.08476,31.21513,1.152497936,6735.73,0.94748,7.624795796,6.706174576,0.981849793,-2.972517062,-2.935854787
9.25845,13.55213,1.463757972,3653.55,0.80908,1.431776998,10.93124356,0.656569531,-3.644396463,-3.683458561
18.58719,20.59534,1.108039462,5529.43,0.90808,4.083295487,8.884333836,0.818222937,-3.326599638,-3.295845533
15.49709,20.2679,1.30785199,5282.19,0.89392,3.187346457,9.458041155,0.779601812,-3.40676913,-3.435694465
14.28379,20.43069,1.430340967,4601.52,0.87186,2.632570611,14.99135906,1.509034396,-3.650163674,-3.652438563
34.49931,40.65858,1.178533136,6711.71,0.96506,12.15521943,5.584785863,1.150802772,-2.653234658,-2.694240444
11.58451,14.88893,1.285244693,3190.01,0.80538,1.506489814,14.00609547,1.027334868,-3.844703984,-3.849226168
6.78527,9.58038,1.411937918,3378.89,0.74884,1.092640392,53.41087984,4.290888153,-5.641445477,-4.259210888
24.98142,25.19483,1.008542749,5204.43,0.90446,3.385702681,12.50721519,0.90326896,-3.441626114,-3.413758777
7.52228,12.85823,1.709352749,3712.43,0.79508,1.371440005,16.34293665,1.288566261,-3.846725692,-3.82569633
12.93142,21.41382,1.655952711,5840.02,0.89696,3.492331712,7.79748929,0.681702233,-3.300384157,-3.291341162
14.51023,19.65756,1.354738002,4949.93,0.8731,2.793794838,10.35400424,0.890430236,-3.485675906,-3.530014133
22.44763,22.84023,1.017489597,5752.52,0.8986,3.395261143,8.282100771,0.732314359,-3.376714226,-3.44114184
9.84891,17.00745,1.726835762,4439.04,0.84246,2.004563722,31.74412794,2.31091322,-4.477624684,-3.972020119
14.76754,20.95577,1.419042711,6219.89,0.90232,4.147148583,8.622133777,0.848401981,-3.327897288,-3.316673531
10.8553,16.51385,1.521270716,4444.96,0.82812,2.06427747,20.67780947,1.981946368,-4.019854393,-3.927406001
11.53888,17.98905,1.55899446,6200.87,0.89192,3.345799932,7.655161323,0.680458351,-3.302043526,-3.239420329
24.48828,30.12593,1.230218292,6202.41,0.94384,7.261368969,6.874021558,0.916110863,-2.980178108,-3.04347186
16.22568,18.90952,1.165406935,3709.93,0.83458,2.048054106,19.43556738,1.743237628,-4.187630786,-3.998124033
14.01629,22.9646,1.63842215,5651.83,0.901,3.701147725,8.502933246,0.742352887,-3.301916155,-3.359528472
18.25776,21.58987,1.182503768,5842.84,0.89976,3.882275275,8.939765346,0.820712933,-3.289069372,-3.36442
22.88475,27.30582,1.193188477,7063.95,0.93608,6.455546054,6.19517577,0.790946792,-3.054798436,-3.082780562
20.65941,28.55079,1.38197509,7072.66,0.94312,6.705200668,5.318659701,0.720131525,-2.925335062,-3.015031459
19.54488,22.65152,1.158949044,5169.56,0.89718,3.866022028,11.86002233,1.116717446,-3.43466896,-3.474296318
28.96052,31.95486,1.103393862,7193,0.95006,8.684277879,6.067356379,0.969253472,-2.888201485,-2.888473534
9.05531,15.53203,1.715240008,4642.55,0.82362,1.966191682,17.40951015,1.4552459,-3.892501441,-3.844447695
9.03819,12.11556,1.340485208,4489.72,0.80902,1.683718491,21.981123,1.484657933,-4.067431466,-3.794266934
13.27226,20.39496,1.536660674,5954.78,0.89468,3.609137813,14.54964334,1.207630432,-3.576919508,-3.545331075
14.52035,18.30561,1.260686554,5952.64,0.88568,3.400275652,12.8346102,1.198247588,-3.606776914,-3.509749165
8.83138,13.68652,1.54976006,4071.07,0.80168,1.573402418,17.32646563,2.079005007,-3.875001337,-3.875713453
15.28004,19.19565,1.256256528,5450.69,0.88508,3.144893652,15.04209169,1.18827846,-3.676729289,-3.590232188
6.59048,11.69941,1.775198468,1402.97,0.67536,0.522223253,27.37185302,1.037512469,-4.525955364,-4.197544062
7.52568,10.92661,1.451909994,3782.45,0.78394,1.307972737,26.44787457,3.573744912,-4.398942112,-4.180574614
9.59074,14.43792,1.505402086,4005.34,0.81252,1.680319139,18.37881618,1.629840875,-4.037817961,-3.937099554
7.1391,9.7092,1.360003362,2510.02,0.7212,0.884199531,32.85041459,3.348323004,-4.911853496,-4.429261619
8.40314,13.68507,1.628566226,4349.95,0.80252,1.680680716,17.14508852,2.029876945,-3.946584051,-3.927735002
8.19405,15.12904,1.846344604,4178.45,0.81418,1.701141644,17.20762971,1.831870787,-3.853920084,-3.841443793
6.01138,9.52346,1.584238561,2644.42,0.69882,0.900442606,27.34985319,2.383183053,-4.561476683,-4.318067735
12.64889,18.5952,1.470105282,5373.98,0.87066,2.820773667,14.93132861,1.230606149,-3.692335737,-3.731201521
8.44981,12.86956,1.523059098,3540.82,0.77124,1.285348586,18.50347356,1.621171303,-4.045681949,-3.994105513
8.2115,13.18197,1.605305973,2107.2,0.74676,0.781864136,22.91306568,1.321318889,-4.328343266,-4.165560315
15.97915,20.91409,1.308836202,6212.9,0.90836,4.140276031,13.47902564,1.083596053,-3.438880823,-3.44196204
13.3924,18.24902,1.362640005,4405.59,0.86142,2.169993123,17.73359723,1.145583505,-3.81248309,-3.777641998
16.34199,22.7831,1.394144777,6097.22,0.90984,4.267141919,13.28800845,1.200662903,-3.445628267,-3.445304987
11.35892,18.1944,1.601771999,5332.66,0.87508,2.6921728,15.20655192,1.174846845,-3.636006954,-3.658177643
9.59825,17.62466,1.836236814,4695.07,0.844,2.132492464,15.8603367,1.459173788,-3.795500221,-3.776215378
9.4196,13.32139,1.414220349,5425.12,0.85026,2.225718295,12.68772442,1.049350051,-3.562548202,-3.54994128
9.60469,15.08588,1.570678491,3307.27,0.82342,1.401353667,20.61064705,1.058201071,-3.98637252,-3.860408523
12.58541,20.43867,1.623997152,5685.21,0.88712,3.296777622,14.66007583,1.218148976,-3.617135233,-3.653227703
7.79048,14.16004,1.817608158,2001.58,0.75634,0.802446148,43.60610549,1.530728507,-5.076950855,-4.274139456
7.47406,11.20532,1.499227997,3174.33,0.7583,1.120861806,30.47561484,1.942018868,-4.51046412,-4.104387848
12.16002,21.18589,1.742257825,5533.17,0.8769,2.969602969,14.92117097,1.241106907,-3.691121647,-3.667284636
9.05339,14.45995,1.597186247,4377.87,0.83314,1.773170249,15.42757932,1.062983096,-3.747688742,-3.786563029
19.33056,21.83146,1.129375455,6059.63,0.91432,4.591089174,13.20813289,1.258549876,-3.418161732,-3.398184384
12.16641,14.87442,1.22258086,3987.24,0.82928,1.854930346,17.25014322,1.357232954,-4.000498538,-3.930551702
15.58045,20.52037,1.317058878,4431.12,0.8461,2.077557906,16.77948216,1.485180194,-3.830995222,-3.812756037
9.32797,13.24877,1.420327252,3400.61,0.79346,1.276270625,31.58860712,4.531054057,-4.865226888,-4.296892939
13.77401,16.40445,1.190971257,4532.49,0.85504,2.343198055,16.52815669,2.053339518,-3.778250163,-3.799798311
11.04773,14.96946,1.354980616,4492.21,0.82396,1.742521492,28.36280448,3.327656725,-4.490563845,-4.10463911
10.57302,18.40529,1.740778888,5393.1,0.8743,2.700215264,13.94473665,1.129812013,-3.624623885,-3.639786366
5.54034,10.23187,1.846794601,1971.23,0.67616,0.719757129,32.38056727,4.734882394,-4.947431485,-4.691664369
8.15613,16.35735,2.005528357,2985.09,0.80228,1.219042641,23.25070605,1.240539446,-4.224604591,-4.027451224
12.59731,18.24915,1.448654514,5396.11,0.86832,2.692506861,14.1025824,1.200767177,-3.63051776,-3.656359548
10.344,16.79584,1.623727765,5108.78,0.8594,2.426285417,14.57163015,1.167509271,-3.708965582,-3.692339438
10.64607,16.26747,1.528025835,4716.24,0.8504,2.165818574,17.24606222,1.573676377,-3.879255987,-3.770735198
6.45866,10.21257,1.581221182,2338.7,0.73156,0.801436442,42.84699567,3.662342354,-5.447146892,-4.419980059
5.58637,11.08967,1.985129879,2244.07,0.69672,0.791158178,42.93068285,4.864381238,-5.248133608,-4.491181986
14.61652,20.07987,1.373779121,5509.26,0.88226,3.159391226,15.04660279,1.450420658,-3.68660177,-3.634422714
8.77439,12.4007,1.413283431,3439.76,0.77434,1.287630868,21.49121114,1.340640536,-4.288611096,-4.081982333
9.17267,16.98894,1.852125935,4355.22,0.82586,1.871531358,16.60321094,1.834006902,-3.796392275,-3.801155408
8.5885,15.81993,1.84198987,4110.61,0.8055,1.719779492,17.44720235,1.372135487,-3.942733633,-3.89794201
9.27755,13.94041,1.502596052,4207.72,0.82008,1.805973666,19.97651502,1.60461304,-4.014486021,-3.877752009
9.54459,14.30515,1.498770508,4330.85,0.8121,1.829358947,17.7426718,2.035498313,-3.967977356,-3.912534073
8.68185,13.42776,1.546647316,3388.66,0.78068,1.283941359,38.1196704,4.349593928,-5.060669121,-4.261977976
6.76596,10.44202,1.543316839,3422.36,0.75688,1.112213214,20.37028952,2.1715633,-4.075025348,-4.082142167
11.20284,14.58847,1.302211761,4900.82,0.8374,2.033536104,21.16935347,1.846488784,-4.006233995,-3.857005782
10.92128,14.36738,1.315539937,5023.95,0.83546,2.038025448,16.55169563,1.361492131,-3.787669014,-3.748157907
8.52701,16.0962,1.887672232,4594.6,0.82436,1.916011231,15.86073981,1.337252937,-3.854485308,-3.815339136
6.14698,10.15185,1.651518307,2711.53,0.71952,0.929470701,33.2226983,4.199667834,-4.892328538,-4.318174097
11.30558,17.00932,1.504506624,4650.23,0.8548,2.335340466,16.30445483,1.474524535,-3.779152045,-3.785977982
9.14981,14.35363,1.568735307,3960.57,0.7947,1.512630954,18.76273709,2.123137861,-3.993328765,-3.935086629
10.96857,17.03943,1.553477801,4298.74,0.85472,1.943592344,14.39900953,0.906295423,-3.682090744,-3.684968391
6.90458,11.84769,1.71591755,3333.03,0.76406,1.114405772,18.13655503,1.915463592,-3.921559544,-3.906991835
10.46259,14.75594,1.410352504,3524.12,0.8317,1.505118707,20.00422219,1.053032965,-3.951316724,-3.851994395
12.03731,20.14092,1.673207718,5735.2,0.8859,3.200054906,12.88926313,1.021155013,-3.553053061,-3.550313805
13.00661,18.53585,1.425110002,5737.69,0.8866,3.278882532,14.61019553,1.247600596,-3.606388354,-3.621013073
8.00072,11.57623,1.446898529,3841.98,0.7769,1.343513299,22.23173124,2.158714904,-4.133261004,-4.039757474
8.269,11.33491,1.370771556,4077.4,0.79534,1.43779365,23.74172057,1.909162377,-4.138267836,-3.9730889
5.72893,9.68191,1.690003194,1734.34,0.6859,0.621224335,31.65835111,1.719334393,-4.843962072,-4.39407608
4.88663,9.94755,2.035666707,1816.11,0.67312,0.689433372,49.07693064,6.70980915,-5.694153253,-4.729881051
12.04663,15.14446,1.257153245,5313.97,0.84122,2.169485056,13.56898531,1.160885906,-3.66163588,-3.660124383
9.87932,17.61363,1.782878781,4958.38,0.84446,2.29648807,16.09766313,1.210279547,-3.744401001,-3.758380074
13.15094,19.36713,1.47268028,6031.38,0.8981,3.704009205,14.8280768,1.239819757,-3.566525713,-3.583563146
5.919,10.83796,1.831045785,2781.49,0.73234,0.937232047,28.84849652,4.612836955,-4.576355809,-4.349813987
9.07136,15.08419,1.662836664,4492.91,0.81868,1.887873226,16.67694256,1.428073023,-3.937167488,-3.852315001
12.1058,20.37315,1.682924714,5240.81,0.87256,2.751218651,14.68056734,1.230840383,-3.726171536,-3.6950369
8.36997,13.02938,1.556681804,2320.75,0.7087,0.857734863,28.00220371,1.980347879,-4.595246902,-4.33642379
9.17818,12.42238,1.35346877,2923.38,0.74888,1.065079837,22.10781901,1.666726875,-4.167903662,-4.128241339
10.11076,17.08221,1.689508009,4432.01,0.84248,1.986287805,17.03699277,1.50940213,-3.869311403,-3.821204484
7.48074,11.67775,1.561042089,2562.38,0.72048,0.901824226,35.00043427,5.868297567,-5.005081798,-4.412127545
8.02502,15.16479,1.889688748,3528.53,0.80038,1.448950553,31.16449464,2.82175947,-4.970178417,-4.240360273
12.90842,21.02114,1.628482804,5318.77,0.87632,2.931738194,15.37166763,1.229859601,-3.670132542,-3.684515546
12.87077,16.96038,1.317744004,5384.82,0.86916,2.690531321,14.79859043,1.376085326,-3.633016115,-3.665828019
11.45128,13.87132,1.21133358,6315.52,0.86088,2.797944638,16.66816759,1.079714239,-3.648205393,-3.60221464
8.85999,12.24613,1.382183276,1989.45,0.7683,0.80784651,21.26465819,0.495137328,-3.999946766,-3.908398563
8.06315,12.17338,1.509754872,4826.72,0.8082,1.810638002,23.37624828,2.033769918,-4.139524968,-3.965632402
11.25742,14.86582,1.320535256,6316.26,0.87572,3.211965831,14.87772199,1.139244956,-3.671500964,-3.578689317
6.98279,9.7079,1.390260913,3654.88,0.75268,1.212255916,18.8702289,1.726380957,-4.025393994,-3.930849834
8.14922,16.48432,2.022809545,3006.89,0.80012,1.232962627,27.44897841,1.512849977,-4.230530421,-4.000683786
12.09542,15.94847,1.318554461,5533.54,0.87766,2.771371192,12.82686712,0.898126505,-3.513622538,-3.535216534
6.93267,10.88134,1.569574204,4510.12,0.78682,1.421520273,15.43818307,1.508929351,-3.713371986,-3.745161005
10.34882,13.4966,1.304168011,4387.08,0.83056,1.906891635,22.31158228,2.076016925,-4.149265316,-3.952530112
8.59316,11.30816,1.315948964,3656.75,0.78458,1.308503488,16.25979666,1.064878272,-3.888692214,-3.875029163
9.77715,12.57598,1.286262357,6024.66,0.8193,1.911001847,13.04626116,1.151116312,-3.630249925,-3.623944537
10.57604,13.22258,1.25023922,6244.76,0.83656,2.349782032,14.74486981,1.201947202,-3.70479358,-3.682302867
6.62157,10.42184,1.573922801,3793.28,0.75808,1.250364926,18.4515142,1.323350462,-3.987776291,-3.958098996
7.38629,10.94309,1.481540801,3743.96,0.77758,1.258275038,24.8040187,2.702730002,-4.249918574,-4.094855309
10.09769,14.4357,1.429604197,6214.86,0.85074,2.560048629,14.49308442,1.159638655,-3.693593733,-3.607221138
11.57279,15.6011,1.348084602,6220.66,0.87734,3.148232542,14.83901194,1.166854321,-3.63419635,-3.577747882
10.76554,15.19075,1.411053231,6157.9,0.86534,2.866569716,13.750721,1.062990143,-3.641243337,-3.543277261
9.94447,12.53714,1.260714749,4298.35,0.81746,1.77442917,18.23162019,1.199124042,-3.923364617,-3.861891589
11.18435,14.69009,1.313450491,6126.09,0.86752,2.97976554,16.10283591,1.160215673,-3.682835275,-3.595221635
10.72403,14.88328,1.387843936,5866.45,0.8655,2.816328523,15.61211475,1.005298006,-3.643918692,-3.580384107
9.16945,11.09041,1.209495662,3172.45,0.7542,1.089800926,19.21664344,1.276869299,-4.034012454,-3.9801013
9.09558,16.03929,1.763415857,4467.8,0.82616,1.9126642,18.7626352,1.701190788,-4.01410797,-3.947338301
10.99131,14.01656,1.275240167,4831.21,0.85212,2.183568145,13.38003445,0.800593015,-3.608145971,-3.580627299
10.23376,12.44887,1.216451236,4636.22,0.82378,1.923241247,20.41340658,1.708368129,-4.046341881,-3.935292828
11.63304,14.12623,1.214319731,4902.04,0.85692,2.24683395,12.53008079,0.790143198,-3.545279158,-3.551907641
12.66181,14.11068,1.114428348,4106.03,0.82386,1.904416269,17.05958449,1.307528387,-3.88390976,-3.838815485
12.72141,14.69073,1.154803595,3801.1,0.8174,1.718353206,25.29985432,2.401161045,-4.361319162,-4.108063716
12.67012,14.88775,1.175028334,4684.29,0.84136,2.20031853,16.61004141,1.450777758,-3.75489364,-3.749534673
10.00357,12.57706,1.257257159,4260.23,0.82216,1.754809847,19.08950069,1.109280818,-4.016399444,-3.817351096
8.11443,11.16373,1.375787332,4434,0.79204,1.55198191,19.67381975,1.378674362,-4.02452556,-3.917526503
11.23814,14.0973,1.254415766,5120.75,0.84412,2.276556954,15.52304073,1.105921674,-3.754880323,-3.657718339
9.6432,10.92789,1.133222374,1853.43,0.73826,0.727020267,25.69772365,0.966341327,-4.52629432,-4.199951944
11.58191,13.47969,1.163857257,3741.92,0.79156,1.599227419,20.45068201,1.81939095,-4.170920165,-4.057885639
9.82289,11.85305,1.206676447,3602.24,0.79454,1.43279631,17.58265796,1.149715252,-3.95543735,-3.919157646
7.08346,11.85876,1.674147945,4670.08,0.7848,1.576150481,16.66242167,1.841547712,-3.747531985,-3.751912055
8.1238,11.09973,1.366322411,2844.38,0.74178,1.032393651,28.42436778,3.146249829,-4.631730381,-4.223268438
10.34674,12.71299,1.228695222,4624.06,0.8228,1.902823709,17.40653976,1.141086346,-3.856805253,-3.793660182
6.0928,9.76056,1.601982668,3565.68,0.73654,1.146058954,20.90675729,1.485874701,-4.044620841,-4.019089184
6.9522,9.65115,1.388215241,2962.22,0.7061,1.025203959,19.83460965,0.835388462,-4.116201398,-4.083291313
10.19492,15.16149,1.487161253,5919.36,0.86578,2.822364282,17.31508141,1.401647467,-3.753958444,-3.676252436
8.71135,12.75058,1.463674402,5005.43,0.82262,1.968951354,15.52466865,1.445000797,-3.71997467,-3.736033777
10.77186,13.5187,1.255001458,3130.59,0.81126,1.246320615,18.6112155,0.762235519,-3.929486455,-3.803098276
6.67442,9.6728,1.44923454,4280.9,0.74518,1.336401232,21.28825495,2.295220377,-4.103255964,-4.028436114
11.89233,16.68214,1.402764639,6737.17,0.88858,3.629197605,15.43853123,0.98754026,-3.50563376,-3.424920392
9.96826,13.70374,1.374737417,6049.1,0.8414,2.412049353,14.84297136,1.131125233,-3.633711918,-3.609307465
11.2963,13.8859,1.229243204,4900.31,0.83362,2.280485303,17.18121608,1.220980787,-3.876109564,-3.777595273
9.96444,13.97751,1.40273914,4476.08,0.82018,1.941971473,18.37152561,1.737494696,-3.951950309,-3.905702893
10.43191,13.59592,1.303301121,4257.75,0.83376,1.84231518,17.59889275,1.230027179,-3.802281572,-3.749261366
4.29985,8.07644,1.878307383,1914.47,0.64886,0.695201432,20.50939045,2.516960381,-4.335199478,-4.394103588
10.45455,14.22497,1.360648713,3661.46,0.8149,1.607281979,20.80601448,1.617899109,-4.080322736,-3.874474182
5.45342,8.78733,1.611342974,2125.95,0.66926,0.724177258,28.6333269,5.317079707,-4.670130842,-4.520955354
6.95641,10.69804,1.537867952,4170.44,0.76446,1.267891558,11.95901745,0.995346737,-3.701825234,-3.659687826
11.95119,15.39612,1.288249957,5188.14,0.85558,2.57819751,16.15156774,1.455083937,-3.763025669,-3.687342848
12.04581,15.65671,1.299763984,6239.11,0.87736,3.114530048,15.07378508,1.152444533,-3.602635039,-3.592090332
12.28485,14.18971,1.155057652,3694.2,0.79136,1.562924005,20.90273191,1.542478838,-4.250712268,-4.040366098
10.69021,14.9419,1.397718099,6827.56,0.86672,2.932248919,13.71464093,0.99727725,-3.478308856,-3.519004855
12.54347,13.92519,1.110154527,3805.88,0.81208,1.710571216,18.55862223,1.377341989,-3.988644919,-3.883127184
6.74065,10.73224,1.592166928,4255.11,0.75836,1.340427036,17.50971488,1.663246789,-3.905920778,-3.897117562
7.29484,11.11525,1.523714023,4515.6,0.77828,1.45505806,17.75102155,1.346205942,-3.955141486,-3.868704006
7.12749,10.80472,1.515922155,3635.08,0.7546,1.234529526,23.85348585,1.455956446,-4.243751824,-4.107016679
11.21241,15.43407,1.376516735,6213.59,0.87396,3.1345291,16.26172285,1.118992447,-3.640232915,-3.617383931
9.22997,15.14553,1.640907825,4491.55,0.83046,1.925173112,16.64308623,1.395120363,-3.850851588,-3.844571982
11.96459,15.12268,1.263953048,6228.99,0.87978,3.176124015,14.06327459,1.106149396,-3.583825554,-3.535288298
8.72309,12.29384,1.409344624,3789.8,0.78816,1.477288489,18.31181189,0.796016457,-3.910542601,-3.884119061
9.02078,12.19417,1.351786653,5896.27,0.81074,1.859188391,15.06768264,1.444125494,-3.770130522,-3.708686741
6.04934,8.60601,1.422636188,2056.3,0.67526,0.715341288,35.94066436,4.76198662,-5.101945335,-4.465378091
5.93955,9.69733,1.632670825,2892,0.71836,0.975152851,24.38857242,1.933756831,-4.431262372,-4.292893508
8.85075,13.16883,1.487877299,4741.63,0.82976,1.900630138,17.31402879,1.032246233,-3.73631841,-3.654174883
9.74008,13.00085,1.334778564,4293.27,0.81598,1.699444959,20.02357052,2.155133554,-4.028009695,-3.890853052
10.28848,17.4787,1.698861251,4860.78,0.85554,2.271759276,30.19056824,2.519540828,-4.498819819,-3.916658664
7.72608,11.02545,1.427043209,2966.53,0.7446,1.053830858,36.91435533,3.915568334,-4.874443322,-4.274553677
13.40867,15.71399,1.171927566,5162.07,0.86626,2.528628266,11.80259985,0.805437444,-3.461096183,-3.455268826
8.13254,12.93067,1.589991565,4546.67,0.80546,1.76001818,16.64853462,1.627815288,-3.797892345,-3.755955672
10.47106,13.63735,1.302384859,4227.13,0.82404,1.679445321,17.14395177,1.282794218,-3.817405163,-3.778783895
7.32246,10.85775,1.482800862,3532.44,0.76876,1.187593268,27.43764928,3.072999365,-4.504138395,-4.111512787
7.1561,9.83498,1.374349157,3106.21,0.73366,1.081172688,18.98094691,1.548093606,-4.094109294,-4.06028111
9.08727,11.38312,1.252644634,2804.03,0.74652,1.108423646,23.765237,1.347271538,-4.412534067,-4.112554982
10.60414,18.08012,1.705005781,5489.71,0.87564,2.805522359,13.56444609,1.100984799,-3.600178988,-3.612200022
6.33565,9.26021,1.461603782,2911.38,0.70464,1.020516341,24.68838245,1.048527319,-4.367477533,-4.155847091
9.85661,13.12328,1.33141922,3873.36,0.81816,1.615091241,22.31460252,2.24034237,-4.137036258,-3.983060411
13.49534,18.36678,1.36097201,5365.66,0.87806,2.896367913,14.71535129,1.252385369,-3.688435795,-3.654077252
11.0612,13.88073,1.254902723,4362.76,0.83174,1.949740969,22.06600347,2.024583667,-4.072675978,-3.898168269
11.33612,15.57757,1.37415359,6295.34,0.87996,3.198854177,13.39414607,1.029542662,-3.563736089,-3.480380507
10.46533,13.08202,1.25003416,3523.97,0.808,1.48569012,18.27072435,1.362028822,-3.925950058,-3.845045093
9.41512,13.06764,1.387941949,5886.42,0.83864,2.300372771,16.22192538,1.095935153,-3.726327255,-3.622476899
9.0251,12.01133,1.330880544,3218.72,0.78,1.25059724,18.8248911,0.691121828,-3.906182534,-3.830510887
21.40818,25.43803,1.188238795,5785.36,0.8871,3.531589633,15.62187965,1.232140495,-3.571253153,-3.591348698
12.24309,14.38201,1.174704262,3510.93,0.80042,1.497892822,25.61007833,2.098546373,-4.337895096,-4.081746056
10.8964,13.98412,1.283370655,4977.85,0.84896,2.189672204,13.28651172,0.889465187,-3.638669419,-3.597695941
10.04806,12.88591,1.282427653,4524.87,0.8222,1.852502749,17.49006957,1.103951362,-3.872150083,-3.847646137
8.46905,12.05917,1.423910592,4593.63,0.80278,1.758488731,17.19967546,1.04918948,-3.891519607,-3.83893656
8.0148,14.3639,1.792171982,3082.85,0.76922,1.165620838,20.03373658,1.504824161,-4.129219086,-4.066113129
9.45246,13.62508,1.441432177,6308.93,0.8558,2.608629387,13.16555332,1.013372563,-3.540742854,-3.55426823
11.41339,13.87312,1.215512657,5610.9,0.85926,2.613742483,14.24924194,1.152037054,-3.679156541,-3.580396502
11.05762,13.97634,1.263955535,5167.72,0.85012,2.372171933,15.26388114,1.132119154,-3.673500946,-3.641841303
19.97509,23.9267,1.197826893,4066.5,0.85628,2.530325909,19.46897787,1.401489473,-3.897706451,-3.811224376
7.27308,10.71923,1.473822645,2778.68,0.71914,1.040363753,18.63323503,1.036036952,-4.273988154,-4.197859565
5.67412,10.07006,1.774735113,2360.51,0.6816,0.86108988,24.5279173,1.632190018,-4.552114215,-4.432103295
7.46894,12.62333,1.690109975,2851.44,0.74216,1.078130153,27.63848838,1.785155397,-4.510736541,-4.046461536
9.90442,12.98402,1.310931887,5106.7,0.83162,2.125801694,15.78840418,1.452120147,-3.773309938,-3.752306318
9.1527,11.99778,1.31084598,4558.43,0.79766,1.738654693,15.74986561,0.970448488,-3.845955801,-3.825357701
8.61692,12.04198,1.39748077,3030.01,0.75156,1.161436883,21.25931323,1.953883837,-4.293735142,-4.195500423
13.44945,16.26388,1.209259858,6385.3,0.88492,3.360115431,11.89494805,0.929891074,-3.409233532,-3.377440995
12.10543,14.43677,1.192586302,3904.96,0.80336,1.740147554,19.87784745,1.586842497,-4.089370721,-4.029247938
8.89577,11.78731,1.325046623,3848.58,0.78108,1.410670876,19.03699612,0.940232045,-4.072572699,-3.891265085
13.74324,17.93002,1.304642864,6385.14,0.89794,3.904562295,13.02355861,1.008933899,-3.449731137,-3.423529943
7.56874,11.13345,1.470977996,2850.62,0.72294,1.075709127,22.73021612,1.369140621,-4.563951106,-4.275033122
9.80493,11.54737,1.177710601,3926.83,0.7951,1.557904637,19.0257019,1.079553168,-3.947975813,-3.832413282
9.56878,12.71897,1.329215428,4100.69,0.8006,1.599792183,18.30850663,1.153598091,-3.946724383,-3.890676536
6.16994,12.44029,2.016274064,2239.83,0.70008,0.87354836,17.96700441,1.48185456,-4.289968398,-4.271511063
12.87515,16.49198,1.280915562,6444.07,0.88826,3.479660911,12.35255917,0.964991257,-3.440802818,-3.478624498
11.62033,16.22707,1.396437967,6944.74,0.88958,3.696326029,12.61148089,0.919694322,-3.440963669,-3.394323235
21.30383,25.75181,1.20878781,6045.94,0.89836,3.979992823,12.50976083,0.995411743,-3.363538038,-3.448920358
26.29034,31.81498,1.210139542,6617.62,0.92142,5.503446299,10.8605105,1.096979594,-3.278149351,-3.437036616
10.13321,13.27895,1.310438647,5286.44,0.8388,2.231426724,16.11916527,1.292299179,-3.753695135,-3.730690183
9.96134,16.95189,1.701768035,4349.72,0.84316,1.956560078,18.05918993,1.653606265,-3.92944619,-3.837834709
11.29486,14.56367,1.289406863,6058.21,0.86462,2.79034793,13.74944774,1.024639285,-3.528772092,-3.539759712
12.45428,15.56554,1.249814522,5874.62,0.8712,2.924255342,14.66025217,0.950025453,-3.573188623,-3.523280985
20.81239,24.39445,1.172111901,4803.68,0.88236,3.006890535,17.03223737,1.261815327,-3.705089261,-3.657028766
8.3051,16.04006,1.931350616,3742.39,0.79476,1.584234992,13.79072374,1.08824111,-3.776345092,-3.781240513
9.9713,12.62054,1.26568652,4790.28,0.81954,1.939551428,20.46131495,1.561520936,-4.038390024,-3.899678114
7.71246,10.92374,1.416375579,4326.01,0.78932,1.507610442,19.88011197,1.465021186,-3.989124404,-3.924612703
11.39532,13.30613,1.167683751,2046.56,0.76068,0.836498556,22.42382341,0.991149309,-4.360448076,-4.073415944
8.92193,11.9621,1.340752505,4670.42,0.81664,1.747836714,15.1187796,1.37252194,-3.729589993,-3.691277903
6.53456,9.55877,1.462802392,1345.5,0.6717,0.504487589,18.95844133,0.642330073,-4.169556986,-4.110146207
9.74382,12.13697,1.245606959,2724.47,0.7598,1.042023814,23.15005623,1.358392118,-4.365428844,-4.1225086
7.70919,11.4874,1.490091696,4670.55,0.79272,1.625912207,16.24557899,1.768648364,-3.788821192,-3.783430553
9.32554,12.98489,1.392400869,4582,0.82418,1.825107013,15.60017815,1.295605135,-3.72845183,-3.734636628
6.68072,9.27005,1.387582476,2921.23,0.70932,0.99466433,22.25102495,1.750709748,-4.346238531,-4.216443651
10.36083,13.29625,1.283319001,4021.21,0.82422,1.702895182,23.38543626,2.33359713,-4.119063141,-3.987414394
5.0533,8.25723,1.634027269,1124.28,0.62336,0.432087726,25.00040987,1.083952232,-4.380405732,-4.407185681
23.09628,25.30603,1.095675581,4027.71,0.8609,2.61305587,19.35653395,1.305269757,-3.829448413,-3.666394829
12.25657,16.45657,1.342673358,5151.85,0.8608,2.595984788,15.36855733,1.244550957,-3.713784908,-3.672535856
8.09721,9.95691,1.229671702,2929.05,0.74704,1.085011234,25.20675873,3.340661549,-4.359588559,-4.232411035
9.23548,12.33037,1.335108733,4631.81,0.81624,1.827962287,16.72382319,1.190281371,-3.783928323,-3.734484248
9.41624,12.66737,1.345268387,3832.78,0.81836,1.575532615,22.55123133,1.977032398,-4.142453084,-3.964608384
8.01139,11.70551,1.461108497,4662.17,0.80262,1.657216952,14.96317704,0.999214023,-3.764073239,-3.788833271
11.86169,14.15683,1.193491821,3930.54,0.81288,1.758909445,20.55842895,0.945192619,-3.965326592,-3.850917356
12.69503,15.10624,1.189933383,5843.34,0.87284,3.014314575,12.4773889,0.939403306,-3.513482795,-3.485614586
22.93744,26.81747,1.169157064,6679.72,0.91262,4.587113539,9.850031213,0.95715988,-3.275736525,-3.339547712
12.12859,14.40711,1.187863552,5143.7,0.85192,2.41402077,14.94121863,1.103711661,-3.698157472,-3.672494258
11.91301,20.62785,1.73153972,3407.56,0.81774,1.711225694,20.3227383,1.823226669,-4.068869114,-4.018974656
11.34146,14.33439,1.263892832,4803.73,0.84514,2.176894228,17.84115178,1.71855913,-3.906031988,-3.831298451
6.26318,8.45103,1.349319355,2680.6,0.69072,0.951966173,20.73512874,0.882535361,-4.179760512,-4.169402038
10.72748,14.15193,1.319222222,3628.36,0.801,1.587937228,20.02062266,1.483135074,-4.093386444,-4.01252152
10.74312,13.81771,1.286191535,5822.6,0.84504,2.398657951,14.2286642,1.143726445,-3.663928461,-3.641892233
7.2298,9.68486,1.339575092,3028.64,0.7254,1.059367826,18.56044244,1.296673334,-4.104393312,-4.032739337
10.68723,13.33688,1.247926731,4740.56,0.82726,2.022581245,16.99656205,1.606190198,-3.866550519,-3.843465339
20.9652,24.23824,1.156117757,3919.69,0.85758,2.405311105,19.49786594,1.306425418,-3.880518132,-3.730923813
9.42861,12.17997,1.291809715,4674.84,0.80482,1.895482561,17.98513907,1.395837578,-3.961216342,-3.884726557
7.80564,10.31614,1.321626414,3106.28,0.74614,1.099199621,23.45699195,1.968440366,-4.41956128,-4.268003738
4.35347,7.52588,1.728708364,1055.05,0.61978,0.404812447,25.24605631,1.303702979,-4.617541313,-4.506991732
7.69666,15.91939,2.068350427,3347.55,0.79424,1.465109029,16.66153917,1.096947313,-3.816433626,-3.846004186
8.79327,13.68499,1.556302718,3835.04,0.7744,1.451867517,18.68675514,1.671756494,-4.005054713,-3.985238653
6.93982,9.29201,1.338941068,2355.95,0.67424,0.902511274,23.22794334,1.029555957,-4.358202921,-4.223646024
8.47503,11.05968,1.304972372,3462.18,0.77516,1.350775359,20.2264049,1.609489354,-4.132527466,-4.063695505
13.32428,14.84069,1.113808026,4758.17,0.83928,2.274089448,18.51185302,1.073626546,-3.943787997,-3.799294354
12.51611,23.56796,1.883009977,3776.49,0.8564,2.028119916,14.57323957,0.730345882,-3.580949864,-3.630000174
7.44309,15.4149,2.071035014,3078.75,0.7664,1.320721227,19.01430032,1.512936318,-4.133954522,-4.094648309
17.92654,21.14327,1.179439535,3988.88,0.8335,2.023303799,19.2288383,0.852531419,-3.809515968,-3.740760281
10.7607,13.85522,1.287576087,4053.84,0.81432,1.722790501,19.8281762,0.90119289,-3.931202376,-3.825052751
10.16764,12.9661,1.275232011,4566.98,0.83224,1.979859785,19.3366277,1.786945307,-3.938692732,-3.867445665
6.0694,9.00577,1.483799058,2958.88,0.69804,0.958686812,22.75579239,2.36854014,-4.338684671,-4.2078522
10.89717,17.01091,1.561039242,5039.04,0.85794,2.457717429,15.8023635,1.526532088,-3.75121537,-3.706853708
7.28157,9.08345,1.247457622,1644.78,0.68996,0.569984056,23.48301859,1.144341326,-4.479537668,-4.196630548
11.92149,15.91705,1.335156092,6278.07,0.87694,3.119794798,13.25997182,1.036183622,-3.576483858,-3.560195034
8.54783,11.21149,1.31161827,4222.88,0.78508,1.569861726,19.71365159,1.092620711,-4.019547735,-3.919220228
10.82225,12.90365,1.192325995,4138.91,0.82842,1.763627654,19.73856481,1.734667558,-3.984539804,-3.907583065
18.70331,23.08851,1.234461173,4236.87,0.8492,2.356604292,19.89005012,1.115881087,-3.834773387,-3.84187291
17.89265,20.29452,1.134237802,3915.4,0.8381,2.118259595,18.86094983,1.437054433,-3.937587058,-3.82854827
7.53076,14.60347,1.939176126,3129.15,0.7634,1.176671871,29.9724784,3.411712469,-4.786070548,-4.299736688
9.88654,12.33604,1.247761097,4083.47,0.79762,1.612920838,19.08786113,1.133664439,-3.948137797,-3.85966697
5.66502,8.04576,1.420252709,2244.67,0.65642,0.765776749,24.58772632,1.933232675,-4.521772328,-4.368931541
7.31841,13.27819,1.814354484,2962.8,0.7626,1.144007537,18.39710998,1.066543212,-3.989015928,-3.918546168
19.42706,22.77015,1.172084196,5199,0.86454,2.847422124,15.04654749,1.253483424,-3.699200821,-3.765347322
8.40421,13.55573,1.612968976,3065.64,0.748,1.101324829,21.85391252,1.554688863,-4.258480818,-4.159525633
10.5435,12.33312,1.169736805,4658.59,0.80658,1.924892489,18.23749817,1.311949869,-3.957270568,-3.893682214
8.78985,12.51479,1.423777425,5562.85,0.83576,2.243127109,14.56220641,1.091993487,-3.704126774,-3.656725928
11.86899,13.75544,1.158939387,6791.91,0.85646,2.708096845,14.16045619,1.060578419,-3.537894825,-3.490888557
10.55314,13.78895,1.306620589,3002.33,0.80982,1.279368831,18.37094795,0.756854403,-3.899719375,-3.77901145
11.18033,13.68367,1.223905734,5276.17,0.8515,2.436881479,18.02424166,1.488026199,-3.858009632,-3.744823922
9.80851,14.41297,1.469435215,6083.11,0.85982,2.568405582,12.454807,0.892081591,-3.534756257,-3.509642141
9.39684,11.15331,1.186921348,3685.08,0.77984,1.400695462,21.43777648,0.919896916,-4.117131438,-3.981804599
8.84641,11.52951,1.303298174,3231.95,0.74812,1.211587265,21.69026964,1.323134958,-4.24456025,-4.070345442
9.81815,12.33968,1.256823332,4898.03,0.82644,1.906110606,15.44602704,1.268435604,-3.705712264,-3.649054541
5.9608,8.15066,1.367376862,2343.2,0.67038,0.824967328,19.2139581,1.021202239,-4.265488912,-4.259349891
19.57416,22.50123,1.149537451,4422.72,0.88702,2.885105774,17.20069393,1.005685822,-3.639015173,-3.529447664
23.05094,25.62724,1.111765507,4444.42,0.85992,2.849766861,21.8520152,1.948340145,-3.981064382,-3.854517792
11.42073,13.92024,1.218857288,5634.61,0.85614,2.623564707,14.04137956,1.125780437,-3.641864882,-3.659861089
11.6535,16.42866,1.409761874,4747.73,0.85716,2.258334782,23.90152331,2.438470038,-4.092773434,-3.971156873
8.73149,11.22872,1.286002733,1931.19,0.73254,0.728547559,22.62006204,1.092574872,-4.299413049,-4.132460684
11.84022,13.8494,1.169691104,6255.84,0.86414,2.828432929,21.18361576,1.474419217,-3.779336058,-3.758496676
12.61881,15.26012,1.2093153,5589.96,0.86252,2.80021687,15.32900168,1.228219765,-3.681995201,-3.64847675
10.02984,15.49239,1.544629825,4800.83,0.83734,2.181487551,14.9726223,1.291175989,-3.755932048,-3.761449593
12.03148,17.23729,1.43268243,4787.6,0.85226,2.268929935,13.92600948,1.386784127,-3.637178764,-3.694561883
9.25612,12.2285,1.321125915,4682.49,0.82142,1.878244088,15.57467174,1.143327799,-3.759782575,-3.678554842
8.92293,14.17531,1.588638485,6196.96,0.85394,2.546231968,13.88325765,1.106249121,-3.613788757,-3.638248896
12.0599,16.64812,1.380452574,6239.53,0.87804,3.175390758,14.24931408,1.071866935,-3.579103418,-3.570032639
12.19707,17.55938,1.439639192,5618.22,0.87532,2.849664351,15.56778229,1.296207904,-3.698828037,-3.678731811
18.61421,20.68334,1.111158626,4910.39,0.8686,2.662130685,14.27939828,1.360572368,-3.603769006,-3.606400382
12.30556,14.04384,1.141259723,3241.22,0.80208,1.476604957,33.67699507,3.194434495,-4.746494113,-4.203783783
25.14305,29.14432,1.1591402,6057.74,0.90658,4.390345482,11.04091387,1.085556847,-3.381589696,-3.319233346
12.80052,15.32152,1.196945124,5118.49,0.85832,2.373803861,12.99663516,0.84740386,-3.576660668,-3.517122135
9.32082,11.16014,1.197334569,3258.25,0.76686,1.20528852,18.78194159,1.351686725,-4.018893078,-3.986810245
14.13516,18.84697,1.3333397,6490.68,0.9034,4.206673682,14.45144634,1.076896298,-3.430167911,-3.458059665
7.39276,12.52026,1.693583993,3360.51,0.7554,1.226517722,19.15614063,1.595421921,-4.109885607,-3.988300482
11.66389,15.12609,1.296830646,5685.23,0.86094,2.710998731,14.12055663,1.000352078,-3.639230475,-3.566434533
12.09086,16.76551,1.386626758,6175.8,0.87822,3.124237368,13.75704666,1.066058919,-3.589565953,-3.541690181
7.51751,9.77049,1.299697639,2531.4,0.7342,0.916023296,18.80024549,1.341449292,-4.140310857,-4.075409061
6.15356,9.22596,1.499288217,2741.67,0.69232,0.95632631,22.44637541,2.288090701,-4.342907309,-4.216528953
10.22388,13.52073,1.322465639,4571.3,0.82036,1.905571583,17.13514599,1.474153402,-3.858923472,-3.846357841
11.52489,15.87595,1.377535924,6070.07,0.8698,2.995777394,15.85150504,1.176330602,-3.708374652,-3.63331625
9.31745,14.63208,1.570395333,5795.69,0.85098,2.422491268,14.35710448,1.024469091,-3.552854786,-3.600272359
12.15769,15.70638,1.291888508,5975.84,0.87788,3.000991351,15.25856499,1.297086948,-3.628051721,-3.655951397
6.25961,9.58567,1.531352592,2537.37,0.69826,0.883115503,18.80458713,1.339037887,-4.264311339,-4.250936355
9.57693,13.91617,1.453093006,6138.49,0.84868,2.478085928,13.81857933,1.014767678,-3.599540687,-3.613439431
7.82902,11.45341,1.462942999,3258.44,0.7645,1.19366957,30.0035745,3.36726047,-4.625444041,-4.176613419
7.98116,12.85445,1.610599211,4530.48,0.80374,1.731802649,17.41928143,1.710069744,-3.864129578,-3.827544113
9.19965,10.98905,1.1945074,2882.31,0.74396,1.081488115,23.00224339,1.432878561,-4.317049165,-4.13028961
11.01821,13.05228,1.184609841,4320.89,0.83576,1.927384093,24.77991615,2.075788012,-4.246603983,-3.998127498
11.33012,13.82491,1.22019096,5538.78,0.85612,2.596553377,15.4382187,1.180399994,-3.748107331,-3.661455152
6.80508,11.85183,1.741615088,4290.19,0.77012,1.360256324,17.95206202,1.287838784,-3.862208276,-3.846736233
9.78864,13.25999,1.35463047,3750.56,0.81548,1.502106316,18.7450906,1.228250513,-3.911018244,-3.762056792
11.66114,14.67558,1.258503028,6192.23,0.87502,3.050072329,12.12841692,0.985447449,-3.500659812,-3.491319638
7.25608,11.30434,1.557912812,3596.33,0.7733,1.20622125,23.64403093,2.452151064,-4.199750978,-4.099538322
8.75181,11.56214,1.321114147,3111.95,0.74972,1.145073961,24.67609253,1.671597051,-4.465570332,-4.16168934
9.59824,13.65978,1.423154662,4068.63,0.81788,1.692411792,23.90412897,2.422078717,-4.209735452,-3.996721329
9.63647,12.85227,1.333711411,2948.45,0.8043,1.195343466,18.59258455,0.799652176,-3.947892895,-3.863881901
10.60319,16.45169,1.551579289,4896.4,0.85244,2.25972945,14.52033926,1.19628593,-3.731630701,-3.701617796
10.91568,12.75312,1.168330328,3690.43,0.79952,1.460131819,17.02458121,1.114570036,-3.916126329,-3.892507041
10.72269,21.80121,2.03318477,3694.01,0.81212,1.75506614,21.44920334,1.231792101,-4.104628483,-4.092141259
11.291,14.89288,1.319004517,6702.8,0.86666,2.909446149,12.01319461,0.957946495,-3.505496886,-3.507264647
7.74784,12.30337,1.587974197,4417,0.8036,1.567654351,18.88911381,1.978412632,-3.941256357,-3.91970442
10.97503,14.07088,1.282081233,4185.71,0.81414,1.805532762,16.84257342,1.095960434,-3.950735756,-3.831570114
7.85413,11.36179,1.446600706,4036.7,0.79042,1.464369877,17.70328334,1.581733722,-3.93649498,-3.877689775
12.34343,18.18019,1.472863702,5568.82,0.87962,2.937687442,13.37177274,1.13304468,-3.587623495,-3.601335451
12.84178,15.63783,1.21773072,5122.93,0.86066,2.439899757,11.94905316,0.814215373,-3.499811902,-3.504364121
9.51356,16.11373,1.693764479,3922.98,0.81154,1.726254797,17.32063226,1.412132544,-3.90151808,-3.854574807
5.62994,10.52801,1.870003943,2139.39,0.68508,0.768632678,41.32645804,5.522141405,-5.56692237,-4.740945902
26.97546,29.78923,1.104308509,6240.28,0.91682,4.596003649,9.713684688,0.892319378,-3.188639207,-3.267469534
15.17812,18.90197,1.245343297,6923.78,0.91596,4.915293347,12.6870803,0.963667251,-3.318714674,-3.29496547
12.32703,17.00774,1.37971109,6768.68,0.89082,3.670094428,13.72516208,1.055779819,-3.539154374,-3.482020241
11.24257,14.25412,1.267870247,4970.62,0.86034,2.401185605,15.36659176,0.938000379,-3.630061209,-3.578829316
7.7881,11.89276,1.527042539,4115.22,0.79048,1.446846052,22.97867088,2.850343211,-4.159714082,-4.053678327
11.94486,15.35772,1.285717874,5665.1,0.86368,2.762494203,14.3656812,1.055868555,-3.593061583,-3.617378767
8.60279,11.42392,1.327931985,2692.86,0.75086,0.9480783,21.91808988,1.276753085,-4.106765259,-4.010615127
8.03303,12.59833,1.568316065,5058.49,0.81698,1.920182387,16.24645008,1.268958654,-3.78729977,-3.781794831
8.03696,11.84927,1.474347266,4344.48,0.80254,1.634377857,16.69152673,1.426351209,-3.850077185,-3.769687419
6.78038,8.78083,1.295035087,2533.27,0.69656,0.859459346,24.0286818,1.550665216,-4.476125337,-4.331346138
10.80349,12.41387,1.14906109,3153.64,0.78274,1.320763631,28.64205667,2.714834697,-4.646198211,-4.156622643
29.01298,34.8959,1.202768554,7100.13,0.93702,7.035265675,10.42811381,1.130444327,-3.131145669,-3.133081554
10.53763,15.12697,1.435519182,5923.75,0.8507,2.544560467,16.5891239,1.185126795,-3.670964329,-3.661133529
12.03766,20.24987,1.682209831,5040.93,0.86602,2.608486119,15.51605154,1.218010112,-3.74015417,-3.732794534
9.66969,12.83644,1.327492402,4743.33,0.81248,1.857479253,16.48280062,1.049529586,-3.855005974,-3.792079297
23.94508,26.89991,1.123400298,5855.55,0.90806,4.239447601,10.10908119,0.98535653,-3.330256593,-3.284616695
8.27548,10.80994,1.306261389,4369.35,0.78654,1.532329236,18.67247827,1.284183952,-3.942747127,-3.91167268
11.99037,15.85303,1.322146856,6042.77,0.87818,3.067320522,15.08590581,1.297141683,-3.668407369,-3.644653808
9.55317,13.12792,1.374195162,5742.43,0.83954,2.271611753,16.35685632,1.113328565,-3.667961759,-3.632862406
5.44682,8.99293,1.65104226,2265.15,0.66048,0.845466345,16.13700189,0.923104447,-4.157383198,-4.160298953
6.90087,8.94506,1.296222071,2405.33,0.70102,0.860049099,23.13062629,1.446729235,-4.452257013,-4.284035928
6.85238,10.44498,1.524284993,3945.12,0.74944,1.280892578,18.47278594,1.193153337,-3.997437581,-3.914178742
12.71764,24.89417,1.957452012,3783.91,0.84366,1.965872311,23.12363979,2.264611118,-4.12247467,-4.107101319
10.36689,14.61184,1.409471886,5152.18,0.84032,2.117779296,18.99716262,1.219942273,-3.775627442,-3.701866748
11.03397,14.71635,1.333731196,4488.7,0.82498,1.980901248,19.09590134,1.874115094,-3.946698432,-3.8146526
9.83134,14.17206,1.441518654,4872.84,0.84058,2.06686108,14.38086151,1.194341709,-3.735077392,-3.679097165
8.69079,10.83488,1.246708297,3176.85,0.75152,1.215198388,20.15267685,1.472963051,-4.186164037,-4.032914673
8.83586,13.86917,1.569645739,6087.22,0.84666,2.311352561,12.12919227,0.880729795,-3.486092095,-3.501619911
11.57736,15.18423,1.311545119,6246.31,0.87952,3.270709685,14.35186737,1.131333368,-3.584387229,-3.580195726
11.11374,13.93509,1.253861436,4709.01,0.83958,2.079027717,16.28608985,1.238939928,-3.765744207,-3.703742938
10.4477,13.13322,1.257044134,4386.3,0.83134,1.864162401,24.50434558,2.309801925,-4.193128123,-3.997020275
9.47389,12.46122,1.315322428,3342.19,0.76852,1.276971902,27.60909054,2.94322864,-4.47812482,-4.103536474
9.53003,12.5674,1.318715681,4823.11,0.81186,1.9365642,18.47774003,1.615403154,-4.012635619,-3.975934751
6.54606,10.29103,1.572095276,3272.44,0.72756,1.151105999,21.77625713,1.061165167,-4.214551974,-4.083536839
7.07674,9.26842,1.309701925,3110.96,0.72142,1.040660211,15.54101693,1.401106912,-3.984796222,-3.982411553
8.25627,11.7471,1.422809574,4462.52,0.80822,1.670659586,16.51991962,1.396168235,-3.755371254,-3.724339134
10.7012,14.49545,1.35456304,4610.3,0.83078,2.021106819,22.88867326,2.35467362,-4.119391337,-3.909490394
11.00248,15.65428,1.422795588,5358.84,0.85262,2.48517847,15.9687333,1.319277867,-3.832690275,-3.767594907
9.49603,12.58939,1.325752973,4455.87,0.81304,1.813339995,16.87086948,1.654690688,-3.833738335,-3.77023792
10.09013,12.15133,1.204278835,4694.03,0.81488,1.898562239,16.42988334,1.22266445,-3.882002606,-3.809213828
12.88204,20.22895,1.570321937,6533.87,0.89792,3.890181399,11.55994938,1.149836595,-3.482830923,-3.482828878
6.22185,8.9427,1.437305625,2067.66,0.70478,0.698895302,24.95525779,1.874286721,-4.439064819,-4.288917242
8.33885,10.6456,1.276626873,3291.74,0.76944,1.23097007,20.09287742,1.375963565,-4.093168798,-4.046613691
17.5637,21.59827,1.22971071,5084.42,0.87504,2.825051736,11.81793672,0.935436255,-3.397374134,-3.430085969
10.55751,13.51204,1.279851025,4795.11,0.81928,2.001964627,16.88992961,1.084728032,-3.853352839,-3.799431121
5.41121,8.36662,1.546164351,1936.8,0.64684,0.790689317,17.32109514,1.040973719,-4.371212024,-4.359923239
11.35636,14.44646,1.272103033,4434.87,0.84442,1.971129381,14.04253716,0.776394909,-3.596735391,-3.569186534
11.88621,15.17856,1.276989049,6359.28,0.87704,3.162510277,12.97715016,1.021178677,-3.526844345,-3.537736397
12.37388,16.15623,1.305672109,6289.4,0.88362,3.445839232,14.39867422,1.10010418,-3.547370195,-3.567747587
12.9038,16.69233,1.29359801,6587.52,0.8929,3.784500882,13.82317091,1.096898017,-3.489342239,-3.486148394
9.8977,12.47438,1.260331188,4524.38,0.83084,1.852419981,15.59730268,1.129066792,-3.72677618,-3.715271744
10.46376,13.21235,1.262677087,4352.75,0.82478,1.848988166,21.09550993,1.626024541,-4.11909325,-3.907519823
11.12263,15.15808,1.36281437,4440.39,0.82386,1.817243365,15.81365854,1.296138587,-3.829344714,-3.811270128
6.76238,9.12709,1.349686057,2438.54,0.69884,0.830884101,23.71321142,1.504550382,-4.416934,-4.27727005
9.18162,12.02965,1.31018818,3743.21,0.78462,1.491256246,18.71440872,1.810852151,-4.002073539,-3.928433475
19.83481,23.46749,1.1831467,4953.75,0.86926,2.931361242,14.61695156,1.708738988,-3.644354653,-3.629499088
8.79752,14.82655,1.685310178,2116.83,0.72466,0.931001611,27.35283947,1.59118282,-4.785353171,-4.33786527
12.26884,16.72766,1.363426371,7259.33,0.9012,4.132011628,9.655352063,0.869715871,-3.320563072,-3.347051726
12.00828,13.75871,1.145768586,6550.22,0.86188,2.848898129,14.83801749,0.987389794,-3.598140862,-3.57109013
25.29727,29.25394,1.156406996,6599.98,0.91742,5.05970141,10.8011039,1.071109425,-3.288389801,-3.321273402
11.54391,16.90246,1.464188477,5142.97,0.85862,2.475329445,18.94923232,1.444999553,-3.928793916,-3.813258802
9.47799,12.44028,1.312544115,5196.44,0.83882,2.092331792,13.47821882,0.96918014,-3.635358277,-3.59901569
8.55135,12.56452,1.469302508,4838.89,0.82278,1.851277678,15.62910221,1.214420418,-3.73016273,-3.693414616
7.21135,15.34353,2.127691764,3086.7,0.77578,1.31705785,18.62864126,1.26001109,-3.979588358,-3.935575674
10.18891,12.57871,1.234549132,4331.19,0.8153,1.776755944,18.62290158,1.195312533,-3.961183558,-3.85641665
9.78203,16.36893,1.673367389,6052.71,0.8507,2.605664648,14.21294204,1.151704578,-3.635094593,-3.62120786
9.99949,12.48253,1.248316664,3164.97,0.76646,1.251171249,24.36078786,2.09416665,-4.373502113,-4.170845795
13.2197,17.90197,1.354188824,5015.35,0.86196,2.472966808,13.12479145,1.117489055,-3.65028161,-3.610817841
8.97195,12.31069,1.372130919,4963.06,0.8064,1.937688326,17.23507407,1.468804717,-3.964284093,-3.888763518
10.09507,13.60949,1.348132306,4876.03,0.847,2.149342509,15.80487873,1.192548858,-3.722518761,-3.68321664
12.23586,14.6357,1.196131698,4967.23,0.85578,2.288597927,14.13505656,1.053815646,-3.643509677,-3.637724528
9.79623,12.91894,1.318766505,4851.21,0.83308,2.017030529,16.22817692,1.109192238,-3.847716966,-3.778163655
12.77878,15.9041,1.244571078,5006.04,0.85226,2.485353428,17.24502382,1.716342514,-3.857417653,-3.728905782
7.11431,9.68437,1.36125218,3067.9,0.723,1.041939882,21.65923832,1.612864771,-4.284147834,-4.202494564
8.6669,12.10922,1.397180076,4571.24,0.81662,1.799118749,19.49470158,1.67889076,-3.926184539,-3.948316409
11.46278,13.82533,1.206106198,4451.53,0.84006,2.014590348,19.62767112,1.857654957,-3.996689143,-3.916827116
9.7218,11.26551,1.158788496,2866.89,0.75318,1.089607083,27.11407985,2.458962826,-4.501325742,-4.227687978
11.75391,15.49672,1.318431058,6243.5,0.87848,3.218252689,13.01685506,1.09036038,-3.563394892,-3.48608808
11.4597,15.12995,1.320274527,6128.16,0.8734,3.111274183,16.28286864,1.171022644,-3.641892901,-3.577548711
6.02731,8.93102,1.481758861,2557.49,0.69584,0.820833196,32.19961574,4.933410599,-4.743008157,-4.397985786
12.44241,13.68643,1.099982238,3333.39,0.7955,1.463456812,21.58031989,1.327809098,-4.234577946,-4.049028847
7.64128,12.37228,1.619137108,4496.48,0.79234,1.656073321,16.9763402,1.646473098,-3.826557906,-3.785333954
13.07158,15.09219,1.154580395,4884.52,0.8554,2.42110328,16.33863256,1.04544642,-3.73255402,-3.726283481
9.0783,12.86194,1.416778472,3317.02,0.7844,1.289949119,26.03259203,3.274280683,-4.366006254,-4.205325941
12.58793,15.51655,1.232653026,5584.2,0.86276,2.806672826,13.81300932,1.146725879,-3.613928865,-3.590473933
21.40818,25.43803,1.188238795,5785.36,0.8871,3.531589633,14.44605161,1.233911586,-3.591810518,-3.515094867
16.41575,29.56538,1.801037418,5136.2,0.88912,3.328504097,15.70001814,1.015937614,-3.571085047,-3.569830082
10.33976,12.52438,1.211283434,3378.23,0.77836,1.361664311,20.94002957,1.478473997,-4.219149366,-4.037504255
8.67618,12.01699,1.385055405,3647.79,0.79018,1.447247925,21.58628933,1.087673886,-4.130165987,-3.960744687
7.60052,10.39012,1.367027519,2930.26,0.74018,1.071172214,26.62546328,2.743334233,-4.488436862,-4.318904383
10.87614,13.38336,1.2305248,4973.13,0.8485,2.23878628,16.18109996,1.339413801,-3.778744973,-3.738501989
12.58758,15.75068,1.25128738,6403.1,0.8873,3.391288063,11.84188963,0.912435113,-3.477968552,-3.450298653
16.66131,20.60635,1.236778501,3280.25,0.81156,1.602932666,26.68963933,4.300039001,-4.443050132,-4.416529839
10.15611,17.95324,1.767727998,3519.91,0.84358,1.59654339,19.2501114,0.909190151,-3.95486634,-3.777877049
5.69924,8.39436,1.472891122,1451.14,0.66116,0.502324875,23.59417585,1.105198675,-4.388729387,-4.308537811
9.93628,12.4391,1.251887024,4744.14,0.80946,1.948585611,18.01908621,1.500804667,-3.963800242,-3.908534615
25.33368,29.12361,1.149600453,6606.03,0.91732,5.042214502,11.31841721,1.085655176,-3.300254614,-3.349551342
5.36068,8.90465,1.661104561,2132.74,0.65902,0.764529684,19.89583394,1.11813771,-4.368814718,-4.325284528
12.75523,17.63621,1.382664993,6899.58,0.90154,4.157378501,13.50241038,1.024847432,-3.44193575,-3.387373293
10.69027,13.11463,1.226781924,3574.94,0.79046,1.45575425,18.68000716,1.515742906,-4.036529128,-3.938375948
12.58056,15.85642,1.260390634,5006.76,0.8628,2.522467738,15.11914526,1.247355286,-3.718884545,-3.639509665
12.69879,15.97571,1.258049783,5629.05,0.87498,2.836911165,19.91529349,1.60760716,-3.87104097,-3.77747493
5.89371,8.63174,1.464568158,2249.15,0.66166,0.806319332,21.81575525,1.301288796,-4.368973077,-4.172529493
13.18199,16.93506,1.284711944,6253.84,0.88598,3.46767281,14.10584431,1.099317119,-3.594133321,-3.521342017
10.49403,13.03683,1.242309199,4041.6,0.80474,1.65767525,18.28106429,1.501905396,-3.953125906,-3.897622343
11.06607,14.04005,1.268747622,4486.48,0.82958,2.045759435,17.9116376,1.805389917,-3.912999462,-3.821211261
9.05235,11.72837,1.295616055,4272.34,0.80862,1.612325631,19.59788807,1.860467389,-3.907109348,-3.856303366
9.35582,11.64669,1.244860418,4142.67,0.7958,1.624234112,19.53988756,1.178112785,-3.944699932,-3.965894164
7.76112,11.18167,1.440728915,2342.7,0.74084,0.835410093,18.49557306,1.010710327,-4.123172778,-4.036193121
13.99484,16.74476,1.19649528,6555.87,0.8939,3.758725086,11.93085348,1.01666881,-3.468027615,-3.465672308
11.71612,14.82999,1.265776554,6001.15,0.87332,3.040596059,15.28981169,1.127093465,-3.629234321,-3.572643622
11.45057,15.29667,1.335887209,6319,0.8765,3.131274159,12.69514841,0.991894951,-3.52480944,-3.476573172
7.76503,10.33126,1.330485523,3362.68,0.74772,1.235198499,20.8027625,1.8815879,-4.302497982,-4.134440629
7.94959,10.85972,1.366072967,4883.39,0.77914,1.630825648,16.26826892,1.42820288,-3.874798895,-3.876431453
8.48994,13.76686,1.62154974,4481.45,0.80724,1.746599795,16.72024691,1.548659771,-3.875828091,-3.82247361
31.5725,34.50706,1.09294671,7091.19,0.92852,6.015834554,7.803727022,0.895634762,-3.10168186,-3.052701803
7.68236,9.98545,1.299789388,3296.26,0.74548,1.154526391,20.16440324,2.002017544,-4.086682227,-4.063598194
11.37435,15.22002,1.338100199,4763.66,0.86098,2.345151063,16.71935923,1.035370656,-3.736482592,-3.671593228
13.55805,16.44875,1.213209127,5173.62,0.8644,2.726839686,15.95029457,1.490064734,-3.744027425,-3.72595651
11.24911,15.71883,1.397339878,5966.94,0.86804,2.942448628,14.87242251,1.072185194,-3.628675149,-3.54498672
11.70149,20.93317,1.788932008,5323.55,0.87892,2.888438294,14.23430084,1.149359533,-3.59783384,-3.618740667
11.34174,13.16581,1.160828056,3566.6,0.80412,1.533977101,23.45637195,2.317897744,-4.232194465,-4.083434849
8.90186,13.07689,1.469006477,5619.51,0.83438,2.218611898,14.18137585,1.159546844,-3.63347681,-3.621620613
10.9064,13.75004,1.260731314,4922.34,0.8381,2.175668133,17.24148228,1.596544354,-3.842724068,-3.769545249
8.65463,10.67469,1.233408014,3573.11,0.76612,1.244990753,19.33740269,1.600587513,-4.078261209,-3.991045266
9.46501,14.32918,1.513910709,5750.92,0.85508,2.483308212,12.87313792,0.89423623,-3.595320331,-3.530962655
4.66613,7.96221,1.706384091,2283.35,0.65082,0.787627798,24.9928671,3.411883102,-4.46571728,-4.353198459
8.94242,13.1595,1.471581518,5817.53,0.84126,2.288762954,17.5502405,1.368712494,-3.768377363,-3.699519714
7.8507,11.78803,1.501525979,1983.82,0.7484,0.712789059,21.37706343,0.576005458,-4.093295539,-3.961282357
12.14095,15.23061,1.254482557,6072.46,0.87726,3.075655531,12.914244,0.966887024,-3.491324294,-3.496428096
11.94234,14.90765,1.248302259,4233.75,0.84674,2.022901402,24.16349668,2.308065127,-4.126204594,-3.974530859
8.99005,11.25824,1.252300043,2934.31,0.73826,1.092126441,28.81581326,2.356594385,-4.702309101,-4.206232188
9.45963,13.88548,1.467867136,4597.29,0.83362,1.88391255,15.38266497,1.217440444,-3.775142436,-3.71716909
13.81631,17.46171,1.263847583,6393.63,0.8938,3.825068794,14.29806557,1.059157046,-3.533742249,-3.455816646
10.17743,12.50467,1.228666766,3729.78,0.79318,1.494901902,19.33393815,1.56067945,-4.066469596,-3.969212869
11.4139,13.78946,1.208128685,4967.25,0.83608,2.181432981,16.65581752,1.767212246,-3.81168515,-3.744506498
9.74336,14.30832,1.4685201,6001.55,0.84966,2.475836366,13.51961477,1.025328632,-3.56919127,-3.590347032
7.80922,9.85833,1.262396244,3308.23,0.73488,1.150493462,21.61227429,2.168124461,-4.336900718,-4.225795194
9.00434,13.7348,1.52535333,3440.55,0.7875,1.294302112,18.97929264,1.465260548,-4.035021948,-3.966706434
10.03825,11.49778,1.145396857,3503.26,0.77988,1.383985533,20.81381444,1.766327089,-4.176239845,-4.081281885
8.52342,12.63358,1.482219579,5057.07,0.8152,1.932591621,16.22231305,1.360191986,-3.77680639,-3.73207785
11.39226,14.15909,1.242869281,4306.36,0.82024,1.898242325,17.94853756,1.142637083,-3.872464869,-3.805768079
5.42199,8.97496,1.655288925,2545.84,0.68302,0.813138408,20.44575083,2.501635453,-4.136451453,-4.160554351
12.38752,16.54384,1.335524786,6310.34,0.88538,3.407273427,13.79120176,1.034668508,-3.528282402,-3.477683599
8.51817,10.78941,1.266634735,3526.69,0.74752,1.29016001,18.56714912,0.784598322,-4.037570092,-3.99643764
5.00277,7.78834,1.55680553,1639.75,0.64096,0.577051542,15.9902818,0.961461047,-4.197017417,-4.26350537
11.58792,15.59036,1.345397621,4584.78,0.83806,2.082053881,18.31941472,1.116368894,-3.91285723,-3.785474286
6.58722,10.79609,1.638944805,3844.67,0.75152,1.224971475,19.81703635,1.646085809,-4.139833983,-4.070295579
7.7705,11.66802,1.501579049,5081.3,0.81404,1.761400396,13.12818,1.019277669,-3.681657753,-3.637120684
13.86289,17.67488,1.274978017,6308.21,0.88966,3.634840803,12.99047303,1.048700911,-3.525028132,-3.477400217
11.45109,14.15097,1.235774935,4998.77,0.84288,2.27373396,16.37068699,1.54716553,-3.809535978,-3.76859155
10.83914,13.48933,1.24450187,4969.24,0.83414,2.148748834,16.94800504,1.163119732,-3.797479962,-3.773113819
11.60691,14.98494,1.291036116,5892.07,0.8698,2.875647583,21.04727995,1.750311328,-3.915307568,-3.806471989
8.83229,16.10023,1.822882854,3889.24,0.83014,1.69667365,30.96700834,3.116829753,-4.659332923,-4.106651779
22.94863,28.42194,1.238502691,6275.2,0.91036,4.68492206,13.23249238,1.094950443,-3.40349781,-3.370152629
7.34082,12.96315,1.76589945,2607.97,0.73182,0.952529706,32.1608649,4.63202149,-4.890637602,-4.391047163
7.70498,10.24528,1.329695859,2269.57,0.69442,0.838196722,25.59384932,3.002264975,-4.413616175,-4.328215706
9.52437,12.60455,1.323399868,4789.37,0.82376,1.975656845,16.60397232,1.217561961,-3.865284484,-3.805254033
9.68949,12.48946,1.288969801,4323.39,0.82238,1.753520346,16.38297092,1.315769194,-3.805432573,-3.791725018
7.06068,9.38272,1.328869174,2852.91,0.72034,1.019985104,21.67136265,2.012409227,-4.346410756,-4.248255689
10.10571,13.1701,1.303233518,4050.59,0.80568,1.661144501,18.61973869,0.958095141,-3.909314533,-3.802298611
9.77046,13.72758,1.405008567,4668.44,0.8264,1.9730355,17.13701984,1.402359348,-3.838706652,-3.816274019
13.98557,16.91039,1.209131269,6276.74,0.89228,3.581770815,12.76707706,0.958496735,-3.450215309,-3.463873714
9.30309,11.50147,1.236306432,3845.84,0.78934,1.501054469,17.91846061,1.598264152,-3.992341344,-3.955353788
9.3933,12.09226,1.287328202,4984.02,0.8228,2.017393522,16.12699426,1.180898276,-3.829688676,-3.825096444
8.85799,12.74178,1.438450484,3606.8,0.77594,1.386394417,19.68856402,0.948134259,-4.049801757,-3.898421171
8.56038,18.12592,2.117420021,4925.25,0.84948,2.176580011,11.02883414,0.652416771,-3.48766407,-3.448847409
7.23435,9.39959,1.299299868,2934.22,0.7215,1.05150862,21.63098336,1.579535237,-4.324934353,-4.190048145
11.52071,14.21981,1.234282436,5115.5,0.8506,2.357493064,16.25452752,1.335143859,-3.756170943,-3.71523326
18.50157,22.60672,1.22188117,5491.83,0.85368,2.827822423,16.50434598,1.530477681,-3.746879862,-3.842607697
11.67419,14.17014,1.213800701,4794.98,0.8396,2.023785994,12.54302194,0.697444554,-3.619382633,-3.628305756
7.43067,9.64597,1.29812924,3313.8,0.73074,1.153181531,22.20475997,2.145828605,-4.351796899,-4.228176126
11.60783,15.91426,1.370993545,6325.28,0.88218,3.304639036,13.04169657,1.044148617,-3.556816935,-3.524230626
10.4367,12.65761,1.212798107,4862.53,0.8199,1.943176486,17.45571746,1.291969516,-3.883374223,-3.854467503
8.12033,15.4689,1.904959528,3631.41,0.8046,1.439979383,21.23197933,1.308170373,-4.15946775,-3.999062097
7.41473,9.83737,1.326733408,3194.09,0.74106,1.12227065,23.18038581,1.742380209,-4.341363774,-4.191968706
5.90506,8.10936,1.373290026,1429.18,0.65924,0.489627974,27.02487196,1.157431051,-4.510504187,-4.414137791
19.67196,23.05026,1.171731744,2792.76,0.82726,1.719889562,34.26897406,3.017662562,-4.899660805,-4.188907979
12.45512,15.30505,1.228815941,5003.96,0.85384,2.434562438,16.61201794,1.086380061,-3.813613815,-3.752643804
9.00151,15.8688,1.762904224,3961.52,0.82306,1.701750215,30.88822673,3.208751258,-4.613864,-4.151911561
8.20672,16.15043,1.967951874,3876.6,0.80934,1.68545433,16.37841375,1.007679607,-3.763155297,-3.732137032
15.5745,18.44948,1.184595332,3032.87,0.81686,1.673375656,33.53778037,1.189830714,-4.158037023,-3.851803143
6.42698,10.38833,1.616362584,3447.92,0.73666,1.125152737,20.09766391,1.16167477,-4.097063865,-4.054566239
9.45715,12.49417,1.321134803,4661.01,0.82626,1.816638781,16.06049229,1.393745541,-3.736307537,-3.743511726
8.13898,11.10145,1.363985413,2743.38,0.729,1.036957802,20.45827971,0.746510387,-4.260924903,-4.104353504
5.09184,7.80723,1.533282664,2137.05,0.66384,0.786612049,25.05140391,2.597775109,-4.540061501,-4.389907122
10.5428,13.27795,1.259432978,4552.81,0.82606,1.99329183,17.24167723,1.591569165,-3.885492512,-3.836825428
6.81118,10.20924,1.498894465,2543.28,0.746,0.848066499,18.46565455,0.904539334,-3.957067175,-3.923029559
11.15646,22.87065,2.049991664,3360.64,0.81178,1.660309286,21.31966703,1.326719789,-4.17142048,-4.073074839
9.14552,12.22407,1.336618366,3161.53,0.75804,1.213531928,22.15240393,1.587720564,-4.280529531,-4.083563662
11.2026,14.19997,1.267560209,5057.7,0.8396,2.21650233,16.17621531,1.222625221,-3.853828653,-3.758163286
9.66609,17.06546,1.765497735,4669.49,0.83332,2.018549964,16.84962548,1.553885967,-3.810906737,-3.784262184
9.70147,12.40132,1.278292877,3928.44,0.79684,1.479476268,17.21238408,1.127357108,-3.907541062,-3.842857362
9.58108,11.97064,1.249404034,3722.08,0.77716,1.39835327,21.5882554,1.43327633,-4.222679144,-4.002821298
7.6286,10.86812,1.424654589,2357.24,0.74408,0.861339285,19.93186457,1.149609933,-4.165974807,-4.08329205
11.52668,18.59494,1.61320866,5751.66,0.8856,3.126058963,14.89557598,1.160267255,-3.625207906,-3.587878584
10.97071,13.5624,1.236237217,3539.2,0.79488,1.464328545,21.85571281,2.483252923,-4.13435374,-4.134056437
9.5302,11.36718,1.192753562,3401.37,0.77932,1.316688039,22.38377205,2.354178288,-4.187883744,-4.070075711
8.02966,12.49919,1.556627553,5078.16,0.8154,1.912078171,17.10609422,1.292699912,-3.806913808,-3.763420764
8.05467,12.60438,1.564853681,4449.35,0.79982,1.590241672,17.39694404,1.534447273,-3.87002055,-3.818009754
9.09947,12.93116,1.42108936,4849.45,0.82212,1.884826837,14.37895663,0.971283069,-3.698830236,-3.630401038
11.51749,14.1606,1.229486633,5065.25,0.85006,2.31450548,15.58119166,1.201129944,-3.739569452,-3.714081889
9.91759,12.88209,1.298913345,3851.77,0.81738,1.61843645,26.19855475,2.242842582,-4.354056468,-4.028108319
13.86507,16.55244,1.193823039,6320.97,0.89244,3.552311048,12.04187604,0.959163215,-3.45861468,-3.439588136
8.56849,10.80728,1.261281743,3515.67,0.76178,1.35342861,21.97192756,1.844402395,-4.351521354,-4.134410853
11.38557,14.23648,1.250396774,4544.31,0.8489,2.070684772,17.48244674,1.100828957,-3.786094953,-3.731899323
11.2869,15.15688,1.342873597,5024.33,0.85594,2.395712047,15.83879553,1.259218126,-3.723934294,-3.702170801
11.4488,14.99606,1.309836839,4426.2,0.8252,1.97977045,17.56276694,1.791684644,-3.878524949,-3.813632067
5.26574,9.54194,1.812079594,1612.49,0.64856,0.61933956,34.40015521,6.270648746,-4.992659417,-4.823224694
9.47218,12.63258,1.333650754,3076.78,0.80836,1.229405601,18.73111362,0.782235186,-3.942357025,-3.811849961
6.35795,9.07179,1.426841985,2484.54,0.71274,0.884751645,32.81915076,4.060595625,-4.996724962,-4.432761222
9.165,12.31194,1.343364975,4204.01,0.8015,1.744313842,18.35805942,1.140012554,-3.977138025,-3.913531535
8.40321,12.71834,1.513509718,5529.4,0.83224,2.142800131,16.69794093,1.336281922,-3.741641684,-3.698206516
16.71966,21.38139,1.278817273,2036.3,0.80754,1.020930891,17.02201503,0.541808287,-3.93345833,-3.923212806
16.86017,20.85978,1.2372224,2498,0.82072,1.288521651,20.63559508,0.982721821,-4.174801949,-3.97672783
12.25767,14.80803,1.208062381,5101.05,0.85258,2.375470174,15.89967196,1.10987797,-3.748790792,-3.671505259
10.27655,14.59419,1.420144893,6440.64,0.86294,2.811841183,13.30254271,1.025331309,-3.55034562,-3.527847216
10.23953,14.11155,1.378144309,2356.54,0.71998,1.092821029,26.05089145,1.360926684,-4.692175692,-4.309516662
10.76362,13.46081,1.250583911,5387.37,0.84584,2.383970823,14.80523344,1.222791124,-3.70221562,-3.670326126
11.08267,14.43286,1.302290874,6078.83,0.86912,2.84615838,13.30879252,0.986310373,-3.460679787,-3.503007658
9.75711,12.78109,1.309925787,4850.4,0.8294,1.94838449,15.90325327,1.266594395,-3.752703801,-3.710493668
10.25098,14.00913,1.366613729,5515.17,0.86218,2.569123909,17.71635055,1.001759391,-3.659542781,-3.588631811
10.70203,14.11602,1.319003965,4603.9,0.82936,2.051972279,16.68861495,1.805610243,-3.841223099,-3.819069055
7.96378,12.76333,1.602672349,4317.53,0.78644,1.568960736,17.41104754,2.110283245,-3.906215538,-3.821955497
23.69132,26.05754,1.099877086,6218.21,0.90158,3.975535977,11.20348237,0.982292639,-3.385174192,-3.315606292
9.45244,15.18813,1.606794648,4137.07,0.81038,1.671751773,21.16758107,1.569073052,-4.129271056,-4.001447648
7.54911,10.95936,1.451741993,2592.55,0.73804,0.933114017,33.31910582,2.542569028,-4.725441943,-4.264662394
7.61726,10.98869,1.442604033,3110.79,0.74286,1.081656426,31.37180197,3.847717125,-4.669835319,-4.266882218
6.59802,10.2851,1.55881613,2672.85,0.72692,0.914377432,27.32317611,3.773775184,-4.499505378,-4.298578802
11.2527,12.76423,1.134325984,2719.98,0.78266,1.087615392,20.81125973,1.32163843,-4.165869997,-4.029345622
11.62845,14.98291,1.288470088,5700.97,0.86528,2.814623499,13.90169601,1.132506995,-3.602388588,-3.550463604
9.61108,14.22242,1.479794154,5448.39,0.85306,2.378769373,18.40495697,1.495090442,-3.821805642,-3.804043848
11.67831,16.41242,1.405376292,6825.18,0.89068,3.684804958,14.3698417,1.071971128,-3.527367133,-3.481052596
8.91397,11.83431,1.327613847,3507.17,0.7692,1.376324077,21.37858168,1.780124558,-4.198983657,-4.067196202
27.14458,31.18124,1.148709613,6287.86,0.9137,4.927093894,13.61252152,1.068369165,-3.336910406,-3.303167291
9.93218,11.71394,1.179392641,3165.93,0.76556,1.253032084,22.00380444,1.752009549,-4.349378082,-4.138126053
6.7341,10.93166,1.623329027,4577.8,0.76418,1.498580214,19.985635,2.079457572,-4.058813078,-3.983510387
9.27155,13.85743,1.494618483,5405.27,0.84058,2.234854024,13.99954306,1.07736587,-3.596246347,-3.621414212
12.1479,16.16464,1.330653035,4594.7,0.84172,2.035278614,15.92078228,1.250822317,-3.857679152,-3.824281851
7.74333,9.92337,1.281537788,2752.28,0.72628,1.009583172,20.94917039,1.150034721,-4.19049279,-4.173996295
4.87704,9.55127,1.95841535,1883.88,0.66106,0.677598832,34.25042734,5.314062786,-4.790439967,-4.531811279
9.8273,12.49995,1.27196178,3105.55,0.81316,1.2523718,19.63269642,0.81668937,-4.011629286,-3.866190346
13.31523,20.57355,1.545114129,5782.13,0.89216,3.369515134,13.24835011,1.101443464,-3.539214314,-3.514246205
7.37953,11.56466,1.567126904,4609.11,0.79502,1.524650777,16.49724763,1.590994636,-3.835482841,-3.787451114
11.61573,15.08949,1.299056538,6335.68,0.87764,3.060324988,11.8259279,0.950063821,-3.487559643,-3.446666939
8.99719,11.66551,1.296572597,2425.07,0.75488,0.924892885,22.80809435,1.430659616,-4.317253928,-4.112844911
9.7961,13.27431,1.355060687,4663.16,0.81398,1.890795733,16.43957885,0.960569977,-3.832801444,-3.766262679
12.21554,16.03606,1.312758994,6359.97,0.88394,3.264481581,11.73022157,0.949058273,-3.472526256,-3.445491524
12.03052,15.18858,1.262504031,6289.18,0.88204,3.17695408,11.0765671,0.882652392,-3.497386987,-3.445923651
5.64051,9.21652,1.633986998,2335.12,0.68344,0.789367607,34.21153663,4.975397507,-4.75481018,-4.433733406
12.92732,15.4378,1.194199571,6046.75,0.88274,3.213445843,12.61029579,1.005740033,-3.553815628,-3.524339938
10.13395,13.07391,1.290109977,4861.04,0.82988,1.983593548,15.66799947,1.20886782,-3.747419888,-3.692490288
7.3826,10.98472,1.487920245,3664.7,0.7774,1.266556966,28.63344509,2.087376113,-4.3320184,-4.017590096
8.93091,12.2889,1.375996399,4901.67,0.82198,1.944893348,14.89995625,1.145895054,-3.728111763,-3.685764172
10.84009,13.68678,1.262607598,4633.26,0.82684,1.958872305,17.52974967,1.093374102,-3.862436686,-3.800479687
7.8672,14.29441,1.816962833,3719.79,0.7942,1.421646547,21.6287388,2.535953198,-4.17379566,-4.007647296
10.43036,13.88745,1.331444936,4576.1,0.83454,2.012870174,19.16489171,1.770978001,-3.892013653,-3.785531992
12.89307,14.13,1.095937585,3585.98,0.80814,1.628907289,20.39708947,1.411878116,-4.165389854,-3.946724151
10.35475,13.52421,1.306087544,4777.72,0.8417,2.050786009,16.08281611,1.297332569,-3.771464969,-3.738558222
12.10305,14.91513,1.23234474,4872.8,0.85768,2.35250877,16.08406054,1.242071389,-3.790698012,-3.724828432
10.87386,12.35864,1.136545808,3728.55,0.79642,1.421592165,17.12307172,1.19900978,-3.876216694,-3.877562817
10.58628,12.51565,1.182251934,4237.41,0.81988,1.806197486,23.03832595,1.685084146,-4.148178335,-3.964516644
7.57608,11.72501,1.547635453,3754.4,0.77412,1.311258817,27.6221621,2.182605296,-4.409328829,-4.078248045
10.28273,11.95907,1.1630248,3567.07,0.78632,1.397686047,18.44751318,1.246747269,-4.015988806,-3.948104439
8.26432,10.45715,1.265337015,2830.83,0.71568,1.02908168,23.55357355,1.337792572,-4.52896358,-4.17996179
8.10349,12.64701,1.560686815,2692.76,0.7726,0.993618515,20.50543742,1.330494983,-4.09769425,-4.063260997
19.49555,23.14142,1.187010369,3497.89,0.82964,2.057883875,23.34307337,0.945350662,-4.034555075,-3.850394859
5.31483,8.45438,1.590715037,1494.84,0.65194,0.525220137,21.5319083,1.666078328,-4.117081326,-4.268802816
17.50794,21.11145,1.205821473,4298.84,0.82786,2.278089493,21.21402511,1.835272338,-4.081627457,-4.000545076
9.11253,12.70884,1.394655491,3397.66,0.77534,1.413200982,18.86301199,1.505891009,-4.048575831,-4.002840092
7.66082,15.65655,2.043717252,3059.1,0.7824,1.297508134,20.50854103,2.11676171,-4.074545868,-4.01035732
9.09671,14.26754,1.568428586,5722.68,0.83584,2.239579007,16.71171584,1.165662672,-3.656499483,-3.639051094
9.29863,13.79807,1.483882034,5970.74,0.8602,2.576791502,12.71224794,0.905444509,-3.55949925,-3.498172169
9.14085,12.32205,1.348020151,3724.57,0.7793,1.399524453,19.68062609,1.598183743,-4.069674842,-3.981491448
10.69718,14.10101,1.318198815,4374.05,0.84538,2.032798711,18.41939919,0.96542719,-3.797696985,-3.649039485
10.29973,11.89081,1.154477836,3796.14,0.79936,1.447719917,17.13472224,1.141355769,-3.810093001,-3.830042715
18.44697,22.18512,1.202643036,4379.4,0.86066,2.416240406,13.78513328,1.337020224,-3.758126167,-3.735017401
10.36772,12.98862,1.25279425,3898.27,0.8203,1.654274231,24.5897509,2.474191598,-4.261498501,-4.030424108
9.56312,12.92188,1.351220104,6090.43,0.84434,2.421664597,15.42711096,1.117796005,-3.620298081,-3.606199051
10.26704,19.25688,1.875601926,5211.43,0.85558,2.371295457,14.72616423,1.050952806,-3.681030384,-3.668298135
18.87984,21.24626,1.125341105,3514.51,0.84328,2.073362329,15.584462,1.007233848,-3.723539394,-3.800026245
12.38113,15.76766,1.273523499,6568.56,0.8857,3.473932757,11.69835803,0.948868793,-3.465761944,-3.454694371
9.72844,11.90665,1.223901263,2595.73,0.75954,1.017374148,26.52391816,2.386301006,-4.394158248,-4.20831305
10.8185,13.21606,1.221616675,4305.14,0.81936,1.860059659,20.04574048,2.024503441,-3.976608758,-3.913542287
13.52788,16.50207,1.219856326,6559.63,0.89026,3.624364904,11.89709008,0.981644669,-3.459861715,-3.440612498
11.93231,14.96523,1.254177104,6414.28,0.88276,3.246539271,11.33522469,0.875238235,-3.424269448,-3.390569473
11.63938,15.55505,1.336415685,6378.91,0.88082,3.396024182,14.14028953,1.114090557,-3.572977513,-3.567644814
9.21198,12.65873,1.374159518,4749.97,0.81464,1.916935313,18.0956098,1.3097274,-3.927175717,-3.827482959
11.95119,15.39612,1.288249957,5188.14,0.85558,2.57819751,16.0415322,1.504514492,-3.724656618,-3.667454541
10.42911,13.59175,1.303251188,5018.35,0.83636,2.197102439,16.30127764,1.495228655,-3.873319888,-3.763117406
11.55783,13.83708,1.197203973,4897.5,0.85024,2.209167275,15.74067711,1.281075552,-3.773196868,-3.719929968
7.81245,10.65749,1.364167451,3315.5,0.761,1.13488927,31.09319189,4.110990283,-4.689871878,-4.244411925
5.98102,8.58723,1.435746746,2711.31,0.69982,0.856833968,36.43015561,5.219845574,-4.915594933,-4.330440197
9.96013,13.11018,1.316265952,4598.33,0.83694,1.979344286,17.02918962,1.5576415,-3.849157499,-3.762568322
12.3562,14.30541,1.157751574,3983.45,0.8168,1.80928922,21.00363551,1.613039458,-4.221238811,-4.025120325
12.238,15.61361,1.275830201,5980.31,0.87392,3.025514973,13.98822704,0.968919877,-3.555875636,-3.498399011
11.37587,15.33155,1.347725493,6071.61,0.86914,3.0512735,17.28773351,1.121033572,-3.73974069,-3.645432951
10.9326,14.48594,1.32502241,6179.81,0.85344,2.594263342,16.4759981,1.321229429,-3.724012935,-3.63089728
10.32175,13.2232,1.281100589,4898.21,0.84122,2.101689156,15.15888224,1.29400167,-3.756408614,-3.729530183
11.61133,14.3304,1.234173863,4823.99,0.83544,2.213866077,16.82830518,1.033132704,-3.883347613,-3.80830324
8.98741,12.21756,1.359408328,4545.75,0.82022,1.754927992,15.29710854,1.002461931,-3.698496502,-3.649517582
11.77842,14.66612,1.245168707,5414.7,0.86038,2.628856372,15.43006484,0.975796373,-3.621730869,-3.582639546
10.72729,15.25082,1.421684321,5834,0.86012,2.688547137,14.91864403,1.223351996,-3.678295145,-3.647488917
12.20877,14.79662,1.21196648,5626.77,0.86732,2.821525469,13.51058086,1.069121314,-3.610280599,-3.620893181
11.8568,13.69372,1.154925444,3182.29,0.79374,1.380647899,28.27036811,2.90717539,-4.623125063,-4.188534899
7.39744,9.3853,1.268722693,3288.15,0.72912,1.119444577,22.83549806,1.839563767,-4.325615511,-4.17619359
5.87877,8.56052,1.456175356,2226.5,0.66308,0.764669387,21.59977414,1.379789906,-4.352135495,-4.320031017
11.03747,14.67796,1.329830115,4828.77,0.8366,2.012228267,17.57558804,1.292104778,-3.883591326,-3.831369385
8.62667,11.58293,1.34268843,3252.92,0.7536,1.233208256,23.78956656,1.930279786,-4.421520049,-4.096782713
11.13687,13.62271,1.223208137,4623.63,0.82936,2.012892453,17.11322016,1.478655995,-3.843298807,-3.757969791
19.65035,23.8966,1.216090299,5153.44,0.87118,2.86707234,16.3172324,1.219541897,-3.750352522,-3.767815569
10.24078,12.95516,1.265055982,3867.14,0.8202,1.605851706,25.96661295,2.337461828,-4.299654434,-4.039355721
9.01269,16.76317,1.859951912,4344.69,0.8363,1.908667858,25.95425441,2.753194345,-4.350751541,-4.025508503
14.2868,17.48765,1.224042473,6650.07,0.8968,3.933799178,11.51364905,0.958323872,-3.412137724,-3.39352633
9.44347,11.55324,1.223410462,3522.33,0.77658,1.270303958,16.63613004,1.205516783,-3.940154239,-3.900796858
11.93777,14.85526,1.24439154,5831.4,0.86608,2.893143949,13.34848655,1.053422043,-3.545537157,-3.52842991
9.83981,13.10711,1.332049094,4471.87,0.81212,1.733476772,16.83795746,1.17875741,-3.912803873,-3.893588524
9.84589,13.03399,1.323800083,4307.99,0.812,1.747702374,17.168025,1.078330841,-3.913326579,-3.850129661
10.22386,12.64827,1.237132551,3357.89,0.78498,1.368202171,19.54555521,1.530252468,-4.094713988,-4.021193891
11.49592,14.72826,1.281172799,4799.92,0.85082,2.285866274,18.3064454,1.680250809,-3.875045258,-3.825017062
11.22295,14.52722,1.294420807,5148.01,0.8496,2.338434438,14.0744445,1.107798046,-3.629704359,-3.655844652
10.2513,13.84016,1.350088281,4716.71,0.83992,2.065934174,15.55753595,1.309505464,-3.768534803,-3.691635216
12.85547,15.21865,1.183826807,4753.2,0.8598,2.269553718,12.93613358,0.82992195,-3.568602365,-3.54611975
5.98673,8.88079,1.483412481,2498.25,0.6886,0.812905435,32.99061152,5.116001753,-4.768450961,-4.368251607
11.98409,13.62979,1.137323735,5882.29,0.85976,2.589732159,17.51277718,1.078614235,-3.699859914,-3.65550737
8.29773,11.11595,1.339637467,2405.25,0.74252,0.868649669,20.23698747,1.119732712,-4.192036937,-4.081880814
9.10757,11.60374,1.2740764,2356.28,0.75536,0.924999326,22.84904441,1.226658179,-4.288817812,-4.080673279
8.77886,13.94436,1.588402139,6173.12,0.84614,2.339322593,11.94944301,0.897631272,-3.474205737,-3.495439932
6.05303,9.30052,1.53650651,1564.4,0.66976,0.587947154,29.09572195,2.219374747,-4.65357714,-4.429801724
9.56405,12.64638,1.322282924,4217.09,0.80652,1.725405294,18.35086391,1.595443754,-3.939395718,-3.896147564
9.89144,15.72591,1.589850416,4820.55,0.84428,2.159930209,16.84465988,1.369930965,-3.90837176,-3.860268802
13.7857,17.66667,1.281521432,6968.72,0.90618,4.435318878,14.47878817,1.018916496,-3.399201544,-3.414299944
23.00063,26.86304,1.16792627,6720.26,0.91248,4.59921673,10.37571942,0.963254078,-3.233367888,-3.297325167
10.48297,16.42859,1.567169419,2224.86,0.7506,1.154147767,23.80181433,2.094750599,-4.523703127,-4.317412902
10.0544,12.60021,1.253203573,3938.49,0.82602,1.576632806,14.02905292,0.715034643,-3.63712949,-3.640819437
6.64549,8.87656,1.335726937,2222.66,0.71586,0.744242429,20.88592146,1.402201292,-4.214205731,-4.11486297
14.00462,16.7801,1.198183171,6176.21,0.88856,3.530220381,13.12046147,1.000096637,-3.454191005,-3.476837126
12.57617,15.85375,1.260618296,6021.36,0.8824,3.242710883,12.89560064,0.95850058,-3.481015127,-3.490714106
8.31239,12.00651,1.444411294,4439.46,0.8091,1.679690095,17.63026686,1.224059678,-3.858160136,-3.860811503
7.89688,12.2111,1.546319559,3865.06,0.798,1.404417756,18.90556419,1.372160792,-3.906917975,-3.793365018
10.962,13.48531,1.23018701,4945.43,0.84136,2.151518716,15.80077912,1.005744711,-3.754582447,-3.742217285
25.04888,28.55411,1.139935598,6053.08,0.90248,4.196546898,12.6422555,1.085119475,-3.451374026,-3.420815902
12.0135,14.29914,1.190255962,4444.06,0.85066,1.981897184,15.39986252,0.905744633,-3.665613806,-3.643935849
12.5669,14.4603,1.150665638,3676.36,0.81936,1.687839505,26.13502748,2.410607598,-4.299440993,-4.113788358
11.05518,14.18182,1.282821266,5032.55,0.84426,2.265393357,17.04530852,1.230499998,-3.830649672,-3.739124055
10.51307,15.55547,1.479631544,4398.96,0.81932,1.780217106,17.31619592,1.573511967,-3.883138605,-3.880150875
12.20877,15.84245,1.297628672,6264.48,0.88026,3.190469114,13.04923804,1.042644599,-3.538971908,-3.473684697
9.19562,11.51478,1.252202679,1864.23,0.75062,0.738036478,21.09787531,0.614622291,-4.109976753,-3.965503478
10.16237,13.17661,1.296607976,4647.11,0.83172,1.986310857,16.31276184,1.103271041,-3.837601273,-3.777578806
7.67172,15.14652,1.974331701,2765.08,0.75564,1.154533704,20.01535098,1.404742451,-4.106653452,-4.076858351
7.34802,9.28113,1.263079034,2773.03,0.72308,0.943256916,22.00181337,1.502697125,-4.417002373,-4.23787737
8.07465,11.4963,1.423752113,3844.77,0.79022,1.440075811,18.91182999,1.129534306,-4.017017062,-3.882619933
12.12402,14.93291,1.231679756,5164.13,0.85248,2.512933436,15.22195883,1.440873828,-3.691156805,-3.674867727
9.68104,13.47437,1.391830836,4962.01,0.8252,2.025781332,17.07444191,1.680935677,-3.80255848,-3.772699891
8.55691,13.0392,1.523821099,3510.71,0.76914,1.287787334,19.19654412,1.583259723,-4.096219524,-4.041626889
11.45653,14.31776,1.249746651,4736.81,0.8385,2.141193655,19.34117368,2.027744625,-3.918528377,-3.862167992
8.8545,15.33515,1.731904681,3467.57,0.79012,1.428142793,15.83590557,1.177165496,-3.823704277,-3.832084948
9.24914,12.3389,1.334059167,4037.86,0.80808,1.502767198,18.66138518,1.122757826,-3.874966772,-3.784697277
10.20666,12.85132,1.259111208,3877.09,0.82078,1.639163543,23.40533688,1.965249997,-4.159127253,-3.991245708
9.42408,12.21091,1.295713746,4329.54,0.80524,1.768079538,17.47416741,1.020994984,-3.886473194,-3.780662803
8.91893,13.17493,1.477187286,4255.06,0.82554,1.673871433,15.58595294,1.197468901,-3.75511319,-3.74589254
11.97631,16.47628,1.375739272,5796.42,0.87422,2.91740223,14.19879394,1.057678804,-3.612965014,-3.540071667
11.386,14.59537,1.28186984,5016.03,0.8508,2.379081531,15.42563922,1.346836,-3.746984631,-3.701258152
9.9142,13.51498,1.363194206,4455.41,0.82624,1.905144009,16.98460246,1.291829066,-3.784055973,-3.771427801
14.72431,18.60021,1.26323135,7169.3,0.91402,4.836826815,10.78515636,0.971747595,-3.309773219,-3.369128628
7.90149,11.93168,1.510054433,4522.3,0.81572,1.680763691,17.87822438,1.71683202,-3.875014012,-3.869104215
15.00709,19.83503,1.321710605,4089.08,0.8189,1.742459061,17.95247175,1.395430181,-4.017854449,-3.937538506
10.95075,13.8356,1.263438577,5442.11,0.8523,2.517188829,15.31019797,1.187824333,-3.682733253,-3.680523626
10.43323,12.92759,1.239078406,6069.27,0.83856,2.333968855,13.96362462,1.237280591,-3.642379399,-3.624455973
8.79741,12.50388,1.421313773,4655.15,0.8032,1.764417722,17.89358473,1.277689548,-3.928120953,-3.884305536
9.10018,10.9406,1.202239956,2760.78,0.73962,1.030474527,31.06418521,3.60390995,-4.721457298,-4.278906964
10.83321,13.19477,1.217992636,4394.01,0.81408,1.853227007,17.73833679,1.458049945,-3.930728382,-3.832978022
11.17425,13.9621,1.24948878,5069.6,0.8471,2.249885793,14.42215585,1.103161871,-3.681046499,-3.680116304
12.45744,24.46379,1.963789511,3855.37,0.83676,2.001664944,21.31725918,1.271524056,-3.964453496,-4.034261679
20.90195,24.7438,1.183803425,2931.14,0.85608,1.672517979,18.91614342,1.038567921,-3.868623213,-3.845421625
9.80577,16.93652,1.727199394,4738.44,0.85026,2.215170581,16.19548905,1.367420204,-3.777672351,-3.745368594
9.97275,14.27764,1.431665288,5780.09,0.85482,2.508495466,13.29132699,0.924654674,-3.582479221,-3.613922738
9.50886,14.09066,1.481845353,6153.15,0.85306,2.576411037,14.51886175,1.095667172,-3.637534832,-3.593582115
19.87281,23.97505,1.206424758,4764.34,0.87798,2.879623738,10.45624712,1.039470788,-3.442751468,-3.468376296
11.4947,14.02511,1.220137107,5956.74,0.86768,2.832667346,12.06159684,0.968691795,-3.518095824,-3.511900497
12.06007,15.30817,1.269326795,6116.72,0.87576,3.132861129,13.16377126,1.062522083,-3.567173006,-3.548589275
5.95651,10.53718,1.769019107,3705.36,0.74082,1.162977254,20.18218765,1.515140508,-4.106207163,-4.018567236
10.08256,12.95839,1.285228156,4681.71,0.83362,1.940903514,16.15518477,1.259825154,-3.768616472,-3.741191569
5.75905,9.85555,1.711315234,1528.3,0.67512,0.584003737,23.26307204,1.399251692,-4.353525539,-4.278158658
7.75365,10.89056,1.40457204,3387.43,0.74252,1.21494746,18.78935178,0.879499488,-4.070414626,-3.993777642
4.79143,8.89511,1.856462476,2513.85,0.67788,0.818562191,19.518012,2.754433725,-4.197939168,-4.238311341
7.1323,9.96864,1.397675364,2376.73,0.74052,0.820043742,19.05459783,1.035050434,-4.143934149,-3.956087173
10.35916,13.01831,1.256695524,3902.77,0.82054,1.657482446,23.74083239,2.066927002,-4.165539163,-4.010900845
7.24483,9.80418,1.353265708,3085.39,0.74164,1.095061121,22.93470289,2.248078987,-4.233261693,-4.193160828
8.92729,14.74474,1.651647925,1741.21,0.6879,0.831314163,32.99070017,1.276899818,-4.743997335,-4.375567304
9.72155,14.06127,1.446402066,6199.44,0.85438,2.555285054,13.6975547,1.041979512,-3.566464598,-3.555332227
10.39209,11.79432,1.134932434,3420.2,0.77386,1.364784311,22.28545686,2.052664589,-4.285075109,-4.090560423
8.89254,10.78194,1.212470228,3680.63,0.78996,1.446956292,18.50965131,1.261098949,-4.035659221,-3.891823154
10.50329,13.15299,1.252273335,4510.54,0.82412,1.931878384,16.90346324,1.555428832,-3.842862388,-3.795912503
9.79194,12.62515,1.289341029,4018.87,0.79784,1.584934146,18.37685006,1.320811613,-4.023739388,-3.954958424
4.01784,6.59167,1.640600422,647.201,0.5575,0.450377671,30.17784904,3.187249753,-5.032568542,-5.214941415
24.92306,30.27474,1.214728047,6532.93,0.91864,5.13711806,13.27921004,1.09076741,-3.312360685,-3.296340294
9.36086,11.44453,1.222593864,3275.19,0.77818,1.205182013,17.35627073,1.368902146,-3.885965323,-3.87563937
14.43086,18.2692,1.265981376,3970.4,0.81778,1.874378286,18.51459256,1.994702802,-4.016127358,-3.943079489
9.69705,12.36064,1.274680444,4873.69,0.83352,2.028379598,15.57675283,1.292773863,-3.720623476,-3.70612188
9.54493,11.81426,1.237752398,3671.26,0.80336,1.481033567,17.11007832,1.099558806,-3.898780435,-3.867566975
9.11628,13.03141,1.429465747,6045.2,0.8079,1.870385676,15.10592155,1.4969985,-3.706942107,-3.70257149
18.25075,19.94013,1.092564963,3402.89,0.81254,1.718588395,13.8377758,1.07586343,-3.709166352,-3.770481984
8.21954,10.3326,1.257077647,2418.92,0.72126,0.853250113,32.22672686,3.412033142,-4.866294934,-4.29238409
10.28889,14.39212,1.398802009,5960.12,0.8473,2.501210311,16.03302953,1.142740327,-3.723827456,-3.613963739
14.35955,17.26099,1.202056471,6177.25,0.8908,3.603866024,12.44628597,0.986727984,-3.444107882,-3.497846807
11.56592,15.33046,1.325485564,6273.35,0.87246,3.083932769,13.80060604,1.007008954,-3.585125919,-3.569217151
10.66252,14.1657,1.328550849,6209.29,0.85164,2.620721064,15.32829872,1.173556068,-3.686791071,-3.626649211
8.27846,12.77661,1.54335589,4469.62,0.80502,1.710719249,20.62882004,2.180795175,-3.949087509,-3.883372591
10.84152,13.98858,1.290278485,5131.6,0.84914,2.354099033,15.80354475,1.202223785,-3.737681476,-3.716229567
11.07818,14.10911,1.27359458,5094.54,0.83024,2.283382059,16.39603376,1.303370227,-3.819180166,-3.819446753
11.8518,24.25119,2.046203108,3203.59,0.82698,1.640911472,26.19889316,2.777387525,-4.412888143,-4.372062937
10.1627,13.39168,1.317728556,4911.61,0.83336,2.082057073,14.29817872,1.273963102,-3.735151134,-3.710255879
18.72013,35.0324,1.871375893,5804.9,0.9156,4.56057859,13.7053475,0.978961213,-3.316488351,-3.368524239
12.67078,19.37922,1.529441755,5890.8,0.8917,3.388278388,13.26094301,1.10978372,-3.555086658,-3.539821083
10.74784,14.61765,1.360054671,5156.07,0.82746,1.957077038,10.64006912,0.861234313,-3.597430689,-3.548457356
7.83927,12.46355,1.589886558,4341.72,0.8002,1.533329118,22.8579936,2.339411005,-4.167614308,-4.055185626
9.26112,12.00638,1.29642851,2967.43,0.77214,1.169884275,26.58489326,2.69065214,-4.437811972,-4.127439289
5.62196,9.54515,1.69783314,2528.56,0.69264,0.816722145,30.35485126,4.872335898,-4.614924083,-4.349170281
20.05765,24.12726,1.202895653,5642.25,0.8863,3.458596738,11.29456469,1.084425274,-3.456309215,-3.49987
11.34673,14.39889,1.268990273,6076.68,0.84634,2.523668524,16.4345745,1.154139231,-3.674666725,-3.620753124
8.90889,11.16367,1.253093259,3550.81,0.75458,1.309239178,20.49943131,1.808738986,-4.255350566,-4.088054927
8.9103,14.12404,1.585136303,4192.14,0.81704,1.785306142,20.41419735,1.857308603,-4.069455934,-3.956630714
10.15389,13.17381,1.297415079,4606.51,0.81728,1.904610982,17.2735994,1.571361295,-3.83635781,-3.827789895
11.40947,15.27853,1.339109529,6294.81,0.87378,3.173953948,14.16052722,1.091824792,-3.575998292,-3.546370714
9.43711,14.05551,1.489387111,6279.59,0.85262,2.588890441,13.38193452,1.035961447,-3.583097442,-3.573786736
9.7535,13.23091,1.356529451,4698.31,0.81578,1.89446648,16.94644675,0.950432611,-3.842285448,-3.799817485
10.00866,13.88478,1.387276618,5983.7,0.84796,2.46960898,20.32497789,1.448013083,-3.807021541,-3.725014509
10.70892,13.80907,1.289492311,4122.81,0.82346,1.848722894,18.86246326,1.7017906,-3.990514575,-3.863724697
14.1814,22.34967,1.575984741,5534.19,0.88642,3.274728928,15.41522189,1.389330623,-3.680820655,-3.609345822
9.67022,13.41738,1.387494804,6332.7,0.84308,2.325179888,13.49688226,1.039988308,-3.573099053,-3.546815513
13.30868,16.20729,1.217798459,6374.75,0.88754,3.418348483,11.76902644,0.923455609,-3.422901283,-3.408591823
9.09279,12.36605,1.359984119,4771.4,0.82092,1.879128878,16.21426019,1.319455519,-3.772707143,-3.770668759
15.19608,29.4478,1.937855026,5462.59,0.89072,3.363568391,14.28425618,0.971579728,-3.527356674,-3.536342313
8.13337,14.16485,1.741572067,4233.08,0.80136,1.588484006,18.05336387,1.664456416,-3.958518742,-3.890937142
8.92119,10.94748,1.227132255,4907.59,0.82214,1.778834607,11.71604822,0.773971495,-3.483754049,-3.508782892
7.95304,11.7845,1.481760434,4415.15,0.80318,1.585316509,17.03543489,1.39021853,-3.829402515,-3.761949039
9.36528,11.14253,1.189770087,3363.09,0.76744,1.152584018,18.05738572,1.374798371,-3.956469704,-3.941333546
16.69548,22.02153,1.319011493,6316.53,0.91614,4.610135717,12.51742938,1.158692625,-3.444687191,-3.464373593
23.58786,25.90318,1.098157272,4447.3,0.87138,2.867560675,18.98223253,2.363117802,-3.901318368,-3.899563419
11.2049,13.36414,1.192704977,3664.93,0.82118,1.588598645,26.46099031,2.160926406,-4.314021842,-4.081231405
11.30988,14.89058,1.316599292,6175.22,0.8724,3.101822552,13.75110212,1.085257681,-3.631015461,-3.579780259
9.75577,13.86622,1.421335271,6260.72,0.84792,2.36885555,11.73016699,0.918243423,-3.467021214,-3.501847207
12.03978,15.16393,1.259485638,5293.96,0.85732,2.495844238,14.78588658,1.313655614,-3.71413069,-3.700831113
34.45918,37.91424,1.100265299,6987.74,0.93916,6.841948057,6.713771708,0.956494512,-3.002508831,-3.066765591
9.80022,14.38292,1.467611952,4952.05,0.82668,2.057385189,19.54162201,1.934651193,-4.00491931,-3.886209348
7.83381,9.6691,1.234278084,3158.7,0.74706,1.124944661,19.92536727,1.544177962,-4.147060027,-4.102493913
12.53917,14.99254,1.195656491,4690.2,0.85246,2.170749905,15.46923633,1.206426818,-3.72071428,-3.64426949
12.43805,14.86523,1.195141521,4993.06,0.8589,2.410609037,15.32521882,1.208025686,-3.672559156,-3.682876577
6.29461,9.48189,1.506350671,2990.84,0.7072,0.967570252,19.7051473,1.204273302,-4.101341329,-4.032026537
10.97622,13.61743,1.240630199,4803.41,0.83476,2.087192207,15.98859836,1.476448839,-3.808537175,-3.747620986
7.54106,9.80196,1.299811963,3161.84,0.7413,1.146451306,21.49079011,1.864440698,-4.280675833,-4.141052115
7.30518,10.08095,1.379972841,2857.58,0.71954,1.018292873,20.81553933,1.403017939,-4.198510045,-4.104937519
9.17496,12.74532,1.389141751,4735.93,0.82384,1.869572025,15.98528505,1.289331989,-3.761503241,-3.750666809
13.90498,17.05765,1.22672956,4848.49,0.85792,2.568253664,17.93139753,1.723390247,-3.800796377,-3.756504966
6.1221,8.26177,1.349499355,2403.46,0.6859,0.802129344,35.32509127,5.073026702,-4.965829635,-4.428433666
5.49793,9.71295,1.766655814,2002.62,0.66968,0.743560135,37.08567004,5.840556246,-5.019717029,-4.621496578
6.64984,10.72848,1.61334408,4494.51,0.76186,1.464011745,18.03493787,1.734365279,-3.957483116,-3.937751716
8.20569,10.45915,1.274621634,3288.11,0.75886,1.16942897,19.96784039,2.233647189,-4.127252802,-4.074647736
7.7718,12.8632,1.655112072,4066.62,0.7833,1.523864737,21.76880456,2.679228305,-4.157065424,-3.958970289
9.73441,12.74391,1.309161007,3083.5,0.76624,1.258921413,23.34730629,1.33719763,-4.321720713,-4.050656866
9.08475,12.11238,1.333265087,1971.2,0.76112,0.781022804,23.63202707,0.614590126,-4.120132614,-3.951789483
10.52468,13.91093,1.321743749,4515.19,0.81792,1.851440213,17.78002313,1.148302569,-3.910681318,-3.840060925
11.19803,14.13514,1.262288099,5062.43,0.8451,2.286476483,14.70308928,1.109338389,-3.675123159,-3.667274444
10.99264,12.90386,1.173863603,4487.56,0.82778,1.923204706,18.74937737,1.154401417,-3.992700586,-3.903127125
7.65497,11.90068,1.55463444,3874.9,0.79272,1.388739007,19.65783502,1.421970785,-3.859711341,-3.80843496
8.93166,11.67852,1.307541935,3464.35,0.78412,1.315904739,18.58978349,1.641285343,-3.993739186,-3.922145206
9.51645,17.01664,1.788128977,4486.89,0.82988,1.934488289,31.71284241,2.493911212,-4.485234727,-3.990873263
12.44754,14.40679,1.157400579,3828.83,0.80884,1.730065024,20.68974429,1.599184659,-4.151585716,-4.030911433
10.38799,13.54668,1.304071336,3800.02,0.8292,1.613060107,18.57699849,1.151098864,-3.835820902,-3.808112558
10.11471,12.48965,1.234800602,4611.45,0.83476,1.90371068,12.78014643,0.738100714,-3.546839124,-3.565977154
7.65071,11.74612,1.535298031,4188.19,0.79356,1.485430405,16.2136844,1.420423727,-3.80066999,-3.793295135
11.35262,15.04199,1.324979608,6231.37,0.87728,3.232495928,14.794338,1.147907723,-3.565727725,-3.573050717
8.09361,10.32873,1.276158599,3553.02,0.76142,1.261773927,19.23563592,1.50243347,-4.071971735,-4.034109812
10.37759,13.64515,1.314866939,5927.26,0.83366,2.19326493,14.83286144,1.141210402,-3.646058267,-3.635288353
30.19986,33.30227,1.102729284,6673.72,0.92188,5.520702334,8.145882666,0.928810802,-3.182336661,-3.170973324
12.94636,16.07409,1.241591459,5350.76,0.864,2.756789871,15.32910446,1.439790627,-3.680801178,-3.706781933
8.47249,13.45271,1.587810667,5109.32,0.8288,2.057290374,19.03212358,1.559037859,-3.880966476,-3.81073782
7.31026,9.52456,1.302903043,3161.87,0.75426,1.057355056,14.6522609,0.918969154,-3.80159208,-3.796330794
11.26482,14.65722,1.301149952,5978.72,0.86534,2.899272284,14.01387359,0.989433957,-3.584768467,-3.626024325
10.30775,13.35529,1.295655211,3568.12,0.80458,1.319695377,21.79137852,1.43671044,-4.065176311,-3.89310611
8.7333,13.1317,1.50363551,5187.27,0.82826,2.063556524,21.30635594,1.573498388,-3.952661145,-3.774016898
10.24935,14.98891,1.462425422,5860.18,0.86856,2.833995151,16.9730311,1.416522495,-3.731707948,-3.694761778
11.16897,14.3133,1.281523722,6141.12,0.85888,2.608088329,16.7912525,1.072148198,-3.613478349,-3.604102083
12.38166,14.97872,1.20975055,5958.13,0.87832,3.087295032,12.45671589,0.935353324,-3.493201551,-3.46926732
12.3762,14.35713,1.160059631,5969.08,0.8726,2.889097844,12.96442648,0.993139893,-3.542046575,-3.492536637
9.34243,13.13066,1.405486581,4302.86,0.80196,1.708726445,18.47181225,1.22205627,-3.945084866,-3.897931004
9.67012,13.23888,1.369050229,4669.41,0.82746,1.910097576,16.12618782,1.405722193,-3.806727534,-3.753946312
6.46975,8.79988,1.360157657,2542.17,0.71938,0.86507612,24.89184912,3.431514887,-4.35840196,-4.237721552
9.3821,12.66424,1.349829995,5397.53,0.83252,2.033194615,18.63609576,1.508305047,-3.845218135,-3.758254218
11.20762,17.3116,1.544627673,4956.1,0.86258,2.334369833,24.59227737,1.891205181,-4.219829594,-3.872330438
8.16476,11.10734,1.360400061,3287.86,0.77318,1.151029656,27.5189308,2.265661212,-4.372801175,-4.060605814
8.35808,11.07305,1.32483178,1852.94,0.74302,0.69550973,24.50772535,0.72057816,-4.336260279,-4.11898189
10.26163,13.43838,1.309575574,3464.29,0.81864,1.494752372,25.66796129,1.881568321,-4.30095308,-4.015469521
8.95052,12.29236,1.373368251,4477.56,0.81492,1.775455781,17.38189954,1.380722206,-3.900035583,-3.826492619
11.17079,14.69964,1.315899771,5578.9,0.8605,2.675318054,15.23732572,1.237335884,-3.704235363,-3.640803072
10.67885,14.272,1.336473497,6369.96,0.87082,3.073507664,13.30426154,1.059746506,-3.597820273,-3.530117489
14.55154,27.37561,1.881286104,5503.12,0.88874,3.126294943,12.13985153,0.864107185,-3.459255943,-3.415273064
7.06514,12.41133,1.756699796,1267.52,0.6751,0.507357472,21.68197086,0.617312405,-4.42768967,-4.299442542
12.18353,13.71521,1.125717259,3872.44,0.79746,1.69046867,21.24896054,1.729096492,-4.273036312,-4.066248154
11.89014,14.17824,1.192436759,3253,0.80498,1.444760325,25.37329182,2.736981124,-4.322999788,-4.154663507
6.51713,9.423,1.445881853,1680.84,0.70624,0.576371887,23.40948947,0.758460424,-4.265043718,-4.105131556
11.97417,19.52997,1.631008245,5064.63,0.8743,2.68388594,25.10991891,2.309729806,-4.128344977,-3.894468641
7.69022,10.18549,1.324473162,2955.7,0.72476,1.111278071,29.10884113,1.292178885,-4.602467889,-4.282650423
10.49239,13.60947,1.297080074,4789.69,0.84134,2.065930828,17.21379513,1.607475625,-3.911802512,-3.824247675
13.99484,16.74476,1.19649528,6555.87,0.8939,3.758725086,11.54387049,0.969687481,-3.427213143,-3.482168182
14.1815,17.44322,1.229998237,6243.66,0.89056,3.70241337,14.11488025,1.090553609,-3.566302723,-3.494909892
6.45098,10.04497,1.557123104,3036.58,0.72012,1.007300312,21.77845901,2.708557561,-4.143003103,-4.09814342
8.324,15.70075,1.886202547,4184.18,0.8024,1.681475272,19.77710617,1.489994018,-4.128831967,-3.977365159
8.57203,9.75022,1.137445856,2778.02,0.71732,0.980616515,21.65587742,2.098355126,-4.260510504,-4.172956337
20.67687,24.73141,1.196090608,6054.24,0.90448,4.193775734,12.75474219,1.250743995,-3.553007262,-3.503095472
7.26394,11.98865,1.650433511,3542.3,0.7603,1.261720241,19.67295192,2.326593137,-4.017397679,-4.002702012
7.0867,10.48786,1.479935654,2962.96,0.75296,1.01973212,35.07584261,4.726617975,-4.981398835,-4.334759455
9.59522,13.48868,1.40577079,4563.68,0.80884,1.689927793,15.41215592,1.548635453,-3.771739832,-3.782307921
9.08174,17.16184,1.88970836,4457.75,0.82554,1.978279519,16.39924576,1.844802687,-3.784616999,-3.832910179
14.86155,21.06352,1.417316498,6344.34,0.90536,4.23570142,11.78248511,1.08612171,-3.429345415,-3.428407506
9.93686,15.7551,1.585520979,4249.57,0.81862,1.818060679,17.40841225,1.253828919,-3.824655827,-3.83535656
8.80802,16.10568,1.828524458,3488.95,0.8087,1.465545987,19.00980464,1.613315517,-3.919332717,-3.896333565
7.86435,14.52563,1.847022322,2570.48,0.78096,0.984089941,20.17255377,0.951223629,-4.097101829,-3.996436312
7.17263,11.42945,1.593481052,2630.95,0.70864,0.920995857,31.88020918,3.862079072,-4.819965415,-4.39067435
6.28974,11.81085,1.877796221,2533.16,0.71688,0.966566309,22.14763213,2.782401221,-4.306874132,-4.275080441
10.15165,14.91525,1.469243916,4104.71,0.81356,1.756132519,16.77127901,1.240723157,-3.884386931,-3.860784576
6.30595,12.33724,1.956444311,3035.11,0.74314,1.115814098,20.02375487,2.802482756,-4.092165687,-4.081038547
11.06659,20.04697,1.811485742,5011.11,0.86158,2.478418332,27.9201614,2.529628759,-4.290317296,-3.974238346
5.97768,11.22088,1.877129589,2127.72,0.69328,0.781964114,24.47656969,1.834471766,-4.362452094,-4.292117279
12.28468,17.91581,1.45838638,5053.02,0.85526,2.377875521,20.01292146,1.686743239,-3.904157709,-3.827100212
5.04585,7.41509,1.469542297,992.679,0.57848,0.493335266,32.22771237,3.974407369,-4.699540696,-4.914740746
9.03702,15.01073,1.661026533,4125.11,0.80814,1.700917663,19.06196945,1.832648154,-3.904081617,-3.858154052
8.98259,14.84078,1.65217159,3375.05,0.7935,1.357640255,27.59198882,3.291046256,-4.482655693,-4.162700253
12.11977,17.3531,1.431801099,4364.93,0.8585,2.212703003,16.01178235,1.121392675,-3.795518866,-3.745514898
9.97441,14.52433,1.456159312,3861.24,0.806,1.647867484,17.98106892,1.239888209,-3.943025768,-3.876449048
10.29123,16.0053,1.555236838,2816.72,0.79628,1.217026883,18.558402,1.028960307,-3.921411671,-3.874821987
7.4051,12.54269,1.693790766,3834.35,0.78096,1.365985738,18.91431401,1.765171376,-3.921240739,-3.921115748
8.72681,15.62513,1.790474412,3969.54,0.80774,1.636078225,24.31447508,2.448937226,-4.238590345,-4.084099903
4.47659,9.20248,2.05568971,1936.39,0.6551,0.741968147,23.95756162,3.287519356,-4.488945649,-4.50134634
24.78918,26.24916,1.058895857,5685.96,0.90082,4.066760568,11.95289538,1.102855111,-3.470258029,-3.488880786
10.04302,30.79573,3.066381427,4415.13,0.85654,2.326808252,14.89813272,1.486199614,-3.765317867,-3.80481352
19.65457,21.0287,1.06991402,4016.72,0.85226,2.268483029,19.4640151,1.399841328,-3.96451395,-3.854920743
8.75797,15.87955,1.81315419,4310.96,0.81248,1.762643618,19.09073869,2.204504827,-3.938444232,-3.878489763
9.55054,14.46828,1.514917481,3315.58,0.79506,1.273351015,19.12412949,1.631984058,-3.999323747,-3.945599317
12.08478,16.76671,1.387423685,5402.75,0.86814,2.734281989,14.48742756,1.15644517,-3.624613957,-3.626152276
8.08957,13.82386,1.708849791,4238.67,0.80692,1.623016535,18.24806039,1.305674532,-3.900227789,-3.862445531
5.85034,11.48837,1.963709801,2454.74,0.69646,0.887935244,21.87158049,3.346240771,-4.151736278,-4.153951829
4.83697,10.1968,2.108096598,1369.99,0.63978,0.532581913,30.53963699,2.825242817,-4.784026909,-4.641663732
6.92839,14.42779,2.082415973,2003.32,0.74924,0.755165786,24.06440139,0.926890019,-4.253413593,-4.127767325
12.76055,18.57806,1.455898061,4081.94,0.841,1.965862712,16.97629527,1.247659738,-3.844727616,-3.807134194
6.31406,9.22294,1.460698821,1916.07,0.68746,0.680020575,30.32858218,2.793161274,-4.714686231,-4.571619646
9.58698,15.43186,1.60966853,2950.41,0.80294,1.245350911,18.07203449,0.992157605,-3.954707365,-3.886836413
7.64779,12.30094,1.608430671,3535.58,0.75886,1.169558738,20.17681521,2.411747605,-4.037442879,-3.99350173
7.36323,12.49926,1.697524049,3353.03,0.74932,1.212201609,17.93932686,1.708641944,-4.041291337,-4.027487794
11.90449,18.63245,1.565161548,5837.3,0.86136,2.743315763,14.05781985,1.196682185,-3.597715738,-3.624491462
7.17554,12.01787,1.674838409,2655.45,0.72526,0.972866096,38.63329506,4.144249619,-5.123001757,-4.41153696
8.43458,14.19378,1.682808154,4786.96,0.81554,1.886579456,15.69323574,1.226536168,-3.826619241,-3.814193174
6.97519,9.0561,1.298330225,1336.43,0.64568,0.610872486,46.91299828,7.834859514,-6.117571067,-5.027051139
4.38222,8.85082,2.01971147,1662.07,0.63978,0.6366667,32.65657969,4.89969112,-4.881864941,-4.735679039
4.86293,9.52793,1.959298201,1929.61,0.64872,0.698635404,25.55647849,3.139221233,-4.614373185,-4.532749704
4.73403,10.30484,2.176758491,2268.18,0.67554,0.78036485,26.66156494,3.487485853,-4.487141089,-4.404997813
8.272,14.11447,1.706294729,3599.05,0.77836,1.388418666,31.36202124,2.295344656,-4.620050236,-4.114958297
6.75103,11.57819,1.715025707,2646.22,0.7172,0.989915888,28.69387597,3.90590057,-4.569919843,-4.393812926
8.17207,11.58188,1.417251688,4528.35,0.78626,1.599920234,23.2136141,1.889842864,-4.110760333,-3.908354995
9.08296,15.28519,1.682842377,3531.39,0.8009,1.45565249,30.91156733,3.060141943,-4.488949482,-4.13189258
5.80755,7.91416,1.362736438,1443.41,0.60492,0.620618546,25.2972017,3.002193373,-4.545482676,-4.600582946
11.36314,17.76593,1.563470132,4835.65,0.8447,2.294887782,16.70245255,1.726186246,-3.759503355,-3.788798901
8.42885,12.93236,1.534297087,3869.8,0.78672,1.371727475,18.41032838,1.738518251,-3.962278928,-3.904954134
10.9562,15.76569,1.438974279,4794.79,0.82452,1.88965767,16.35012655,1.484830285,-3.802438248,-3.764483955
9.65233,17.19968,1.781920013,4766.37,0.83846,2.199458569,15.12475581,1.274358822,-3.82311264,-3.788433045
5.57485,11.25445,2.018789743,2308.4,0.7058,0.884932451,24.27713832,2.69994524,-4.320438327,-4.274068873
13.09109,18.24494,1.393691434,3376.47,0.83434,1.702196244,31.1394969,3.205270669,-4.697968732,-4.445893513
10.35787,15.74616,1.520212167,4892.05,0.84958,2.285002703,14.41078612,1.112423341,-3.682101083,-3.701945049
4.57558,7.98379,1.744869503,1203.28,0.59048,0.536624377,30.42291142,3.364680267,-5.02115101,-4.796288139
13.77978,18.5405,1.345485922,4839.71,0.86276,2.574588339,14.68079913,1.270480462,-3.681044728,-3.66771832
8.46343,15.10074,1.784234052,3175.41,0.78692,1.27885642,33.32495017,3.567916408,-5.085254396,-4.260511383
21.51312,21.78946,1.012845185,4027.38,0.8546,2.396885675,19.65284299,2.173038473,-3.941442541,-3.84858149
8.2616,13.06922,1.581923598,3503.91,0.78916,1.341068831,18.43717111,1.440683958,-3.909837116,-3.967506139
7.10831,10.99087,1.546200152,2754.16,0.73104,1.018831321,19.29818736,2.123311296,-4.185481884,-4.150614484
10.10286,14.32465,1.417880679,3801.18,0.81258,1.625839601,22.00788617,2.340215942,-4.22005153,-4.016680633
4.46361,10.19443,2.283898011,1377.79,0.61148,0.579404184,36.3744787,4.661289597,-5.280333479,-5.032105558
12.86617,18.77709,1.459415661,4018.08,0.83894,2.102827867,15.94601593,1.923877574,-3.788698701,-3.758784027
11.25465,15.32248,1.361435496,5097.21,0.85272,2.44278483,15.35014672,1.310124075,-3.772481038,-3.724325685
9.68832,12.61598,1.302184486,4556.82,0.8022,1.652480575,23.90243905,1.704859881,-4.130798592,-3.835276674
3.82521,5.72116,1.495645991,114.467,0.51442,0.409583108,33.32805144,3.551329956,-5.990027066,-5.766543264
10.15209,16.1994,1.595671433,4840.6,0.83276,2.027388589,16.1139571,1.300063219,-3.790625457,-3.779088776
6.56873,12.02738,1.831005385,3472.65,0.74352,1.215638892,20.5685974,1.630248902,-4.176621034,-4.096374744
4.63631,10.54546,2.274537294,2023.95,0.67,0.77940872,24.94026862,3.211151229,-4.55266939,-4.518203529
4.91554,8.82458,1.795241215,1637.81,0.6469,0.63960214,33.3003884,3.156772292,-4.90661243,-4.695599985
11.91396,16.27129,1.36573314,4811.18,0.85252,2.314743416,17.66925899,1.354627475,-3.845743733,-3.808796095
5.54897,9.24323,1.665755987,1876.92,0.64546,0.711126095,25.23939356,3.468094356,-4.524159943,-4.525246024
4.07881,4.84068,1.186787323,86.0965,0.50836,0.396101012,34.30718284,2.815339956,-5.284179444,-5.793125883
4.95734,7.75901,1.56515591,1199.81,0.62918,0.468865506,36.44023407,3.026721416,-5.024378932,-4.710865156
6.99504,9.91902,1.418007617,3590.41,0.75622,1.195720062,16.70830275,1.542632762,-3.838572356,-3.892482815
8.49706,15.23854,1.793389714,4498.28,0.82404,1.806566463,15.69741566,1.386543125,-3.799124375,-3.821797046
11.21697,16.77427,1.495436825,4204.03,0.8178,2.008182028,17.55319901,1.664833859,-3.954910676,-3.95643961
4.51378,8.83058,1.956360301,921.764,0.6038,0.362222769,27.10332016,1.924979717,-4.701182754,-4.684697272
8.4987,12.6554,1.489098333,3926.82,0.77396,1.419469377,19.93327207,2.036159916,-4.15022136,-4.078706501
5.80379,9.96823,1.717538023,2509.4,0.7158,0.793358752,27.71505105,5.067193945,-4.501243902,-4.3906215
7.91254,15.05145,1.902227351,4206.4,0.8053,1.715075542,16.63767413,1.399859508,-3.915056879,-3.896156411
8.3765,11.92582,1.423723512,3851.45,0.78342,1.378675597,17.13100481,1.757438474,-3.900861265,-3.894455424
7.09201,10.84237,1.528814821,3130.82,0.74252,1.094618162,18.34448275,2.132957603,-3.970669995,-3.999895097
12.24382,19.2289,1.570498423,5608.54,0.88292,3.23757838,13.29364772,1.130398554,-3.564183543,-3.592249414
9.19041,15.87391,1.727225445,4222.78,0.8154,1.755167671,20.25027832,1.655139516,-3.999987329,-3.908037984
7.25044,12.37439,1.706708834,2756.69,0.72484,1.012490606,21.58013884,2.26011577,-4.131541392,-4.132742865
6.65759,10.49908,1.577009098,2717.49,0.7146,0.922905253,31.56756106,4.269703728,-4.715433742,-4.393378089
6.52813,11.76746,1.802577461,3505.77,0.7458,1.185037825,19.91889379,2.977697269,-4.063751172,-4.04324317
14.01668,20.33935,1.451081854,4587.31,0.81968,2.002320667,17.74724115,1.65434836,-3.993743166,-3.986709123
7.3518,11.48716,1.562496259,3227.54,0.74644,1.191743182,18.47271076,1.674270863,-4.002759676,-3.967576499
11.11929,20.16092,1.813148142,5712.54,0.8769,3.13262481,15.21376818,1.25699708,-3.675139479,-3.632128131
10.3572,16.45254,1.588512339,5162.75,0.84572,2.251195179,14.64245826,1.259329125,-3.669060096,-3.687348077
20.14515,21.81078,1.082681439,3945.13,0.86154,2.27753736,17.19375284,1.501034479,-3.826043749,-3.782438017
8.86329,13.61853,1.536509581,4055.48,0.80578,1.538514413,25.18145852,3.0218411,-4.417368341,-4.094230803
7.55571,14.09903,1.866009945,3120.8,0.75112,1.178096243,33.61226935,3.286087767,-4.733835986,-4.257366895
10.18495,14.50757,1.424412491,3062.82,0.8012,1.262247121,19.55879738,1.145026837,-4.021440995,-3.960991579
7.49574,12.57405,1.677492816,2616.85,0.73358,0.985218632,24.71214791,1.552992585,-4.429174496,-4.173474829
10.87209,17.48282,1.608045923,5136.3,0.84514,2.305642022,14.76141731,1.193887806,-3.68570456,-3.707606301
4.97785,10.44989,2.099277801,1306.93,0.63616,0.543183312,29.10490228,2.30587104,-4.889996931,-4.713313322
9.26744,14.78164,1.595007899,4070.56,0.79278,1.631140593,18.14585945,1.795606753,-4.026171326,-3.942059694
7.16391,31.7459,4.431364995,2795.16,0.79844,1.394589251,39.61308692,4.071686677,-5.25270672,-4.365114277
8.6827,32.65317,3.760716137,3821.61,0.83274,1.944205137,17.48040958,1.271384439,-3.940120957,-3.883151691
5.35094,9.9643,1.862158798,2231.94,0.68228,0.810628419,22.99838378,2.73632871,-4.38193442,-4.358117014
9.29516,15.84483,1.704632303,4275.09,0.81964,1.800864355,17.54336715,1.379615419,-3.955112482,-3.907760667
7.02587,10.90104,1.551557316,2494.49,0.7548,0.844271693,22.49749385,1.526559602,-4.262717848,-4.099003316
7.2781,9.81136,1.348066116,2235.58,0.6837,0.787035385,20.68973879,2.807994609,-4.109588047,-4.102067476
4.67787,9.2327,1.973697431,1615.28,0.62724,0.655173999,27.2503933,3.696975611,-4.698096688,-4.671999385
4.98843,8.98513,1.801193963,1637.53,0.64432,0.595368779,40.22648112,6.845928231,-5.3398802,-5.041331757
11.37777,32.88181,2.890004808,4226.87,0.86428,2.365207682,15.4363711,1.458326127,-3.752566366,-3.761963257
6.1297,11.62544,1.896575689,3073.58,0.74712,1.094577073,28.23827655,3.985219857,-4.386718353,-4.206750366
21.12394,22.78513,1.078640159,5164.74,0.88344,3.137238191,14.59573385,1.319435429,-3.621297432,-3.620894281
8.17918,12.64057,1.54545688,3188.26,0.78208,1.277025847,17.22003653,1.395986358,-3.944377957,-3.960658136
4.92442,8.0285,1.630344284,1089.31,0.59492,0.527626514,29.69666791,2.860921675,-4.988994085,-4.933512241
8.6918,15.32994,1.76372443,3810.93,0.80178,1.529250652,22.05321577,1.762708856,-4.023704359,-3.964196774
6.0607,9.54835,1.57545333,1627.71,0.67204,0.59897147,27.70518904,1.696768459,-4.509279674,-4.358994894
11.4227,21.22294,1.857961778,5266.95,0.87876,2.836347439,19.95361706,1.679445804,-3.84569246,-3.801338463
8.69877,15.29614,1.758425616,4036.57,0.7911,1.562000213,18.62389751,1.506612832,-4.004318431,-3.928216115
6.49372,12.18621,1.876614637,3198.25,0.73794,1.156874242,19.16620949,1.445629468,-4.135556786,-4.024780499
6.54223,13.78177,2.106585981,1380.02,0.7033,0.54761775,29.68514431,0.867714718,-4.668203354,-4.34368903
8.21524,14.56083,1.772416874,3596.15,0.77812,1.337794252,29.17003636,3.87856402,-4.573712627,-4.160862675
9.04538,17.4711,1.93149431,4389.36,0.82252,1.947138545,17.07161511,1.862286765,-3.848062086,-3.831547839
5.0137,9.18459,1.831898598,2010.84,0.65806,0.745618756,25.9396927,3.579323115,-4.400406277,-4.415787363
10.81342,16.73037,1.547185812,5151.66,0.84682,2.334773462,15.6440893,1.358368042,-3.727045986,-3.705975963
5.38233,8.44615,1.569236743,1093.28,0.6106,0.44248942,40.4217067,2.469421639,-5.176232572,-4.724315292
10.52183,32.67163,3.1051281,4599.44,0.85554,2.426299803,15.83040323,2.254745034,-3.898465182,-3.890355598
5.76764,11.27121,1.954215242,2853.46,0.71848,0.967367113,21.46233479,3.300721481,-4.22873465,-4.197601653
11.71453,20.10769,1.716474327,5688.29,0.87124,2.897816094,14.55716411,1.225222293,-3.655304586,-3.617113637
4.33752,7.76001,1.789043048,1449.58,0.60998,0.559014636,36.3762061,4.758239221,-5.104385331,-4.86273267
7.50721,11.17995,1.489228355,2659.73,0.74252,0.955643874,19.33616724,1.71393638,-4.01932378,-4.038990403
8.85807,15.50107,1.749937627,4226.92,0.81766,1.728317297,16.90397041,1.597486302,-3.856702606,-3.88027473
7.72252,12.88861,1.668964276,3897.39,0.77622,1.454050237,18.09680772,1.632386912,-4.047847768,-3.990984976
8.67204,16.1111,1.857821228,4012.37,0.8057,1.691598694,17.62966797,2.092921702,-3.84752438,-3.850071695
11.53735,15.60855,1.352871327,5015.94,0.8478,2.302177809,13.60106857,0.974710048,-3.629356501,-3.63634848
10.38272,12.9793,1.250086682,4180.15,0.80426,1.591358787,16.66553282,1.529488279,-3.84747488,-3.808194162
13.58573,17.14941,1.262310527,5799.89,0.8834,3.294903976,13.40823692,1.155424143,-3.552442059,-3.525398329
10.98013,18.61783,1.695592857,5738.87,0.87258,2.831213498,15.89810772,1.123683449,-3.665886277,-3.647962073
5.89974,10.7427,1.820876852,2450.29,0.6826,0.894740223,20.88618446,1.980865289,-4.242537967,-4.243942496
5.20629,9.30375,1.787021084,2042.75,0.6664,0.757458649,23.83725615,2.301630166,-4.451364872,-4.430427619
9.28681,17.04617,1.835524793,4052.04,0.82246,1.792621234,23.65661285,2.714854714,-4.127445962,-4.033115371
8.4849,13.11198,1.545331118,3970.33,0.79196,1.523503928,21.60739802,2.029947536,-3.989119492,-3.969275512
8.74535,14.23224,1.627406565,4511.06,0.82438,1.815483072,18.24049924,1.322990342,-3.903017666,-3.84292802
20.52132,21.92289,1.068298238,3867.37,0.86054,2.266433845,27.38593027,3.072122217,-4.404415854,-4.064370367
6.22727,11.19089,1.797078013,2037.28,0.70228,0.727874996,25.59189652,2.422799375,-4.337216307,-4.24920243
9.81513,13.09645,1.334312434,3651.32,0.80808,1.564839523,16.46880175,1.457945591,-3.859479169,-3.83234548
10.17332,15.50706,1.524287057,4587.9,0.83238,1.963336337,17.84666787,1.758998436,-3.868725604,-3.806474417
13.80255,21.94018,1.58957439,6094.97,0.89288,3.611068421,11.31181236,0.980797367,-3.430534078,-3.480375772
10.05184,14.97748,1.490023717,3973.92,0.80794,1.728742696,19.72091933,2.287912395,-3.990188463,-3.926997446
5.90786,9.93585,1.681801871,2800.67,0.70888,0.902490353,30.20347086,4.7199762,-4.500280258,-4.282652631
5.88719,10.335,1.755506447,1494.79,0.68402,0.518991183,26.32977379,1.266690978,-4.467192365,-4.28573147
13.04549,15.37767,1.178772894,4443.41,0.85924,2.184221564,16.15466666,1.57347186,-3.788340649,-3.793182284
13.52299,18.70156,1.382945636,3975.57,0.85086,2.07986937,14.85461698,1.325167804,-3.735567266,-3.693340875
7.85752,12.67085,1.612576233,3740.35,0.76518,1.344390467,18.65336096,2.672089933,-3.936883055,-3.943492211
10.19798,16.79743,1.64713306,4916.56,0.85346,2.248663517,34.16581611,2.478029469,-4.423375352,-3.957981048
10.73919,14.51674,1.351753717,4752.09,0.82858,1.957189289,17.39812058,1.460847826,-3.908003855,-3.800558674
8.44149,12.84097,1.521173395,3861.32,0.7796,1.414817839,20.44178915,1.796535696,-4.001749548,-3.974665178
8.56261,14.93134,1.743783729,3201.79,0.8028,1.238850653,20.05602641,1.023530466,-3.992006845,-3.909387273
8.91962,16.77445,1.880623838,4121.46,0.80946,1.70557336,20.64721259,1.209815493,-4.053008478,-3.840211195
7.95789,14.61949,1.837106318,3304.16,0.7785,1.248620663,32.18750299,3.65231509,-4.73518781,-4.226141116
7.82095,10.9703,1.40268126,3225.81,0.77218,1.15831807,32.53206387,3.64441273,-4.770303865,-4.24482463
14.0249,21.29097,1.518083551,5933.53,0.89946,3.874577848,12.84400951,1.066200798,-3.458189927,-3.466720874
7.20077,12.28034,1.705420393,3256.24,0.75488,1.220159923,17.46168496,1.805540641,-3.962891639,-3.931849638
14.28029,21.10184,1.477689879,6069.25,0.90128,3.972023781,13.29366362,1.074772654,-3.518406287,-3.476502557
13.55408,20.16749,1.48792762,5871.46,0.8863,3.425102216,13.19555363,1.214865499,-3.616391405,-3.58939348
8.32952,15.21287,1.826380152,3366.73,0.78076,1.235084655,24.65847585,2.114829215,-4.232035826,-4.063282937
9.3704,14.25028,1.520776061,3905.45,0.80276,1.562878425,21.40530471,1.424180344,-4.100649541,-3.997460187
6.32935,9.56255,1.510826546,2860.71,0.71666,0.908878771,25.09164191,2.574449239,-4.350143854,-4.261357386
7.04283,12.73459,1.808163764,1911.17,0.7074,0.715996251,37.82130941,3.216046292,-5.312038819,-4.471546219
23.91753,24.07387,1.006536628,5678.48,0.90668,3.871524219,12.73098097,1.057299865,-3.457897466,-3.437830436
3.8939,8.41635,2.161419143,858.22,0.58998,0.400790739,49.41797616,3.839567699,-5.911707239,-5.324571202
12.11089,14.34112,1.184150793,2753.49,0.76352,1.145090488,38.63000255,3.825437015,-5.105040159,-4.337349664
5.02569,10.59991,2.109145212,1407.93,0.6656,0.549152263,28.28856049,2.229466536,-4.652631789,-4.486053083
10.17317,15.76802,1.54996132,4426.43,0.83422,1.96233037,22.14671687,2.047915551,-4.043260379,-3.942575142
10.815,11.87043,1.097589459,3764.22,0.77696,1.38346593,16.96761916,1.937432666,-3.859753485,-3.863081348
11.10684,17.86899,1.608827533,5218.62,0.84934,2.382346836,15.65223298,1.515860085,-3.762009597,-3.765958977
5.33988,10.25014,1.919545009,1306.47,0.65172,0.514729809,27.98895307,2.688048192,-4.698787346,-4.583338111
9.29723,15.54653,1.672167947,4293.06,0.80218,1.741182089,17.73605609,1.879727918,-3.966562111,-3.908030425
4.75594,10.48131,2.203835625,1703.47,0.666,0.675895104,26.19734261,2.575700217,-4.585782189,-4.546507295
7.50087,11.25014,1.499844685,3304.11,0.75006,1.148575497,20.98577037,2.105249436,-4.05871693,-4.089926741
7.92788,14.20415,1.791670661,3824.04,0.7923,1.51038281,19.36513085,1.610035525,-4.024985911,-3.959816699
11.11474,19.04992,1.713933029,3274.68,0.83008,1.520733106,19.71365503,0.97593126,-3.942368702,-3.829305775
14.60761,16.18963,1.108301084,3591.01,0.82348,1.599474792,34.53259197,3.280399584,-4.933005319,-4.217398223
4.82481,8.16413,1.692114301,1651.96,0.62598,0.62423215,30.76010215,4.10915111,-4.949652863,-4.830787183
10.86159,15.5628,1.432828895,4586.46,0.83242,2.001664006,15.9210884,1.36946275,-3.821416162,-3.788534319
8.80005,32.30395,3.670882552,4338.07,0.84962,2.334691724,16.25965476,1.347673528,-3.848284818,-3.807543824
8.38768,14.42324,1.719574423,3938.83,0.8048,1.51758288,17.54021872,1.661775334,-3.933234982,-3.91291762
8.31551,16.88512,2.030557356,4857.35,0.82438,1.91934102,16.47918672,1.11561918,-3.766323263,-3.732529232
11.06218,20.08481,1.815628565,5310.29,0.87048,2.595410743,14.08147684,1.029323516,-3.633888267,-3.622745095
8.38078,14.25556,1.700982486,3960.38,0.7824,1.520294887,23.31124266,2.361062283,-4.173972285,-3.99024682
4.84607,10.11921,2.08812708,1768.86,0.6745,0.693829393,25.25005956,2.871490075,-4.45869095,-4.488103383
9.92843,16.71776,1.683827151,4694.49,0.83336,2.092381548,15.49101483,1.58119065,-3.809721639,-3.812989205
8.33442,12.23653,1.468192148,3500.36,0.78174,1.313934863,18.22342333,1.442394746,-3.96000021,-3.936072905
12.29498,20.38288,1.657821322,5594.09,0.88416,3.122375684,13.53666338,1.1743444,-3.573185302,-3.613350451
9.34947,14.72014,1.57443577,4459.69,0.8207,1.861326947,15.60142415,1.726050471,-3.806632089,-3.84014705
6.88737,13.38214,1.942997109,2728.15,0.73118,0.981180992,36.83143376,3.665036978,-5.040938552,-4.341003477
7.97845,12.53968,1.57169375,3254.92,0.76098,1.183001639,19.16579914,2.038878255,-3.996660916,-3.96889466
6.25166,11.52183,1.843003298,2584.17,0.72378,0.925774805,27.96075487,5.350772438,-4.518930722,-4.444019339
5.48438,10.2593,1.87063989,1891.65,0.6621,0.728234628,30.50437035,2.690308002,-4.823777833,-4.513511458
8.80224,16.41677,1.865067301,4143.3,0.80464,1.650269391,20.26906363,2.257526766,-3.995593597,-3.931118271
6.86543,11.00102,1.602378875,3186.24,0.75728,1.136239852,23.10354132,3.477154492,-4.253078918,-4.17452258
6.39786,14.20954,2.220983266,1908.64,0.7267,0.705917781,25.03620301,0.978410716,-4.377679525,-4.186634075
5.60073,9.66713,1.726048212,2133.66,0.66558,0.749653658,25.23495489,3.933596716,-4.412707021,-4.422104319
10.04056,15.99429,1.592967922,4928.41,0.8393,2.241223233,15.36995315,1.262150113,-3.701724392,-3.697701175
8.61131,14.85151,1.72465165,3337.86,0.79268,1.312790549,36.47261391,3.306014423,-4.876069836,-4.242631751
13.71015,19.01165,1.386684318,5935.71,0.90156,3.544369486,11.15217557,0.928349268,-3.412134241,-3.425203585
6.89552,12.56335,1.821958315,3042.61,0.73608,1.031006677,20.93728039,2.413913925,-4.084205969,-4.036342466
6.40768,12.72855,1.986452195,3518.59,0.73596,1.233241003,21.87790973,2.103910583,-4.295145311,-4.182146396
6.16291,10.27528,1.667277309,1885.79,0.70638,0.663660193,32.43673651,1.700039153,-4.848114488,-4.30115454
13.44275,20.92627,1.556695617,5930.11,0.88838,3.496911989,12.59183631,1.078258174,-3.548361268,-3.511173394
11.40217,13.15346,1.153592693,2107.71,0.70832,0.870735722,26.6716112,1.433323462,-4.552871064,-4.290477805
6.98834,11.83729,1.69386292,2711.41,0.7175,1.010348503,21.32176238,2.575011932,-4.261434804,-4.2598564
5.8194,8.33618,1.432481012,2762.38,0.68326,0.88896464,26.30268807,4.705034816,-4.468619695,-4.425610342
15.05112,23.07949,1.533406816,6881.09,0.91046,4.484803704,10.58942983,1.00739653,-3.350349717,-3.395307268
21.87267,23.61427,1.079624481,5727.07,0.89608,3.661369867,10.91949936,1.003450383,-3.451593117,-3.42323219
10.06116,17.06582,1.696207992,4651.45,0.81988,1.926708559,18.37937867,1.493040237,-3.899936788,-3.875240202
4.97266,8.0774,1.624362011,1835.36,0.64954,0.673047531,28.51701182,3.628076937,-4.581501244,-4.486018972
5.37053,11.40329,2.123308128,1624.52,0.6733,0.623068239,25.44863808,2.339078122,-4.473799377,-4.421879943
6.18448,12.91017,2.087510995,2859.93,0.7535,1.027864892,22.80715982,3.142360657,-4.206591828,-4.138670633
8.25335,13.15118,1.593435393,4248.44,0.7943,1.60282669,16.19280091,1.696406565,-3.809289252,-3.83789008
8.23222,15.505,1.883453066,3929.51,0.80336,1.53461753,17.94416783,1.740620935,-3.920603719,-3.846931438
12.67078,19.37922,1.529441755,5890.8,0.8917,3.388278388,13.19657171,1.105418773,-3.573058274,-3.545331174
11.10363,19.08269,1.718599233,3268.42,0.8294,1.513760547,19.60255401,0.967172502,-3.991973444,-3.895093501
6.84406,12.83993,1.876069175,3112.25,0.73902,1.121782174,24.50604823,2.378940403,-4.371974759,-4.192968142
10.40477,14.20525,1.36526324,4812.72,0.84996,2.113597537,17.13196759,1.52980482,-3.85964446,-3.796407358
11.02209,17.69786,1.605671883,5306.62,0.85658,2.513527472,14.03565537,1.19282632,-3.694531439,-3.680836117
8.64703,12.02511,1.390663615,3440.64,0.74956,1.196615581,20.1632493,2.219942929,-4.192430285,-4.147171089
8.78851,15.83247,1.801496499,4185.22,0.81928,1.680891573,22.4599751,2.019978879,-4.100731454,-3.950241261
8.41996,11.62058,1.380122946,4705.7,0.79994,1.696124912,18.97189421,1.495541875,-3.896112704,-3.840990184
9.46809,16.02848,1.692894765,4520.49,0.82522,1.944581249,15.93170117,1.45335532,-3.812729775,-3.807994041
8.20008,16.2714,1.984297714,4434.7,0.81142,1.778314478,16.52968349,1.283456639,-3.862888371,-3.866401264
10.5171,15.00469,1.426694621,4653.45,0.82886,2.028869149,15.83702797,1.243989004,-3.791187313,-3.781799397
8.7617,13.61712,1.554164146,4198.97,0.79584,1.546972495,18.9417297,1.473826287,-3.974515384,-3.92822827
5.09726,9.66544,1.896203058,2137.46,0.67,0.756341699,25.89154631,3.979387752,-4.372806827,-4.359930939
6.94584,13.21867,1.903106032,2350.27,0.72736,0.867052574,40.73264704,3.613792771,-5.196891443,-4.356567809
4.39437,7.67858,1.747367655,1401.76,0.59106,0.554928599,31.87264322,3.86190455,-5.019947391,-4.986709106
5.79395,12.04338,2.078613036,2749.77,0.71214,0.978613528,24.35549896,2.244152298,-4.392179177,-4.240866971
6.36095,9.32958,1.466696012,2368.3,0.71046,0.822786862,33.49783948,4.337368104,-4.876722071,-4.434946292
6.77458,14.17477,2.092346684,1802.65,0.72934,0.708117712,30.4221151,1.801269758,-4.822223299,-4.354696015
11.18822,16.84515,1.505614834,4437.15,0.83268,2.02702604,15.69857365,1.258659914,-3.814187593,-3.794847941
9.20703,12.03844,1.307526966,4283.82,0.79356,1.591078604,16.94564811,1.860404863,-3.898431825,-3.893729599
5.19461,8.09065,1.557508648,2443.16,0.6878,0.79336883,20.60628128,2.889192194,-4.102505717,-4.223558735
5.96809,9.84297,1.649266348,1498.63,0.66722,0.55803956,29.99698701,1.806890586,-4.761972878,-4.358977875
5.73613,9.70293,1.691546391,2376.29,0.67772,0.843085275,20.99290161,3.131496837,-4.248592392,-4.250084206
5.81246,9.04882,1.55679695,2500.37,0.6802,0.821619637,22.10348812,2.540793363,-4.244274604,-4.267971921
12.75708,20.52059,1.608564813,5886.82,0.8914,3.355858824,22.12904601,2.141901055,-4.011094921,-3.781627107
7.1823,11.27374,1.56965596,2944.54,0.739,1.01614418,28.31704455,4.14072996,-4.388807981,-4.22361421
5.71494,10.3068,1.803483501,2669.09,0.69706,0.893628859,20.80228848,2.103322727,-4.178300096,-4.161914464
4.11357,10.20828,2.481610864,1230.05,0.6354,0.509228464,36.13838417,4.440168042,-5.235913418,-4.904494641
8.49163,15.29386,1.801051153,4075.45,0.81332,1.693827356,16.94864988,1.691314233,-3.842487409,-3.875392077
4.49362,9.13292,2.032419297,1671.45,0.64378,0.674510708,31.25494165,5.275694762,-4.853460608,-4.785572595
10.60053,17.07601,1.610863796,4847.04,0.84066,2.158710105,14.8996228,1.348733596,-3.744154124,-3.699231319
5.00836,10.8141,2.159209801,1972.13,0.67726,0.762072582,30.81973846,4.812884659,-4.764162807,-4.619427968
7.2696,11.53694,1.587011665,3538.96,0.7562,1.190500555,18.81957823,1.807416693,-4.035980433,-4.031941776
5.92826,9.77102,1.648210436,1223.1,0.64252,0.443649621,26.25378406,1.248446004,-4.476555068,-4.300149713
5.9936,10.75657,1.794675988,3036.76,0.73026,0.961877126,30.87194033,4.451870573,-4.568237667,-4.263951168
7.88458,12.64465,1.603718904,3795.75,0.78336,1.429027486,21.58845504,2.27137926,-4.143588954,-4.049459051
5.91478,10.77922,1.822421121,2430.74,0.7163,0.87588117,30.27261717,5.824263204,-4.662825599,-4.467713477
4.62612,8.28883,1.791745566,1487.32,0.62004,0.591060313,30.34196658,3.461370892,-4.84147047,-4.808943352
8.04346,14.97937,1.862304282,3613.27,0.78368,1.387115445,25.77171799,2.653547663,-4.359505255,-4.121789043
7.1508,12.79845,1.78979275,2085.48,0.74106,0.771879609,31.31781767,0.930468058,-4.359754811,-4.028160948
10.06842,17.20544,1.708852034,4783.33,0.85192,2.240839184,16.09901107,1.486944725,-3.8233968,-3.784317587
5.10881,11.32995,2.217727807,1270.35,0.65754,0.481851958,27.62847369,1.146351721,-4.603994769,-4.315361622
3.78504,8.27573,2.186431319,785.675,0.5569,0.444616539,27.64757353,2.19915327,-4.666795691,-4.830666259
7.4385,15.18153,2.040939706,3566.27,0.77506,1.39966194,21.50660926,1.479456636,-4.153037133,-4.089626033
15.8965,17.81691,1.120807096,4204.67,0.82752,2.00121884,14.75819486,1.154704309,-3.792994672,-3.792903054
8.50607,15.29989,1.798702574,3254.08,0.78706,1.259570082,31.55355241,3.193708399,-4.803198731,-4.200794115
14.49598,22.31237,1.539210871,6251.59,0.89158,3.577079856,12.21142469,1.029650525,-3.472117812,-3.476891797
5.07079,7.74357,1.527093411,1342.68,0.61204,0.61397217,25.34533493,3.144111083,-4.709085191,-4.622794898
13.13884,17.91679,1.363650825,4388.99,0.85464,2.104418185,16.9128579,1.124011942,-3.788118498,-3.742368015
11.40691,19.74992,1.731399652,5453.1,0.86098,2.683936532,14.11123029,1.266687373,-3.70432512,-3.664899096
5.63343,9.08382,1.612484756,1165.15,0.63912,0.435385642,32.83021037,1.377522599,-4.69330554,-4.390701282
4.22911,7.95434,1.880854364,1422.46,0.62202,0.592800846,25.15798764,3.771284832,-4.503540815,-4.710049056
14.6582,20.971,1.430666794,5987.54,0.89326,3.642881321,11.80769492,1.026538339,-3.487929109,-3.498632579
15.52227,24.25419,1.562541432,6278.98,0.91262,4.639088266,12.05306538,1.046369032,-3.366604989,-3.390461233
6.1889,12.01675,1.941661685,1629.47,0.69642,0.579345801,29.35019829,1.163946024,-4.52121603,-4.183662293
8.87065,14.19466,1.600182625,3097.84,0.76806,1.20538804,40.69939824,4.092716891,-5.321798785,-4.284980151
7.35505,13.61157,1.850642756,2911.95,0.75478,1.083619511,48.31372191,2.794686927,-5.045123021,-4.155406219
9.637,14.13205,1.46643665,4530.05,0.81446,1.847983682,16.00673725,1.304816273,-3.819419097,-3.79168524
12.41399,18.14251,1.461456792,3565.1,0.84846,1.822947664,16.36417919,0.868846744,-3.755628652,-3.71597064
12.02399,16.63934,1.38384513,4600.48,0.85096,2.185916998,13.23963711,1.072222833,-3.676080667,-3.680489538
9.33759,15.98416,1.711807865,4573.72,0.81158,1.901319196,17.84908708,1.513115505,-3.930985683,-3.921620821
8.40924,12.46669,1.482499013,4261.21,0.79256,1.490104948,15.29576357,1.348729475,-3.771425165,-3.755274136
5.2292,10.39664,1.988189398,1738,0.68306,0.638851478,29.76335216,3.585556731,-4.6212373,-4.513217249
7.84569,11.96492,1.525030941,3998.57,0.78028,1.410423264,23.09969565,2.293903007,-4.231811956,-4.045944354
6.17576,8.45238,1.36863803,2408.53,0.69258,0.809436767,27.72340128,3.068746462,-4.44044343,-4.349946196
5.39776,10.50912,1.946940953,2864.02,0.70002,0.91575911,25.23240038,3.636784495,-4.313825984,-4.270658644
4.55289,9.62457,2.113947405,1211.73,0.61472,0.530164124,27.3698135,2.720082436,-4.809537895,-4.858161176
8.03831,10.38134,1.291482911,2620.78,0.6973,0.907633073,19.39666887,2.740648291,-4.089782114,-4.167601332
8.36289,13.21859,1.580624641,3847.43,0.80056,1.442325709,16.15150563,1.261795969,-3.831567743,-3.862206031
18.77218,20.79993,1.108018888,5906.83,0.89306,3.34519493,10.38195841,0.880799855,-3.440715749,-3.386202319
30.99005,31.36351,1.012050965,6314.26,0.93196,5.964009625,13.47696478,1.17682027,-3.251879878,-3.293861845
8.17071,16.85434,2.06277545,4181.6,0.8183,1.822973521,18.62863593,1.81421786,-3.848936969,-3.869136536
7.00865,14.13443,2.016712206,3646.82,0.77028,1.359098592,19.08735008,1.73157655,-3.999936396,-3.952695706
11.11929,20.16092,1.813148142,5712.54,0.8769,3.13262481,14.82681341,1.262205721,-3.668835819,-3.60827739
5.08641,9.90533,1.947410846,1587.42,0.64998,0.627836217,40.24314974,7.464905771,-5.350574462,-4.946148453
5.22002,8.19768,1.570430765,1676.92,0.61562,0.646273393,27.49024261,3.701421095,-4.595416834,-4.555376032
5.33137,9.42428,1.767703236,2244.08,0.6717,0.7697147,24.69353109,3.05540447,-4.497145415,-4.419487327
3.9367,8.17937,2.077722458,813.479,0.57986,0.362804783,37.60105244,2.740741228,-5.516412266,-5.201077347
8.80661,16.3159,1.852687924,3953.13,0.80416,1.632328284,19.00504537,1.615201941,-3.973795466,-3.940316711
9.655,16.44859,1.703634386,4398.56,0.81982,1.924405885,18.28998965,1.707945494,-3.889528936,-3.827087964
8.53186,8.97102,1.05147295,2862.83,0.7192,0.951165482,20.19580617,2.792651061,-3.983927154,-4.069644431
9.44881,15.74166,1.665993919,4540.69,0.83514,2.009228874,16.10510144,1.26638631,-3.860677844,-3.809926362
8.1461,13.39804,1.644718331,2789.03,0.75382,1.062420106,35.85995239,4.700998145,-5.140007898,-4.355957868
5.82473,9.75436,1.674645863,1945.99,0.65932,0.743671707,25.12264042,2.430513247,-4.511527061,-4.480342074
8.34623,15.09613,1.8087364,4198.41,0.79876,1.615631226,17.5933764,1.762057681,-3.998518111,-3.928495874
13.51217,18.42751,1.363771326,5386.66,0.8722,2.887104355,17.00458191,1.394582988,-3.771895757,-3.675987613
8.29216,15.76277,1.900924488,3582.05,0.77692,1.385140917,27.31953477,2.234795344,-4.405224795,-4.112895514
7.5363,10.16803,1.349207171,3252.49,0.72872,1.081161278,19.73735141,2.304151471,-4.088226095,-4.024879169
10.28887,17.972,1.746741868,5038.2,0.85556,2.352016187,15.2627596,1.30269822,-3.724817003,-3.691150611
6.23677,10.63378,1.705013974,2665.68,0.71734,0.950845878,24.49209308,3.526469749,-4.308580742,-4.308150209
7.07119,13.16539,1.861835137,3076.9,0.72906,1.11501615,19.56621807,1.665551411,-4.077634468,-4.069364708
4.65431,9.24403,1.98612254,1096.94,0.61304,0.448686233,27.31205364,1.545384517,-4.678101658,-4.53446187
5.60661,9.22564,1.645493444,1520.94,0.6521,0.580935412,31.44435064,4.358274047,-4.930707778,-4.7578436
4.30542,9.2344,2.144831399,1491.92,0.62372,0.598596889,37.39247409,5.8844417,-4.901095941,-4.91328348
11.0682,16.92314,1.52898755,4436.75,0.83888,2.061109965,15.94806944,1.349405633,-3.796661104,-3.739890229
6.13573,9.44714,1.539692913,2090.39,0.70466,0.747536448,33.33603734,1.924142289,-4.933746992,-4.34633502
8.74071,15.3753,1.759044746,3325.38,0.78776,1.343312342,34.45102423,3.242454954,-4.988941702,-4.177906027
5.29389,9.40731,1.777012745,1714.93,0.6384,0.674959877,29.16702101,1.171798266,-4.755754059,-4.411860722
5.68104,10.27927,1.809399335,2883.08,0.715,0.966062168,20.17149041,2.13227862,-4.081176472,-4.061996579
9.06688,15.40368,1.69889532,3648.49,0.77908,1.383540577,21.82930805,1.372977897,-4.105923307,-3.982948427
18.97336,21.70165,1.143795827,6105.95,0.8969,3.727624486,12.06325148,1.095737132,-3.447771405,-3.475855134
4.36882,10.65557,2.439004125,1416.72,0.66072,0.594761005,29.62647845,2.640319152,-4.9062225,-4.673292239
8.68596,14.91592,1.717244841,3467.42,0.8036,1.358235443,18.55980252,1.421042701,-3.985194219,-3.950879205
14.67225,22.89475,1.560411661,5985.42,0.89862,3.968433418,14.52040553,1.201914612,-3.556190884,-3.56217727
13.05329,20.05576,1.536452496,5714.97,0.87688,3.074237033,14.04171608,1.157998827,-3.606226323,-3.594151814
9.53667,15.96284,1.673837933,4135.82,0.8115,1.711624493,17.0816538,1.656464314,-3.915204658,-3.892650094
8.00634,12.28376,1.534254104,3446.92,0.75242,1.19935475,20.02978582,2.049436731,-4.056423444,-4.048471175
8.50748,14.86184,1.74691448,3314.84,0.8033,1.376223019,31.32773755,3.400157436,-4.710085337,-4.204190906
12.30826,20.87794,1.696254385,5671.39,0.88052,3.171970576,14.56161099,1.254620474,-3.647262095,-3.643983168
23.6919,24.61896,1.039129829,5714.66,0.90714,3.911148286,12.16026553,1.071037033,-3.393484633,-3.445751785
8.55493,15.02847,1.75670286,4076.81,0.80656,1.644067935,18.34979191,1.514543733,-3.939988817,-3.909904946
9.05593,11.99176,1.324188681,4453.16,0.80138,1.502267329,16.96936355,1.907962929,-3.872021403,-3.884610639
4.2586,7.01825,1.648018128,1158.22,0.6074,0.537469804,32.83627059,4.599199888,-4.864413024,-4.867983883
11.58989,19.21566,1.657967418,5392.13,0.8621,2.759744417,13.67827966,1.230956466,-3.6433967,-3.673404532
11.99233,20.56378,1.714744341,5878.55,0.88,3.162953192,13.63015837,1.094629724,-3.581500752,-3.575903552
8.15438,15.56367,1.90862702,4122.85,0.7969,1.641610257,18.31848623,1.590440865,-3.9609345,-3.9498974
3.75203,7.63199,2.034096209,992.176,0.603,0.459684243,32.81409163,3.863528288,-4.974140237,-5.061779398
7.18672,13.92209,1.937196663,1905.04,0.74048,0.754111316,25.50293673,0.873827423,-4.478800516,-4.144141404
10.45217,17.19947,1.645540591,4857.03,0.83772,2.14887608,15.00285132,1.210692177,-3.76893008,-3.787183183
6.55309,9.8834,1.508204526,2377.86,0.68074,0.833560885,26.93803143,2.981933194,-4.564117549,-4.37105544
4.24007,7.29746,1.721070643,1201.98,0.58758,0.530503165,26.87193836,4.316555051,-4.694882187,-4.929342866
17.33022,19.04114,1.098724656,3237.79,0.81136,1.627984903,24.70585191,1.047264041,-4.231488543,-3.995823979
6.44346,10.02695,1.556143749,2953.81,0.71552,0.979241482,21.25708688,2.590921682,-4.272289893,-4.232139821
9.32387,16.13691,1.730709459,4017.76,0.81904,1.659877511,23.10373477,2.317174062,-4.08099702,-3.968625494
12.0509,32.87743,2.72821366,4760.04,0.865,2.638667305,15.19967644,1.756284377,-3.736830267,-3.77322475
9.66184,13.61378,1.40902561,4889.42,0.8232,1.882413203,17.62812684,1.377514788,-3.897405129,-3.835979622
6.10974,10.12495,1.657181811,2624.11,0.69624,0.897080083,21.63587516,2.837203508,-4.161746271,-4.147396535
4.09567,8.16224,1.992894935,578.387,0.56114,0.463813397,25.71545478,3.179500853,-4.871267928,-5.105416729
6.63467,11.20633,1.689056125,3150.91,0.7368,1.126374718,19.37395977,1.732105887,-4.102928226,-4.097613252
4.71896,10.10497,2.141355299,1901.56,0.65814,0.686399765,36.22954042,6.66190996,-5.089548337,-4.883726277
5.56875,8.59092,1.542701684,1820.05,0.64714,0.647141941,31.19462801,5.411829245,-4.752284452,-4.758178541
9.13449,15.14106,1.657570373,3853.75,0.8195,1.614352073,33.86482632,3.057591622,-4.81963921,-4.15600301
8.51303,14.82756,1.741748825,3723.39,0.78552,1.46061733,18.11638905,1.479139321,-3.960008952,-3.921191501
8.44499,15.23835,1.804424872,4044.42,0.81326,1.633826472,29.85970083,2.403794506,-4.357127941,-3.993979748
5.4323,9.16694,1.687487804,1468.45,0.6261,0.584413766,47.62820443,5.883229237,-5.75794004,-4.932843598
8.64771,15.64821,1.809520671,4032.14,0.82136,1.687405883,17.24696097,1.654446143,-3.855137647,-3.821418317
9.94722,15.84076,1.592481115,4500.79,0.83676,1.961780035,15.4052555,1.32663288,-3.801213001,-3.767247074
5.4761,10.04076,1.833560381,1930.99,0.65818,0.690100603,34.66202842,5.49656301,-4.944112349,-4.722608664
7.99613,12.36709,1.546634434,3546.76,0.76432,1.262364423,19.6972586,1.597004748,-4.119588992,-3.999964895
7.21943,14.4267,1.998315656,1832.29,0.7336,0.6966497,32.78663164,1.296603501,-4.781102094,-4.218990987
11.61607,18.9689,1.632987749,5016.83,0.8502,2.376108124,15.54793513,1.202022704,-3.703220131,-3.718252004
7.98697,14.41313,1.80458046,2461.85,0.75056,0.93630048,24.96033591,1.860460733,-4.347184441,-4.075922096
6.61211,9.67481,1.463195561,2783.32,0.7229,0.928926639,29.92022289,2.882587532,-4.681336096,-4.307659789
6.43402,10.40519,1.617214432,2246.32,0.68306,0.828475714,23.67572044,1.428121602,-4.400200771,-4.286644667
9.80052,16.20056,1.653030656,4341.44,0.81906,1.817080638,17.35041333,1.457086458,-3.89934052,-3.912051202
9.26225,14.84396,1.602630031,4199.21,0.81496,1.669952092,17.20077533,1.761172911,-3.930430216,-3.932341834
9.18536,16.94498,1.844781261,4999.53,0.83952,2.087195195,22.48174552,1.84495181,-4.093223824,-3.914528257
15.25605,46.60226,3.054674047,5994.94,0.91708,4.834548455,12.16127995,1.224817491,-3.37620612,-3.402148607
11.32268,18.62739,1.645139667,4708.49,0.85558,2.337158576,23.50617333,2.009232836,-4.140076258,-3.927559032
9.72367,16.94099,1.742242384,4844.07,0.8362,2.173896089,16.17039722,1.36321853,-3.819931788,-3.819149972
7.51366,12.46837,1.659426964,3496.58,0.75614,1.233893813,19.9067687,2.004825226,-4.040649218,-4.054720684
11.28046,18.56743,1.645981636,4923.05,0.8507,2.429349813,16.69782628,1.312635263,-3.791032336,-3.744301122
7.02636,9.31768,1.326103416,943.831,0.54152,0.485907847,18.39793284,2.670668655,-3.374764811,-3.859080099
3.8442,4.49857,1.170222673,246.233,0.4563,0.287596117,31.8842753,2.325223765,-4.227394251,-5.767842174
4.58071,5.07924,1.108832474,782.685,0.53294,0.388160147,32.98539192,4.800734653,-4.547363699,-6.012528022
5.92782,9.02838,1.523052319,1322.94,0.63332,0.547641489,15.4529016,0.930359847,-4.077022666,-4.118733086
3.78027,4.98345,1.318278853,979.878,0.55936,0.542830802,26.31785876,5.532616549,-4.681021911,-5.384877945
4.14383,5.43686,1.312037415,1063.67,0.5272,0.492411152,24.19350538,4.264140635,-4.290351966,-4.742490253
5.41814,6.73498,1.243042815,1137.36,0.53754,0.510969582,22.76173453,4.950054607,-3.689327487,-4.450694499
5.9406,11.23796,1.891721375,3836.12,0.746,1.24424163,13.73946088,1.707709502,-3.807085176,-3.844605231
4.42032,5.45833,1.23482689,998.673,0.53636,0.441619392,29.50372771,5.359088664,-4.305935461,-5.238483841
4.69467,5.87443,1.251297748,1946.76,0.61004,0.564935546,24.5850232,6.355735156,-3.966944554,-4.481403096
3.99236,4.43033,1.109702031,247.782,0.55642,0.415303891,33.21781421,4.505715123,-5.605485892,-6.647730289
5.12336,6.28134,1.226019643,1108.24,0.51816,0.470395991,22.24834618,4.565498949,-3.821003964,-4.557463766
3.88819,5.32446,1.369392957,319.444,0.47876,0.204562448,38.86398441,2.672918796,-5.136372423,-5.859552648
6.67891,10.60386,1.587663256,2527.23,0.72914,0.949171164,25.20570979,3.411323585,-4.407799812,-3.964004469
4.44571,5.35231,1.203926932,2040.14,0.6374,0.663163228,21.93127193,6.916337797,-3.708328371,-4.334719696
3.74741,8.13146,2.169888003,1589.55,0.63708,0.699070035,23.07491925,3.824662227,-4.525915496,-4.506404383
7.63034,8.63632,1.131839472,2730.61,0.6691,0.860515692,20.31407017,5.665958223,-3.910880613,-4.074752056
8.47192,9.44546,1.114913739,2706.32,0.68758,0.911268059,20.47534519,4.874658287,-4.041121027,-4.100590426
7.4101,12.83987,1.732752594,4467.32,0.80556,1.541827202,19.18339461,2.191710522,-3.990294304,-3.839705104
5.74363,9.28847,1.617177639,1457.41,0.58692,0.634199579,20.57472101,6.074616241,-3.638099403,-4.28827149
5.94989,9.17575,1.542171368,1464.9,0.58758,0.632457271,20.60380704,6.22070065,-3.754442783,-4.25655238
5.87566,9.14672,1.556713629,1476.64,0.5921,0.639901264,20.56906809,6.169105852,-3.631113806,-4.262343399
8.17399,9.60031,1.174494953,4733.42,0.77984,1.483031025,13.82677069,1.973799041,-3.752007405,-3.742477898
6.89092,13.27896,1.927022807,2039.84,0.72896,0.825481019,25.12314136,3.582109883,-4.291788666,-4.0217627
6.64307,13.18363,1.984568882,2173.22,0.72136,0.818114286,22.89980232,2.703930095,-4.350671225,-4.015801792
4.27188,5.51513,1.291031115,796.329,0.5199,0.486743063,26.94285192,3.802795725,-3.696733026,-4.85553519
5.65011,7.39529,1.308875402,2830.42,0.69384,0.884117011,27.85317969,7.546332632,-4.424346176,-4.291314968
4.66315,5.64071,1.209635118,1053.73,0.5456,0.466847496,25.55324235,3.276121512,-4.30031088,-4.64474936
6.07292,8.33531,1.372537428,1887.56,0.62626,0.722277389,21.6071202,3.455520855,-4.323242989,-4.246671791
8.59079,19.43102,2.261843207,4036.3,0.8236,1.835336694,14.3577793,1.516652583,-3.650023084,-3.687420534
5.15214,5.93254,1.151471039,1685.67,0.63358,0.586485236,19.98189313,4.86378933,-3.881375262,-4.285782372
3.98335,5.63742,1.415245961,447.081,0.4978,0.413310971,26.54440466,2.813021157,-4.274292449,-4.899117323
5.1054,5.28515,1.035207819,799.331,0.57306,0.427063926,25.08063479,4.165675536,-3.874450874,-4.811810243
6.18035,6.5178,1.054600468,4786.42,0.71052,1.088897846,21.32414923,9.33134083,-3.673053977,-4.083981424
4.7152,7.1658,1.519723448,811.145,0.52794,0.373387462,24.45931744,3.416086475,-4.359846658,-4.952162325
3.85621,5.54342,1.437530632,948.983,0.5495,0.432010441,24.2940667,3.895325279,-4.405071932,-4.79432676
5.14701,6.92307,1.345066359,488.339,0.46414,0.335087681,21.15910186,1.34892418,-3.815871867,-4.149952988
4.52059,7.01246,1.55122672,719.444,0.54492,0.349630428,32.53676205,4.036136854,-4.382811084,-5.222568018
4.25399,5.10735,1.200602258,420.659,0.4736,0.349213606,23.42767258,1.607912938,-3.78358772,-4.543760628
3.69802,6.1047,1.650802321,752.222,0.50186,0.443006576,27.7873008,4.488809682,-4.158917465,-5.212123741
13.44364,15.14217,1.126344502,2383.52,0.7101,0.997139595,19.53361543,3.48693497,-4.296971,-4.323757361
3.6514,5.4573,1.494577422,473.734,0.51302,0.454,36.59851928,3.597565166,-5.091674604,-5.55470009
4.10328,5.08195,1.238509193,271.555,0.47618,0.328730998,33.7027799,3.305421825,-3.698339653,-4.577315016
4.69116,7.31017,1.558286223,1496.68,0.58784,0.552086855,23.43197121,3.697317659,-4.278691338,-4.489547754
4.12791,4.5434,1.100653842,429.914,0.49474,0.421870337,31.18173814,3.277380084,-4.827627315,-5.812849448
3.70581,4.30528,1.161764904,285.107,0.42216,0.312396401,34.65556564,2.732938274,-4.322856339,-5.254370212
5.76129,9.22988,1.60205093,2037.53,0.6421,0.805408694,21.88970849,3.956710745,-4.199722372,-4.263737863
4.25257,5.15578,1.212391566,946.42,0.56682,0.551697959,27.05384899,4.349549221,-4.651324083,-4.628629548
6.6824,13.29046,1.988875254,2165.27,0.7205,0.814031393,24.37021616,2.672544315,-4.478114246,-4.035979986
6.68848,13.27819,1.985232818,2157.24,0.7204,0.812507472,24.37586656,2.69685667,-4.566387533,-4.052952114
6.68627,13.28015,1.986182131,2159.05,0.7205,0.812805437,24.34974231,2.706719942,-4.475168068,-4.04801516
6.68243,13.28501,1.988050754,2160.32,0.72034,0.81313588,24.34917786,2.67848824,-4.518524374,-4.055147105
6.68152,13.28667,1.988569966,2162.54,0.72032,0.813251924,24.36169893,2.670014079,-4.528522082,-4.05038455
6.68065,13.28765,1.988975624,2163.39,0.72048,0.813581371,24.33210663,2.671823605,-4.525304444,-4.046498364
6.68351,13.2906,1.988565888,2162.27,0.72032,0.81373517,24.33263481,2.663790525,-4.541480203,-4.061928656
6.68263,13.29232,1.989085136,2163.77,0.72044,0.814019705,24.30896467,2.662473743,-4.460804325,-4.076249756
6.68187,13.29109,1.989127295,2163.28,0.7204,0.813788772,24.34754626,2.64784319,-4.538484682,-4.057966832
6.68351,13.2906,1.988565888,2160.98,0.72032,0.81373517,24.31619963,2.658797215,-4.48020236,-4.061838697
6.68503,13.28991,1.988010525,2162.73,0.72042,0.813857333,24.35352363,2.664513172,-4.49703265,-4.062044082
6.68379,13.28599,1.987792854,2162.27,0.72046,0.81341917,24.39287555,2.696686179,-4.507345079,-4.051253338
6.68934,13.28076,1.985361785,2158.07,0.72058,0.813100237,24.42257656,2.69034961,-4.497847699,-4.05016453
6.6901,13.26684,1.98305556,2157.74,0.72064,0.812990887,24.42861372,2.706874288,-4.472808386,-4.045078458
6.6936,13.27658,1.983473766,2157.16,0.72074,0.81287169,24.49640904,2.736887746,-4.503098771,-4.045551238
6.69379,13.27227,1.982773586,2156.02,0.7207,0.812511344,24.50188734,2.746819473,-4.519986975,-4.050391095
6.69333,13.27228,1.982911346,2157.63,0.72098,0.812715232,24.50763816,2.76213005,-4.474552639,-4.04879263
6.69949,13.26803,1.980453736,2155.08,0.72078,0.812183999,24.51597198,2.751082385,-4.538969072,-4.047616681
6.69376,13.27475,1.983152966,2162.17,0.72116,0.813745525,24.48345699,2.762693831,-4.483342648,-4.045250904
6.68947,13.26122,1.982402193,2153.3,0.7207,0.811286644,24.56967662,2.77620457,-4.581229074,-4.051020614
6.69886,13.26005,1.979448742,2150.75,0.72072,0.81124432,24.6266612,2.778856216,-4.478209358,-4.046588853
6.68165,13.2499,1.983028144,2152.63,0.7205,0.810246099,24.59248091,2.791189665,-4.479515004,-4.050212222
6.68893,13.24907,1.980745799,2158.46,0.7211,0.811245612,24.57758912,2.835901485,-4.516917319,-4.068138411
6.68273,13.22867,1.97953082,2154.54,0.721,0.810530375,24.59869129,2.83733451,-4.490853829,-4.050093252
6.6779,13.21932,1.979562437,2163.13,0.72114,0.810956698,24.65493196,2.899916204,-4.492020531,-4.048355333
6.68001,13.20191,1.976330874,2165.87,0.72124,0.81157933,24.61571841,2.913430818,-4.568877484,-4.04160837
6.6647,13.20044,1.980650292,2158.16,0.72086,0.811040392,24.63553315,2.897261975,-4.452157293,-4.037115105
6.68747,13.2125,1.975709798,2159.26,0.72046,0.810710753,24.61489772,2.862071154,-4.517899782,-4.05614866
6.67871,13.19539,1.975739327,2164.76,0.72148,0.811534343,24.7380255,2.965272892,-4.483612739,-4.048165774
6.67524,13.31856,1.995218149,2148.4,0.71742,0.810977622,24.32420908,2.41340821,-4.55761255,-4.072719132
4.48624,6.11281,1.362568654,903.16,0.5644,0.481204546,23.71698893,3.753485208,-4.461104532,-4.904143142
6.88541,7.36509,1.069666149,1834.02,0.65136,0.681922398,22.52941456,4.362052369,-4.045909885,-4.157567418
4.15814,6.82504,1.641368496,1877.18,0.64242,0.650653368,20.59540861,4.352237303,-3.936573602,-4.21336572
5.20644,6.87938,1.321321287,1924.71,0.6477,0.663454388,22.68308487,5.489967238,-4.146900459,-4.367495835
6.08004,7.25048,1.192505312,1046.23,0.54556,0.498720199,21.99103598,4.412932916,-3.721248521,-4.308504806
5.8712,7.17371,1.221847323,1010.39,0.54822,0.495109594,22.30407129,4.321317101,-3.700718547,-4.312834915
4.7264,5.41735,1.146189489,1251.48,0.61704,0.484751355,22.40633245,4.127927007,-3.781455702,-4.225913299
8.07627,10.10393,1.251063919,2111.24,0.68152,0.855687487,25.72211911,2.668575737,-4.662012572,-4.298112677
6.68014,13.15947,1.969939253,1222.53,0.59602,0.570829303,23.6177315,3.309502829,-4.585258742,-4.67238574
4.56576,5.61478,1.229758025,359.423,0.4523,0.342091729,52.30881262,2.724792295,-5.680325842,-5.865353376
3.82785,4.75958,1.24340818,285.583,0.44576,0.251907275,28.8870857,2.192919958,-4.340899871,-5.319871164
3.84263,4.78039,1.244041191,281.889,0.44718,0.25322061,28.7600996,2.209044394,-4.290952271,-5.300850536
3.66786,4.39406,1.197990109,153.925,0.42816,0.234055464,29.85769993,1.853000871,-4.66161381,-5.788126498
3.79204,4.69637,1.238481134,243.894,0.44488,0.2511942,28.53898357,2.065901399,-4.317588394,-5.304201665
3.70024,5.13321,1.387264069,129.984,0.42624,0.151015593,27.3380096,1.039372589,-4.832597634,-5.300209893
3.9124,5.0284,1.285246907,1117.31,0.59542,0.488273306,22.42572404,4.447631441,-3.88807183,-4.403054644
3.95835,5.08043,1.283471649,1177.67,0.60324,0.501292204,22.15911348,4.461145596,-3.887290103,-4.376385693
3.9622,5.05926,1.27688153,1159.88,0.60142,0.496996141,22.27905335,4.446189347,-3.89698212,-4.390047487
3.78832,4.97891,1.314279153,1011.42,0.58828,0.475642985,22.74532672,4.40627221,-3.871333088,-4.442123638
3.81551,4.99541,1.309237821,1069.88,0.58936,0.478217476,22.65961235,4.416021797,-3.920862151,-4.442944052
3.87283,5.01407,1.294678568,1086.67,0.5972,0.487076805,22.55587096,4.424429511,-3.891163101,-4.453521982
3.8892,5.04935,1.298300422,1096.94,0.5921,0.486736212,22.35440728,4.433191898,-3.880322745,-4.419477642
3.76476,4.98043,1.322907702,966.885,0.58774,0.475206378,22.72818984,4.392988502,-3.934963293,-4.447088157
3.79418,4.99037,1.315269703,997.896,0.58916,0.478055193,22.64793308,4.40946006,-3.917066232,-4.4474985
3.8343,5.00423,1.305122187,1035.09,0.59216,0.482966177,22.52449041,4.417468092,-3.904998647,-4.433127907
3.92518,5.0496,1.286463296,1091.56,0.5992,0.495161597,22.27700258,4.456144176,-3.868721212,-4.384837006
3.95879,5.07683,1.282419628,1109.78,0.60182,0.500112185,22.18008601,4.474218511,-3.866955476,-4.372726978
5.55983,9.76192,1.755794692,1447.81,0.67032,0.602237096,25.44361564,1.780437436,-4.545021788,-4.278952875
6.57125,11.8886,1.809183945,3167.22,0.74292,1.147744355,15.91371644,2.557123581,-3.838043962,-3.909877864
6.08499,10.32117,1.696168769,2289.94,0.6888,0.805892091,23.44728471,5.400157334,-4.337042437,-4.262367297
6.46763,9.93002,1.535341385,2600.05,0.7304,0.917625982,13.92902899,1.607517701,-3.665456168,-3.754374044
4.34715,4.86021,1.118022152,1198.3,0.60418,0.362133554,45.11612573,3.431240724,-6.186198262,-4.68399127
4.34562,4.86217,1.118866813,1180.22,0.60396,0.361813019,44.29946117,3.424250282,-5.915323021,-4.671684399
6.05366,6.93958,1.146344525,3396.24,0.72642,0.988196116,15.45011068,3.221665037,-3.706408606,-3.815634772
5.56918,6.7277,1.208023443,2328.01,0.67698,0.766967534,16.4425897,3.823129678,-3.674306204,-3.991634235
5.62808,6.82996,1.213550625,2213.01,0.67536,0.744730943,19.29148771,4.857968348,-3.887707261,-4.188819237
3.99598,4.7722,1.194250221,259.17,0.463,0.295130036,26.30635298,1.602544935,-3.639981037,-4.445542048
5.44672,6.48283,1.190226411,1248.8,0.61138,0.493155768,24.07255567,2.912950062,-4.65989173,-4.514013303
3.68421,4.54182,1.23277989,189.577,0.48704,0.334429697,27.18863665,2.466818855,-4.565843237,-5.074212849
4.25071,5.89224,1.386177839,2128.06,0.66434,0.725637502,21.96005945,2.915615008,-4.266048703,-4.330057675
3.88732,4.53313,1.166132451,713.68,0.52178,0.450229524,30.54394915,5.609067837,-4.234315265,-5.144245247
4.77192,6.08213,1.274566631,1352.41,0.58448,0.577623608,24.00991256,5.131264084,-4.242016411,-4.627151648
4.27339,7.95641,1.861849726,897.294,0.60254,0.572642343,20.933455,3.988055267,-4.735854765,-4.634403847
3.70129,5.15491,1.392733344,614.375,0.49874,0.417111316,28.96518165,4.107659752,-4.459269823,-5.422712967
6.29526,7.54735,1.198894089,1151.6,0.56566,0.543068356,20.46935833,2.853988666,-4.432426397,-4.635917327
6.64177,6.98757,1.052064435,900.956,0.57482,0.369811369,24.03798707,4.572822429,-3.629285416,-4.555070473
6.59787,6.97041,1.056463677,837.616,0.55954,0.343465717,20.32661726,3.221477378,-3.555122071,-4.140617516
6.59754,6.98007,1.057980702,838.067,0.56018,0.344171244,20.3277579,3.232939355,-3.447833448,-4.128255542
6.78821,7.13111,1.050514053,928.636,0.57888,0.38406624,23.52793226,4.367136555,-3.597234487,-4.417388539
6.70514,7.05454,1.052109277,847.207,0.55176,0.340988307,27.24578341,4.959545781,-3.706574573,-4.894152377
6.73356,7.07406,1.050567605,860.908,0.5552,0.344707694,27.6294247,4.958282562,-3.731417857,-4.876098318
5.19916,6.77782,1.303637511,1512.39,0.5933,0.524237016,19.40169097,3.660923799,-3.97871693,-4.22270101
3.76742,4.76005,1.263477393,538,0.53346,0.42366003,27.88352607,4.453369078,-4.293262306,-5.009813373
4.90776,5.78746,1.179246744,1905.77,0.67126,0.656065522,17.02917662,2.45095728,-3.936577318,-4.098965772
8.07829,10.22426,1.265646566,2748.7,0.72564,0.91796576,18.0961093,3.484668291,-3.88020567,-3.931775427
4.67292,6.08923,1.303088861,1515.01,0.60892,0.648087147,21.28678558,5.285521175,-3.801411363,-4.343742407
5.35648,5.82969,1.088343464,1195.57,0.57464,0.578571393,21.41661677,4.191430073,-3.538460523,-4.308170748
4.72527,6.06958,1.284493796,1570.14,0.61142,0.6535903,21.23537867,5.380581547,-3.807764887,-4.331237617
5.38954,5.90692,1.095997061,1169.95,0.57766,0.584802189,21.25351478,4.144787164,-3.544811632,-4.295237626
9.26877,9.52896,1.028071686,963.15,0.55786,0.495373577,16.36848877,1.575491524,-3.318140146,-3.552389584
11.4865,12.33039,1.073467984,1200.89,0.61526,0.720213889,32.89543711,2.842787631,-6.056456378,-4.848438564
5.1748,6.93055,1.339288475,629.126,0.48148,0.398226722,22.37977633,2.281496461,-4.51972805,-4.709920691
4.44867,6.60215,1.484072768,547.678,0.46904,0.374941046,23.29265354,1.941500861,-5.388916779,-5.063652598
4.98271,6.87089,1.378946397,629.45,0.48072,0.394605288,22.62045039,2.220059517,-4.544246223,-4.712926979
11.34151,12.3272,1.086909944,1162.17,0.61508,0.720084104,35.56410583,2.875710326,-5.582683666,-4.87101356
4.01037,4.88805,1.218852625,527.886,0.49632,0.346280236,37.21755148,3.003781733,-4.236350337,-5.296336876
4.785,5.05411,1.056240334,315.48,0.41298,0.294663689,30.36666528,2.194427159,-3.95733935,-5.333765896
4.01377,4.79857,1.195526899,1178.23,0.59212,0.493511473,26.7701159,5.428227688,-4.054289676,-4.701360297
3.85637,4.77299,1.237689848,917.917,0.56174,0.562457696,26.5451767,4.564813972,-4.65216306,-5.198062439
3.88728,4.63332,1.191918256,494.572,0.52132,0.419198945,29.27253228,3.715497278,-4.75484629,-5.199326176
3.72004,4.92982,1.325206181,326.283,0.45784,0.258226078,22.10287082,1.023762711,-4.137628395,-4.624033877
3.69066,4.90414,1.328797559,317.768,0.45714,0.254753572,22.45145388,1.046874161,-4.129232989,-4.642586258
4.91725,5.43148,1.104576745,244.063,0.40428,0.247720588,23.11378132,0.746763478,-3.614423593,-4.399896454
3.98785,4.99635,1.252893163,1113.37,0.60038,0.447643901,18.81445052,1.879076897,-3.946134749,-4.108114367
7.91583,15.05124,1.901410212,3648,0.80898,1.363438715,10.47278434,0.744832535,-3.746073783,-3.750725458
5.6073,15.04959,2.683928094,2577.02,0.75316,1.056470595,14.72334865,1.744447843,-4.258892447,-4.274795004
10.62864,20.93415,1.96959818,4789.57,0.86214,2.308872719,10.95773389,1.122297631,-3.669838929,-3.665465578
5.63757,6.13983,1.089091577,1177.67,0.58538,0.52271672,19.69066791,3.292287391,-3.451467078,-4.170293623
6.13196,10.28948,1.678008337,1430.73,0.62594,0.687720701,24.36205115,4.263218248,-4.636196848,-4.478916884
8.68741,10.25144,1.180034095,1547.17,0.64836,0.764604325,31.25935549,3.109775588,-4.839509115,-4.333714244
9.35673,10.61507,1.134485018,1791.62,0.66048,0.809480213,29.61624239,3.095521789,-4.803607606,-4.268999881
5.11285,5.96917,1.167483889,1415.3,0.61342,0.507730764,23.44994642,5.071416279,-4.014112071,-4.461138253
6.31093,9.43184,1.494524579,1216.69,0.60842,0.492265122,24.62043701,1.350495593,-4.724528558,-4.292732077
8.70015,10.26084,1.179386562,2941.68,0.74692,1.097504709,22.87121739,1.589276575,-4.276126797,-3.993906255
8.51622,9.74551,1.144346905,1205.73,0.61518,0.58844123,18.90305393,1.19394744,-4.162920003,-4.171673276
5.28936,7.0311,1.329291256,1528.2,0.62802,0.604830788,23.00549667,5.410689431,-4.310614346,-4.571634216
11.69295,18.47947,1.580394169,4502.99,0.84824,2.202425618,11.96536247,1.138342135,-3.612413928,-3.591489316
4.66761,6.30224,1.350207065,1115.55,0.6072,0.533642691,23.39201529,5.11092507,-4.356146472,-4.699388588
4.30182,6.39565,1.486731197,1571.29,0.6005,0.637130547,24.71375925,6.096743582,-4.191550623,-4.491376071
5.18035,7.02985,1.357022209,479.259,0.46108,0.359124542,19.81294495,1.359322582,-3.825149926,-4.16326415
4.45204,6.79621,1.526538396,404.464,0.4072,0.271416002,27.4443541,2.39863433,-3.61143368,-4.338923252
7.67787,8.56329,1.115321046,1025.97,0.55228,0.507423741,20.39623731,1.442827702,-4.141135379,-4.150179652
6.10381,6.49751,1.064500697,532.356,0.48132,0.381225447,25.93969942,2.861525943,-3.961419291,-4.579571241
4.52338,4.94766,1.093797116,411.824,0.4908,0.297044085,27.28925462,2.264432952,-3.610154713,-4.9618377
3.95219,6.37814,1.613824234,814.391,0.55588,0.39596823,21.88385118,2.954828188,-3.64996922,-4.195831816
3.82857,4.59442,1.200035522,318.79,0.44484,0.347645321,28.64745576,2.55512914,-4.825849428,-5.989650515
8.26476,12.15079,1.470192722,1831.48,0.67804,0.783678262,14.09816357,0.787115557,-3.752460599,-3.783577381
3.7268,4.95561,1.32972255,540.255,0.4971,0.314681995,44.67089574,3.788716138,-5.713075009,-5.919803122
7.12814,10.62668,1.490806858,1438,0.6584,0.587909635,16.53078734,1.169883377,-3.972937466,-4.074965052
4.84283,7.29475,1.506299003,507.027,0.481,0.354672684,21.7662086,2.011028918,-4.3107099,-4.367454398
5.81943,6.67757,1.147461177,749.813,0.50662,0.453010712,27.23801387,3.128281904,-4.696020851,-5.044035303
4.84974,7.56186,1.559229979,1971.59,0.70064,0.499657691,18.90684884,3.643335953,-3.845058507,-4.12021733
5.10297,6.95421,1.362776971,1384.03,0.65022,0.423753446,22.99744073,4.91705577,-4.036661116,-4.480357771
5.00524,6.82599,1.36376877,1432.45,0.6428,0.432946501,22.01388284,4.779808089,-4.059259142,-4.501485738
5.71739,7.53203,1.317389578,1476.24,0.61164,0.612649647,22.31915615,3.724334249,-4.365540647,-4.348835268
3.76064,4.8762,1.296640997,461.816,0.51018,0.436596094,32.75880804,3.704102325,-4.003920637,-4.920559306
7.98188,10.6209,1.330626369,3247.26,0.7441,1.066027518,20.16627028,4.299288869,-4.04080762,-4.136890107
34.51057,35.58882,1.031244051,3696.99,0.857,2.2423754,15.83193508,2.780204525,-3.66568477,-3.789445833
6.63764,9.89745,1.491109792,1326.22,0.66944,0.558453042,25.94567416,3.260060547,-4.563553135,-4.253502484
4.1598,4.58864,1.103091495,398.719,0.45738,0.342004711,30.51393984,2.978304271,-3.97396447,-5.197133
6.83124,13.82069,2.023159778,3786.06,0.78012,1.341601833,14.82056207,2.294240345,-3.807515711,-3.824491372
7.22011,10.08149,1.396306981,4058.61,0.77646,1.354934291,16.41416116,2.073724065,-3.987549251,-3.879709475
5.25239,7.9765,1.51864199,2131.75,0.66122,0.727055613,19.80688634,3.218939702,-4.101757647,-4.121335386
4.14792,6.04006,1.456165982,1427.54,0.59394,0.597682088,23.22129417,4.817711803,-4.164977002,-4.477697703
5.78838,9.0167,1.557724268,1429.22,0.58268,0.570863133,20.1931107,3.889405892,-3.891406188,-4.172412224
4.75487,6.81302,1.432850951,1184.19,0.54944,0.523794997,28.19901973,4.228467815,-4.646204746,-4.720918778
4.89913,7.92371,1.617370839,1894.82,0.63658,0.700700392,26.46333957,4.85698639,-4.842400185,-4.700905424
5.34538,5.86305,1.096844378,745.164,0.5026,0.395452221,23.45360054,3.338081667,-3.745421697,-4.533891501
5.35778,5.81102,1.084594739,752.619,0.4987,0.389393383,23.58945743,3.29585064,-3.725575479,-4.582171746
5.35243,5.88152,1.098850429,759.713,0.50198,0.394666289,23.55973793,3.401338015,-3.741379533,-4.566219534
3.92519,8.78791,2.238849584,839.627,0.52416,0.431887282,25.82457409,3.391803595,-4.870607862,-4.887294876
6.49016,12.63938,1.947468167,3156.83,0.74402,1.097996505,21.41005731,3.866133888,-4.327011799,-3.99243385
4.77054,5.47224,1.147090267,1425.73,0.62128,0.649950622,20.23818906,3.479011565,-4.713339854,-5.173230518
5.10134,8.66462,1.698498826,1938.6,0.63256,0.761947896,21.36213053,6.08012164,-4.243962611,-4.42663226
5.17427,6.76077,1.3066133,1301.37,0.5502,0.507414785,23.44353811,5.114401892,-3.951422591,-4.525507957
5.10575,5.65308,1.107198747,1175.62,0.54752,0.50529269,24.35081718,5.375097377,-3.847810329,-4.707430293
5.05908,6.01885,1.189712359,1904.02,0.63468,0.712497558,23.57970148,8.06399287,-4.139149409,-4.811456617
4.09417,4.678,1.142600332,307.046,0.4641,0.234220049,36.60012176,2.646535897,-4.851352454,-7.129653622
6.70838,9.37405,1.397364192,3564.23,0.76278,1.140771073,12.80120539,2.025886854,-3.549580357,-3.567755797
11.91501,12.83976,1.077612188,2953.86,0.74528,1.086478929,20.8180108,3.464894131,-4.258565486,-4.174616331
4.52945,7.45113,1.645040789,627.17,0.49818,0.375820396,24.8706481,2.00094107,-5.239437423,-5.019502166
5.48487,10.65116,1.941916581,2409,0.70984,0.844506733,22.43292189,4.257184083,-4.250066436,-4.122558454
6.96534,8.92635,1.281538303,2215.03,0.66644,0.83347403,18.56399767,3.259052967,-4.066793688,-4.127850487
6.08736,7.69209,1.26361674,563.306,0.52694,0.292367615,21.50652974,1.405017702,-4.201627789,-4.446047136
3.71612,4.75347,1.279148682,270.845,0.4481,0.327678245,28.72625205,2.070780478,-4.329305194,-5.460450742
3.97207,6.08793,1.532684469,844.063,0.53044,0.464397965,25.7472074,3.92822326,-4.252333307,-4.982868724
3.89627,5.00328,1.284120454,346.044,0.43946,0.319124524,27.56591903,1.919830095,-4.160057051,-5.147138048
4.31016,4.69413,1.08908486,544.984,0.5088,0.410749893,29.6494451,4.055946295,-3.35137442,-4.410421644
3.78301,5.39674,1.42657302,1535.42,0.6534,0.782946294,22.38175741,6.016643969,-4.197117437,-4.512902637
3.69765,5.10587,1.380841886,516.816,0.5085,0.409163327,27.40379012,3.899367694,-4.065321655,-4.937687423
3.78187,5.9241,1.566447287,711.844,0.54664,0.467018086,23.39888391,3.269638806,-4.143117632,-4.851351933
6.30555,6.88268,1.091527305,766.628,0.5448,0.359307502,19.72701639,2.569955671,-3.300030958,-3.950880718
4.12899,5.0954,1.234054817,659.45,0.54162,0.407548703,28.33618915,5.493375284,-3.550660885,-4.541512296
4.80503,8.56333,1.782159529,914.59,0.58314,0.409066038,19.79788871,2.644248773,-3.747156982,-4.169618303
4.31073,5.25592,1.219264487,1201.37,0.60346,0.469468885,21.1894148,3.363084184,-4.050755642,-4.392690349
5.78928,6.78739,1.172406586,902.904,0.53426,0.383449365,21.95672579,3.700441468,-3.688154642,-4.348204589
5.6916,6.75428,1.18671024,886.626,0.53034,0.377474252,22.16830062,3.662329559,-3.670588411,-4.384695201
5.67186,6.73405,1.187273663,880.402,0.52936,0.375701744,22.22516494,3.644819738,-3.75406233,-4.408530483
5.66128,6.73192,1.189116242,882.438,0.52898,0.375192391,22.21244539,3.657698453,-3.670276568,-4.376846163
6.06182,6.9676,1.14942377,942.409,0.54388,0.398335994,21.53514437,3.785819367,-4.040149049,-4.566205384
4.84687,6.44994,1.330743346,811.663,0.5183,0.362404469,23.80898122,3.619054143,-4.14695871,-4.806530239
4.82556,6.3973,1.32571142,807.619,0.517,0.361167192,23.55171279,3.561566666,-4.099771971,-4.801215237
5.80608,6.7467,1.162006035,904.994,0.53502,0.384345165,22.16498337,3.692691779,-4.071453055,-4.678110238
5.76553,7.05543,1.22372618,930.048,0.54094,0.396455689,22.36014874,3.801113341,-4.111234549,-4.635603409
6.19526,7.22634,1.166430465,944.763,0.54226,0.397694186,21.88926007,4.032998308,-4.175679209,-4.696073655
6.31165,7.24893,1.148499996,936.443,0.54002,0.394748576,21.22782282,3.946598947,-3.876544463,-4.496600703
6.33134,7.12445,1.125267321,955.765,0.54208,0.39467917,22.43067561,4.1445474,-4.043028075,-4.521226807
4.943,5.79972,1.173319846,674.834,0.4982,0.330704689,24.30183062,3.200749503,-3.695142197,-4.563893016
4.60351,5.35961,1.16424424,548.016,0.48144,0.309190161,24.66578022,2.538530589,-3.70071121,-4.609839643
6.15605,7.33038,1.190760309,975.353,0.54578,0.403268829,21.49720359,3.91835695,-4.005983062,-4.519516539
4.55194,6.28796,1.381380247,744.463,0.50728,0.344938258,24.01346771,3.483962948,-4.047615776,-4.847288513
3.93449,5.82794,1.481244075,630.679,0.48322,0.311899721,25.81148699,3.225251927,-4.04395537,-4.902494775
5.87111,6.88083,1.171981107,932.255,0.53724,0.387940932,22.01975111,3.936507997,-3.682593219,-4.371537686
5.16362,6.80904,1.318656292,1832.55,0.6554,0.58934609,40.88359537,7.61301907,-5.181607438,-4.852902032
5.19238,6.79458,1.308567555,1797.82,0.65528,0.578440027,33.27660119,6.604942254,-4.604882333,-4.665562703
4.70834,5.81491,1.235023384,1572,0.64006,0.546401345,36.36243098,5.096893742,-4.973075065,-4.815687093
5.18388,6.74215,1.300599165,1756.19,0.65534,0.563704239,35.62717707,6.716961561,-4.811149881,-4.69401476
4.10522,5.84738,1.424376769,674.445,0.51912,0.38509243,25.07175489,2.918378248,-4.661588299,-5.299526682
4.65647,6.68041,1.434651141,2412.83,0.62798,0.740213372,24.06370012,5.432424052,-4.705447299,-4.661609859
4.37104,4.93842,1.129804349,1278.96,0.61406,0.392656632,49.07638117,3.641078688,-6.323461221,-4.648945511
4.31374,4.84869,1.124010719,1460.79,0.60618,0.460203462,42.5573066,4.646719345,-5.63083384,-4.708527523
6.3767,7.6272,1.196104568,1507.34,0.6257,0.564339379,27.79775495,6.122551616,-4.535855038,-4.659663833
4.02251,6.17269,1.534536894,458.586,0.518,0.394729823,28.47486643,2.211636004,-4.945305137,-5.131207461
5.37575,8.8715,1.650281356,1575.83,0.6307,0.591345928,22.49342842,4.135343696,-4.431509853,-4.406089699
4.28121,9.61163,2.245073239,2464.3,0.68112,0.858757404,22.16019635,3.12278091,-4.37873207,-4.26488825
5.33535,7.86927,1.474930417,463.634,0.48958,0.283536709,25.44143803,1.742242542,-4.023173606,-4.483582805
3.71878,4.52116,1.21576431,159.299,0.42876,0.256896345,28.26331286,1.779459755,-4.429769647,-5.330288894
3.95733,5.41718,1.368897716,679.873,0.50228,0.410004408,24.3709414,2.5983249,-4.2879116,-4.560236
3.95522,5.07501,1.283116995,1164.21,0.60598,0.503569143,22.15674674,4.4587142,-3.868971574,-4.380891962
7.84422,8.51162,1.085081754,2769.6,0.70716,0.969297891,15.0776517,2.205559028,-3.700300364,-3.771877388
3.99552,4.25922,1.065998919,110.14,0.37884,0.23729854,31.54634063,0.884976657,-3.800693991,-4.856749745
6.82094,8.06678,1.182649312,1559.27,0.62968,0.565862075,20.91741426,3.258968187,-4.061316805,-4.179532078
8.47337,11.18858,1.320440391,1837.6,0.71816,0.818882554,15.461326,0.952289051,-3.616984665,-3.675721538
8.38573,11.25293,1.34191418,1649.52,0.72216,0.737271861,14.67478574,0.74204338,-3.639344019,-3.668747128
4.88065,7.55965,1.548902298,1112.27,0.5935,0.458577367,21.38257841,2.727865854,-4.149672709,-4.343791508
4.77221,6.22751,1.304953051,264.482,0.48026,0.338759963,23.17642024,1.313888291,-4.189305593,-4.579884414
3.71955,4.98437,1.340046511,461.889,0.58212,0.307297605,24.45212746,1.945083829,-4.963043562,-5.155859483
7.13068,7.25351,1.017225566,1476.97,0.60356,0.58886775,22.65392578,6.683410696,-3.474679771,-4.270111154
9.08126,9.58473,1.055440545,1501.08,0.61126,0.706051673,16.27437337,2.458042838,-3.494435852,-3.660224241
5.00672,5.61373,1.121239055,1566.78,0.61926,0.597793245,19.18523819,3.730144806,-3.71680983,-4.255535572
4.25139,4.43208,1.042501394,886.996,0.58636,0.432945694,26.00888573,5.81335621,-3.756140051,-4.510434848
7.77882,13.28738,1.708148537,2433.16,0.7057,0.993430157,18.95633222,2.722231194,-3.827023528,-3.972384544
4.4083,6.05951,1.374568428,1681.04,0.62108,0.653385331,20.2008875,4.921952402,-4.06326394,-4.565314144
4.41339,6.69512,1.51700167,2127.07,0.66902,0.782333131,22.52179825,3.832043085,-4.38216002,-4.359388295
5.28417,6.13028,1.160121646,1019.8,0.56762,0.503249373,22.50435029,4.012671765,-3.362632457,-4.229606822
5.69688,6.4627,1.134427968,511.218,0.52592,0.439442174,29.3289204,3.069783829,-4.094107832,-4.508637233
5.84753,6.13557,1.049258405,496.578,0.49586,0.434089118,30.48210996,3.587709378,-3.561300196,-4.510623533
4.16615,6.74105,1.618052639,922.368,0.54778,0.476226907,24.3138743,4.245060138,-3.791461478,-4.71526895
3.99192,4.93073,1.235177559,487.482,0.48902,0.38655874,29.13754603,3.074273683,-4.250583983,-5.820501578
3.75233,5.22809,1.393291635,591.529,0.56174,0.310468516,24.82856665,2.707018347,-4.246778363,-4.776853725
4.37059,4.87284,1.114915835,561.732,0.45614,0.369832248,26.94729177,3.072361296,-4.939626985,-5.925545292
4.78345,5.30026,1.108041267,760.532,0.48052,0.410248529,25.09561214,3.468233303,-4.618574982,-5.190647996
4.90134,5.6482,1.152378737,830.58,0.4959,0.433433556,23.86460151,3.50183956,-4.51161496,-5.128765868
4.86495,5.58794,1.14861201,831.809,0.49378,0.429740126,24.25314862,3.548501316,-4.516038911,-5.187699401
4.4976,5.4535,1.212535575,472.047,0.48992,0.358905234,42.25666833,3.501225575,-5.077453433,-6.08288745
4.58247,11.22482,2.449513036,1189.12,0.61658,0.601588417,31.369002,5.966807062,-5.559691936,-4.837572471
4.42324,5.27092,1.191642326,1322.05,0.59716,0.59542137,23.57037878,5.252171591,-4.44076144,-4.929192996
4.20268,4.49645,1.069900635,583.603,0.61604,0.512721492,22.04627612,1.92811423,-4.206573514,-4.833243757
4.67833,6.49326,1.387943989,493.396,0.42922,0.249411655,22.43085011,1.815498907,-4.118611833,-4.498071682
5.39086,6.81612,1.264384532,844.903,0.54318,0.430176845,19.52200649,2.433388449,-3.419940379,-3.937487187
4.22376,6.37389,1.509055912,1183.97,0.65474,0.447639558,26.54501739,3.942646137,-4.596922241,-4.715164145
5.16773,6.83937,1.323476652,2354.35,0.64882,0.770554514,17.84226746,3.817546937,-3.940910793,-4.144195913
4.37557,5.46748,1.249546916,861.334,0.53948,0.508645886,24.6257155,3.792243054,-4.976214362,-5.454741394
3.86448,4.74677,1.22830756,212.215,0.5127,0.450939347,30.46309953,3.63208524,-5.059949631,-5.747846144
6.89343,7.38233,1.070922603,891.743,0.56098,0.382858781,18.68506145,2.299945348,-3.712533791,-4.019146176
12.70856,15.83326,1.245873647,4078.43,0.82538,1.774797014,20.22805946,1.344296491,-4.023561039,-3.825150989
4.35513,9.85392,2.262600657,2242.64,0.66214,0.776088404,25.89777087,4.519565004,-4.250246457,-4.273951474
3.66161,5.4668,1.493004443,358.779,0.47318,0.37966477,31.55016158,2.738622261,-4.924711357,-5.861680987
6.70705,8.56248,1.276638761,2140.75,0.64536,0.765208483,19.69969748,2.656602889,-4.068042131,-4.105615595
3.67896,5.7048,1.55065562,489.038,0.48834,0.422966325,30.07683357,4.097623682,-3.792560201,-5.208223274
5.33991,6.52279,1.221516842,1014.22,0.58394,0.536221637,23.59991655,4.398644341,-4.300476879,-4.754805855
6.65272,14.44089,2.170674551,3285.24,0.75386,1.131622874,17.77538783,3.033977521,-3.988543714,-3.892173698
4.99291,6.29067,1.259920567,1045.31,0.5939,0.505705041,23.74352033,3.70157982,-4.20075832,-4.426293608
4.83642,5.47416,1.131861997,343.393,0.4691,0.337256368,37.6163488,2.053687687,-5.233320408,-5.410089184
6.50644,14.29727,2.197402881,3323.12,0.75686,1.125325245,18.40400966,3.750501195,-3.946162515,-3.890202397
6.55268,13.92314,2.124800845,3281.76,0.75252,1.116124267,18.63860833,3.58236865,-3.952887655,-3.897408936
7.16955,8.52966,1.189706467,1006.75,0.5839,0.535506296,32.33864865,6.155704992,-4.324510571,-4.529189903
6.98003,8.58478,1.229905889,1056.73,0.5821,0.553237595,31.81240367,6.550661011,-4.92898858,-4.847663139
5.98042,6.6626,1.114068912,1186.48,0.65464,0.595717575,22.73415844,3.380282382,-3.858554749,-4.078491226
4.33283,7.33485,1.692854324,1671.83,0.6074,0.589554195,19.50478306,5.127243452,-3.846730117,-4.221739079
4.15774,7.61112,1.830590657,1740.96,0.61472,0.599440268,19.21791969,5.26468808,-3.839323827,-4.146028437
4.01359,7.05896,1.758764597,1685.87,0.59102,0.60096782,20.80159727,6.27307233,-3.994140902,-4.332644314
3.9824,7.18339,1.80378415,1736.5,0.5937,0.61716524,20.6117637,6.142991258,-3.994247916,-4.297781053
7.07944,7.23633,1.022161357,1294.77,0.591,0.533157719,21.13487398,6.195319684,-3.309565425,-4.192927008
7.0872,7.25163,1.023200982,1234.87,0.59512,0.527004649,19.95093814,5.755132653,-3.223686314,-4.077307693
7.07954,7.22558,1.020628459,1229.74,0.5949,0.52653007,19.83937065,5.71909401,-3.161412233,-4.058093517
3.64691,5.35554,1.468514441,632.502,0.5508,0.382099326,26.36952854,3.446138245,-3.954411685,-4.813342451
3.71196,5.30496,1.429153331,710.285,0.531,0.434522884,31.52501449,4.696744779,-4.155130068,-5.271385018
7.03577,7.16847,1.018860764,1359.8,0.59508,0.5353509,26.67354961,7.52288529,-3.712773803,-4.5845712
7.08879,7.31229,1.031528653,1293.98,0.59632,0.536881814,23.0525723,6.922627587,-3.627367395,-4.333365792
6.9896,7.11741,1.018285739,1264.97,0.59182,0.521753696,20.38322281,5.997379892,-3.313374318,-4.150885748
7.09719,7.25665,1.022468047,1294.51,0.59074,0.533703145,21.86153844,6.556204197,-3.363799597,-4.268105464
5.85477,6.5257,1.11459545,1003.81,0.54456,0.468708847,22.6427377,3.720172837,-3.808617787,-4.501990029
5.62001,5.9269,1.054606664,1281.61,0.61118,0.516854123,19.7741887,4.37900501,-3.268260733,-4.202428477
6.55123,9.12316,1.392587346,1230.03,0.64436,0.491363993,15.35297066,1.034614393,-3.829167276,-3.950088077
6.03917,8.96134,1.483869472,1250.63,0.64098,0.487882478,15.65459085,1.127780366,-3.84415659,-3.961659143
5.99885,8.43305,1.405777774,1089.36,0.62144,0.451910351,16.37562824,1.210983851,-3.899410832,-4.000664412
6.76595,7.36263,1.088188651,1209.18,0.62392,0.483895236,21.16884152,3.854804834,-3.61501331,-4.042965427
4.28978,5.42171,1.263866678,782.958,0.51606,0.426668651,22.73055333,2.062025094,-4.087289035,-4.305998505
8.55287,11.53016,1.348104204,3583.57,0.79512,1.310368809,14.41307531,1.343013593,-3.773062812,-3.750754536
4.03212,4.53669,1.125137645,335.283,0.42088,0.263384169,37.95234999,2.931089287,-4.526843782,-5.991162169
4.27611,4.89361,1.144406949,367.167,0.46638,0.286061275,43.53932966,2.059304825,-5.785816403,-5.573517918
4.26213,4.8913,1.147618679,347.543,0.46282,0.282422578,42.44114636,2.03451196,-5.712390103,-5.46035837
5.95571,9.03113,1.516381758,2638,0.7058,0.845406144,18.71055257,4.997148248,-3.905326246,-4.05513938
5.24047,12.90794,2.463126399,2804.39,0.73804,1.095118824,17.33367562,2.118768915,-4.120843642,-4.119688126
6.01308,11.51198,1.914489746,2252.76,0.70466,0.949318317,22.81705799,2.558203651,-4.276003692,-4.234767669
6.64329,11.91575,1.793651941,2524.68,0.7173,1.001814243,18.38982029,2.125221031,-4.15984459,-4.108083165
4.4573,6.57316,1.474695443,734.243,0.53562,0.324115312,45.2854318,4.83103814,-5.802740122,-5.701471637
22.93237,23.6238,1.03015083,3288.79,0.83732,1.621726314,12.3415432,1.023739819,-3.643614417,-3.625663499
4.79592,5.45459,1.137339655,436.833,0.4653,0.299151344,26.50785347,2.03058446,-3.802135194,-5.028614125
4.41081,5.74693,1.302919418,337.532,0.46204,0.213388754,50.64389346,3.443922041,-6.112972078,-6.313939333
6.68584,9.30311,1.391464648,2052.85,0.66808,0.749308823,16.23638151,1.100415009,-4.114284667,-4.178640146
15.74639,17.28638,1.097799559,5116.74,0.87916,2.99351693,12.42542785,1.434056335,-3.652914523,-3.68729034
6.58995,10.76463,1.633491908,2280.02,0.71128,0.853799653,27.56257372,3.685567564,-4.574287753,-4.029127267
5.39642,9.54146,1.768109228,2053.01,0.67362,0.72755433,20.84066313,2.910949472,-4.334908504,-4.217251131
5.36674,8.47974,1.580054186,1745.97,0.66228,0.672992014,19.13794213,2.322735979,-4.005334203,-4.133509681
5.03901,5.54956,1.101319505,804.899,0.55624,0.354864846,36.89200251,5.130805497,-5.606986269,-5.537370083
6.35025,8.87571,1.397694579,2498.11,0.6809,0.875237801,18.58121827,3.38558648,-3.951514745,-4.048816799
6.37885,7.78612,1.220615001,2398.21,0.6657,0.803434359,18.29467563,3.391528522,-3.901493242,-4.020110985
11.59751,13.10906,1.130334011,3627.27,0.76924,1.426420412,13.4260477,1.431107592,-3.742943481,-3.782777944
4.81158,7.13681,1.483257059,969.315,0.5288,0.459219119,21.70016023,3.064681149,-4.14134823,-4.519120463
6.7491,7.41637,1.098867997,1517.68,0.62558,0.655579996,19.92499453,4.071781032,-3.9182303,-4.154500872
5.60978,9.23636,1.64647455,2729.49,0.70288,0.908827606,26.24930374,4.879104042,-4.377696643,-4.071709361
6.40536,10.23981,1.598631459,2257.55,0.6997,0.892334493,22.57313482,2.27212102,-4.632399188,-4.153047164
3.6773,4.83126,1.313806325,396.318,0.54882,0.293980266,25.57509001,1.86261155,-4.870807632,-4.627164599
4.03787,6.51581,1.613675032,1356.34,0.54156,0.515099347,22.51319354,5.316964908,-3.808966175,-4.473690823
10.17688,10.99822,1.080706464,1840.14,0.66826,0.828993562,20.62023156,1.52916947,-4.274078849,-4.244922304
4.5426,12.01697,2.645394708,2641.55,0.7256,1.004557613,28.64031678,4.072154159,-4.633458532,-4.378515773
4.10343,13.46293,3.280896713,1289.6,0.61918,0.737582671,24.6989841,3.652196107,-4.685937324,-4.512137122
5.48137,6.14892,1.121785247,1267.42,0.5873,0.576773877,25.05346026,7.520507518,-3.864147552,-4.877573825
4.60807,5.39172,1.170060351,393.507,0.45404,0.260062203,25.89546268,2.246378644,-3.730704471,-4.706724805
5.10591,5.828,1.141422391,420.894,0.48524,0.406609797,22.82349838,2.00916962,-4.488190387,-4.886410291
6.95883,12.33456,1.772504861,3027.28,0.74632,1.05374923,21.85712719,3.31730719,-4.177718974,-3.995101845
14.69313,16.15291,1.099351193,4230.06,0.86026,2.084003566,18.72540523,2.683872618,-4.041627853,-3.974513367
7.03976,12.64493,1.796216064,3156.95,0.7635,1.114029328,24.4298608,2.761770307,-4.448450857,-4.130735333
4.51142,4.83064,1.070758209,376.463,0.47708,0.370176677,31.83579047,3.562101624,-4.813180085,-5.580805222
4.49281,4.81383,1.071451942,371.262,0.48146,0.373433234,31.49853896,3.548225336,-4.76144718,-5.620913715
4.24356,6.04512,1.424539773,1574.16,0.58586,0.599124006,22.28518127,5.313646574,-4.282428803,-4.539735989
4.42587,4.8407,1.093728465,346.361,0.47514,0.366778855,32.11690964,3.401542173,-4.831681771,-5.727545384
3.96607,5.99897,1.5125729,1388.98,0.59024,0.598945675,21.97182584,5.026475287,-4.378267331,-4.600943
3.81042,4.62475,1.213711349,218.713,0.47848,0.366328523,29.71733996,2.79085014,-4.782678362,-5.659198982
3.95118,4.8017,1.215257214,1104.5,0.5692,0.557902475,28.95686074,6.952927943,-4.453611547,-5.035318165
3.93215,4.79076,1.21835637,1048.08,0.5625,0.553075592,28.68969853,6.848397806,-4.462038756,-4.984099442
3.84654,4.72449,1.228244084,958.462,0.57384,0.554247356,34.09423725,7.203716503,-4.737974334,-5.321863192
4.36754,6.24558,1.429999496,1046.54,0.56026,0.462207336,25.54483167,4.132348239,-4.42568929,-4.897652302
5.92513,6.70189,1.131095858,1313.48,0.59328,0.559645316,20.2259069,4.223281661,-3.657037343,-4.206067113
6.13056,7.34002,1.197283772,1184.55,0.60842,0.497375864,18.34826515,2.939595393,-3.964804192,-4.26823238
5.09863,5.85157,1.147674964,859.956,0.52504,0.421492048,28.34700051,4.438378308,-4.400114236,-5.571202686
5.08135,5.82926,1.147187263,855.751,0.52928,0.425100597,28.92918146,4.45729726,-4.435033197,-5.58640456
5.09946,5.85717,1.148586321,864.675,0.53044,0.427305536,28.68045772,4.468101327,-4.365126135,-5.553643062
5.11703,5.87678,1.148474799,871.392,0.5313,0.428727053,28.73026915,4.481269946,-4.425283366,-5.510339198
5.13983,5.91316,1.150458284,884.186,0.5329,0.431651763,28.47669516,4.49082791,-4.394493904,-5.470313233
5.16221,5.94737,1.152097648,895.411,0.5343,0.433896378,28.3619175,4.507244512,-4.426409721,-5.467888836
5.17875,5.98426,1.155541395,907.989,0.5356,0.436163455,28.29628811,4.521818167,-4.394745476,-5.460517158
5.19329,6.01552,1.158325455,912.588,0.5362,0.436997253,28.29562594,4.522768384,-4.382288077,-5.430695669
5.21694,6.03525,1.156856318,923.213,0.53798,0.439979063,28.14916688,4.535112749,-4.287280526,-5.399408086
5.23566,6.04424,1.154437072,938.648,0.53918,0.441816826,27.91629478,4.555329373,-4.417670273,-5.3589341
4.98095,5.79441,1.163314227,842.909,0.5222,0.422362057,28.8489167,4.344754897,-4.407357937,-5.608805106
5.0814,5.83014,1.147349156,866.36,0.52876,0.428541326,28.55978833,4.424114065,-4.370513502,-5.501403836
5.11958,5.8948,1.151422578,882.91,0.52992,0.42888013,28.39176533,4.490499899,-4.345466951,-5.510444377
10.90932,11.71715,1.074049528,1230.01,0.66484,0.545192134,17.04537868,2.080400884,-3.449317578,-3.599761251
5.3287,7.61133,1.428365267,1618.94,0.616,0.576013166,19.85744437,3.243646659,-4.178692134,-4.371991118
5.25908,8.65094,1.64495311,1453.67,0.6194,0.542866658,19.57855678,3.067131159,-4.095123503,-4.320070372
5.24839,8.7496,1.667101721,1245.49,0.59698,0.509190471,20.40902983,3.403019319,-4.244290566,-4.49963666
4.51126,8.681,1.924296095,991.752,0.61456,0.433717254,21.74554362,2.03046869,-4.506212441,-4.607074219
3.65359,5.38201,1.473074428,295.937,0.55346,0.371821486,25.01280965,3.462546874,-4.244775155,-5.132100968
4.8515,6.55849,1.351847882,1033.78,0.58632,0.539914361,23.36595992,4.185422454,-4.336889103,-4.5082412
4.8064,6.5379,1.360248835,1013.72,0.58402,0.535081451,23.56411883,4.230714181,-4.353286055,-4.525591734
4.74684,6.35636,1.339071888,745.951,0.57544,0.550044448,24.80269612,4.625503576,-4.48817492,-4.66660263
3.82141,5.20561,1.362222321,454.066,0.5057,0.391945622,29.37143695,3.299154144,-4.495717201,-6.388276105
3.97386,4.65881,1.172363898,382.042,0.48092,0.356929745,31.83332188,3.283282603,-4.073697086,-5.950884878
3.68809,4.43579,1.202733664,126.633,0.48154,0.354775254,30.98971513,2.91999039,-4.679847203,-5.781327355
3.65899,4.72303,1.29080156,288.318,0.44666,0.255218243,22.8998785,0.923541811,-4.085580074,-4.52211874
3.68934,4.65627,1.262087528,242.501,0.45694,0.23624726,23.31806169,1.024004182,-4.104057231,-4.698058046
5.90394,6.37918,1.080495398,3166.68,0.67094,0.834233748,20.72629639,8.76448161,-3.871873091,-4.358821261
6.02432,6.70534,1.113045124,3161.12,0.6914,0.949323638,16.52670526,4.619431145,-3.801472615,-4.018443687
6.10812,7.03668,1.152020589,3189.69,0.69742,0.970778647,16.20738769,4.344062044,-3.78703552,-3.982846817
6.06191,6.7853,1.119333675,3501.07,0.69604,0.973932025,17.55968388,6.506252723,-3.781511935,-4.060486833
6.03585,6.62054,1.096869538,3476,0.69084,0.967344898,16.82448473,4.950390765,-3.820369944,-4.006910002
4.24598,6.23073,1.467442145,466.87,0.5088,0.469888531,34.13070441,2.776115298,-5.809848021,-5.172053317
4.17287,9.86717,2.364600383,929.548,0.53478,0.49142185,25.5030731,2.84371243,-5.042250787,-5.049891243
3.84524,4.35737,1.133185445,440.692,0.42706,0.334340651,26.8356944,2.765843035,-3.504563509,-4.344202877
5.40684,6.69877,1.238943634,2561.14,0.68372,0.778185493,17.72197159,5.938779657,-3.642372935,-4.045172924
3.82151,4.95265,1.295992945,423.497,0.47726,0.370126798,27.99992099,2.873681285,-5.240334181,-5.695966556
3.77508,4.9495,1.311098043,415.799,0.48008,0.373940678,28.11905196,2.931423357,-5.099101839,-5.611149316
4.4269,4.8597,1.097765931,406.023,0.44758,0.324171248,34.13958633,2.929829241,-3.865012536,-4.991667429
4.15493,4.56431,1.098528736,176.445,0.42712,0.297974759,34.88003203,2.617502733,-4.103056252,-4.916062999
4.44534,6.9711,1.568181511,1217.41,0.58306,0.532304743,27.62318677,4.787259927,-4.655017102,-4.750150059
4.51348,6.77119,1.500214912,1263.37,0.59344,0.56074837,26.05618844,4.68321242,-4.367325512,-4.64593581
4.1527,5.14315,1.238507477,1068.34,0.53052,0.495382518,26.3075988,5.647571403,-4.533926342,-5.278310771
6.67302,7.23927,1.084856632,1876.63,0.63436,0.771493793,22.89094335,4.991763359,-4.215428405,-4.509668315
3.75301,4.11323,1.095981625,216.293,0.44446,0.264882744,36.15879424,3.368329878,-4.37780835,-6.124094637
4.5384,7.41662,1.634192667,1658.32,0.6219,0.62798581,19.6496604,3.38787554,-4.232002303,-4.368604713
3.93383,4.68396,1.190686939,279.968,0.46984,0.277681574,27.15188074,1.785403124,-4.314364988,-5.744680766
5.082,5.63348,1.108516332,513.131,0.47234,0.306211224,21.96100347,2.039474293,-3.641656834,-4.317879866
3.64784,4.64744,1.274025177,165.982,0.50508,0.290653377,32.04465281,3.660330683,-4.157776339,-5.431749347
5.29972,6.29792,1.188349573,950.182,0.5666,0.454600159,26.45046407,2.425306607,-5.016081205,-4.686673322
11.33443,13.26482,1.170312049,3685.54,0.75142,1.25760038,23.97698035,5.910331578,-4.345429814,-4.485034175
4.33657,9.35233,2.156619171,1784.64,0.69862,0.671472372,43.96021507,9.868943443,-5.755768287,-5.280456455
7.44,13.1,1.760752688,3540.39,0.76,1.310344828,17.71225713,3.044949934,-3.923534547,-3.911236322
29.92948,33.62157,1.123359644,3130.55,0.91874,3.822922388,19.57804885,3.153637238,-3.774461303,-3.729880564
4.34787,5.68172,1.306782401,230.184,0.4438,0.2297042,35.68861725,2.131110698,-5.378505214,-5.905811517
7.41793,8.13737,1.096986626,1342.34,0.66434,0.54021923,21.64670654,2.47140885,-4.335200363,-4.31510439
7.9025,8.59245,1.087307814,1438.81,0.67802,0.569147731,21.24915813,2.343443292,-4.33626254,-4.311176482
7.23133,8.11684,1.122454652,1321.49,0.66194,0.530864297,21.74704071,2.54202157,-4.405440292,-4.337423718
5.54861,7.76038,1.398616951,2603.43,0.71286,0.842122424,16.36610919,2.789451187,-3.666144635,-3.839881856
6.51336,7.99676,1.227747276,2896.5,0.7291,0.924323618,19.33422587,3.417007524,-3.918385152,-3.927017045
5.2041,6.69521,1.286526008,1689.6,0.6524,0.577564914,17.89737624,3.531486782,-3.634840986,-4.003791087
9.18624,11.11935,1.21043539,3028.87,0.74914,1.120269652,19.80243573,2.292330202,-4.247815321,-4.042154643
12.47689,13.21557,1.059203856,3502.17,0.79536,1.462701444,18.72173161,1.851364587,-4.136242684,-4.018671479
4.83507,6.24379,1.291354624,1032.07,0.52362,0.489607002,23.82438123,4.63898759,-3.906916705,-4.695823427
6.47057,6.682,1.032675638,980.777,0.54324,0.401214189,19.90224008,3.314180978,-2.883757572,-3.793613963
9.40744,10.403,1.105826877,1421.6,0.62928,0.599794121,27.63621507,2.595139191,-5.038739533,-4.84531592
9.2057,10.20459,1.108507772,1380.9,0.62468,0.584457626,28.17557869,2.66284538,-5.047422294,-4.874387676
9.40181,10.39839,1.105998739,1439.32,0.63216,0.605430254,27.93267825,2.684222077,-5.08257538,-4.887690424
9.87565,10.8347,1.097112595,1542.16,0.64882,0.64726656,27.95927934,2.830423619,-5.020770493,-4.881391276
10.66498,11.70294,1.097324139,1421.22,0.64252,0.634568852,26.03306875,2.358014404,-4.925807865,-4.770328954
4.59542,6.74859,1.468546945,934.009,0.51936,0.493721065,25.98288543,3.645248533,-4.778833784,-4.906247602
8.60837,10.10622,1.173999259,1681.44,0.64676,0.74201039,17.90309712,2.519855911,-3.688524103,-3.788804797
10.7875,12.27565,1.137951333,4442,0.81018,1.66449235,10.92908115,0.980804551,-3.582282228,-3.632128243
4.51803,5.60643,1.240901455,1589.95,0.63906,0.616317871,19.4212265,4.355551015,-3.740110487,-4.147292642
4.82285,6.0154,1.247270805,1529.27,0.6447,0.628203379,18.34141755,3.627273875,-3.686022546,-4.15154448
4.79581,7.46662,1.556904882,2160.48,0.66268,0.656053856,17.97891043,3.871906953,-3.774760469,-4.018715749
6.11185,6.70042,1.096299811,1894.95,0.66816,0.698316082,16.75507152,2.910779522,-3.802591866,-4.049036951
4.08263,5.24587,1.284924179,1560.87,0.62306,0.577870525,20.48576518,4.180520569,-3.751204174,-4.36729495
6.36524,9.30232,1.461424864,1791.02,0.67918,0.762013966,19.07781146,2.27261689,-4.196467037,-4.219025236
4.41204,5.41797,1.227996573,1641.78,0.64194,0.62857031,19.51109157,4.36977394,-3.673746263,-4.168518803
4.92598,7.45171,1.512736552,1629.89,0.64164,0.600443567,17.85777632,3.316076593,-3.709659765,-4.021717863
4.4337,4.76594,1.074935156,650.849,0.51214,0.341941859,26.82519573,3.464321157,-3.033476642,-4.185611945
3.86741,4.00169,1.034720911,142.165,0.4021,0.202718372,34.10390646,2.291398119,-4.240810478,-5.294455919
11.12419,11.38543,1.023483957,4265.87,0.82832,1.894099461,10.40839122,1.133901822,-3.413620273,-3.448655518
4.66248,6.42799,1.378663286,863.482,0.50294,0.41710068,26.52801142,4.220690326,-4.60258327,-5.119390889
4.36115,6.66763,1.528869679,2036.25,0.66286,0.634224752,19.30664717,4.364626331,-3.832354675,-4.092770955
3.77259,5.9525,1.577828494,1167.5,0.61618,0.603004355,21.58916356,4.459535539,-4.44784668,-4.64274474
8.26373,8.56972,1.037028073,2143.21,0.68332,0.781511442,19.83317742,2.832084971,-4.205817336,-4.142732993
6.32962,7.02111,1.109246685,1699.21,0.63216,0.567096965,30.65916418,6.805138815,-4.395425049,-4.65242677
5.82029,10.38317,1.783960937,2902.67,0.72524,0.947723863,19.24019868,3.454335459,-4.063329623,-4.032084714
5.69918,10.59453,1.858956903,2827.91,0.71932,0.935669168,19.93630674,4.0873054,-4.041515978,-4.010065332
9.81587,15.6839,1.597810484,1691.43,0.72948,0.981440248,17.09810891,2.079333455,-4.497758506,-4.011396672
7.17794,10.08038,1.404355567,4146.15,0.77204,1.309956682,16.88781187,2.551465023,-3.81903446,-3.82835745
4.777,5.63813,1.180265857,1136.23,0.5562,0.53939776,24.62144959,4.006187972,-4.600928244,-4.756177204
4.18269,4.74189,1.133693867,600.424,0.53332,0.337226287,44.51337942,5.137666504,-5.489496966,-6.759697266
4.22431,4.76043,1.126913034,585.14,0.5311,0.327213357,36.67482644,4.015798038,-5.029463131,-5.789367577
4.137,4.67022,1.1288905,675.695,0.5216,0.384040525,35.60943643,4.508946026,-4.82990906,-5.748413515
6.25208,9.0657,1.45002943,1409.14,0.59382,0.619639123,20.15722147,5.97079594,-3.593875498,-4.181098379
6.97754,7.51924,1.077634811,938.794,0.5231,0.44571117,19.78287845,3.599936988,-3.492416818,-4.063310054
5.36501,7.33252,1.366729978,944.451,0.53242,0.441801993,21.35415925,3.373002378,-4.213117526,-4.563888982
4.70155,9.77543,2.079193032,2267.35,0.66778,0.787203493,24.30185716,4.38371955,-4.123468942,-4.241172143
6.98688,7.13587,1.021324253,2504.3,0.67844,0.821554856,19.60919461,4.325737519,-3.924898617,-4.0327526
4.20216,7.53059,1.79207598,1196.54,0.57828,0.510113529,24.3897293,3.852562346,-4.480213329,-4.58477554
4.38382,8.02672,1.830987586,1214.09,0.57306,0.510416574,23.91769489,3.756541618,-4.432181287,-4.548910978
4.31562,12.82817,2.972497579,1892.47,0.67744,0.779682943,23.10381139,4.137091521,-4.561046691,-4.398328201
4.3317,5.48563,1.266391948,986.77,0.56218,0.474049464,43.63279995,5.806437114,-5.330221498,-5.675916794
4.29561,5.4678,1.272880918,970.774,0.56172,0.465732526,31.46507502,5.523168511,-4.557627233,-5.464667043
4.73121,7.22233,1.526529154,832.179,0.5419,0.515403125,25.0658158,4.104237788,-4.022369334,-4.913497819
4.40103,6.65568,1.51230053,196.004,0.50164,0.436808833,27.8844299,1.393577141,-4.697733725,-5.062020572
3.94557,4.45838,1.129971081,582.265,0.49374,0.305486809,43.48653488,4.031045749,-5.390405736,-5.762704163
6.36797,7.13166,1.119926758,1455.94,0.61694,0.579667387,19.03438667,5.103719043,-3.705644053,-4.416207924
5.13941,6.90621,1.343774869,1055.16,0.54894,0.497246277,26.39812967,3.183946353,-4.671708319,-4.779809472
9.06013,12.96226,1.430692496,814.364,0.58428,0.601833683,32.67168413,3.276324156,-5.840395759,-5.106349124
3.91416,5.30344,1.354936947,548.633,0.53756,0.452609688,31.92014612,4.951925358,-4.330813187,-5.797985117
7.82076,9.85959,1.260694613,2749.65,0.71968,1.017723331,16.27176756,1.983093067,-4.006558476,-4.030039024
6.06561,7.01824,1.157054278,2322.68,0.65284,0.752941285,14.94405949,1.798190268,-3.673402452,-3.807899469
4.52481,5.17093,1.142794946,456.992,0.43432,0.318059654,23.91956069,2.062835838,-4.043596248,-5.018223906
5.17685,5.68191,1.097561258,1179.67,0.62746,0.482702383,21.32611775,4.475275615,-4.071548033,-4.436194462
6.82289,9.58074,1.404205549,2114.39,0.66388,0.737532995,21.71328532,4.863747707,-3.985475286,-4.147884329
7.91904,11.11626,1.403738332,2484.27,0.68722,0.952849731,18.11822791,2.836424065,-3.960538311,-3.994391348
7.92037,11.17851,1.411362095,2480.27,0.68832,0.960997185,17.3072681,2.542320551,-3.929865036,-3.950989382
7.94034,11.20436,1.41106804,2534.07,0.69136,0.972365993,17.74786731,2.663282512,-3.972821855,-3.990569633
7.9594,11.21713,1.409293414,2541.71,0.69322,0.978251053,17.62893988,2.633325499,-3.958903912,-3.969361627
8.02511,11.31495,1.40994329,2549.42,0.69652,0.993317228,16.74077571,2.347302277,-3.879031441,-3.896145596
8.06264,11.58602,1.437000784,2558.05,0.6987,1.006017097,16.99182309,2.327294612,-3.872887349,-3.914498092
8.11262,10.55388,1.300921281,2025.95,0.69876,0.700990552,30.49018793,3.913356551,-4.751843921,-4.524333025
3.81582,10.13591,2.656286198,1098.35,0.58606,0.451784985,26.48157566,3.873513885,-4.612200514,-4.787439736
6.27962,6.73786,1.072972568,1185.77,0.55114,0.525841753,23.63271401,2.220682933,-4.737025087,-4.683789928
5.83045,6.43441,1.103587202,1196.84,0.54634,0.55122718,24.06858249,2.554283258,-4.555014888,-4.764564112
4.45912,7.10694,1.593798776,1290.45,0.59914,0.518951599,20.81853201,3.691217521,-4.216886973,-4.431905292
3.80818,6.93892,1.822109249,962.226,0.53864,0.508237248,24.05121564,4.362317245,-4.540228795,-4.762963812
4.61181,5.46888,1.185842435,605.763,0.55032,0.327854398,42.7023694,4.65241117,-5.198670956,-5.931401823
4.48576,4.82967,1.076667053,278.725,0.40382,0.238003183,27.16757064,1.456861291,-3.460521119,-4.427673689
5.70228,8.71143,1.527709969,910.856,0.58006,0.400466703,19.12594729,2.839458367,-3.619698099,-4.309457272
14.4085,14.50811,1.00691328,1219.05,0.63274,0.660753297,30.13005329,3.60038127,-4.14061297,-4.190248663
3.76528,4.42025,1.173949879,244.749,0.43996,0.330223446,31.8689034,2.578399506,-4.195819806,-5.917566314
3.72288,4.46145,1.198386733,112.088,0.40596,0.271283847,29.53415315,1.188661229,-3.986063525,-5.048414568
3.69554,4.50395,1.218752875,117.039,0.40516,0.269425917,29.50272607,1.248951913,-4.016312395,-5.073642785
10.60987,16.88394,1.591342778,4490.26,0.82904,1.855455986,11.87209394,1.216891839,-3.759773415,-3.750079192
5.07662,5.98913,1.179747549,408.206,0.51786,0.394665244,28.17768758,3.465593536,-4.305320825,-4.841891064
5.85889,6.71051,1.145355178,1604.53,0.60748,0.573462221,23.17741931,3.53611415,-4.483950362,-4.430759044
3.73006,11.24192,3.013871091,1177.63,0.60576,0.553311594,16.7252641,1.12354058,-5.283736189,-5.314077282
8.03964,10.85901,1.350683613,1200.85,0.62,0.600112279,21.58328553,2.068212059,-5.075577256,-5.046004115
13.37948,15.24588,1.1394972,2211.57,0.72862,0.937599728,17.04206512,1.179309701,-4.165880992,-4.199102087
13.37931,15.27666,1.141812246,2196.07,0.7279,0.936673221,16.88901824,1.150320826,-4.170642427,-4.155747565
5.47286,17.01643,3.109239045,1031.55,0.63438,0.549318093,22.59579652,1.229056876,-4.774640961,-4.678417385
3.9878,5.04878,1.266056472,441.75,0.45794,0.294920013,23.43123523,1.673805823,-4.039352412,-4.547748871
4.75737,6.30558,1.325434011,739.602,0.58214,0.319404361,15.30268772,0.366319882,-4.058726091,-4.136497293
4.14915,5.68256,1.369572081,981.616,0.53978,0.531672002,27.77718542,5.471295826,-4.275520067,-5.312495605
4.24018,6.45593,1.522560363,1374.9,0.583,0.541967631,30.37552155,4.470058186,-5.037837699,-4.734456668
5.40179,17.36935,3.215480424,1357.7,0.65458,0.629180003,18.79840458,1.041265245,-4.562808549,-4.325173866
7.66066,12.7039,1.6583297,1164.32,0.57256,0.633528923,21.72742763,1.972552907,-5.051811848,-4.944026135
6.88703,7.22845,1.049574345,2147.05,0.65106,0.763575974,18.4954979,3.379652539,-4.06075327,-4.178405355
5.42433,7.17053,1.321919942,1477.28,0.59084,0.623695005,36.83613289,4.887305178,-4.373282347,-4.33153861
4.12193,5.72746,1.389509283,1461.04,0.60832,0.500617213,22.79638373,3.498350957,-4.46842661,-4.41143154
4.3241,5.85565,1.354189311,1742.63,0.63622,0.571554342,22.11169297,3.290229287,-4.286351523,-4.241146277
3.89282,5.96136,1.531373143,1525.91,0.59662,0.535368491,21.88987437,4.420816305,-4.378385559,-4.378604235
3.81827,4.75858,1.246265979,965.604,0.57852,0.587384812,26.26946334,6.68306211,-4.049385955,-4.853461744
5.3381,17.26438,3.234180701,1367.57,0.65374,0.621892866,18.86387703,1.060591756,-4.467432969,-4.305020495
5.82511,8.22407,1.41183085,1962.2,0.64012,0.759251945,27.50806578,3.678558712,-4.762800476,-4.596370657
4.17002,4.59875,1.102812457,1874.39,0.62386,0.624171462,27.6854889,7.888566365,-4.018412651,-5.226040063
4.54759,6.09249,1.3397184,703.102,0.55558,0.340748373,27.83678329,2.946854543,-4.139405928,-5.129507272
5.80307,7.09205,1.22212036,2695.46,0.70076,0.742127681,17.4226286,2.362496341,-3.890321614,-4.005446509
4.50914,6.68622,1.482814905,2088.33,0.63912,0.829344188,25.54678599,6.301568334,-4.909519845,-4.916892175
6.04263,8.1775,1.35330146,1422.91,0.6423,0.638894691,22.31976193,2.535925419,-5.073377596,-4.913491195
5.8492,6.22843,1.064834507,988.679,0.55302,0.416214467,23.07824975,4.745014135,-3.950296622,-4.874006861
5.75735,8.09273,1.405634537,1686.41,0.62226,0.630351188,19.97062524,3.420894997,-4.049915445,-4.180006864
5.21425,7.10002,1.361656998,1634.69,0.60756,0.644152363,22.6472854,5.041133894,-4.165785385,-4.573953744
5.17244,6.68492,1.292411318,931.638,0.55168,0.473960034,37.72289587,5.358850253,-4.95011085,-5.094001354
4.57892,5.0786,1.109126169,159.255,0.37312,0.177460702,22.38156151,0.48316962,-3.876848747,-4.693947006
11.20267,15.42527,1.376928,2232.21,0.69194,0.870985974,23.11313475,4.579429689,-4.240989175,-4.171386649
5.28318,6.67259,1.262987443,831.903,0.4984,0.436963002,24.30924015,3.335157218,-4.236016395,-4.936069989
4.18996,6.86464,1.638354543,1515.85,0.59788,0.6421974,22.77693142,6.249996186,-4.191761162,-4.846467571
3.92126,8.48171,2.163006279,1289,0.60702,0.681209123,19.64658285,3.056692605,-4.208398918,-4.384093946
4.68972,5.76197,1.228638384,855.323,0.50026,0.38774134,24.2221135,2.520021777,-3.968657396,-4.174411801
4.9879,7.68451,1.540630325,1720.51,0.60526,0.603070853,36.78136681,7.285868998,-4.828709652,-4.81408583
4.04124,5.81423,1.438724253,413.018,0.4479,0.329486019,25.1991943,2.310198562,-4.137906871,-4.952116674
4.33779,5.28957,1.219415878,1262.15,0.58536,0.611741346,23.39481351,4.838591436,-4.279441289,-4.588713673
6.32995,13.3149,2.103476331,5130.94,0.7777,1.560293079,15.53092241,2.898713825,-3.837151964,-3.899739674
5.12827,8.22186,1.603242419,1846.21,0.62186,0.656710302,41.07495716,7.671550965,-5.315143141,-4.869591234
5.1093,8.2386,1.612471376,1818.26,0.61632,0.633477745,36.22325317,7.25294488,-4.785798782,-4.750968706
6.09535,6.69718,1.098735922,678.082,0.53236,0.430628357,28.30270089,3.114639091,-4.325639698,-4.680861939
6.10275,6.68707,1.095746999,676.386,0.53246,0.430709247,28.74087059,3.136937231,-4.321435456,-4.651215818
4.31032,5.44718,1.263753039,1365.35,0.61104,0.641163799,24.04922683,6.297062535,-4.391389373,-4.766505093
3.75995,4.47722,1.190765835,301.789,0.4829,0.333713417,28.40740771,2.834769792,-3.760882674,-5.200901695
15.32514,16.10036,1.050584856,2333.48,0.72952,1.081837784,20.6292728,2.667605147,-4.263847519,-4.347741566
7.48414,8.69308,1.16153359,2723.13,0.70186,0.927322766,20.70621542,3.4990146,-4.462099617,-4.337687252
7.52,15.98,2.125,2330.88,0.76,1.04109589,17.03704039,2.148301267,-3.993737941,-3.998702884
7.33598,9.61074,1.310082634,3504.38,0.78594,1.185449532,8.187447795,0.352577193,-3.466620026,-3.411577717
4.30482,5.83475,1.355399297,575.504,0.51776,0.426034724,29.3486828,3.914838649,-4.716665739,-4.646991627
4.38283,7.29165,1.663685336,146.254,0.44416,0.174873026,26.8101161,0.635428343,-3.452364833,-4.248801315
4.46118,7.4007,1.658910871,173.394,0.46312,0.188708922,24.27942209,0.675643993,-3.69271902,-4.355214995
10.84779,23.87093,2.200533934,1763.03,0.8023,0.880443788,9.080453641,0.310276426,-3.407652038,-3.413816945
3.87626,5.55255,1.432450352,231.726,0.49168,0.31980851,22.53259053,0.804225367,-4.727308662,-4.994556635
3.83148,12.5822,3.283900738,1256.81,0.6526,0.574861482,14.00737183,0.776971923,-5.1571387,-5.116380538
7.65386,20.68684,2.702798327,1558.36,0.71004,0.750993953,16.9255726,0.762288733,-4.040777831,-4.044959116
3.851,4.74764,1.23283303,375.928,0.5425,0.452626485,26.06891908,1.40101844,-4.617011467,-4.8305238
3.86824,6.00262,1.551770314,582.161,0.49896,0.380885496,32.04326143,3.771850636,-4.71251951,-5.231883937
7.72525,9.17432,1.187575807,3241.32,0.77592,1.093313193,9.012840781,0.398168967,-3.502058144,-3.534729701
8.41122,9.46604,1.125406303,3313.41,0.7777,1.116438651,8.850930378,0.377651895,-3.522342997,-3.551149558
11.37916,13.35791,1.173892449,589.063,0.55408,0.383024907,40.83196173,0.91585922,-4.276315751,-4.157243773
4.16158,5.62453,1.351537157,1246.15,0.62338,0.579263307,20.08782263,2.953664987,-3.929190198,-4.526148478
4.93156,8.83128,1.790768033,615.883,0.45152,0.314608621,29.33237101,2.266123493,-5.241614102,-4.814090175
3.94509,5.74545,1.456354608,1041.39,0.62448,0.453129195,25.17752193,3.322420226,-4.606164079,-4.99650741
7.49363,8.21847,1.096727487,1367.17,0.66292,0.540369582,21.48545192,2.42945201,-4.319801562,-4.317607071
7.97124,8.46005,1.061321702,1394.52,0.6707,0.553876392,21.55305556,2.479239171,-4.304068336,-4.329361896
4.11372,6.18049,1.502409012,1398.79,0.60906,0.622620678,21.58520111,4.404065383,-4.373693392,-4.622076535
6.0692,6.38985,1.052832334,783.672,0.56972,0.524005739,27.34871229,3.925442008,-4.71476805,-4.733956257
3.72061,6.24254,1.677827023,531.248,0.52218,0.348424291,30.71188383,4.330466076,-4.076304912,-4.719336198
3.70141,6.13867,1.658467989,455.41,0.50974,0.31811232,31.44035909,3.854721875,-4.082779563,-4.682322978
5.6316,6.80957,1.209171461,1442.51,0.58994,0.552787174,21.32531802,3.541919483,-4.080846378,-4.298623349
3.82113,4.68693,1.226582189,220.585,0.417,0.271556861,29.05744111,1.565940944,-4.241310372,-5.336761073
3.89974,4.76088,1.22081985,244.211,0.42052,0.277155681,28.72943472,1.63252049,-4.251924157,-5.411119638
12.0883,25.71531,2.127289197,5717.21,0.87874,3.035874687,14.74868652,1.654735468,-3.661066305,-3.640990948
9.03515,24.30948,2.690545259,4854.1,0.8463,2.213474918,14.86191969,1.630687785,-3.818964135,-3.675209707
5.5004,7.22153,1.31290997,1748.71,0.63576,0.684004919,24.49681688,4.377363487,-4.554249224,-4.516035418
6.32845,8.1286,1.284453539,1685.09,0.61166,0.699452477,18.70853322,3.265325913,-4.098200461,-4.21288069
9.5867,10.01279,1.044445951,2408.61,0.71116,1.012846441,15.8914744,2.935231989,-3.385730096,-3.544884891
9.59417,10.03253,1.045690247,2424.41,0.71136,1.016613432,15.86286273,2.820569738,-3.422848148,-3.542068587
9.58016,9.91946,1.035416945,2147.43,0.70022,0.895872222,22.92919007,6.871750222,-3.800319702,-4.107151313
3.71117,10.1267,2.728708197,1088.66,0.63386,0.693881438,22.63658178,6.033527953,-4.786828493,-4.771515349
7.14037,7.26111,1.016909488,1586.88,0.59978,0.63226915,21.76471497,7.53384401,-3.477332338,-4.281074802
4.15962,9.30827,2.237769315,1446.76,0.6279,0.736219194,20.35106314,3.250732731,-4.355381143,-4.669667027
4.98225,5.35067,1.07394651,1173.2,0.62644,0.476311407,25.33715199,3.393993533,-4.319079046,-4.830436971
3.86268,5.71943,1.480689573,217.157,0.42874,0.349156711,22.06015802,0.536762262,-5.198458742,-5.160818049
5.98763,7.19827,1.202190182,993.602,0.5473,0.494832871,22.4800236,4.368491196,-3.688398929,-4.321230679
6.37447,7.11031,1.115435479,701.744,0.53378,0.42265878,19.17027808,1.760028579,-3.474697602,-3.932066968
3.9387,8.06664,2.04804631,1293.09,0.62486,0.538913996,27.00568796,6.251870947,-4.777175625,-4.727623917
4.26709,9.07505,2.12675383,1473.65,0.66108,0.523702389,23.80037849,4.778428153,-4.470639515,-4.4370258
3.7795,9.12551,2.41447546,1306.39,0.61896,0.52847007,26.50264336,5.549994752,-5.079816102,-4.965163392
4.02298,7.77196,1.931891285,1531.06,0.63002,0.650895521,21.19453301,6.079253654,-4.535610548,-4.689123893
4.11171,5.83271,1.418560648,2245.98,0.66604,0.859343248,20.59174342,5.258489756,-4.123482816,-4.337536502
4.09487,7.2529,1.77121618,1391.64,0.60988,0.594430745,30.09427329,6.433332789,-4.685680616,-4.86475646
5.66826,5.97637,1.054357069,1982.46,0.64602,0.705179635,20.68764705,6.308320303,-3.853180894,-4.327875264
4.74827,7.60143,1.600884111,1533.58,0.60814,0.589762985,25.0010469,4.609975757,-4.26976595,-4.367690566
5.08597,7.3712,1.449320385,415.664,0.44958,0.250063965,20.63428095,1.317611479,-3.963810641,-4.327174233
5.0191,7.12952,1.420477775,364.382,0.42748,0.217066545,21.7265035,1.199364771,-4.112585109,-4.308559523
5.53694,6.12679,1.106529961,1044.23,0.54708,0.438003891,24.84399827,4.662968218,-3.858924485,-4.779822506
6.8337,8.47502,1.240180283,2112.09,0.66138,0.799629553,17.84683711,2.980295197,-4.04345132,-4.03664184
4.47989,7.1275,1.590998886,1244.3,0.6045,0.536794153,37.90817692,5.680784177,-5.468077835,-5.361863217
6.16089,10.92187,1.772774713,3041.04,0.73592,1.006759428,22.56648728,4.243034346,-4.310120064,-4.042261664
7.36684,8.35999,1.13481357,1653.52,0.64956,0.642282934,18.06018666,3.295769817,-3.708026872,-4.064350761
5.9051,9.9371,1.682799614,2671.63,0.683,0.922812104,15.61774633,2.347465279,-3.932249446,-3.969939228
5.33314,7.03241,1.318624675,1933.12,0.6341,0.632708042,20.35853925,5.506159198,-3.892697226,-4.281481423
4.07746,4.85832,1.191506477,572.069,0.53974,0.409604541,28.84727291,3.455418091,-4.587095768,-5.462305762
4.0805,4.8576,1.190442348,564.715,0.5455,0.414107752,28.79331621,3.454189283,-4.624850321,-5.485137023
6.74867,8.34589,1.236671818,395.899,0.50082,0.225733899,18.70381176,1.165998028,-3.150011026,-3.757831929
9.6087,12.95456,1.348211517,4743.72,0.82074,1.968933297,11.77161103,1.333340909,-3.544609272,-3.578083285
4.41484,6.23164,1.411521142,636.194,0.49936,0.370819224,25.06538629,2.988328414,-4.023995847,-4.738100679
3.75459,5.43472,1.447486943,609.491,0.51596,0.328066483,23.07675432,2.974972674,-3.868857497,-4.669823212
3.72498,5.41474,1.453629281,608.627,0.51854,0.332678933,23.02515741,2.915403944,-3.989905125,-4.582677058
3.71334,5.41179,1.457391459,586.507,0.5173,0.317956913,23.57701817,3.00207676,-3.85104149,-4.721309698
3.7248,5.4288,1.457474227,598.356,0.51434,0.324044731,23.15103738,2.902642907,-3.989512618,-4.638999637
3.69998,5.36818,1.450867302,580.048,0.51038,0.31548561,23.64636376,2.965619749,-3.875794006,-4.715515004
4.09444,6.09263,1.488025224,3003.53,0.68726,0.839168866,17.73577987,3.690864379,-3.812991561,-3.990599059
5.69956,6.04734,1.061018745,663.687,0.4951,0.328437616,22.27449442,2.469349842,-3.558212574,-4.709016848
3.74089,4.83947,1.293668084,581.329,0.50568,0.393807239,29.12693844,3.830482259,-3.80435136,-4.816032446
5.7692,8.05193,1.39567531,972.046,0.61154,0.562542544,21.72873816,1.469797829,-4.371486495,-4.456079002
5.16312,7.09546,1.3742582,1841.41,0.6401,0.778239921,19.46491885,4.061814569,-4.049768996,-4.31059481
4.67009,7.68408,1.645381567,1554.64,0.63372,0.528756539,24.66869208,5.485300664,-4.184173595,-4.465076938
3.88044,5.17721,1.334181175,472.687,0.47356,0.301997972,25.73957136,2.746007328,-4.196092817,-5.157559399
3.68294,7.73971,2.101503147,663.095,0.54502,0.373084163,23.0588662,3.412176215,-3.869957452,-4.664070102
5.10002,8.60372,1.686997306,2729.13,0.68892,0.87752908,16.9020869,3.638882174,-3.792817308,-3.928809884
6.62352,8.17736,1.234594294,2002.53,0.63456,0.676500313,19.06204045,2.838092899,-3.9487174,-4.004138687
6.25435,6.94357,1.110198502,1474.68,0.58524,0.568989655,21.91172036,3.666732163,-4.272199316,-4.47112208
4.73915,6.22529,1.31358788,1019.32,0.55374,0.507869249,23.68938409,3.715265359,-4.554513232,-4.903613247
4.04271,4.87289,1.20535235,1110.41,0.56076,0.501385884,25.22959328,5.537068444,-4.042753682,-4.718010836
8.40599,9.05788,1.077550651,2824.78,0.69858,0.988536553,17.55155547,2.778910766,-3.845292806,-3.873280132
3.80214,5.49154,1.44432872,196.459,0.44942,0.263317631,29.38010275,1.76578911,-4.629528761,-4.94069946
3.80435,4.81263,1.265033449,324.172,0.45666,0.275200829,21.29133803,0.797375708,-3.88350368,-4.37336575
4.34338,4.78823,1.102420235,707.917,0.55432,0.441176002,26.9398724,4.287442122,-3.943193462,-5.003318225
4.18424,5.70734,1.364008757,953.275,0.56412,0.406628655,23.49481786,3.713505641,-4.215218825,-4.678728022
12.05657,12.5848,1.043812627,2205.94,0.70538,0.962595014,19.33767281,2.414592284,-4.098136353,-4.243882604
4.72992,5.85401,1.237655182,546.661,0.50266,0.45526261,29.66044008,3.570761698,-4.104050972,-4.621647619
4.14066,7.95891,1.922135602,1228.79,0.62324,0.534593677,22.87033512,3.286903826,-4.516015982,-4.548866791
4.15104,7.88297,1.899034941,1220.16,0.62596,0.540585355,22.43507369,3.256463105,-4.49836379,-4.538623565
6.57223,9.00136,1.369605142,2284.33,0.6981,0.817150683,20.16846333,2.025907595,-4.21821003,-4.253755026
5.9811,7.50154,1.25420742,2398.98,0.71096,0.867504692,15.61065998,1.531744096,-4.090296553,-4.109843446
4.81311,6.82644,1.418301265,1028.38,0.59484,0.520944082,23.1193586,2.030771931,-4.990777542,-4.9160222
6.86002,11.33189,1.651874193,3525.36,0.77556,1.193911293,15.4597308,2.072888773,-3.894429162,-3.874775571
6.54623,8.04408,1.228811087,3030.06,0.71652,1.028206365,16.80815835,2.618278862,-3.84285865,-3.931718468
4.89351,5.85362,1.196200682,401.812,0.49786,0.33738124,24.31527952,1.905761711,-3.121523253,-4.295058953
7.97253,8.1361,1.020516699,2772.73,0.71952,0.88502607,16.10107323,3.842115991,-3.699538001,-3.821243066
5.58535,6.27871,1.124139042,379.155,0.43226,0.305806114,31.16595287,2.850980706,-4.966416827,-6.295556304
9.81645,10.15365,1.034350503,1309.6,0.64228,0.574351454,15.71137082,0.745231391,-3.981939721,-4.057812696
3.90242,5.11247,1.310076824,582.892,0.55168,0.367343406,27.0567448,3.946045217,-4.542037835,-5.674087666
3.87591,5.09985,1.315781326,581.604,0.5486,0.363966881,27.12234676,3.943753961,-4.513179019,-5.705858195
5.26051,6.30539,1.198627129,779.966,0.55648,0.372112928,21.41510209,3.007936731,-3.747526805,-4.63688141
4.17051,4.98965,1.196412429,395.504,0.44168,0.312616343,24.16573363,1.356913645,-3.518820208,-4.30490238
4.45881,4.92633,1.104853089,720.743,0.47192,0.354821732,26.71275562,3.94366752,-3.496250019,-4.768201381
4.00605,4.53296,1.131528563,359.645,0.42808,0.292462305,29.42058667,2.244497604,-3.632753544,-4.637525951
3.82439,5.08767,1.33032196,594.918,0.53076,0.357161603,20.50585938,1.313737428,-4.367192036,-4.613248175
8.56589,9.75671,1.139018829,1189.34,0.58796,0.553145051,18.24578532,2.489577419,-3.606997541,-3.797343464
4.48765,6.47441,1.442717235,3016.26,0.7012,0.896408103,16.24919958,3.277516124,-3.721803477,-3.884783417
3.70252,4.7504,1.283018053,420.902,0.54886,0.435112809,27.03093802,4.666417746,-4.742569266,-5.230244154
5.60478,9.50106,1.695170908,2610.62,0.70592,0.82914505,23.13406717,4.638921859,-4.443455913,-4.132023311
3.95109,5.41082,1.369449949,697.679,0.52524,0.438372171,22.98976905,2.871281612,-4.545139598,-5.210288036
11.41854,13.18944,1.15508988,3890.23,0.7779,1.444487772,15.63924844,2.156788114,-3.768338598,-3.867443396
3.71993,9.34177,2.51127575,847.02,0.56864,0.464833404,22.40112392,3.513749257,-4.461203417,-4.749918621
4.05301,5.61648,1.385755278,524.132,0.50086,0.381282258,25.84099276,3.183244455,-4.24932049,-4.735586564
4.05978,5.60027,1.379451596,520.813,0.50048,0.380992981,25.82638937,3.182671592,-4.269892974,-4.7362218
4.10495,8.32537,2.028129453,1624.93,0.64494,0.779327179,21.40128949,4.633173547,-4.396262825,-4.586638889
5.00317,5.74994,1.14925937,858.904,0.5022,0.44276734,23.66529071,3.647525178,-4.482948111,-5.058031111
4.83187,5.56977,1.152715201,798.33,0.48718,0.419830751,24.29077374,3.442739536,-4.56618571,-5.134764057
4.88733,5.63983,1.15396955,852.337,0.49684,0.433478454,24.02858753,3.519100634,-4.546644362,-5.076082325
4.87769,5.60791,1.149706111,842.651,0.49028,0.424863731,24.28267291,3.561404903,-4.50988503,-5.128538527
4.91694,5.70711,1.160703608,851.936,0.49416,0.433207679,23.73054661,3.463086846,-4.693084555,-5.205813461
4.76089,5.28158,1.109368206,741.689,0.47818,0.403387857,25.20311877,3.387518037,-4.60974493,-5.27369831
4.39042,4.86191,1.107390637,568.745,0.45798,0.369911476,27.69653653,3.087797226,-4.551101253,-5.831994037
4.83558,5.27742,1.0913727,731.715,0.47948,0.405963982,25.04797752,3.376186286,-4.583920995,-5.214330497
4.23353,5.93161,1.401102626,926.929,0.53918,0.47768308,26.08821512,4.47066232,-4.219056461,-4.7168314
4.89469,8.83543,1.805105124,4698.14,0.70502,1.129231696,19.15392564,7.945290275,-4.031869851,-4.069328244
4.45937,5.50159,1.233714628,1499.44,0.65494,0.538292102,20.52515565,2.72653815,-4.011654305,-4.238050143
5.98736,7.21513,1.205060327,1052.17,0.57754,0.451245429,20.4177553,3.889181262,-3.536646428,-4.079172559
5.48339,7.93406,1.44692608,1946.8,0.65098,0.669931008,17.24396688,3.026534772,-3.748188917,-3.913212278
5.31039,6.8261,1.285423481,2015.61,0.65738,0.647677787,18.97990265,4.256830642,-3.724258049,-4.01577918
4.61596,6.71751,1.455279075,1285.5,0.58898,0.509679038,23.97851235,4.266012404,-4.279128171,-4.623485891
4.20706,6.32021,1.502286632,623.824,0.53758,0.313275058,30.51907928,3.998711999,-4.438209053,-5.160688383
6.5073,6.8634,1.054723157,726.537,0.5622,0.521385911,27.6300956,6.380194712,-3.948610635,-4.696288108
4.00768,4.88126,1.217976485,1254.08,0.5981,0.571327589,25.72702062,6.075947179,-4.112511712,-4.751744021
3.76568,4.57447,1.21477927,1080.47,0.5836,0.540610642,26.01735965,5.796642063,-4.441466007,-5.016548016
3.81519,4.56903,1.197589111,1140.42,0.59528,0.550166359,24.93194519,5.585472267,-4.326285515,-4.945047741
7.59324,7.91812,1.042785425,705.657,0.52464,0.356602004,18.32646539,0.922602451,-3.553269694,-3.806966999
4.35167,5.47734,1.258675405,441.332,0.53456,0.265714939,23.86813772,1.567907529,-4.507956041,-5.167485412
7.1324,10.65652,1.494100163,3338.5,0.76318,1.175070364,18.85345471,2.266959803,-4.206913595,-4.146316854
7.87011,11.02675,1.401092234,2516.25,0.72618,0.903367382,16.50346496,1.752634193,-4.069032662,-4.102853993
7.46213,9.90019,1.326724407,2019.37,0.69592,0.769652732,18.20667157,2.05182365,-4.464994427,-4.429247507
7.84586,11.37997,1.450442654,2422.18,0.732,0.925026127,14.58652668,1.15253009,-4.084169692,-4.116708919
8.17134,11.46361,1.402904542,2558.69,0.73756,0.944870189,14.7346021,1.279763975,-4.001097842,-4.020831196
7.21362,10.82518,1.500658477,2178.83,0.7124,0.841499485,16.00721892,1.452933263,-4.099572313,-4.170816554
6.86873,8.97021,1.305948844,1512.08,0.65952,0.645803141,20.78645891,2.755347542,-4.704623249,-4.639258554
4.7914,12.53944,2.617072254,2385.06,0.70004,0.850944859,21.19491634,4.864406758,-4.344711304,-4.194637391
5.16023,7.49376,1.452214339,2738.29,0.68608,0.951277003,19.08683805,6.012977204,-3.941503527,-4.130423479
9.18322,14.98566,1.631852444,2002.73,0.66712,0.916708578,24.24882961,4.244398264,-5.057820608,-4.648364805
8.71112,10.2269,1.17400518,2395.88,0.68814,0.967763711,17.95852903,2.994157725,-3.908195706,-3.945595182
7.14116,9.73841,1.363701415,2318.91,0.67196,0.893515114,20.19999265,3.201363155,-4.233577366,-4.204596969
5.27423,7.40163,1.403357457,1606.41,0.63294,0.616191904,24.64328829,4.227515836,-4.834274478,-4.916065207
5.17265,7.76009,1.500215557,1846.49,0.62694,0.614948504,17.00165061,2.460717107,-3.869715801,-4.036895757
4.71958,6.43339,1.363127651,1502.63,0.60764,0.648363034,22.95797642,4.106740706,-4.537502941,-4.690251083
3.84254,4.97475,1.294651455,342.096,0.45972,0.346893039,35.22982206,3.417411483,-4.622059478,-6.06467191
3.84058,4.95927,1.291281525,338.031,0.45524,0.343349323,35.14509485,3.390473358,-4.578006097,-6.086920208
4.95516,5.68783,1.147860009,575.167,0.4337,0.271201491,42.76702026,3.814021309,-5.221106452,-6.906982066
3.91519,5.14597,1.314360223,239.169,0.45896,0.324039622,26.47797823,1.46662948,-4.152972119,-4.98447251
3.66587,5.48842,1.497167112,539.715,0.5298,0.356693216,26.65041787,3.027983751,-4.951162402,-5.365940591
4.05672,6.08119,1.499041097,1673.04,0.63092,0.663606607,22.59891407,5.68919402,-4.592878925,-4.661779582
4.63989,6.29862,1.357493389,1005.24,0.53028,0.523862682,26.42066008,4.898009606,-3.850122313,-4.624796909
4.07784,6.32885,1.552010378,1955.06,0.61616,0.735354317,22.00840713,7.041351187,-4.253439037,-4.511566343
6.64666,9.77773,1.471074194,1139.51,0.59318,0.650270498,23.22629524,3.613074441,-4.186288879,-4.323811034
7.93542,10.78123,1.35862122,1639.7,0.63194,0.767663712,16.56052415,1.143806957,-3.880697023,-4.03418823
3.75589,5.36799,1.429219173,776.088,0.56254,0.550894099,27.03882882,4.832490439,-5.045825062,-5.071209438
5.45731,6.25647,1.146438447,1623.82,0.57962,0.608631006,21.91144602,5.205733217,-4.272785104,-4.57940632
5.0269,7.1268,1.417732599,359.994,0.4262,0.215248177,21.69900466,1.173640348,-4.120835847,-4.409092935
5.08713,7.16916,1.409273991,358.321,0.43366,0.221855016,21.39211997,1.177006881,-4.081523976,-4.349393651
5.13218,7.42906,1.447544708,431.425,0.45532,0.2569149,20.31526838,1.288426121,-3.976544942,-4.24707873
5.07987,7.25865,1.428904677,400.088,0.44058,0.235753042,20.95419405,1.229789019,-4.082772714,-4.297554313
5.00108,7.35274,1.47023043,417.226,0.4469,0.248279157,20.88137955,1.331167485,-4.040466525,-4.326742291
5.08834,7.23101,1.421094109,385.825,0.43948,0.230907859,21.1104695,1.189710673,-4.052083674,-4.278687808
9.8426,9.97802,1.01375856,933.314,0.57052,0.532052597,19.84476553,1.610101094,-3.811898881,-3.923359629
9.94208,10.07018,1.012884628,793.564,0.55722,0.454528399,18.558015,1.234783156,-3.658800148,-3.789414794
9.84285,9.99905,1.015869387,948.259,0.56764,0.531254387,19.92572995,1.579587208,-3.804271136,-3.905778058
9.93982,10.09823,1.015936908,800.902,0.5615,0.458880544,18.34310374,1.211292389,-3.680746991,-3.768975982
10.00017,10.18241,1.01822369,912.97,0.57188,0.535242641,19.31845362,1.609238761,-3.691696939,-3.841228355
10.05798,10.18191,1.01232156,817.203,0.5648,0.466487714,19.18214408,1.432430606,-3.762655801,-3.873790325
3.77232,6.08051,1.611875451,588.595,0.53364,0.340212298,29.14676485,2.500132791,-4.903604058,-4.993054438
3.70601,5.04778,1.36205245,527.333,0.54052,0.388952852,26.1872055,3.253976927,-5.087785653,-5.14037488
3.77984,5.11525,1.353298023,573.975,0.52142,0.388409252,26.34527801,3.442757766,-4.971339039,-5.125390174
7.19713,8.07557,1.122054208,1219.62,0.58964,0.600752112,18.09503745,2.431140227,-3.732919964,-4.00097539
4.2524,6.31717,1.48555404,2200.22,0.62774,0.702321642,21.68627316,6.318509743,-4.007317995,-4.325024647
6.50142,9.5634,1.470970957,3107.28,0.715,1.050657873,14.4834951,1.780401913,-3.881164655,-3.898907208
4.49344,6.1387,1.366147094,1807.69,0.65712,0.699019955,25.20092973,6.361985261,-4.312876328,-4.629473775
6.50064,8.56175,1.317062628,1077.1,0.59424,0.431672236,18.27495621,1.667292694,-3.547770963,-3.815409576
5.45798,7.04332,1.290462772,1474.03,0.62808,0.532767834,19.02727983,2.19548466,-4.07427096,-4.253348954
10.79912,11.26336,1.042988688,2032.65,0.70576,0.802924275,15.28917784,1.141328145,-3.930904308,-3.987044025
4.25333,5.08668,1.195928837,441.261,0.49492,0.332341743,27.2028451,2.279627962,-3.986549839,-5.178179487
5.34059,7.09944,1.329336272,2318.54,0.66844,0.748207945,18.55650399,3.105820361,-4.122812337,-4.166172192
5.87305,6.9462,1.182724479,1555.01,0.64562,0.510993621,17.74367782,2.887007965,-3.700355704,-4.047132759
5.43482,9.5696,1.760794286,2494.11,0.7068,1.056818182,16.8874022,3.381954214,-3.985216693,-4.097461588
5.35547,5.93071,1.107411674,2738.01,0.68626,0.791935017,18.1824189,7.204785669,-3.689712461,-4.187006373
8.78691,13.52781,1.539541204,5101.42,0.84438,2.069411733,9.728321,0.799515209,-3.568322921,-3.549335488
6.24859,7.286,1.166023055,2267.43,0.64522,0.743750591,17.57478747,4.7006044,-3.791897042,-4.097719379
7.89388,14.86745,1.883414747,3538.74,0.80412,1.320055946,10.7031564,0.757945698,-3.827986212,-3.853218916
4.05182,5.53082,1.365021151,354.372,0.43972,0.298739062,25.41519164,1.673945451,-3.876908235,-5.383914728
6.40962,6.76851,1.055992399,971.418,0.56466,0.528430785,26.43358362,3.185726403,-4.518868398,-4.495289292
4.99407,8.03478,1.608864113,2290.09,0.6774,0.829008189,19.60834975,4.959021644,-4.452344385,-4.630066477
6.22623,8.03748,1.290906375,1661.27,0.63388,0.582738839,16.43198625,1.829027304,-3.907019586,-4.01438499
5.576,8.07184,1.447604017,2039.72,0.6414,0.696976184,42.12304474,5.083205431,-5.618925955,-4.404198696
5.62116,8.36266,1.487710722,2682,0.6693,0.835094689,34.86824288,7.424743089,-4.837827963,-4.451436338
4.36716,5.68988,1.302878759,327.734,0.50092,0.364326652,26.34905973,2.944973418,-4.095153645,-4.79327467
4.37091,5.34889,1.223747458,648.205,0.52424,0.394925571,26.28157073,3.863543719,-4.002998918,-5.017913943
4.11763,5.71457,1.387829892,302.482,0.49356,0.351320763,27.16644586,2.761438289,-4.329487707,-5.054416556
6.20483,7.57252,1.220423444,1538.09,0.64122,0.567943881,22.67704739,2.788948329,-4.23549852,-4.137968213
4.49755,14.06271,3.126749008,1945.41,0.70444,0.756436702,19.14086774,2.947886612,-4.112757793,-4.166788435
7.12488,8.36657,1.174275216,1702.48,0.64952,0.595796986,17.38771675,2.576762297,-3.905871473,-4.031585041
4.80817,5.97545,1.242770118,1915.9,0.6495,0.683371298,19.0285627,3.790857404,-4.152111235,-4.415486134
3.76182,5.81331,1.545345072,904.746,0.55994,0.470949401,22.27063268,3.509457221,-4.278234583,-4.510893539
5.02145,6.22091,1.238867259,1566.73,0.62322,0.613103788,18.20483434,3.400053138,-3.837860937,-4.239265977
3.85425,5.76939,1.496890446,1393.82,0.60596,0.583872118,19.20355355,3.138448692,-3.946095021,-4.145741716
3.95603,7.62911,1.928476275,1627.05,0.60912,0.66074679,23.85216923,4.742368551,-4.426668853,-4.677447934
6.5153,7.15079,1.097538103,1368.21,0.57664,0.653061224,22.98258841,3.601369246,-4.359926361,-4.471052822
4.72819,6.90703,1.460819045,1341.61,0.59866,0.529684486,23.57367649,4.442121757,-4.242355225,-4.570566974
5.14931,7.40462,1.437982953,731.305,0.61198,0.592309405,19.66125602,4.327281557,-4.096775879,-4.633109638
8.64872,9.70753,1.122423896,2700.99,0.71546,0.872992341,16.03478497,2.529877916,-3.959228993,-3.98013086
11.62964,13.1918,1.13432574,3172.23,0.75586,1.093976371,14.773359,1.784054784,-3.859484688,-3.845961735
8.71131,9.64298,1.106949471,2574.87,0.71204,0.879562319,18.26247378,3.039290325,-4.126489979,-4.121629542
11.14997,12.65736,1.135192292,3381.81,0.75748,1.116724777,14.99681177,1.843634743,-3.866315327,-3.897945254
12.09962,12.46942,1.030562943,3428.8,0.76174,1.152675741,14.86003676,1.717385267,-3.891794898,-3.860418741
6.68644,6.89356,1.030976125,1405.32,0.61704,0.598928405,18.69779056,3.958462687,-3.215324176,-3.827304002
5.60823,12.59507,2.245819091,2822.83,0.72258,0.956815013,17.61547433,2.181311849,-4.287198483,-4.390441985
5.18128,5.93683,1.14582304,369.13,0.43244,0.322523866,24.08200504,1.504232479,-3.64673476,-4.316900542
5.61829,17.88281,3.182963144,2596.23,0.74628,1.247563483,23.4175308,2.169598461,-4.329959633,-4.165013072
3.94057,12.81278,3.251504224,1457.29,0.61784,0.664471264,25.54671294,4.974498937,-4.586860373,-4.527700687
4.20723,4.64861,1.104909881,169.37,0.38964,0.198223497,30.64683573,1.243017535,-4.040220657,-5.12812508
9.58722,12.9498,1.350735667,4715.17,0.82062,1.965966561,11.60286765,1.313217683,-3.5601259,-3.576652305
5.07102,5.30738,1.046609952,680.619,0.47642,0.383603337,25.67642019,3.075801844,-3.792360731,-4.461709922
5.00268,8.74413,1.747889131,2122.03,0.65026,0.775777734,18.38590014,3.523650737,-4.051169613,-4.126001001
5.99396,7.4896,1.249524521,2915.32,0.71736,0.900642563,19.97397727,4.43577431,-3.966231055,-3.997764931
7.56837,8.24958,1.090007492,793.907,0.51054,0.448058274,21.80687013,1.466899728,-4.174716324,-4.203488553
7.95732,20.39112,2.562561264,4718.68,0.8291,2.054821681,11.66510665,1.454562867,-3.599810979,-3.602540642
7.90669,20.29966,2.567403047,4598.3,0.82692,2.00079362,11.7268251,1.440860875,-3.605661649,-3.598689467
7.92146,20.33339,2.566874036,4669.87,0.82362,2.026020796,11.70128506,1.456663765,-3.611017676,-3.615418202
7.71087,8.09105,1.049304423,1212.52,0.57098,0.552002166,19.87672973,2.842287432,-3.575090333,-3.999066774
10.92142,14.63466,1.339996081,2494.33,0.76056,1.364218502,25.19970834,3.932258361,-4.562266966,-4.330156996
9.93166,12.5506,1.263696099,1862.23,0.68806,0.845336557,18.00896881,1.830846874,-3.813162446,-3.853506096
9.97272,12.6239,1.26584322,1859.95,0.68902,0.854604809,17.72525335,1.725467109,-3.697523547,-3.848769275
5.9816,6.40396,1.07060987,1119.23,0.53568,0.498557415,20.54545501,1.873143691,-3.532816404,-3.839464787
6.29787,6.62997,1.052732114,1419.79,0.61066,0.583124845,18.32853019,3.656224485,-3.156270296,-3.795395131
7.21043,7.67622,1.064599476,1579.79,0.63088,0.631085103,17.47539825,3.952360124,-3.163769786,-3.660681835
7.00403,7.53698,1.076091907,1604.15,0.6266,0.634215662,16.82825107,3.317871473,-3.129769463,-3.559847199
7.13922,7.63542,1.069503391,1615.86,0.6268,0.635035779,16.86532158,3.405783008,-3.100224706,-3.593816556
7.09783,7.60668,1.071690925,1620.96,0.62692,0.636114398,16.84088644,3.366187653,-3.149367047,-3.606271495
7.09297,7.61343,1.073376879,1626.7,0.6271,0.635262488,16.8770924,3.425900773,-3.119410045,-3.572892394
7.09254,7.60999,1.072956938,1626.4,0.627,0.63516376,16.87482496,3.440819586,-3.050427576,-3.591865955
9.8398,10.73827,1.091309783,1785.51,0.68188,0.77950078,16.86641201,1.835626027,-3.948240787,-4.040902331
9.09464,9.41711,1.035457148,1639.9,0.6678,0.691415289,17.69021098,2.51541971,-3.957711946,-4.070388881
7.94571,10.66058,1.341677459,2567.2,0.74448,0.981699936,23.06337354,2.073883771,-4.240923736,-4.189344389
5.9349,7.26408,1.223959966,1663.21,0.61874,0.666344303,21.48672743,5.520558764,-3.769127672,-4.202424444
7.3234,9.64796,1.317415408,2323.94,0.67216,0.901392132,15.91412943,1.755642597,-3.895952653,-3.949980076
10.12794,11.31643,1.117347654,1453.13,0.65254,0.629257473,24.71562676,3.941052852,-4.904083399,-4.806572364
5.78947,7.29661,1.260324347,329.633,0.44588,0.330430787,18.33748751,0.57177645,-4.04619599,-4.345730568
5.77835,7.2447,1.253766214,347.801,0.4509,0.33781607,18.18080513,0.55363267,-4.06549019,-4.286866367
5.76,7.2725,1.262586806,350.341,0.4548,0.342614355,18.50360486,0.616727132,-4.105404518,-4.391598562
5.75367,7.28997,1.267012185,381.331,0.46264,0.350827703,19.44857064,0.730117699,-4.064074867,-4.330314764
8.20364,8.50919,1.037245662,450.763,0.44706,0.330543438,19.64103978,1.943226,-3.416252534,-3.994352618
8.16692,8.46927,1.037021301,430.875,0.44636,0.330003918,19.65095965,1.955829385,-3.348073054,-4.004337962
7.90173,8.23002,1.041546598,464.16,0.45058,0.339619513,18.3328855,1.377995016,-3.525908771,-3.913335632
3.64698,6.32999,1.735679932,369.536,0.53168,0.35589828,26.94620373,3.871788933,-3.934470544,-4.666554407
3.84672,5.75448,1.495944597,1085.72,0.57082,0.44822225,21.58111978,3.764118532,-4.346977472,-4.704996621
3.82869,5.76124,1.50475489,1080,0.57272,0.450113566,21.58724364,3.783753263,-4.289100595,-4.70921676
7.72074,9.86619,1.277881395,648.341,0.62682,0.307694573,15.02542307,0.380187302,-4.012021324,-4.026780039
5.33678,6.84915,1.283386237,1097.47,0.54296,0.481860135,22.12703244,4.412836794,-3.668889864,-4.24733287
3.9591,4.91096,1.240423329,262.856,0.43278,0.261549061,25.87573176,1.366515789,-4.65034745,-5.708081579
3.92459,6.10337,1.555161176,577.265,0.47374,0.361948566,25.66912499,3.031155786,-3.868970317,-4.760650801
3.7868,4.87031,1.286128129,266.339,0.42454,0.197805475,31.11613703,2.010502234,-4.838527822,-5.594555404
3.80786,5.9828,1.571171209,803.258,0.52816,0.433992342,27.40489986,3.652544608,-4.897359565,-4.93948402
3.65442,6.16235,1.686273061,192.727,0.47076,0.275101974,27.11637497,2.353218744,-5.148925466,-5.64378078
4.37179,6.7342,1.54037591,1841.93,0.65674,0.61232786,17.74669035,3.464634843,-3.848475832,-4.06527663
4.32524,6.79743,1.571572907,1815.73,0.65534,0.604328621,18.07537741,3.64723799,-3.899274434,-4.107103426
3.95287,4.94893,1.251984001,421.656,0.47476,0.293943559,20.71081151,0.887337851,-3.932870804,-4.414630291
3.96222,4.92709,1.243517523,431.387,0.46896,0.289803485,20.57662926,0.865333437,-3.932718301,-4.377447674
3.92362,4.89473,1.247503581,416.999,0.46686,0.287650723,20.64958736,0.837976814,-4.022931883,-4.455293872
3.94706,4.94366,1.252491728,415.11,0.47184,0.292045258,20.66326692,0.867532122,-3.912485671,-4.328219525
3.88747,4.87862,1.254960167,1107.36,0.61702,0.475761618,30.81433937,6.31538236,-5.230292725,-5.938161551
3.89845,4.90885,1.25917993,1123.87,0.62276,0.483911324,30.1962653,6.297355471,-5.203300589,-5.853394375
4.26379,5.5138,1.293168754,808.591,0.54808,0.339215092,45.04634953,6.112092877,-6.174381181,-6.310796933
4.23311,5.47175,1.292607563,780.545,0.5449,0.327885622,37.50295482,4.910135301,-5.456530812,-5.619102396
4.19271,5.40684,1.289581202,738.853,0.54004,0.315252417,40.57846935,5.21796812,-5.764629377,-5.885153655
4.34633,7.2534,1.668856253,832.347,0.57672,0.463657193,23.88959444,3.953349716,-4.50886208,-4.600522589
4.94123,5.93474,1.201065322,1533.76,0.59878,0.53362921,22.48422929,5.35162854,-4.15603851,-4.663228392
4.15785,5.18747,1.247632791,473.301,0.53474,0.511429063,27.53534754,3.945047968,-4.59151622,-5.248881307
4.84545,6.70756,1.384300736,1816.55,0.64956,0.562306847,38.98815721,7.388696867,-5.138237382,-4.94567137
5.74465,6.60931,1.150515697,1225.68,0.60488,0.517517817,43.64169584,6.755343373,-5.856984659,-5.31827586
3.75623,5.02137,1.336811111,400.871,0.52314,0.290636563,29.51953781,2.384691661,-4.215473152,-4.881894829
4.36093,5.51379,1.264361042,379.088,0.44002,0.247410739,22.88139433,1.594866951,-3.512970195,-4.400659494
4.30835,5.46839,1.269253891,357.793,0.4356,0.240930536,23.47179932,1.643798185,-3.498435225,-4.435704974
4.21783,5.39984,1.280241262,346.389,0.42988,0.23323748,24.58772477,1.738410654,-3.566673575,-4.512207102
5.70962,7.40414,1.296783324,660.613,0.49776,0.424391242,18.59509984,1.658499935,-3.670363687,-4.059096903
4.05594,6.19427,1.527209475,608.921,0.488,0.41022882,28.98261725,3.006293993,-5.14988399,-4.939646598
4.84213,6.13171,1.266324944,564.94,0.45872,0.358812302,25.86214539,2.775576874,-4.114927248,-5.179728146
4.41962,5.63215,1.274351641,3266.68,0.6922,0.975459898,18.73034479,6.510646656,-3.854713079,-4.131990313
13.53695,14.94628,1.104109862,2266.27,0.71036,0.899287771,18.68849392,3.242950123,-4.251269082,-4.33042861
3.88793,5.27982,1.358002845,356.265,0.5189,0.27001712,26.70327681,2.294377175,-4.427076446,-5.485829002
5.56143,7.09926,1.276517011,2952.44,0.71716,0.888264641,20.00174996,3.290641085,-4.151170345,-4.132199604
4.67136,5.42885,1.162156203,381.86,0.44926,0.328641863,23.28440645,1.384908728,-3.903905464,-4.986253204
5.80849,9.78657,1.684873349,1111.39,0.5566,0.587630412,18.38648604,0.957376416,-4.267810384,-4.361211541
3.85894,5.17469,1.340961508,514.799,0.5264,0.335799949,30.92077845,3.546691804,-5.136198114,-5.303030032
5.90208,7.07203,1.198226727,970.686,0.60388,0.418471858,19.95719957,2.74685919,-4.122899834,-4.566639839
3.6848,4.19682,1.138954624,281.365,0.49424,0.363425126,31.05929699,3.315867196,-4.424706783,-4.899608622
3.97403,7.60738,1.91427342,787.876,0.51746,0.392711322,22.64323061,3.045565303,-4.44702101,-4.600759647
5.17695,5.9118,1.141946513,664.296,0.49168,0.368079054,21.77601984,2.749461949,-3.603226907,-4.293240848
4.21049,5.58529,1.326517816,536.175,0.55504,0.319799031,38.5920685,5.539001211,-5.280084209,-6.117445039
4.0827,5.1026,1.249810175,321.126,0.44804,0.272920537,31.44876953,3.079856665,-4.926663885,-5.601972029
7.21043,8.1309,1.127658129,2955.04,0.70906,0.99044836,13.93409936,1.957269393,-3.68523924,-3.748476412
4.70003,6.56789,1.397414485,1842.69,0.64936,0.652802882,22.53946221,5.214140807,-4.361386462,-4.577475547
4.40009,5.23045,1.188714322,1086.26,0.57466,0.479102922,27.0089039,5.09590772,-4.585125025,-5.069686637
4.01341,5.16976,1.288121572,480.988,0.48218,0.303620679,20.34625047,0.93220795,-4.020886381,-4.366305536
6.47014,7.41428,1.145922654,2257.4,0.6624,0.811415678,19.64446088,5.274396732,-4.168795904,-4.17341489
3.82611,5.87643,1.535875863,1078.63,0.56336,0.547509597,26.79387384,5.716312191,-4.528055293,-4.889581806
3.72946,6.3031,1.690083819,689.556,0.51672,0.470348356,25.63119772,3.974577716,-4.50794162,-5.061566463
4.14343,7.17756,1.732274951,1637.07,0.59258,0.632712985,19.75359836,3.939562076,-4.20067132,-4.408877755
4.73774,6.46497,1.364568338,1534.47,0.59666,0.633503957,23.99692445,5.169082593,-4.225256153,-4.449940803
5.45118,6.46968,1.18684028,1123.13,0.5422,0.522854388,25.80820304,5.004090322,-4.342716694,-5.112450726
4.24064,4.75114,1.120382772,310.157,0.43404,0.24303032,30.65979265,2.021801842,-4.793523038,-5.686014881
4.24278,5.97954,1.409344816,759.477,0.49494,0.379412644,44.4314029,3.733311711,-6.109126899,-5.256320106
4.18127,5.96324,1.426179127,1751.03,0.60948,0.616394093,32.01168915,6.787734644,-4.763885292,-4.660530399
3.87203,5.63872,1.456269709,932.076,0.56508,0.529135805,24.99164021,5.50468043,-4.39921872,-4.959708235
4.13484,4.67362,1.130302503,111.236,0.40486,0.228176269,28.32234236,0.890520826,-3.721745963,-5.374870428
4.07473,4.795,1.176765086,1736.46,0.70036,0.616579216,13.94796758,0.346864417,-4.119628001,-4.164931855
4.56275,5.53493,1.213068873,3384.59,0.75294,0.807375691,10.79550039,0.306184738,-3.792335594,-3.837718908
3.84363,5.03819,1.31078954,350.667,0.48738,0.268243686,21.56509881,1.070495946,-4.200136982,-4.877085557
4.12661,5.0332,1.219693647,664.527,0.51396,0.466147274,27.32818261,4.509041053,-4.221008884,-4.975217653
4.2399,5.00227,1.179808486,621.816,0.515,0.466493958,28.38399399,4.936244023,-4.273673274,-5.055811863
4.22321,5.15312,1.220190329,476.327,0.47896,0.393486798,27.56046587,3.434217708,-4.366011461,-5.049158161
4.22878,5.17201,1.223050147,485.677,0.48056,0.395067412,27.66203795,3.455351686,-4.397279716,-5.036603165
4.23615,5.19102,1.225409865,473.651,0.47992,0.39523986,27.57003209,3.511933509,-4.307223984,-5.042281659
3.92423,5.53585,1.410684389,1363.64,0.62358,0.503256422,19.29420082,3.107643907,-3.805296498,-4.157858522
5.87333,8.76636,1.492570654,3555.74,0.74126,0.993198774,16.79969125,5.52612204,-3.608787444,-3.894248601
6.64746,8.08882,1.216828683,1969.32,0.65574,0.764300475,17.70193815,3.438290387,-4.08321347,-4.284090536
4.51959,4.69268,1.038297722,215.983,0.40958,0.220089523,34.39087946,2.396429421,-3.470412556,-4.377061861
4.49829,4.6866,1.041862574,217.594,0.40668,0.21771111,34.54760424,2.402465937,-3.627954867,-4.37235962
4.6229,4.78598,1.035276558,231.787,0.41206,0.220948439,34.86053789,2.440467518,-3.718572136,-4.307349822
4.12276,5.10392,1.237986203,1899.92,0.7036,0.62461716,12.93773384,0.299924651,-4.014711099,-3.968767566
5.28768,6.55692,1.240037219,1112.41,0.53644,0.556149378,22.51786187,3.557135565,-4.047853441,-4.503864302
3.76645,4.764,1.264851518,217.45,0.4166,0.185332651,32.2567978,2.002261341,-4.971297535,-5.841698066
4.63079,6.09081,1.315285297,1578.11,0.6162,0.613690008,22.15416604,6.527553311,-3.911761593,-4.442014683
5.9549,6.35523,1.06722699,3067.29,0.6982,0.894388615,18.14886129,4.488493053,-3.905872357,-4.09187951
6.75629,8.83948,1.30833342,1743.86,0.63036,0.670818399,35.05259049,3.475157705,-4.941491019,-4.313911127
4.17724,7.1377,1.708711972,782.02,0.52046,0.417597407,28.69605119,3.372858971,-4.7398691,-4.897082568
10.39011,11.25458,1.083201237,2141.83,0.69712,0.832416877,26.78262733,4.235085913,-4.628225214,-4.543401927
14.15107,15.02825,1.061986832,2447.31,0.73902,0.902352035,26.94076552,5.076782063,-4.177367517,-4.254771055
4.41794,5.70852,1.292122573,609.052,0.5292,0.316138475,27.07711415,2.967430524,-3.807282385,-4.787879909
4.33438,5.5699,1.285051149,479.813,0.51378,0.265736364,27.10017807,2.219354461,-3.872794119,-4.562911419
6.48704,6.94577,1.070714841,1610.24,0.6243,0.617013076,17.77471179,4.085779177,-3.14775847,-3.756174723
6.74283,7.25204,1.075518736,1554.36,0.63084,0.624402411,17.63273926,4.059941301,-3.200406773,-3.732409921
6.6722,7.08623,1.062052996,1415.71,0.61824,0.601886737,17.8273243,3.849310674,-3.243614938,-3.789688521
6.67398,7.14051,1.069902817,1511.74,0.62202,0.61248363,17.69180584,3.940576372,-3.21190097,-3.77296798
6.10481,6.58573,1.078777226,1558.56,0.61984,0.606402129,18.05271229,4.000903972,-3.199845714,-3.810661282
6.6128,7.08508,1.071419066,1642.83,0.62734,0.62638789,17.60043779,3.955571375,-3.192324718,-3.703631887
6.41176,6.87071,1.07157941,1618.25,0.62586,0.624947577,17.57487494,3.858535975,-3.16018197,-3.699223512
3.88626,6.17038,1.587742457,771.313,0.55796,0.512030834,30.4623012,3.75963822,-5.096756233,-4.953136087
3.92033,4.6872,1.195613635,218.591,0.48568,0.392459173,32.86630274,2.922223516,-4.63527167,-4.730230127
3.77257,5.49131,1.455588631,884.493,0.5521,0.472126493,26.69766051,4.357974256,-4.299277001,-4.61960218
5.13969,7.47721,1.454797857,1463.66,0.58642,0.633790106,21.59765906,5.81410781,-3.695605754,-4.289780335
5.23786,5.79357,1.106094856,954.734,0.5643,0.396829862,21.54854893,3.720250575,-3.364558611,-4.199598366
5.52341,9.19521,1.664770495,2015.37,0.64538,0.733975212,21.1323274,5.229639904,-4.295543405,-4.382393281
5.2438,7.48898,1.428158969,781.097,0.6258,0.613162716,19.35273089,4.397949268,-4.099391339,-4.563568956
4.86526,7.42959,1.527069468,565.983,0.52134,0.326893776,24.37453926,1.815370404,-4.231714179,-4.369504654
6.01818,8.71773,1.448565845,1209.68,0.63552,0.475670821,15.75470062,1.14534013,-3.798958455,-3.939666399
5.83377,8.6676,1.485763066,1201.12,0.63344,0.471218365,15.83244328,1.176576098,-3.787250513,-3.89959964
6.31963,9.11936,1.44302119,1470.49,0.64542,0.579647409,15.55348418,1.30777024,-3.843406935,-3.957181938
3.97754,6.18145,1.554088708,2300.91,0.66286,0.7027897,40.46151439,8.435167719,-5.143118863,-4.624765826
7.53546,24.1004,3.198265268,3286.62,0.78752,1.380042723,39.52760187,7.13786954,-6.013711061,-4.770601868
6.75259,23.87439,3.535590048,3213.6,0.79352,1.454878809,39.59977421,7.43934583,-5.710394591,-4.792632624
5.26119,6.84955,1.301901281,1713.55,0.6178,0.671784611,24.65323362,5.893176607,-4.342796756,-4.539250218
8.48639,9.04728,1.066092885,1898.32,0.66838,0.760118729,21.9826554,3.965094623,-3.686657271,-4.169370937
5.32108,7.0561,1.326065385,890.553,0.55636,0.394948498,42.16151857,4.760158625,-5.694372066,-5.357051872
3.70736,4.08842,1.102784731,229.005,0.4747,0.464236118,35.39119012,3.587770826,-5.417155831,-5.973288271
10.51321,18.94727,1.802234522,1771.4,0.7951,0.790334284,20.02345116,1.592329283,-3.96110376,-3.968540797
10.34053,10.56188,1.021406059,1606.53,0.6606,0.731775403,16.370461,1.148346058,-3.536321716,-3.716355771
7.02117,7.92311,1.128460071,1334.79,0.58806,0.564275776,19.85037478,2.893516357,-3.908934679,-4.170316288
4.17711,5.42105,1.297799196,1991.4,0.61692,0.711194524,24.89198535,8.896276354,-3.983740174,-4.617481295
3.897,4.92906,1.264834488,1043.25,0.57606,0.450596039,23.5775888,4.048472849,-4.036633637,-4.657057577
4.5721,5.98483,1.308989305,1927.8,0.63406,0.670710293,21.9347748,6.729230165,-3.935638403,-4.453705123
4.53541,6.46265,1.424931814,1551.65,0.58576,0.56958382,20.90472394,5.452529141,-4.007969276,-4.52542389
3.73672,5.22329,1.397827506,790.6,0.54754,0.569034717,27.60580864,5.370699135,-5.02050924,-5.086034959
3.77657,4.48976,1.188845963,224.153,0.48546,0.297457767,28.84156448,2.166983613,-4.95378853,-5.314108493
7.9821,15.02646,1.882519638,3701.88,0.81106,1.36304129,10.61506702,0.779472228,-3.761686541,-3.753193445
7.67619,8.14433,1.060985984,1334.6,0.66568,0.543416681,21.71388097,2.492343558,-4.334864703,-4.356216048
6.41603,18.775,2.926264372,3508.39,0.76482,1.252351782,17.08782684,2.662944869,-3.756910991,-3.799429209
7.69354,8.87098,1.153042683,973.885,0.55986,0.39798965,14.84320958,0.560799664,-3.868271715,-3.914541837
4.72231,5.82674,1.233874947,468.225,0.5587,0.427036199,17.07543347,0.485777656,-4.146640501,-4.369824899
16.71746,16.78888,1.00427218,1961.59,0.77044,1.080223156,15.6726262,1.723529773,-3.336022787,-3.424328749
6.47099,8.24333,1.273890085,2179.07,0.66502,0.769134686,17.98833624,2.707613246,-3.907604008,-3.99551487
4.38483,6.15862,1.404528796,1370.87,0.60726,0.56335232,23.05049542,5.202056634,-4.465847325,-4.834830616
6.43648,6.91507,1.074355859,776.782,0.5279,0.455809215,24.45538694,2.88172649,-3.648218252,-4.098089464
19.56277,24.11444,1.232670016,2769.19,0.85352,2.151718435,12.68580714,0.824375506,-3.449003494,-3.435991835
6.5918,11.77864,1.786862465,2699.15,0.73976,0.930782665,26.59730397,3.077160054,-4.775538858,-4.596683345
10.12824,14.29207,1.411110914,2649.84,0.77246,1.190273307,27.33905794,2.725863113,-4.929422194,-4.446867125
8.72571,12.47571,1.429764455,2728.65,0.75322,1.109932245,26.81559252,3.198701996,-4.900979654,-4.494393142
7.62193,11.30323,1.482987905,2996.36,0.7445,1.098490885,26.30224686,3.380286334,-4.844815759,-4.618918835
7.19983,12.36076,1.716812758,2899.65,0.74754,1.086831362,26.60379888,3.460234577,-4.838010558,-4.693595929
8.4918,11.02963,1.298856544,2775.46,0.73292,0.996084539,26.12740007,3.282303522,-4.949237908,-4.678486953
9.14708,11.82924,1.293225816,2808.05,0.74898,1.087765722,26.07273453,3.627779484,-4.865651049,-4.642895333
6.59467,11.54376,1.750468181,2988.57,0.73652,1.039316567,26.90600412,3.641750583,-4.859947041,-4.534516192
8.43938,11.4181,1.352954838,3086.27,0.7373,1.060706111,22.95148171,4.375486631,-4.42047483,-4.119661147
6.15217,12.20585,1.983991015,2577.21,0.70956,0.894278613,16.97173489,1.766449687,-4.198347647,-4.201736626
5.19047,10.81396,2.083425971,2196.41,0.73196,0.735583484,12.95883783,1.041925059,-3.936414728,-3.945628967
4.2919,4.6846,1.091497938,428.223,0.4655,0.352940284,29.50178231,2.989316934,-3.992330822,-5.164203893
9.15991,17.5271,1.913457665,4124.42,0.80388,1.630042683,16.49019675,1.597286436,-4.151861788,-4.047003993
14.45168,16.95031,1.17289547,3152.87,0.82286,1.639032746,14.22802045,1.09622917,-3.780352566,-3.83128323
8.74134,21.37941,2.445781768,4439.7,0.82442,1.960976468,15.6694002,1.614840602,-3.893928059,-3.833755806
4.60356,8.83209,1.918534786,2147.85,0.6528,0.729929456,19.81596598,5.833262757,-4.142929994,-4.263083826
4.64589,5.46454,1.17620951,959.73,0.52802,0.45504059,28.70348513,4.370535277,-4.54692331,-4.928033505
4.62581,5.66684,1.225048154,950.925,0.52422,0.446612198,27.58944471,4.234304254,-4.478444538,-4.854234525
4.65074,5.66299,1.217653535,924.954,0.53938,0.41289404,24.19855492,3.643784118,-4.260379029,-4.80271306
8.47189,17.75046,2.095218422,4797.36,0.79004,1.722770161,18.32628247,1.938180114,-4.112047446,-3.99949614
8.58252,21.33814,2.486232482,4642.34,0.82328,2.039406866,14.95157628,1.505568762,-3.829494601,-3.799203521
10.49588,25.24149,2.404895064,5543.64,0.87108,2.991829038,13.22143254,1.202519532,-3.719996251,-3.591856654
8.81904,10.86981,1.232538916,3383.5,0.75616,1.135916044,21.90930425,1.969422235,-4.216451393,-3.997344527
8.95533,10.97224,1.225218948,3307.78,0.75668,1.14029615,22.95025781,2.084082619,-4.344123818,-3.968486409
7.63115,21.77625,2.853600047,4456.81,0.82692,1.827314251,13.99506871,1.670675499,-3.787195216,-3.810234068
10.79351,11.87679,1.100364015,1419.49,0.65456,0.612379313,21.95557789,3.72385695,-4.149871305,-4.176622948
10.03888,17.63143,1.756314449,1647.88,0.69026,0.918157779,28.20032739,2.473293782,-4.628128019,-4.377094643
5.9743,7.4254,1.24289038,1928.96,0.69778,0.497855976,24.46540777,3.317309622,-4.094964693,-4.169028353
5.4202,9.61179,1.773327552,2525.84,0.70412,1.056130362,16.92766161,3.404786829,-4.035146873,-4.110949422
5.39631,9.7447,1.805808043,2552.1,0.70632,1.068918551,17.15589954,3.446603359,-4.03256354,-4.105209936
5.38216,9.71412,1.80487388,2474.06,0.70686,1.058764849,17.22323438,3.58489413,-4.02121471,-4.137614315
5.45923,9.71962,1.780401265,2458.67,0.70608,1.060463607,17.50040654,3.587778633,-4.08845714,-4.1325788
6.63779,8.05832,1.214006469,1095.26,0.61032,0.414318396,16.64741779,1.17720995,-3.897560173,-4.025855263
6.74383,8.53606,1.265758478,1227.06,0.6312,0.451515065,15.53401074,1.011689566,-3.83603972,-3.990241048
6.78307,8.49651,1.252605384,1227.28,0.6283,0.448737635,15.57863756,1.016439279,-3.841723747,-3.943943845
19.6462,27.62636,1.406193564,4479.93,0.87038,2.727395221,14.47311528,1.580575775,-3.725604469,-3.680048909
8.65245,9.33807,1.079239984,1101.49,0.62566,0.467021975,18.46183894,2.57443843,-3.453428601,-3.653657113
26.8915,28.38912,1.055691204,4330.91,0.86968,2.68225207,13.461502,1.656277692,-3.7109311,-3.700901624
26.5894,28.056,1.055157318,4872.66,0.87052,3.063140412,13.24787285,1.901205572,-3.700114143,-3.668442725
8.6768,8.83227,1.017917896,1876.71,0.67246,0.79422033,19.18516241,3.475828658,-3.854389601,-4.21950011
5.12978,5.63389,1.098271271,2074.77,0.66092,0.640513248,17.66767428,3.133816657,-3.808383412,-4.031802055
3.68585,5.40649,1.466823121,226.313,0.46966,0.394695486,27.73135886,1.979459502,-4.478540866,-5.036760737
3.98828,4.78374,1.199449387,607.51,0.5199,0.416319667,27.30105506,3.684497243,-3.839951257,-4.506805234
3.89264,5.48014,1.407820913,994.666,0.58622,0.526229803,27.72361473,5.213043523,-4.39724055,-4.970127143
5.04936,7.20433,1.42678082,380.505,0.43506,0.229750425,21.28343535,1.242554393,-4.084942598,-4.284092766
8.57778,11.26671,1.313476214,4087.84,0.7968,1.463758744,11.76255557,1.279870681,-3.62963602,-3.647483482
4.9693,7.56056,1.521453726,2225.05,0.6369,0.746514449,18.0919661,3.944007596,-3.985071576,-4.163983481
5.51475,6.6136,1.199256539,467.709,0.4665,0.211101256,18.77963511,0.740119417,-3.738492406,-3.980295361
11.09496,12.8466,1.15787709,1967.31,0.6925,0.982567758,21.66581225,1.948529982,-4.449927227,-4.29543939
7.48583,9.92059,1.325249171,1118.24,0.5647,0.557833075,22.10798953,2.237315843,-4.674834367,-4.513752225
6.03574,6.92889,1.147976884,2307.33,0.65556,0.871981431,25.0254608,6.339618528,-4.599590995,-4.476968892
4.85353,5.87095,1.209624747,599.756,0.49236,0.34211148,22.73137936,2.118555653,-4.427962888,-4.768146796
5.27198,6.2294,1.181605393,1301.09,0.62858,0.548719381,20.16272828,3.891448687,-3.607658293,-4.169716135
4.22522,4.65844,1.102531939,174.307,0.39166,0.200852312,30.51252566,1.249058597,-4.314671585,-5.403029211
3.96901,4.9428,1.245348336,397.37,0.46386,0.284234908,20.63184758,0.851124535,-3.910579197,-4.271191511
3.91959,4.91458,1.25385053,371.211,0.46198,0.281824005,20.84571175,0.86029674,-3.933230543,-4.383221554
3.8959,4.89442,1.256300213,358.142,0.46416,0.281517243,21.69649534,0.93115603,-3.945795049,-4.341803595
9.82723,10.25461,1.043489366,997.71,0.57396,0.535465393,17.52616258,1.35891013,-3.475151551,-3.565569657
9.92334,10.34811,1.042805144,998.311,0.57372,0.536452635,17.53469753,1.331301754,-3.431332737,-3.565919929
9.82936,10.26924,1.044751642,997.512,0.58698,0.556954579,21.0430747,1.869731398,-3.62734906,-3.719623736
9.65715,10.25508,1.061915783,981.732,0.57158,0.534826709,19.14650895,1.50154868,-3.5534775,-3.662053954
9.86894,10.30863,1.04455291,994.204,0.57346,0.534291118,17.98529573,1.385686918,-3.512181015,-3.619980736
5.51402,13.89765,2.520420673,2141.49,0.73214,0.888296265,16.75562566,2.062259534,-4.119395926,-4.163611041
4.73463,5.21702,1.101885469,808.04,0.51112,0.448823323,26.83461365,4.301580423,-3.400104426,-4.252553738
5.98977,9.1487,1.527387529,1449.51,0.59132,0.638698667,20.48197568,6.158936922,-3.567416216,-4.242585038
3.66008,9.63598,2.632723875,928.981,0.61576,0.609168794,21.90866282,4.770031685,-4.553186471,-4.645195294
4.66172,5.75292,1.234076693,347.817,0.4715,0.365864068,26.10240588,1.724043882,-4.224085705,-4.637803487
5.13094,6.957,1.355891903,638.898,0.5275,0.33410182,23.46373012,2.642214784,-4.079219617,-4.617464513
5.09054,6.88318,1.352151245,599.889,0.531,0.334027389,28.60458033,3.488330148,-4.410668941,-5.017297776
6.39579,6.80122,1.063390136,1116.3,0.56292,0.433639158,29.42846315,5.826310424,-3.872136171,-4.643269604
9.17861,18.69262,2.036541481,2936.83,0.79786,1.315309226,14.12979364,1.126421611,-3.914265982,-3.864534155
4.1274,6.10079,1.478119397,1297.66,0.58662,0.505933694,22.00451823,3.425575759,-4.331514855,-4.471437306
6.43314,9.51377,1.478868795,2362.65,0.66126,0.827925554,20.15711404,3.305725221,-4.243187502,-4.169303388
4.37137,6.90146,1.578786513,1290.73,0.58204,0.582224565,25.01221354,4.961358364,-4.672715416,-4.953821999
4.72909,10.62231,2.246163638,2109.06,0.65868,0.78411952,20.78738129,4.603248283,-4.21829692,-4.550151266
3.73021,4.48882,1.203369247,702.333,0.56522,0.495833114,29.040031,5.441120897,-4.864988995,-5.505285844
4.73833,8.20846,1.73235296,2207.24,0.6527,0.776053742,17.58457181,4.301540382,-3.859070248,-4.053052097
4.51221,5.58552,1.237867918,732.461,0.52268,0.402355568,27.51186862,3.854280246,-3.792882261,-4.514401352
5.03456,6.36969,1.265192986,1258.86,0.64356,0.445959711,18.52411298,2.979590416,-3.961169203,-4.255772536
6.13907,7.41883,1.208461542,510.741,0.57702,0.321252004,23.53761249,1.951151781,-4.280034738,-4.531238719
15.75155,15.8468,1.006047024,2019.71,0.75942,1.156025896,22.37560552,3.725130487,-4.213745623,-4.293164474
7.0978,7.50467,1.057323396,1516.23,0.62638,0.613310356,17.27025502,3.561270808,-3.134752318,-3.654751612
4.88151,6.1601,1.261925101,1656.54,0.58046,0.605163374,21.96738958,5.814035834,-3.925570485,-4.522138739
6.00289,6.336,1.055491605,197.325,0.37702,0.163369833,37.24505778,1.923944204,-5.044068792,-5.902164654
7.4129,7.85155,1.059173873,1704.51,0.63386,0.64151585,17.22601604,3.854885618,-3.139238633,-3.652147816
6.12054,6.66565,1.089062403,1535.76,0.61508,0.595655669,18.1472986,3.971268317,-3.225035576,-3.780560752
5.71486,6.08117,1.064097808,1429.3,0.6051,0.567955697,19.08558485,4.113898245,-3.230720558,-3.884829326
6.11727,6.63074,1.08393777,1496.53,0.61994,0.598172503,18.28431759,4.156190906,-3.200243952,-3.852281664
5.2162,6.68812,1.282182432,1745.8,0.65822,0.582980532,17.85892582,3.570189976,-3.645876805,-4.02822815
4.89996,7.21804,1.473081413,936.886,0.51688,0.491335469,23.43190667,3.513011138,-4.492468417,-4.857315593
14.87864,15.74073,1.057941452,2451.32,0.73902,1.00664312,22.68140053,3.152469265,-4.558665163,-4.442027389
4.74737,5.62912,1.185734417,439.288,0.4398,0.228877729,22.47207413,1.565586969,-3.541620064,-4.21473492
6.34504,7.17331,1.130538184,1062.64,0.5939,0.461776506,22.35571055,3.833568811,-4.093756905,-4.364111927
6.37578,7.20132,1.129480628,1074.28,0.59874,0.468409688,22.28618567,3.804481179,-4.043901207,-4.35405634
6.40725,8.93591,1.394656054,1830.51,0.67624,0.785071293,24.31594208,3.191454579,-4.251492457,-4.04032952
4.58648,6.54798,1.427670021,1668.68,0.59358,0.598608913,20.18198883,5.725966305,-3.891255511,-4.433693961
4.11023,8.57756,2.086880783,881.154,0.59796,0.491504944,21.11116567,2.518351268,-5.152835558,-4.858203998
4.10889,8.23229,2.003531367,1102.86,0.59784,0.491406308,21.1334264,2.502752432,-5.07730381,-4.841648128
4.03809,8.12994,2.013313225,876.7,0.5996,0.492848923,21.30186772,2.561879333,-5.135254609,-4.833418817
3.85924,8.17701,2.118813549,800.77,0.57928,0.518019065,22.71901712,3.008171609,-5.388907079,-4.953657612
4.17817,8.7001,2.082275254,905.684,0.6025,0.386190717,20.32344795,1.791479139,-5.061376648,-4.778948432
4.96961,5.52619,1.111996716,1468.51,0.62518,0.528563819,44.53622874,6.543513592,-5.36688385,-5.506503942
8.54299,9.00309,1.053857022,1072.57,0.6726,0.687427818,20.95233873,3.53262657,-4.371964177,-4.397457992
9.75466,14.27976,1.463891104,2006.69,0.70342,0.803562351,20.25240669,3.135603295,-4.188252245,-4.418077359
14.53475,16.80129,1.155939387,2344.17,0.729,1.068976085,19.63207177,2.737682993,-4.372439578,-4.267736555
5.92468,10.06669,1.699111176,1782.67,0.68116,0.657382476,17.35393976,2.68812775,-3.70526496,-3.965317659
4.11514,8.93039,2.170130299,1800.73,0.70176,0.631232404,23.77475172,4.203993722,-4.331643262,-4.539148816
4.23716,8.96058,2.11476083,1805.76,0.70764,0.633472983,27.05569572,5.458484292,-4.397420813,-4.629940623
4.56831,6.54196,1.432030663,1504.37,0.5949,0.634171718,23.05131875,6.148349293,-4.133018937,-4.710504939
4.52491,6.28591,1.389179011,1429.82,0.5998,0.632330895,23.09702803,5.64724859,-4.036866177,-4.665936162
4.80891,6.46523,1.344427323,1505.15,0.59878,0.635114925,23.26199161,6.261168488,-4.21903844,-4.744292814
4.78818,6.33471,1.322989111,1569.52,0.60042,0.640235613,23.31897922,6.194188678,-4.134566954,-4.673525611
4.62415,6.46285,1.397629835,1507.22,0.60062,0.645596792,22.74313028,5.925749658,-3.988049619,-4.575658472
4.02088,4.65994,1.158935357,561.961,0.52146,0.439238875,26.19314074,3.773158196,-4.095034877,-4.674126356
4.18035,6.34814,1.518566627,751.543,0.53892,0.461740136,27.99755089,4.413115789,-4.408941787,-4.834226965
3.95127,9.77148,2.472997289,1207.74,0.63846,0.589376708,23.95858224,3.243223207,-3.789830553,-4.304161277
4.81449,6.07023,1.260825134,739.254,0.50288,0.41581293,22.91690705,2.862623932,-4.056654708,-4.714244368
4.29862,7.97046,1.854190415,883.259,0.60172,0.569330772,20.98853736,3.890726914,-4.841310116,-4.606338927
6.78751,10.0327,1.478112003,2714.01,0.70106,0.948320291,16.95895319,2.936116488,-4.156476999,-4.137697048
7.4934,12.53415,1.672691969,3155.31,0.73514,1.154053252,16.35514051,2.729471067,-4.094160604,-4.102321995
7.86809,11.63879,1.479239561,3519.6,0.75406,1.268120573,14.63203135,2.272185853,-3.906184675,-3.929256475
10.48172,15.53234,1.481850307,4101.54,0.80152,1.743260937,19.0184714,2.636179584,-4.167993199,-4.029106497
6.45256,11.33831,1.757180096,1958.64,0.6753,0.781570084,18.19974791,2.824759205,-4.186185675,-4.202318008
4.25493,5.94331,1.396805588,1251.43,0.56496,0.548201481,23.95990539,5.288905941,-3.856120447,-4.481716405
4.14091,6.01546,1.452690351,2037.61,0.65322,0.662201438,20.75866143,5.080619327,-4.059760645,-4.314163087
6.36839,7.65199,1.201558008,2386.32,0.69086,0.776400726,20.5856405,3.888443,-4.216747835,-4.191417242
6.06717,6.25403,1.030798544,228.29,0.43418,0.308899592,18.17493713,0.470709808,-3.341550259,-3.897500955
4.91537,5.26252,1.070625406,1105.32,0.53204,0.460505133,27.22292632,4.411701126,-4.280967434,-4.675067049
7.72021,8.43697,1.092842034,946.266,0.5138,0.494637734,26.91506109,2.929081388,-4.546507145,-4.385873108
3.84932,5.69693,1.479983478,868.854,0.55112,0.462675039,23.71115147,3.808210313,-4.028639103,-4.820841355
4.08985,5.22962,1.278682592,253.575,0.42026,0.203014347,30.42774472,1.25475593,-4.04580733,-4.966617094
6.38807,7.62136,1.193061441,1296.53,0.57518,0.530520762,25.75849315,4.932916549,-3.922256785,-4.39043516
15.58526,18.21481,1.168720317,3231.8,0.814,1.758600724,14.81006499,1.276930406,-3.686458934,-3.696720362
5.57122,6.72563,1.207209552,682.993,0.49734,0.431602607,33.29142867,3.111989244,-5.74499608,-5.059794432
4.40406,5.61338,1.274592081,2166.61,0.69138,0.648537606,13.46489467,0.734770484,-3.811002736,-3.836279301
4.42901,5.62745,1.270588687,2212.32,0.69222,0.651366305,13.41194386,0.734032275,-3.799635681,-3.829689025
4.47405,5.64435,1.261575083,2266.46,0.69314,0.655098434,13.31095091,0.736664741,-3.749060565,-3.820954221
4.60094,5.73609,1.246721322,2479.38,0.69844,0.671673799,13.0256835,0.729661342,-3.713126152,-3.766189291
4.3837,5.58759,1.274628738,2101.98,0.68976,0.644478912,13.52857492,0.737422923,-3.810686116,-3.84310904
4.39581,5.60157,1.27429757,2131.45,0.69066,0.646673283,13.4854341,0.740801588,-3.819212599,-3.812597333
4.40385,5.61357,1.274696005,2166.37,0.69134,0.648500084,13.46387232,0.735857824,-3.813481281,-3.844998093
4.42824,5.6275,1.270820913,2211.69,0.69218,0.651328666,13.41382842,0.734350248,-3.790528953,-3.829450079
4.44582,5.63489,1.267457972,2240.02,0.69242,0.652739939,13.37554821,0.737077787,-3.804113616,-3.811041225
4.46761,5.64072,1.262581112,2255.58,0.69296,0.654285202,13.33130589,0.737251953,-3.786109018,-3.820173443
4.47445,5.644,1.261384081,2265.11,0.6932,0.655155141,13.31284804,0.727124747,-3.781607012,-3.807436883
4.50803,5.65854,1.255213475,2304.74,0.69404,0.657982556,13.25815217,0.734339862,-3.770045456,-3.78519092
4.5303,5.67593,1.252881708,2340.17,0.69508,0.661156081,13.19597048,0.737978977,-3.76358002,-3.801236464
4.56197,5.70452,1.250451011,2370.11,0.69638,0.665138447,13.12201428,0.734776875,-3.713908784,-3.777362244
4.60029,5.73555,1.246780094,2480.96,0.69836,0.671596865,13.02436066,0.732967304,-3.706911131,-3.801004535
4.63585,5.76062,1.24262433,2522.06,0.70054,0.676425433,12.95881955,0.729955347,-3.716469279,-3.782828025
4.68615,5.787,1.234915656,2577.33,0.70204,0.681512833,12.90123697,0.728043514,-3.723123915,-3.759408868
4.69781,6.47084,1.377416285,588,0.47986,0.386276735,25.25295276,3.228361359,-4.302167042,-5.143466999
7.03865,11.08232,1.574495109,3158.14,0.75642,1.071235868,16.50255122,1.862950807,-3.957855504,-3.883844529
5.69321,11.60551,2.038482684,3098.82,0.73458,0.971046276,16.51861581,2.788438052,-4.050811685,-4.054477494
8.05488,11.98728,1.488200942,3080.94,0.74854,1.03842739,14.82218922,1.961595396,-3.892603769,-3.849230868
4.17239,5.67031,1.359007667,1090.04,0.53976,0.454393158,22.26398475,3.425085431,-4.120761551,-4.606142192
4.90333,6.38762,1.302710607,2243.22,0.71266,0.723348927,12.30862329,0.527667398,-3.959711988,-4.010078698
4.90295,6.38911,1.303115471,2243.77,0.71272,0.723820511,12.30285349,0.531009123,-3.969958898,-3.983280632
3.92327,4.97412,1.267850543,338.355,0.55174,0.496177989,28.10196391,4.1325972,-4.867129644,-5.964263547
3.98659,4.93159,1.237044692,985.742,0.56216,0.52524573,27.72009617,6.033619803,-3.904259665,-4.758273687
3.9347,5.17871,1.316163875,567.686,0.53432,0.408123983,27.89250106,3.792730011,-3.562941463,-4.353835028
3.98518,5.28754,1.326800797,577.759,0.54076,0.416375998,27.4789405,3.873213063,-3.761527435,-4.824816157
3.65645,6.20454,1.696875385,643.664,0.51718,0.43819901,24.6615512,2.9717765,-4.593845645,-5.094755729
4.00781,5.75057,1.434840973,1069,0.54568,0.478784263,27.51739035,5.12962361,-4.745255674,-5.056430865
4.20779,5.99612,1.425004575,1196.76,0.56558,0.515964823,27.13960366,5.424631489,-4.63713341,-4.942203313
4.26017,6.05718,1.4218165,1609.78,0.59978,0.618271894,22.28769143,5.307922531,-4.265193204,-4.583408638
4.0393,6.02545,1.491706484,1434.1,0.5902,0.597983351,21.68133359,4.98635233,-4.266034229,-4.585806723
5.11595,5.62194,1.098904407,825.67,0.52302,0.464126933,22.94374916,3.115781775,-3.775372855,-4.656893986
4.89652,6.38285,1.303548234,1124.9,0.54092,0.495452339,25.16189903,4.545131045,-4.164350368,-5.014250411
4.75731,8.23561,1.731148485,2234.08,0.65522,0.778563077,17.54183349,4.361129297,-3.874374572,-4.072203684
4.89957,5.39685,1.101494621,217.822,0.4024,0.2465218,23.2856233,0.7434595,-3.707974003,-4.40632548
4.8394,5.32691,1.100737695,209.176,0.39886,0.242841574,23.72637738,0.739022846,-3.684292745,-4.473796403
4.92439,5.43827,1.104354042,232.32,0.4022,0.245018306,23.35510065,0.757995904,-3.605233912,-4.414681483
4.64907,5.40268,1.162099086,1501.59,0.61282,0.606608331,24.42914399,6.040820925,-4.071072915,-4.511191514
4.42412,5.10059,1.152904984,1170.71,0.57096,0.611769294,27.06745183,7.095560309,-4.373420505,-4.977692188
10.27787,10.39364,1.011264007,1240.53,0.61214,0.617827098,21.3133823,2.373589501,-3.971132912,-4.037355091
4.0538,4.83597,1.192947358,1075.49,0.61976,0.594630898,24.37259933,6.743017166,-4.485551058,-4.960538775
7.10734,12.14192,1.708363467,3229.48,0.7162,1.026200936,20.39397388,4.947841062,-4.084981064,-4.104502127
3.75929,6.22689,1.656400544,226.076,0.4019,0.283042122,24.12713883,1.004007612,-3.736856944,-4.502110652
3.75974,4.5308,1.20508333,374.836,0.4411,0.339054705,28.10486782,2.522089989,-3.856526624,-4.466574793
4.16271,5.05147,1.213505144,361.626,0.47498,0.419994341,28.54435791,2.491788031,-4.624555737,-5.101540529
4.08701,5.083,1.243696492,345.133,0.48446,0.430546915,29.60473628,2.288067327,-4.655768658,-5.194700472
7.10265,7.3989,1.041709784,271.356,0.4558,0.244811584,50.45432462,2.301633619,-5.690020729,-5.41269276
10.34284,10.43782,1.009183164,620.812,0.55304,0.498000936,17.01732099,0.734708333,-3.721822805,-3.781144312
4.0897,4.90958,1.200474362,657.911,0.49298,0.386911956,26.65386815,3.826592956,-4.220099765,-5.461186113
4.65199,5.7578,1.237706874,2612.11,0.70192,0.6846998,12.76084525,0.695865197,-3.718309257,-3.747259392
3.92148,5.83028,1.486755001,1129.71,0.58126,0.463258735,21.42296953,3.773391367,-4.255435588,-4.659619793
4.0944,5.86454,1.432331966,1075.36,0.57376,0.447282054,21.90548494,4.00801669,-4.14744488,-4.648869155
3.94678,4.76031,1.206124993,506.042,0.53304,0.383702851,26.17170078,3.105483332,-4.673470848,-5.204561492
5.81939,7.61968,1.309360603,1791.39,0.63844,0.686572878,20.4513454,3.493610042,-4.066430251,-4.088577771
3.80128,6.35889,1.672828626,492.986,0.47744,0.350193639,23.38425342,2.159572909,-4.295378367,-4.777021146
3.78902,6.38674,1.685591525,493.346,0.47682,0.349990458,23.34430744,2.141596102,-4.29741896,-4.773469606
6.70298,7.52312,1.122354535,1162.4,0.56862,0.542400366,21.46592918,3.457297464,-4.162271434,-4.462714068
5.12695,7.31754,1.427269624,429.66,0.45344,0.254562807,20.43612503,1.306023696,-4.018647829,-4.303560594
5.12362,7.3154,1.427779578,437.502,0.4535,0.254958622,20.2799046,1.291945901,-3.999359803,-4.305265937
5.07386,7.34058,1.446744687,438.282,0.4571,0.258028462,20.36279101,1.312080499,-4.042668202,-4.319201475
5.11399,7.32397,1.432143982,436.516,0.457,0.257958907,20.26048871,1.293455011,-4.005519643,-4.257463731
4.91036,7.23942,1.474315529,418.639,0.4502,0.250152803,20.89645785,1.360682336,-4.111676971,-4.361811001
5.01415,7.28763,1.453412842,420.212,0.45402,0.25365096,20.76331598,1.382638358,-4.024220378,-4.325312831
4.55031,6.97684,1.533266964,2230.05,0.64902,0.804700596,20.07185896,5.043221715,-4.091255086,-4.267091794
4.84816,6.85522,1.413983862,1493.87,0.59368,0.610985555,20.29548619,4.22516507,-3.941117788,-4.339425487
4.82147,5.41795,1.123713307,285.023,0.40012,0.262573499,22.10004707,1.18031222,-3.443829427,-4.116242859
4.55814,6.48228,1.422132712,1533.48,0.608,0.572343029,40.02099904,5.640467818,-5.061287052,-4.741993649
13.71841,15.61444,1.138210624,4719.81,0.79706,1.549955566,15.81075956,2.433493505,-3.890573227,-4.008968032
4.93416,5.27662,1.069405937,887.573,0.51682,0.443591856,26.02935845,3.627065807,-3.991621998,-4.836234452
7.69355,8.14869,1.059158646,1138.86,0.5748,0.58190565,22.67843263,3.82557356,-4.204696451,-4.367039721
9.57458,11.39023,1.189632339,4461.67,0.81702,1.655508636,13.39987295,1.274450517,-3.793350731,-3.785954194
3.95758,6.27152,1.584685591,549.659,0.47512,0.344035568,24.93029058,2.553343621,-4.111017909,-4.729823731
9.84925,10.99192,1.11601594,1227.19,0.63402,0.533314267,23.42600016,4.35748365,-3.944459537,-4.143350593
9.80954,11.06598,1.128083478,1259.94,0.63874,0.538248926,24.19649006,4.489524752,-3.995639713,-4.158817737
9.80964,11.01144,1.122512141,1275.48,0.63884,0.538482935,22.35089409,3.821099409,-3.92916771,-4.057894218
9.87899,11.15761,1.129428211,1270.76,0.63918,0.5410956,23.88372429,4.426844442,-3.940152498,-4.114244277
9.86004,11.10045,1.125801721,1246.47,0.63944,0.541301955,22.87424735,4.071617159,-3.9339244,-4.080309948
9.92421,11.20025,1.128578496,1223.25,0.64018,0.543303545,23.54281389,4.439138692,-3.944189173,-4.13202398
9.89743,11.20845,1.132460649,1256.49,0.64212,0.544681862,22.85906053,4.217969833,-3.880816656,-4.104111269
9.85075,10.95857,1.112460473,1294.76,0.65152,0.541556876,28.52466908,6.057426002,-4.736542409,-4.876869863
9.9584,11.06557,1.111179507,1264.96,0.6543,0.547921115,27.26640114,5.748483377,-4.201021441,-4.373334492
9.87166,11.0184,1.11616486,1251.12,0.63574,0.535148194,23.26717385,3.985698338,-4.012164433,-4.105068121
4.32453,5.60667,1.296480774,683.097,0.49452,0.398388786,22.3638544,2.050999443,-4.252653991,-4.806093248
3.97759,4.69443,1.180219681,471.991,0.51572,0.453165091,29.47245174,3.783428801,-4.649068579,-5.300374575
3.66466,5.583,1.523470117,678.739,0.54944,0.430865747,24.80706938,3.075798432,-5.021656832,-5.581686328
3.90334,6.17141,1.581058786,1160.41,0.55654,0.545895047,21.61897617,3.717448508,-4.718532088,-4.829587491
4.74964,5.60484,1.180055752,1058.79,0.55576,0.518224966,25.05692302,3.888004348,-4.550474479,-4.783124208
3.86868,5.70928,1.475769513,218.937,0.43164,0.355543108,21.01321286,0.490285053,-4.821843178,-4.897664524
3.74612,5.58117,1.489853502,201.672,0.42736,0.346568055,21.77674128,0.480712579,-4.955562375,-4.971016356
4.52244,4.75404,1.051211293,310.38,0.43144,0.362728366,27.39382203,1.90760761,-3.8285991,-4.890117931
4.28733,15.32957,3.575551684,875.405,0.64476,0.782314328,22.44576985,1.702252469,-4.978356783,-4.72935421
5.00794,7.15013,1.427758719,377.468,0.42798,0.21974174,21.53188799,1.205982303,-4.111278276,-4.341277017
5.01285,7.16272,1.428871799,386.347,0.43186,0.223459467,21.42321461,1.260060867,-4.073004096,-4.373715369
6.28305,7.33926,1.168104663,1966.75,0.65154,0.714525415,17.92470572,2.572645927,-3.970003816,-4.05324588
4.37055,6.13135,1.402878356,1698.16,0.5906,0.611304264,28.25958409,5.94386056,-4.283233004,-4.550186294
9.76034,10.78109,1.104581398,1353.61,0.6174,0.646967719,23.17271685,5.654988999,-3.484326538,-4.101274474
3.77144,4.79446,1.271254481,520.799,0.49512,0.322621002,33.51595023,4.244011107,-4.53188974,-4.91981174
5.89807,6.57892,1.115436066,2073.7,0.68,0.613801507,17.18706498,2.583010729,-3.638688109,-3.874842677
7.61249,12.51834,1.64444748,3166.39,0.73564,1.154838173,16.38538574,2.781830336,-4.095954411,-4.097858418
6.10049,8.23736,1.35027842,1374.39,0.6093,0.575489965,19.69231493,3.036853691,-4.065275402,-4.361667272
6.50203,8.0106,1.232015232,1283.16,0.5995,0.554035821,20.04590319,3.216845787,-4.079947826,-4.455898406
5.70388,7.44729,1.305653345,2262.58,0.66684,0.754528256,23.40815013,3.720987964,-4.262286004,-4.044504621
7.37101,8.67819,1.17734069,2119.7,0.64884,0.802873735,20.01097067,2.593777654,-4.218567779,-4.270867126
3.79148,5.77631,1.523497421,983.474,0.59082,0.400610252,31.21982067,5.797243637,-4.457861912,-4.904992678
3.67614,5.33789,1.452036647,197.515,0.46398,0.380976623,28.98320019,1.943107783,-4.6792599,-5.233802549
3.79797,4.46757,1.17630471,891.882,0.56274,0.419942688,26.47334218,4.818252077,-3.659044096,-4.489602341
3.80654,5.28786,1.389151303,375.654,0.44404,0.301846263,25.75732342,1.854605906,-4.058609006,-4.630102163
3.81788,4.66467,1.221795866,266.272,0.43542,0.19324259,25.51609031,1.643556243,-4.208384962,-5.234854139
7.45868,11.68951,1.567235758,3213.99,0.74172,1.166929141,17.09999494,2.713499033,-3.887689141,-3.953794767
7.334,11.52058,1.570845378,3183.77,0.73928,1.158119825,16.69763527,2.664086762,-3.878276909,-3.976801403
6.16263,10.94144,1.775449767,2699.42,0.71046,0.965640036,17.37801653,2.92089909,-3.883495377,-3.996358299
4.64075,7.7679,1.673845822,1930.62,0.64124,0.658242401,18.89690935,3.345198055,-3.893240086,-4.015133768
6.0803,10.98417,1.806517771,2607.63,0.70462,0.934906061,17.11051551,2.864380769,-3.830721596,-4.007896804
5.27685,5.74302,1.088342477,1639.49,0.63964,0.525009439,23.20563317,5.459844833,-4.149705515,-4.502641559
8.2956,9.08968,1.095723034,3051.55,0.73364,1.017915219,15.21123146,1.791740561,-4.016689523,-4.019377839
4.5685,8.74594,1.914400788,2103.33,0.64528,0.723170528,20.05527454,5.870586452,-4.180571681,-4.267024719
4.55116,8.71895,1.915764333,2095.87,0.64422,0.71917533,20.15945772,5.889402049,-4.202955742,-4.285227606
4.52269,8.66619,1.916158304,2066.98,0.64226,0.715547841,20.2649594,5.787282372,-4.197804938,-4.299626446
3.98335,5.17179,1.29835189,585.295,0.49382,0.415386686,25.42990727,2.573301298,-3.607970954,-4.487746963
3.71971,6.29773,1.693070159,949.639,0.53612,0.488826077,26.04715935,4.327891468,-4.389351842,-4.833456544
5.93484,7.26398,1.22395549,1664.86,0.61874,0.666327799,21.49141549,5.506474466,-3.849218114,-4.203393163
4.99033,10.05627,2.015151303,1285.35,0.65212,0.511045805,16.20679887,1.210569899,-4.005147455,-4.115406277
5.24596,7.57658,1.444269495,1182.45,0.5517,0.53695521,23.64566548,3.931594223,-4.562663638,-4.688419057
5.30803,6.66583,1.255801116,2337.47,0.66744,0.711273662,17.53855258,2.870929632,-3.749954113,-3.952226598
5.30501,6.66603,1.256553711,1988.42,0.64502,0.662643671,18.48134141,3.454053156,-4.012835508,-4.168419605
4.92807,5.59298,1.134923002,1037.91,0.55882,0.482565068,21.03165031,2.578045332,-4.02584982,-4.473411084
4.5802,6.15184,1.343137854,693.732,0.52542,0.436120057,22.96655651,2.437564063,-4.249439416,-5.047249478
6.64118,10.30601,1.551834162,2422.77,0.69722,0.86512953,18.42564435,2.188331477,-4.011142504,-4.083694234
4.50564,5.27757,1.171325272,645.373,0.54238,0.437265699,24.59056933,2.417575716,-4.504880593,-4.729287964
5.40382,6.42465,1.188908957,1855.47,0.64804,0.670305539,17.90099353,3.505444246,-3.779755525,-4.028360411
4.27158,6.83841,1.600908797,1204.6,0.62548,0.538942072,18.98436084,2.936612794,-4.110788257,-4.591323389
4.80173,5.28453,1.100547094,861.125,0.55174,0.384485126,21.93611162,2.364319803,-3.825624428,-4.477536024
5.56339,6.45056,1.159465721,532.83,0.57344,0.496846191,31.68534002,5.32625416,-4.959096431,-5.136267758
5.57332,6.39416,1.147280257,552.103,0.56746,0.495741131,40.16008009,5.801699197,-5.605621032,-5.459860861
3.83342,5.85396,1.527085475,1090.14,0.5812,0.567334349,22.5973746,3.907945712,-4.520569104,-4.951017954
3.84033,5.85231,1.523908102,1103.3,0.58314,0.572126564,22.5015613,3.870514429,-4.515413511,-4.947521987
4.91,12.75,2.596741344,1947.26,0.67688,0.924518844,21.91316379,3.931084444,-4.591726887,-4.364222788
4.99,12.87,2.579158317,1981.25,0.67844,0.930851575,22.22723988,3.914407522,-4.840634769,-4.338458769
5.3,12.37,2.333962264,2021.24,0.940935,1.302956156,22.18547865,3.982560603,-4.582589221,-4.278144886
5.74,12.5,2.177700348,2134.81,0.68,0.957746479,22.84164857,3.816304868,-4.556111604,-4.274508684
4.37434,6.87571,1.571827979,656.753,0.53418,0.423200025,25.60659621,3.370454244,-4.831865936,-4.898781952
6.58555,8.25256,1.253131477,1282.69,0.58768,0.517337606,21.162909,3.118999547,-4.180246207,-4.321317531
5.47787,7.34237,1.340369523,470.44,0.47334,0.309570836,34.64822888,2.454831951,-4.956842358,-4.584074223
4.10291,4.99697,1.217908753,466.878,0.5058,0.397173145,33.09210338,3.330369097,-5.572466479,-6.294631818
3.82583,4.81496,1.258539977,1175.18,0.57806,0.509991442,44.32844912,6.674592325,-5.436300853,-5.622931832
4.32281,5.49382,1.270890925,1579.69,0.62012,0.605905458,30.82816741,8.168574724,-4.461455047,-5.122284879
4.62985,5.27906,1.140222685,1538.28,0.60934,0.580722019,31.88617979,7.54169846,-4.377760017,-5.176449866
4.02699,5.10607,1.267961927,1244.1,0.58484,0.522916257,33.85966023,7.102061762,-4.577697605,-5.391054372
4.94756,7.14061,1.443258899,1060.07,0.56,0.464606909,29.1133632,5.619169073,-4.4702994,-5.2234313
4.84747,5.28866,1.091014488,785.483,0.52848,0.406692011,39.24355211,5.341695331,-5.049007151,-5.197804663
4.43587,5.52911,1.246454472,791.182,0.52602,0.40561673,35.15669703,5.321357657,-4.877259023,-5.447491245
3.9272,4.89671,1.246870544,1094.62,0.5883,0.442706962,39.94360232,5.627877584,-5.026006785,-5.293402742
6.71212,7.38705,1.100553923,2279.9,0.6779,0.724881762,25.26554658,6.610372502,-4.316642344,-4.378593251
5.77243,6.67772,1.156829966,995.471,0.5834,0.422919113,19.48849265,3.145673018,-3.733386424,-4.374844135
6.60927,7.27418,1.100602638,875.752,0.5622,0.381833371,18.57688523,2.063468292,-3.760190475,-4.0050796
4.86289,7.00326,1.440143618,1223.57,0.57592,0.48732442,21.70965129,4.580922352,-3.990404676,-4.478245382
7.72449,8.38907,1.086035453,1406.18,0.6728,0.560073922,21.37343916,2.413540942,-4.388184256,-4.347332081
4.34629,6.13469,1.411477375,2253.61,0.69064,0.585615683,13.93593139,0.752205064,-3.700289751,-3.730998996
6.53331,13.51443,2.068542592,3237.7,0.74626,1.141735476,21.12743322,3.512942051,-4.337654719,-4.019648868
4.14329,4.62596,1.11649438,311.754,0.46884,0.323590108,26.01557552,2.607466019,-4.383289698,-4.866670915
4.86799,7.01725,1.441508713,1442.48,0.63382,0.51474422,17.9454166,3.105165743,-3.766296598,-4.124467441
9.52295,10.82294,1.13651127,1292.73,0.64498,0.60317965,18.63361934,2.124236791,-3.925151583,-4.215431633
11.13953,21.8367,1.960289168,4332.84,0.81434,1.863307706,13.84436176,1.855175725,-3.824311969,-3.837786384
8.72821,13.8531,1.58716392,2746.46,0.74116,0.972164836,19.91349376,3.48290159,-4.25988793,-4.144099184
10.31061,11.13693,1.080142688,2603.63,0.80082,1.069236973,26.1519359,2.035786699,-4.54336269,-4.102043578
4.83707,7.10977,1.46985055,1457.11,0.56878,0.540927636,29.34068173,4.656588161,-4.775079588,-4.600866285
3.82945,4.48241,1.170510125,422.386,0.505,0.398809101,34.61393042,4.72081908,-4.672600552,-5.756617308
7.94106,15.02876,1.892538276,3670.02,0.8106,1.360304483,10.55245295,0.745845143,-3.761889738,-3.723268949
7.93728,15.03569,1.894312661,3669.99,0.81046,1.359909794,10.54898119,0.738645281,-3.793641087,-3.740095002
6.29437,6.7326,1.069622536,816.401,0.57104,0.371765993,18.37780363,1.528343298,-3.764641855,-4.150455356
7.66991,8.43825,1.100175882,1577.1,0.60878,0.67678543,18.05245824,2.540848818,-3.82954827,-3.988727219
4.45301,6.06535,1.362078684,682.017,0.53446,0.39393247,28.03825341,3.565270788,-4.510798036,-5.068302566
6.50841,6.88683,1.058143233,1092.12,0.56996,0.445048295,27.74766023,5.840301467,-3.711450848,-4.633486103
6.57314,6.93182,1.054567528,889.223,0.57194,0.359762733,29.29971635,5.004657885,-3.795032017,-4.836669992
6.53286,6.92288,1.059701264,846.675,0.55538,0.335767747,20.58385912,3.421225205,-3.481601726,-4.221668917
6.48693,6.87869,1.060392204,850.375,0.56576,0.3469941,27.74878566,4.648654485,-3.691095897,-4.643886687
6.50199,6.86565,1.055930569,863.938,0.56868,0.348631052,26.13516816,4.579670798,-3.739566962,-4.658359411
6.45021,6.84748,1.061590243,822.641,0.56358,0.337481137,24.67089089,4.318535771,-3.706473147,-4.500536688
7.95608,15.10116,1.898065379,3701.81,0.81036,1.374663484,10.39788897,0.707557223,-3.74376584,-3.733301016
7.9585,15.1002,1.897367594,3694.3,0.8104,1.373775866,10.39882497,0.707611607,-3.74477938,-3.726703791
7.9386,15.0923,1.901128662,3694.94,0.81016,1.373369023,10.39374979,0.711020786,-3.76577067,-3.738914354
7.93691,15.06244,1.897771299,3742.7,0.80926,1.367723312,10.42113725,0.73475273,-3.735760588,-3.759715191
7.93652,15.0745,1.899384113,3749.18,0.80934,1.37039696,10.40008403,0.736319328,-3.738920245,-3.7243397
7.93827,15.0805,1.899721224,3753.63,0.80934,1.373093915,10.38029808,0.732565985,-3.74744061,-3.71715449
7.93483,15.09972,1.902967045,3757.35,0.80928,1.374433179,10.36546962,0.725960295,-3.744778232,-3.730224704
5.12,12.83,2.505859375,2057,0.68324,0.952250871,21.8243373,4.017971241,-4.578413661,-4.338217618
4.57521,6.45802,1.41152428,1237.48,0.56584,0.546594411,21.70101677,4.566451112,-4.15719401,-4.737391133
4.95549,5.57744,1.125507266,1497.21,0.62984,0.588811607,19.44736514,3.806153541,-3.722314267,-4.279107298
4.43769,9.81867,2.212563293,2426.02,0.71732,0.855304577,20.49609864,2.935531992,-4.37066251,-4.16818544
4.36946,9.36969,2.144358799,2345.39,0.71128,0.805835989,20.72038704,2.777206375,-4.431197991,-4.216037225
4.21977,5.14094,1.218298628,324.86,0.4525,0.28154029,41.16190927,2.795226183,-4.793473609,-7.282014465
6.60905,8.11845,1.228383807,2046.59,0.6414,0.701685292,19.80909712,3.202120181,-3.994957948,-4.058080391
4.15581,4.72844,1.137790226,111.176,0.43422,0.199426824,24.96507962,0.566636907,-3.590644533,-4.391873246
3.8135,5.18429,1.359457192,1162.35,0.60266,0.514232568,22.24883607,3.961769058,-4.361992744,-4.855066046
9.11981,24.94881,2.735672125,4598.57,0.83746,2.056777128,17.54308121,1.919876782,-3.876534141,-3.743888816
8.48832,13.20779,1.555995768,4426.29,0.8025,1.559193999,15.71059402,2.030104954,-4.036433163,-4.055960541
3.76828,5.28106,1.40145106,171.248,0.45956,0.307972738,28.83158166,1.966675113,-4.981060553,-5.541716495
10.72802,11.49386,1.071386892,1127.31,0.6359,0.485293893,24.24867146,4.758967903,-3.835528062,-4.20247137
4.85253,5.52925,1.139457149,2537.38,0.66302,0.821204521,22.50573877,8.194413228,-3.91811522,-4.423673959
5.48027,9.63173,1.75752837,2488.5,0.70486,1.057454434,17.04746993,3.431691153,-4.033198676,-4.115101884
4.2936,5.70322,1.328307248,680.719,0.50462,0.35543378,41.37358766,4.026494797,-5.069018806,-5.481962853
8.56919,8.60977,1.00473557,718.499,0.61954,0.383084762,13.82867551,0.282011526,-3.546993356,-3.575374301
6.39708,7.09435,1.108998168,1965.67,0.6983,0.632329105,17.18556082,1.901959889,-3.937769131,-4.135106019
5.88011,6.8723,1.168736639,888.656,0.55428,0.382972549,21.34510092,3.435874145,-3.735993789,-4.333039296
4.56714,5.07559,1.111327877,458.194,0.4833,0.289179551,26.03422532,2.321298407,-3.787979646,-4.701958762
3.79883,4.22152,1.11126847,161.754,0.4336,0.237794913,29.45554413,2.043715666,-3.62779193,-4.458889098
4.05785,12.81022,3.156898358,2408.02,0.70774,0.917513972,21.71973236,4.364861326,-4.350857627,-4.231235149
6.8654,20.18098,2.939519911,1072.25,0.61622,0.697862201,32.17144084,4.616230882,-5.194010391,-4.389934856
3.93225,5.91307,1.503737046,1195.09,0.57774,0.609820845,25.71297515,6.895223589,-4.424373823,-4.987887327
3.88293,5.76478,1.484646903,1031.08,0.5637,0.578105226,26.7534925,6.711415297,-4.46417355,-5.150888291
8.10197,9.99333,1.233444459,2016.74,0.66814,0.82342067,20.54022199,3.064915687,-4.472044092,-4.549385756
3.8157,9.4187,2.468406845,1172.66,0.59984,0.519846085,25.50546818,4.2804429,-4.698426274,-4.646994352
4.09783,9.48211,2.313934448,1668.31,0.69616,0.631431914,37.85974776,8.797158302,-5.098896664,-5.091148755
3.89223,4.46919,1.148233789,206.548,0.43756,0.243083487,27.02075135,1.559019512,-3.907611816,-4.303689231
4.49229,6.16997,1.373457635,775.622,0.49054,0.423693825,24.34129193,3.916755443,-4.374022014,-5.167033596
3.73909,5.78145,1.546218465,711.771,0.53086,0.42001076,24.21391497,3.723853427,-4.331141233,-4.802878371
4.55513,4.98366,1.094076349,816.945,0.52538,0.487786309,33.83743386,5.13251417,-5.037056545,-6.618337794
12.07725,14.54406,1.204252624,4008.29,0.80904,1.609053211,13.97456297,1.331266875,-3.758698363,-3.788060591
3.67872,4.91078,1.334915405,303.01,0.4225,0.328461479,29.18404695,2.202319621,-4.558613032,-5.40970761
5.77662,7.72615,1.337486281,938.473,0.5714,0.484660339,33.86558047,4.544040529,-5.409835954,-5.138822547
5.86346,12.80393,2.183681649,2589.65,0.73358,1.001810847,14.63002776,1.576188231,-3.814641467,-3.867525608
3.70757,5.32747,1.436916902,636.907,0.52872,0.364669692,23.86120893,3.282084384,-4.029320904,-4.498265827
6.07561,8.59986,1.415472685,1187.48,0.63712,0.476943347,15.93500908,1.160567072,-3.853236854,-3.953601425
4.1628,7.20254,1.73021524,1873.09,0.63946,0.72098055,24.23445612,7.112780896,-4.527339255,-4.869641708
4.24331,6.01025,1.41640606,1304.98,0.59982,0.593869428,23.9176636,4.915753865,-4.534124036,-4.880304421
5.00426,5.91163,1.181319516,914.565,0.56176,0.485972577,22.12570963,3.405953063,-3.247209599,-4.277457787
3.65537,4.29529,1.17506299,162.345,0.50198,0.345008179,31.06582499,3.338498083,-6.099300511,-6.429455729
6.02504,6.36041,1.055662701,466.314,0.45788,0.328809226,21.14169797,1.613670508,-3.89913175,-4.743516785
3.68842,5.30986,1.439602865,736.677,0.59304,0.420700174,25.4310042,4.36198934,-4.443315697,-5.133378219
3.90043,5.63611,1.44499709,940.737,0.56404,0.530796232,27.59151054,5.935150717,-4.46181703,-4.963658442
3.9288,5.58762,1.422220525,938.143,0.561,0.522779585,27.82204111,5.868607481,-4.459437124,-5.020483112
4.68748,6.39737,1.36477809,1121.31,0.56266,0.5375664,24.26942393,4.604768922,-4.451913121,-4.883289365
5.91491,7.0104,1.185208228,1465.2,0.61256,0.60197724,19.18283425,3.840702975,-4.028083184,-4.382853738
3.83248,7.2178,1.883323592,982.123,0.56322,0.513830602,24.87000191,5.750191942,-4.821443223,-5.026699893
3.92306,5.41094,1.379265165,525.58,0.50398,0.385447259,25.6321012,2.872305057,-4.854479969,-5.454091306
3.8162,5.19023,1.360051884,541.861,0.49884,0.377954904,26.2558066,2.755335848,-4.913564547,-5.633008852
3.85018,6.13233,1.592738521,505.793,0.47386,0.345210429,25.96987102,2.514744519,-4.391191969,-5.286154693
4.49425,6.01281,1.337889526,1757.32,0.61876,0.606377766,21.0495788,4.890946541,-4.168182348,-4.418241914
4.28425,5.4803,1.279173718,890.741,0.55348,0.509593783,26.27256605,4.535696413,-3.671859592,-4.711300248
4.66596,8.11285,1.738731151,1591.09,0.6161,0.571463023,36.6786285,6.193308991,-5.212842891,-4.924595426
4.90341,6.04161,1.232124175,706.596,0.56768,0.317704078,19.12634082,1.998465898,-3.155959586,-3.809671986
5.33783,6.41625,1.202033411,779.434,0.5883,0.351986694,17.35942241,1.694032301,-3.461751977,-3.987879247
9.80221,10.90817,1.112827617,1390.23,0.63658,0.586958526,20.34969108,3.921416895,-3.602901856,-3.820381678
9.9815,11.0404,1.10608626,1415.98,0.64618,0.601825463,18.66591919,2.853416289,-3.546971463,-3.776394823
9.68892,10.81251,1.115966485,1282.6,0.6241,0.534039567,21.45931026,5.130856909,-3.472421656,-3.966558114
14.40453,14.69858,1.020413717,1314.52,0.69086,0.695165857,26.80607054,2.837649698,-3.43111912,-3.72362974
3.73399,5.15517,1.380606268,328.318,0.4219,0.257458611,26.45336341,1.732817106,-3.685670113,-4.421063765
4.05863,5.50924,1.357413709,675.159,0.48386,0.370166929,23.20967578,2.838045741,-4.253886266,-5.02815257
5.7674,9.21037,1.596970905,2423.82,0.72872,0.818484873,12.48404131,1.063399223,-3.724111372,-3.795739991
8.26406,11.66545,1.411588251,1399.22,0.63792,0.631516423,20.5169106,1.510427848,-4.24675821,-4.186171544
13.78223,14.55985,1.056421929,1768.35,0.66548,0.847935333,22.98104679,3.247536711,-4.492076127,-4.463002742
5.32518,5.69577,1.069592014,584.031,0.45438,0.330867254,21.7450956,2.004327488,-3.700467476,-4.367936139
7.02568,8.26904,1.176973617,1757.09,0.64034,0.607193317,16.80209789,2.238892996,-3.924539279,-4.027706237
4.56467,7.5362,1.650984628,626.229,0.52822,0.401828777,20.79402083,1.636154497,-4.056505122,-4.486657336
6.65728,13.17739,1.979395489,2175.87,0.72038,0.816844426,24.3236705,2.860537642,-4.509574305,-4.047503304
6.67449,13.23241,1.982534995,2204.67,0.72128,0.823004134,24.14644983,2.758883882,-4.518840231,-4.049302349
4.09866,6.92788,1.690279262,634.011,0.5611,0.35176478,22.03170062,1.593654469,-4.327834708,-4.695665933
4.63026,4.96727,1.07278425,535.005,0.47418,0.366773924,27.71907916,3.081541277,-3.775189601,-5.058818693
4.24915,4.96103,1.167534683,508.955,0.46122,0.319776471,25.20990619,2.430774455,-4.123394187,-5.346569607
5.6534,7.52412,1.330901758,1311.35,0.56146,0.544340492,24.10918145,6.976645933,-4.156094283,-5.077957996
5.87256,7.70412,1.311884425,1344.5,0.5635,0.549011584,24.24862192,7.056866761,-4.17932679,-5.070350127
5.85542,7.66591,1.309198999,1311.66,0.56478,0.548532468,23.90398844,7.042478949,-4.173632663,-5.073611099
5.84066,7.68055,1.315014057,1302.26,0.56552,0.551194456,23.78781196,7.059397847,-4.206840739,-5.094321373
5.87796,7.6755,1.305810179,1329.6,0.566,0.551339873,23.80763221,7.076203133,-4.233494505,-5.100341549
5.80686,7.61946,1.312148046,1301.82,0.56382,0.546861815,24.17157,7.078643671,-4.176035432,-5.116923885
3.97544,4.76594,1.198845914,1042.83,0.50466,0.430424659,30.49629928,6.208207964,-4.420548973,-5.253483307
3.93529,5.17234,1.314347863,278.396,0.4662,0.386045395,33.30648071,2.673636533,-5.513593019,-5.861048131
4.889,7.82073,1.599658417,899.199,0.54798,0.423818216,17.38476727,1.426996621,-3.925746584,-4.216682406
4.95438,7.90715,1.595991829,908.856,0.54708,0.422625301,17.30577872,1.437164844,-3.918504917,-4.207067673
9.55837,11.66692,1.220597236,3446.24,0.77694,1.296637494,12.83162864,1.05574332,-3.700881176,-3.70412694
3.81154,4.91554,1.289646704,302.303,0.46388,0.324480103,29.00691917,2.811017097,-4.138671971,-5.431669901
5.32796,9.40759,1.76570207,1373.72,0.65316,0.708536368,21.21162283,3.096434131,-4.509165776,-4.369131892
5.48397,9.58037,1.746977099,1443.13,0.6563,0.7373246,20.37812834,2.797550586,-4.388365022,-4.326506961
6.34934,7.54991,1.189085795,1827.1,0.67696,0.667455435,20.51339077,3.783802005,-4.049716104,-4.300364389
6.609,9.78512,1.480574974,4388.3,0.76586,1.439215841,20.13788653,5.020592419,-4.116450505,-4.103894804
5.07129,5.64907,1.113931564,808.203,0.50172,0.407471778,23.32092348,3.184094879,-4.610143053,-5.126650419
4.92542,5.30336,1.076732543,904.3,0.54002,0.452448578,27.45072846,5.146089283,-4.025922782,-5.13855442
4.88912,5.25442,1.074716922,896.628,0.53448,0.441971041,27.71067367,5.098827197,-4.148238086,-5.360038014
4.9355,5.40311,1.0947442,966.824,0.54358,0.455450356,27.49718588,5.257724967,-3.688106913,-4.84491779
4.88245,5.24171,1.073581911,873.584,0.53678,0.44316934,27.82623913,5.118782384,-4.219474511,-5.352900589
4.95925,5.42751,1.094421536,922.896,0.54634,0.463121668,26.96205965,5.198936958,-3.69286726,-4.795185689
4.69215,5.21289,1.110981107,678.287,0.48598,0.382065756,25.2277217,3.097432823,-4.769472617,-5.35050883
4.01855,4.61836,1.149260305,416.581,0.44516,0.324432265,27.79043778,2.523956639,-4.901333754,-5.976196521
5.49511,6.10412,1.110827627,919.561,0.51716,0.434869622,22.2470596,3.537554527,-4.551373893,-4.991669113
5.42401,6.09975,1.124583104,919.926,0.5164,0.434121039,22.04939687,3.46533733,-4.552891366,-5.013127451
5.47386,6.14785,1.123128834,931.39,0.52082,0.441597422,22.11488714,3.496279701,-4.495238678,-4.98016856
9.44256,10.30257,1.091078055,981.807,0.58932,0.542342309,18.44178484,1.5056162,-3.545619226,-3.62622004
10.04078,10.44279,1.040037726,986.401,0.59344,0.54964943,18.08864092,1.384073744,-3.487528224,-3.626914921
3.72974,5.95531,1.596709154,1193.66,0.58168,0.523899161,21.18611094,3.207597165,-4.223692003,-4.717836713
7.39459,7.6174,1.030131488,2575.84,0.68964,0.791417928,21.30038757,3.320296386,-4.113354391,-4.178147207
4.2806,6.36296,1.486464514,1326.63,0.60576,0.501901519,41.45009836,8.103576987,-5.044660863,-5.087602386
6.74493,12.05622,1.78744924,3576.51,0.78288,1.265696312,19.57219763,2.174129569,-4.061461011,-3.883063674
7.01697,8.19723,1.168200805,1100.36,0.61842,0.450077509,26.08877045,2.874957617,-4.387118465,-4.312540395
3.67608,4.72309,1.284816979,229.898,0.4135,0.270300305,28.54590704,1.582200819,-4.121001171,-5.238407686
4.29241,4.96705,1.157170447,308.607,0.41458,0.280297755,27.77282283,1.640735042,-4.141779057,-5.730303443
4.26488,4.95272,1.161280036,316.35,0.42548,0.292820569,27.36312343,1.624878088,-4.202762924,-5.752867527
5.20447,5.51433,1.059537282,500.088,0.44822,0.322309711,22.17312273,1.815557648,-3.786414631,-4.761104182
3.90767,5.34449,1.367692257,659.675,0.47608,0.397508475,29.29979535,3.429568269,-4.19357415,-5.253892322
4.69426,5.32382,1.134112725,317.386,0.4246,0.256295724,25.57604317,1.634996978,-3.572490383,-4.967828522
4.51055,5.18677,1.149919633,338.329,0.42572,0.279501556,25.96022445,1.883048376,-3.805734882,-5.189313141
5.19927,10.24604,1.970668959,2927.81,0.723,0.933258466,16.78224372,3.797977565,-3.944492286,-4.033043389
4.24517,5.44824,1.283397367,1365.14,0.62774,0.566639286,21.07968709,3.726992876,-4.323771466,-4.544913414
3.98212,5.38373,1.351975832,1169.79,0.60824,0.528876754,22.17953705,3.711277111,-4.397291643,-4.681441793
4.49786,5.94944,1.322726808,1679.34,0.64166,0.60482039,19.36528402,3.393489648,-4.148499493,-4.371335413
4.1915,5.76423,1.375218895,1444.82,0.62674,0.570598785,20.10870366,3.370133755,-4.226996028,-4.456345117
4.42912,5.58853,1.261769832,1453.05,0.62874,0.576809813,20.45588784,3.57915533,-4.255461695,-4.480688879
4.25931,7.74379,1.818085558,1930.06,0.67216,0.700458524,16.32554447,2.222891382,-3.994307615,-4.111106131
5.2032,6.77313,1.301723939,1701.91,0.65054,0.568479923,18.39263317,4.11922372,-3.642545562,-4.040877045
4.14354,5.32617,1.285415369,1702.56,0.67174,0.610650522,32.0822985,8.266286051,-4.847678844,-5.519782437
4.15643,5.36278,1.290237054,1736.17,0.67378,0.614347977,31.86221904,8.331714784,-4.886441923,-5.551321253
7.97271,18.51843,2.322727153,3994.77,0.80888,1.522887175,11.59976669,1.2127948,-3.608348981,-3.648146599
7.96401,18.83938,2.365564584,4063.31,0.80806,1.532082226,11.73514246,1.252839478,-3.60928962,-3.705179917
4.32368,5.82132,1.346380861,1064.91,0.56054,0.450243781,25.42818995,5.164124513,-3.788441426,-4.535001952
4.13773,5.34824,1.29255413,563.617,0.4917,0.366696746,31.04450122,4.044908859,-4.561035936,-6.26132004
4.14932,5.34764,1.288799129,577.376,0.49112,0.365754118,31.14876179,4.064900187,-4.567212858,-6.232384123
6.89727,8.49976,1.232336852,1056.16,0.57166,0.433230014,20.75636302,2.682428514,-4.268365994,-4.404507584
4.83873,5.08726,1.051362651,624.944,0.46016,0.361499544,27.17038954,2.93381676,-3.78716992,-4.57500716
5.15007,7.43512,1.443692998,2357.33,0.67048,0.790623084,17.23168123,3.037787275,-3.999983845,-4.143184064
16.76415,16.84369,1.004744649,1930.1,0.75648,1.092522414,21.70054358,3.464848246,-4.143696608,-4.233652588
16.82951,16.91027,1.004798714,1944.02,0.75698,1.125696143,18.05678037,2.295760755,-3.480005192,-3.611555927
16.82254,16.90358,1.004817346,1941.99,0.75824,1.129242441,18.70917129,2.549003661,-3.830267959,-3.94816361
16.81333,16.8944,1.004821769,1939.29,0.75818,1.128004011,18.87828419,2.581408733,-3.607806931,-3.641887154
16.84467,16.92569,1.00480983,1942.31,0.75908,1.133542297,18.83228954,2.526231734,-4.018959171,-4.062986529
5.59961,14.89833,2.660601363,2197.65,0.6694,0.978308844,28.16355256,2.542451651,-4.471755286,-4.354862622
4.30891,5.59771,1.299101165,1136.47,0.55448,0.519682087,37.95794758,6.786419799,-4.951864138,-5.638027033
4.73878,9.63659,2.033559271,1926.46,0.64786,0.715476066,22.05685678,4.876756771,-4.295250431,-4.525507272
4.63709,9.00352,1.941631497,1350.84,0.6343,0.677569594,23.91172203,4.84263477,-4.509580389,-4.624379386
8.5918,11.35798,1.321955818,2735.31,0.72182,1.069716366,28.87766643,4.892502319,-4.362312551,-4.532609083
7.72647,8.91518,1.153849041,1155.3,0.55596,0.55111023,22.94781759,2.484819292,-4.214217243,-4.157935382
4.25525,7.03566,1.653406968,1389.12,0.5956,0.527756856,21.84810078,5.342287062,-3.763645382,-4.47339188
7.53558,9.31006,1.235480215,4330.66,0.7641,1.315873314,14.74874705,2.691292645,-3.76009332,-3.800661618
3.81259,6.20608,1.627785836,631.842,0.53298,0.358563807,28.34171335,2.914481384,-4.821926292,-5.076914407
3.77069,6.16395,1.634700811,645.05,0.53498,0.364026075,27.20399627,2.846447859,-4.730450908,-5.091631887
4.88112,7.54049,1.544827826,1255.76,0.59464,0.506999983,22.14845834,3.5871636,-4.14269119,-4.375019613
3.91181,6.25491,1.598981034,723.011,0.54414,0.389486568,28.79466765,3.157785248,-4.812324179,-5.010973758
4.54894,8.97967,1.974013726,1012.28,0.61512,0.439167529,21.53840671,2.198107886,-4.506040051,-4.653197985
5.16476,6.25712,1.211502567,1204.77,0.56588,0.529151588,23.98070774,4.752316297,-4.092795905,-4.556142899
5.90628,7.14471,1.209680205,2029.65,0.64238,0.731648424,20.48516305,3.996632607,-4.115959599,-4.185578114
6.64351,8.52239,1.282814356,2997.89,0.70128,0.979419454,16.44164467,2.821627163,-3.875233475,-3.891819084
9.04853,12.50004,1.381444279,3196.15,0.76914,1.235764781,14.53729887,1.913613638,-3.624523764,-3.723161677
3.80425,4.17698,1.097977262,119.352,0.3985,0.227625837,27.36719963,0.868021475,-3.994567402,-4.917099252
6.5651,8.76979,1.335819713,1949.75,0.72074,0.584854829,21.25956544,3.138799796,-4.019498079,-4.111792312
6.72598,9.46149,1.406708019,1886.94,0.72764,0.550325216,20.20129267,1.997881516,-3.995487741,-4.023208679
5.40047,5.70954,1.057230204,1455.03,0.6172,0.621447594,21.2711744,5.005957661,-4.121658231,-4.724628999
6.14293,6.51956,1.061311133,1175.52,0.62042,0.495388817,21.45851728,4.708674161,-3.31145904,-4.169260282
11.50288,12.58218,1.093828676,3197.52,0.75846,1.257170893,15.18885239,2.300284361,-3.762490869,-3.850875368
3.93087,5.33307,1.356714926,1132.67,0.60896,0.526499628,22.59888275,3.886235562,-4.382074797,-4.709077788
5.08903,7.68734,1.510570777,1366.39,0.56048,0.513692855,20.84940952,4.533961157,-3.810062253,-4.290319917
4.52002,13.35543,2.954728076,1960.77,0.69226,0.707783099,18.20284898,2.848625323,-4.008998489,-4.125062587
4.52582,13.6466,3.01527679,1943.27,0.6941,0.71599587,22.16463928,3.591718809,-4.237400299,-4.330357518
4.33422,5.77585,1.332615788,1426.67,0.61016,0.511831962,21.44394903,3.864715295,-4.228442484,-4.551808453
8.11803,12.26016,1.510238321,1739.43,0.6458,0.764194336,25.96076288,3.440481347,-4.53158939,-4.791869112
7.20564,13.36085,1.854221138,3517.67,0.80198,1.301260729,10.82729164,0.74957657,-3.756721661,-3.748081269
3.66569,4.95338,1.351281751,615.084,0.53848,0.44225794,26.65538737,3.595578727,-4.908772128,-5.301748997
3.68023,5.07328,1.378522538,659.075,0.5447,0.450146688,26.24781692,3.636862658,-4.881748874,-5.208641767
3.81053,4.41097,1.157573881,823.104,0.56806,0.458319886,25.17719715,3.149915291,-3.761593087,-4.962931397
4.86322,7.46107,1.534183113,857.469,0.53892,0.41130454,17.96905941,1.491270826,-4.041791094,-4.311267453
4.65771,6.51326,1.398382467,1287.52,0.64626,0.373694619,38.75234629,5.647288653,-5.29948152,-5.265340853
7.78405,8.80758,1.131490676,3007.7,0.7064,0.98960245,16.69122299,2.138082981,-3.863018856,-3.887999163
7.9588,15.10806,1.898283661,3733.68,0.8119,1.377897633,10.41242866,0.711490563,-3.736818575,-3.75110553
7.9644,15.09714,1.895577821,3732.07,0.8123,1.377076082,10.3757536,0.723358767,-3.777097648,-3.759257337
7.96701,15.09349,1.894498689,3729.23,0.81226,1.37582807,10.43017675,0.717973076,-3.735981548,-3.756048749
7.95718,15.08596,1.895892766,3726.04,0.81206,1.37376738,10.43753922,0.720242818,-3.77075071,-3.773376197
7.96677,15.08284,1.893218958,3722.2,0.81234,1.373618291,10.44623775,0.726723302,-3.736228899,-3.749821069
7.96595,15.0609,1.89065962,3719.16,0.81248,1.372246994,10.47208951,0.727267147,-3.734718435,-3.737909391
7.96658,15.05711,1.890034369,3720.94,0.81252,1.371455192,10.48048417,0.72968807,-3.758188904,-3.772934797
7.9668,15.06038,1.890392629,3720.32,0.81244,1.370253933,10.4925231,0.738557008,-3.741842852,-3.742848917
7.96703,15.0563,1.889825945,3717.05,0.8128,1.369920734,10.50678183,0.736969102,-3.734676816,-3.748292781
7.9598,15.04191,1.889734667,3715.38,0.81252,1.368240427,10.49870595,0.745068946,-3.747000091,-3.766375186
7.97451,15.04391,1.886499609,3710.62,0.8128,1.367392533,10.52775256,0.741567435,-3.788218,-3.746063892
7.97184,15.03142,1.885564688,3711.51,0.81292,1.36664257,10.52386327,0.747719176,-3.737833751,-3.746573338
7.96935,15.01657,1.884290438,3707.4,0.81264,1.364996926,10.5350051,0.745717298,-3.72671803,-3.753713923
7.96738,15.02896,1.886311435,3710.21,0.8128,1.364534526,10.54862962,0.747239253,-3.765425597,-3.75116749
7.97064,15.01042,1.883213895,3702.77,0.81282,1.363140109,10.56013211,0.750903106,-3.741856443,-3.743677562
7.97129,15.00796,1.882751725,3704.87,0.81292,1.362992373,10.56082478,0.752299246,-3.753158582,-3.764601458
7.97632,15.0088,1.881669742,3696.74,0.81288,1.360641688,10.58848776,0.765009598,-3.74802911,-3.73203248
7.97705,15.00013,1.880410678,3695.84,0.81298,1.359971361,10.5911399,0.762319797,-3.747914575,-3.725787676
7.97713,14.99731,1.88003831,3685.48,0.81244,1.357058982,10.61373524,0.753261121,-3.757505404,-3.743496761
7.96906,14.99836,1.882073921,3688.78,0.81264,1.357472413,10.60678399,0.75883452,-3.762082305,-3.752334361
4.9389,5.99664,1.214165097,1343.51,0.59356,0.581522485,22.9078602,5.156926238,-4.218292601,-4.633484272
4.93271,5.99775,1.215913767,1299.56,0.59376,0.581718429,22.89332676,5.199587994,-4.267208032,-4.627391071
5.88092,6.70296,1.139780851,699.937,0.508,0.44775067,30.6642285,3.003327007,-5.412092901,-4.896049185
6.39591,7.14805,1.117597027,816.546,0.5268,0.494309065,29.57826521,2.851538605,-5.378880356,-4.78869275
5.74769,6.3068,1.097275601,325.51,0.47432,0.328253678,51.13728405,4.834819469,-7.477916601,-5.212060209
5.76844,6.21252,1.076984419,311.775,0.46652,0.312381565,44.69291447,3.756164272,-5.968920033,-5.387655391
4.92206,5.77868,1.174036887,450.432,0.44054,0.329920841,41.7979728,2.895835056,-5.767428072,-5.767470421
3.78569,5.26092,1.389685896,429.262,0.4401,0.323134871,38.99443251,2.35995895,-5.468532,-5.408652682
4.10839,5.75215,1.400098335,381.453,0.46882,0.333995882,29.82304528,3.078940203,-4.591458747,-5.131093442
6.55932,6.80526,1.03749474,761.982,0.4989,0.397758076,20.74821613,2.512868215,-4.180383538,-4.635207105
6.16155,6.57786,1.067565791,699.718,0.4753,0.362486844,21.97513364,2.661142122,-4.177250926,-4.813171159
5.84627,6.33392,1.083412159,643.917,0.4538,0.332344648,23.03799876,2.82200649,-4.165148431,-5.030895468
5.51061,6.12857,1.112140035,581.507,0.42362,0.292331155,24.53713945,2.963033878,-4.301699714,-5.513309581
5.36819,6.06597,1.129984222,565.769,0.41006,0.275193278,25.03997697,3.042279507,-4.241856774,-5.605534715
9.75442,11.1144,1.139421924,1198.49,0.6065,0.615091599,24.92251869,2.150245368,-3.609948526,-3.859199597
10.81199,11.16343,1.032504655,1207.56,0.61772,0.633563523,24.43381718,2.154041143,-3.573134122,-3.86381662
4.28533,4.71676,1.100676027,490.81,0.49148,0.376887389,31.24591687,3.984618838,-3.053276978,-4.139575749
6.55778,6.89591,1.051561657,1456.1,0.60374,0.579460601,19.84481373,4.44486584,-3.017485996,-3.771483323
4.19114,6.49396,1.549449553,1300.84,0.6386,0.494088883,18.10383574,2.122857255,-4.072193171,-4.19070515
4.97088,6.11636,1.230438071,1749.73,0.64934,0.568474502,18.33421468,3.971065889,-3.666106037,-4.043599823
5.04442,8.81867,1.748202965,931.976,0.55066,0.439487294,27.18357052,2.804699235,-4.675740479,-4.502992453
5.33808,6.56785,1.23037684,1901.46,0.66442,0.60867733,16.91722121,2.851159989,-3.71055634,-3.962135385
5.36,7.39,1.378731343,519.307,0.54734,0.348670841,26.61552402,1.912823305,-4.58588475,-4.720847195
6.44619,12.4058,1.924516652,3466.74,0.76078,1.18273669,18.17319318,3.024942079,-4.127363193,-3.971359637
6.38821,10.49302,1.642560279,3032.56,0.7415,0.997023049,19.5189592,2.883808447,-3.982348753,-3.908519592
5.00942,6.97459,1.392294916,1868.84,0.62372,0.682323391,30.41140038,6.273493448,-4.656034519,-4.495362834
9.81049,13.18784,1.344259053,4606.36,0.80924,1.786823819,13.62114413,2.063717837,-3.705747618,-3.700629085
4.13382,6.66105,1.611354631,568.967,0.53772,0.333073178,23.42004266,2.103500725,-4.478210675,-4.782667496
3.89777,6.45765,1.656755016,525.444,0.54148,0.396726428,24.71957335,2.543359934,-4.228144597,-4.905834959
4.51564,5.66644,1.254847596,2275.65,0.67634,0.689241919,17.51177954,2.018690066,-4.172123884,-4.242866496
4.05435,4.73204,1.167151331,319.964,0.4277,0.316451482,27.68026891,2.033816944,-4.467882235,-5.615346568
4.8264,5.98746,1.240564396,685.982,0.53052,0.357601699,32.3160981,2.881761439,-4.841595622,-4.939774972
3.68211,7.18996,1.952673874,1129.61,0.56404,0.520053846,26.76787754,4.840988433,-4.34944629,-4.717109965
9.20377,14.80939,1.609056941,1800.7,0.70398,0.826321918,14.30123838,0.666149096,-3.772434643,-3.844262127
4.07958,6.88524,1.687732561,1285.3,0.62358,0.525084626,20.23785162,3.202119824,-4.051304607,-4.273215654
3.85656,5.0132,1.29991495,493.998,0.48186,0.360438936,22.56380227,1.736636298,-4.111387888,-4.783471146
5.61485,6.87631,1.224664951,2115.17,0.63956,0.681030682,20.38380004,2.780142435,-4.152793252,-4.127631408
4.90421,6.77584,1.381637409,1010.01,0.56156,0.564412541,22.00785254,3.363293384,-4.25591866,-4.787646088
4.88256,6.98839,1.431296287,1580.21,0.61206,0.665017325,22.40464019,4.227320991,-4.462096627,-4.690816996
3.78554,5.24035,1.384307127,175.705,0.45708,0.306224583,28.41367371,1.969954198,-4.952475494,-5.480429725
4.58005,5.20828,1.137166625,834.689,0.52362,0.467776805,25.17416623,3.545618709,-4.140853132,-4.951536875
4.16361,5.04646,1.212039552,673.074,0.50424,0.422254974,27.25231777,3.356343972,-4.195581804,-5.147721837
11.95813,12.29446,1.028125635,2060.41,0.68504,0.920104657,21.31984457,2.061102598,-4.950596038,-4.714688919
8.44595,9.12886,1.080856505,1014.72,0.56214,0.56108516,24.27340448,4.085878991,-4.272070963,-4.36778933
7.36383,7.68803,1.044026003,1876.75,0.62688,0.659702162,20.27793156,4.456860714,-3.967329194,-4.208210118
3.97712,7.7972,1.960514141,937.557,0.58572,0.503931859,29.26989453,4.671912472,-5.089890176,-4.824907039
8.31199,10.7008,1.287393272,2986.32,0.7021,1.117262429,23.85138573,3.566210984,-4.657335275,-4.277845985
6.63386,18.89368,2.848067339,3744.38,0.79456,1.413322471,15.51037438,1.78973868,-3.819221609,-3.781563892
5.88693,6.89695,1.171569901,856.577,0.55542,0.385478117,21.65327045,3.440916088,-3.768501919,-4.391689861
3.96893,6.00569,1.513176095,202.584,0.52692,0.465292066,25.36712462,2.671020563,-5.792087861,-6.07701603
4.39477,7.09727,1.61493548,2140.05,0.63992,0.673286036,18.89666274,3.921073656,-3.984573072,-4.071032233
5.12372,5.82935,1.137718298,1462.81,0.63114,0.488483329,19.2018442,2.555010969,-3.851255744,-4.13455279
5.98915,7.03715,1.174983094,811.644,0.53062,0.414404423,17.94758234,1.593527994,-4.071000991,-4.403327112
4.12111,5.93329,1.439731043,186.078,0.4259,0.339027574,19.52918238,0.336195983,-3.662793292,-4.157665233
4.2661,5.88079,1.378493237,222.041,0.44004,0.345696082,29.87431703,0.745942466,-4.18000476,-5.568434155
12.65122,13.44844,1.063015267,2394.71,0.76104,0.874884322,16.33288309,1.535161518,-4.040082992,-4.023669572
13.34985,14.169,1.06136024,2503.1,0.77684,0.918465551,15.88527218,1.405302141,-4.023508477,-4.052256807
6.76783,8.36355,1.235780154,1063.58,0.56354,0.423548688,21.45138492,2.911517284,-4.24819337,-4.450719485
5.00492,7.33223,1.465004436,1791.86,0.61622,0.65740231,22.17221958,4.879993779,-4.211536017,-4.40677631
6.43303,7.42883,1.154794863,2114.3,0.64898,0.762284434,20.24121535,3.846310982,-4.048201222,-4.124529993
5.26029,6.10574,1.160723078,907.586,0.5277,0.442771918,21.84648797,3.01701915,-4.210054725,-4.627633936
6.72764,7.7279,1.14867918,2730.5,0.7229,0.899449307,14.99622735,3.624973352,-3.511068242,-3.739457725
5.68293,7.16636,1.261032601,2617.08,0.69684,0.79788038,17.11308873,5.453785347,-3.665801334,-3.95701125
3.76823,4.60111,1.221026848,803.49,0.58206,0.490143407,34.63916285,7.330465977,-4.719054262,-5.08718885
5.2237,7.24055,1.386096062,570.926,0.48462,0.431056873,20.34101411,1.271966267,-4.204527735,-4.413381788
5.1578,5.66812,1.098941409,807.237,0.5395,0.399458011,21.31802188,2.609268975,-3.671184476,-4.47348713
3.649,5.86676,1.607771992,747.12,0.51036,0.473893867,25.84882705,4.036037409,-4.231626116,-4.76197146
3.70267,8.28155,2.236642747,1568.68,0.6411,0.706751567,23.4331845,3.784622919,-4.508616776,-4.499250508
3.76296,4.81469,1.279495397,161.258,0.43332,0.316914233,28.57337242,1.345702869,-3.807211002,-4.537825747
7.67137,8.4023,1.095280243,1269.75,0.59786,0.546799832,19.89449746,2.782693519,-3.950026273,-4.048708023
4.17251,6.53947,1.567274854,360.568,0.46198,0.323535797,32.39601474,3.507733201,-4.980458847,-5.376147717
9.57746,15.66484,1.635594406,1739.47,0.73392,1.015159898,19.48721786,2.432178347,-3.867301337,-4.07766077
3.84006,4.32673,1.126734999,1152.08,0.5859,0.490498116,24.76412452,5.085545983,-3.925167433,-4.461395728
4.92678,6.29282,1.277268317,1608.3,0.60312,0.573329784,20.51199223,3.767895787,-3.850174502,-4.182120827
6.07222,6.23863,1.027405134,1178.37,0.53452,0.477514338,22.87954423,5.818222962,-3.344455209,-4.356132114
6.06718,6.23732,1.028042682,1176.05,0.5353,0.477039202,22.96824805,5.835200782,-3.359258581,-4.401432729
4.06197,5.74941,1.415424043,588.733,0.49136,0.336101345,43.29340427,3.528619552,-5.631804936,-5.226208898
3.99796,4.52715,1.132365006,364.836,0.45408,0.277808028,40.51151424,3.683092352,-4.557403499,-6.14732106
4.70268,5.01289,1.065964514,547.821,0.47896,0.305548822,30.27208788,3.543897426,-3.207075951,-4.444990368
8.31604,10.41333,1.252198162,5242.19,0.82044,1.873873709,11.88250637,1.593663223,-3.556856846,-3.59916883
4.18445,4.53887,1.084699303,261.63,0.3603,0.206281775,33.03663562,1.931518072,-4.005429292,-6.260547245
4.1748,8.21773,1.968412858,1243.33,0.63422,0.527286332,17.06047889,1.795047304,-4.264468371,-4.343439427
4.10631,6.32737,1.540889509,710.499,0.4954,0.424063961,29.02970727,3.037104717,-5.244532759,-5.030711514
5.78841,7.52321,1.299702336,681.896,0.49768,0.42760422,18.39491449,1.675556312,-3.618876903,-4.026475268
3.87482,5.2589,1.357198528,849.63,0.5277,0.479139238,28.22135351,3.626421131,-4.497084736,-5.112014873
11.45257,12.52913,1.094001608,3472.5,0.77288,1.335432113,14.27488058,1.954839409,-3.808431145,-3.880119417
4.16757,7.40421,1.776625228,321.566,0.50512,0.431232605,28.58602718,2.844811451,-5.367999634,-6.030870046
4.33133,5.94588,1.372760792,1408.15,0.5951,0.485459069,37.9034612,6.877917734,-4.69060878,-5.039730128
4.01579,5.07535,1.263848458,1014.46,0.6212,0.535946923,23.37095331,4.886993071,-3.829284663,-4.38605593
4.75767,5.54429,1.165337234,1518.35,0.63618,0.610906786,18.64755136,3.615946703,-3.735055775,-4.2450344
4.10902,5.15523,1.254613022,508.14,0.53648,0.36358461,25.53398901,2.944775987,-5.026125209,-6.269282017
4.18602,8.84631,2.113298551,1706.18,0.70336,0.605306414,32.81754932,7.761085261,-4.637861324,-5.123636454
4.15241,8.86151,2.134064314,2272.72,0.7026,0.802492684,22.31433314,4.956502777,-4.256101596,-4.457911493
4.32605,9.01357,2.083556593,2021.65,0.7095,0.706511457,41.87187658,9.696902727,-5.267647445,-5.045252089
4.19423,8.82176,2.103308593,1851.46,0.70298,0.64958418,31.74756598,7.797813935,-4.615334631,-4.954544417
4.22407,8.85655,2.096686371,1858.54,0.70442,0.651059189,43.544578,9.899730747,-5.361885846,-5.133018377
3.85164,4.48006,1.163156474,403.303,0.48398,0.422280584,26.30004667,3.341366149,-4.633745646,-5.322012812
4.41446,7.10434,1.609333871,2627.19,0.6595,0.788356942,21.97936592,6.716448903,-4.380881233,-4.481471821
4.94837,7.12232,1.439326485,2718.62,0.6713,0.788099498,21.18722149,6.449808364,-4.221999492,-4.358469477
4.98216,13.45228,2.700089921,2293.51,0.69998,0.901889642,21.66521904,4.206999965,-4.536165615,-4.401395819
3.93626,6.53453,1.66008597,925.52,0.57176,0.424160596,22.07506476,3.583634535,-4.093619372,-4.539676052
6.68911,7.56745,1.131308948,1388.82,0.60116,0.558631392,31.05324972,5.521990678,-4.966118917,-4.755183884
5.75072,7.96067,1.384291011,3754.58,0.70468,1.012695338,17.53332157,4.742590488,-3.790399743,-3.909543768
10.97665,11.35149,1.034148852,1225.51,0.6367,0.541761683,23.09532182,4.83714944,-3.907213072,-4.170101005
10.64646,11.39615,1.070416833,1263.84,0.6358,0.542894469,22.98305299,4.494797549,-3.951943026,-4.217238489
3.742,4.05904,1.084724746,181.778,0.47156,0.405730265,33.31595146,2.69842008,-3.549152953,-4.307866609
3.9227,5.87047,1.496538099,1170.69,0.57814,0.609886418,26.20448445,6.867132577,-4.478536737,-5.059935029
5.59872,9.09863,1.625126815,4362.91,0.74034,1.113338436,15.07342774,3.216123145,-3.682661125,-3.805099687
5.28522,5.86925,1.110502496,622.29,0.51114,0.415392117,24.86785717,2.600355056,-4.391270181,-4.910524064
3.68572,4.76031,1.291554974,354.764,0.45654,0.326669338,23.58068808,1.61143185,-4.018857494,-4.706152303
3.68963,4.77771,1.294902199,379.87,0.45802,0.329101191,23.43404337,1.608812146,-4.025944403,-4.795602912
3.66745,4.73834,1.291998528,363.051,0.45454,0.324069585,23.58330891,1.591338679,-4.075357504,-4.731911729
3.73557,4.79273,1.282998311,396.633,0.46078,0.332012336,23.32741615,1.610273836,-4.021009501,-4.691069544
7.0244,7.6924,1.09509709,2764.13,0.71946,0.964622724,25.07561179,3.934069508,-4.274539656,-4.515994984
3.69619,7.5494,2.042481582,669.858,0.53312,0.460046253,26.27814201,2.500989438,-4.69577017,-4.659490785
6.52553,15.82314,2.424805341,4632.88,0.81398,1.631490546,12.63779925,1.520045089,-3.691783296,-3.691643407
7.59757,9.49894,1.250260281,663.183,0.5598,0.419203379,29.4809719,4.055940794,-4.306859516,-4.433307358
4.61131,6.91043,1.498582832,1017.19,0.60786,0.588549685,26.39191207,6.763798402,-4.626324122,-4.674024176
9.32321,11.60468,1.244708636,4172.94,0.78064,1.424037009,20.17185838,3.592162709,-4.026724988,-3.988974814
5.05928,6.01321,1.188550545,969.458,0.52152,0.457983894,21.33496343,3.474929037,-3.849144576,-4.518144777
5.99671,8.21752,1.370338069,2560.23,0.6714,0.887877966,15.85445413,2.445305765,-3.915318865,-3.997751589
3.70069,5.99531,1.620051936,740.462,0.53726,0.448228394,24.79804497,3.386197945,-4.922863552,-5.252295197
3.65345,4.69947,1.2863102,940.202,0.60894,0.556378887,23.81232746,5.592948837,-4.219585054,-4.587200931
4.51456,4.9876,1.104780975,1231.58,0.56248,0.478877556,26.74076104,6.410177071,-3.911623407,-4.751431722
3.76667,4.71483,1.251723671,918.924,0.59648,0.44713308,22.89334414,3.503682787,-3.889075546,-4.332305077
4.61701,5.92864,1.284086454,1579.5,0.59556,0.611100907,21.79748716,5.042635321,-4.10320336,-4.546732091
3.67388,5.00548,1.362450597,208.791,0.41902,0.30313246,29.51457338,1.711924017,-4.394684383,-5.487356087
4.77821,7.34019,1.536179867,931.923,0.53066,0.441671938,18.08258907,1.732716298,-3.8043676,-4.126930499
3.81829,4.68942,1.228146631,534.254,0.51702,0.417153461,27.30995426,3.752207073,-3.942864425,-4.480724528
3.7344,4.50943,1.207538025,265.048,0.52148,0.420433107,27.88504647,3.901681172,-4.244619254,-4.655072278
3.98304,5.81645,1.46030419,565.926,0.52228,0.420329162,27.79961588,3.177878368,-3.938940298,-4.621407661
4.53855,5.41485,1.193079287,1150.94,0.5581,0.498072324,25.72018321,4.898264688,-4.172445037,-4.540476776
4.29457,4.82648,1.123856405,456.358,0.50178,0.30355166,28.81889032,2.447454626,-3.413507557,-4.386950727
3.9894,4.88877,1.225439916,299.281,0.47486,0.245975178,28.15307324,2.134077338,-3.599589035,-4.826300144
5.46518,12.53445,2.293510918,1289.47,0.56904,0.561864984,21.79157846,2.077495846,-4.27623526,-4.383878839
5.76203,12.25139,2.126228083,1189.1,0.57394,0.53125376,20.40877827,1.491224772,-4.297114999,-4.263440589
3.92618,6.24498,1.590599514,1022.49,0.55392,0.537056428,25.38649797,5.489602251,-4.125602329,-4.613263604
7.09602,8.07265,1.137630672,2422.23,0.68164,0.870581414,19.83571979,3.154852448,-4.13303748,-4.115704651
5.93133,6.98127,1.177015948,890.635,0.52726,0.37123143,20.05868086,3.104462979,-3.525043486,-4.141821645
5.78544,6.94552,1.20051716,898.23,0.52968,0.372117857,20.12020907,3.065913001,-3.572480124,-4.159080723
5.86962,6.83817,1.165010682,889.508,0.5302,0.372334075,20.33284111,3.085053171,-3.554643952,-4.189166922
3.79614,4.80581,1.265972804,298.265,0.44936,0.286375253,30.43827144,2.956373089,-3.729873206,-4.8784704
5.56467,6.36623,1.144044481,842.592,0.51528,0.353704327,21.49727858,2.942046091,-3.929045533,-4.584291849
5.69528,6.30801,1.10758558,800.709,0.5157,0.352280568,20.7203523,2.67945353,-3.850161486,-4.511205757
5.73709,6.35462,1.107638193,806.051,0.5193,0.356285248,20.70066519,2.794801308,-3.89332931,-4.534989224
7.94511,15.05129,1.894409266,3807.69,0.80684,1.409829878,14.18063054,1.119022222,-3.86914392,-3.897193448
3.89562,4.95109,1.270937617,346.743,0.45784,0.297824729,29.52889521,2.977976359,-3.70300755,-4.749790368
10.66951,12.40074,1.16225956,261.375,0.5033,0.218942222,13.0440998,0.110468724,-3.59168909,-3.531350445
4.06012,4.68454,1.153793484,1720.08,0.61792,0.58075188,34.45945129,8.590545581,-4.242103991,-5.699517031
4.09054,4.66904,1.141423871,1961.83,0.62058,0.658505994,25.30859068,8.844171265,-3.866153583,-5.011567558
14.88459,27.51057,1.848258501,5109.54,0.8912,3.187467587,9.980712335,1.065696464,-3.524354391,-3.51594901
17.55175,32.00355,1.823382284,5397.23,0.91408,4.091069806,8.949393294,0.976979423,-3.390931506,-3.386047084
5.18074,6.21117,1.198896297,657.788,0.52526,0.270920157,46.0134136,4.437096054,-6.215794864,-5.697935698
3.65701,4.90975,1.342558538,457.534,0.52042,0.378168236,29.93561917,3.585704601,-4.765006184,-5.274225608
7.36423,14.03164,1.905377752,3398.26,0.76644,1.230871024,19.02149571,3.80852941,-3.988743009,-3.996632128
4.64365,7.4378,1.601714169,1852.85,0.66194,0.537027422,34.96854182,7.958532183,-4.646148013,-4.679469433
4.62821,7.45855,1.611540963,1867.84,0.66254,0.538488422,38.14044056,8.571157101,-4.931626684,-4.849144746
4.63983,7.44488,1.604558788,1886.24,0.66764,0.546332362,36.83016097,8.227087173,-4.767290768,-4.730563171
3.80136,15.21973,4.003759181,1606.47,0.65618,0.785195467,24.34097202,5.676836067,-4.389808289,-5.054665468
9.24875,10.42385,1.127055007,2687.06,0.69516,0.951429416,19.95331424,4.22773578,-4.054606036,-4.115732326
3.65018,4.7247,1.294374524,274.092,0.4387,0.247182781,22.2111232,0.860094308,-3.999472074,-4.45857544
3.68765,4.75768,1.290165824,286.74,0.44254,0.250797663,22.15488168,0.889257571,-4.062844571,-4.530468915
3.7527,4.7992,1.278865883,316.877,0.44946,0.257868708,21.95407451,0.936803588,-4.003854989,-4.467738532
3.66332,4.82471,1.317032091,277.785,0.44054,0.24974914,22.14917956,0.861288766,-4.097820496,-4.555939561
3.68372,4.87963,1.324647367,301.693,0.4485,0.257687534,21.72787028,0.84192355,-4.06804186,-4.553110771
3.78432,5.01891,1.326238267,366.119,0.46202,0.271318421,21.29430434,0.945641387,-4.192003589,-4.649847064
3.88968,5.25122,1.350039078,427.922,0.47178,0.282579138,20.78024201,0.949916841,-4.138324643,-4.683535985
3.89271,5.30133,1.361861017,446.593,0.476,0.287620245,20.54383736,0.925635107,-4.148231182,-4.6433024
3.95166,5.38184,1.361918789,478.924,0.48374,0.297046362,20.18776308,0.949409702,-4.196153543,-4.661892544
7.14498,7.96983,1.11544469,1337.17,0.60668,0.633037795,42.45527251,7.623302805,-5.719215389,-4.966594661
4.01238,5.92635,1.477016135,750.252,0.4782,0.372221184,25.6684688,3.828342467,-4.51502687,-4.947438347
3.64095,5.67053,1.55743144,379.124,0.48736,0.393918575,25.73840275,4.003866146,-4.56594339,-5.113963561
3.65469,5.63975,1.543154139,759.539,0.48762,0.390124089,25.72774707,3.917715224,-4.721990688,-5.273003836
4.27315,5.94413,1.391041737,769.972,0.49676,0.398642196,44.54514254,3.748224057,-6.415422669,-5.315592319
3.68194,4.72463,1.283190383,282.462,0.446,0.254637427,22.11293567,0.848399251,-4.029587788,-4.418476887
3.64376,4.9018,1.345258744,308.948,0.45178,0.260888145,21.70985121,0.900150902,-4.180619306,-4.663762508
3.68791,4.94759,1.341570158,335.596,0.45796,0.267556262,21.50549411,0.915133397,-4.218866061,-4.775809428
3.78234,5.06856,1.340059328,397.336,0.47074,0.28136973,20.90921738,0.920078795,-4.148634146,-4.662402135
3.68928,4.67382,1.266865079,276.66,0.44136,0.249874033,22.38683144,0.868397597,-3.973575552,-4.44633399
3.70763,4.82301,1.300833686,314.426,0.45,0.258394965,22.02478202,0.957262739,-4.16552269,-4.660625724
3.71164,4.86464,1.310644351,329.261,0.45366,0.262834366,21.72361776,0.924384397,-4.160310446,-4.617941164
3.78699,4.94738,1.306414857,370.014,0.46328,0.272458347,21.42206881,0.954747038,-4.100536444,-4.637998569
5.25211,5.8871,1.120901885,3067.58,0.68744,0.934650342,21.95898719,7.266126704,-4.038600199,-4.299723381
7.47639,9.48433,1.268570794,4481.6,0.76522,1.370001826,17.90746726,3.637415036,-4.070722274,-4.068700375
4.4136,4.79937,1.08740484,922.745,0.56152,0.531189102,25.16566713,5.078565495,-4.117262199,-4.82497434
6.01154,10.63837,1.769658024,1715.22,0.6658,0.633028134,15.14771111,0.963806118,-3.903564569,-3.955948128
6.40748,11.85606,1.850346782,2432.39,0.70664,0.863627642,23.12538357,2.706144097,-4.459318138,-4.096008996
5.58563,10.22437,1.830477493,848.979,0.58042,0.436790259,26.62394796,3.901891995,-4.393835721,-4.27737373
3.91942,5.69424,1.452827204,702.206,0.52968,0.398882454,26.08747853,2.759303966,-4.794140286,-5.105035214
4.46882,5.86863,1.313239289,814.822,0.5147,0.455051809,27.64320672,3.423905187,-4.748895424,-5.282161918
4.85174,9.1257,1.880912827,1754.48,0.65068,0.680014464,18.81715975,3.815156702,-4.142065786,-4.292788206
7.78516,8.39896,1.07884231,1416.38,0.6729,0.555564729,21.53616639,2.493882315,-4.380695166,-4.313410963
7.63206,8.3208,1.090243001,1398.14,0.6715,0.556047796,21.42283133,2.376518342,-4.328652126,-4.26645553
7.68868,8.38921,1.091111868,1449.74,0.6767,0.565037324,21.01831014,2.351621206,-4.251464941,-4.267211806
7.77175,8.52507,1.09693055,1515.24,0.67936,0.575143921,20.95552724,2.283441637,-4.236017305,-4.239457643
5.11208,5.28259,1.033354329,1073.07,0.53488,0.456499104,27.14804879,4.262247646,-4.31768072,-4.675847628
5.01808,5.62673,1.12129141,1063.86,0.54826,0.524184219,25.69430148,5.54220563,-3.474135445,-4.562351222
6.79716,8.11946,1.19453713,2907.11,0.69544,0.909353617,21.34052816,4.388878718,-4.064955603,-4.043693414
7.7906,14.86103,1.90755911,3581.77,0.80918,1.341492124,9.309442287,0.514717877,-3.626336564,-3.664344681
7.99069,14.78223,1.849931608,3534.32,0.81566,1.346529096,9.46282766,0.567743744,-3.605256001,-3.631538741
7.84915,14.90522,1.89895976,3655.31,0.8114,1.363026274,9.181406366,0.509684337,-3.6345416,-3.606601069
4.60018,4.94474,1.074901417,269.237,0.38192,0.236140824,25.69409294,1.457151294,-3.654728052,-5.159918471
4.5825,4.93426,1.076761593,254.43,0.37962,0.234984618,25.49564152,1.400158653,-3.641624362,-5.123412892
4.21812,4.9219,1.166846842,271.429,0.49422,0.315414611,25.75610246,1.757301496,-4.644207824,-5.755916053
4.61383,4.9549,1.0739234,428.613,0.53188,0.364521081,23.47982174,1.457998702,-4.169951783,-5.094534872
4.9317,5.26068,1.066707221,429.037,0.51028,0.334970066,24.00809533,1.865600165,-3.964611799,-5.181747262
4.54107,5.40858,1.191036474,755.787,0.53782,0.322747513,42.25941078,4.502586493,-5.247130689,-5.309382449
10.66621,11.48526,1.076789225,1250.72,0.65222,0.544278657,25.98865487,6.372557381,-4.27594684,-4.686833695
3.71025,4.49218,1.210748602,216.951,0.53798,0.327896629,28.96714741,1.772046351,-4.936509703,-6.022029092
3.68918,4.90223,1.328812907,341.663,0.45624,0.346536834,30.62986463,2.635907731,-5.13549392,-6.319260998
4.69936,6.1592,1.310646556,2023.02,0.60826,0.607889188,26.22119449,5.897893314,-4.288682986,-4.484106221
4.25994,5.57218,1.308041897,1369.5,0.5393,0.506541933,24.79116381,4.416666204,-4.048912608,-4.467034864
4.39499,5.39399,1.227304271,1586.34,0.55578,0.554421667,25.46016225,5.357104839,-3.996089472,-4.431646092
5.48184,6.02005,1.098180538,1629.74,0.61018,0.644788371,25.18459555,7.513307291,-3.951142454,-4.771920188
6.59726,9.36325,1.419263452,1069.71,0.63646,0.44213656,20.27446376,2.007012894,-3.790196129,-3.941499738
4.77174,6.32793,1.326126319,1528.34,0.60334,0.56522676,22.30173011,4.34465684,-4.033067269,-4.391404619
3.86536,5.06822,1.311189643,434.706,0.48418,0.407957265,27.47482981,2.694733273,-4.520410901,-5.256044079
4.45805,6.7664,1.517793654,1603.21,0.63014,0.606067018,22.2154745,6.544202339,-3.837536038,-4.352336503
4.20041,4.96656,1.182398861,323.064,0.48576,0.323846477,32.9215573,2.005784952,-4.936842166,-6.469910944
4.21601,4.97799,1.180734865,313.69,0.48068,0.313745455,37.35733696,2.06935565,-5.06593002,-6.757441572
9.89769,10.10107,1.020548229,1308.1,0.60726,0.59350841,25.38305028,3.53162022,-4.519567097,-4.770362102
5.78938,6.93743,1.198302754,1149.02,0.54196,0.474716419,21.31248356,4.416513916,-3.607463864,-4.249489184
5.59501,6.24477,1.116132053,1005.23,0.52626,0.440783302,23.43466399,4.252676816,-3.971565395,-4.732319668
5.49275,6.20964,1.13051568,955.494,0.5279,0.441513474,22.05374907,3.771678696,-3.907897054,-4.644093965
5.73918,6.47898,1.128903432,1033.77,0.53274,0.455391717,22.01787159,4.262372492,-4.015082898,-4.66428027
5.40754,6.29424,1.163974746,986.152,0.5257,0.438781728,23.54491459,4.253718952,-4.014684281,-4.756969532
5.83765,6.59897,1.130415493,1086.17,0.5368,0.463289806,21.65542258,4.291291762,-3.936862031,-4.599672181
5.70328,6.32198,1.108481435,1015.15,0.52608,0.443025929,21.64339652,3.926279867,-3.938450755,-4.595498751
5.65537,6.40452,1.132467018,1034.65,0.53292,0.452424613,21.58591343,4.000567632,-3.934244566,-4.629948734
8.36752,9.32517,1.114448487,716.851,0.59946,0.610207586,26.39764464,4.601696352,-5.092024801,-4.920723571
6.30977,7.91316,1.254112274,1470.27,0.64896,0.522566774,14.40252012,1.269825277,-3.743938178,-3.858569122
3.87698,5.91571,1.525855176,450.292,0.57418,0.662893744,25.39751234,6.120588423,-4.120424537,-4.766279542
3.93075,5.92167,1.50649876,1162.63,0.58732,0.673634082,24.29916668,5.747023901,-4.041574935,-4.692209329
4.32228,6.00836,1.390090415,2319.05,0.68348,0.85464699,19.19916319,4.44181154,-3.965451789,-4.218835682
4.33549,6.01151,1.386581448,2318.12,0.6848,0.861809674,19.13377457,4.022519175,-4.01479377,-4.238869309
4.25115,4.82032,1.133886125,471.033,0.48978,0.383834109,26.17310639,2.437019022,-3.68619338,-4.761534893
4.35876,4.99291,1.145488625,499.76,0.4878,0.381770797,25.94313842,2.468516144,-3.606262571,-4.676495626
6.87272,10.89201,1.584817947,3087.28,0.75016,1.037943263,17.7284263,2.429870706,-3.878181686,-3.861392271
3.85397,5.84014,1.515356892,651.999,0.5233,0.348170326,45.0995862,5.449441015,-6.254954378,-6.765084109
5.75569,9.16707,1.592696966,2443.85,0.72936,0.824846732,12.43129218,1.047644851,-3.771626835,-3.784269682
10.6662,12.21539,1.145242917,4621.92,0.82578,1.780538659,12.02773258,1.209816157,-3.683082999,-3.759246761
3.8636,4.95462,1.282384305,419.322,0.48308,0.412758358,29.65323503,2.933062761,-4.46556865,-5.476914762
7.73253,8.93677,1.155736867,1534.47,0.61018,0.64666483,21.63262388,3.257710491,-4.418044998,-4.358324125
7.13769,8.30406,1.163410011,1458.88,0.59606,0.610057151,23.23052919,3.725525881,-4.540979885,-4.486539164
7.37969,8.44223,1.143981658,1439.64,0.59782,0.614410307,22.39831309,3.558425015,-4.435484487,-4.375813115
7.09842,8.04827,1.133811468,1440.66,0.59318,0.604004362,23.72936675,3.889630876,-4.519194488,-4.504700441
7.49178,8.31415,1.109769641,1480.4,0.60074,0.625619642,22.06951362,3.373464675,-4.409059845,-4.382216831
7.73882,9.08651,1.174146705,1537.62,0.6123,0.651767105,21.72429818,3.217881817,-4.416985349,-4.374324902
3.83063,4.68867,1.223994487,641.91,0.5329,0.455388349,33.87324067,4.965810348,-4.528588725,-6.016509242
5.04977,6.94508,1.375326005,1667.7,0.59756,0.704409811,22.76079348,5.222779785,-3.853796562,-4.396714505
3.64403,6.33711,1.739038921,594.634,0.49224,0.343939966,28.08115532,4.36239095,-4.458103698,-5.275930502
7.8304,8.65239,1.104974203,3051.99,0.7382,0.95310644,14.23100705,1.665840552,-3.702660657,-3.751712872
4.35866,8.62654,1.979172498,1105.82,0.5445,0.502000627,29.4145197,4.018969945,-5.049983846,-4.759938352
4.35938,5.14759,1.180807821,1109.55,0.5593,0.508514643,22.84528236,3.627458681,-4.020713646,-4.378628869
3.94966,4.69226,1.188016184,345.206,0.4388,0.279773784,26.44897498,2.12011868,-3.93638948,-4.772207952
4.89061,5.50745,1.126127416,1139.92,0.58316,0.466050764,27.42229134,5.926594313,-4.343082844,-4.812468894
4.00684,5.70065,1.422729632,564.198,0.51958,0.328063241,24.18679022,2.665279712,-4.154728542,-4.71258227
3.72145,4.78879,1.286807562,208.68,0.4084,0.305092596,28.92224398,1.585770255,-3.448200344,-4.679257835
3.7877,5.22769,1.380175304,856.866,0.53256,0.423992484,33.19297936,5.149017002,-4.477987684,-4.802729816
3.84167,5.32208,1.385355848,733.601,0.52318,0.404631162,38.32598699,4.281875558,-4.828129412,-5.035586296
14.05,36.15,2.572953737,3194.15,0.84,1.953488372,32.22321214,6.687978788,-5.432428604,-4.606940294
3.65933,5.43724,1.485856701,766.352,0.53672,0.439369009,34.10316179,4.666070081,-4.605708818,-4.913347096
3.68876,5.19645,1.408725425,490.416,0.48814,0.454582705,26.41160709,2.840860709,-4.676292193,-5.421945843
4.36229,5.75405,1.319043438,434.125,0.53696,0.351646049,34.34245773,2.73752283,-5.322621179,-5.227733212
6.84892,8.59093,1.254348131,1576.15,0.64024,0.632217164,18.36316428,4.231127596,-3.666076718,-4.139301412
4.52515,6.13875,1.356584865,1493.41,0.59662,0.600542745,23.06840323,4.682602735,-4.191212718,-4.462432046
4.59373,7.22618,1.573052835,1828.79,0.63454,0.656898867,20.6916731,4.311894161,-4.186681424,-4.29497885
4.84122,7.00262,1.446457711,1423.64,0.6081,0.5768191,20.21147313,3.82088899,-4.107415868,-4.352658059
7.6444,11.00214,1.439241798,3428.42,0.7599,1.228883865,15.27541254,1.831422769,-3.847851716,-3.846390947
4.24381,5.23174,1.232793174,113.569,0.43358,0.232204924,27.82224561,1.621254421,-4.233759879,-5.186122101
5.04848,6.66002,1.319212912,1843.49,0.6398,0.663064273,19.24832313,4.055608516,-4.040420049,-4.32322387
8.90439,11.42925,1.28355227,2223.6,0.7661,0.791007236,14.604819,1.092689927,-3.707362489,-3.77896725
9.07717,10.66695,1.17514049,2190.82,0.76578,0.785255112,14.46254163,1.098017646,-3.744351642,-3.769553335
4.30728,6.57238,1.52587712,1065.49,0.57762,0.45806866,26.00573567,4.379118216,-4.445858673,-4.945430285
4.17882,5.59305,1.338428073,385.068,0.52662,0.343885907,33.52562433,2.632130795,-5.369931942,-5.24542215
4.9999,7.18693,1.437414748,382.807,0.43326,0.22603533,21.5220458,1.229365803,-4.123949458,-4.34706447
5.0904,7.36476,1.446793965,417.439,0.44926,0.246526482,20.55271173,1.249444643,-4.005302102,-4.301320363
4.20373,6.56154,1.560885214,1298.13,0.62504,0.573668028,20.67070458,4.102158736,-4.01737906,-4.306644453
3.9125,4.92581,1.258992971,465.067,0.5106,0.363297426,25.11160194,1.816872864,-4.182940673,-4.947294566
5.21899,5.64492,1.081611576,1481.39,0.6254,0.590757954,20.03626379,3.636518727,-4.294217568,-4.583527452
3.68155,5.17696,1.406190327,367.182,0.48974,0.336922198,26.45194918,1.959547664,-4.756146695,-5.935556111
5.95602,6.21326,1.043189915,729.698,0.49766,0.400180124,27.72848382,4.287450945,-3.590773194,-4.84597506
4.27127,6.49659,1.520997268,1347.59,0.60658,0.542596966,19.14502361,3.357197277,-3.889925218,-4.314255808
5.43474,10.46212,1.925045172,1605.6,0.62286,0.654963701,23.40218369,4.976940785,-4.280276662,-4.483734331
8.87116,9.8373,1.108907967,969.875,0.57238,0.533120972,31.06247449,2.580053773,-5.367477605,-4.673195055
6.24854,7.34237,1.175053693,1596.36,0.61886,0.68088599,26.3166827,4.722577181,-4.71152964,-4.522532931
5.22989,9.48905,1.814388066,1808.31,0.6674,0.688761952,23.34390118,5.059361901,-4.364827229,-4.672352504
3.86782,5.37464,1.389578626,1870.73,0.6346,0.668912538,22.82763536,7.177508408,-4.025781198,-4.431542562
4.8868,5.91842,1.211103381,910.212,0.5532,0.480512825,23.0783072,3.685696562,-3.312458404,-4.350539341
4.43244,5.22451,1.178698414,689.983,0.52618,0.428345816,26.52230018,3.617580606,-3.629801853,-4.743939273
4.30122,4.60907,1.071572717,281.671,0.39598,0.200400822,27.61542307,1.599639977,-3.867018327,-4.757746828
12.87,14.1,1.095571096,2228.79,0.8,0.987654321,20.81639707,1.758517037,-4.038272865,-3.964379069
7.10723,9.16435,1.289440471,1785.58,0.71672,0.531525786,21.42123605,2.559793491,-4.068046463,-4.113177781
4.22527,7.96797,1.885789547,2299.7,0.67772,0.715688718,17.89631002,3.641835058,-3.906482522,-4.032143714
9.08154,9.76423,1.075173374,2457.06,0.73812,0.91939534,12.8254282,1.153088437,-3.588362841,-3.655821872
19.3368,19.79872,1.02388813,1528.3,0.69486,0.986102379,41.33815339,3.17800402,-5.720573075,-4.476488249
4.20657,5.38643,1.280480296,847.142,0.55426,0.499486329,27.43192592,5.33192197,-4.628705444,-4.785572135
3.99735,4.64307,1.161537018,462.848,0.46236,0.346661668,27.84333812,2.477329764,-3.927754989,-4.743284429
5.37715,6.43933,1.197535869,1005.64,0.6692,0.446386286,30.3301576,6.161607906,-4.920072045,-5.284364762
9.42284,13.86987,1.47194158,3129.13,0.77574,1.18793232,17.58979558,2.593478562,-4.120497997,-4.03981394
4.08974,4.44244,1.086240201,187.567,0.46672,0.191969464,27.43179948,1.360802578,-3.709201714,-4.480614141
4.17617,5.14144,1.231137621,544.588,0.4835,0.397396172,27.41792676,3.934563347,-4.238793505,-5.141903388
4.19464,5.14979,1.227707265,458.406,0.44252,0.3320851,28.21154983,2.629523554,-4.181667827,-5.178149803
4.21896,5.18004,1.227800216,470.193,0.44602,0.336071009,27.93283907,2.635158425,-3.842736424,-4.897451562
4.24053,5.18944,1.223771557,475.904,0.45354,0.347489638,27.41214374,2.637374148,-3.932865727,-4.876372776
4.26413,5.21651,1.223346849,475.679,0.45476,0.347877972,27.60745682,2.641513751,-3.901694547,-4.888007148
4.21182,5.21198,1.237465039,469.638,0.45516,0.34528903,27.83044816,2.744520263,-3.916257014,-4.841555324
4.20625,5.17671,1.230718574,465.806,0.45174,0.341348043,27.96336427,2.657284182,-3.96331146,-4.935851635
4.19232,5.18455,1.236678021,463.163,0.4517,0.340885079,28.06010854,2.673436299,-3.907856879,-4.871423611
4.2044,5.10253,1.213616687,688.026,0.52112,0.478205811,27.30029627,4.804517253,-4.283232383,-4.960139352
4.22957,5.18183,1.225143454,462.543,0.44602,0.337318964,27.84029916,2.68747913,-4.449108794,-5.399607894
4.23494,5.19278,1.226175577,462.454,0.4463,0.338162421,27.85463121,2.661620636,-4.389108225,-5.340189554
4.1838,5.11048,1.221492423,432.637,0.44202,0.332103654,28.15611448,2.57847895,-4.39165221,-5.407395038
4.16078,5.12951,1.232824134,497.637,0.48528,0.401343103,27.47378428,3.60650789,-4.363142591,-5.00527471
4.14989,5.13643,1.237726783,493.337,0.48544,0.40311571,27.35915462,3.599359772,-4.332171171,-5.000226905
4.11286,5.03837,1.225028326,651.17,0.51576,0.469487329,27.44390439,4.584260618,-4.304404075,-4.946431671
4.16408,5.11629,1.22867236,496.29,0.48534,0.402928943,27.57730001,3.607050578,-4.444137901,-5.043106468
4.1448,5.10846,1.232498552,500.794,0.48324,0.400145736,27.71115563,3.62307561,-4.406996751,-5.081048852
4.15972,5.11945,1.230719856,495.45,0.48482,0.402784816,27.52760073,3.633510075,-4.403349202,-5.069532797
4.15589,5.06142,1.217890753,410.056,0.44294,0.331108204,27.82410297,2.302830307,-4.318025034,-5.558522337
4.2274,5.18521,1.226571888,710.574,0.52506,0.48674806,26.98838302,4.957039967,-4.250192434,-4.891149575
4.14844,5.07705,1.22384559,452.586,0.44634,0.336459166,28.27755574,2.629979631,-4.436122071,-5.480889053
4.14733,5.07722,1.224214133,507.094,0.4848,0.401893409,27.85632018,3.685107606,-4.447111187,-5.013540713
4.13768,5.06728,1.224666963,446.329,0.44662,0.33585249,28.33041213,2.639284866,-4.403702071,-5.489385131
4.15333,5.07375,1.22161013,452.563,0.4458,0.336265029,28.11844788,2.609553435,-4.432590224,-5.494524056
5.02172,6.11473,1.2176565,933.45,0.52766,0.471765253,21.73432546,2.728606044,-4.301787151,-4.840241257
8.04507,8.8545,1.100611928,2063.91,0.68774,0.729107365,18.85387896,2.368713148,-3.772436442,-3.97709678
11.03925,13.60446,1.232371764,3327.56,0.78654,1.220353815,19.47385288,2.308724495,-3.99668667,-4.046865627
13.19796,24.78598,1.878015996,4947.46,0.87136,2.781809185,12.49696354,1.565639181,-3.669377016,-3.681311956
6.35591,10.98199,1.727839129,3296.94,0.73154,1.107434163,17.59080801,3.607821579,-4.007734756,-4.012183255
12.98274,23.06458,1.776557183,4838.56,0.86456,2.614689026,12.73719655,1.640218087,-3.685170404,-3.716861883
5.7276,6.88265,1.201663873,1611.77,0.62392,0.609570706,19.89277303,4.229270624,-4.065439768,-4.582478551
5.1746,5.7945,1.119796699,720.338,0.50562,0.435275178,26.81797608,3.454302119,-4.267350575,-4.995516948
3.72101,4.76792,1.281351031,1053.42,0.60996,0.563088512,23.52050057,5.582949629,-4.200347716,-4.526219327
5.39567,7.38904,1.369438828,1219.07,0.5702,0.518830584,19.31540921,3.828145903,-3.848194001,-4.299207504
6.73,16.55,2.459138187,2814.27,0.76,0.987012987,17.76455615,1.582440877,-3.954876391,-3.913206139
4.65956,6.41327,1.376368155,1535.34,0.62906,0.557761365,20.47954706,3.442737391,-4.065969514,-4.3243317
12.10423,18.23146,1.506205682,2275.9,0.74336,0.971094218,14.68970601,1.056059314,-4.076268772,-4.069990722
12.14323,13.84583,1.140209812,2768.28,0.76258,1.157372486,17.58968724,1.487735854,-4.066181273,-4.00757685
4.53426,6.95809,1.534559112,806.815,0.50894,0.449545985,25.33132857,4.023167587,-4.274797529,-4.790537223
4.64204,5.78941,1.247169348,747.823,0.51762,0.391202811,23.75444283,3.345966645,-4.190556936,-4.958226463
10.88776,11.70127,1.074717848,1638.11,0.6523,0.720058991,22.11051032,5.953232827,-3.667679922,-3.993468398
5.0291,8.2837,1.647153566,1472.76,0.65304,0.493120894,24.38959635,4.071091915,-4.087923853,-4.263980182
4.04808,4.60112,1.136617853,422.954,0.4321,0.305442259,28.3547199,2.256512633,-3.672858584,-4.637521327
3.70955,4.3926,1.184132846,198.682,0.41538,0.27782757,32.51400845,2.277845561,-4.090457307,-4.978729911
5.49258,8.41938,1.532864337,1657.31,0.64074,0.619599273,22.01705686,3.921906037,-4.050956277,-4.353602924
4.59988,5.9608,1.295859892,1278.73,0.58256,0.490201193,24.4511446,4.471662558,-4.310063272,-4.877116811
5.35278,6.22483,1.162915345,182.698,0.41064,0.242910382,24.10985924,0.704591675,-3.22404412,-4.216735811
4.1602,7.73235,1.858648623,1013.57,0.58146,0.535996755,29.75311446,4.728779807,-4.956578787,-4.634700749
4.82152,5.11656,1.061192321,283.425,0.42474,0.215697128,23.38555172,1.347932499,-3.788133978,-4.515315928
8.86311,9.22928,1.041313941,2034.56,0.70346,0.713281168,23.33070795,3.758471913,-4.329004373,-4.299052422
4.58328,5.6202,1.226239724,524.474,0.50516,0.278259145,41.34400983,3.054175486,-4.635250531,-5.158484148
4.61311,5.63723,1.222002077,653.391,0.5075,0.345346163,40.76202155,3.602727403,-4.913391956,-5.416800703
4.88882,6.32359,1.293479817,578.504,0.50292,0.446670752,28.17849913,2.726500044,-4.926470679,-5.309299472
4.66146,6.0002,1.287193283,357.416,0.48426,0.336181941,25.5759237,1.456233157,-4.856534832,-5.194921522
6.74608,13.227,1.960694211,2215.11,0.72426,0.833570232,24.12013237,2.833577387,-4.468140876,-4.035952593
4.42359,8.09828,1.830703117,2607.82,0.6967,0.810747908,17.27150491,2.514212521,-3.967934198,-4.062882145
5.8597,6.79191,1.159088349,2100.11,0.65406,0.689795548,20.57595852,2.843170178,-4.239738399,-4.19534784
10.86073,11.63735,1.071507164,1214.12,0.65836,0.535352139,16.67221598,1.777356995,-3.4957499,-3.636203546
10.98212,11.75163,1.070069349,1234.42,0.65036,0.542912239,28.42287474,7.011821498,-4.618551074,-4.989605409
11.03917,11.38312,1.031157234,1247.21,0.6341,0.540662676,22.79669774,4.699167611,-3.885387606,-4.141913518
11.05994,11.42805,1.033283182,1336.09,0.63804,0.584826625,23.95907666,4.830660301,-4.118046506,-4.253186055
7.7572,11.72853,1.511954056,2286.7,0.6749,0.887001596,19.00431745,2.533425749,-4.445970237,-4.380201409
7.62995,8.13936,1.066764527,1348.68,0.66956,0.550933088,21.47239609,2.450020823,-4.357438206,-4.343595134
4.04173,4.60479,1.139311631,130.945,0.43722,0.22046188,31.15782237,1.10168013,-4.575318921,-5.513820761
4.05137,4.71118,1.162860958,161.24,0.4462,0.227579911,30.61785982,1.127696353,-4.177540575,-5.150128231
3.90629,4.48519,1.148196882,127.724,0.44026,0.223214829,32.32622409,1.10766205,-4.75335411,-5.992149739
3.93912,4.45544,1.131074961,113.051,0.43892,0.220338047,32.41593237,1.113026963,-4.774961584,-5.924375382
9.31362,12.67704,1.361129185,2398.06,0.7234,1.104092039,20.78277904,1.590873992,-4.263242023,-4.130344976
3.91222,5.67083,1.449517154,563.649,0.49038,0.418831086,36.38934565,3.466423308,-5.600649696,-5.401649008
4.88116,5.59343,1.145922281,1371.16,0.58004,0.525094148,21.26550312,2.742477364,-4.250259081,-4.4911961
4.97261,5.7034,1.146963064,1433.79,0.58618,0.559919763,40.51104404,5.351073683,-5.540129315,-4.964561892
5.54904,8.76686,1.579887692,2604.01,0.67976,0.895651395,19.93362159,6.456585168,-3.894672808,-4.170598972
7.20377,7.38052,1.024535764,1110.14,0.60582,0.454430892,26.50494849,6.775043532,-3.702670722,-4.538909835
7.1769,7.28809,1.015492761,1079.81,0.60038,0.441546789,26.87069829,6.811369608,-3.691409523,-4.582083698
7.09442,7.22049,1.017770304,1102.15,0.608,0.459884878,27.80816427,6.644063112,-4.284663168,-5.170078914
4.97186,7.04903,1.417785296,1928.15,0.66846,0.657163362,13.91128897,0.766782104,-3.822392331,-3.849918026
5.10341,5.73499,1.123756469,868.95,0.55314,0.458896438,24.31885317,3.848260406,-3.408857619,-4.3575329
3.64653,5.44422,1.492986483,281.9,0.54788,0.418702045,28.0881153,4.001996928,-4.611997684,-5.267892875
3.82437,4.56896,1.19469612,318.261,0.41566,0.291961677,34.95323339,2.479436652,-4.418349031,-5.828443511
5.38811,5.97222,1.108407215,971.173,0.51938,0.468061714,23.7662638,4.068936391,-3.693228782,-4.565069521
4.56727,6.25402,1.369312521,4238.89,0.72984,0.974583174,16.59907445,4.236859381,-3.709801424,-3.877889558
4.35413,5.10968,1.173524906,507.864,0.45478,0.329842324,31.12667104,3.397565673,-3.924051267,-4.992145979
4.4456,6.19639,1.393825355,2275.6,0.64936,0.747817675,20.11138793,6.450424927,-3.989169776,-4.405892208
3.74941,4.86145,1.296590664,200.215,0.4876,0.392037049,32.1441483,4.048669551,-4.013497061,-4.927775258
8.18133,11.98894,1.465402325,2562.18,0.74316,0.96277094,14.85854018,1.675841717,-3.867884451,-3.895459491
4.29128,6.55703,1.527989318,1466.02,0.64516,0.54884813,18.72694326,3.767083973,-3.722961581,-4.086753402
5.2518,5.87924,1.119471419,459.011,0.43962,0.287609664,24.39038026,2.149623087,-3.385522472,-4.466683309
5.9765,9.58182,1.603249393,2648.37,0.72546,0.862950442,15.29389521,2.095336659,-3.715029014,-3.819140978
4.26959,8.02011,1.878426266,1734.38,0.64124,0.635362893,22.12908982,4.501276244,-4.192998283,-4.377221233
4.45129,6.37079,1.431223308,1125.51,0.54744,0.522351459,24.27226312,5.262324318,-3.749799503,-4.581654005
7.17386,7.35052,1.024625515,1113.64,0.60504,0.453845808,26.03889978,6.722644583,-3.659560499,-4.505039704
7.17038,7.33344,1.022740775,1105.39,0.60502,0.452094511,26.472331,6.732570574,-3.728037353,-4.519117034
7.28396,7.42387,1.019207958,1113.73,0.60704,0.458184892,25.16272015,6.694479971,-3.63092213,-4.495287428
7.20219,7.37728,1.024310661,1123.83,0.6071,0.457984746,26.32441642,6.760204698,-3.722483544,-4.528132784
7.21509,7.38305,1.023278989,1117.68,0.60596,0.45697307,25.52736818,6.659452213,-3.663050146,-4.491840256
7.33893,7.46814,1.017606109,1116.84,0.6071,0.457549836,25.35216871,6.783280579,-3.637056719,-4.428157403
7.33479,7.46558,1.017831458,1116.13,0.60854,0.457996538,26.20177882,6.868798659,-3.680200587,-4.47174635
7.28781,7.41619,1.017615717,1121.84,0.6093,0.459623581,25.80139818,6.830977185,-3.621875638,-4.486344026
5.34411,7.59357,1.420923222,4735.19,0.77128,1.17595937,10.8693642,1.061978776,-3.425219483,-3.487048347
5.80414,7.65948,1.319658037,5109.81,0.77446,1.30166595,9.840044759,0.857762409,-3.418300408,-3.434189321
5.28462,7.52132,1.423247083,4773.59,0.76688,1.172321545,10.82942546,1.062269549,-3.413494846,-3.493499071
5.31741,7.56107,1.421946023,4836,0.76632,1.190496164,10.83358815,1.078619403,-3.403049183,-3.481946137
5.32516,7.56218,1.42008503,4706.13,0.77324,1.170864369,11.01862682,1.127494409,-3.464082611,-3.502914627
4.45476,6.90995,1.551138557,3284.32,0.71432,0.864011767,16.30709398,2.491749581,-3.897030388,-3.971449745
4.2786,5.606,1.310241668,919.873,0.5269,0.45920813,26.3966526,3.637114955,-4.469563685,-4.92385265
5.19998,7.26534,1.397186143,2312.96,0.64896,0.783047485,18.20447817,3.765927698,-3.986777607,-4.147845222
5.18545,7.18754,1.386097639,2240.96,0.64394,0.767292195,18.83895804,4.134973565,-4.024684371,-4.207069436
4.43891,5.88824,1.326505831,1359.64,0.59112,0.576651806,41.60243082,6.325092973,-5.476979064,-4.905625014
3.89897,4.86127,1.246808773,496.224,0.47738,0.378848962,26.59290164,2.903695784,-4.265149558,-5.086014006
4.29075,5.9996,1.398263707,475.353,0.51132,0.387085052,25.87051491,2.205465555,-3.844252593,-4.891629374
13.85784,19.10077,1.378336739,1958.44,0.74916,1.244966772,30.93622972,1.774412104,-5.220603434,-4.010105006
11.95217,14.68028,1.228252276,1706.9,0.69464,0.876299519,42.74054406,4.933693351,-6.397678205,-5.04179903
7.14174,9.45168,1.323442186,2585.83,0.7282,0.92136745,37.64186105,4.758995186,-5.60947039,-4.640671046
4.80567,5.5413,1.15307543,918.195,0.58248,0.48709672,31.70518169,5.215270776,-4.69944558,-5.231916946
4.21189,5.10436,1.211892998,719.223,0.51582,0.433378423,35.2341318,4.429475477,-5.182561976,-5.571660461
4.39766,7.90411,1.797344497,921.201,0.60446,0.574887773,21.22055816,3.936076962,-4.640436995,-4.594645789
4.84046,6.75607,1.395749578,1702.93,0.63134,0.554858328,18.57394793,4.169242583,-3.622928347,-4.046131997
11.04095,11.66314,1.056352941,1362.13,0.6492,0.603901359,22.19897718,4.211773893,-3.813019297,-4.052174657
11.08852,11.77684,1.062075011,1364.53,0.65012,0.605421715,21.55892566,4.002221265,-3.752389633,-3.990678051
10.98127,11.76704,1.071555476,1368.99,0.6465,0.602948994,21.00498605,3.647039543,-3.741702679,-3.941563472
10.53212,11.30509,1.073391682,1104.45,0.6287,0.475668069,21.94272873,3.864525442,-3.715804598,-4.005980609
10.60044,11.32593,1.068439612,1101.05,0.6293,0.475963575,20.53635992,3.200185076,-3.585926085,-3.90542496
10.68224,11.42001,1.069065102,1104.64,0.627,0.474349566,21.69466322,3.751729376,-3.623810121,-3.976546841
10.585,11.34307,1.071617383,1108.97,0.63104,0.477312094,22.78372786,4.323888662,-3.690684389,-4.075187613
4.23947,6.93068,1.634798689,428.413,0.48152,0.311681587,21.12664094,0.836073851,-4.467296431,-4.533804504
5.40152,7.73062,1.431193442,1563.13,0.60222,0.631223455,20.41857347,5.623026852,-3.976828228,-4.500262935
11.23461,11.80999,1.051214951,791.305,0.69846,0.824138676,16.8660578,1.839485561,-4.646727075,-4.689244471
3.90775,5.56128,1.423141194,937.649,0.57918,0.462759073,23.66270104,3.150286448,-4.624461748,-4.889517759
5.49468,12.14001,2.209411649,2045.91,0.70078,0.734702693,28.80380261,4.523101858,-4.700431654,-4.391305092
5.62136,12.35154,2.197251199,2106.67,0.70198,0.760042702,31.16030814,4.807823804,-4.774046453,-4.455273605
4.92388,5.36231,1.089041569,929.173,0.5349,0.463723136,21.4365143,2.744976099,-3.592937518,-4.20082547
6.15293,7.0253,1.141781233,1368.59,0.60364,0.546587225,20.54798972,4.679703168,-3.622998949,-4.166898945
5.05276,7.19025,1.423034144,380.65,0.43228,0.225606446,21.16994287,1.250894919,-4.063625398,-4.376312597
4.83476,7.39284,1.529101755,390.61,0.44328,0.245162075,21.63858668,1.206130749,-4.223960593,-4.365227432
4.12844,5.05496,1.224423753,265.094,0.4326,0.264825256,29.93380441,2.034841833,-3.463031856,-4.393295665
5.18154,5.67135,1.094529812,826.877,0.53,0.394403929,23.0993645,3.550476179,-3.350560408,-4.331984763
5.18428,6.67552,1.287646501,1413.08,0.64578,0.551322001,18.19928958,3.433333891,-3.727070676,-4.113651302
4.28304,4.62483,1.079800796,401.92,0.465,0.348413781,34.99475421,3.943083647,-2.961911357,-4.116725277
6.23608,7.81335,1.252926518,1896.01,0.61804,0.63493368,21.895603,4.106053001,-4.02501168,-4.17036944
3.87145,5.21671,1.34748221,916.293,0.57468,0.39568702,21.75860071,2.540918045,-4.116749098,-4.601056637
4.5166,6.66976,1.476721428,419.442,0.47544,0.299544484,23.21795327,1.897331856,-4.411810169,-5.052013256
6.89364,9.14224,1.326184715,1206.55,0.68506,0.503883609,20.03557646,1.808908396,-3.963653456,-4.017601577
4.29599,4.63098,1.07797737,472.788,0.54852,0.401070457,29.47592692,3.773093206,-3.388298781,-4.588352622
4.30308,4.63882,1.078023183,479.173,0.55296,0.409218063,29.06593559,3.790378297,-3.384562428,-4.312800538
4.3739,4.70831,1.076455795,504.05,0.55312,0.411186607,28.66349917,3.767370729,-3.261371954,-4.520543371
4.32354,4.94837,1.144518149,343.374,0.4138,0.306205508,28.23483274,2.355898579,-3.933277209,-5.160217954
3.86596,4.87431,1.260827841,384.255,0.50358,0.258247478,38.77991034,4.350885764,-4.760342071,-6.19350641
7.93434,15.09269,1.902198545,3662.05,0.80844,1.370467248,10.41087137,0.684341526,-3.790824183,-3.800586177
8.16227,9.83364,1.204767791,1518.5,0.6467,0.635040654,36.33364464,6.480727854,-5.166823911,-4.758083621
5.47634,6.55951,1.19779086,887.688,0.5474,0.415587965,39.09762656,5.687795478,-5.387216418,-5.887317297
8.00757,9.50189,1.186613417,1472.54,0.6415,0.609848845,24.03899414,5.078729949,-4.330707787,-4.573170194
5.60789,6.70842,1.196246717,923.542,0.55088,0.417165835,28.66736635,5.221062121,-4.903512202,-5.4136619
3.89017,4.60881,1.184732287,358.284,0.50074,0.366450536,26.9579306,2.223370877,-4.050091006,-5.012396363
4.63859,5.4738,1.180056871,936.735,0.53538,0.444774904,24.28310477,3.931408871,-4.245214309,-4.798922238
3.82594,5.32552,1.391950736,933.983,0.63118,0.552968181,23.58229336,2.677292587,-5.158021982,-5.2117103
4.80371,5.79765,1.206910908,719.191,0.48864,0.387985041,19.99273392,1.700681821,-3.862831614,-4.310852876
3.67159,5.3558,1.458714072,868.877,0.55748,0.531505334,23.76095289,3.658209051,-4.527773313,-4.712367144
5.53808,6.21036,1.121392251,3005.53,0.70958,0.886834215,14.72271496,2.637306439,-3.620174822,-3.808454229
9.14394,9.7414,1.065339449,2685.62,0.73662,0.955248733,15.08951121,1.660452553,-3.645056057,-3.740372213
3.8225,5.04054,1.318650098,599.563,0.5377,0.424046939,26.40287197,3.733271518,-4.561853552,-4.934927773
4.02408,6.70856,1.667104034,1520.73,0.60054,0.64523546,22.60398956,5.34503746,-4.337337736,-4.583875893
5.65831,7.18303,1.269465618,2159.1,0.63818,0.765898104,21.98492723,5.103168606,-4.228197693,-4.324301998
5.43297,8.20333,1.509916307,2579.5,0.6694,0.869506483,20.71061143,4.820852866,-3.965638947,-4.175622725
5.26481,6.66878,1.266670592,2374.68,0.64048,0.778121055,21.20097623,6.006267581,-3.996597968,-4.262487876
3.65124,4.61976,1.26525783,470.375,0.5047,0.424156855,28.1845071,4.244674098,-4.403870001,-5.363159657
10.38341,21.55746,2.076144542,3407.64,0.7949,1.5372863,16.62569625,2.279897592,-3.977467243,-3.910223082
4.20652,5.45311,1.296347099,379.2,0.4955,0.408686759,28.59162404,3.669179665,-4.862910691,-5.537979501
3.66818,5.04305,1.374809851,216.324,0.44446,0.241381183,30.67136597,1.997112063,-4.762868512,-5.732987229
7.46673,9.06566,1.214140594,2614.65,0.70354,0.934288772,18.46246865,2.189968973,-3.913692936,-3.956923653
6.23525,7.9329,1.272266549,3678.83,0.74178,1.083051783,14.39336762,2.1487562,-3.540238629,-3.652913095
4.07497,5.51848,1.354238191,768.197,0.5054,0.375722973,22.76361724,2.652954844,-4.189366383,-4.649597431
3.65365,5.70014,1.56012207,427.496,0.50032,0.305688275,42.7303814,5.107169975,-6.304614342,-6.798893329
3.95909,5.10254,1.288816369,437.509,0.5031,0.353270792,25.66330275,1.8827489,-4.092059935,-5.003625118
6.85852,10.91726,1.591780734,2093.97,0.68638,0.684395254,16.96918039,2.373711013,-3.785302173,-3.895781149
3.85266,4.38796,1.138942964,227.864,0.42118,0.27866694,32.52415757,2.322627534,-4.07475888,-5.000540362
6.3776,6.74837,1.05813629,1354.57,0.612,0.579265696,18.49103476,3.983882946,-3.18180286,-3.842475044
6.81306,7.22831,1.060949118,1378.36,0.61594,0.597936143,17.85198612,3.744236103,-3.25925177,-3.787066639
6.39006,6.77242,1.059836684,1385.26,0.61286,0.584204757,18.21386264,3.737256378,-3.230321369,-3.840718971
5.23227,5.48105,1.04754724,933.84,0.56018,0.466447396,21.41781238,3.359293585,-3.314985777,-4.131380859
5.4678,5.99001,1.095506419,1068.02,0.56938,0.536755972,28.25640855,4.658154154,-4.588634032,-4.926960832
3.77014,4.29451,1.139085021,211.539,0.41956,0.275658167,33.00765026,2.293225133,-4.107799519,-5.101233791
7.95842,14.84843,1.865750991,3604.94,0.81076,1.327254422,10.89708179,0.815897681,-3.765083621,-3.75434936
7.78421,14.89727,1.913780589,3586.34,0.80204,1.323987745,10.76764913,0.728166927,-3.833837455,-3.855341694
7.88362,14.80942,1.878505052,3589.86,0.8074,1.315609378,10.9958459,0.801194379,-3.802565308,-3.831633717
7.11476,9.8037,1.377938258,1612.77,0.68664,0.659305206,19.88396273,1.789289604,-4.742645568,-4.653836101
7.51947,17.77125,2.363364705,3727.49,0.78298,1.329482321,16.04817664,2.27852748,-3.736906691,-3.764993419
4.38509,5.34544,1.219003487,595.858,0.50328,0.474805891,33.03511436,4.676752941,-4.626374358,-4.958091672
4.60824,5.54275,1.202791087,612.62,0.5036,0.475183997,33.30101998,4.641240684,-4.587797575,-4.981541485
4.9888,6.47723,1.298354314,883.154,0.5291,0.382784466,23.91359081,3.889133387,-3.565188469,-4.449254109
5.74582,14.84116,2.582948996,2081.5,0.73758,0.844467648,13.0388009,0.741937753,-4.144974059,-4.131076764
4.7197,5.69089,1.205773672,615.287,0.5014,0.475170584,32.95898691,4.546044162,-4.549588338,-4.98647136
10.18861,12.50562,1.227411786,1427.25,0.62988,0.660597798,46.14473875,3.56074645,-6.045526899,-4.079360402
9.87308,10.22467,1.035610974,1776.13,0.6437,0.711715836,16.85249919,1.483620067,-3.973868683,-4.032179373
5.2373,8.38892,1.601764268,2325.74,0.69738,0.835437761,18.08390202,3.587328073,-4.290488179,-4.423750481
5.19524,7.17773,1.381597385,1952.04,0.64908,0.678372817,22.93323362,3.168043097,-4.460136893,-4.412033241
4.42953,7.7619,1.752307807,1495.79,0.59842,0.579538631,21.40499265,4.517692614,-4.469898341,-4.688017786
4.28453,7.72003,1.801838241,1425.82,0.59674,0.56383994,21.83068543,4.695238933,-4.457844943,-4.727395877
4.27814,7.86707,1.838899615,1463.08,0.60246,0.57510787,21.43810066,4.527166431,-4.333752203,-4.55792877
4.65507,4.94172,1.061578021,341.815,0.43284,0.343428413,26.57471428,1.866232439,-3.715006385,-4.875249294
4.11044,4.60115,1.11938138,240.625,0.4126,0.314829652,29.56670567,1.748105134,-3.578726377,-4.822869227
4.15196,4.57237,1.101255792,242.657,0.42696,0.332042369,28.91303893,1.692881661,-3.631913053,-4.711996444
4.13429,4.52452,1.094388637,236.614,0.4365,0.34449285,28.55186259,1.646872199,-3.650659656,-4.712687659
7.69473,8.27361,1.07523071,982.513,0.54876,0.432431581,38.53229457,3.782985911,-5.513728985,-4.754851089
5.96588,14.75395,2.473055107,1813.85,0.66668,0.712708116,27.5953609,3.501789761,-4.729867052,-4.141424337
4.00789,6.12931,1.529310934,631.093,0.54224,0.496561324,28.93524332,3.48504937,-4.671581455,-5.269905463
7.67913,8.28575,1.078995928,1019.59,0.54822,0.429632764,43.20826877,3.836291165,-5.506812083,-4.474381705
7.79711,9.19593,1.179402368,3351.12,0.7791,1.126073716,8.590124017,0.367791675,-3.460068813,-3.499301469
7.61097,8.52736,1.120403838,2223.03,0.66938,0.790465011,20.82118213,3.171609273,-4.095635883,-4.135258055
3.83552,4.83068,1.259458952,755.439,0.49704,0.438651146,27.46193836,4.192980615,-3.718117937,-4.493839251
3.75473,4.77527,1.271801168,729.118,0.492,0.431087357,27.63358021,4.092547635,-3.777654212,-4.498712437
4.8111,6.00527,1.248211428,1836.24,0.64434,0.670576298,19.49516815,3.816376868,-4.222555999,-4.507794092
3.92497,4.8742,1.241843887,635.773,0.55464,0.316741668,40.15972148,4.658873893,-4.819143199,-5.359205869
4.44024,5.38703,1.213229465,808.639,0.53196,0.437208232,28.27894885,4.4293487,-4.331402552,-5.654209943
4.64481,5.69309,1.225688457,832.994,0.54008,0.456399206,25.30628377,3.737189172,-3.844098954,-4.732334365
4.45699,5.55611,1.246605893,826.753,0.53054,0.438401216,27.10675833,3.953010419,-3.712015327,-4.883905438
4.28157,5.21032,1.216918093,776.798,0.5272,0.429735898,29.03489668,4.162906359,-4.097535177,-5.33138234
4.43333,5.3818,1.213940762,809.029,0.53284,0.439383195,28.13513773,4.385935627,-4.356919577,-5.673523432
10.42713,12.46006,1.194965441,2936.95,0.76142,1.286388863,13.18399797,1.108634669,-3.70762428,-3.710372167
5.12111,6.39676,1.249096387,1645.65,0.6016,0.652715453,23.87530884,5.628516918,-3.909081246,-4.33725398
26.34739,26.52566,1.006766135,1356.7,0.74972,1.088625424,14.92991996,1.068002239,-3.585945551,-3.625133666
26.09798,26.31371,1.008266157,1372.03,0.75088,1.08282248,15.17971215,1.104415134,-3.583561344,-3.69753897
26.24063,26.43723,1.007492198,1351.18,0.74846,1.080704105,14.79244924,1.04215639,-3.540015904,-3.647579706
8.56409,18.51885,2.162383861,4401.09,0.81236,1.659862611,15.63869077,2.037714331,-3.775802998,-3.730747959
8.92625,22.31857,2.500329926,4755.38,0.83242,1.955116085,16.12325375,2.042226444,-3.762684545,-3.706294547
4.01094,5.34783,1.333310895,406.841,0.45396,0.354415358,25.835617,2.079939248,-4.027455884,-4.92923317
4.74059,6.1504,1.297391253,855.421,0.50512,0.41552117,25.01049447,3.303744343,-3.897741791,-4.485572046
3.87743,4.44927,1.147479129,162.75,0.50118,0.416899581,31.05400586,3.267671418,-4.849443074,-5.364831086
3.80347,5.16886,1.358985348,194.659,0.41242,0.201786833,45.36295667,1.800391593,-5.710668671,-6.17793524
6.20805,7.4772,1.204436176,2278.72,0.64536,0.82307193,21.0682101,5.664791153,-3.927952032,-4.207750024
8.86897,9.41867,1.06198014,1061.37,0.57612,0.523740693,44.20122469,2.422313366,-6.188438999,-4.016799283
6.82741,7.37109,1.079631954,983.118,0.56996,0.405379839,18.08060486,2.750514901,-3.713243679,-4.176173328
3.97904,4.67797,1.175652921,973.055,0.53454,0.504111811,27.2661314,5.294257049,-3.723239066,-4.380984292
4.53531,6.19197,1.365280433,1294.04,0.58712,0.537045845,22.56727028,4.993620701,-3.89672482,-4.418161641
4.2949,5.66876,1.31988172,1042.39,0.55906,0.527848328,24.38990916,5.281095135,-4.034690673,-4.596733556
4.33923,5.78991,1.334317379,1083.76,0.55066,0.529873079,24.08050135,5.43336502,-4.008015689,-4.542490124
10.79864,14.70007,1.361289014,4071.3,0.78818,1.630364183,15.2936775,2.745453903,-3.810098428,-3.836191702
4.92371,7.97392,1.619494243,1309.3,0.58394,0.612027791,28.62635591,5.437478368,-4.195149194,-4.736934339
5.77219,7.03254,1.218348668,1934.42,0.65152,0.623929823,34.84130084,5.568905437,-4.901279897,-4.558289841
4.39318,5.81593,1.323854247,1594.77,0.62932,0.632463343,41.1396188,5.745372077,-5.67811392,-4.822233349
6.23955,11.88575,1.904905001,2800.47,0.72192,1.017334654,17.09352277,1.975372092,-3.952238262,-3.970262457
6.76772,8.14998,1.204243083,2029,0.62938,0.683983794,28.22115018,5.084972676,-4.378797604,-4.393151027
8.82837,9.40538,1.065358611,2859.85,0.72322,0.903296717,15.20977238,2.080797341,-3.839600203,-3.863412067
8.71365,9.30915,1.068341051,2668.86,0.71384,0.868876184,16.71919786,2.632939064,-4.019084837,-3.998632741
8.51256,9.07645,1.066242118,1145.21,0.57806,0.507439627,37.77869412,3.673443333,-5.454649981,-4.687009621
6.18953,7.62791,1.232389212,2803.98,0.68232,1.020123793,20.54441029,5.536616251,-4.084025308,-4.23858293
4.01215,7.09135,1.767468813,1366.41,0.61722,0.575657527,21.5384659,3.548587138,-4.003984761,-4.138682962
4.22996,7.80071,1.844156919,243.183,0.5562,0.454014873,28.53660136,4.883373798,-5.052440298,-5.557281042
4.10448,5.15222,1.255267415,361.049,0.44042,0.310638388,26.4988041,1.902131648,-3.688841984,-4.977348107
5.07421,5.36415,1.057139929,121.203,0.45784,0.305169702,32.70059891,1.279124687,-6.039371633,-4.545032773
5.7905,7.94569,1.372194111,2798.56,0.6884,0.957729941,16.7844711,2.74040127,-3.941684174,-4.034449685
5.21501,6.1741,1.183909523,1149.07,0.57204,0.530432847,24.4257216,5.242117248,-3.459479992,-4.517548371
6.16762,8.03037,1.302020877,1911.3,0.64028,0.715862158,19.73310921,2.918928794,-4.154172682,-4.196007663
6.84577,11.3135,1.652626366,2384.58,0.69446,0.819830051,16.68176192,1.486151334,-3.98396487,-4.109221181
5.27136,6.99943,1.327822422,992.972,0.53192,0.473196335,20.7032031,3.39966289,-4.135365467,-4.493694726
5.63231,7.1315,1.266176755,1089.78,0.53834,0.486921129,20.99980588,3.774563684,-4.111226342,-4.440792415
4.80142,6.89815,1.436689563,1599.81,0.6443,0.555014773,18.73268721,4.120994011,-3.637823693,-4.053106777
4.13535,6.70617,1.621669266,1111.94,0.60218,0.493250549,20.01005403,3.141424676,-3.951022824,-4.341178387
3.92719,5.62914,1.433376027,1193.76,0.60084,0.49822548,21.92371973,4.520556542,-4.254778368,-4.579790228
4.48921,5.82315,1.297143595,1521.2,0.56606,0.58998077,23.0145628,4.253125684,-4.219559338,-4.339778075
6.95777,8.22754,1.182496691,1695.34,0.64638,0.591327417,17.40702347,2.499985678,-3.905027235,-4.044195149
8.82117,10.50578,1.190973533,2260.22,0.68866,0.895901795,21.09296836,3.662620141,-4.197598926,-4.208399988
3.64569,4.80954,1.319239979,475.407,0.49036,0.386621673,30.18876788,3.6819012,-4.952357437,-6.297750338
3.92558,5.69776,1.451444118,930.686,0.58754,0.462648136,23.18425922,3.338929184,-4.283295702,-4.663188392
4.03981,4.83061,1.19575178,696.561,0.50924,0.409821421,24.99752991,3.832554587,-3.947627292,-4.652830571
3.68789,5.73239,1.554382045,580.952,0.51786,0.402665464,28.43336881,3.030624474,-4.473401342,-5.164210747
4.91819,5.50979,1.120288155,969.524,0.55132,0.483397778,26.25629683,4.92653004,-3.574561068,-4.95231036
6.33216,6.70975,1.059630521,1994.31,0.65718,0.625689069,18.89119379,4.722164917,-3.705815003,-4.172733677
8.39804,15.09144,1.797019305,4987.34,0.79742,1.727775009,13.94894272,2.172882735,-4.022902265,-4.021198021
4.73242,5.31645,1.123410433,677.414,0.5579,0.356563087,21.34548379,1.877968893,-3.722068938,-4.437150244
3.92708,4.58512,1.167564705,250.926,0.45928,0.24860751,38.63711847,3.058880736,-4.684189949,-5.707211221
3.95239,4.54229,1.149251466,237.437,0.45662,0.241412673,43.66441376,3.032276516,-4.801270014,-5.836948297
3.9304,4.50897,1.147203847,231.262,0.455,0.238312226,41.65015159,2.983939128,-4.690639113,-5.794277803
10.08472,12.81046,1.270284153,2553.75,0.7199,0.988568094,16.80061172,3.226803828,-3.915561614,-4.038534298
4.09874,4.99286,1.218145088,543.085,0.48394,0.431265261,28.83650118,3.528220753,-3.7972609,-4.746211431
7.32218,7.81866,1.067804943,1603.25,0.6327,0.633389761,17.93624277,4.566133167,-3.147307161,-3.75235881
6.12582,10.0961,1.648122211,2333.35,0.6885,0.808719369,23.04598814,5.219321089,-4.269098885,-4.275457479
4.75516,9.11239,1.91631617,2000.07,0.66122,0.667758693,21.69800228,7.529528019,-4.101119785,-4.412420715
3.70884,4.84641,1.306718543,546.569,0.54294,0.428507162,25.18398996,3.221891042,-4.40222794,-4.928351628
5.13874,8.55503,1.664810829,1707.82,0.63054,0.686933833,19.242241,4.353054556,-4.149574988,-4.320506861
7.79992,9.00524,1.15452979,2186.41,0.6719,0.803470745,19.71226013,2.126326501,-4.255750597,-4.262193823
4.64818,6.65732,1.432242297,2016.22,0.62158,0.729679886,22.01298239,7.220156107,-4.130482443,-4.556999922
3.85843,5.24683,1.359835477,652.783,0.54098,0.442903458,24.26893903,3.486746994,-4.345979562,-4.868700996
3.79973,4.62458,1.217081214,781.456,0.54626,0.398035544,27.04461099,4.561890738,-4.026773172,-4.836809223
6.48945,9.29834,1.432839455,926.462,0.54842,0.450751225,21.46493529,1.909848021,-4.284750071,-4.215709517
3.79672,5.10915,1.345674688,830.98,0.55476,0.455939642,25.97840734,4.635727884,-4.288774069,-5.354142468
3.80722,5.44759,1.430857686,843.723,0.55704,0.452275015,26.39582847,4.931124114,-4.302201694,-5.210753018
4.31452,5.57595,1.29236856,458.333,0.4806,0.327974013,27.67856449,2.52979749,-3.770250397,-4.795807277
4.03539,4.24654,1.052324558,184.465,0.37856,0.173250833,35.80201653,2.164944791,-3.901000488,-5.71534846
6.36836,7.14794,1.122414562,958.336,0.60018,0.490034864,28.95532456,2.632227318,-4.703681767,-4.694727436
4.74176,6.3577,1.340789074,865.328,0.53028,0.463308724,27.98219668,4.181703774,-4.621717324,-5.003012607
3.74212,6.37317,1.703090761,470.945,0.55304,0.421717249,25.96183548,2.227187804,-5.335643932,-5.466840713
5.08562,5.50168,1.081811067,911.011,0.53136,0.491881584,25.24236804,4.364930113,-4.088670625,-5.032736624
4.34847,4.67043,1.074039835,274.72,0.50016,0.394525735,30.2415546,3.608750519,-3.557621758,-4.508627111
4.867,6.2895,1.292274502,546.421,0.52814,0.408935346,25.13431886,1.990514036,-4.607954129,-4.780329222
28.26773,32.36037,1.144781346,3176.96,0.83118,1.755218056,19.14204893,2.591320538,-3.909418143,-3.937703613
3.91744,6.00756,1.533542313,1222.09,0.61286,0.65873921,33.73903564,5.889417985,-4.92468196,-4.89123321
4.69389,6.6747,1.421997533,513.133,0.53646,0.260974898,36.01065209,3.682373026,-4.734165621,-5.837629104
4.49673,7.06657,1.571490839,527.938,0.51922,0.305335521,26.94699013,1.698441565,-4.87013766,-5.000702211
4.79138,6.89128,1.43826622,1169.1,0.57822,0.469433484,28.68099287,5.58713953,-4.428600602,-4.896844916
3.94029,4.71244,1.195962734,282.359,0.4711,0.252409706,25.83474522,1.513638352,-4.52891112,-5.21255081
4.97206,6.85219,1.378139041,637.76,0.51858,0.36598844,34.77792615,3.552016909,-3.95005031,-4.492311951
8.74819,9.72743,1.111936298,1965.47,0.66,0.761101706,16.87489708,1.560182846,-4.046658751,-4.063123931
4.70307,5.97055,1.26950056,622.468,0.48362,0.394817621,24.5176594,2.522990312,-4.734212595,-5.399551769
4.33786,8.62906,1.989243544,1330.97,0.64206,0.501480087,26.12738248,4.134390308,-4.351438706,-4.368502109
4.28089,6.80431,1.589461537,780.842,0.52058,0.36174249,24.0508444,3.108439982,-4.39755951,-4.982015038
4.09777,5.33833,1.302740271,1086.15,0.56804,0.555144005,24.69346351,4.738906913,-4.548582595,-4.978051657
4.47657,6.03486,1.348099103,2871.87,0.70114,0.758189187,18.57718317,1.626805224,-4.008534094,-4.076486446
3.7868,4.21696,1.113594592,319.348,0.46058,0.364587704,29.81038796,2.994279406,-3.634571763,-4.564856003
6.37424,7.90536,1.240204322,1714.73,0.6371,0.717810627,23.27878452,7.134537623,-4.261670077,-4.597953857
5.56027,6.59159,1.185480202,1162.19,0.5609,0.524117438,22.09678089,4.887141641,-3.840073659,-4.421855087
5.54712,6.43021,1.159197926,962.03,0.5438,0.448631747,22.55818129,4.321974174,-3.698335693,-4.418862208
4.06699,4.59203,1.129097932,343.67,0.40144,0.258869959,29.2492667,1.873149376,-3.196976983,-4.244472227
5.53647,6.87756,1.242228351,1182.66,0.54192,0.45842286,24.06581192,5.629736362,-3.672987438,-4.356746331
4.53621,5.40564,1.191664407,976.915,0.5452,0.408677271,40.61716319,5.502988152,-5.02082918,-5.266841401
4.51343,5.3327,1.181518269,754.335,0.53998,0.320320332,42.49151787,4.426070757,-5.249703124,-5.339901838
8.76388,22.97967,2.622088618,4407.7,0.83216,2.064134619,12.23780982,1.351826933,-3.70298907,-3.70847062
5.65073,6.45845,1.142940824,906.109,0.57084,0.375325461,33.88291426,3.521768911,-4.702647442,-4.780606351
3.80696,7.01702,1.843208229,655.181,0.48474,0.363212672,23.84655414,2.425626701,-4.254689582,-4.813019415
3.66753,7.02176,1.914574659,666.215,0.49266,0.373907104,24.15979793,2.496277606,-4.003796259,-4.530788592
3.79079,7.01529,1.850614252,661.262,0.48542,0.364300885,23.82916159,2.441361016,-3.964969511,-4.476255774
3.70053,7.0665,1.909591329,664.348,0.49956,0.381070072,23.87561558,2.489280329,-3.965326841,-4.523523782
3.74248,7.05009,1.88380165,649.801,0.49406,0.374418358,23.90973377,2.470720392,-3.947082763,-4.472611296
3.76029,7.04216,1.872770451,661.931,0.48844,0.368550517,23.8732246,2.45393585,-3.973142551,-4.485769675
3.77448,7.03774,1.864558827,652.182,0.489,0.367860018,23.90723356,2.441045316,-3.982921166,-4.480856845
3.72352,7.07082,1.898961198,673.298,0.50066,0.381498838,23.92038097,2.510545843,-3.968424176,-4.502751849
3.81528,7.01869,1.839626449,654.079,0.4887,0.365263016,23.87419973,2.446311448,-3.955136478,-4.460385741
3.79821,7.01033,1.845693103,636.425,0.48328,0.361074377,23.87718144,2.43491984,-3.961126483,-4.446017563
3.80896,7.01042,1.840507645,644.352,0.48814,0.365210235,23.94127938,2.441251321,-3.976774726,-4.452837771
3.78553,7.0091,1.851550509,650.027,0.486,0.363405242,23.96879018,2.439623736,-3.936056189,-4.468872774
3.75717,7.01938,1.868262549,665.578,0.4938,0.371817751,23.96299497,2.459619569,-3.944844622,-4.514962769
3.79599,7.05519,1.858590249,661.77,0.49622,0.37729336,23.78134694,2.509239907,-3.903058487,-4.498647216
3.67099,7.07208,1.926477599,675.166,0.4953,0.377837788,23.98277436,2.517261073,-3.953785719,-4.510820932
3.67551,7.02333,1.910845026,649.214,0.49688,0.376381472,24.07965292,2.505356311,-4.035109336,-4.500285508
3.67778,6.30486,1.714311351,717.3,0.5272,0.462638761,21.9366598,2.650776327,-4.161150125,-4.525012837
3.82362,7.01606,1.834926065,660.495,0.48814,0.365292225,23.68388006,2.437616492,-3.965081363,-4.451979713
3.82948,7.02313,1.833964402,644.836,0.49026,0.367340516,23.77908528,2.44664946,-3.960224773,-4.455084136
3.83288,7.03275,1.834847425,661.004,0.49004,0.367919995,23.74292027,2.440105652,-3.920348517,-4.43472809
3.82338,7.04297,1.842079521,663.416,0.49154,0.369456721,23.73628606,2.447476453,-3.965761851,-4.452881881
3.82805,7.0406,1.839213176,655.899,0.49066,0.369664961,23.73779842,2.448354761,-3.932760401,-4.452221244
3.83129,7.04341,1.838391247,658.457,0.49186,0.371254321,23.69963909,2.453138977,-3.94815698,-4.449131453
3.80353,7.02932,1.848104261,666.492,0.49248,0.372152071,23.71226562,2.442905679,-3.899964839,-4.458309071
3.81631,7.03553,1.843542584,665.746,0.49252,0.372207612,23.77927246,2.46912962,-3.929190158,-4.487415486
3.79465,7.03046,1.852729501,665.003,0.49432,0.374462154,23.7704629,2.480481069,-3.925856243,-4.455304753
3.80398,7.0591,1.855714278,663.374,0.49546,0.376827246,23.70451076,2.465316303,-3.968079874,-4.47375821
3.75403,7.07034,1.883399973,654.4,0.49688,0.377599951,23.8421464,2.519800061,-3.955494865,-4.484755113
3.77871,7.01083,1.855350106,645.315,0.4874,0.365298857,23.95998281,2.453691545,-3.949426987,-4.485557133
3.76639,7.02821,1.866033523,649.234,0.48868,0.366774995,23.88864169,2.451606585,-3.944095261,-4.456526407
3.74465,7.02958,1.877232852,653.39,0.49138,0.370288315,24.03004152,2.472272492,-3.94541775,-4.509012211
3.71089,7.01624,1.890716243,654.224,0.4926,0.372023472,24.02683265,2.477520589,-4.070620024,-4.501715549
3.71586,7.02954,1.891766644,646.663,0.49268,0.372187892,24.07844841,2.490112342,-3.942466322,-4.502582794
3.71306,7.02793,1.892759611,648.878,0.49392,0.373449066,24.08269776,2.496485842,-3.966061386,-4.520206596
3.79902,7.06378,1.859368995,662.188,0.49534,0.376386736,23.7979048,2.482894372,-3.873504171,-4.482290123
4.62006,5.30234,1.147677736,703.25,0.55042,0.419680981,32.36380938,3.808208723,-4.530906771,-5.741576031
6.44372,9.67197,1.500991663,2959.81,0.76876,0.996810249,17.0112112,1.76831146,-3.765236093,-3.844775845
5.81143,6.67584,1.14874308,742.575,0.49274,0.43902526,24.90115892,2.3024585,-4.292250098,-4.568589169
4.09157,5.80501,1.418773234,1421.65,0.66424,0.569859817,13.77787739,0.514140664,-4.067340913,-4.061613045
4.07072,4.99075,1.226011615,787.362,0.59424,0.427289462,25.92711587,4.715015267,-4.013841229,-4.719116418
4.07489,5.27687,1.29497238,820.524,0.58692,0.422822563,25.70786496,4.649721365,-3.979554167,-4.720179756
3.85554,4.30865,1.1175218,168.58,0.36432,0.212435203,33.29899196,1.488520531,-3.394828015,-4.534213427
4.27265,5.73732,1.342801306,697.131,0.53542,0.341175271,20.03256655,1.682703295,-3.609275017,-4.275062049
4.20957,5.3531,1.271650074,1070.75,0.58134,0.537322538,24.83347052,4.880436264,-4.780269273,-5.445519763
4.79223,6.23329,1.300707604,1928.01,0.63598,0.664900513,20.51200817,5.360243464,-3.983047517,-4.405884762
6.8583,9.23094,1.345951621,2432.7,0.68082,0.900511483,17.62729347,2.763931511,-4.104753788,-4.134111628
6.4421,9.82138,1.524561866,2524.21,0.68676,0.931972115,18.37171695,3.21849914,-4.035728796,-4.126950352
4.8393,5.91598,1.222486723,2173.33,0.65366,0.690638148,18.57965056,3.913148899,-3.966546145,-4.269814577
5.19194,6.28295,1.210135325,2318.81,0.6684,0.731812265,17.22032241,3.277433311,-3.973860112,-4.164554689
4.848,5.8822,1.213325083,2016.61,0.65044,0.684908716,18.80232078,3.782200582,-4.143706125,-4.39134467
3.95054,4.76534,1.206250285,570.686,0.49664,0.369644824,27.16200117,3.574543373,-4.213069575,-4.995599495
5.12734,6.24349,1.217685974,2343.28,0.66256,0.723160882,17.49727256,3.36099679,-3.967127258,-4.174308264
4.91381,6.10211,1.241828642,2118.11,0.6547,0.69652567,18.35233214,3.648061301,-4.061874441,-4.283048313
4.72024,5.90984,1.252021084,2266.11,0.65608,0.700626536,18.42995286,3.770379469,-4.047717301,-4.259689561
4.86996,6.00653,1.233383847,2228.78,0.65828,0.706812579,17.90861939,3.570615452,-3.993299833,-4.230564219
4.42588,5.00224,1.13022495,242.639,0.38846,0.193461956,24.19847579,1.165143421,-3.068984821,-4.042338841
5.65156,7.05411,1.248170417,1777.75,0.629,0.650092915,21.32234848,3.04320552,-4.229002695,-4.23462928
4.15655,6.77563,1.630109105,1467.46,0.63808,0.596459085,21.36213334,4.694871035,-4.458813036,-4.711807297
6.59132,8.39175,1.27315166,1407.9,0.56948,0.594844776,21.91154824,4.960088281,-4.213259864,-4.230399772
6.73186,8.63633,1.282903982,1463.94,0.58242,0.622602118,21.25607006,4.896425124,-4.132087228,-4.215314387
5.08733,5.95986,1.171510399,848.321,0.55358,0.380407221,49.21777767,4.433164768,-5.838750159,-5.083033149
3.97327,8.08316,2.034384776,1385.79,0.62858,0.549664647,45.55704215,6.087451,-5.54812636,-5.012925415
3.84022,6.4221,1.672326065,867.72,0.54454,0.478094435,26.34456632,4.102137794,-4.620368508,-5.197692343
5.22924,16.36508,3.129533164,2765.81,0.71038,0.985724356,22.14557518,4.437590402,-4.379308579,-4.240162022
5.24588,16.40599,3.127404744,2790.13,0.70928,0.989081173,21.91335667,4.191412168,-4.319778684,-4.223287453
5.24565,16.39933,3.126272245,2792.33,0.7091,0.988719865,21.90178397,4.184096696,-4.340312472,-4.219590253
5.24663,16.39644,3.125137469,2792.94,0.7091,0.988500716,21.93438379,4.192971357,-4.347555083,-4.23204717
5.24682,16.38928,3.123659664,2792.84,0.709,0.98803213,21.93240266,4.17548818,-4.401858665,-4.228990929
5.24265,16.3778,3.123954489,2792.93,0.7093,0.988009606,21.9987907,4.25137737,-4.321234949,-4.225109029
5.23896,16.36646,3.123990258,2794.94,0.7094,0.987710014,22.04946648,4.245423245,-4.336600672,-4.226824067
5.22933,16.34087,3.124849646,2797.87,0.70994,0.987473329,22.21214481,4.307515256,-4.319242303,-4.242329507
5.22574,16.32287,3.12355188,2793.86,0.70952,0.985571747,22.23936393,4.31141323,-4.307929223,-4.236702601
5.22559,16.31009,3.121195884,2787.05,0.70892,0.983315047,22.29298725,4.38960352,-4.28760126,-4.237425938
5.21999,16.28739,3.120195633,2781.62,0.7089,0.981317726,22.43842757,4.430250788,-4.364316927,-4.253875516
4.54109,5.80261,1.277801145,612.998,0.50166,0.338298862,34.32506615,3.007562654,-4.172562047,-5.784544545
4.6547,5.27343,1.13292586,743.474,0.5214,0.448554714,27.27667405,4.227985628,-3.460620881,-4.319634287
4.05577,4.94177,1.218454202,583.498,0.57376,0.512839764,24.24157682,3.840098413,-4.519203805,-4.991309769
8.22575,9.51217,1.156389387,2291.8,0.67834,0.923710857,18.14276777,3.688051189,-3.942178845,-4.11636262
4.72444,8.11802,1.718303122,568.731,0.58246,0.220420891,21.33027802,0.603826051,-4.480031535,-4.439806112
3.85025,7.14967,1.856936563,381.654,0.49564,0.262911097,24.88132294,1.58490925,-4.26193606,-4.619760726
5.2612,6.89833,1.311170455,2032.01,0.64344,0.707623582,18.96977275,4.448169703,-3.936158948,-4.2024753
4.81731,6.90235,1.432822467,2052.86,0.64848,0.713762896,19.14520668,4.657721593,-4.02168597,-4.251371789
7.3846,9.12367,1.235499553,3821.55,0.77072,1.282630764,21.75819753,2.074978194,-4.084841969,-3.923512759
4.47901,5.71523,1.276002956,1500.48,0.59364,0.566461192,22.54767786,5.202703042,-3.88704986,-4.519458456
5.00163,6.47963,1.295503666,664.18,0.5234,0.42153586,25.19527572,3.162076818,-4.702244622,-5.012956066
9.60437,10.29771,1.072190055,654.093,0.52912,0.346119629,19.15782572,2.05493198,-3.518225734,-3.820638736
3.70632,6.17873,1.667079475,921.708,0.54116,0.432966101,20.59898961,3.206483961,-4.289786279,-4.633148507
6.98056,7.99116,1.144773485,2188.16,0.66072,0.772983483,14.29637046,1.902649732,-3.678285231,-3.780602943
6.20959,6.49703,1.046289691,794.592,0.52524,0.385655756,19.28201568,2.763580636,-3.154080756,-3.843067935
3.72665,5.02709,1.348956838,378.083,0.46498,0.364241679,27.87864022,2.118907627,-4.655971982,-4.879911493
8.13977,8.49323,1.043423831,2232.73,0.67724,0.87544403,19.20155088,4.075878671,-3.750717302,-4.040994915
9.83513,9.92153,1.008784836,2194.45,0.69922,0.992175771,14.69726181,1.928138225,-3.641143652,-3.79509704
10.10462,10.30552,1.019881995,2409.66,0.7131,1.052794756,15.22921532,2.670203866,-3.176759711,-3.415788238
8.22981,9.66456,1.174335738,2371.65,0.69528,0.966308188,17.36547073,3.044899778,-3.762048692,-3.759325504
9.40018,9.80277,1.042827903,2401.38,0.70764,1.002288874,16.98644046,3.128459756,-3.461608945,-3.58846594
6.49649,10.06165,1.548782496,2902.78,0.73198,1.007375234,17.5634549,2.55529995,-3.926974008,-3.964307435
7.19033,9.102,1.265866796,1730.62,0.66528,0.68933575,17.49997566,3.613891172,-3.644467242,-3.945957851
4.98598,6.73488,1.350763541,1141.11,0.59042,0.530433298,21.39418864,3.047279502,-3.941006579,-4.421898723
7.4091,10.66909,1.43999811,4161.49,0.77696,1.375094465,12.20050402,1.447129377,-3.59017983,-3.664406944
4.28847,5.07067,1.182396053,611.931,0.51052,0.391542102,26.39185091,3.334022544,-4.050136219,-5.284846143
4.39215,5.89004,1.341037988,886.395,0.50798,0.328881177,30.26322649,3.949891879,-3.846157291,-4.415709257
4.35313,5.86223,1.346670097,881.147,0.5065,0.32504412,30.46839709,3.919617743,-3.830177551,-4.459116261
4.17616,5.17336,1.238783955,932.1,0.55168,0.414560101,24.81166607,4.547173528,-4.414420019,-4.816245579
8.8403,9.48553,1.072987342,1015.22,0.6142,0.437589057,36.34198637,3.570695573,-5.843245391,-5.006685674
10.00981,12.36518,1.235306165,2733.8,0.71686,1.001753761,14.72498302,1.433576263,-3.751905186,-3.809011507
5.04854,5.79552,1.147959608,475.902,0.4525,0.298508447,32.84274996,3.360318193,-3.885370668,-4.764844356
4.95466,5.08011,1.025319598,418.59,0.44072,0.342328067,25.4562972,1.873600847,-2.945031866,-3.819386418
4.80325,4.89776,1.019676261,375.271,0.42842,0.323949519,27.04844307,1.887212492,-2.759832236,-3.87253232
4.56726,5.90739,1.293421001,267.441,0.47372,0.36936944,30.89857827,3.02263014,-4.414264648,-5.059909163
5.48586,6.80616,1.240673295,1530.66,0.62726,0.547930607,19.97522762,3.494615737,-4.155504635,-4.304554356
6.57368,19.03849,2.896169269,3527.08,0.78152,1.313805787,17.45591419,2.532799248,-3.882313057,-3.840680746
4.83521,5.76966,1.193259445,675.983,0.49968,0.32877145,24.66748488,3.297590522,-3.764930959,-4.6305411
5.15091,6.16839,1.197534028,750.458,0.51562,0.351000681,23.5049695,3.405975172,-3.777035273,-4.563292304
7.89234,8.57661,1.086700522,1426.6,0.6708,0.5616256,21.19643628,2.33660914,-4.268239346,-4.294434651
7.8928,8.45824,1.071639976,1379.58,0.66732,0.553741982,21.34904367,2.449864406,-4.342522,-4.318457268
7.40998,8.39033,1.132301302,1379.39,0.66706,0.5516403,21.53034953,2.271279044,-4.393864359,-4.255341142
5.76334,6.2506,1.084544726,2574.73,0.70316,0.763266471,15.51423044,1.724927597,-3.796352076,-3.907536935
5.46808,7.32111,1.338881289,1661.89,0.73318,0.466458837,11.23444561,0.275407558,-3.668617289,-3.697266508
4.56791,5.34593,1.17032297,759.401,0.5018,0.423434903,29.57976235,4.197328107,-3.800452338,-5.100498917
3.827,4.83097,1.262338646,521.107,0.51232,0.450779573,30.94099753,4.851271443,-5.467948086,-6.774186394
3.67534,4.67476,1.271925863,291.415,0.44404,0.254572139,21.94156291,0.837887147,-4.075864562,-4.513766504
3.72801,4.69428,1.259191901,304.401,0.4456,0.256320285,21.87433427,0.863087396,-4.059839888,-4.454609563
3.78375,4.73192,1.250590023,329.034,0.45086,0.260912842,21.80582274,0.921284202,-3.943972936,-4.453985567
4.62847,5.60614,1.211229629,511.247,0.50278,0.283265913,43.91506609,3.267909037,-5.024585205,-5.352604109
4.36461,6.06205,1.388909891,1286.5,0.62204,0.505995087,20.25478754,3.532512699,-3.882506909,-4.396319734
3.68181,4.60506,1.250759817,257.571,0.43206,0.234081169,23.03848936,0.91928546,-3.870073978,-4.425844493
3.66081,4.62011,1.262045831,257.711,0.43416,0.235919339,22.77546351,0.907739602,-3.980180609,-4.438701066
3.66037,4.71394,1.287831558,256.594,0.44848,0.245896067,22.76057717,0.908656403,-4.007273997,-4.606978407
17.51395,17.92516,1.023478998,2638.6,0.76272,1.42152112,24.00924614,4.021354009,-4.150430841,-4.46523587
23.62721,24.44059,1.034425563,2780.42,0.7981,1.817751145,23.57902295,4.183398789,-4.117905055,-4.329368343
30.14408,30.70055,1.018460341,3030.2,0.82792,2.285689044,24.05563802,3.139835978,-4.077493345,-4.232647498
36.43313,36.78756,1.009728234,2954.66,0.85506,2.554492005,17.53175919,1.958063959,-3.839381919,-3.901002496
34.35542,34.85961,1.014675705,3369.2,0.84726,2.961349989,21.71142682,2.933845015,-4.004377969,-4.038183315
38.06649,38.22812,1.004245992,2782.7,0.83128,2.543906626,19.74270151,1.677317578,-3.928995033,-3.897720493
5.18923,6.59267,1.270452456,886.669,0.55228,0.443787315,19.73076622,2.23223762,-4.392165301,-4.80309174
4.95677,7.5254,1.518206413,3239.27,0.6945,0.918334964,16.16181587,2.926677626,-3.891523687,-3.938387002
4.24768,8.85312,2.0842248,1497.51,0.62228,0.733776624,19.60760344,3.376290321,-4.271504799,-4.382348019
9.45289,15.81778,1.673327416,1500.82,0.70398,0.733859072,23.48767988,2.583199546,-4.711587913,-4.605829825
10.03609,13.87561,1.3825713,1610.91,0.70492,0.729846446,26.52028979,3.15033453,-4.734469994,-4.562493922
7.36405,9.58279,1.301293446,1009.68,0.55554,0.541921512,21.93130644,3.117648239,-3.804799936,-3.924341174
7.12348,9.49471,1.332875224,980.542,0.55378,0.535187583,21.97564242,3.156368276,-3.806547039,-3.993247828
5.83066,8.94751,1.534562125,965.504,0.54624,0.51563208,23.38668707,3.012005467,-3.979419571,-4.054009333
5.70271,8.06325,1.413933025,967.049,0.54364,0.513119644,25.85323876,3.149327467,-4.585937796,-4.62305306
5.63412,8.02638,1.424602245,919.341,0.5422,0.509002835,26.16263103,3.170549618,-4.634187516,-4.660168276
5.06073,7.61203,1.504136755,971.021,0.53216,0.488982817,23.59223301,2.886467177,-3.983344058,-4.062122634
5.19617,6.83933,1.31622522,1022.44,0.53006,0.48248241,23.96870427,2.94845632,-3.911363254,-4.109709028
4.79912,6.55429,1.365727467,941.621,0.52844,0.478057518,23.70465356,3.15974223,-3.917924881,-4.264509092
4.78318,6.61361,1.38268056,939.715,0.52762,0.476643028,24.1199937,3.213011632,-3.963805724,-4.298973661
5.1443,5.22922,1.016507591,385.113,0.5144,0.318100303,29.02784812,2.399803961,-4.059992257,-4.523912278
6.20532,7.88308,1.270374453,1058.16,0.60308,0.429235379,21.38754407,4.285822817,-3.939302499,-4.307789899
5.99694,7.72531,1.288208653,1479.64,0.6152,0.571386113,21.35682489,5.985592765,-3.62912433,-4.283582451
5.30071,6.00247,1.132389812,524.787,0.48104,0.28003423,23.51094226,1.67541806,-3.956336038,-4.958979344
5.78584,6.52014,1.126913292,393.689,0.44588,0.277083502,22.46466143,1.460821533,-3.945591495,-4.40356326
4.03217,4.22072,1.046761421,147.752,0.37282,0.170588747,33.45500512,1.861741914,-3.641851668,-4.8206404
3.96956,4.19061,1.055686273,162.522,0.3707,0.168803078,32.93948475,1.782726938,-3.592475309,-4.636047556
3.75321,4.15601,1.107321466,136.227,0.36714,0.166650023,31.34205672,1.488861449,-3.569932017,-4.356781667
6.48187,7.78665,1.201296848,2532.4,0.71664,0.796561394,15.19348963,2.020439268,-3.682428252,-3.80801775
6.6287,9.2158,1.390287688,2675.84,0.74044,0.910039514,15.90246098,1.605109435,-3.862194617,-3.855693538
4.09776,5.39014,1.315386943,559.235,0.45538,0.373430645,27.34808629,2.968563855,-3.870242578,-5.341623699
4.72276,5.09966,1.079805029,564.892,0.46068,0.379275994,27.20649124,2.691664545,-3.977460565,-5.262196579
4.84916,5.1864,1.069546066,1076.23,0.52748,0.4500721,27.66879195,4.427235309,-4.3422041,-4.706271205
4.27999,7.01256,1.638452426,1391.99,0.56442,0.517360856,25.2767706,4.330457646,-4.282841593,-4.428088055
3.67275,4.89378,1.332456606,395.317,0.46096,0.332024807,23.54726453,1.74173885,-4.137847918,-4.920969216
8.07599,8.96947,1.110634114,1902.49,0.67526,0.695262708,18.52266814,1.651219412,-4.027656686,-3.981521806
3.72656,5.3045,1.423430724,254.282,0.42126,0.278052065,28.91102142,1.525326197,-3.865754271,-4.766668133
3.74229,5.33635,1.425958437,611.572,0.51658,0.43784274,29.52368717,4.74238263,-4.644528423,-5.403863731
3.74465,5.70035,1.522265098,503.289,0.46266,0.339721561,25.05409563,2.484752632,-4.005959817,-4.690689357
6.94262,18.51106,2.666293129,3660.84,0.78188,1.308220129,16.63153547,2.473838323,-3.783932435,-3.784310531
5.05884,7.20015,1.423280831,997.74,0.56006,0.47824639,42.82226922,4.040099272,-5.853015572,-4.881926354
5.70512,8.08493,1.417135836,1134.24,0.62502,0.453014808,16.22285621,1.256302863,-3.761818492,-3.922455818
5.8473,8.77219,1.500212064,1227.51,0.63726,0.481488757,15.52534243,1.101353031,-3.790439806,-3.89930913
5.56771,8.63785,1.551418806,1171.43,0.63032,0.46291917,16.18068531,1.264302241,-3.799728358,-3.913409551
5.62434,10.30851,1.832839053,1307.39,0.65086,0.506762175,15.37997178,1.073880548,-3.846758492,-3.917782459
7.09895,8.90631,1.254595398,1265.12,0.6509,0.506261181,15.36199866,1.001449285,-3.879942401,-3.92994034
6.23971,10.39698,1.666260131,1291.15,0.66214,0.524363492,15.26024053,1.042724369,-3.875339785,-3.963029854
5.67843,8.6384,1.521265561,1190.82,0.62544,0.460041338,16.28785502,1.296698695,-3.838600037,-4.003895574
6.69323,8.37909,1.251875402,1214.14,0.63476,0.477960333,15.65295016,1.070143924,-3.805715549,-3.924812632
5.96123,9.20954,1.544906001,1200.34,0.63452,0.475520283,15.77121217,1.125758007,-3.762840148,-3.896256034
6.22037,8.55578,1.375445512,1184.82,0.63538,0.470348738,16.02539525,1.189559485,-3.787380378,-3.985370438
6.18424,8.11172,1.311676132,1163.18,0.62748,0.463009696,16.33927947,1.238964294,-3.896552793,-4.027719094
6.26863,10.02209,1.59876879,2212.16,0.71232,0.877560197,26.42166289,3.88407099,-4.449369516,-4.025541921
6.59717,13.17296,1.996759216,2220.34,0.72244,0.817929137,24.00571832,2.899581035,-4.505391533,-4.049410025
5.27542,5.40721,1.024981897,1074.11,0.54272,0.458289353,26.86002747,4.288042743,-4.308106166,-4.695150128
5.0342,5.97505,1.186891661,2363.42,0.66762,0.719891308,16.7853991,3.259008464,-3.66813359,-3.9261369
5.09508,6.08901,1.195076427,2301.02,0.66154,0.709586073,16.44498705,3.005960913,-3.590955147,-3.886585557
5.01622,7.94342,1.583546974,2838.59,0.70966,0.809128607,21.84362449,6.018718478,-3.817471917,-4.096037382
5.16379,6.19817,1.20031411,772.834,0.50844,0.347634643,23.79978018,3.601668173,-3.722629569,-4.600096379
6.52783,13.18615,2.019989798,2245.39,0.72198,0.820694814,23.4933371,3.021580013,-4.451469691,-4.0541617
10.06588,11.52194,1.144653026,1864.44,0.65632,0.795053688,26.71445858,2.848964812,-4.911561296,-4.566866327
9.92431,11.74025,1.182978968,1927.88,0.66344,0.820410848,26.04839346,2.750992603,-4.899759096,-4.526921959
4.23676,5.6172,1.325824451,514.069,0.45784,0.237012802,43.39455335,2.775501686,-5.58873308,-5.717890122
4.84,12.94,2.673553719,2015.14,0.68168,0.950761734,21.01751146,3.924697118,-4.555344269,-4.349512923
4.29629,6.02864,1.403219987,1318.64,0.60574,0.535002031,19.21780356,3.117618096,-3.986823781,-4.306075626
5.17369,5.39694,1.04315102,291.38,0.40912,0.181623657,25.64598098,2.035211136,-4.012426803,-5.656946989
5.14642,6.20774,1.20622491,759.433,0.50616,0.34573062,23.68287876,3.518070386,-3.771214078,-4.597295793
4.16071,5.40468,1.298980222,745.81,0.516,0.333232158,32.59413669,3.970290471,-4.81387556,-5.475402237
4.22456,6.45985,1.529117825,1115.94,0.59794,0.436503533,42.99541325,4.714930781,-4.880856628,-5.126151426
4.17139,6.50302,1.558957566,1095.1,0.59726,0.432430476,24.16923415,3.057277177,-4.084921445,-4.523945516
4.08594,6.47601,1.584949852,1078.19,0.59492,0.427892257,45.99244219,4.815811313,-5.16386066,-5.141925213
8.27766,10.88253,1.314686759,1238.24,0.60742,0.602001982,21.90582876,2.242744177,-5.180282003,-5.163368146
4.93276,8.69638,1.762984617,920.719,0.55316,0.45103635,26.85247324,3.765375747,-5.330277699,-5.16486671
3.78065,5.4733,1.447714017,1084.51,0.53288,0.514075132,26.49528344,5.653534723,-4.177374764,-5.061116512
4.56918,5.58996,1.223405513,755.358,0.53188,0.416660791,27.11980009,3.956824371,-3.69247191,-4.449524631
4.70953,5.87386,1.247228492,784.394,0.54114,0.413560669,25.52943919,3.6434712,-3.6830065,-4.450704396
10.04767,10.50032,1.045050245,1346.32,0.60606,0.616880704,28.19559036,4.827137808,-4.561430577,-4.638945347
4.61739,5.96762,1.292422776,840.777,0.57572,0.518760137,21.54667955,2.583245217,-4.418470377,-4.628352712
4.65776,6.35159,1.363657638,774.721,0.51056,0.444599255,24.13162903,3.375312599,-4.397793537,-4.992827277
7.49831,8.18384,1.091424601,1374.08,0.66592,0.545049764,21.34914989,2.432454212,-4.345978185,-4.334510831
7.80553,8.30815,1.064392809,1404.88,0.67156,0.557653663,21.44708293,2.453595501,-4.398825951,-4.344532354
7.50788,8.35741,1.113151782,1396.17,0.66472,0.535520358,21.42891882,2.643916471,-4.188659693,-4.268132369
7.50835,8.27117,1.101596223,1381.5,0.6644,0.53663304,21.48736363,2.60575366,-4.19970036,-4.275549671
4.01581,5.06604,1.261523827,211.642,0.44116,0.302641147,30.81930239,2.096572483,-4.157572579,-5.135302997
4.28854,5.6803,1.324530027,1812.45,0.6414,0.566958366,18.66074516,3.094043972,-3.944644809,-4.200869667
4.42295,5.8918,1.332097356,1940.34,0.64608,0.579922447,18.14016612,2.937296827,-3.938872693,-4.15405726
5.28492,6.78863,1.284528432,1760.56,0.65298,0.602119007,17.97127065,2.491028981,-4.08332611,-4.158243002
5.23642,6.50104,1.241504692,2488.12,0.68618,0.716020139,15.85676959,2.085724369,-3.843000419,-3.948066482
5.16908,6.74711,1.305282565,2564.61,0.69242,0.747658506,15.24761349,1.767951269,-3.823347217,-3.924784233
5.1049,7.01898,1.374949558,2531.04,0.6978,0.764132007,14.9711202,1.650234944,-3.772940827,-3.852133542
4.49108,7.26111,1.616784827,1332.98,0.6082,0.519744657,26.5986859,4.760234068,-4.733566199,-4.638220894
5.9559,15.59448,2.618324686,4089.7,0.78788,1.404828854,14.57067315,1.838715254,-3.963157029,-3.943100175
5.20454,6.54271,1.257115903,976.21,0.55636,0.503899068,33.51052544,4.284498016,-5.151372995,-4.820067527
4.36113,5.08447,1.165860683,450.366,0.46286,0.378045494,29.1024227,2.572279449,-3.357392991,-4.366432193
7.33404,8.20229,1.118386319,1759.08,0.66736,0.744750777,16.47769573,3.214147955,-3.349575348,-3.658438218
5.42977,9.60382,1.768734219,2479.03,0.70826,1.058376109,16.97724619,3.403897528,-4.010299138,-4.091197615
6.08998,6.42929,1.055716111,4194.52,0.70336,0.964431647,21.72793121,8.500235995,-3.761457614,-4.120825561
3.80406,8.78253,2.308725414,1370.92,0.6028,0.568153971,23.64840436,7.203749173,-4.217427053,-4.668556123
3.76722,8.75922,2.325115072,1300.98,0.59138,0.558279602,24.49402771,6.544129963,-4.916307179,-4.919781871
5.04516,6.65259,1.31860833,923.694,0.5525,0.470645359,36.23514234,5.206736608,-4.914153715,-5.039759965
5.14039,6.60108,1.284159373,918.633,0.5514,0.467783669,34.85999447,5.136293246,-4.913283346,-5.04342774
5.08535,6.57261,1.292459713,899.044,0.55196,0.463166374,32.71878014,4.913969012,-4.971294522,-4.989691491
4.00842,8.70379,2.171376752,1182.28,0.59454,0.494950924,21.31242971,2.69776426,-5.127402189,-4.803749348
3.818,4.40498,1.153740178,234.996,0.52514,0.243059605,28.13048445,1.240340688,-4.770391776,-5.612876179
4.21343,7.49731,1.779384017,574.38,0.48284,0.333349443,22.49713931,2.130979005,-3.916489195,-4.357905037
3.76809,5.41592,1.437311741,611.575,0.47728,0.360040132,23.69071856,2.822699382,-4.316233402,-5.175911301
5.43231,6.88401,1.267234381,2652.58,0.69848,0.751581487,16.61786156,2.910629684,-3.71018947,-3.896886796
4.58097,8.98757,1.961936009,1795.98,0.61762,0.704871858,21.02700062,4.72661124,-4.060399541,-4.263701981
3.72816,5.21341,1.398386872,924.828,0.5918,0.497035258,22.96561604,4.48007711,-4.030938055,-4.69472788
4.18889,6.51947,1.556371736,1345.22,0.63434,0.585838436,19.58674097,3.672307811,-4.010500967,-4.271796763
4.41438,5.31747,1.204579125,683.676,0.51526,0.381005198,26.83508852,3.722369486,-4.35103858,-4.918257686
7.98957,9.17489,1.148358422,1485.28,0.61806,0.664644966,24.99195045,4.145311915,-4.470654095,-4.433754244
4.62328,7.09732,1.535126577,1337.42,0.57534,0.574891585,21.43041137,3.905775146,-4.151670588,-4.48325743
8.46338,9.84183,1.16287228,2436.44,0.77858,0.869249697,32.72847127,3.876584136,-5.184920379,-4.358380706
8.76011,10.02499,1.144390881,2419.17,0.78066,0.884273911,40.31810443,3.873333114,-5.757704728,-4.36881251
8.72369,10.01133,1.147602677,2425.72,0.78102,0.878013245,40.85564531,4.006848609,-6.970680405,-4.348415491
6.27169,7.47442,1.191771277,997.289,0.61248,0.439917831,18.89303883,1.981137125,-4.098372651,-4.338061707
3.9229,15.26539,3.891353336,1770.44,0.66484,0.789095752,23.78187969,4.989606536,-4.117784852,-4.510518488
4.62926,5.8356,1.260590246,1011.92,0.55576,0.507714936,25.29386532,4.496709232,-3.518740494,-4.344398761
4.61754,13.61739,2.94905729,2026.62,0.69804,0.732283787,17.70142114,2.621468387,-3.955750758,-4.085837618
4.2385,4.46346,1.05307538,746.839,0.51854,0.392173768,26.08289362,3.911546836,-3.259448777,-4.278799582
3.76789,6.48006,1.719811353,949.39,0.54878,0.430942958,46.69885219,5.778115115,-6.007722335,-5.427427635
3.78742,6.44133,1.700717111,952.764,0.5484,0.432765152,44.76546996,5.688791161,-5.579538458,-5.295740004
7.37206,12.27489,1.665055629,1966.41,0.71848,0.779544022,21.11144101,1.409438851,-4.416474497,-4.2215824
5.67876,6.04937,1.065262487,1037.17,0.58178,0.511517901,21.6943655,4.152046302,-2.851467996,-3.85803047
3.98908,6.09913,1.528956551,740.584,0.5408,0.392538288,22.81158626,2.845296335,-4.266285987,-4.703558073
4.00559,5.12851,1.280338227,430.546,0.46608,0.300702594,50.20676071,4.191677648,-5.885251289,-5.474625159
4.0299,5.17293,1.283637311,466.605,0.47528,0.310158055,32.24697243,3.038481361,-4.683007054,-6.243642258
4.53606,5.41046,1.19276641,1560.69,0.58092,0.637488848,24.63949563,5.553023324,-4.305701358,-4.528152657
4.62746,5.2704,1.138940153,1532.62,0.57776,0.629956975,25.28200258,5.489272107,-4.360689842,-4.572458142
5.65873,6.72021,1.187582726,855.781,0.53676,0.530494856,20.63462171,1.972474713,-3.900159993,-4.153098187
6.38772,6.55761,1.026596344,846.242,0.52014,0.486840135,21.25637731,2.46347891,-4.016747694,-4.247913066
5.67424,6.65442,1.172742076,807.053,0.49694,0.451095195,22.76218564,2.625752361,-3.942763197,-4.284803656
4.37328,6.19569,1.416714686,1623.32,0.593,0.657186775,24.09709872,5.206327477,-4.320414029,-4.472353879
4.69938,6.48146,1.379215982,1785.17,0.59726,0.669309869,24.50267574,5.549333584,-4.3477419,-4.520477209
3.68772,5.71975,1.551026108,750.803,0.54912,0.405401215,24.50102925,2.316455352,-4.821184905,-4.943349235
7.35837,9.71547,1.320329095,1177,0.57768,0.501898366,44.86873568,5.371861632,-6.253583568,-4.439283197
7.37011,9.7478,1.322612553,1186.68,0.57946,0.506503269,44.17207741,5.215482005,-5.95342222,-4.402105004
7.37414,9.69288,1.314442091,1192.44,0.58158,0.509701846,44.04567535,5.236972831,-5.910527912,-4.404107186
7.47258,9.62315,1.287794845,1199.31,0.58264,0.512684236,39.38711176,4.994663457,-4.9387751,-4.327135119
7.528,9.45566,1.256065356,1189.56,0.57994,0.504159748,38.75486267,4.980247838,-5.261323116,-4.648894072
13.20205,15.8929,1.203820619,2126.73,0.7288,1.073249894,17.2708991,1.599241366,-4.010678312,-3.973279141
4.49334,5.2699,1.172824669,639.599,0.53502,0.36831127,32.14621885,4.844082815,-4.97601255,-5.908655648
4.57602,6.51796,1.424373145,1152.25,0.59574,0.52110249,19.39939298,2.874167604,-3.30900265,-3.858907454
7.63768,8.1061,1.061330142,1313.96,0.66608,0.53750807,21.68245899,2.55088361,-4.384239459,-4.345416962
7.59473,8.2086,1.080828417,1354.21,0.66396,0.540965976,21.48760359,2.461146168,-4.390009256,-4.344634184
6.48147,6.85652,1.05786496,861.552,0.5653,0.338168875,24.65546333,4.333292926,-3.668475066,-4.479910751
7.35,7.87003,1.070752381,1598.45,0.63556,0.643315815,16.45640657,2.945856945,-3.040675057,-3.500250795
6.86498,10.43035,1.519356211,2752.25,0.71598,1.050873379,19.76290108,2.911873882,-3.986628142,-3.965492835
5.98929,9.0448,1.510162306,1309.45,0.61784,0.561432842,17.32367765,2.292261008,-4.045139234,-4.156606738
4.24745,5.20099,1.224497051,505.741,0.48648,0.40416729,27.17058396,3.545842688,-4.325127466,-4.98383368
4.15651,5.19203,1.249132084,410.768,0.44882,0.338765313,27.11463578,2.202186012,-3.862415197,-4.878368253
4.11856,5.10825,1.240300008,614.964,0.47928,0.394560063,27.42841661,3.496188635,-4.275136425,-5.168210135
4.13079,5.12494,1.24066825,593.397,0.47774,0.393548228,27.45380566,3.47100905,-4.269509246,-5.186873419
7.84062,14.9462,1.906252312,3658.67,0.80704,1.334579099,10.65376945,0.738465691,-3.793027109,-3.783015925
4.12363,5.10796,1.238704733,463.829,0.48212,0.396849046,27.36152154,3.264214117,-4.398079498,-5.030697666
7.96722,15.10109,1.895402662,3718.36,0.81186,1.376712921,10.40096797,0.713358509,-3.747262165,-3.750440764
7.94906,15.11067,1.900937973,3699.19,0.81026,1.37544815,10.4187213,0.705658432,-3.773448964,-3.73731334
7.95238,15.07723,1.895939329,3643.91,0.80894,1.367170929,10.38714418,0.689721535,-3.778339666,-3.771162252
7.94526,15.08768,1.89895359,3667.79,0.80922,1.372697032,10.39748108,0.700035316,-3.773261473,-3.776636756
7.91769,15.10036,1.907167368,3684.86,0.81016,1.374291574,10.38759706,0.730599213,-3.721559906,-3.696045055
5.12904,5.58245,1.088400558,2038.34,0.66094,0.637511454,17.80692236,3.26880322,-3.79892816,-4.063717367
5.02553,5.5169,1.097774762,2005.01,0.66172,0.641046258,17.68809287,3.081315234,-3.781236169,-4.057925254
4.22373,6.03384,1.428557223,965.378,0.57316,0.464567376,26.34568434,3.550837962,-4.532738259,-4.501489163
4.58117,6.38849,1.394510573,1162.58,0.58826,0.490813823,25.76405926,3.27257884,-4.648067162,-4.501591214
4.59516,6.36899,1.386021379,1154.29,0.59546,0.496804552,25.82228832,3.291998601,-4.651021027,-4.4820293
6.98017,7.83578,1.122577244,1525.44,0.61456,0.626646124,17.9818561,3.3099284,-3.633539245,-3.875025633
4.8025,6.50583,1.35467569,673.201,0.51554,0.322414009,34.38926375,4.472688044,-4.561749772,-5.400504451
4.91174,6.50945,1.325283912,835.098,0.51856,0.390402554,33.13565402,5.433190846,-4.492590228,-5.485576275
23.23987,28.19349,1.213151795,2993.89,0.88298,2.888585739,11.8943903,0.881965908,-3.320397074,-3.335637708
4.96103,5.44623,1.097802271,234.038,0.40304,0.247153115,22.8717994,0.743079249,-3.630245565,-4.285188066
4.00276,9.01794,2.252930478,899.793,0.55688,0.446640253,20.08079476,1.936685966,-4.352777512,-4.54351593
9.13273,10.62623,1.163532701,1789.43,0.68422,0.748276183,31.37963434,5.080221758,-4.951091495,-4.574337446
9.10715,10.65559,1.170024651,1777.69,0.68372,0.744564306,31.02789947,4.900324847,-4.859340518,-4.56743327
9.07282,10.68647,1.177855397,2078.29,0.68016,0.873923753,25.97238626,5.298669625,-4.627030803,-4.505247203
3.83801,5.05177,1.316247222,685.855,0.54018,0.449143171,28.60554421,4.321941203,-3.691478205,-4.577047109
10.84114,11.21149,1.034161537,1298.71,0.63396,0.560525548,21.99890846,4.042119937,-3.768379817,-3.991886744
10.99568,11.61678,1.05648582,1344.14,0.64782,0.572557338,19.95411566,3.071111075,-3.629040356,-3.857383872
10.8267,11.26396,1.040387191,1333.08,0.64048,0.565350564,21.74400492,4.224686671,-3.659004403,-3.936901532
10.94497,11.57288,1.057369732,1350.73,0.64468,0.565950611,20.50238861,3.548707444,-3.675668954,-3.905351922
6.16862,9.2766,1.503837163,1485.27,0.6488,0.585422193,14.78612697,0.739383994,-4.093551317,-4.131401947
5.38961,7.62039,1.413903789,483.849,0.48832,0.292373922,24.78860273,1.890232511,-3.90865459,-4.480403797
4.93889,7.18261,1.454296411,458.227,0.48322,0.301904946,24.63740967,1.920132323,-3.853583568,-4.527882138
10.83458,11.54579,1.0656426,1268.2,0.6411,0.544819498,20.98877115,3.690615641,-3.753477092,-3.965254908
10.82299,11.31191,1.045174208,1246.5,0.63556,0.5431394,22.43014889,4.157601514,-3.860782946,-4.11611761
4.67755,5.68214,1.214768415,1015.19,0.60378,0.371332981,35.43909525,2.933948102,-5.10885398,-4.746161668
5.22927,16.36523,3.129543894,2760.4,0.71038,0.985738034,22.2648261,4.47124222,-4.362373384,-4.245062283
5.15011,5.65834,1.098683329,2097.92,0.66534,0.648896951,17.47639837,2.964661523,-3.852446549,-4.047478929
4.63206,7.74471,1.671979638,600.367,0.48252,0.368560953,20.65170592,2.152414816,-3.821982193,-4.249981091
3.67055,11.52297,3.139303374,1495.4,0.64788,0.716852699,15.31651917,1.291957123,-4.573653774,-4.552369979
3.82499,11.61384,3.036305977,1502.42,0.6444,0.713452183,16.73037195,1.396871702,-4.414450397,-4.343752238
3.82654,11.61381,3.035068234,1503.47,0.64454,0.714783172,16.69062931,1.378004607,-4.348557336,-4.361038818
3.66396,11.60905,3.168443433,1465.14,0.6442,0.708045138,21.73775843,1.98607941,-4.458559898,-4.461333239
3.69478,11.33313,3.067335538,1467.87,0.65444,0.704904083,14.66551578,1.066734149,-4.525201426,-4.524896051
4.61822,5.47299,1.185086462,1382.86,0.62922,0.463691432,32.5654161,7.600024407,-4.565970753,-5.251577521
4.60331,5.44704,1.183287678,1367.15,0.62954,0.457680843,30.78920929,7.350900263,-4.415983594,-5.141375899
4.59352,5.41612,1.179078354,1289.24,0.62976,0.446562287,27.11286767,6.165215163,-4.23321566,-4.683174631
4.61623,5.47631,1.18631654,1754.71,0.63378,0.586041093,29.37654194,8.807155165,-4.368959674,-4.847153388
4.04304,5.72411,1.415793561,631.656,0.51634,0.450216677,26.35916864,4.094524712,-4.210674679,-4.848750371
3.84303,5.28042,1.374025183,474.798,0.51602,0.440903304,29.17659078,4.530905999,-4.57821832,-5.194403919
12.93727,30.84703,2.384353886,6013.66,0.9055,3.816954782,26.34747557,2.876222574,-4.101331513,-3.775499135
4.93164,5.53296,1.121931041,858.384,0.5458,0.477766106,28.51819453,5.506652088,-4.236171282,-5.319965444
5.53555,6.18995,1.118217702,1283.69,0.58934,0.583938568,24.43465515,7.715703912,-3.887852537,-4.91670042
5.22397,7.6925,1.472539084,1268.05,0.57298,0.592195562,27.99029072,5.501373074,-4.497353298,-5.083575786
8.02852,8.8151,1.097973225,894.431,0.57682,0.391085618,29.32184131,3.102175837,-5.154645707,-4.923908335
8.12377,8.81658,1.085281833,1115.57,0.58256,0.495340453,26.7074623,3.483698263,-4.974849178,-4.845036419
8.36992,8.94248,1.068406866,682.131,0.54522,0.334259072,16.2508793,0.862140213,-3.768939139,-3.876574769
5.32208,7.1432,1.342182004,2111.95,0.6522,0.685320152,22.45002723,3.033876576,-4.350325176,-4.240142689
3.66339,14.47047,3.950021701,2032,0.72416,0.911786518,35.80621685,7.242943981,-5.392756482,-5.175546668
4.26632,4.42679,1.037613212,628.494,0.52602,0.400603167,25.79291477,2.993042058,-3.372177038,-4.508819146
4.34625,4.49444,1.03409606,704.473,0.5303,0.408334553,25.24869194,3.002443376,-3.341088017,-4.338172378
4.22902,4.41727,1.044513859,599.734,0.52672,0.400532299,25.92855823,2.97418009,-3.462929073,-4.480841579
7.34267,7.85539,1.069827461,1558.53,0.63556,0.639444626,16.52159446,2.984899703,-3.049213821,-3.492690263
7.22608,7.76352,1.074375042,1527.34,0.62892,0.631061824,16.57356599,2.987046424,-3.557101006,-4.047389642
7.60574,8.05582,1.059176359,1646.37,0.63604,0.641977651,16.48122439,3.055917523,-3.095092908,-3.536096895
8.58608,10.19056,1.18686991,3037.95,0.73974,1.053448551,24.78014817,4.784223139,-4.414289011,-4.165677135
4.98443,6.38657,1.281303981,2856.74,0.68188,0.837163848,19.62494558,3.863254218,-3.993904423,-4.060499607
5.20358,5.89707,1.133271709,2250.81,0.69818,0.676105166,12.94209731,0.748895731,-3.6833665,-3.724762801
6.70425,10.12176,1.509752769,3057.45,0.74078,1.045119985,16.3863434,2.492685804,-3.763513408,-3.794163451
4.21433,4.92676,1.16904941,2110.48,0.65442,0.736224064,19.22404674,3.797830152,-3.947184727,-4.124549769
4.38596,4.69951,1.07148948,2426.46,0.66926,0.767312572,18.75095458,3.878185377,-3.864959181,-4.139872895
5.1936,5.99511,1.154326479,624.62,0.50944,0.300320694,30.86279284,3.521958518,-4.274799347,-5.411191025
5.21528,5.97003,1.14471898,660.945,0.51094,0.307858236,41.45247145,4.296270369,-5.236504948,-6.109313693
3.98805,5.24448,1.315048708,1255.43,0.61198,0.552997307,22.45187047,3.539763743,-4.056652355,-4.93173729
4.0676,5.24396,1.289202478,1160.37,0.60512,0.540502881,22.84167094,3.543833187,-4.281925752,-5.239696649
6.47199,8.31266,1.284405569,3466.08,0.75368,1.109681295,13.39984639,2.060289144,-3.550264941,-3.602539257
5.95196,8.43693,1.417504486,1052.18,0.60916,0.449959743,19.78176871,2.812948444,-3.846976399,-4.233078581
4.03318,4.87776,1.209407961,198.185,0.36024,0.209191317,32.35361205,1.459373558,-3.979300088,-4.861288727
4.98966,6.78942,1.360697923,659.571,0.47808,0.341546705,23.01717562,3.083297018,-3.879101874,-4.747500817
6.83328,8.71902,1.275964105,4053.73,0.75098,1.274056732,14.21066982,2.66123616,-3.749865944,-3.788729472
7.40782,9.82923,1.326872143,4304.34,0.78316,1.529152421,13.18602262,1.82936485,-3.694593869,-3.730134429
4.96284,7.94411,1.60071854,2747.84,0.69578,0.868433206,16.00659807,3.156102496,-3.844770614,-3.949751669
3.76656,4.92821,1.308411389,478.119,0.4979,0.356154193,26.3061269,2.417083457,-4.779839027,-5.45107279
5.71555,6.38354,1.116872392,1665.64,0.64902,0.557898447,20.7736169,4.580600014,-3.948339598,-4.386709739
5.25681,6.23207,1.185523159,783.278,0.53884,0.424684741,22.88579621,2.936568633,-3.734334047,-4.512843705
8.17838,9.69532,1.185481721,2350.29,0.69962,0.966540902,17.20202991,3.006872599,-3.6702134,-3.727690546
8.02301,8.65383,1.078626351,1417.97,0.67562,0.565850635,21.3982253,2.399543216,-4.356848527,-4.282316735
7.41946,8.13654,1.096648543,1329.86,0.65856,0.532906076,21.55890754,2.481830319,-4.406803921,-4.330509288
7.56134,8.20693,1.085380369,1374.29,0.66664,0.547683207,21.47099859,2.394973948,-4.37589366,-4.304626484
8.24178,8.77466,1.064655936,1446.44,0.67988,0.578104672,21.2530453,2.38303966,-4.264845067,-4.295544558
7.97366,8.72478,1.094200154,1424.17,0.67888,0.573034751,21.3218895,2.447089193,-4.326727847,-4.302963553
7.91648,8.46136,1.06882857,1379.13,0.66582,0.549012171,21.34642312,2.504934191,-4.333184886,-4.322325283
6.77563,8.78676,1.296818156,2257.23,0.67368,0.795109993,28.99721206,5.678376236,-4.740347632,-4.433997055
6.32665,6.70484,1.059777291,1949.79,0.64806,0.611573524,19.01376805,4.847468833,-3.685178265,-4.199069534
7.39172,8.11347,1.097643038,1343.63,0.6662,0.541423533,21.53026159,2.419815785,-4.378987862,-4.328876891
6.34214,6.70637,1.057430142,2032.5,0.65784,0.627261025,18.82888931,4.720184598,-3.717805943,-4.160470866
6.34258,6.71551,1.058797839,1962.77,0.6487,0.614700894,18.96562367,4.734387412,-3.720954369,-4.194819434
6.35537,6.73279,1.059386,2042.84,0.65872,0.63909344,18.49003033,4.459741091,-3.684137883,-4.13505561
5.71334,5.97543,1.045873342,1104.1,0.56576,0.479892784,21.19497606,4.234280799,-3.158624979,-4.033251277
6.62162,13.20026,1.993509141,2185.7,0.72742,0.82668785,24.00861596,2.904828014,-4.539945275,-4.05446792
6.63983,13.19327,1.986989125,2182.23,0.72302,0.820668935,24.10671159,2.893149921,-4.539670581,-4.028638053
6.43639,7.99336,1.241901128,2618.98,0.6771,0.861162232,17.85528795,3.707948815,-3.938066854,-4.044516857
7.50509,8.78838,1.170989289,2812.45,0.69804,0.953984502,17.40659208,2.903387367,-3.872269023,-3.963673742
6.85068,8.29809,1.211279756,2367.94,0.66012,0.835075921,17.90626847,3.629856506,-3.87462782,-3.983302415
4.97565,9.55153,1.919654718,2496.75,0.69406,0.812926047,17.75863805,3.005259714,-4.39047801,-4.35335539
4.76966,9.887,2.072894085,2373.6,0.6954,0.816260415,17.73181547,2.906266673,-4.461484675,-4.412063643
4.93119,10.25301,2.079216173,2070.74,0.68658,0.759637364,18.57623498,2.946521231,-4.695566538,-4.598603084
5.14189,6.12649,1.19148601,1490.06,0.64744,0.515954225,34.56079116,6.333172627,-4.765371579,-4.712785986
3.66642,4.75905,1.298010048,1024.07,0.61404,0.567546584,23.92658828,5.527810043,-4.289116092,-4.585174457
3.95878,4.93273,1.246022765,1310.83,0.61448,0.574731565,23.19445703,5.736106561,-4.126090496,-4.539436774
6.57882,13.17245,2.002251164,2205.4,0.72624,0.823406962,23.86186075,2.94230496,-4.501126242,-4.063234517
3.68852,6.42481,1.741839545,1061.32,0.61162,0.534478691,22.44424652,3.878898934,-4.453470863,-4.662059201
11.59411,12.99556,1.120876031,4771.76,0.83964,2.048332089,11.06734274,0.972164245,-3.710916803,-3.70920905
6.74513,8.35438,1.238579538,1218.74,0.60408,0.481292625,19.21218874,2.274168266,-3.984465622,-3.981749102
6.59808,7.55155,1.14450719,673.922,0.53124,0.42516887,25.01492311,3.367613455,-4.082956629,-4.592396573
10.30174,11.25061,1.092107741,2295.26,0.6833,0.881282832,14.19315904,1.057526078,-3.742589902,-3.824494739
3.79637,4.80272,1.265082171,932.04,0.57686,0.402559701,38.24545069,5.294689585,-5.187725706,-5.647056647
10.10535,14.87522,1.472014329,2467.99,0.73434,1.181421973,24.66242328,2.662398734,-4.657695995,-4.376379549
5.81764,9.82615,1.689026822,2428.56,0.67298,0.840861327,16.18393401,2.683989725,-3.85577278,-3.941618975
5.23411,7.25953,1.386965501,2259.19,0.6993,0.644284543,30.12487787,9.31567176,-4.363362656,-4.650277023
3.72635,4.38797,1.17755176,354.32,0.45094,0.347365907,27.59275503,2.126227948,-4.704338295,-5.352420943
5.46816,6.01068,1.099214361,430.281,0.43852,0.30167444,21.29833676,1.322702403,-3.59898711,-4.196944567
6.06319,6.18933,1.02080423,330.08,0.43072,0.252550602,20.55256078,1.038387136,-3.239866342,-4.136208156
5.92233,6.03338,1.018751066,305.661,0.42442,0.244838388,21.02704174,1.016093332,-3.182094806,-4.172872627
6.00668,6.11363,1.017805177,314.383,0.43214,0.252472789,20.26920659,0.973717381,-3.209693928,-4.087877993
5.83736,5.92922,1.015736566,299.371,0.43056,0.252226076,19.9595057,0.801974288,-3.18125233,-3.880789945
5.25293,6.848,1.30365339,3392.1,0.70984,1.022629702,20.21820926,8.65503524,-3.939397876,-4.225351027
5.17767,6.83932,1.320926208,3473.53,0.70056,1.050240838,20.16343403,8.545238992,-3.977181717,-4.214587483
12.22348,12.9835,1.062177056,1839.36,0.6619,0.845472335,24.69233699,3.613053412,-4.210251084,-4.64098957
12.01283,12.20204,1.01575066,2023.44,0.67448,0.861792274,23.51902835,3.658330876,-4.061830539,-4.486097549
5.4183,7.18408,1.325891885,3337.29,0.70438,0.957397067,17.16011216,3.623667017,-3.794669451,-3.967464331
5.47476,7.19373,1.313980887,3000.72,0.68262,0.918099726,18.79871124,5.303785516,-4.080910042,-4.18200035
9.55919,10.5248,1.101013789,746.086,0.59442,0.388065938,35.33091074,2.533082889,-4.427220229,-4.385633344
9.57688,10.52986,1.099508399,745.984,0.59654,0.391291799,44.12576014,2.666691481,-4.898816895,-4.408821076
6.99995,7.05969,1.008534347,1189.62,0.58384,0.496521695,21.45886005,6.312344112,-3.322136255,-4.319240336
6.93916,7.05263,1.016352123,1199.54,0.58244,0.493681079,21.75428844,6.354971426,-3.356070707,-4.33210998
7.259,11.15594,1.53684254,2281.39,0.72028,0.873776279,15.34694645,1.313459228,-4.095480492,-4.139629573
6.94851,8.92381,1.284276773,756.405,0.54424,0.394422542,24.81288094,2.88468388,-4.675832729,-4.815767488
7.41632,9.35755,1.261751111,1289.22,0.6152,0.526901797,27.17508739,3.10047117,-4.408949522,-4.443471086
3.89872,4.64123,1.190449686,115.402,0.45456,0.283540008,27.02070074,1.437107733,-4.509533489,-5.322025413
3.9752,4.69623,1.181382069,180.155,0.45984,0.29529167,26.62741592,1.529718978,-4.426662896,-5.301934079
3.93255,4.67591,1.189027476,113.992,0.45682,0.289597637,28.07363877,1.833334132,-4.567322234,-5.485720975
8.25863,8.38886,1.015768959,1942.74,0.70438,0.759670326,14.89273297,1.31445583,-3.201913966,-3.394018464
4.66211,4.98254,1.068730682,210.989,0.4197,0.326487748,31.01054514,1.587741036,-3.877215691,-5.462294256
7.45,11.94,1.602684564,4386.62,0.78,1.392857143,10.96661234,1.096403038,-3.459872885,-3.483235813
10.73897,12.08735,1.125559528,2440.63,0.73534,1.185265659,26.32317822,3.571076799,-4.592994584,-4.389432777
11.20672,12.48204,1.113799577,2276,0.73952,1.212838852,16.65228373,1.331248359,-4.160288064,-4.15171432
10.9248,12.15024,1.112170475,3246.87,0.75918,1.356691245,24.27069134,3.633759268,-4.40335781,-4.202780525
6.39643,8.94506,1.398445695,2007.8,0.6734,0.722052628,17.571773,3.266511037,-3.89285717,-4.074902408
6.44823,7.27421,1.128094066,797.998,0.57912,0.630400564,25.20507967,5.461963909,-3.996177155,-4.532456416
3.94411,5.155,1.307012228,699.82,0.56988,0.465177784,24.16930468,3.007928625,-4.55179877,-5.107661207
5.36256,5.56311,1.037398183,718.415,0.47334,0.374756544,23.15507192,3.26919913,-3.570632036,-4.432842599
7.76727,8.48559,1.09248037,3355,0.7571,1.095547484,11.93101576,1.328175615,-3.499939873,-3.576023097
5.37593,14.40357,2.679270377,2089.1,0.69962,0.893263434,13.84355182,0.969103691,-3.732472482,-3.775903231
9.55228,10.05089,1.052198009,2141.9,0.717,0.797368351,17.09736541,1.231267857,-4.061888737,-4.073447207
4.62153,5.52258,1.1949679,365.317,0.4535,0.341941565,29.69231443,2.685366589,-4.031269874,-5.27658324
4.61719,8.09113,1.752392689,771.959,0.54146,0.377816388,28.75926708,2.003038203,-5.51417792,-4.656795652
6.03948,7.12468,1.179684344,730.309,0.49814,0.380152171,18.78584822,1.993499596,-3.35321651,-3.977645661
3.80073,4.65952,1.225953961,319.49,0.47004,0.244615024,41.3760988,2.849824301,-5.42120302,-5.795792458
4.97084,6.35231,1.277914799,1278.6,0.61446,0.488057888,23.21421595,3.0437042,-4.207172885,-4.274009368
4.32378,9.74723,2.254330701,2428.55,0.67384,0.834446812,24.3921306,3.333411529,-4.639864112,-4.347983998
10.86579,15.71457,1.446242749,2959.34,0.74806,1.262618846,21.70525433,3.146303557,-4.31637625,-4.267564943
4.41973,5.37557,1.216266605,911.572,0.55872,0.488297705,22.91504936,3.596245295,-4.460372221,-4.818600798
3.87866,4.96812,1.280885667,508.341,0.5069,0.391997649,27.98412409,3.044157415,-4.55947145,-5.625750275
3.70386,6.00734,1.621913355,934.16,0.59662,0.501079224,24.06357371,4.369372271,-4.751003949,-5.096059166
5.81739,6.97253,1.198566711,843.277,0.52428,0.414919632,22.152326,3.238508083,-3.848216968,-4.416299915
5.80169,6.72204,1.158634812,921.447,0.51564,0.447930783,21.90576145,3.526783244,-3.790564057,-4.365980958
3.84947,5.24315,1.362044645,381.844,0.4865,0.268132716,21.35250376,1.052777848,-4.294176205,-4.811142177
6.73057,10.62365,1.578417578,2452.46,0.69298,0.941516932,18.47082136,2.517347013,-4.021962254,-4.024019781
3.8044,5.13889,1.350775418,451.983,0.48024,0.356684492,32.2709881,2.479044758,-5.836147428,-5.083697197
3.64059,4.89772,1.345309414,140.985,0.46586,0.246745268,22.62151855,1.064576511,-4.333276631,-4.947380481
3.6521,4.84681,1.327129597,273.42,0.4624,0.244038886,22.74112152,1.070028348,-4.291222936,-5.034871766
6.73872,7.36714,1.093255099,802.124,0.52834,0.460744216,49.12767591,4.226943945,-6.850945763,-5.139434423
6.12269,7.18204,1.173020355,1987.51,0.62472,0.721206629,17.43300713,4.283610386,-3.741628982,-3.998026294
4.52304,6.18548,1.367549259,956.292,0.53814,0.48181574,25.49688716,3.861868254,-4.724161507,-5.021963583
6.90616,7.0595,1.022203366,1851.69,0.67238,0.647409419,16.48209964,1.867489866,-3.893187286,-3.992207002
4.02928,4.2096,1.044752412,365.104,0.58924,0.44850736,26.37826334,3.203729904,-3.610720498,-4.529595495
5.24575,8.69858,1.658214745,1773.98,0.66012,0.715361658,18.12378229,2.360573254,-3.915893116,-4.267737452
4.63324,6.07207,1.310545105,1540.89,0.6043,0.642112052,21.26520036,5.192537589,-3.814192424,-4.331589537
3.92478,4.31733,1.100018345,207.566,0.4407,0.246181863,27.26361783,1.695315992,-3.991813569,-4.509325102
4.01932,5.55473,1.382007404,214.715,0.45826,0.290979053,27.4496188,2.586052727,-4.470298802,-5.242169334
4.63235,7.88517,1.702196509,1719.26,0.61816,0.615862832,21.17868867,2.404147126,-4.357654577,-4.386747708
7.31301,9.31104,1.273215817,3126.58,0.78852,1.040015511,8.79849912,0.351201471,-3.467182233,-3.536500344
4.02438,5.16708,1.283944359,453.925,0.49008,0.364369038,27.93375846,2.255874415,-4.739727049,-5.182163214
5.1125,6.9378,1.357026895,1109.02,0.56054,0.470409533,26.94592496,4.408396997,-4.322996444,-4.555088828
5.02444,6.09614,1.213297402,1193.75,0.55906,0.522017629,24.78377056,4.946363301,-4.144793217,-4.610664322
4.41521,10.6324,2.408130078,2361.57,0.66208,0.824965267,22.63291605,6.414458262,-4.080870011,-4.344071096
4.56022,11.19601,2.455146901,1303.43,0.6639,0.653271276,25.41009975,1.98075437,-5.655037198,-5.129933845
4.60621,6.67033,1.448116781,1295.12,0.61006,0.557269829,21.7346199,4.593879969,-4.428354422,-4.730849833
4.20151,5.78959,1.377978393,206.217,0.42702,0.25454979,32.01924467,1.685466073,-4.884636648,-5.126850306
5.27904,6.90179,1.307394905,1266.7,0.56356,0.511499573,23.51254464,5.088832032,-3.946434629,-4.515970426
4.04507,8.51649,2.105399907,2329.78,0.66468,0.812284229,22.09262561,7.979494067,-4.09769374,-4.400533753
8.40687,9.12835,1.085820287,2507.28,0.68464,0.927665052,17.50605415,3.795063457,-4.179273746,-4.23033839
3.91911,5.07339,1.294526053,1147.2,0.58102,0.619123326,27.59302789,6.873578369,-4.317478169,-4.968855123
3.66545,4.59121,1.252563805,542.599,0.60216,0.647584838,29.35021063,5.950895713,-4.74874067,-5.615183708
3.66545,4.59128,1.252582903,543.093,0.60216,0.647584838,29.36041767,5.938168656,-4.738581948,-5.595291927
9.5428,10.72174,1.123542357,1430.84,0.66024,0.606097326,37.96267124,4.824797712,-5.176993323,-4.397074863
8.98959,10.11718,1.125432862,1374.14,0.64986,0.570062633,42.73259649,5.09464991,-5.424948028,-4.153012944
3.85298,4.70069,1.220014119,755.204,0.56774,0.452339219,25.05108532,3.3455745,-4.140625068,-4.473552907
4.18847,5.89344,1.407062722,1389.07,0.57098,0.580056138,25.33911603,5.898315611,-4.37148662,-4.812727386
6.33455,7.14824,1.128452692,1027.8,0.57896,0.432111297,18.76653537,2.386933926,-3.561159635,-3.904823716
4.54627,6.18172,1.359734464,1005.47,0.60372,0.489325488,21.96456539,3.573798947,-4.413944045,-4.673366817
4.05076,5.68269,1.402870079,1590.27,0.6309,0.529056604,21.16914173,5.17664955,-3.828116807,-4.33667516
4.00719,5.98694,1.494049446,1010.01,0.54588,0.463254014,25.17591311,3.851595405,-4.478883253,-5.004531637
4.60339,4.87462,1.058919622,285.35,0.37256,0.232056656,27.48086943,1.730496538,-3.540281466,-4.452800391
3.90104,4.69422,1.203325267,296.044,0.43882,0.328217326,31.65939209,2.814602499,-4.084785694,-5.313927786
6.43412,7.20706,1.120131424,2624.97,0.71492,0.852383961,16.0123656,4.628789322,-3.578130314,-3.825682723
6.92579,7.42094,1.071493649,498.884,0.46864,0.310433682,20.72542466,1.602467736,-3.511759181,-4.056276037
5.40906,8.4438,1.561047576,3284.48,0.70766,0.966916391,17.18965872,5.354367091,-3.852978866,-4.059808394
4.1146,4.69191,1.140307685,311.041,0.42404,0.32617207,35.40370921,3.14389575,-3.941610852,-5.910962255
4.25541,5.19491,1.220777786,188.393,0.43368,0.229500389,21.62392507,0.514776147,-3.362296225,-4.136553011
4.27967,4.42868,1.034818105,135.71,0.37726,0.207110467,24.53401125,0.672772675,-4.077047333,-4.851828154
10.37066,13.68087,1.319189907,4692.64,0.83192,2.081975665,13.09892242,1.445198914,-3.725187654,-3.732802624
8.2906,12.65101,1.525946252,4436.15,0.81062,1.796750148,14.85101685,1.691597415,-3.817147234,-3.798774975
8.36781,12.42499,1.484855655,4239.14,0.7967,1.693171844,16.5684545,1.948712985,-3.96610629,-3.865965528
5.30329,7.14215,1.346739477,2098.6,0.65274,0.75681053,21.82712419,3.676862251,-4.488752168,-4.429095853
8.94797,13.15242,1.469877525,3506.84,0.74066,1.307129331,20.41377264,3.31429072,-4.151210901,-4.013520573
5.00759,11.37766,2.272082978,3139.42,0.71074,1.019313813,19.34984125,4.690966426,-4.019208594,-4.082075774
7.77952,8.82467,1.134346335,2976.96,0.7072,0.983808614,17.44313589,2.18620658,-3.900720955,-3.912800477
4.73179,6.93499,1.465616606,1689.63,0.61848,0.613419291,35.20577879,4.674165231,-5.087959607,-4.356791228
7.97255,8.86609,1.112077064,1511.99,0.60424,0.688757423,24.87281458,4.530199098,-4.792478153,-4.707395286
4.27765,4.88487,1.141951773,730.364,0.49106,0.427283643,25.65484639,2.97739249,-3.838578678,-4.406149055
5.12266,5.62501,1.098064287,1157.78,0.5562,0.533729968,24.74454897,4.389794756,-4.150845908,-4.69350022
9.32974,13.77283,1.476228705,2286.62,0.72532,0.860040125,19.67327495,1.549310137,-4.368418636,-4.304633269
3.81365,4.71595,1.236597485,701.475,0.64466,0.47577086,22.44037116,2.571317885,-4.756805644,-4.937987884
3.84866,5.6085,1.457260449,427.534,0.4557,0.262205472,25.72905999,2.106850881,-4.113411811,-5.091139319
3.84215,5.27232,1.372231693,584.482,0.47752,0.385143364,26.26476205,3.215325978,-3.862588254,-4.538856294
3.95007,11.48833,2.908386434,1492.91,0.64682,0.709552221,17.53536492,1.519933,-4.201960447,-4.259937296
4.43874,6.62548,1.492648815,2427.27,0.64624,0.79597578,21.16171103,6.770625852,-4.019853541,-4.23183508
3.81876,4.7672,1.248363343,131.656,0.41302,0.261990396,28.97459962,1.555807811,-3.637741962,-4.666692839
4.28444,5.65806,1.32060666,664.674,0.49896,0.414966609,27.0094775,3.176311138,-4.726970931,-5.408974577
3.75359,5.03348,1.340977571,826.28,0.57298,0.494076054,27.98118978,5.548185001,-4.730144733,-5.306044096
3.69451,4.50033,1.218112821,508.573,0.517,0.415047686,30.06270719,4.564668234,-4.625261208,-5.178544707
3.71858,4.78803,1.287596341,541.766,0.53652,0.448149417,27.87054769,4.434230791,-4.434636598,-5.328838163
3.69598,4.44242,1.201959967,501.786,0.50626,0.409294128,29.9547579,4.574542565,-4.616847333,-5.16959759
4.61369,6.14578,1.33207476,616.988,0.51648,0.342157564,24.76183985,2.332849071,-4.223128201,-4.741484933
4.35003,4.8099,1.105716512,444.516,0.47026,0.357161302,29.075889,3.041172248,-3.853988488,-5.128296265
4.36617,4.80367,1.100202237,469.707,0.46938,0.358436679,28.86050085,3.044012402,-3.891625817,-5.033034012
4.37549,4.80264,1.097623352,467.526,0.46958,0.358901848,28.86626712,3.03851207,-3.927392297,-5.050911945
4.4419,4.88368,1.099457439,484.71,0.47394,0.364216221,28.36647514,3.113309959,-3.794750927,-5.042244708
4.99633,6.92653,1.386323561,1215.22,0.54532,0.540380918,22.55944981,4.816775316,-3.846796394,-4.338094611
4.35902,6.98892,1.603323683,1138.69,0.53808,0.522240447,22.76107517,4.806515933,-3.87876245,-4.516297799
4.36886,6.62446,1.516290291,1144.27,0.53822,0.522635024,22.82951341,4.757209286,-3.86020594,-4.493418662
4.39558,6.01435,1.368272219,1011.23,0.5274,0.500009481,23.14483844,4.503555778,-3.818178571,-4.492390104
4.80527,6.77386,1.40967313,1210.17,0.54094,0.529031501,23.12751875,4.996396261,-3.835748205,-4.383448694
5.94334,7.58539,1.276284042,1300.06,0.56098,0.54172179,23.98949257,7.068166528,-4.197714474,-5.056679369
4.90874,14.98186,3.052078537,640.013,0.54528,0.368136431,20.72978557,0.776091744,-4.53588842,-4.477087634
3.8643,4.98882,1.291002251,625.103,0.56412,0.457559069,34.10580092,4.940121601,-5.711055882,-5.570689484
3.9606,4.38835,1.108001313,693.085,0.49638,0.40949364,31.24817621,5.34606575,-4.752519413,-5.863823021
22.89921,24.23226,1.058213799,4095.95,0.82914,1.892719852,13.15493697,1.332329615,-3.663223866,-3.643332608
7.55924,8.25861,1.09251856,1410.1,0.66728,0.545778737,21.27326859,2.445901847,-4.308675138,-4.304932348
4.56824,5.42772,1.188142479,460.817,0.54228,0.494925526,25.68863792,3.918705641,-4.569456553,-5.372896644
3.79898,4.65972,1.226571343,411.308,0.49854,0.399743415,27.84446695,3.554084396,-3.633124066,-4.686342157
4.83612,6.31608,1.306022183,826.254,0.56294,0.386570895,41.93010995,5.004699044,-5.563409154,-5.774280052
4.85437,6.33067,1.304117733,834.35,0.56262,0.384936952,40.43819891,4.944743477,-5.415221907,-5.757773982
4.82644,6.32321,1.310118845,800.893,0.55948,0.377290291,37.47003331,4.810975002,-5.261306892,-5.764817404
6.56871,13.17014,2.004981191,2198.69,0.72452,0.820795169,23.71456743,2.841354861,-4.520814769,-4.074187264
7.22847,8.1734,1.130723376,1386.22,0.66494,0.545260724,21.69278158,2.607399065,-4.399967385,-4.373939549
7.35206,8.09472,1.101013866,1311.78,0.65968,0.529039088,21.62880387,2.494183299,-4.370285742,-4.348587024
7.49345,7.99802,1.067334806,1365.52,0.66716,0.543431513,21.51977627,2.46300105,-4.366840632,-4.384936702
7.11073,8.11816,1.141677437,1374.07,0.66288,0.542952624,21.39274345,2.395808961,-4.347886681,-4.275163512
6.10487,6.74707,1.105194705,1222.91,0.57302,0.5593768,26.5327874,4.33027948,-4.223798041,-4.443904962
6.25774,7.86092,1.256191532,1727.23,0.6746,0.518436544,26.96424975,4.340204321,-4.225358146,-4.348133077
5.83008,6.35635,1.090268058,1370.15,0.63194,0.629679451,18.86447051,3.839088974,-4.210622933,-4.752433868
11.17997,13.79937,1.23429401,2249.43,0.80124,1.022238836,23.21965108,5.221400508,-4.159475556,-4.256796857
6.24008,6.85464,1.098485917,1439.89,0.6169,0.529409745,23.29475792,3.287969192,-4.618192026,-4.402614172
6.41478,7.19202,1.121163937,1165.68,0.59802,0.426876624,18.14612017,2.493974035,-3.681199983,-4.04155327
6.32764,7.11427,1.124316491,1149.29,0.59096,0.414354027,18.52720866,2.674281549,-3.679328453,-4.08028589
6.30763,7.09807,1.125314896,1135.13,0.59022,0.413056106,18.36988442,2.59183497,-3.625797536,-4.046813242
4.09815,5.37516,1.311606457,645.677,0.51398,0.421184607,27.99608485,3.883776876,-3.936953539,-4.623956222
4.19267,5.26486,1.255729642,1104.7,0.64204,0.530861646,14.87644857,0.42072923,-4.534873246,-4.556425183
4.04783,6.75773,1.669469815,1022.93,0.58036,0.550746368,22.37275285,4.478300868,-4.328597443,-4.635340024
4.04035,10.661,2.638632792,1677.69,0.62342,0.668194368,21.213602,4.778881274,-4.329213433,-4.445839
3.78199,4.49854,1.189463748,295.342,0.44166,0.309867258,31.69493259,3.101952746,-4.023858295,-5.912987438
5.81733,7.38156,1.268891399,3090.39,0.70562,1.044315553,17.89787652,5.660612137,-4.112843267,-4.358937527
4.8353,6.30273,1.303482721,1277.49,0.6085,0.628179611,22.03191663,3.820305804,-4.001633671,-4.332744936
3.98171,5.44159,1.366646491,896.095,0.5447,0.456300839,21.64093088,2.631872896,-3.770575425,-4.194048763
4.73885,6.1103,1.289405657,1051.46,0.576,0.499661687,24.20082754,5.094569518,-4.063496465,-4.578957654
6.807,7.01875,1.031107683,207.074,0.32878,0.133092069,41.54222524,1.481625061,-4.929887823,-5.765331337
5.67068,6.77742,1.195168833,2686.05,0.71204,0.826298969,14.27247818,1.532597062,-3.771084858,-3.855683239
5.3119,10.2017,1.920536908,2648.12,0.68248,0.881743436,16.44764539,4.202549806,-3.844073559,-4.02304499
3.81172,5.01926,1.316796617,223.685,0.4194,0.309171194,31.0296515,2.147586513,-3.922851292,-5.025359896
4.81444,7.03658,1.461557315,1269.96,0.59182,0.512753422,41.06174408,5.001828895,-5.442333117,-4.734557135
4.78738,7.0082,1.463890479,1261.98,0.59226,0.506880969,29.54349031,4.712830231,-4.672074015,-4.680970717
10.32446,18.78161,1.819137272,4245.79,0.83804,1.949424389,16.95784179,1.481710931,-4.150302144,-3.980028499
13.79843,19.36968,1.403759703,1649.85,0.7522,1.05504851,31.50582953,1.475251099,-5.544584646,-3.980476106
7.52574,10.57455,1.405117636,2376.21,0.67474,0.819675915,18.33581187,3.16699041,-3.966457559,-4.071071463
9.63813,13.66711,1.418025073,3236.97,0.77846,1.237808116,17.35778468,2.930407495,-4.043018665,-4.020463744
4.48052,9.13035,2.037788025,2899.43,0.70972,0.932145845,17.94611616,3.726473078,-3.981102898,-4.022134636
3.99697,5.16699,1.292726741,516.86,0.5247,0.251525596,26.33153061,2.695294141,-4.660734257,-5.021179123
4.5792,7.24657,1.582496943,1032.81,0.55594,0.50860886,25.99514036,4.424277811,-4.224654823,-4.744164988
4.51731,7.20509,1.594995694,1108.32,0.54452,0.535512677,26.25715675,4.911141094,-4.339126169,-4.747843506
4.48545,7.24877,1.616063048,1094.73,0.53936,0.523345624,27.08060263,4.995588611,-4.321315752,-4.805378841
4.4286,7.2141,1.628979813,1047.88,0.53394,0.5053044,27.79604885,5.009816478,-4.382567245,-4.851794641
5.83185,7.9794,1.368245068,2187.08,0.63504,0.710736254,21.22016221,3.488110895,-3.905048452,-3.988237984
3.7748,5.00183,1.325058281,259.86,0.47338,0.372945718,30.4198116,2.817879385,-4.325182862,-5.314725505
5.40028,6.57121,1.216827646,1507.53,0.63392,0.468432253,18.19423515,2.721844302,-3.662996077,-4.046662144
6.34979,8.7673,1.380722827,1243.03,0.6455,0.49466634,15.66659565,1.104737323,-3.8622082,-3.947621223
5.90829,8.29808,1.404480823,1204.14,0.63394,0.47195545,16.12819461,1.222143955,-3.877830962,-3.962175481
6.10924,8.54677,1.398990709,1220.15,0.63876,0.480498281,15.92779687,1.17152968,-3.876017567,-3.955097498
6.43433,8.86217,1.377326,1218.99,0.6429,0.490707171,15.66531693,1.094249495,-3.870058261,-3.931081518
4.75945,5.14269,1.080521909,1249.98,0.63368,0.551404878,19.27081694,2.405610677,-3.894035655,-4.318259248
5.22417,5.68466,1.08814606,1344.05,0.60904,0.491422854,21.29538021,4.228847239,-3.960505868,-4.465571974
4.65091,5.41853,1.16504727,1218.92,0.58148,0.556637278,26.76615869,5.688916339,-4.299714421,-4.736175814
4.63526,4.71055,1.016242886,359.961,0.49424,0.335514704,30.41410987,3.153622126,-3.060772858,-4.031327766
5.90244,8.31991,1.409571296,1217.75,0.63882,0.480185814,16.07576923,1.244217249,-3.821479863,-3.932877523
5.26943,8.20629,1.557339219,1192.87,0.63058,0.466957938,16.07436196,1.198374126,-3.768252138,-3.905442431
5.89473,8.3593,1.418097182,1221.37,0.63852,0.479960311,16.03983129,1.2626975,-3.832695257,-3.915394338
4.96773,7.1388,1.437034621,752.034,0.55802,0.348216236,34.12276939,3.820564517,-4.805138009,-5.437570868
6.09762,8.30632,1.362223294,3278.57,0.72956,0.970746928,14.6445062,1.949238959,-3.902234025,-3.923910734
4.37155,6.2978,1.440633185,582.065,0.57482,0.493950435,22.09760397,3.755082733,-4.092881631,-4.506885603
5.39006,6.29398,1.167701287,698.188,0.53046,0.328287454,39.69142927,4.55652679,-5.208688061,-6.052712244
5.04643,7.11235,1.409382474,728.537,0.55428,0.33404045,27.36280507,3.833760835,-4.142465945,-5.063768164
4.93769,7.17498,1.453104589,768.874,0.55424,0.353127071,30.11533456,3.698803275,-4.390800493,-5.104227449
4.46538,5.96732,1.336352113,827.695,0.53506,0.329598305,21.77469551,3.069209423,-3.450198945,-4.131848482
4.3172,5.93545,1.374837858,848.308,0.53552,0.330847692,22.01971228,3.102965993,-3.455942646,-4.100925277
7.15317,8.23557,1.151317528,1624.35,0.6312,0.573515783,21.46927022,3.324404876,-4.126997964,-4.18702828
5.11829,6.27903,1.226782773,1042.19,0.55842,0.388744631,31.31569301,4.117580855,-4.704666151,-4.867601374
6.04018,12.498,2.069143635,5222.56,0.80136,1.668179358,13.09191597,2.006430578,-3.614151543,-3.672822753
5.98085,11.72616,1.960617638,5220.51,0.79364,1.56962486,13.8379502,2.466724331,-3.649393478,-3.682572767
6.09657,11.74556,1.926584949,5207.64,0.78906,1.540004879,14.2143892,2.672052232,-3.629477694,-3.719191466
6.07261,11.19548,1.843602668,4990.44,0.77704,1.432015038,15.31667953,3.284098269,-3.656019571,-3.788775666
5.92931,9.82687,1.657337869,3933.94,0.73554,1.147039147,20.68386719,5.815813096,-3.855383899,-4.175153803
6.14212,9.81532,1.598034555,3146.97,0.71292,1.019231759,24.03156135,6.596841761,-3.932263106,-4.312255758
6.12776,9.73892,1.589311592,3092.62,0.70812,1.004550923,24.10275842,6.63233238,-3.974380679,-4.303259954
6.11183,9.64899,1.578739919,2949.59,0.7033,0.979598773,24.42488627,6.735728018,-3.979542838,-4.364129935
6.07844,9.5277,1.567458098,2899.02,0.70114,0.970605254,24.43488199,6.753548059,-3.969842347,-4.356075587
6.0393,9.30813,1.541259749,2795.16,0.69782,0.953325546,24.44025498,6.79436227,-3.982012485,-4.386373084
5.36113,10.95537,2.043481505,5056.56,0.77612,1.455826438,14.83870518,3.028300505,-3.674799103,-3.823069492
5.41503,11.30468,2.087648637,5059.07,0.7839,1.530250708,18.84172597,4.551951332,-3.864846355,-3.858915545
5.47188,11.81211,2.158693173,5105.3,0.79094,1.576306181,13.9988591,2.380101683,-3.636268236,-3.732863248
5.42066,11.61852,2.143377375,5072.49,0.78732,1.543673902,14.63406268,2.714981199,-3.698647697,-3.729657858
5.34922,11.36787,2.125145348,5067.93,0.77464,1.450821453,14.9353825,3.076896368,-3.667264292,-3.776485248
5.2519,11.16649,2.126181001,4942.47,0.76878,1.38469519,15.76844261,3.65557494,-3.709453506,-3.818894308
5.24933,11.33302,2.158945999,4884.86,0.76336,1.367815412,15.89612916,3.775239888,-3.700184393,-3.852936745
5.20054,7.50813,1.443721229,3964.6,0.72602,1.120461753,19.87716525,6.369978117,-3.855658021,-4.157631423
5.1021,7.58377,1.486401678,2988.4,0.69712,0.967820308,23.93268603,7.367387453,-3.956983111,-4.377018792
5.10695,8.26869,1.619105337,2680.8,0.68916,0.932546153,24.5076646,7.379854331,-3.998339313,-4.454485804
5.10678,7.88398,1.543826051,2556.58,0.68526,0.912549655,24.52785565,7.414448931,-3.978249829,-4.465261491
5.09547,7.73054,1.517139734,2533.94,0.68714,0.914732851,24.31587752,7.424775815,-4.044746406,-4.479363395
5.10727,8.08,1.582058517,2487.77,0.68546,0.90559108,23.93191713,7.268315842,-3.992988746,-4.496800497
5.34376,11.13019,2.082838675,5136.86,0.7746,1.433735542,15.05758885,3.204641797,-3.650653714,-3.831631374
5.37416,11.39121,2.119626137,5039.42,0.78056,1.477608522,15.53942173,3.404685922,-3.664454961,-3.765993935
5.98917,13.02556,2.174852275,5129.83,0.80308,1.694840853,13.37482258,1.956141136,-3.654692158,-3.682136878
5.25928,11.09362,2.109341963,4937.3,0.76358,1.344307319,16.10352296,3.972460902,-3.699052703,-3.888583409
5.35338,12.07339,2.255283578,5140.03,0.77692,1.472340087,14.68446811,2.95673616,-3.673029627,-3.751678144
5.20485,9.81757,1.886234954,4844.77,0.75344,1.293845715,16.1753123,4.046969217,-3.711083646,-3.867078383
5.23079,9.91334,1.895189828,4850.78,0.75556,1.311840876,15.87305324,3.861756604,-3.685305712,-3.882852084
5.27481,10.42971,1.977267428,4943.1,0.76392,1.36961152,15.37867485,3.513834816,-3.681285924,-3.81412004
5.34276,11.15907,2.088633964,5066.66,0.7739,1.444926979,14.80260145,3.049130306,-3.639677592,-3.766224322
5.36939,11.42851,2.128455933,5060.9,0.77594,1.457517408,14.98762992,3.176790346,-3.666049779,-3.751166269
5.20239,9.75422,1.874949783,4799.93,0.75062,1.291264842,16.12323225,4.002792593,-3.68880083,-3.865832407
5.96806,11.7936,1.976119543,5245.34,0.79438,1.581053943,13.77131929,2.399214707,-3.609175458,-3.684694105
5.68179,10.36799,1.824775291,5086.81,0.76794,1.377376968,15.59016896,3.568387361,-3.664021076,-3.834137041
5.7016,10.40783,1.825422688,5142.37,0.77088,1.390817372,15.53896556,3.476571012,-3.659527052,-3.819878906
5.82104,10.92239,1.876364017,5150.64,0.77616,1.444531917,14.80476683,3.031049618,-3.622616066,-3.762681387
6.00494,11.43321,1.9039674,5226.9,0.78598,1.508407764,14.33477731,2.74263943,-3.622609479,-3.739603075
5.66439,10.32083,1.822054979,5098.1,0.77,1.382539779,15.6530151,3.560585403,-3.686613558,-3.845144002
6.02223,12.08323,2.006437815,5188.58,0.79652,1.608822549,13.60786282,2.29260426,-3.601638368,-3.658002579
6.04966,12.44931,2.057852838,5190.36,0.80366,1.670605892,13.16719182,2.044532719,-3.5941577,-3.683368068
5.3599,9.27242,1.72996138,5128.53,0.76676,1.407759236,15.35474931,3.323825596,-3.705748825,-3.82926717
5.37054,9.75529,1.816444901,5062.53,0.77362,1.42823648,15.30929314,3.370510065,-3.681999355,-3.79637142
5.23269,10.2026,1.949781088,4808.21,0.7555,1.311595511,16.17662834,4.048416899,-3.71158989,-3.87309077
5.23581,10.24236,1.956213079,4774.18,0.75806,1.314421952,16.276744,4.070435585,-3.734715122,-3.865002124
5.29557,10.43104,1.969767183,4959.21,0.76224,1.347473223,15.69166346,3.729485527,-3.711581526,-3.833908187
5.32116,11.2434,2.112960332,5067.16,0.76948,1.413116338,15.11494638,3.272267712,-3.680848458,-3.780962111
5.21129,10.36323,1.988611265,4711.39,0.75674,1.301347366,16.56310734,4.22481468,-3.698968441,-3.925500722
4.06751,6.23381,1.532586275,104.47,0.42664,0.155008792,23.96989246,0.376916386,-4.409367322,-4.563114713
8.4757,9.49806,1.120622485,477.035,0.52398,0.23722598,14.5144475,0.529749178,-3.191648893,-3.354908472
3.87519,6.75931,1.74425254,1234.11,0.60784,0.489542142,19.80108477,3.642814353,-4.052919752,-4.249453716
6.02919,6.96079,1.154514951,1749.59,0.66078,0.673034614,17.20881841,3.047232553,-3.829700893,-4.124008995
6.04603,6.99295,1.156618475,1794.82,0.66298,0.676226603,17.27952363,3.080939885,-3.772557841,-4.116415647
6.9765,8.18788,1.173637211,1641.49,0.62754,0.574712433,17.63513491,2.605771199,-3.956653081,-4.075307002
7.00638,8.22196,1.173496156,1526.34,0.64046,0.541400036,17.96433545,2.524844888,-3.928310271,-4.072834926
7.38864,12.6211,1.708176336,3730.51,0.7693,1.357889367,17.45862205,2.948456561,-3.890836045,-3.924672836
9.18226,18.73018,2.03982244,3247.92,0.81648,1.459610785,12.57760102,0.994819067,-3.79083817,-3.768872738
4.68882,6.98697,1.490133978,1090.65,0.57676,0.561706272,23.95565251,5.189588978,-4.396325714,-5.040752834
4.03591,6.64302,1.64597823,1483.57,0.59698,0.635716765,27.91066318,6.046370977,-4.614795729,-4.700100353
3.80399,4.88677,1.28464323,629.912,0.54964,0.459296398,26.66447574,4.789227739,-4.216922254,-4.931235992
4.8019,9.59235,1.997615527,1945.33,0.69386,0.661184273,17.55482236,2.317763848,-4.477627582,-4.407683611
4.63088,5.62402,1.214460319,679.385,0.52362,0.508566434,31.64171479,4.892796002,-4.514291995,-4.811814414
7.55866,8.47123,1.120731717,2638.99,0.72524,0.963990584,15.36644477,2.622680982,-3.775787208,-3.867250478
7.85329,8.53899,1.087313725,2563.08,0.72192,0.964991779,15.69501829,2.408887298,-3.826903729,-3.929594624
4.51984,9.76128,2.159651669,1835.43,0.68796,0.639564179,21.24545206,3.018638245,-4.190260799,-4.189579076
7.29133,8.22766,1.128416901,1585.84,0.61644,0.60520141,24.85375304,3.500203364,-4.479092539,-4.655930748
5.94328,8.66526,1.457992893,1518.27,0.60202,0.596331002,18.91583229,2.908000993,-4.078280697,-4.286564682
6.59544,9.78266,1.483246,1328.67,0.67156,0.56053486,25.82629912,3.310699842,-4.587387252,-4.265215407
5.44409,6.75938,1.241599606,3083.55,0.70018,0.900923853,17.38088858,3.65814169,-3.952486851,-4.037510602
5.32058,17.22643,3.23769777,1358.37,0.65368,0.624765837,19.18771276,1.040379835,-4.616181771,-4.316522826
5.04943,5.38089,1.065643053,1376.02,0.63944,0.562243911,18.84358093,2.514504409,-3.831971033,-4.302892962
5.71174,6.42663,1.125161509,1044.46,0.60638,0.383280239,25.28544967,4.755074543,-4.199433436,-4.60370763
6.25721,7.64843,1.22233871,422.397,0.50722,0.295326319,35.29254648,3.557429985,-4.597834928,-4.55975092
3.86427,5.06012,1.309463366,1477.46,0.6231,0.629113063,21.82013171,5.545424444,-4.044545374,-4.378244384
3.71458,5.12124,1.37868615,1485.68,0.61878,0.623351661,21.92766715,5.735759721,-4.062415512,-4.380106243
3.86236,4.33279,1.121798589,227.909,0.44304,0.358455302,28.87209543,1.525638234,-3.218851603,-4.022145028
4.8596,7.11279,1.463657503,525.794,0.48876,0.355593711,21.44824058,1.301486569,-4.127272499,-4.279141697
3.826,4.92087,1.286165708,387.706,0.50744,0.425611863,30.73133707,3.601322907,-5.080792794,-4.63727133
4.70396,5.89761,1.253754284,1105.65,0.54338,0.475078031,23.89702341,4.476185364,-4.167004728,-4.733164496
8.92731,10.28423,1.151996514,3392.53,0.76974,1.360976981,14.49897166,1.571984276,-3.765205439,-3.798736165
8.88209,10.65657,1.199781808,3353.08,0.7691,1.351814518,14.45128136,1.538172905,-3.784452575,-3.750817653
9.01667,10.80975,1.198862773,3121.04,0.76484,1.32149213,12.71329248,1.185572826,-3.742478232,-3.770139963
8.99871,11.06486,1.229605132,3124.19,0.76458,1.320835226,12.78298099,1.211649983,-3.723093665,-3.72068107
8.54355,11.63304,1.361616658,3288.46,0.7625,1.321845556,14.42734331,1.461311255,-3.830377109,-3.834476461
8.06777,8.57419,1.062770753,1698.02,0.60346,0.616995651,22.29690653,3.201774154,-4.784274759,-4.642781823
4.57547,5.99371,1.309965971,1838.85,0.6336,0.665481907,22.0068893,6.811059979,-3.906084075,-4.461273109
5.06853,6.59983,1.302119155,702.589,0.52188,0.375918403,45.39454526,3.288571334,-4.573364815,-4.429031509
4.14635,5.4452,1.313251414,849.289,0.55878,0.480431269,26.82812974,4.742390235,-4.349747214,-5.079824705
4.66623,6.1259,1.312815699,1537.3,0.59642,0.590865861,25.5202972,5.568043061,-4.242223655,-4.518519783
5.04349,5.3893,1.068565616,367.239,0.48644,0.279096454,42.02760051,3.117750503,-6.00662495,-6.050023403
5.01707,5.25063,1.046553068,235.092,0.45496,0.311601499,18.15582049,0.25107353,-3.277410617,-3.776883477
4.81637,6.08949,1.264331852,1401.4,0.5839,0.619010262,23.19372439,5.742970785,-4.364444433,-4.873117283
7.04787,7.1779,1.018449546,1294.2,0.59806,0.526911183,18.82859475,4.665520818,-3.309546203,-3.995800134
6.69761,13.20708,1.971909383,2195.32,0.72346,0.823651431,24.2619775,2.856073887,-4.483488727,-4.045143165
5.79316,7.36512,1.271347589,3073.49,0.70376,1.037201666,18.04141046,5.691499303,-4.073071759,-4.375869182
5.78241,7.33818,1.269052177,3087.38,0.7054,1.04404558,18.01605998,5.757529922,-4.074063409,-4.386886625
5.72246,7.3374,1.282210797,3227.75,0.7052,1.052641006,17.89401736,5.774699711,-4.060599392,-4.343435932
4.23256,11.10172,2.622932693,1859.66,0.64436,0.725458253,19.83706657,4.338945126,-4.308182248,-4.329956287
5.3716,7.19018,1.338554621,576.154,0.46366,0.4097855,21.10999824,1.797203823,-3.647033874,-4.271751905
5.62836,7.13781,1.26818647,576.757,0.46362,0.377516123,20.65424054,2.029672922,-3.623078979,-4.220800404
4.47342,6.5158,1.456558964,2588.28,0.69076,0.786878822,19.834402,4.982378214,-3.830978163,-4.020687702
6.05766,14.24977,2.35235553,1944.96,0.74626,0.72260201,14.06123094,0.680813993,-3.925041723,-3.891082509
4.77135,5.69712,1.194026848,753.147,0.52992,0.345411525,23.66954424,3.043515059,-4.182116063,-4.78618982
6.80377,7.04016,1.034743973,2238.38,0.66554,0.715196831,23.80818859,4.599699672,-4.101577869,-4.291061725
6.75464,6.9686,1.031676003,1918.86,0.6558,0.67550029,25.11795987,5.314475324,-4.171244625,-4.336336682
8.34107,8.50715,1.019911115,820.492,0.52252,0.442611009,16.46392883,1.552625526,-3.440325354,-3.754847631
8.3704,8.53124,1.01921533,820.299,0.54676,0.462603222,17.03103413,1.875909607,-3.400104405,-3.756420813
6.46187,10.7636,1.665709771,2491.22,0.70284,0.93210651,17.57472877,2.281868705,-3.900951109,-3.952205019
11.11801,25.84424,2.324538294,2993.2,0.83732,1.587465898,17.72906165,2.044015873,-3.824584049,-3.868994221
4.8127,6.05449,1.258023563,485.792,0.47448,0.26537358,30.81317355,2.092004139,-4.327656269,-5.165519082
3.8221,5.4847,1.434996468,212.345,0.44154,0.224258338,44.74448584,1.751149824,-5.830659141,-6.360380336
9.48231,10.23495,1.079373064,723.644,0.58966,0.374939594,22.93978407,1.659941982,-3.90916409,-4.266029615
13.26042,14.92091,1.125221524,5206.98,0.85268,2.33782613,11.03157289,1.185598717,-3.604381038,-3.571719601
14.48863,15.28058,1.054660102,5143.11,0.8575,2.434571771,10.9994394,1.189035464,-3.594823435,-3.62065975
3.89316,6.4105,1.646605842,580.433,0.5786,0.485953051,25.97391543,4.218669806,-5.302071798,-5.64976837
3.72145,4.59496,1.234723025,456.908,0.49376,0.40655079,30.15880607,3.85250029,-5.065350968,-4.886965256
4.4159,5.81668,1.317212799,594.288,0.48732,0.37504329,24.40690215,2.398170082,-4.474913758,-4.784971309
4.40654,5.75711,1.306492168,573.233,0.48078,0.364774434,24.67897496,2.386347206,-4.44872128,-4.843130072
4.86854,6.23826,1.281341018,632.895,0.52482,0.31899879,31.5233281,3.698452317,-4.55438424,-5.641640253
4.28071,5.21348,1.217900769,593.651,0.50806,0.279044988,29.73309188,2.958326908,-4.564801525,-5.704364326
5.58858,10.47061,1.873572535,1822.57,0.68036,0.875526164,16.99856515,4.519750464,-3.881327709,-4.117216258
10.81985,11.37157,1.050991465,1235.41,0.63864,0.541316675,22.18523246,4.589422694,-3.7881369,-4.081266851
5.78406,7.70786,1.332603742,884.827,0.5531,0.400399603,17.07834348,0.505046901,-4.73535681,-4.71923234
10.83475,11.48256,1.059790027,1245.45,0.64072,0.546610133,21.34926939,4.020599675,-3.721245945,-4.014112044
10.84702,11.49062,1.059334269,1254.53,0.64058,0.544984303,21.32758528,4.041821813,-3.748481557,-3.987882549
6.00066,8.56369,1.427124683,2472.15,0.64792,0.759476459,20.45367352,4.123832819,-4.046854113,-4.110824859
4.69235,5.56221,1.185378329,299.897,0.41664,0.284050778,24.38633544,1.400424704,-4.017228337,-4.954649705
4.26843,7.50874,1.75913392,2202.49,0.63334,0.78424817,20.05362902,7.103565083,-3.968681835,-4.248626136
6.48381,8.3742,1.291555428,1634.54,0.69526,0.539890354,29.51743039,2.263309176,-4.577995177,-4.347588792
5.01575,5.55628,1.107766535,825.183,0.56068,0.35987394,25.72366222,3.261173983,-4.554450721,-5.186087816
6.17315,8.62656,1.397432429,1467.01,0.62022,0.574134244,21.98561686,3.757129893,-4.395498334,-4.515354393
4.56068,6.24288,1.368848505,1670.72,0.62264,0.579760885,28.675214,7.123031665,-4.518554189,-4.865737276
4.15949,4.41725,1.061969136,794.762,0.53562,0.462470967,24.237342,3.142706871,-3.72259398,-4.564640288
4.79302,6.85041,1.429247114,748.712,0.5169,0.401737833,21.53502373,2.273201051,-3.800748555,-4.460871599
4.81417,6.86024,1.425009919,753.138,0.52028,0.406729311,21.38293439,2.19432205,-3.843188538,-4.46541446
4.67285,5.69723,1.219219534,1043.32,0.60696,0.379122526,35.37879491,2.849664722,-5.161216463,-4.721076907
4.67382,5.86599,1.255074008,1122.63,0.61658,0.400852962,32.62980775,3.160238562,-4.998140749,-4.756368602
8.86133,13.45467,1.518357854,3849.89,0.8106,1.450071287,11.68538192,0.955769433,-3.696270033,-3.704218598
4.5915,5.03461,1.096506588,548.837,0.45434,0.367095971,26.82219178,3.111299102,-4.382330956,-5.47369122
7.93969,15.08014,1.89933612,3713.28,0.80784,1.369450128,10.39163881,0.708565365,-3.819948266,-3.763202382
7.93508,15.07409,1.89967713,3656.32,0.80886,1.367035723,10.40555269,0.697626771,-3.776400475,-3.782620724
9.82354,17.30249,1.761329419,3818.7,0.8459,1.655161348,10.03416597,0.733639488,-3.614369041,-3.61411808
7.36025,9.10711,1.237337047,995.031,0.66538,0.412505735,19.30809178,1.535067557,-3.794242176,-3.904927407
7.43469,9.28653,1.249080997,1214.19,0.68896,0.51155711,19.28892303,1.710231474,-3.897510346,-3.920352579
3.88211,5.03386,1.296681444,185.767,0.49382,0.317558921,27.67875149,2.774861321,-4.356877775,-5.130284655
4.07874,6.01158,1.47388164,1355.5,0.58196,0.560298847,22.00892926,4.541087327,-4.135905918,-4.495605234
3.96749,5.91977,1.492069293,1213.69,0.57476,0.542630829,22.614863,4.419619481,-4.424821003,-4.765363572
3.89416,5.7298,1.471382789,1161.84,0.57036,0.533575318,22.97151887,4.402558946,-4.443755737,-4.79152754
4.06358,5.93857,1.461413335,1276.04,0.57496,0.547190102,22.1907131,4.381419546,-4.366292959,-4.751621662
4.00314,5.95596,1.48782206,1251.36,0.57552,0.547629243,22.03795169,4.349697431,-4.187100081,-4.524734717
3.83278,5.63762,1.470895799,1133.51,0.56848,0.529089302,22.90799969,4.311306389,-4.494394933,-4.818048444
4.12997,5.91912,1.433211379,1246.73,0.5761,0.552746462,22.14564271,4.398140583,-4.209766453,-4.556109139
4.12403,5.91757,1.434899843,1214.32,0.57642,0.552586926,22.17755679,4.383395796,-4.342873072,-4.724631624
9.06734,26.2956,2.90003463,3025.59,0.82684,1.433997343,16.92297186,1.694325631,-3.975507044,-3.9596795
8.97115,26.23164,2.92399971,2337.02,0.82642,1.102685797,14.76336659,0.943062782,-3.912069645,-3.874784613
5.14986,6.85321,1.330756564,1044.34,0.5355,0.491862003,24.90010694,3.227271427,-4.289399835,-4.601346495
5.05601,6.64353,1.313986721,997.163,0.51948,0.471008514,23.90844745,2.779716784,-4.304446663,-4.588645334
5.1354,6.79283,1.322746037,1010.69,0.54426,0.484799359,26.91184914,3.431051564,-4.597221725,-4.846346886
5.14759,6.84998,1.330715927,1016.08,0.5421,0.484749309,27.00453871,3.430159936,-4.591082543,-4.813378985
5.14075,6.86758,1.33591013,1033.82,0.54564,0.490762893,27.06173705,3.407421321,-4.635762109,-4.822815894
5.16192,6.89118,1.335003255,1046.18,0.55016,0.498459754,27.3631958,3.469359965,-4.711713241,-4.815237139
5.12762,6.87389,1.340561508,1009.78,0.54626,0.490117088,27.32346709,3.460856607,-4.609939005,-4.831137013
8.73086,10.09778,1.156561897,2158.69,0.70838,0.830864363,16.1158164,2.077861178,-3.942547907,-3.992224769
4.50888,13.77124,3.054248505,1987.24,0.69716,0.726674616,18.10074704,2.714868098,-4.001226798,-4.118900239
7.39464,11.89701,1.608869397,2132.79,0.68086,0.876399664,24.82422694,2.427517594,-4.454868075,-4.206235362
5.72913,6.28215,1.096527745,744.007,0.50794,0.391506089,16.37029851,0.990496641,-3.5875629,-3.906706704
4.02227,8.79809,2.18734446,1718.25,0.6939,0.629507661,33.9932246,7.590889179,-5.020380817,-4.980016905
5.28654,6.4229,1.214953448,1923.24,0.66882,0.719956339,17.49681103,3.097362471,-3.952875917,-4.234780675
5.0687,6.55973,1.294164184,1938.53,0.67428,0.731853447,17.24373658,3.054574539,-3.969332726,-4.250584134
5.69683,8.47376,1.487451793,2047.38,0.6845,0.777832954,22.93203987,2.233980599,-4.367603532,-4.378194202
4.41454,5.87539,1.330917831,642.835,0.52,0.412695137,25.95082109,2.732627632,-4.645032882,-5.073800078
13.16757,14.01468,1.064333055,2268.33,0.7446,1.029829938,19.5032896,1.961927661,-4.031451929,-4.056206877
3.64573,5.13248,1.407805844,324.87,0.55012,0.433052829,25.58704346,4.289369403,-4.378097674,-4.924112902
3.68593,5.11588,1.387948225,667.721,0.54848,0.432729252,25.6148775,4.338605806,-4.346644697,-4.940250879
3.85549,5.12179,1.328440743,836.799,0.5506,0.443964231,24.63881216,4.345713502,-3.982811873,-4.665890598
4.921,6.52238,1.325417598,824.364,0.54514,0.373018208,20.12481188,1.8502562,-3.807880957,-4.155087224
3.86113,5.42382,1.404723488,484.606,0.45198,0.350475334,28.36843643,2.639818291,-4.802453386,-4.92671742
9.22489,11.97495,1.29811304,2250.76,0.7649,0.815965573,14.80537156,0.76682269,-3.953616848,-3.946023123
4.58543,5.90319,1.28737981,2248.59,0.65716,0.772952997,21.80140877,6.097101886,-4.092125511,-4.322241288
5.86323,9.7712,1.666521695,2566.11,0.67434,0.872037988,17.20181956,3.481145725,-4.027295478,-4.134020818
4.08181,4.65057,1.139340146,563.912,0.5178,0.451848232,28.78815785,4.496648865,-4.443938852,-5.610145546
6.2427,7.38415,1.182845564,847.428,0.53642,0.479413,23.44531455,2.330200434,-4.684418501,-4.563146168
4.09789,5.30875,1.295483773,1085.41,0.56096,0.541451502,24.23392016,4.475277064,-4.325333121,-4.676048066
5.04479,6.16109,1.221277794,725.101,0.56428,0.334866387,34.8683829,5.93812888,-5.0166101,-6.131988466
4.59016,5.3607,1.167867787,875.531,0.5299,0.439641583,27.99666893,4.313098339,-4.466845193,-5.403088384
7.30655,9.39066,1.285238587,1474.49,0.62894,0.558055758,22.43484177,3.940680259,-4.188240334,-4.50687615
7.27933,9.98256,1.371356979,2532.7,0.7429,0.918321434,12.17757547,0.506312204,-3.693487229,-3.726467193
3.89151,4.56016,1.171822763,371.847,0.4509,0.291914569,35.72819006,3.21385684,-4.617573344,-5.826346226
3.89522,4.62845,1.188238405,767.567,0.53092,0.451816047,31.35891714,5.61930287,-4.216536925,-5.200217275
4.39323,4.98641,1.135021385,572.466,0.5217,0.340026983,27.0585456,2.837950218,-3.870183846,-4.975446983
5.56303,6.07104,1.091318939,999.988,0.57246,0.403453379,22.50255929,3.303012944,-4.092908268,-4.427665995
5.80939,6.97691,1.200971186,820.153,0.52362,0.355044752,39.75073381,4.309635902,-4.729195928,-5.167121369
5.69177,6.87611,1.208079385,788.589,0.5194,0.340818121,33.42743325,4.088469096,-4.337134422,-5.265869872
5.9564,7.42228,1.246101672,1164.71,0.55142,0.513268735,19.61924693,3.773279065,-3.921929207,-4.351136133
4.97595,6.49065,1.304404184,932.568,0.56124,0.523842858,22.70656036,3.426834372,-4.181781892,-4.506106981
4.15157,6.64322,1.600170538,1130.23,0.63196,0.447338803,18.41286419,1.811945232,-4.174428212,-4.25646875
6.90793,10.93877,1.583509098,3249.33,0.76476,1.107235776,18.08587552,2.380336646,-3.955264677,-3.898020632
3.76231,5.10341,1.356456539,707.215,0.53974,0.410579805,26.73520133,4.206281853,-4.247349796,-4.849999228
3.87051,5.13433,1.326525445,739.328,0.54742,0.417533636,26.54536863,4.268626926,-4.236022941,-4.843042246
3.73927,5.08356,1.359506,692.591,0.5431,0.410584011,27.03209699,4.265133256,-4.242140166,-4.895324633
4.30274,5.68782,1.321906506,235.111,0.42452,0.266225174,23.34026931,0.903569861,-3.881458379,-4.421155351
7.42233,10.03238,1.351648337,2862.97,0.73598,0.981419203,13.66839922,1.443905407,-3.689694232,-3.770218769
6.34609,8.73473,1.376395544,1242.74,0.636,0.484276251,15.78629739,1.150412618,-3.84725844,-3.921384079
4.43575,5.5254,1.245651806,1139.51,0.59884,0.472561986,26.96825577,3.313525169,-4.929112368,-4.697335732
5.40039,7.36413,1.363629293,2459.37,0.65382,0.741818182,20.60710052,2.745864547,-4.174960535,-4.090228245
3.73408,4.95925,1.328104915,466.033,0.45906,0.36539181,28.35189186,3.604711529,-4.003221381,-4.759766204
3.74227,4.92905,1.317128374,465.188,0.46038,0.364801902,28.44260907,3.583078869,-4.01716999,-4.782105856
4.92239,7.53158,1.530065679,2887.73,0.67898,0.885124645,17.76790953,5.751874105,-3.962491719,-4.172373911
5.31352,6.19077,1.165097713,1727.81,0.63064,0.64602972,21.32597939,6.482572811,-3.875981635,-4.382434057
4.04163,4.89933,1.212216358,216.658,0.47074,0.354817556,32.22882281,2.119469837,-5.053713417,-4.817686195
4.53976,5.98429,1.318195235,826.9,0.52448,0.435480791,25.98451612,3.291590678,-4.499192643,-4.871306344
4.28901,6.72543,1.568061161,1695.44,0.64424,0.609804348,18.02984101,2.980559142,-4.055806287,-4.206787979
8.75374,11.11495,1.269737278,2552.05,0.72914,1.037316299,21.01773541,2.580675083,-4.348494908,-4.222164959
4.78872,5.31005,1.108866252,518.016,0.50396,0.313808026,26.60064869,2.422190337,-3.369802867,-4.4413395
3.83588,4.67576,1.218953669,664.962,0.55334,0.452267303,27.48834447,4.575460473,-4.291939463,-5.034690719
3.78769,5.75088,1.518307992,754.46,0.5659,0.466536959,23.05983592,2.851729776,-3.952093306,-4.577960214
6.93403,7.54626,1.088293532,1509.25,0.61762,0.611474679,19.14502548,4.20515257,-3.614288662,-3.950635354
6.29263,8.28524,1.316657741,1966.04,0.71834,0.559385123,21.9506254,3.111545993,-4.036458901,-4.119741476
5.99619,7.75927,1.294033378,1005.44,0.6128,0.434231132,17.92146204,1.378265332,-4.032254812,-4.115757004
5.57973,8.9147,1.597693795,1154.77,0.63252,0.469897777,15.90103783,1.114879927,-3.822219338,-3.961039146
4.82237,6.32363,1.311311658,825.723,0.5615,0.376267347,29.01276363,4.627171742,-4.552025393,-5.519635557
8.38587,10.29567,1.227740234,2330.86,0.73422,0.871368113,35.59542764,4.152845901,-5.256950628,-4.369066694
6.35433,7.83796,1.23348331,1068.35,0.57012,0.544808211,36.61236532,8.238744982,-5.220483802,-5.468908315
6.24667,7.74052,1.239143416,1017.2,0.56666,0.534887672,41.84817307,8.222230241,-5.834614185,-5.554411988
6.40337,7.90027,1.233767532,991.924,0.56592,0.51131651,30.27170373,6.56307978,-4.750121405,-4.958184378
6.54413,7.99474,1.221665829,986.026,0.56588,0.510533106,30.65960747,6.453115724,-4.750393836,-4.916811123
6.23818,7.72851,1.238904616,965.563,0.56578,0.507039477,30.57807951,5.891688535,-4.60643768,-4.804415898
5.15951,10.15164,1.967558935,1301.72,0.6518,0.513535659,16.11650551,1.155681021,-4.023364364,-4.104931947
5.89781,7.31308,1.239965343,2659.22,0.71266,0.852494707,16.5037156,2.905070581,-3.791593362,-3.896455852
13.81107,14.72034,1.065836318,873.984,0.62692,0.506013205,31.93294887,2.137674628,-5.2859726,-4.755510062
4.59937,5.74617,1.249338496,1578.55,0.62932,0.583119446,18.71413132,2.746542662,-4.021469927,-4.238879755
4.32231,5.58633,1.292440848,523.648,0.5044,0.35672862,37.02681903,3.438449544,-4.896682358,-5.611543226
5.30461,6.57621,1.239716021,806.558,0.53756,0.400769391,43.28528992,3.632791331,-5.427195794,-5.291427484
4.46067,5.85201,1.311912784,642.541,0.49984,0.367813385,36.34839358,3.732463674,-4.810420803,-4.705295472
3.95686,5.01507,1.267436806,426.288,0.45316,0.324806296,30.20874393,3.119924686,-5.014111556,-6.084349552
10.23371,11.32335,1.10647556,2017.01,0.67262,0.850783403,27.52425555,5.313049099,-4.221520301,-4.449477334
10.26466,11.32844,1.103635191,2019.15,0.67224,0.850302749,27.63437266,5.33832972,-4.233624854,-4.515593682
4.46098,5.04139,1.130108183,1165.6,0.57368,0.569533794,27.15272925,6.758445165,-4.435178114,-4.908007994
4.24964,4.81422,1.132853606,925.936,0.55468,0.530160096,28.12759712,6.371091554,-4.534476714,-4.994380005
4.31451,4.89363,1.134226135,1001.96,0.56294,0.544956438,27.61767233,6.49038515,-4.482005101,-4.981855649
6.45196,13.72369,2.127057514,3187.14,0.78164,1.139966952,11.96339384,0.955021654,-3.827787758,-3.874965677
7.97019,14.98828,1.880542371,3682.42,0.80746,1.357817295,10.53698806,0.766930508,-3.757363838,-3.758175339
7.99679,14.99758,1.875450024,3687.31,0.80722,1.357413713,10.57186332,0.770177345,-3.765645652,-3.703081361
5.28078,7.56763,1.433051557,2812.41,0.68548,0.959047277,18.83078812,5.849495221,-3.925167601,-4.120135186
4.28251,5.93486,1.385836811,1486.61,0.65396,0.549112466,14.58925064,0.668216043,-4.057493754,-4.118238777
4.42797,9.48082,2.141121101,1345.28,0.65362,0.547879296,12.24150594,0.329940663,-4.298938901,-4.267627693
10.73402,16.87141,1.571769943,4551.51,0.8305,1.894643668,11.62238462,1.143190086,-3.700413459,-3.759178007
7.16155,16.20891,2.26332428,3399.7,0.75108,1.292798964,22.89812266,4.972364691,-4.228730068,-4.220900919
6.79866,15.95836,2.347280199,4261.5,0.77286,1.56095492,16.60259988,3.431139918,-3.916718931,-4.012251254
6.94786,16.02728,2.306793747,3228.98,0.74998,1.233359481,21.33730519,5.090221954,-4.141669925,-4.245076495
7.17077,16.15521,2.252925418,4046.29,0.77204,1.548375193,16.94624293,3.540908386,-3.948640297,-4.017166294
3.84924,5.21911,1.355880641,256.221,0.46326,0.355806452,26.39417483,1.384146505,-4.765914015,-5.497336841
3.92758,4.73309,1.205090667,213.55,0.50726,0.434949625,32.25788656,3.654115261,-5.350205675,-6.286468943
7.338,8.53929,1.163708095,2632.28,0.67244,0.900822937,20.67496438,3.336494216,-4.101972796,-4.036683449
10.49353,15.93828,1.51886734,3621.79,0.78274,1.360823093,16.02937468,2.867440449,-4.017093834,-3.977529567
5.74338,7.37329,1.283789337,1462.04,0.59142,0.623195492,20.87913337,6.309455982,-3.079984343,-3.986049533
6.51318,7.20791,1.106665254,1493.63,0.59392,0.630060256,20.98216526,6.598551965,-3.095905307,-3.993909087
6.19052,9.96907,1.610376834,2822.92,0.6843,0.986762416,17.38139675,4.249979383,-4.039751622,-4.131104995
6.43178,8.54706,1.328879408,4018.59,0.75936,1.141856961,14.39423517,2.135614506,-3.587082746,-3.648879989
5.62341,6.17335,1.097794754,698.514,0.48236,0.376578968,26.17020084,1.823624891,-4.641834946,-4.444466907
5.38886,6.27516,1.164468923,1308.38,0.64512,0.536902027,34.17453531,5.849964721,-5.088417959,-5.007289772
4.61939,10.60263,2.29524461,3171.54,0.70852,1.062283913,19.06162935,5.273767051,-4.104745346,-4.127740347
4.21913,10.8507,2.571786127,3454.99,0.7136,1.089375838,19.64644153,5.399870399,-4.0920744,-4.078636877
8.55453,10.29437,1.203382302,2648.08,0.72168,1.048496295,14.8994847,1.337566554,-3.849747664,-3.872146348
3.73544,4.81498,1.288999422,589.836,0.53362,0.327677787,47.60563357,5.019947993,-5.936346317,-5.41882878
4.47781,7.91312,1.767185298,1014.79,0.61066,0.600741754,20.94046933,3.675920818,-4.651148531,-4.564562605
7.91531,18.88525,2.385914133,3681.19,0.78614,1.485778005,14.73671682,2.122710821,-3.74451236,-3.787235886
7.24737,10.46531,1.444014863,2859.54,0.7172,1.035191009,23.18244753,2.867225357,-4.231946279,-4.015215619
4.50294,6.51263,1.446306191,572.589,0.52224,0.3634238,25.95005137,2.555620474,-4.789709579,-5.296921598
3.78553,5.39661,1.425589019,585.923,0.47734,0.390583576,28.46397013,3.633997765,-4.291701197,-5.882546679
4.33861,6.503,1.498867149,2870.26,0.71038,0.716025864,11.91845596,0.632325007,-3.576024048,-3.582827653
3.71197,4.70975,1.268800664,328.352,0.5152,0.337320684,25.42876034,2.017489959,-3.982605692,-4.690995401
4.48422,5.13884,1.145983025,569.753,0.4925,0.409158504,25.96216395,3.031124398,-4.325831745,-5.039863343
3.69787,4.19243,1.133741857,205.428,0.43992,0.332424039,32.41583172,2.685956142,-4.288141463,-6.181851193
4.05801,5.21223,1.284430053,358.865,0.4294,0.29501484,25.74577715,1.787660416,-3.945807427,-4.939929611
4.18257,5.20127,1.243558386,503.392,0.47642,0.366476923,27.04707243,2.892084684,-4.762977939,-5.698930993
5.04903,5.5219,1.093655613,1771.73,0.634,0.767131907,22.87159543,6.297609289,-3.974756042,-4.349083785
4.78997,6.73931,1.406962883,1190.66,0.56306,0.523791362,21.30019098,4.343373047,-3.981492209,-4.404319231
5.36003,6.68828,1.247806449,1239.23,0.57056,0.537437714,21.07553454,4.579197492,-4.020988807,-4.405008204
3.90561,4.85962,1.244266581,314.475,0.45496,0.269411152,28.49244433,2.355344654,-4.282509277,-5.316336713
3.88578,4.84334,1.246426715,326.855,0.45414,0.263301619,28.73884616,2.337860048,-4.34267374,-5.25025437
6.78698,10.89625,1.605463697,2386.84,0.71854,0.88401746,26.16730054,2.843063357,-4.519258007,-3.996537449
6.72932,10.711,1.591691285,2382.92,0.71766,0.879129764,25.97589184,2.913626485,-4.55757515,-3.998540402
6.69089,10.86494,1.623840775,2454.07,0.7228,0.893735935,25.55379056,2.834812698,-4.541254343,-3.984281425
6.87066,11.37189,1.655137934,2404.78,0.71932,0.884266686,26.44319557,2.881389532,-4.560038215,-3.995864737
5.77138,11.11094,1.925179073,2943.86,0.7482,1.019943564,14.81174987,2.173372585,-3.725547276,-3.807875109
5.64839,11.74533,2.079412009,2791.67,0.73744,0.947413319,14.95146298,2.131247612,-3.787746416,-3.828869607
4.5881,6.00938,1.309775288,1721.63,0.60096,0.629834115,21.47207133,5.956073308,-3.882267187,-4.42713129
4.30379,4.83761,1.124034862,1129.02,0.60654,0.355164923,41.39612918,3.296324231,-5.639294199,-4.674039493
4.27369,4.83981,1.132466323,1111.5,0.59754,0.3405252,39.15229403,3.734346213,-5.194698109,-4.715380749
4.37647,4.90097,1.119845446,1253,0.60948,0.377772957,38.76237922,3.160190709,-5.368755483,-4.554799432
4.34946,4.85948,1.117260533,1170.75,0.60586,0.363517454,44.68061842,3.408418983,-5.724565264,-4.636310419
4.33226,4.8612,1.122093318,1151.46,0.60372,0.35816539,42.36331029,3.344778894,-5.712461184,-4.640864323
3.86158,4.6267,1.198136514,416.346,0.48114,0.339234723,26.74002807,3.041537296,-4.198511873,-4.825861338
5.67945,6.24089,1.098854643,319.417,0.44108,0.29159615,25.52994145,1.3316624,-4.369875555,-4.728637639
3.83478,4.91533,1.281776269,496.319,0.50726,0.359837979,28.58611879,3.392351457,-4.030623309,-4.834237673
5.77431,7.34523,1.272053284,278.941,0.44896,0.288077409,46.36848675,2.011846974,-7.253811496,-4.500324657
5.78969,7.43383,1.283977208,334.176,0.44634,0.281565218,48.81733343,2.765165735,-6.267199007,-5.467772059
5.80961,7.45284,1.282846869,330.247,0.44732,0.28009668,49.21927319,2.693594068,-6.490154148,-5.411199476
3.68584,4.51815,1.22581284,929.536,0.57294,0.502305764,23.8933295,4.105971772,-3.964819148,-4.380852195
3.78626,4.54995,1.201700359,1074.52,0.57834,0.514006897,23.53713554,4.1563894,-3.942420599,-4.358424168
3.64175,4.49445,1.234145672,868.609,0.5704,0.497145596,24.09801661,4.136815736,-3.98830544,-4.42343682
3.69835,4.52093,1.222418105,951.615,0.57368,0.503811431,23.87196762,4.137586885,-4.003596166,-4.385606245
3.75106,4.54619,1.211974748,1029.16,0.5766,0.509760238,23.74520469,4.173745018,-3.950641102,-4.371679675
3.77222,4.54883,1.205876115,1093.52,0.57822,0.51279277,23.64898737,4.179825963,-3.959530843,-4.355414918
3.80687,4.54974,1.195139314,1105.83,0.57982,0.516534227,23.55206954,4.171389436,-4.139315781,-4.524216144
4.06891,4.986,1.225389601,443.031,0.47702,0.295929129,20.73153455,0.947448972,-3.929909449,-4.318878346
7.11755,7.60111,1.067939108,1510.38,0.62938,0.621806398,17.62893059,3.966710442,-3.17286911,-3.730340452
4.06866,4.98172,1.224412952,451.66,0.47772,0.296378097,20.7328595,0.943742025,-3.919632668,-4.359826008
4.03769,4.98664,1.235022996,442.657,0.47288,0.293730705,20.4662724,0.896846964,-3.873885157,-4.314986394
7.22908,9.73279,1.346338677,2565.36,0.70494,0.902426004,21.75289968,5.523594799,-3.958354256,-4.149537339
5.50308,6.7427,1.225259309,826.369,0.53606,0.370432307,19.36316463,2.665528941,-3.425730725,-4.019664572
6.80397,10.21317,1.50106041,2632.14,0.7091,0.973448776,16.68252951,2.79907992,-3.799814237,-3.938449658
11.55698,14.24395,1.23249759,3601.66,0.82726,1.741284736,11.86189799,0.945142136,-3.630984583,-3.604170464
3.92787,7.61954,1.939865627,2253.29,0.72672,0.828452284,14.04338386,0.60963407,-3.993755816,-4.016216177
4.025,5.04706,1.25392795,692.8,0.57794,0.440808793,25.65163067,4.11719818,-4.643588082,-5.583166412
4.0796,4.65234,1.140391215,421.426,0.497,0.369962334,29.62576208,3.046707493,-4.175182335,-5.620699266
10.3413,12.50789,1.209508476,3455.23,0.76192,1.508298492,13.37666961,1.333573741,-3.694432597,-3.727059884
3.74279,4.81894,1.28752615,890.726,0.56508,0.475412457,24.79903842,4.650679291,-4.293797078,-4.893568147
4.84274,5.45688,1.126816637,1147.79,0.55356,0.506454653,25.72058267,4.894356568,-3.880848063,-4.509940883
3.74409,5.3857,1.43845367,564.532,0.49394,0.325536641,26.00088391,3.107251255,-4.384336134,-4.964209805
7.15186,7.75334,1.084101199,1003.98,0.55812,0.536287727,35.54270463,3.473473595,-4.704731297,-4.500325567
4.39834,6.21484,1.412996721,1294.79,0.58908,0.570272416,27.52013855,4.458926446,-4.693561035,-4.515075771
4.95547,5.88607,1.18779248,1653.19,0.6024,0.588476643,21.89514924,4.99658078,-4.019537539,-4.466682821
3.91658,4.43775,1.133067625,308.006,0.44264,0.305214237,28.77535257,2.170323528,-3.737937719,-4.723815203
6.13483,9.09166,1.481974236,2832.53,0.71798,0.904110038,19.35234122,2.73190483,-4.312908874,-4.245400952
10.95027,11.54524,1.05433382,1261.27,0.63702,0.543421142,20.57188673,3.629070194,-3.687053738,-3.945139932
10.51295,11.388,1.083235438,1155.64,0.64282,0.498221247,16.2372874,1.599726964,-3.466474548,-3.652823476
4.22892,6.09672,1.441673051,1813.53,0.63336,0.697251989,24.44319829,7.767806197,-4.070932829,-4.488199371
6.6809,12.96894,1.941196545,2930.92,0.7393,1.023132227,16.07536044,2.068858444,-4.287763136,-4.232111612
6.70087,12.99921,1.939928696,2934.44,0.73956,1.027103899,16.01831998,2.086909898,-4.290603034,-4.212181405
6.71578,13.01322,1.937707906,2931.41,0.74,1.026674103,16.09984704,2.100171106,-4.234686357,-4.213292663
6.69479,12.97792,1.938510394,2912.5,0.73832,1.018941616,16.10660398,2.09836692,-4.278954894,-4.208813605
6.65215,12.91792,1.941916523,2904.58,0.7369,1.012435272,16.08900529,2.126435148,-4.302197219,-4.221209254
6.67,12.93895,1.939872564,2894.84,0.73686,1.011667275,16.13896456,2.119940375,-4.292884644,-4.225369185
6.65994,12.9296,1.941398871,2898.42,0.73692,1.01198724,16.1192531,2.144645318,-4.270041978,-4.228302133
6.66027,12.93472,1.942071418,2893.82,0.73698,1.010530646,16.17344048,2.149324832,-4.307228734,-4.229887525
6.68384,12.97087,1.940631433,2910.19,0.73894,1.0181238,16.14617267,2.149856343,-4.280369161,-4.238337772
11.04159,11.82299,1.070768793,1199.36,0.65944,0.540928069,16.90451682,1.926071145,-3.41993018,-3.650416265
10.6155,11.39724,1.073641373,1249.15,0.66122,0.53840454,16.87611085,1.746499414,-3.633544576,-3.704274475
10.81312,11.57654,1.07060127,1197.73,0.65704,0.51985948,16.67126154,2.047839158,-3.431348125,-3.613229647
10.75539,11.55274,1.074134922,1213.49,0.65842,0.526306534,16.57643417,1.978505779,-3.406387338,-3.590401797
10.81121,11.63688,1.076371655,1246.22,0.66284,0.542666503,16.30606601,1.837258011,-3.397911405,-3.553228972
10.78465,11.59848,1.075461883,1223.91,0.66046,0.538280983,16.41884394,1.825425025,-3.43296144,-3.601191967
10.84815,11.68121,1.076792817,1265.68,0.66724,0.548820912,16.21449054,1.826119508,-3.370954601,-3.517963158
5.29156,5.74395,1.085492747,1915.85,0.65078,0.612573774,18.79371721,3.897838686,-3.884487722,-4.179415371
5.50482,5.80963,1.055371474,593.723,0.46118,0.337073067,21.24728633,1.950990364,-3.718382185,-4.425857428
3.69918,4.42221,1.195456831,211.114,0.41068,0.27225478,32.95459725,2.362100131,-3.701997105,-4.89188384
5.49412,5.78942,1.053748371,609.696,0.46268,0.341347892,21.00238743,1.91924039,-3.687793162,-4.393020429
4.44331,5.72419,1.288271581,1472.03,0.70078,0.490405744,16.58619624,1.41039599,-3.944271105,-4.09591742
12.38023,13.08079,1.056586994,1871.54,0.68884,0.997184363,21.68896909,2.289022776,-4.255256129,-4.220059303
7.44682,7.57197,1.016805831,928.686,0.55172,0.435990644,16.03121415,1.051549617,-3.607102685,-3.79479921
4.03658,5.48028,1.357654252,272.189,0.44028,0.363924914,37.38544454,1.384690991,-6.231992211,-5.210818154
10.95208,11.66235,1.064852521,1296,0.6417,0.571105633,19.5169145,2.888851835,-3.67042385,-3.838390293
10.87886,11.61446,1.067617379,1309.26,0.64116,0.570894326,19.92214093,3.107576912,-3.722479407,-3.882570092
10.70959,10.90023,1.017800868,1241.6,0.6254,0.52927337,23.38698556,5.100136562,-3.766922708,-4.125667791
4.08598,5.25085,1.285089501,312.091,0.4448,0.209583942,29.10201752,1.680363023,-4.61272224,-5.8123757
4.44781,6.86807,1.544146445,971.089,0.60056,0.389397515,14.52107369,0.311814328,-4.087532415,-4.125378266
5.799,7.74164,1.334995689,714.571,0.51428,0.373834221,15.72982251,0.352005501,-4.140236581,-4.111151235
5.64741,8.46756,1.499370508,2063.92,0.6713,0.712114863,21.27383228,3.029051651,-4.451629306,-4.266238447
5.76979,7.54466,1.307614315,3591.92,0.72434,0.947138148,17.95376401,4.19495135,-3.71762313,-3.877365141
5.14016,6.27181,1.220158516,971.491,0.52384,0.476218182,43.81095016,4.962369881,-5.785284283,-5.135409596
5.48815,7.0777,1.289633119,1127,0.5663,0.525295438,27.93072042,3.983395021,-4.930389049,-4.852442185
4.12484,5.16081,1.251153984,365.45,0.45722,0.387015405,27.56264436,2.000393311,-4.514579893,-5.405164702
4.87372,5.63894,1.15700943,2069.3,0.6643,0.692534637,21.4902985,5.87095853,-4.103998351,-4.488411114
4.01485,5.23028,1.302733602,364.22,0.45192,0.370004667,28.8645149,2.766602192,-5.047995585,-6.053005601
5.47406,6.39935,1.169031761,515.087,0.43064,0.305059292,22.67283181,2.733918406,-3.532948388,-4.643299351
5.92239,12.04583,2.033947444,2762.74,0.726,0.924068549,19.54740647,3.516952005,-4.390631179,-4.166579151
5.95231,12.32799,2.071127008,2594.38,0.71734,0.894137884,20.84770952,3.424482747,-4.493271686,-4.212649631
5.76234,12.52097,2.172896775,2508.84,0.71186,0.867156447,22.77334986,4.395889973,-4.43073832,-4.149973628
4.78582,8.72596,1.82329465,2384.43,0.66754,0.95573118,20.15992202,3.857188112,-4.251224788,-4.38827171
7.15944,9.13832,1.276401506,499.523,0.47466,0.304319951,25.59019268,2.182188873,-4.856887705,-5.00976932
3.81301,4.31723,1.132236737,185.205,0.3811,0.22284204,36.02683725,2.325487061,-4.364811085,-5.870391874
7.68463,7.8028,1.015377448,814.357,0.54896,0.376069547,19.8330296,1.878580622,-4.111351821,-4.149506791
6.81683,7.50178,1.100479255,395.705,0.4596,0.330148696,30.18062295,2.080854249,-4.037477432,-4.605510834
5.28356,11.03405,2.088374127,2333.08,0.69982,0.771760419,17.20234604,2.193650822,-4.485393568,-4.423380708
7.53577,10.93441,1.451001026,2715.93,0.68178,0.920187768,18.98917964,4.310818546,-4.101424574,-4.155764795
8.76145,9.24219,1.054869913,1380.13,0.63232,0.654817567,26.59658762,3.852718335,-3.918695693,-4.217674495
6.60038,20.08743,3.043374775,3677.13,0.78218,1.315665091,16.78260431,2.023188777,-3.956170426,-3.903825204
6.68289,13.2528,1.98309414,2185.95,0.71868,0.817110801,24.39852273,2.51073422,-4.579293359,-4.03987325
5.79444,7.08547,1.222804965,1778.89,0.6586,0.674743923,17.7099937,3.390508149,-3.824457479,-4.10616671
4.2579,5.0116,1.177012142,470.669,0.4846,0.400651493,28.31210032,3.682367724,-4.413379376,-5.197966449
4.25936,5.00556,1.175190639,468.83,0.48448,0.400717931,28.35502134,3.664860689,-4.418052398,-5.202705127
4.0295,4.93904,1.225720313,440.32,0.4749,0.387471036,28.29384973,3.16349326,-4.497016347,-5.124433572
4.11529,5.12194,1.244612166,438.131,0.44056,0.33067131,27.74310223,2.475159993,-4.238521515,-5.202920159
4.13298,5.09877,1.233678847,620.308,0.48494,0.401344048,27.45535315,3.526140977,-4.241837898,-5.145301943
4.11717,5.08559,1.235214966,437.222,0.48464,0.400926539,26.76355018,3.186395696,-4.217241316,-5.017655173
4.16376,5.11473,1.228392126,690.156,0.52056,0.478165819,27.25255923,4.794689153,-4.285402583,-4.921806703
4.13393,5.10474,1.234839487,678.725,0.51758,0.471857052,27.4305248,4.733451559,-4.28380417,-4.967617061
4.17716,5.08733,1.217892061,684.692,0.51694,0.474901701,27.11728491,4.786844584,-4.259703385,-4.890413796
4.14711,5.04996,1.217705824,661.113,0.51562,0.470426159,27.30117312,4.597864775,-4.269321806,-4.943706367
4.17789,5.07875,1.215625591,688.887,0.51816,0.473746286,27.26817397,4.732288027,-4.257799544,-4.905249706
4.15379,5.09924,1.22761141,461.087,0.48606,0.402934593,27.12947446,3.352246025,-4.342670082,-5.01649457
4.11967,5.0609,1.228472183,464.77,0.48082,0.39526816,27.3829834,3.304285511,-4.350099425,-5.019327414
4.1998,5.13748,1.223267775,696.774,0.5208,0.479814265,27.17420393,4.873845696,-4.247943591,-4.88029537
4.10802,5.06256,1.232360115,686.43,0.51804,0.472435775,27.41301635,4.734631183,-4.261425448,-4.906550277
13.73176,19.34742,1.408954133,1960.16,0.75234,1.24886292,31.51329042,1.702276326,-5.050813734,-4.004795651
3.71152,5.06349,1.364263159,554.497,0.53296,0.360295559,26.76055607,3.920489105,-4.445670837,-5.260068868
4.86396,6.32965,1.301336771,1492.67,0.61994,0.620418963,24.49876168,5.991616611,-4.374966149,-4.736482435
6.59227,6.92026,1.049753727,712.37,0.48076,0.361756562,18.6409679,1.937116857,-3.316092516,-3.923678633
6.12459,8.48774,1.385846236,1512.12,0.5888,0.617614172,20.78322085,3.447359452,-4.146529258,-4.266605355
5.0967,7.39924,1.451770754,411.897,0.4521,0.254388926,20.48138954,1.295089843,-3.989675396,-4.308266259
12.45148,12.65678,1.016488,2169.1,0.7441,0.985812305,14.2794272,1.369312051,-3.137744161,-3.268431092
4.98444,7.17175,1.438827632,375.502,0.4289,0.224558501,21.51882524,1.282966954,-4.108289299,-4.31407308
5.15143,7.46533,1.449176248,456.074,0.45878,0.262868995,20.13275762,1.28380627,-4.03640653,-4.270826063
4.98308,7.16776,1.438419612,371.863,0.43518,0.228342656,21.47929179,1.284990407,-4.045118529,-4.307020083
5.42795,6.86556,1.264853213,687.824,0.55866,0.323958527,16.20194948,0.716503576,-3.568704422,-3.726382492
5.07183,7.99773,1.576892364,2066.13,0.65016,0.741812406,20.73019429,3.883591786,-4.140674663,-4.250193609
5.82003,9.10759,1.564869941,2406.25,0.68434,0.86160703,18.35180474,2.60063601,-4.151313691,-4.169910878
6.19333,8.78773,1.418902271,2587.48,0.66756,0.897966541,18.93530836,3.076153011,-4.222389486,-4.200053499
7.061,9.29397,1.316239909,2320.29,0.6692,0.832023712,48.41768351,3.852818648,-5.924178471,-4.295097834
5.17643,9.05505,1.749284739,2435.36,0.66936,0.88184495,19.09472871,2.684975398,-4.272224316,-4.212110091
6.95652,9.26232,1.331458833,2221.17,0.66544,0.793870836,42.30120097,3.598940408,-5.741140463,-4.284856065
6.23369,8.73316,1.400961549,2616.75,0.67104,0.906208305,20.3891109,3.594446068,-4.237419697,-4.21019505
4.20385,5.93429,1.411632194,777.517,0.57266,0.293343851,20.68586255,1.586610103,-3.793792362,-4.09373736
5.71888,9.03956,1.580652156,2260.26,0.66964,0.818325685,18.82461359,2.699467278,-4.086746198,-4.110860137
4.62391,5.6865,1.229803348,195.07,0.44346,0.214211187,21.163333,0.45601629,-3.333677292,-3.980692178
4.49569,5.90641,1.313793878,661.045,0.49602,0.427677186,24.30202176,2.676927718,-4.406375202,-4.856411473
7.2431,10.60893,1.464694675,751.774,0.59994,0.50490225,23.08462399,1.034136406,-4.61579045,-4.489756839
13.85413,14.13574,1.020326791,1462.4,0.68312,0.786051023,24.72753913,2.178038542,-3.249750332,-3.644371731
6.65907,13.23644,1.987731019,2244.38,0.72884,0.832244745,23.83214169,2.848633262,-4.432722963,-4.049546324
6.64739,13.24642,1.992724964,2249.68,0.72852,0.833432481,23.73301979,2.795511474,-4.497537463,-4.024214744
4.25664,5.56472,1.307303413,1190.5,0.55888,0.458556918,23.30823385,4.179007401,-4.423977436,-4.739184265
5.36376,6.46377,1.205081883,1568.86,0.58616,0.516618045,21.85459609,3.575323026,-4.162018842,-4.407227131
3.68033,4.46675,1.213681925,446.729,0.5608,0.382610594,28.62735373,4.546631174,-4.01883911,-4.614722579
13.24304,14.91316,1.126113037,5187.81,0.84834,2.323048107,10.98426843,1.174737271,-3.57612504,-3.597277206
13.28886,14.21921,1.070009768,5145.67,0.85124,2.36538344,11.01130353,1.169416314,-3.580753449,-3.568642817
13.19368,14.22916,1.078483031,5318.4,0.84786,2.365694005,11.13220225,1.231004937,-3.625038581,-3.612495747
13.174,14.83912,1.126394413,5164.09,0.85136,2.319838906,11.35208995,1.262776198,-3.60644659,-3.618433401
10.86748,12.36916,1.138181069,5129.09,0.84754,2.263498897,12.96664748,1.46952292,-3.665900116,-3.662407318
13.37952,14.31673,1.070048103,4665.87,0.86194,2.41993582,12.59473242,1.340865721,-3.586316843,-3.611772149
21.60719,23.03533,1.066095591,6237.79,0.92452,5.424663643,8.888220509,1.205030809,-3.246335985,-3.255958741
7.19596,7.98338,1.109425289,3462.05,0.73634,1.019586123,15.70954672,3.766682959,-3.678064196,-3.810922955
4.27878,6.07415,1.419598577,1288.34,0.59516,0.616642595,24.73624378,5.2779071,-4.395069685,-4.889208384
7.75873,12.06174,1.554602364,1536.01,0.6201,0.703745022,26.92240043,3.349241094,-4.551047621,-4.836354244
8.02038,12.23219,1.52513846,1678.62,0.64588,0.757099419,26.88323017,3.421460556,-4.670003596,-4.846198838
8.09448,12.1779,1.504469713,1677.3,0.64182,0.752412616,26.46658094,3.40830941,-4.48669921,-4.792813861
7.7394,12.14685,1.56948213,1533.52,0.6251,0.70605962,26.74553621,3.381082549,-4.490884625,-4.828612358
7.83288,12.38727,1.581445139,1559.49,0.626,0.711050128,27.442263,3.414916363,-4.684349641,-4.818084143
7.5095,12.14021,1.616646914,1527.51,0.619,0.693554315,27.22893405,3.384271619,-4.552015798,-4.844359393
7.67742,12.0955,1.575464153,1551.09,0.61846,0.696597322,26.73728017,3.265135698,-4.52495229,-4.792461301
3.86123,8.90504,2.306270282,152.106,0.55022,0.549395906,30.71140852,3.161672359,-4.620395975,-5.348891209
3.95645,8.97205,2.267702107,165.293,0.55542,0.559807209,30.33825652,3.133228698,-4.352545487,-5.354001204
3.77258,8.8251,2.339274449,136.746,0.55056,0.551324135,30.70907154,3.397412414,-4.501816925,-5.347074668
9.04409,11.1437,1.23215271,3356.64,0.76018,1.168278304,22.28291207,1.901465204,-4.252620719,-3.998679864
3.86749,8.72809,2.256784116,153.906,0.55358,0.55837927,30.23905129,3.122223072,-4.638718377,-5.343513557
8.99249,10.30936,1.146441086,2803.79,0.70596,0.961227391,19.30343043,3.044819799,-4.123399953,-4.074228248
8.16544,13.39679,1.640669701,4629.3,0.80466,1.775495749,11.49925005,1.477410605,-3.506529731,-3.516727418
4.28729,7.85407,1.831942789,1959.89,0.65022,0.667359117,23.65240389,5.909891337,-4.341706237,-4.320031315
9.17237,18.68299,2.036877056,3246.01,0.80774,1.465378363,12.77526843,1.04151919,-3.739758991,-3.768029302
6.6292,16.29659,2.458304169,2227.69,0.72672,0.921625323,21.08644614,3.904103339,-4.369751114,-4.25695326
6.69779,16.53276,2.46839032,2255.65,0.7309,0.933043978,21.00901049,4.014258279,-4.357513968,-4.238672864
6.72961,13.20706,1.962529775,2159.04,0.72344,0.822350697,24.5488656,2.841295964,-4.517332198,-4.056470197
6.72456,13.18662,1.960963989,2147.96,0.72276,0.818894069,24.77685769,2.842696054,-4.550119532,-4.0286882
6.71826,13.17767,1.961470678,2159.63,0.7232,0.81767591,24.64990867,2.955790254,-4.570603038,-4.055043058
6.69067,13.16192,1.967205078,2147.35,0.72224,0.813497315,24.73996533,2.94187305,-4.50457901,-4.089381755
6.40333,12.94074,2.020939105,2126.79,0.71524,0.777439853,24.91479681,3.547503381,-4.555653864,-4.08357
6.61787,13.11018,1.981027128,2166.03,0.72106,0.805310812,24.38084556,3.099693664,-4.406020964,-4.112998513
6.64621,13.1663,1.981023771,2158.78,0.72228,0.81774336,24.25206077,2.899187357,-4.469906373,-4.074470335
6.65907,8.47788,1.273132735,1652.79,0.61964,0.660338652,22.29420634,3.927793122,-4.023252048,-4.325882053
4.4748,6.14583,1.373431215,2626.37,0.65502,0.824259416,21.75816272,6.686950554,-4.12583472,-4.320675756
4.49275,6.11311,1.360661065,2656.81,0.65592,0.835347667,21.44388045,6.633017975,-4.157412775,-4.315019403
9.2255,13.12173,1.422332665,3818.7,0.80414,1.41701425,11.77975096,0.941801191,-3.713527586,-3.690236781
5.66055,6.91782,1.222110926,1234.64,0.58368,0.503129041,23.22310926,4.191236613,-3.84667452,-4.124701714
7.45425,8.13608,1.091468625,1347.71,0.6626,0.540355398,21.80680953,2.554590215,-4.447799365,-4.37876145
7.02354,7.18852,1.023489579,1310.73,0.59522,0.53514466,24.04619355,7.173756127,-3.614545947,-4.374575741
7.1276,7.3057,1.024987373,1289.27,0.59548,0.534340733,22.93617997,6.940295551,-3.49058101,-4.272862438
7.12733,7.30662,1.025155283,1275.54,0.5947,0.532503582,22.83921289,6.954643615,-3.453016569,-4.286025013
7.15837,7.31075,1.021286969,1274.72,0.59404,0.530866845,22.78604505,6.936128094,-3.462981638,-4.300908852
7.11813,7.30941,1.026872226,1266.4,0.5935,0.529508855,23.01936267,6.999976212,-3.483902366,-4.300995061
7.2403,7.33092,1.012516056,1284.09,0.59614,0.534899371,22.56623417,6.962699017,-3.379853572,-4.279867449
7.26133,7.33103,1.009598793,1265.95,0.59476,0.532905642,22.44802083,6.788599916,-3.405564571,-4.264938605
7.08591,7.31581,1.032444668,1291.79,0.597,0.537160338,22.85431823,6.874480018,-3.565571304,-4.310598557
7.71066,8.23812,1.068406596,1389.57,0.66636,0.550938404,21.41955012,2.414503143,-4.403569259,-4.359167963
7.85452,8.43698,1.074156027,1402.46,0.67264,0.560608081,21.39180443,2.453106501,-4.336664451,-4.330167559
8.63887,10.47318,1.212332168,1561.13,0.7394,0.563648699,20.12917535,1.439194807,-3.922502841,-3.962913594
5.09614,6.36937,1.249842037,1642.89,0.65938,0.667558256,17.68612616,3.399831432,-3.733658806,-4.059519925
4.76389,5.46139,1.14641396,1733.14,0.64174,0.671976243,18.30415737,3.542270781,-3.942516202,-4.178822293
4.77674,7.01351,1.468262874,811.368,0.55298,0.376866511,27.85970337,4.30420881,-4.395670746,-5.168142505
7.66141,7.93575,1.03580803,798.747,0.50276,0.381503066,15.62235036,0.762318669,-3.796949321,-4.027846163
4.58024,13.51875,2.951537474,1942.33,0.69308,0.716055352,17.98664021,2.650516765,-4.015903945,-4.103516574
6.97386,8.21663,1.178204036,1594.67,0.6443,0.579604541,17.73640849,2.600633171,-3.912106655,-4.060161851
5.82023,8.52599,1.464888845,2463.1,0.67906,0.860898019,20.72140367,4.578288262,-4.06701835,-4.212760627
7.29552,7.82348,1.0723677,1652.21,0.63258,0.635797133,30.69041397,6.690143506,-4.169109732,-4.405119796
12.51,15.63,1.24940048,3344.03,0.78,1.471698113,20.87670222,3.509605578,-4.264012842,-4.079298475
9.22291,10.78711,1.1695994,4691.09,0.81336,1.752126718,12.27644585,1.433847714,-3.679067118,-3.670800313
9.91355,12.08201,1.218736981,4611.13,0.81672,1.756164272,12.479607,1.455820326,-3.714175712,-3.742605442
8.43628,10.92065,1.294486432,1227.21,0.6186,0.597629192,22.22033265,2.592605258,-4.827962611,-4.981656356
3.94171,4.84924,1.230237638,331.977,0.50006,0.279824291,25.38568509,1.652037316,-3.432256248,-4.34451043
4.32366,7.48304,1.730718882,1453.09,0.63988,0.563666634,21.78822491,5.579482118,-4.124425329,-4.494012708
4.32331,6.8392,1.581936063,1207.46,0.60904,0.533113916,40.20315241,4.211030099,-5.789649413,-4.894580076
4.32814,6.83643,1.579530699,1216.77,0.60882,0.532921342,41.25733645,4.205077074,-5.707457378,-4.871409502
5.65574,8.03848,1.421295887,1658.18,0.63976,0.600082542,36.73368335,3.81316357,-5.307192068,-4.552947521
4.89988,7.4125,1.51279215,1491.51,0.62534,0.569723584,37.6207261,4.053634953,-5.50286934,-4.677927799
4.94122,7.81736,1.582070825,1911.18,0.64802,0.627190987,34.8818934,3.710443724,-5.255238695,-4.451083739
5.69274,8.23995,1.447448856,1694.89,0.64122,0.60644063,36.12172093,3.679070508,-5.417753353,-4.480526864
5.85838,6.60096,1.126755178,1768.99,0.65076,0.628978475,31.69751694,4.287175866,-4.827654347,-4.531335525
3.73804,4.75094,1.270970883,372.546,0.45474,0.324133605,23.79441977,1.72628381,-4.012019058,-4.734194528
3.65952,4.88109,1.333806073,397.878,0.45904,0.329855422,23.4333207,1.702995976,-4.173512775,-4.931785016
3.85188,5.24127,1.360704383,507.794,0.48134,0.360678586,22.41352164,1.733739642,-4.223924598,-4.975097129
3.64676,4.81303,1.319809913,360.639,0.4535,0.321841201,23.70703834,1.668737372,-4.06796609,-4.754289846
3.78928,4.73753,1.250245429,421.635,0.46116,0.332140156,23.75562181,1.807159381,-4.051113815,-4.806975814
4.91006,5.88115,1.197775587,2281.03,0.61914,0.657999475,23.21754407,7.337007158,-3.843875504,-4.383340568
4.93297,5.91545,1.19916602,2278.96,0.61868,0.664749822,22.79631081,7.245312915,-3.856667859,-4.358817872
3.92805,4.48007,1.140532834,348.006,0.47474,0.412968214,27.70307546,2.128494864,-4.785064101,-5.525200845
4.60933,5.51146,1.19571825,496.677,0.4519,0.329654297,24.4861533,2.548872215,-3.869806322,-4.769946775
9.29464,9.85685,1.06048755,1124.24,0.56974,0.515177546,25.87749617,5.431939434,-4.715987866,-5.067850281
9.36477,9.9038,1.057559342,1085.47,0.54844,0.494816713,21.7676762,3.205705191,-4.420151007,-4.732376141
8.12641,8.87023,1.091531193,823.158,0.52878,0.412661251,19.20501308,1.161435737,-3.869117965,-3.996109569
8.01633,8.64993,1.079038662,1205.47,0.55746,0.52172204,18.00025966,1.956265803,-3.649686803,-3.874575873
7.40132,8.01945,1.083516184,1045.37,0.56394,0.456037069,17.92294671,1.770239824,-3.645173247,-3.908998778
8.14175,8.72919,1.072151564,1132.89,0.5682,0.506719699,21.5083948,2.629932181,-4.328538508,-4.416065009
8.06353,8.3881,1.040251602,1168.89,0.5633,0.502578469,21.2706353,2.671828078,-4.357104803,-4.451655429
8.85338,9.62722,1.087406166,1257.88,0.59276,0.562081587,18.75767408,2.08790599,-3.894183707,-3.965726684
4.79076,6.22077,1.29849335,1423.73,0.65614,0.488370189,21.66395588,2.097381979,-4.012881784,-4.332608622
4.63591,6.9167,1.491983235,2142.22,0.6505,0.694465944,30.76739742,7.673764578,-4.462450796,-4.50693281
4.99085,5.89843,1.181848783,804.948,0.51824,0.440115158,27.83244695,3.925803676,-4.829553425,-5.272648216
6.71064,19.61611,2.923135498,1999.56,0.74706,0.827036955,19.60616952,2.356758146,-4.095255302,-4.164849421
6.85327,19.50435,2.845991767,1988.95,0.74544,0.820195939,19.56587399,2.424271948,-4.087855821,-4.161622674
6.72401,19.59015,2.913462354,2000.87,0.7463,0.82683176,19.16088324,2.222210848,-4.07606315,-4.138321128
4.07005,6.23549,1.532042604,861.503,0.6016,0.332840932,22.28250648,2.604212172,-4.729836842,-4.652376938
4.02189,6.2924,1.564538065,1203.3,0.60374,0.453142591,25.54873986,4.570172964,-4.81680494,-4.852634933
6.64584,19.52135,2.937378872,1442.82,0.74532,0.590698707,17.25604534,0.966574429,-4.047862442,-4.039995885
6.25511,7.40475,1.183792132,1054.18,0.56562,0.516349893,22.15798267,4.379171179,-3.915137682,-4.467201898
18.72951,18.90864,1.009564052,1895.21,0.7607,1.099218683,18.10626698,1.577310925,-4.213239678,-4.202410669
6.02587,9.42856,1.564680287,1288.35,0.64688,0.50457084,15.12081061,1.04908295,-3.805882441,-3.905082485
6.0394,9.46287,1.566855979,1307.42,0.64616,0.511238933,14.9016297,0.981510879,-3.790270528,-3.851837989
6.40194,9.11851,1.424335436,1235.01,0.64552,0.49211722,15.38174505,1.089603599,-3.814088043,-3.87998592
4.0122,6.08478,1.516569463,1429.16,0.5961,0.5877481,23.175015,5.8260986,-4.284783895,-4.689960004
3.99073,5.98845,1.500590118,1315.26,0.5931,0.575529097,23.60018526,5.845083813,-4.311064209,-4.745108538
3.87826,5.63541,1.453076895,951.587,0.56598,0.518809812,25.85633204,5.671533107,-4.392969826,-4.969646085
3.8792,5.64298,1.454676222,912.43,0.56488,0.520732314,25.5932267,5.55859418,-4.386129728,-4.961629836
6.48918,8.02024,1.235940442,2942.07,0.70094,1.002609009,23.03648837,6.523145862,-4.390342339,-4.348817664
4.10207,5.41924,1.32109886,372.542,0.4435,0.28742709,44.10748323,2.914711593,-5.456240667,-7.125597666
5.88361,7.72889,1.313630577,1927.82,0.64718,0.648562086,24.66823569,3.393231325,-4.651703916,-4.420050637
4.28799,6.28616,1.465992225,1690.65,0.66686,0.607163668,16.02412519,1.404330868,-3.93349217,-4.015291271
4.38224,5.58391,1.274213644,458.434,0.55488,0.37242518,26.02707287,4.436370375,-3.692021404,-4.543097489
5.37633,10.81376,2.01136463,1816.67,0.66394,0.703085703,23.23470089,3.509394013,-4.285921744,-4.287526635
3.94718,5.04407,1.277892065,958.047,0.61434,0.522976079,23.2264979,4.508263868,-3.857268845,-4.318073209
5.01855,11.26084,2.243843341,2215.18,0.68342,0.824465422,25.69722066,5.256915226,-4.269175366,-4.156151877
8.23246,8.54513,1.037980142,3154.74,0.78998,1.093953607,7.422583199,0.28716069,-3.423459611,-3.385702673
3.92662,4.90564,1.249328939,397.838,0.4682,0.288153222,20.75203265,0.861680139,-3.914005724,-4.368840051
4.69494,6.47036,1.378156057,1655.93,0.65096,0.551838728,20.494523,3.772109328,-4.085469598,-4.323915788
4.56445,5.26222,1.152870554,425.333,0.49962,0.353690738,26.6374625,2.6181009,-4.830990899,-6.462284633
4.56509,7.01927,1.537597287,1128.7,0.59534,0.493521566,20.79262378,3.038891746,-4.258984735,-4.278153789
6.17461,9.34169,1.512919844,1819.53,0.6259,0.757348421,31.21704924,5.363588385,-4.837125679,-4.489328086
3.64387,4.8748,1.337808429,312.996,0.49664,0.440248562,30.19424336,4.444890762,-4.248598544,-5.583662591
3.77279,6.09418,1.615297963,332.371,0.51666,0.424602033,31.4162957,4.348341758,-4.458558737,-5.529317132
5.3332,7.50726,1.407646441,1919.66,0.61788,0.623339834,22.92078823,4.441472862,-4.097092321,-4.259967618
4.66605,6.63855,1.422734433,1358.78,0.55586,0.52381805,20.0692162,4.064515381,-3.864870678,-4.295237094
4.25341,5.56779,1.309017941,1329.89,0.55018,0.523079263,22.15942905,3.599608792,-4.032983049,-4.399071491
9.77333,11.45503,1.172070318,5009.73,0.83686,2.066535295,11.22377266,1.227228681,-3.644298291,-3.635703123
5.59779,6.57595,1.174740389,1622.97,0.6601,0.615380313,22.02494991,3.806011975,-4.392243122,-4.413464264
6.17876,11.92741,1.930388945,2371.28,0.7151,0.849446808,20.11675479,3.761258175,-3.835034322,-4.105140273
4.59264,5.25566,1.144365768,333.099,0.48248,0.300963122,36.60238913,5.083005928,-4.816466648,-6.187004808
5.04991,6.34584,1.256624375,1667.15,0.64294,0.579737065,19.38269578,3.784307349,-4.01216868,-4.342322093
5.48654,5.92099,1.079184696,577.281,0.54654,0.334891758,35.35924306,4.450713401,-4.711680695,-5.541305047
8.18722,9.12848,1.114966985,2295.48,0.70662,0.868848851,14.8638858,1.636391326,-3.727599582,-3.818795196
4.60613,16.80237,3.647828003,3248.18,0.72262,1.226448879,18.94865823,4.119007132,-4.119915489,-4.212208942
4.66019,5.27863,1.132707036,478.355,0.5029,0.36421443,23.64292232,1.936236591,-3.998577565,-4.761165224
4.02795,6.57261,1.631750642,967.327,0.52992,0.514575363,26.00157652,4.51790251,-4.500753376,-5.103969582
4.51142,5.84221,1.294982511,930.373,0.52716,0.420027728,22.62840554,3.556512403,-3.656158717,-4.422290476
4.75213,5.88914,1.239263236,960.198,0.53232,0.429945643,22.15903815,3.570157073,-3.605091974,-4.35551103
3.76094,5.22333,1.388836302,791.139,0.5576,0.450662335,25.0737962,4.506257492,-4.110272044,-4.65721528
3.75063,5.23926,1.396901321,789.596,0.56116,0.453932148,25.02012714,4.486927895,-4.137258049,-4.624865879
4.22176,5.94415,1.407979137,815.38,0.54272,0.451796046,24.11801344,4.501517501,-4.802329351,-5.303956491
3.79987,5.87516,1.546147631,316.79,0.49086,0.388664545,30.23116073,3.363490734,-4.572595567,-5.20120737
10.75846,13.17229,1.224365755,6362.13,0.87062,3.031322247,9.241880868,0.972063079,-3.431853409,-3.466551129
3.69297,5.24244,1.419572864,339.628,0.46572,0.382223317,29.55026138,2.46957175,-4.094352769,-4.950102766
5.1227,5.4813,1.070002147,1399.64,0.61972,0.494100013,37.43582559,5.61658041,-4.796771536,-5.072876182
5.10748,5.48445,1.073807435,1394.43,0.61942,0.498812199,38.36729145,5.727555406,-4.9695008,-5.135994141
4.1864,7.71161,1.842062393,806.505,0.54296,0.402666845,23.4408615,3.31821676,-4.469470045,-4.747351163
13.13968,15.07113,1.146993686,4398.63,0.79872,1.665259352,16.03720477,2.376127489,-3.911170545,-3.934949571
5.41115,6.21978,1.149437735,1103.1,0.57316,0.532063421,23.83625048,4.325640608,-4.395669963,-4.785785582
4.17994,6.70721,1.604618727,699.97,0.48666,0.438175843,29.18198214,2.994757063,-4.962489505,-5.108100729
5.22151,8.57387,1.642028838,1250.32,0.57448,0.575933079,20.31889155,3.012754,-4.077328196,-4.304136205
3.80283,4.42154,1.162697254,196.362,0.42662,0.282354031,28.52162807,2.01224843,-4.596020228,-5.251495362
4.83031,5.29133,1.09544315,231.626,0.39082,0.210083266,25.59234712,0.883894514,-3.643791907,-4.799534948
5.50957,5.63288,1.022381057,1260.43,0.56064,0.521108694,24.86138312,3.934976777,-4.214683544,-4.487240673
3.93575,6.77398,1.721140824,1514.31,0.57252,0.559046968,21.02038929,5.500430007,-4.151785747,-4.510172216
5.37055,7.89334,1.469745184,2375.09,0.66676,0.763405625,27.21679657,8.473302959,-4.476506918,-4.454205283
3.79831,4.9541,1.304290592,364.623,0.46386,0.262984528,22.06921804,1.086438915,-4.085709942,-4.680729254
3.70971,4.64582,1.252340479,282.029,0.4443,0.244104784,22.82820803,1.018737713,-4.106238752,-4.695865365
3.83765,4.9953,1.301655961,367.354,0.46728,0.269910584,21.50641106,1.016312698,-4.087035068,-4.65366919
3.74,4.71059,1.259516043,296.424,0.45152,0.249633721,22.69745002,1.044527774,-4.058815222,-4.723841637
6.77808,8.749,1.29077851,1726.73,0.65022,0.67435727,17.14509691,1.745877492,-3.773429825,-3.994272936
7.54223,9.23645,1.224631177,1882.66,0.6629,0.790994429,16.41594471,1.353344802,-3.748417563,-3.904534935
4.8964,5.17779,1.057468753,106.371,0.44726,0.292630904,32.83185927,1.28794693,-5.843324387,-4.674078826
3.81567,4.45066,1.166416383,547.736,0.5457,0.479909242,33.46166119,5.923313904,-4.798855703,-5.053628964
4.18958,4.87973,1.164730116,339.865,0.4278,0.223107653,42.98176456,2.561243169,-4.378406916,-6.773871042
9.67182,10.70302,1.106619023,1359.19,0.62264,0.647791813,18.24800172,3.062510379,-3.614038505,-3.822928849
4.0341,5.07878,1.258962346,499.226,0.48888,0.400409517,29.11647928,3.302266744,-4.355918617,-5.323899364
3.98181,5.25265,1.319161386,1489.77,0.6386,0.663298586,21.59435539,5.438475071,-3.88832128,-4.297146609
3.94642,5.04398,1.278115355,517.986,0.47294,0.365340049,29.89487024,2.90559408,-5.129911021,-5.56643483
6.03691,11.27088,1.86699487,2592.34,0.69578,0.841246696,17.7311465,1.263889018,-4.188862076,-4.167752083
5.74685,9.16363,1.594548318,2390.02,0.72964,0.819726279,12.5282843,1.070075957,-3.743737145,-3.810502471
13.61044,15.13602,1.112088955,2024.71,0.67406,0.842810987,24.73488782,3.805311529,-5.007981765,-4.695536374
6.62234,15.48597,2.338443813,2730.48,0.74196,0.992210328,20.81816159,3.136719743,-4.152794321,-3.999952852
4.91496,9.86186,2.006498527,2055.95,0.65798,0.770077033,28.38076817,3.707287756,-4.507408055,-4.222997665
5.38349,5.80792,1.078839192,1114.07,0.58698,0.519460521,19.79664975,3.203391977,-3.481450634,-4.19398076
5.25433,6.10819,1.162505971,2752.3,0.68602,0.794534319,18.24048843,7.229286457,-3.686806129,-4.146780576
4.19832,4.58853,1.092944321,221.351,0.46036,0.323125408,23.96699261,0.768446901,-3.749113474,-4.464473838
6.14414,6.81519,1.109217889,743.097,0.55158,0.343430318,15.226324,0.589009548,-4.005866237,-4.229313071
4.83808,7.31661,1.5122962,689.204,0.5669,0.41383791,26.20850559,2.063412857,-5.031366345,-4.639851955
3.97085,13.71017,3.452704081,1104.43,0.60978,0.495216593,24.42242265,2.549038129,-4.551974604,-4.489411352
5.02363,6.4533,1.284589032,2164.99,0.65096,0.660746984,18.06716016,3.108076644,-3.844659267,-4.099180322
9.23203,10.20016,1.104866427,2709.66,0.72104,0.896812574,16.06936195,2.4838131,-3.929968643,-3.974174251
5.92083,7.62702,1.288167368,1882.36,0.61826,0.632626311,20.36213793,4.205800133,-3.969838981,-4.192166011
6.86281,7.55002,1.100135367,1995.51,0.63226,0.671273047,18.87442741,4.19118322,-3.866340452,-4.073482345
6.50668,6.87778,1.057033695,871.167,0.56924,0.357464017,30.52297291,5.073654354,-3.819589206,-4.862452497
5.80783,6.12904,1.055306371,158.862,0.33394,0.171961173,23.04942026,0.57305001,-3.070916874,-4.000475811
4.55241,6.25531,1.374065605,531.652,0.5372,0.333784842,22.69886746,1.902763614,-3.904459407,-4.586793303
4.14157,6.98334,1.686157665,1659.49,0.65496,0.547822378,30.69508667,7.286014099,-4.430261929,-4.679597502
3.74817,6.3078,1.682901256,474.137,0.54284,0.340485853,21.83691925,1.65471815,-4.690095511,-4.930640649
3.87237,7.76134,2.00428678,1145.56,0.58388,0.503883462,19.19842063,1.879836218,-4.34773535,-4.458726501
5.57464,5.84848,1.049122455,680.184,0.55766,0.302682928,24.69263671,3.773256807,-3.693747702,-4.74951826
4.04226,9.06042,2.241424352,1132.56,0.64424,0.513563713,22.64089994,2.375966533,-4.406371587,-4.503756367
4.23883,8.98552,2.119811363,1142.26,0.6443,0.513718017,23.00822004,2.338294863,-4.406582312,-4.428360385
5.99614,9.10869,1.519092283,2819.55,0.72198,0.916556749,18.96760898,2.443464363,-4.337677305,-4.254010661
4.23928,6.47025,1.526261535,1536.56,0.608,0.570094422,20.94395793,4.515179884,-4.105784593,-4.473901343
4.24175,5.89247,1.389160134,1597.85,0.61858,0.589533676,21.42694419,4.591386052,-4.171002845,-4.479050327
8.23796,9.47139,1.149725175,3394.1,0.79736,1.195763181,11.64213207,0.761965497,-3.608292383,-3.640289103
6.03269,7.03393,1.165969078,986.368,0.54102,0.48354143,22.94179644,4.350737348,-3.687325095,-4.318660583
5.89758,7.14406,1.211354488,965.371,0.5477,0.492704341,22.14599455,4.166602088,-3.675717073,-4.315830958
5.89697,7.13405,1.209782312,965.057,0.5478,0.4927943,22.16857462,4.188066348,-3.711962965,-4.285420025
3.86327,4.15669,1.075951202,125.199,0.42266,0.130456657,29.7351639,0.792453844,-5.132558915,-5.054714288
3.94622,5.41707,1.372723771,524.319,0.56354,0.520552754,27.9310138,5.737758825,-4.529665039,-4.937600727
4.5627,6.22226,1.363723234,1108.74,0.55016,0.539383125,21.95118314,2.637613331,-4.260083402,-4.562214372
7.36677,7.99703,1.085554456,545.12,0.4705,0.285769817,20.86858017,2.596344501,-3.646357097,-4.247050318
7.27239,7.93236,1.090750084,511.848,0.46456,0.280091644,20.82261098,2.552292898,-3.659011293,-4.282181655
3.97105,5.13693,1.293594893,821.636,0.56084,0.571054451,26.59186255,5.538524402,-4.41872423,-5.126674401
5.18062,6.8059,1.313723068,660.34,0.52096,0.367813495,35.28345669,3.622478383,-4.06547728,-4.478121687
6.65727,13.16813,1.978007502,2177.53,0.72264,0.819405199,24.29106214,2.854499173,-4.512595815,-4.067461836
6.67449,13.22354,1.981206055,2217.12,0.7237,0.825764491,24.14684996,2.769184617,-4.52143743,-4.06920811
4.86667,7.27536,1.494935962,1374.32,0.61122,0.632513569,22.21055828,4.629961105,-4.36585658,-4.531347573
4.78135,5.41632,1.132801405,739.92,0.50606,0.381713131,29.64460949,3.741663026,-3.958875628,-5.209155919
9.41793,10.82894,1.14982167,1493.76,0.64298,0.69414846,18.26481357,2.329226661,-3.809746293,-3.890924662
3.70978,4.47915,1.207389657,210.322,0.47194,0.341443651,28.54914186,3.394717035,-4.623933397,-5.495809362
9.23374,9.74389,1.055248469,890.547,0.55512,0.524153038,17.78511453,1.279493067,-3.453194938,-3.637380798
8.95969,9.35578,1.044208003,872.356,0.55088,0.513176894,18.4940491,1.361145415,-3.573175415,-3.696915149
4.1401,6.37722,1.540354098,904.33,0.57846,0.390542612,18.31340401,1.427351296,-4.274226215,-4.516361812
3.94305,7.44579,1.888332636,1293.18,0.57794,0.57403085,26.73462082,5.557146373,-4.603133587,-4.655458559
5.53792,6.06957,1.096001748,1665.63,0.62224,0.696801214,19.89419354,4.747350952,-4.25110899,-4.633277055
4.74264,7.16525,1.510814652,2062.49,0.61754,0.716891897,23.9231098,6.206214816,-4.216578408,-4.309883283
5.58315,6.53052,1.169683781,677.25,0.5027,0.438751909,30.95210468,3.079315397,-5.390434353,-4.956898802
5.45199,6.55588,1.202474693,674.392,0.50086,0.438354965,31.34679134,3.110042826,-5.480627012,-5.039866307
5.84937,6.69444,1.144471969,710.088,0.50328,0.442915101,30.79245676,3.038669284,-5.330069438,-4.873218848
5.82012,6.69706,1.150673869,714.516,0.50676,0.451247529,30.36916277,2.986816546,-5.30872698,-4.867003312
5.79486,6.7589,1.166361224,729.019,0.50762,0.453272614,30.73637779,3.010071337,-5.488122147,-4.913315232
5.88003,6.823,1.160368229,725.198,0.50986,0.45784842,30.5798088,2.999637774,-5.49615787,-4.930274123
5.08469,6.62212,1.302364549,670.362,0.50502,0.448332801,31.78051031,3.149466374,-5.684684691,-5.146323836
4.79784,6.67565,1.391386541,774.417,0.52464,0.485606916,30.71458139,3.092774471,-5.622259259,-5.010520081
4.04722,6.44081,1.591415836,711.265,0.51294,0.468956564,31.82247977,3.322263998,-5.774841614,-5.167021719
5.14118,6.73531,1.31007084,690.944,0.51818,0.477686514,31.46917373,3.167617047,-5.647467039,-5.117405148
6.25516,7.09133,1.133676836,814.658,0.52622,0.493084708,29.58077136,2.884549941,-5.443326487,-4.823562543
6.3252,7.29129,1.152736672,857.019,0.53342,0.509562293,29.65479318,2.883626816,-5.526830867,-4.876186034
5.2818,6.79198,1.285921466,699.176,0.51986,0.481610495,31.24560189,3.145584916,-5.651754507,-5.065540003
9.47922,10.46203,1.103680472,1040.35,0.6072,0.536670732,15.92945272,0.689986191,-4.242212429,-4.249744223
4.85597,5.21744,1.074438269,502.716,0.48678,0.394741964,24.30942025,2.063537711,-3.642655331,-4.602533324
6.70029,13.27907,1.981864964,2173.74,0.72136,0.81700516,24.30548773,2.711084503,-4.529024601,-4.051601547
8.89146,13.27914,1.493471263,2632.02,0.75028,1.074591808,14.19551041,1.006718595,-3.793325562,-3.83445044
12.00951,13.97996,1.164074138,2843.51,0.78658,1.285618554,12.57631642,0.792305245,-3.614054279,-3.601687053
7.35004,8.32775,1.133021045,1549.58,0.6404,0.610323269,18.21936843,3.3071054,-3.702280058,-4.060919161
4.94745,8.69265,1.756996028,1075.16,0.60728,0.506852288,18.88809665,2.557056644,-3.800728899,-4.167299576
4.13008,5.81942,1.409033239,876.934,0.51738,0.475716729,26.0022908,4.467207659,-4.25339028,-4.765148898
3.91982,4.78325,1.22027287,1090.54,0.5598,0.551956695,28.36407597,6.903465017,-4.444480336,-4.996737703
4.53676,6.78829,1.496285896,1136.61,0.60594,0.524596125,40.26576776,4.30263749,-5.666224817,-4.865166654
6.24399,7.42167,1.188610168,1637.92,0.62492,0.575671319,30.73501411,4.773178995,-4.613858571,-4.522172765
6.34458,7.64047,1.204251503,1673.55,0.63374,0.601128765,30.74743483,4.403805062,-4.682644769,-4.495050346
4.9062,6.09359,1.242018263,2473.64,0.673,0.809540306,26.18376653,8.967143895,-4.013328917,-4.431251922
6.77637,10.89993,1.608520491,3083.82,0.75168,1.04690662,18.25581962,2.405577498,-3.937747798,-3.876807306
8.94015,11.91055,1.332253933,4875.01,0.8048,1.793394212,13.55593298,1.670009394,-3.775782186,-3.785147336
4.49111,5.98412,1.332436747,867.092,0.54292,0.337123164,21.55138485,3.016051845,-3.437905389,-4.022392184
4.34741,5.85992,1.347910595,1246.22,0.521,0.454109649,21.28178184,4.105968568,-3.816002792,-4.229790283
6.65142,6.81125,1.024029455,1220.26,0.61322,0.485261417,21.60175666,4.182843803,-3.617124719,-4.277513446
3.98756,5.44503,1.365504218,318.222,0.4934,0.334272784,45.47409385,4.808812515,-5.918395492,-6.501437194
7.11095,9.13708,1.284930987,2263.13,0.67358,0.819231097,22.93155699,4.070545787,-4.268486165,-4.23800219
4.61021,5.52019,1.197383633,341.771,0.44928,0.270975446,19.22454903,0.613994245,-3.858189734,-4.322002198
8.47609,13.69253,1.615429992,2840.61,0.75202,1.100214917,15.91928885,1.212801548,-3.876808503,-3.840362417
7.52617,8.234,1.094049164,2684.93,0.7102,0.827693588,37.54672575,5.356855522,-5.248992249,-4.28908073
3.71515,4.4966,1.21034144,297.12,0.43452,0.300666348,27.49190177,2.167200504,-4.264476013,-4.987746102
13.01,37.34,2.870099923,4170.37,0.83,2.075,17.79291992,2.507304636,-3.88757558,-3.883301526
4.45966,5.40391,1.211731388,883.786,0.5578,0.345714516,36.12966319,4.324766547,-5.049995451,-5.25936503
4.77812,5.63795,1.179951529,939.666,0.56304,0.353917329,29.57665514,4.346092287,-4.519886434,-5.110507767
4.58752,5.76004,1.255589076,899.505,0.54104,0.438316212,20.95296945,2.240156843,-4.325146186,-4.653752222
4.63008,4.9883,1.077367994,533.788,0.4817,0.37430745,27.53271246,3.10099073,-3.769793866,-4.965916727
14.41981,17.65359,1.224259543,2507.2,0.7468,1.084002973,16.2836267,2.409805392,-4.216404179,-4.227416557
5.76726,7.81236,1.354605133,2249.44,0.66866,0.759941947,16.17497244,3.013112143,-3.800837801,-3.954990427
4.56878,5.00131,1.094670787,481.095,0.49172,0.341053011,25.08342515,2.128762399,-3.947495915,-5.043131323
4.47094,5.37118,1.20135363,678.242,0.52104,0.386049923,26.19116837,3.676990758,-4.271250626,-4.892789295
4.3746,5.22265,1.193857724,659.957,0.51326,0.378968664,25.81311075,3.575859695,-4.308402313,-4.853691027
4.25116,5.28891,1.244109843,677.435,0.52228,0.43018582,24.27520009,3.564730848,-4.145330599,-4.841230829
9.22584,21.49816,2.330211666,4397.57,0.8236,1.765109301,15.46207266,1.617171511,-3.850973937,-3.788791602
10.2733,24.28264,2.363665035,4718.11,0.84228,2.076929336,15.65157071,1.6529468,-3.819091607,-3.77686278
6.66271,20.08724,3.014875329,3621.71,0.78226,1.308488128,16.3493479,1.945766617,-3.958286987,-3.91179856
5.00118,7.04018,1.407703782,993.397,0.5278,0.471725938,28.56268164,4.127721784,-4.596488972,-4.838625538
4.99085,7.11877,1.426364247,1000.3,0.52832,0.474076201,28.5187773,4.124531092,-4.575342284,-4.777212375
5.15865,7.26305,1.407936185,1108.03,0.53866,0.49197187,26.0455706,3.723016532,-4.501442991,-4.645411867
3.71285,5.15837,1.389328952,381.708,0.47198,0.373807054,27.62826533,2.062083601,-4.773292579,-4.852678423
6.50331,13.14331,2.021018527,2183.01,0.71832,0.806825534,23.80931268,3.002711735,-4.515196316,-4.039569094
4.19176,4.51112,1.076187568,558.895,0.5126,0.441630051,39.6377597,6.494435468,-4.863650702,-6.704525013
6.88405,13.38268,1.944012609,2599.37,0.74416,0.925251063,40.83377728,5.773218403,-6.099868417,-4.703542042
3.78386,5.87604,1.552922148,1194.61,0.62304,0.59802463,23.09318653,5.904582169,-4.127793336,-4.568106492
7.05231,10.69503,1.516528627,1559.11,0.6553,0.671804214,19.74187197,2.639929671,-4.01989351,-4.307608648
3.64959,4.16883,1.142273516,199.881,0.54562,0.466449523,25.55265831,2.7555005,-4.212684508,-4.971944061
6.49977,8.08211,1.243445537,1022.26,0.60514,0.376576745,14.74108307,0.524795,-3.847577753,-3.865764808
3.95101,5.22384,1.32215307,532.984,0.47686,0.360152562,33.5500705,3.581470976,-4.68286282,-5.592405406
8.06587,8.3258,1.03222591,952.915,0.5303,0.4397436,18.18283226,2.151193228,-3.715201854,-3.929287591
3.95884,5.34498,1.350137919,586.029,0.48884,0.396033508,31.47901321,3.473519017,-5.087509289,-5.778550573
4.48097,5.33865,1.191404986,1010.19,0.56926,0.429636674,42.57422821,5.842147226,-5.244782953,-6.027759894
4.48289,5.30607,1.18362708,1009.61,0.56666,0.418474127,34.38349728,5.325908749,-4.827931319,-5.537497162
4.52403,5.30653,1.172965254,971.658,0.56692,0.414073171,38.27150713,5.468787301,-5.047131278,-5.707191929
4.57646,5.32227,1.162966572,965.763,0.57162,0.41520727,37.73062811,5.369080669,-4.982129099,-5.682448542
4.55872,5.30179,1.162999702,939.764,0.5688,0.406436676,36.71860499,5.238754212,-5.018794428,-5.549978987
8.28295,10.33934,1.248267827,3457.73,0.78204,1.248009192,17.51982272,1.791196238,-3.913688052,-3.942470507
7.75871,10.01013,1.290179682,3208.81,0.76924,1.145477965,16.95986014,1.899968374,-3.804241596,-3.869874754
4.32637,5.3293,1.231817898,400.24,0.4537,0.340758878,27.09544843,1.993846963,-4.937584814,-5.316319654
4.41255,5.28683,1.198134865,416.394,0.45598,0.335976068,27.51050673,2.150229594,-4.864661982,-5.402081595
11.06843,16.90888,1.527667429,4987.42,0.86814,2.398627366,9.886860797,0.761796667,-3.585017372,-3.612388291
3.89595,5.1171,1.313440881,651.502,0.53102,0.482057427,27.29067706,3.907480699,-4.527193912,-5.976159648
3.95776,5.19184,1.311812743,685.492,0.53212,0.489571354,26.6885694,3.894885687,-4.451875405,-5.860768294
6.73421,7.4185,1.101613998,882.806,0.51014,0.449134113,19.66810135,3.350821576,-3.597431796,-4.334969864
4.11889,5.43641,1.319872587,1055.38,0.51632,0.468517191,24.33394958,4.163654439,-4.597055309,-5.087583949
4.73515,6.86808,1.450446132,1109.09,0.57404,0.456025231,35.89621575,5.847566625,-5.058400673,-5.13506012
4.77027,6.82109,1.429916965,1103.25,0.57436,0.459782261,30.32514128,5.629579617,-4.648477582,-5.075719868
6.84646,12.82981,1.87393339,2426.47,0.71776,0.898257698,22.92780353,2.484998477,-4.379712083,-3.997207112
6.57481,11.59694,1.763844126,2074.45,0.68832,0.794466253,28.4584771,8.098862504,-4.594260572,-4.455843685
5.58584,7.07783,1.267102173,2925.33,0.7039,0.899018475,20.1234221,5.709798311,-4.040286957,-4.119385318
3.9573,5.81598,1.469683875,1683.97,0.63652,0.65633813,25.46088983,7.427045544,-4.314404202,-4.695599709
4.28704,4.9863,1.163110211,759.342,0.54882,0.548973164,25.67785005,3.90886239,-4.413529934,-4.890367964
3.8062,4.97187,1.306255583,833.619,0.56414,0.591974027,27.13831104,6.668070455,-4.330180516,-4.905189915
5.88445,9.14666,1.554378064,1441.13,0.58864,0.634728938,20.48358213,6.070736033,-3.654175198,-4.288415951
7.96955,9.30653,1.16776104,3725.15,0.75678,1.183539483,17.82734714,2.91820869,-3.944688157,-3.923076857
4.17837,8.81434,2.10951639,1700.55,0.7024,0.607591433,24.54501269,5.080151161,-4.3040288,-4.68344287
4.17886,8.8325,2.113614718,1746.77,0.70274,0.618184697,26.85333625,6.282886873,-4.339734645,-4.831604698
6.7436,16.39277,2.430863337,2266.17,0.73098,0.935599312,18.80984473,3.112614608,-4.254178515,-4.231900637
6.72913,9.10665,1.353317591,3267.6,0.72394,1.149844822,17.78997957,2.374035142,-3.994759537,-4.029156846
4.0904,4.87799,1.192545961,607.065,0.51416,0.429709243,29.13963878,3.957923321,-5.126329447,-6.596901008
4.91539,5.9099,1.202325756,778.768,0.52664,0.408590137,24.6810887,3.509913979,-3.870379251,-4.478668088
4.53903,7.47107,1.645961802,1136.56,0.58078,0.530552587,23.40372752,3.506944833,-4.2574313,-4.526811273
3.81576,4.39347,1.151401032,284.731,0.42546,0.240477496,28.87045131,1.581799223,-3.778494519,-4.763440339
4.01306,9.64217,2.402697692,1518.61,0.60408,0.627294931,19.64954358,4.061973331,-4.169908183,-4.407418359
6.60227,9.41161,1.425511226,3568.49,0.74736,1.100719615,17.73531625,3.364596901,-3.801672713,-3.874753144
4.54083,6.0596,1.334469689,1007.99,0.57734,0.498467489,36.75509949,6.789858688,-5.183769808,-5.921138423
4.62522,6.19749,1.3399341,1077.49,0.585,0.517657886,36.96357369,6.991427854,-5.278974489,-5.723772614
3.75238,4.77881,1.273541059,256.281,0.42338,0.295279078,36.40231059,2.593890659,-5.156954801,-5.864986754
4.0026,5.10912,1.276450307,898.115,0.56728,0.526341183,26.26663297,4.320651488,-4.521296582,-4.84144706
4.03954,6.93984,1.71797779,1902.96,0.6427,0.74357055,23.93964577,7.582505299,-4.270242757,-4.497427378
4.16129,6.81689,1.638167491,858.215,0.54328,0.404732106,28.01087785,4.111604725,-4.994349932,-5.432940935
5.11086,7.30118,1.428561925,725.718,0.61272,0.586576295,19.92657271,4.645305811,-4.083707585,-4.564679359
6.83417,7.97254,1.166570337,870.173,0.54492,0.485499693,36.54055553,2.889969679,-4.640006257,-4.842652198
6.01065,7.7256,1.28531856,1350.37,0.59506,0.573131971,19.10558825,2.4172299,-4.351038697,-4.542673822
4.22172,5.40132,1.279412183,710.914,0.5336,0.349452507,26.67262211,3.730128744,-3.910081246,-5.324914367
5.4291,5.81277,1.070669172,1258.22,0.58546,0.536887764,19.62937991,2.991342564,-3.423473631,-4.164364762
4.23405,6.48565,1.531783989,1081.65,0.56556,0.467950256,28.89659835,4.679723648,-4.425449501,-4.859733734
4.91611,6.99233,1.42232985,1727.16,0.61002,0.692571,29.81779431,5.757029027,-4.997558872,-4.548485459
10.68501,11.21967,1.050038325,2579.13,0.77842,0.808520406,15.39100817,1.190795866,-3.774198279,-3.80571421
3.97231,6.12654,1.542311652,1214.84,0.5539,0.511974415,23.34820274,4.31766488,-4.287216953,-4.609518524
5.54572,6.25511,1.127916664,2625.19,0.70148,0.764760906,15.83582383,4.827799653,-3.525598209,-3.896425411
6.59647,8.11138,1.229654649,3012.51,0.6908,0.941290609,17.04826516,3.956867266,-3.868273931,-4.003989855
5.26139,8.12213,1.543723237,541.231,0.5283,0.259096326,16.68566248,0.467546494,-3.722330238,-3.7251211
6.8566,12.38418,1.806169238,2122.63,0.72552,0.803296803,18.54686734,2.261115346,-3.957574283,-4.00090066
