PLD,LCD,ASA,Porosity,Density,Pore volume,Qst CO2,log_P_0(CO2),log_P(CO2)
4.3226,11.39486,1334.33,0.66554,0.949126,0.701213538,22.93641742,-9.658912059,4.744612662
4.5108,11.27344,1339.03,0.6655,0.979267,0.679589938,22.58132419,-9.711505943,4.872912768
7.83744,9.47418,3724.87,0.73276,0.597233,1.226924835,15.2352806,-8.304319372,5.911102847
13.71867,18.8079,2380.22,0.75256,0.674371,1.115943598,27.77139882,-8.880081908,5.477773826
3.9715,4.73097,316.992,0.47138,1.90641,0.247260558,43.43946923,-8.180451966,3.939682709
3.92183,4.69665,272.424,0.46724,1.96962,0.237223424,32.93899189,-8.539301914,4.387129817
3.82431,4.33176,290.352,0.44506,1.34661,0.330504006,28.27665773,-8.065701323,4.61221798
4.03039,5.07969,988.368,0.61912,1.15833,0.534493624,23.32442884,-7.871286379,5.889711964
8.27985,8.50423,977.119,0.58898,1.12072,0.525537155,20.03166121,-8.608002841,5.792301046
5.74044,6.1865,660.873,0.48676,1.30148,0.374004979,20.93799147,-8.61784412,5.077842127
6.10482,6.86398,840.2,0.51508,1.21871,0.422643615,20.7906238,-8.558230178,5.481164384
4.17956,5.49574,753.406,0.53518,1.31333,0.407498496,21.51779445,-9.131700686,5.016098694
3.73403,5.10081,365.94,0.46902,1.73515,0.270305161,21.5778089,-9.470408511,4.467506724
7.03071,8.25776,1635.07,0.64752,1.10094,0.588151943,17.56302954,-8.491320491,5.891617869
3.78801,6.08481,934.503,0.53896,1.13147,0.476336094,25.20184847,-8.076621942,5.022423284
4.65537,7.1439,1317.57,0.60312,1.14924,0.524798998,22.24444074,-8.418139138,5.667826072
3.89327,5.20085,919.536,0.5576,1.15458,0.48294618,25.63762316,-8.120954273,5.172194497
3.94888,5.20115,859.911,0.55324,1.25952,0.439246697,25.70976237,-8.024280577,5.281541229
5.53552,8.42183,2318.74,0.68256,0.863411,0.790538921,17.76456526,-8.404874473,5.879436287
4.98474,7.43431,1258.54,0.5899,1.08434,0.544017559,20.95922899,-8.52908986,5.534721807
10.4443,11.38761,982.267,0.57586,1.02785,0.560256847,29.34170707,-8.864976716,5.277536067
5.80535,7.28268,601.112,0.50044,1.16215,0.430615669,20.81429761,-8.959631944,5.249956829
4.59021,6.64699,929.278,0.5298,1.10689,0.478638347,25.10362763,-7.757468905,5.325779194
5.43889,6.29847,664.428,0.50736,1.11326,0.455742594,27.64855422,-9.046211467,4.748927363
6.88163,13.37732,2601.94,0.74408,0.804279,0.925151595,42.02649469,-8.921191626,5.441782234
5.0609,12.13124,2130.9,0.69536,0.908718,0.765209889,19.94427029,-8.577044836,5.71751966
8.11021,14.70209,3347.01,0.81698,0.628556,1.299772813,10.07865906,-9.018317001,5.254576701
15.85622,20.5205,4866.62,0.89086,0.295002,3.019843933,8.929412146,-8.539531488,5.368680012
10.92309,21.62414,4183.97,0.85002,0.435607,1.951346053,17.16940309,-8.574039645,5.575756758
6.60024,18.23438,3371.44,0.76974,0.629251,1.223263849,16.88711633,-8.38051247,5.843453303
6.71346,18.07263,3391.08,0.77286,0.63164,1.223576721,16.38352944,-8.495336109,5.794170352
13.33904,27.33782,6255.09,0.89344,0.238777,3.741733919,8.929177775,-8.417303963,5.433359392
12.17426,24.55082,4551.51,0.87,0.377577,2.304165773,14.60029204,-8.544214968,5.577347138
9.07611,10.5421,3367.6,0.73488,0.632077,1.162643159,18.88460643,-8.487823112,5.682377977
8.80719,10.21446,3268.72,0.72402,0.655338,1.104803933,19.96851466,-8.50466983,5.662161627
8.70819,10.15021,3321.14,0.72628,0.656268,1.106682026,19.98926766,-8.415059041,5.714596573
4.10445,5.76724,869.785,0.50398,1.26343,0.398898237,26.55732116,-7.609822414,5.669427833
5.00855,5.72682,774.948,0.49644,1.28062,0.387655979,23.44267981,-8.426820445,5.051444467
3.91364,4.43355,405.691,0.48232,1.23763,0.389712596,33.21101183,-6.743728283,5.034988843
3.76596,5.54673,215.634,0.46628,1.63796,0.284671176,28.61836196,-8.678618812,4.807004179
3.76943,5.50949,213.902,0.46626,1.63796,0.284658966,28.15597983,-8.71286777,4.905713737
3.85295,5.48974,203.839,0.44944,1.71617,0.261885478,30.13824304,-8.305394955,5.319405981
3.86825,5.46006,183.716,0.45158,1.70055,0.265549381,29.17280454,-8.406795822,5.407017672
3.85093,5.42762,187.69,0.45174,1.70055,0.265643468,29.2269261,-8.235742429,5.345761001
3.82956,5.38842,185.373,0.45112,1.74701,0.258224051,30.23106025,-8.064148248,5.366371592
4.9065,10.017,1816.8,0.67828,1.03876,0.65297085,21.061931,-8.609465994,5.720756764
5.30365,5.97541,753.379,0.53846,1.21661,0.442590477,23.28649283,-7.425729256,5.701473451
5.31331,5.9443,687.652,0.52528,1.28796,0.407838753,23.75503521,-7.259142593,5.612203269
5.29096,5.93338,677.01,0.52144,1.31573,0.396312313,23.98176548,-7.234428509,5.675014224
17.12424,25.68553,3165.13,0.84016,0.402567,2.087006635,10.7368373,-8.474701082,5.594094629
5.37167,7.3314,1146.88,0.55594,1.01683,0.546738393,23.47724891,-8.553702538,5.509248074
5.08524,7.14066,876.407,0.5421,1.32285,0.409797029,22.75035434,-8.576786133,5.522744989
4.52097,6.3306,965.88,0.55848,1.12223,0.497651996,22.71075062,-9.411950568,4.826743807
4.7481,6.43864,1003.43,0.5662,1.12574,0.502958054,22.98601793,-9.322518765,4.977020054
6.81408,8.80212,1422.51,0.62122,1.05969,0.586228048,36.12068606,-8.576510967,5.39692825
6.54754,8.32882,1419.5,0.61562,1.04077,0.591504367,43.61574576,-8.369302204,5.339784102
6.74118,8.79334,1353.64,0.61642,1.0948,0.563043478,27.41935533,-8.688115304,5.431791383
5.81418,5.92566,308.504,0.4119,1.68224,0.244852102,19.72032581,-7.997003203,5.710268671
8.61929,9.08566,2493.39,0.71372,0.761887,0.936779339,22.71419378,-8.464983338,5.659669472
4.95529,7.35231,1409.83,0.58552,0.959143,0.610461631,20.93280283,-8.496471398,5.558741712
4.7743,5.96671,1528.32,0.58902,0.9597,0.613754298,28.92961221,-8.413050151,5.640550903
4.58891,5.43312,1352.46,0.62754,1.38641,0.452636666,42.60934596,-7.48684496,4.354704681
6.25183,6.77693,648.222,0.51648,1.77195,0.291475493,44.79933567,-8.541013738,4.677092619
6.85619,10.92956,2101.19,0.68816,0.99837,0.689283532,16.77690101,-8.433765858,5.925812755
8.71559,12.6138,3274.82,0.75884,0.583675,1.30010708,18.75760397,-8.626315118,5.546842127
4.90729,5.63222,794.401,0.55474,1.43768,0.385857771,20.44077693,-8.140330314,5.82472744
5.90611,6.16099,1902.44,0.66248,1.08253,0.611973802,15.34980479,-8.263741523,6.050022258
8.64841,12.48057,3204.15,0.7613,0.64221,1.185437785,21.53530974,-8.633560245,5.69359388
8.32661,13.59793,2502.53,0.73366,0.746106,0.983318724,28.38406213,-8.800289912,5.657640216
4.54136,8.31511,870.726,0.62074,1.19036,0.521472496,30.25631709,-8.607524027,5.592039501
4.11181,6.0722,1071.12,0.59632,1.16455,0.512060453,22.54943818,-9.167292703,4.943956173
3.90831,4.44036,156.183,0.40324,2.24993,0.179223354,28.54793816,-8.402936575,5.033967769
4.32303,5.2765,619.682,0.51092,1.36723,0.373689869,25.81413512,-8.509091562,5.196163605
4.89301,7.12611,357.969,0.42696,1.98392,0.215210291,21.81823316,-8.638361416,5.498859747
4.85632,5.15455,288.927,0.42748,1.95651,0.218491089,23.18301798,-8.430258271,5.404062448
9.1997,9.48255,928.923,0.5582,1.14308,0.488329776,16.69000742,-8.175555942,6.169618482
5.31262,5.94406,1651.78,0.585,0.925851,0.631851129,22.72358231,-7.638220332,6.002199299
3.80044,4.84557,634.174,0.49344,1.15061,0.428850783,26.97146381,-8.227801622,4.796900112
4.38484,5.04792,636.56,0.50342,1.30477,0.385830453,25.1285288,-8.080763595,5.155635546
14.56862,19.86541,5239.13,0.8979,0.274675,3.268954219,17.1114033,-8.39731021,5.537378178
7.13825,18.06508,3583.27,0.78558,0.600782,1.307595767,17.39710845,-8.371313764,5.849107157
5.01976,7.8603,1901.19,0.63848,0.979833,0.651621246,35.62246685,-8.043575212,5.714623845
13.37911,18.75501,3444.39,0.83558,0.425946,1.961704066,10.31615345,-8.715124271,5.402177882
3.73291,6.8318,952.744,0.53344,1.05182,0.50715902,23.8282627,-8.654811669,5.35126476
3.71719,6.8305,939.238,0.53354,1.05415,0.506132903,23.96932654,-8.713044875,5.35342713
6.0951,6.93247,581.981,0.45062,1.45916,0.308821514,21.51816943,-7.623940729,5.978426772
9.17864,11.03089,1154.62,0.60242,1.00746,0.597959224,26.45376394,-7.664517814,5.930767366
11.07263,11.39418,1175.97,0.6096,0.982365,0.620543281,26.6155324,-7.55580984,5.941914149
9.50667,11.07211,1172.55,0.60696,0.988926,0.613756742,26.62702444,-7.486695351,5.894111969
10.87494,11.21563,1159.15,0.60852,0.985981,0.617172136,27.18553062,-7.472255093,5.916265188
4.48972,4.82905,521.72,0.46842,1.16972,0.40045481,27.03831967,-8.000566553,3.876648332
3.78436,4.74814,286.858,0.4586,1.30283,0.352002947,30.7436706,-8.258473148,4.202818081
8.78636,9.98598,3028.97,0.7058,0.771567,0.914761777,18.15251628,-8.219813016,5.937162065
6.10595,6.92762,1008.65,0.59186,1.43826,0.411511132,30.48220371,-8.143159636,4.965484972
4.44244,5.09322,299.59,0.40752,1.49981,0.271714417,24.47944288,-8.979606563,4.73229001
4.98752,7.28969,2849.13,0.69504,0.833729,0.833652182,19.33620764,-8.236434283,5.936498479
5.88473,7.80429,2759.46,0.70156,0.800823,0.876048765,17.9532225,-8.328525365,5.947214352
7.08849,11.39005,4048.27,0.7795,0.58467,1.333230711,15.75840205,-8.398511995,5.843010189
7.02092,8.26528,3489.57,0.744,0.68036,1.093538715,16.27944456,-8.064751673,6.107813873
4.07573,5.65344,1053.2,0.62164,1.00727,0.617153296,23.8374881,-8.065968939,5.715872963
11.06312,12.00094,993.47,0.5942,0.965457,0.615459829,29.86738053,-8.99245888,5.219388124
4.06272,5.40727,791.432,0.50734,1.31041,0.38716127,25.09082261,-7.657771355,5.552662979
3.80274,4.93858,458.737,0.48374,1.49581,0.323396688,26.36775625,-8.787740829,4.783696027
5.37606,5.6853,1420.93,0.60772,1.07587,0.564863785,18.07880448,-8.251176303,5.757017355
5.13016,6.30636,1365.99,0.6208,1.10057,0.564071345,18.06682129,-8.22627681,5.684305922
6.30843,7.60741,2136.04,0.66196,0.861714,0.76818991,17.60616376,-8.228818326,5.953395932
9.80847,15.56875,1591.32,0.71824,0.777237,0.924093938,20.8331126,-8.684511623,5.781055922
5.59471,9.38154,1604.12,0.68288,1.04219,0.65523561,22.88351681,-8.580242004,5.685719481
10.59979,11.41407,1224.38,0.64844,1.19971,0.540497287,25.46994035,-8.302969554,5.685787966
10.7235,11.51533,1224.91,0.65144,1.1988,0.543410077,25.75933592,-8.412995142,5.546710754
5.62446,9.38408,1646.23,0.68264,1.03958,0.656649801,22.73818466,-8.599542049,5.709599835
10.54479,11.3608,1223.85,0.64786,1.19943,0.5401399,24.97272705,-8.095355978,5.957309391
5.3868,5.98273,1847.56,0.6472,1.18176,0.547657731,18.33318363,-8.194401086,6.055256445
4.26368,5.82193,729.385,0.50118,1.16598,0.429835846,28.57724398,-6.893562112,5.686024977
4.05664,5.44423,634.137,0.49082,1.19946,0.409200807,29.97785097,-6.757065637,5.511782169
4.25745,5.78749,712.146,0.50502,1.1858,0.425889695,28.61331294,-6.951517953,5.722582288
4.30595,6.18036,1065.24,0.58002,1.16997,0.495756301,24.9506172,-8.174613443,4.825004563
5.15676,8.28593,2399.39,0.68804,0.856166,0.803629203,20.17962274,-8.552093732,5.779187363
5.0837,6.42024,468.517,0.45748,1.7783,0.257256931,21.70002745,-8.071968226,5.56036271
4.61254,5.76705,732.709,0.51364,1.521,0.337698882,21.73774584,-8.530062897,5.476641852
3.6686,4.13262,208.084,0.50456,1.75655,0.287244883,27.94830975,-9.772300135,3.867547963
3.66327,4.14952,200.263,0.5075,1.74866,0.290222227,27.93456984,-9.484423278,4.05259082
7.73483,9.7655,2462.86,0.6857,0.727417,0.942650502,19.61480238,-8.57432867,5.70759065
4.32918,9.00116,2201.56,0.67476,0.897328,0.751965836,22.84900076,-8.335181691,5.899375811
5.9183,9.52144,2338.43,0.67852,0.828676,0.81880011,21.3072881,-8.717308092,5.582026275
4.73321,7.16113,802.611,0.52734,1.15085,0.458217839,25.58212455,-8.879089871,5.14638127
5.70377,6.40025,1486.93,0.63598,1.21508,0.523405866,18.08773694,-8.238252224,5.990330085
5.8507,10.41989,2819.8,0.72036,0.781859,0.921342595,19.22195903,-8.458438971,5.852981264
5.75428,10.54748,2566.31,0.70918,0.825883,0.858693059,20.38551552,-8.241235093,5.958937936
8.16815,10.52737,3199.82,0.73192,0.722386,1.01319793,21.69799952,-8.001856425,6.047870679
8.1108,10.25531,3116.86,0.72418,0.751133,0.964116874,25.35800555,-8.035905189,6.031349534
7.74023,10.53968,3229.25,0.74936,0.687634,1.089765777,23.13071794,-8.265245426,5.997640129
3.88543,4.88713,381.56,0.4621,1.64828,0.280352853,21.23021768,-8.865287008,5.277679783
3.95303,4.75824,381.422,0.4557,1.66268,0.274075589,21.40049403,-8.746566924,5.336053345
4.01813,5.12784,475.366,0.48134,1.59271,0.302214465,20.43594708,-8.837350119,5.25353839
4.03284,5.13844,481.538,0.48386,1.58929,0.304450415,20.38698476,-8.877412917,5.179624748
3.79229,4.92972,350.543,0.45268,1.6758,0.2701277,21.46817905,-8.867713448,5.172576194
3.97372,5.2478,473.694,0.47784,1.59515,0.299558035,20.03255027,-8.995320647,5.192745831
3.91943,4.9438,421.057,0.46968,1.60993,0.291739392,20.02432374,-9.002458354,5.176529135
4.08689,4.75983,427.97,0.50594,1.55048,0.326311852,26.06289622,-8.40061936,5.312380436
5.06381,7.08528,939.267,0.5264,1.11276,0.473057982,21.82952171,-7.56672151,5.855716097
13.69556,13.96867,1519.32,0.68178,0.861632,0.791265877,25.21239339,-7.286694185,6.081952534
7.69493,9.54888,1932.37,0.6774,0.866747,0.781542942,17.82928194,-8.757548316,5.569955001
7.73922,9.60606,1897.81,0.677,0.865497,0.782209528,17.4144678,-8.63690409,5.615921841
4.20115,4.7399,246.312,0.39348,1.75805,0.22381616,28.01941684,-7.342406699,5.475658235
7.17951,9.42302,4347,0.78436,0.556224,1.410151306,13.38736122,-8.276320023,5.953790368
4.68679,4.84155,444.782,0.46642,1.40449,0.332092076,31.19066357,-9.206881449,4.246224182
4.57423,4.8139,437.041,0.4677,1.40471,0.332951285,31.98055074,-8.900691296,4.197792281
4.26622,4.77305,588.744,0.4922,1.33788,0.367895476,33.50782427,-8.65132957,4.731826486
19.54,37.53,6207.17,0.93,0.16,5.8125,8.585340112,-8.171764457,5.4752893
3.64311,5.44587,266.702,0.5475,1.30707,0.418875806,28.06161081,-8.160697533,4.928224275
3.91316,4.51878,251.96,0.47356,1.20992,0.391397778,29.05815782,-8.133873056,4.620297457
4.98141,8.08398,1687.67,0.61126,0.915242,0.667867078,22.09599973,-8.534910875,5.678417127
4.88927,8.10638,1730.84,0.60644,0.902679,0.671822431,25.26988856,-8.518069206,5.687312247
4.97897,7.89565,1727.98,0.60914,0.907269,0.671399552,21.34263351,-8.574241306,5.535727787
6.22752,7.54994,2625.77,0.71052,0.801255,0.886758897,15.40761564,-8.086704778,6.112008509
6.80894,7.00959,793.947,0.59612,1.69759,0.35115664,18.15924061,-8.226972152,5.987667238
4.28231,5.87217,2218.57,0.65652,0.954537,0.687788949,21.47205751,-7.677019536,6.086270909
4.06042,6.33732,1600.82,0.62358,1.18458,0.526414425,23.4730537,-8.095476901,5.999683223
6.45442,6.88379,867.384,0.5708,1.62124,0.352076189,30.36410496,-7.573308021,5.578863015
10.76844,25.42698,2429.07,0.83658,0.654082,1.279013946,15.26040761,-8.67038181,5.581174816
5.68454,5.83174,345.079,0.41258,1.51867,0.271671923,21.65227565,-7.916781454,5.399553091
4.38571,5.73292,719.362,0.52164,1.22616,0.425425719,25.35817338,-8.008451892,5.092704619
5.25081,7.26399,1762.91,0.59932,0.96381,0.621823803,24.07474846,-8.124637348,5.874128145
5.5873,6.57451,1582.38,0.60734,0.939158,0.646685648,21.26296375,-8.258264847,5.326386176
6.93274,11.69294,2124.14,0.69224,0.710904,0.973746104,27.54942519,-8.803384635,5.44567162
7.39815,11.84006,2048.29,0.70204,0.73653,0.953172308,27.59237097,-8.803891198,5.339529579
7.36492,11.84801,2067.8,0.70488,0.733043,0.961580699,27.7198329,-8.741571747,5.410067306
6.70311,11.79938,2122.86,0.70388,0.734288,0.958588456,26.19382886,-8.908789397,5.38507978
7.13512,11.94166,2232.87,0.71434,0.709142,1.007329985,25.20752809,-8.838940072,5.380283663
6.91892,12.04076,2134.58,0.70596,0.729779,0.967361352,27.08522406,-8.856586469,5.397678014
4.52481,10.64181,2211.32,0.67086,0.89363,0.750713382,20.97199709,-8.198435033,5.867066028
7.28684,8.54501,1113.55,0.59522,0.99094,0.600661998,21.50914601,-8.625820066,5.628567016
4.40002,8.03493,573.552,0.48206,1.14872,0.419649697,37.28972208,-8.215171839,5.535118945
4.27216,9.42427,1474.96,0.61826,0.982453,0.629302369,25.23771253,-8.73354529,5.555123147
4.5072,7.01648,804.887,0.5435,1.06034,0.512571439,19.96102384,-8.625987418,5.515701644
10.50387,10.88001,981.784,0.59548,1.19375,0.498831414,23.49976008,-7.35791641,6.057207534
5.9875,6.82031,825.578,0.5077,1.17466,0.432210171,19.85870558,-8.041373224,5.567931116
6.12106,6.83308,793.258,0.50646,1.18929,0.425850718,20.61262471,-7.980443606,5.512700047
8.80996,17.2872,4741.45,0.84252,0.383391,2.197547673,12.24127284,-8.509722535,5.563750078
5.62993,8.06476,2869.72,0.70336,0.749362,0.938611779,37.34792273,-8.304510752,5.5197346
8.65235,9.6188,2701.78,0.67854,0.750661,0.903923342,20.40933331,-8.268069545,5.915713313
3.94175,6.41608,692.797,0.58084,1.68088,0.345557089,20.45371555,-8.79554157,5.419552132
4.3641,6.81111,1052.63,0.61502,1.50078,0.409800237,18.3831581,-8.655093046,5.700401279
4.2994,7.85983,896.656,0.6021,1.05112,0.572817566,21.2643136,-8.834400904,5.431383532
7.33698,11.74827,1972.76,0.71176,0.9638,0.738493463,15.22403224,-8.634962905,5.779492652
11.51164,12.50781,1917.32,0.73012,0.899872,0.811359838,21.89859831,-8.782662354,5.615532384
11.17828,12.20276,1798.43,0.71436,0.934439,0.764480078,21.75890632,-8.75824416,5.654700479
6.87343,12.16451,2800.76,0.71512,0.774775,0.923003453,18.96250524,-8.39322332,5.900209576
5.4451,6.31092,645.76,0.49582,1.11362,0.445232665,25.86693379,-8.9709626,4.964359081
4.93668,5.48228,785.597,0.53086,1.18498,0.447990683,29.14560644,-7.39832267,5.25467191
4.89759,5.65614,913.914,0.55704,1.11309,0.500444708,28.44953392,-7.290863718,5.376947248
4.51467,5.44142,500.175,0.5001,1.81828,0.275040148,43.97333561,-7.293224435,4.942149683
4.88169,5.99991,1468.41,0.61502,1.10463,0.556765614,20.46474644,-8.624589999,5.689746706
4.20229,5.16583,602.813,0.51252,1.16624,0.439463575,28.2198386,-8.49404168,4.182332083
5.24025,7.13491,1971.32,0.64884,0.961266,0.674984864,22.87648306,-8.739866909,5.552937654
6.30914,7.54763,1344.47,0.61346,1.01674,0.603359758,18.01816608,-8.215117329,6.045349558
5.41267,6.44764,2206.57,0.63174,0.918977,0.687438315,23.68457453,-8.182131323,5.882285603
5.21845,6.19215,1780.51,0.62202,0.959339,0.648383939,21.11894335,-7.886180068,5.904530353
5.72948,7.70901,1552.97,0.59466,1.0049,0.591760374,24.97359231,-8.359714933,5.830489133
6.19226,7.11646,1324.79,0.57908,1.03097,0.561684627,19.57000374,-7.747127417,6.075531812
5.75134,6.79615,1173.51,0.5675,1.10764,0.512350583,20.38100008,-8.43957721,5.897720912
5.81846,6.76349,1181.72,0.56678,1.11335,0.509076211,21.14503592,-8.450836149,5.871167849
9.30306,11.01739,1290,0.65364,1.02953,0.63489165,20.31605776,-9.302014714,5.002785036
8.81485,9.37681,1034.7,0.62004,1.01975,0.60803138,14.40003859,-8.989218043,5.470145838
11.54677,12.36039,1097.12,0.6806,1.38142,0.492681444,16.18584487,-8.399808654,6.189001744
5.30289,5.4946,1395.72,0.6127,0.925783,0.661818158,23.90859903,-8.006036163,5.15216278
4.59142,5.47244,1247.91,0.55474,1.03022,0.538467512,23.25499855,-8.185535964,5.495866348
9.13066,13.54985,3063.99,0.77418,0.629882,1.229087353,15.29303207,-8.794592991,5.489337403
5.06628,5.31376,500.296,0.43594,1.49933,0.290756538,30.00262048,-7.842661152,4.321517486
8.54605,20.14565,5410.53,0.8642,0.342062,2.526442575,10.65147772,-8.488020072,5.485606538
7.46421,8.75902,2449.21,0.68932,0.770453,0.89469442,25.410097,-8.182866565,5.719428264
4.41775,4.76295,485.717,0.47632,1.31454,0.362347285,33.76697388,-5.71873172,5.925429596
31.49051,33.05863,2906.63,0.83208,0.462445,1.799305863,22.27917906,-8.436363354,5.619612909
4.56338,5.47883,348.291,0.45418,2.08888,0.217427521,25.44751687,-8.961108326,4.473458319
4.1969,5.64744,1024.7,0.56064,1.08566,0.516404768,23.68095481,-8.441663177,5.229889486
10.45745,10.54661,1438.1,0.66182,0.882268,0.75013488,15.88927139,-8.590046208,5.736501412
10.23297,10.35764,1390.52,0.65554,0.893987,0.733276882,15.87578807,-8.649172666,5.781069695
10.09526,10.20776,1062.17,0.6163,1.01266,0.608595185,16.45658304,-8.820852682,5.67401717
9.95473,10.07029,1045.07,0.61098,1.02149,0.598126267,16.29612818,-8.815250431,5.667888089
10.19883,10.32219,1419.53,0.65654,0.893387,0.734888688,15.85505171,-8.684311823,5.696437243
10.23127,10.36311,1409.99,0.6572,0.890303,0.738175655,15.42929318,-8.658965866,5.728214453
10.2098,10.32563,921.145,0.6122,1.16569,0.52518251,14.94057429,-8.662957905,5.810335886
9.78954,9.9082,1055.67,0.6064,1.03173,0.587750671,16.34898464,-8.842210482,5.64243152
9.63706,9.77409,1141.74,0.59722,0.990438,0.60298575,18.81529856,-8.451226406,5.924210646
9.89092,10.03622,1208.74,0.6104,0.960732,0.63534888,18.54421091,-8.438615754,5.944783289
5.16047,6.75364,2935.51,0.6548,0.798706,0.819826069,21.35439508,-7.883600042,6.000653573
5.02845,6.64209,2823.58,0.65108,0.808218,0.805574734,21.58590158,-7.798017274,5.983349617
5.44633,7.19383,3056.13,0.67,0.766283,0.874350599,20.58869925,-7.956683039,6.063837934
5.16957,6.75186,2939.45,0.65506,0.798706,0.820151595,21.36292229,-7.84866259,6.0105868
6.03558,10.21454,2563.33,0.68238,0.764371,0.892734026,17.204075,-8.473271662,5.82441934
5.96794,8.00306,3061.76,0.68974,0.730038,0.944800134,16.88037782,-8.192244017,6.0030676
7.20236,7.55271,545.57,0.44976,1.44288,0.311709914,19.98689947,-8.539753689,5.43242851
10.44621,10.53908,645.574,0.5418,1.07568,0.503681392,16.95875045,-8.920184573,5.675648718
4.09504,5.33845,174.546,0.60088,1.50799,0.398464181,27.84865315,-8.732743949,5.199682176
9.65919,15.53135,1705.48,0.73432,0.735216,0.998781311,19.62307026,-8.947247203,5.467783562
4.72091,7.75357,1299.21,0.55784,1.06732,0.522654874,29.42225967,-8.65829022,5.334460399
8.62307,10.48182,1495.06,0.61722,0.830424,0.743258865,16.71612742,-9.084073406,5.270684568
8.19038,10.02152,1497.27,0.60982,0.84668,0.7202485,18.05290058,-9.03783373,5.264067745
8.28637,10.23635,3308.72,0.7734,0.717556,1.077825285,9.982860032,-8.966669227,5.374301252
7.89385,9.01955,3220.74,0.77522,0.713962,1.085800085,8.4121071,-8.928299107,5.363768979
5.82599,6.17717,4176.69,0.70416,0.749009,0.940122215,23.98095246,-7.615432589,6.101088987
6.15688,9.97626,2854.51,0.73308,0.782835,0.936442545,18.52344081,-8.381122571,5.9756764
4.74798,5.61731,1045.48,0.54568,1.17978,0.462526912,19.98982231,-8.975904029,5.322012342
5.12647,14.73899,2592.56,0.71414,0.739806,0.965307121,15.52206585,-8.632010094,5.671541176
9.90606,13.79678,3776.02,0.8154,0.543859,1.49928566,14.86298026,-8.408239771,5.763056136
10.18096,11.98539,4102.78,0.77866,0.581652,1.338704242,17.57559555,-8.255069078,5.91862812
20.98793,21.72315,4580.18,0.89992,0.308304,2.918937153,27.89090754,-8.21726394,5.34488159
10.23686,21.31368,3650.11,0.78646,0.503862,1.560863887,18.15200924,-8.591658722,5.61181419
10.09364,21.10286,3623.14,0.78424,0.511736,1.53250895,18.10099133,-8.710834388,5.509722559
9.52705,21.88013,3907.44,0.79112,0.471575,1.677612257,17.15363076,-8.500432309,5.641014773
5.75458,7.36646,1405.71,0.59344,1.07595,0.551549793,17.76975221,-8.758859132,5.610513909
16.92881,18.61448,4498.68,0.83828,0.43749,1.916112368,13.10115678,-8.521853467,5.635951277
4.6855,5.54904,344.133,0.4217,1.2621,0.334125664,26.71909149,-8.378649689,5.305676303
4.86094,6.48832,816.468,0.51428,1.33798,0.384370469,25.02594836,-8.196368243,5.345667458
4.74657,6.37536,775.425,0.5131,1.3786,0.372189177,32.58357918,-8.044882792,5.013969614
7.50799,8.31867,1042.15,0.5793,1.3283,0.436121358,47.2973392,-9.241124677,5.31627498
6.38588,6.55466,655.426,0.53696,1.38595,0.387431004,18.82127136,-8.513981314,5.544707445
5.70379,7.95789,1708.74,0.61892,1.02105,0.606160325,22.75657565,-8.19069307,5.908296675
7.16704,7.9618,973.163,0.56886,1.42154,0.400171645,39.12684307,-9.042474109,5.198934759
6.80286,8.39634,1923.66,0.64358,0.891254,0.722106156,26.55270999,-8.537860345,5.704329817
6.8904,8.30709,1894.26,0.64216,0.897695,0.715343184,26.73223572,-8.534442438,5.712671845
6.3971,8.11197,2096.97,0.65336,0.849879,0.76876826,23.87515362,-8.403713825,5.719881118
6.47185,8.33004,2086.19,0.65498,0.855248,0.765836342,23.79587319,-8.383087947,5.757351275
6.36998,8.09188,2057.4,0.65232,0.865187,0.753964172,24.11457799,-8.369357873,5.756075917
6.66,13.15,2177.31,0.72,0.89,0.808988764,24.28708292,-8.643018714,5.86517997
4.49353,7.07757,989.762,0.54344,1.32957,0.408733651,20.24206966,-8.762887858,5.506648609
5.10301,7.91374,1994.19,0.64696,0.900168,0.718710285,21.9676788,-8.497144935,5.733206381
4.28567,5.96735,1013,0.53236,1.1236,0.473798505,24.49118347,-8.226408921,5.278312
5.02673,6.20221,2051.65,0.63816,0.856325,0.745231075,23.7041305,-7.739293509,5.883974403
5.27399,6.55516,1959.6,0.6337,0.85763,0.738896727,23.9392286,-7.800184594,5.882930387
5.24121,6.90751,1037.8,0.57342,1.23618,0.463864486,24.54600089,-8.190010543,5.751678052
4.21234,5.96594,260.353,0.4552,1.37246,0.331667225,28.81152386,-8.863924749,4.743080712
4.22597,5.76843,735.503,0.531,1.21128,0.438379235,27.68216021,-7.210101186,5.174929612
4.61744,7.01096,1015.75,0.59098,1.0069,0.586930182,22.58945435,-8.553160451,5.48371043
9.99848,15.52711,1685.96,0.74322,0.770284,0.964864907,21.31840866,-8.580212013,5.762769154
7.81351,8.36121,1307.06,0.60632,0.894084,0.678146572,23.40443205,-8.478308172,5.736734926
10.42327,18.0621,1641.12,0.6993,0.790526,0.884600886,38.7655857,-8.808011098,5.096137772
3.85775,4.39053,173.544,0.50834,1.58321,0.321081853,24.16304497,-9.263944365,4.616755625
6.12785,12.37213,3656.28,0.76108,0.613909,1.239727712,22.89793932,-8.312346401,5.878072654
4.59373,4.92609,329.359,0.42358,1.2701,0.333501299,26.73231937,-7.559170045,4.950590637
6.48081,9.47252,1271.45,0.58954,1.142,0.516234676,19.99423076,-8.835885203,5.653041716
4.75385,5.87158,1483.35,0.59392,1.05542,0.562733319,21.55687201,-8.377965804,5.615566872
4.04185,5.27797,1042.87,0.59626,1.27879,0.466268895,21.63363688,-8.633378787,5.578643351
4.1432,4.67913,546.6,0.5207,1.68326,0.309340209,40.30032781,-7.797315912,4.354749072
4.18275,4.72751,582.465,0.52418,1.638,0.32001221,36.80423425,-8.161104443,4.519942501
4.73838,5.90111,3224.14,0.7112,0.853512,0.833263036,16.18853328,-8.341988491,5.985399541
5.09371,10.84979,2242.39,0.73102,0.987627,0.740178225,12.85728303,-9.001596174,5.494689259
5.10475,10.83424,2220.75,0.7295,0.990811,0.736265544,12.86805175,-9.025076078,5.502286236
5.15775,10.83211,2228.38,0.73028,0.991313,0.736679535,12.8694037,-8.967480036,5.516340208
36.09316,38.39638,4256.39,0.86952,0.330751,2.628926292,14.86610653,-8.43093027,5.566867418
4.14527,5.03897,477.729,0.50692,1.26322,0.401291936,32.66799922,-8.700523985,3.904858878
4.62411,5.25312,469.405,0.43378,1.36621,0.317506093,24.07975861,-8.253218858,4.936879994
5.89987,7.33941,703.164,0.50038,1.15869,0.431849761,18.4713141,-8.515466627,5.670709731
5.43293,7.07895,551.249,0.45578,1.23597,0.368762996,21.19939575,-8.130138476,5.515562458
5.51917,6.9387,1279,0.56722,1.06823,0.530990517,23.58787704,-8.196339163,5.644182355
5.38791,7.02744,557.072,0.47072,1.22872,0.383097858,19.2764894,-8.392715305,5.556583277
5.70931,7.08217,593.246,0.4914,1.19421,0.411485417,21.55521685,-8.829320536,5.266052144
5.20998,6.82532,521.764,0.45816,1.26745,0.361481715,19.93148708,-8.410426173,5.468359032
5.43055,7.07901,578.494,0.47396,1.22579,0.386656768,19.13636808,-8.43104153,5.531485724
5.55881,7.01349,564.084,0.48404,1.21167,0.399481707,21.90694306,-8.828907241,5.203096968
8.55613,10.88811,2713.4,0.69748,0.702067,0.993466436,20.84427279,-8.193466424,5.74090421
8.62628,10.81747,2981.53,0.70756,0.682989,1.035975689,19.80347584,-8.1544435,5.802324676
5.51512,5.77667,548.02,0.464,1.43835,0.322591859,18.84872797,-8.378917187,5.648871791
5.83562,6.37209,886.13,0.51612,1.3312,0.387710337,18.44271454,-8.479291814,5.819353816
3.76343,5.10112,216.26,0.53602,1.37664,0.389368317,29.43929552,-8.50893358,4.331345442
31.81617,33.37685,2501.76,0.83682,0.55548,1.506480881,18.57158822,-8.712515922,5.536681207
3.77189,6.33537,1377.97,0.63538,1.09195,0.58187646,20.81778655,-8.455504252,5.640892034
3.8396,6.40626,1013.26,0.59228,1.22785,0.482371625,23.6567843,-8.391834677,5.491404576
3.96851,4.621,1398.72,0.56826,0.918673,0.618566127,24.59638726,-8.108743558,5.685923178
4.99124,7.04652,1034.51,0.53774,1.10591,0.486242099,23.13968953,-8.280023013,5.726747218
4.77124,5.17559,224.653,0.37694,1.89554,0.198856263,26.10772326,-8.006339502,4.901469198
5.95944,6.92785,1516.95,0.59038,0.95198,0.620160087,22.60498257,-8.44460613,5.45210165
4.08235,8.5781,1113.76,0.59616,1.22102,0.488247531,21.17603919,-9.426275171,5.136144321
7.22422,12.70758,2296.11,0.73656,0.840959,0.875857206,21.93981615,-8.639458977,5.656340984
4.48945,5.4044,686.609,0.52304,1.33709,0.391177856,26.22424121,-8.328750877,5.287864298
5.55178,6.21978,2629.43,0.7017,0.911359,0.769949054,15.66354374,-7.975148173,6.226354403
10.48758,11.72847,1451.86,0.65056,1.03086,0.631084725,18.91248389,-8.729305467,5.773283233
4.44258,5.67441,835.09,0.54036,1.13028,0.478076229,25.19257425,-7.237265738,5.336587219
8.33336,9.56221,2471.49,0.69308,0.705297,0.982678219,19.90580502,-8.598749547,5.662401928
7.41464,12.56279,2899.59,0.74308,0.699904,1.06168846,19.65957169,-8.620791864,5.659878638
6.18664,12.83222,2224.88,0.70894,0.918215,0.772084969,23.91160873,-8.524612393,5.901150176
4.31087,7.7671,1487.68,0.61816,1.11145,0.556174367,20.19677241,-8.280431498,5.812804518
9.88681,11.25321,2525.06,0.72208,0.655086,1.102267489,14.22677043,-8.581323201,5.673469754
5.05627,5.83331,121.541,0.36332,2.03698,0.178362085,22.63544928,-8.291387514,5.095899683
8.23046,13.93661,2673.77,0.75038,0.705662,1.063370282,26.38174199,-8.478357557,5.80039598
4.146,5.27667,728.873,0.52182,1.23845,0.421349267,31.32019916,-7.242936016,5.264861637
4.56478,7.19069,939.672,0.55654,1.30979,0.42490781,30.31877047,-7.853479629,5.12003996
4.43531,6.98874,1837.37,0.60518,0.861557,0.702425957,24.76431158,-8.241527229,5.646253756
4.21694,6.93935,1637,0.59946,0.944373,0.634770371,24.60939456,-8.302503334,5.64226789
8.46949,8.93125,1473.05,0.62226,1.07172,0.580618072,19.88087015,-8.65621085,5.684054522
5.67839,6.29148,758.172,0.52096,1.73371,0.300488548,23.78600111,-7.165557486,6.141467001
5.45003,6.08438,746.235,0.51598,1.74666,0.295409524,24.18942613,-7.171351979,6.10483955
9.36955,10.28847,1288.78,0.5922,0.959454,0.617226047,26.91907524,-8.834743231,5.34000956
4.75286,5.24143,387.193,0.41706,1.73091,0.240948403,23.37738299,-7.716979133,5.767340449
7.75151,19.92035,4661.65,0.8176,0.416148,1.964685641,11.56781167,-8.512860295,5.564371196
6.42877,8.06449,1735.19,0.64948,0.994088,0.653342561,24.42620722,-8.810056672,5.392666573
5.30054,7.18071,1772.64,0.63984,1.02665,0.623230897,24.37629493,-8.819530552,5.331755555
6.17686,8.70352,1314.29,0.63354,1.10684,0.572386253,18.70597457,-8.528276492,5.925133308
4.73872,6.49654,597.103,0.48622,1.24069,0.391894833,25.20868366,-8.229711357,4.968806662
13.27334,13.47664,2034.15,0.69836,0.710309,0.983177744,23.47744373,-8.889784841,5.322348343
10.7455,11.47981,1344.75,0.63868,1.14506,0.557769899,20.29437426,-8.274823414,6.099233033
10.74209,11.51419,1347.31,0.64112,1.143,0.560909886,20.60125497,-8.252557089,6.120498384
5.54947,9.21896,1451.9,0.58362,0.933786,0.625004016,20.5790664,-7.852472876,5.9139882
5.43687,9.32301,1385.03,0.58002,0.950981,0.609917548,21.05194672,-7.74917592,5.84768148
4.06161,5.32548,476.164,0.50186,1.49426,0.335858552,23.01184773,-8.630475441,5.543483774
4.88565,5.0519,345.654,0.46146,1.50882,0.305841651,22.6571854,-8.17042791,5.130205267
4.94322,5.11017,348.373,0.46644,1.49623,0.311743515,22.39804081,-8.190999411,5.141618163
5.02601,5.1864,383.441,0.46914,1.4827,0.316409253,22.13280666,-8.205295496,5.082256743
5.00326,5.16234,384.303,0.4668,1.49169,0.312933652,22.241897,-8.212208322,5.084484118
5.02281,5.18598,383.829,0.46988,1.483,0.316844235,22.10152301,-8.211239306,5.200341976
4.99439,5.14847,403.219,0.46774,1.4815,0.315720553,22.06247472,-8.266660821,5.148305336
4.91671,5.07682,365.373,0.46468,1.49643,0.310525718,22.47485853,-8.214434049,5.093575027
5.01099,5.19048,388.112,0.4702,1.4743,0.318931018,21.93262495,-8.208215409,5.17560511
4.98367,5.16273,379.738,0.46598,1.48699,0.313371307,22.18276822,-8.208319017,5.195367755
4.99038,5.16264,390.564,0.46744,1.48759,0.314226366,22.22750329,-8.196326134,5.185997509
4.35949,5.09274,532.704,0.47664,1.47774,0.322546591,34.10804833,-7.868725937,4.54058041
4.99057,7.01369,516.603,0.47134,1.16777,0.403624001,20.64687729,-9.09200139,5.278265839
5.08651,7.10061,559.058,0.47504,1.15597,0.410944921,20.91360164,-9.051724594,5.282410671
5.22809,7.23384,575.002,0.484,1.1195,0.432335864,20.44675491,-9.145165902,5.287764788
3.98397,5.03658,215.483,0.42474,1.74975,0.242743249,41.94872694,-7.110104747,3.621221375
5.09264,6.26427,2411.6,0.65386,0.832059,0.785833697,20.45874608,-8.144995925,5.906955864
4.48935,6.14879,793.176,0.53168,1.21568,0.437351935,23.95536245,-8.401031428,5.048231149
7.67167,10.27831,2922.27,0.70564,0.69448,1.016069577,17.9398409,-8.505464374,5.801183451
6.03194,8.49795,3283.08,0.735,0.769652,0.954977055,23.89170009,-8.374931307,5.724577376
4.94828,5.4924,1400.28,0.6196,1.21421,0.510290642,33.17193211,-7.842161703,5.237933292
4.36372,7.19009,1236.06,0.55574,1.03983,0.534452747,23.59648124,-8.208472617,5.513050791
4.52273,5.3255,561.466,0.5167,1.62985,0.317023039,35.15292955,-7.910792303,4.632171082
6.38689,7.02334,777.944,0.53406,1.685,0.316949555,22.66324659,-7.256713748,6.182326249
4.03981,8.5056,782.841,0.57816,1.2776,0.452536005,40.43156121,-8.849446083,5.113165218
4.12189,8.21931,773.642,0.58244,1.27633,0.456339661,42.68338962,-9.039224935,5.095888869
4.57353,6.8037,160.598,0.42238,2.00293,0.210881059,20.07731332,-9.139324712,5.178966746
7.35018,9.71439,1525.51,0.68302,1.06464,0.641550195,20.28830757,-9.450940973,5.069549611
3.99405,6.20263,1461.97,0.58598,0.988457,0.592822955,21.53742654,-8.411202036,5.653903704
3.93376,5.7859,1061.51,0.55152,1.09699,0.502757546,29.66730117,-8.572642739,4.991096187
3.83237,5.36995,636.727,0.51436,1.20669,0.426256951,27.56172287,-7.471887554,5.297881926
3.76464,5.3037,602.973,0.5021,1.22825,0.408792998,28.09479496,-7.543385084,5.276153518
3.72114,5.34194,616.839,0.48554,1.18992,0.408044238,24.46234363,-8.344954505,5.021626921
5.51273,6.23351,2602.63,0.70158,0.921282,0.761525787,15.9333556,-7.932992226,6.250304665
4.11195,4.69664,1240.58,0.59184,1.09749,0.539266873,22.48900511,-8.106744389,5.679074707
4.62513,5.76822,1093.55,0.56466,1.11065,0.508404988,25.25322899,-8.444684221,5.3017143
6.53639,8.26997,2774.46,0.72522,0.770939,0.940696994,15.83621847,-8.172048226,6.1064951
6.61957,8.20931,2763.89,0.71726,0.786825,0.91158771,20.5205547,-8.07537685,6.134844786
3.74279,4.83661,369.488,0.51506,1.15821,0.444703465,30.51430706,-8.920510105,4.201977565
5.53828,7.03754,2279.26,0.65416,0.930114,0.703311637,17.95513246,-8.38361495,5.929257026
9.90922,20.37708,3587.2,0.828,0.51525,1.6069869,13.84709963,-8.687430433,5.520655434
9.49767,11.24994,3709.73,0.79266,0.554498,1.429509214,13.19640683,-8.477791267,5.716115587
5.07098,10.40468,2268.58,0.66682,0.834367,0.799192681,21.55000141,-8.332715623,5.816577458
3.6532,4.68057,480.747,0.49434,1.10074,0.44909788,28.605909,-8.074910776,5.454226819
4.82619,7.16379,1243.97,0.59762,0.994067,0.601186842,22.42646464,-8.400832184,5.518707957
7.18297,17.06774,2104.22,0.69226,0.779609,0.887957938,21.87515442,-8.41163219,5.794309948
4.86183,6.41301,601.77,0.49572,1.15346,0.429767829,32.21950561,-9.101362077,4.793240317
7.52711,9.02632,3201.03,0.76362,0.738263,1.034346838,9.435048116,-8.909698426,5.410628231
8.21137,10.58889,3667,0.8007,0.621509,1.288316018,10.14633231,-8.903016121,5.328987566
10.84338,15.26084,2079.12,0.72518,0.834696,0.868795346,20.71782826,-8.633206938,5.467282565
9.2554,11.07723,1264.7,0.62052,0.942046,0.658693949,17.82656188,-8.253782143,6.15044432
4.19275,5.1054,143.203,0.41244,1.86722,0.220884524,26.43739433,-7.940223423,5.443739901
4.03207,5.56405,1542.83,0.60148,0.979977,0.613769507,25.44320093,-8.04251427,5.676308509
4.13005,6.0819,1487.3,0.59992,0.982136,0.610831901,24.0296708,-8.182140505,5.584864943
5.16856,5.80851,1029.51,0.54928,1.17303,0.468257419,27.39139299,-7.543912996,5.259181706
7.98095,9.37773,2417.23,0.68628,0.746179,0.919725696,19.53857176,-8.45226287,5.732610312
6.44934,7.90061,1584.9,0.62044,1.08801,0.570252112,20.51118955,-8.383589199,5.861109465
4.74475,6.7857,1024.9,0.56918,1.24631,0.456692155,20.45813952,-8.807718852,5.386328303
4.40026,5.67314,1337.13,0.68924,1.44318,0.477584224,16.85684479,-8.910938393,5.666050762
4.43683,5.72943,1445.99,0.69446,1.42641,0.486858617,16.59338368,-8.876770683,5.71543392
3.99723,4.79005,473.705,0.49596,1.72886,0.286871117,27.13475767,-8.046014675,5.219482377
7.15132,15.60203,4009.59,0.7783,0.583758,1.33325796,19.55386806,-8.345750901,5.875817795
4.73452,5.76312,1864.99,0.64784,0.963118,0.672648627,19.31345545,-8.568466684,5.577326849
4.01709,5.3881,833.666,0.55242,1.06088,0.520718649,29.28346456,-8.347329137,4.602505979
7.32788,8.13471,1328.07,0.66578,1.23149,0.540629644,21.81786132,-8.826770642,5.603558749
7.41537,8.18288,1340,0.66352,1.23146,0.538807594,21.94258542,-8.788003296,5.606035828
7.67164,8.21788,1397.34,0.67178,1.21042,0.554997439,21.50414417,-8.78249976,5.590128268
7.79985,8.32352,1312.52,0.66686,1.23467,0.540111933,21.62971434,-8.78086627,5.622589418
7.62763,8.30771,1338.91,0.66736,1.22175,0.546232863,21.56396528,-8.807190025,5.611792481
4.57125,7.106,784.155,0.52752,1.41213,0.37356334,22.56426736,-8.639563948,5.206120366
7.52386,8.16009,1339.59,0.66272,1.22695,0.54013611,21.82323939,-8.834923107,5.584589025
7.79803,8.41278,1368.5,0.67308,1.20596,0.558127964,21.47737023,-8.759936234,5.606518684
3.66305,4.43409,114.678,0.4139,1.41147,0.293240381,28.64125014,-8.397364974,4.294371137
4.91458,6.80411,2524.6,0.68262,0.777083,0.878438983,23.18055878,-8.182374926,5.842435632
5.8505,6.03686,1132.86,0.58636,1.12119,0.522980048,19.43804867,-7.473493444,6.194365781
6.70407,7.25727,787.458,0.47158,1.2275,0.384179226,21.71067874,-7.501593496,6.021705597
5.06719,7.09965,1675.11,0.61886,1.05656,0.585731052,20.76778596,-8.322453748,5.899114663
6.68961,13.2781,2162.49,0.7225,0.886331,0.81515822,24.41227902,-8.639931719,5.765916326
6.5701,13.193,2210.71,0.72222,0.888496,0.812856783,24.03519644,-8.624366648,5.811003091
6.64275,13.20287,2201.29,0.7231,0.881027,0.820746697,24.04176322,-8.582408291,5.830955922
6.60546,13.18132,2181.3,0.72282,0.885001,0.81674484,24.00147862,-8.560680132,5.843967466
6.68183,13.19195,2171.13,0.72382,0.878773,0.823671187,24.19363181,-8.556706842,5.816408505
6.69993,13.19966,2167.39,0.7232,0.880672,0.82119109,24.39037297,-8.578876664,5.790393618
6.66924,13.25601,2229.54,0.7244,0.875822,0.827108705,23.88322488,-8.590605387,5.81083302
8.27815,8.89284,2880.12,0.75336,0.8398,0.897070731,15.70445631,-8.594701453,5.740296163
4.70156,5.98836,1367.97,0.5669,1.13574,0.499145931,20.92475896,-8.152382757,5.756226933
7.94447,8.29761,1902.31,0.65206,0.865148,0.753697633,21.27146872,-8.591438205,5.774815054
7.94315,8.31402,1905.69,0.65228,0.865148,0.753951925,21.22307678,-8.555454677,5.779377684
10.90273,11.49614,1285.96,0.63924,1.13639,0.56251815,20.14161464,-8.153915876,6.149301638
10.75448,11.457,1248.66,0.63676,1.17248,0.543088155,22.10556542,-8.168952442,6.08799249
10.64671,11.40307,1079.51,0.62802,1.32388,0.474378342,21.37183464,-8.125688864,6.177778881
10.95857,11.78987,1368.61,0.64822,1.07449,0.603281557,20.74667468,-8.24505818,6.081529995
10.75702,11.6018,1231.33,0.65904,1.22798,0.536686265,16.40866912,-8.18549495,6.282087858
10.64506,11.38518,1074.64,0.62758,1.32314,0.474311108,21.04262872,-8.161346825,6.200692667
10.62301,11.39174,1088.8,0.62762,1.32036,0.475340059,21.24898723,-8.10935912,6.171270357
10.57016,11.32953,1110.12,0.62972,1.32131,0.476587629,21.74584707,-8.134176033,6.16625673
11.06125,11.7757,1356.1,0.64684,1.07581,0.601258587,20.79282844,-8.199615079,6.077050707
11.07374,11.88903,1359.45,0.65134,1.07591,0.605385209,20.65526243,-8.16173276,6.073592062
10.82581,11.40668,1294.75,0.63544,1.13771,0.558525459,20.49708164,-8.148573642,6.109441848
10.79186,11.55541,1238.1,0.64,1.17423,0.545038025,21.51725152,-8.181324755,6.120531793
10.81874,11.57951,1222.22,0.6622,1.23248,0.537290666,16.56290149,-8.21681507,6.289826308
10.88858,11.43729,1264.74,0.63788,1.1695,0.545429671,22.18396948,-8.157426555,6.096003796
11.05538,11.52097,1296.77,0.63882,1.12778,0.566440263,20.11318171,-8.112165161,6.19826181
10.88298,11.69077,1217.22,0.66136,1.22651,0.539221042,16.51106982,-8.131434046,6.277871454
3.65649,4.9754,176.133,0.43374,1.54737,0.280307877,30.12459944,-7.586981093,4.865125078
3.72166,5.47401,218.517,0.42786,1.25742,0.340268168,41.6436914,-9.285456544,3.76110874
6.46655,11.06918,3361.09,0.75462,0.744735,1.013273178,16.60340189,-8.415827882,5.880460056
7.45633,8.75515,2583.43,0.70352,0.883978,0.79585691,31.31351296,-8.008748278,5.725542944
4.24065,5.14726,733.99,0.52196,1.08125,0.482737572,26.59394531,-7.816460703,5.418150831
4.31105,5.20924,720.06,0.52204,1.08343,0.481840082,26.64218648,-7.851755652,5.354997042
4.15335,5.06649,698.549,0.51966,1.08454,0.479152452,27.04237215,-7.904743445,5.32720971
7.84231,9.63817,1856.81,0.68382,0.968257,0.706238117,17.53262652,-8.919428619,5.564642889
4.95411,5.58641,247.714,0.42952,1.71799,0.250013097,31.83844167,-8.331973457,4.277505204
5.57745,6.73617,1558.49,0.64406,1.22293,0.526653202,35.91731676,-8.089896458,5.637253457
5.52931,6.74228,1541.66,0.64732,1.23822,0.522782704,34.4323611,-8.028354155,5.66730175
5.5633,6.72492,1533.55,0.6466,1.24692,0.518557726,33.13433405,-8.106105185,5.693077308
8.38156,8.70899,3336.55,0.78544,0.6876,1.14229203,7.370958565,-8.973554211,5.342844785
8.24745,8.57279,3231.08,0.78816,0.705939,1.116470403,7.772356944,-8.950153173,5.331477362
8.47314,8.79766,3470.84,0.78884,0.659131,1.196787892,7.161981319,-8.945169189,5.338018032
8.34849,11.31649,2932.93,0.73996,0.659609,1.121816106,14.65082873,-8.581655081,5.722441203
4.35736,7.59167,874.592,0.55396,1.4363,0.385685442,19.21063182,-8.675861845,5.59757624
4.0721,4.38086,164.504,0.42954,1.35437,0.317151148,30.66647378,-8.124049028,4.228208119
3.76847,7.77332,1264.77,0.63114,1.11406,0.566522449,19.01558718,-8.617771583,5.596568157
3.74803,7.59472,1303.11,0.63304,1.11537,0.56756054,18.97986594,-8.490465786,5.654401512
3.68703,7.06893,1299.57,0.62138,1.1427,0.54378227,19.52865952,-8.644592485,5.502729679
3.76616,7.18206,1276.79,0.62442,1.14198,0.546787159,19.54777161,-8.636904707,5.530049362
5.53023,6.24795,2618.01,0.70226,0.917942,0.765037442,15.89437016,-7.930358063,6.242238975
5.43307,6.88574,2564.42,0.69694,0.934938,0.745439805,16.44868737,-7.936131093,6.219969747
5.58095,6.84864,2641.33,0.70248,0.914088,0.768503689,15.90780219,-7.993865724,6.24241659
5.54383,6.2822,2635.62,0.7047,0.913502,0.771426882,15.82053124,-7.945657143,6.246196695
5.52998,6.2305,2607.18,0.702,0.917281,0.765305288,15.84649808,-7.952995627,6.225714877
4.08035,8.60996,1751.77,0.62412,0.892149,0.699569242,25.15528729,-8.133223681,5.542914567
5.84334,7.60651,2298.34,0.66298,0.89237,0.74294295,16.11315976,-8.309107662,5.982766929
4.10064,4.8322,679.338,0.532,1.27011,0.418861358,29.95695432,-8.034393164,4.822434165
4.25829,5.05781,262.756,0.3907,2.01174,0.194209987,28.02454431,-7.12444819,5.641937559
4.11246,5.10711,256.607,0.41838,2.00854,0.208300557,23.69181815,-8.121137155,5.358415528
3.97439,5.66406,1511.69,0.63118,1.2172,0.518550772,20.8385735,-7.994472283,6.000440826
4.80162,6.76874,1763.4,0.6401,1.07493,0.595480636,18.86401375,-8.202707568,5.938907707
5.76711,8.64942,964.048,0.63514,1.65261,0.3843254,14.55039192,-9.054000761,5.586190166
4.45617,4.94603,588.67,0.51764,1.56048,0.331718446,32.53244433,-8.542947501,4.131361918
4.50865,5.05516,509.707,0.55578,1.94091,0.286350217,22.40353701,-8.207794563,5.553371741
6.48549,7.09668,847.573,0.52214,1.23144,0.424007666,21.4707496,-8.415472876,5.807442345
5.41366,7.45968,3082.43,0.70364,0.680928,1.033354481,18.45619019,-8.408162191,5.67202642
4.57463,5.69204,1094.95,0.566,1.10643,0.511555182,26.21029792,-8.377798789,5.347019859
5.3048,8.5131,3919.89,0.7317,0.597247,1.225121265,21.11485599,-8.444655561,5.693023247
4.00763,8.23055,1725.06,0.6435,0.791399,0.813117024,19.68093344,-8.952752581,5.301524761
9.16908,11.02009,1137.17,0.58894,1.0226,0.575924115,18.38009082,-8.192295818,6.146825072
6.77493,8.38862,1397.17,0.5852,0.882886,0.662826231,17.28891964,-8.950873959,5.434943484
4.12404,5.46793,580.8,0.50342,1.18663,0.424243446,27.11879451,-8.155128444,4.916130877
10.88335,11.49174,1241.27,0.64072,1.17569,0.54497359,20.86543629,-8.172297836,6.159671557
4.77619,6.50652,1370.96,0.57322,1.06179,0.539861931,30.76131858,-8.114737485,5.3339084
4.76212,7.16308,1563.98,0.59774,1.01279,0.590191451,24.04518573,-8.597524542,5.470608124
4.09689,5.39541,1002.02,0.50016,1.23338,0.405519791,27.35897327,-7.683329438,5.266856419
4.58604,7.47672,1763.41,0.62816,0.942864,0.666225458,41.02320506,-7.89070508,5.383809335
3.83367,5.04944,835.247,0.57222,1.16048,0.493089067,28.00729264,-8.21051723,5.019323861
3.82141,5.05464,837.919,0.57504,1.16139,0.495130835,28.0115851,-8.194240861,5.001842361
6.40353,7.28891,1568.32,0.61566,0.848239,0.725809589,27.35130729,-8.234640907,5.788421544
6.771,9.5833,1825.57,0.68152,0.919899,0.740863943,17.18857811,-8.706712691,5.655778034
6.45176,9.80418,1963.35,0.67426,0.880896,0.765425203,18.50590045,-8.690096459,5.675849863
4.95704,6.0526,720.619,0.49142,1.09523,0.448691142,27.43334571,-8.646674501,5.168226814
4.69208,8.09916,912.99,0.52074,1.04866,0.496576583,24.77430047,-8.834483068,5.144746477
3.81491,8.83929,1463.71,0.59704,0.983115,0.607294162,24.55543161,-8.058239765,5.679168695
4.57898,8.75163,2495.83,0.64868,0.791151,0.819919333,20.01159625,-8.125287029,5.950979746
3.8004,8.91057,1543.25,0.60862,0.944674,0.644264582,22.78564341,-8.150585782,5.729101411
3.82289,8.8152,1561.09,0.60764,0.954752,0.636437525,23.21381879,-8.150623074,5.732593669
4.59038,8.8603,2453.17,0.66052,0.835338,0.79072184,19.11446921,-8.196073804,5.993130149
6.13062,13.83308,889.461,0.57056,1.06916,0.533652587,21.81099592,-9.204491372,5.181481657
5.75649,10.56447,2067.12,0.71746,0.937929,0.76494063,25.74546224,-8.629547445,5.800861044
4.13588,5.91398,815.256,0.5714,1.34754,0.42403194,40.49317387,-7.967108704,4.774458889
7.58192,8.31671,1452.39,0.67452,1.19599,0.563984649,21.06473095,-8.723864491,5.652353965
8.74362,10.02859,2361.15,0.71526,0.833317,0.858328823,41.71018001,-8.635669067,5.721364431
8.829,10.07569,2412.57,0.7208,0.816116,0.883207779,27.34828052,-8.215020349,5.807439584
3.69845,4.81728,298.785,0.47046,1.21376,0.387605457,27.10369905,-8.50753088,4.366615132
5.1267,11.12385,1394.76,0.6626,0.988754,0.670136353,23.53273819,-9.501223503,4.768329355
4.39114,10.03517,1274.04,0.5942,1.07113,0.554741255,22.09601683,-8.80561957,5.46058227
4.52398,7.17145,1523.19,0.60376,1.00634,0.599956277,20.7332399,-8.402952702,5.71455335
4.42397,7.1893,1256.77,0.5928,1.19701,0.495233958,21.27412396,-8.477261599,5.686097608
4.47496,7.10811,1245.71,0.5954,1.19501,0.498238508,21.9204725,-8.43597012,5.685446816
4.61334,7.43495,1424.59,0.61094,1.10002,0.555389902,20.43824746,-8.4872869,5.708125681
4.54841,7.33279,1374.02,0.60744,1.11524,0.544671999,21.39090914,-8.488384505,5.709499603
4.51709,7.56073,1331.16,0.60318,1.13544,0.531230184,20.44023321,-8.574706853,5.680908113
4.58286,7.31141,1377.3,0.60742,1.12856,0.538225704,21.5752331,-8.434796116,5.706424413
4.46533,7.29188,1308.26,0.59566,1.16787,0.510039645,20.82337062,-8.476615348,5.684140036
4.4641,7.3373,1275.03,0.5942,1.17666,0.504988697,20.83076726,-8.560616942,5.665868457
4.44483,7.25725,1279.54,0.59316,1.1848,0.500641458,21.30715647,-8.523932812,5.658396077
3.89955,5.07471,258.176,0.49194,1.37071,0.358894296,27.29764879,-8.397218466,4.526669931
4.41246,5.52672,557.463,0.47838,1.33702,0.357795695,25.06856091,-7.366029121,5.328122942
4.3714,5.49841,614.56,0.48644,1.35332,0.359441965,25.41206318,-7.357043646,5.27328371
5.54367,7.07962,1686.38,0.63618,0.995326,0.639167469,22.99704487,-8.427835574,5.779528331
4.38111,6.44243,1584.65,0.59318,0.976829,0.607250604,24.37076725,-8.126841962,5.479439398
6.92477,7.62222,2200.35,0.66538,0.882059,0.754348632,18.02468324,-8.454307643,5.877288223
6.96811,7.67683,2172.38,0.66442,0.883035,0.752427707,18.18850463,-8.482072464,5.871605156
6.78537,7.50015,2253.99,0.66724,0.876532,0.7612272,17.89589658,-8.426470817,5.881570017
6.81104,7.57949,2172.13,0.66514,0.890235,0.747151033,18.33250006,-8.422779502,5.89078992
4.38331,6.74211,1002.39,0.56112,1.12027,0.500879252,22.97701622,-9.351761052,4.940675315
7.46506,15.39913,3516.88,0.75948,0.573362,1.324608188,19.62993809,-8.952340501,5.35391976
8.6308,15.82486,4194.59,0.81936,0.47623,1.720513197,16.62377066,-8.586597507,5.507266449
5.14242,9.6589,1977.4,0.65304,0.852469,0.766057182,23.54041832,-9.028980088,5.262924707
9.8601,17.02678,4791.8,0.82956,0.403171,2.057588467,16.55763855,-8.68462164,5.392606954
11.04076,18.83776,5179.17,0.84878,0.353647,2.400076913,15.59157713,-8.62556086,5.35518529
5.49118,9.43325,2682.59,0.68322,0.740208,0.923010829,21.88040107,-8.744814533,5.496833082
5.66915,8.39488,1840.05,0.65236,0.894966,0.728921546,25.00784352,-8.645962912,5.552815376
6.61649,9.97603,2716.73,0.70778,0.724807,0.976508229,22.8838757,-8.823797931,5.491704761
6.24123,8.23227,872.412,0.59654,1.25167,0.476595269,33.43752536,-8.95781255,5.253634396
8.23621,13.74339,4005.21,0.79656,0.552289,1.442288367,19.35502909,-8.679871381,5.554253966
12.08403,12.38134,2036.14,0.744,0.807511,0.921349678,15.63127116,-8.847923831,5.50167159
7.81628,14.53341,3043.22,0.76952,0.695195,1.106912449,22.05455898,-8.766203174,5.52275051
6.78856,10.21096,2739.44,0.7235,0.763158,0.948034352,34.14308943,-8.61977664,5.628968414
5.03586,8.49984,1561.97,0.61898,0.992818,0.623457673,31.79191069,-8.524949576,5.335996154
4.31366,9.21841,1338.02,0.60768,1.01282,0.599988152,27.873425,-9.103392431,5.150359714
8.02745,11.1208,2681.31,0.71352,0.717116,0.99498547,18.61847538,-8.673919239,5.573151065
7.63358,14.04257,1861.17,0.73444,1.01271,0.725222423,27.44921071,-9.105922432,5.389759009
8.937,13.6058,4228.68,0.80374,0.478064,1.681239332,16.83948979,-8.53408743,5.577654976
4.56707,7.42185,1082.29,0.60242,1.36262,0.442104182,29.77543434,-8.942725814,5.34628766
8.37226,15.73732,4255.86,0.81496,0.464521,1.754409381,16.45052276,-8.568417851,5.537620475
9.85657,15.58677,4270.1,0.82504,0.45483,1.813952466,23.48117879,-8.690987674,5.48431946
9.22072,13.79662,4969.05,0.83554,0.423428,1.973275268,14.06479039,-8.602192617,5.448257065
7.30038,14.83508,4016.09,0.7845,0.502676,1.560647415,19.16050085,-8.758725398,5.349076163
6.25609,11.01021,2884.91,0.72392,0.729943,0.991748671,26.39832042,-8.813142392,5.567176288
4.41471,6.44862,1249.83,0.6082,1.04938,0.579580324,24.8184398,-8.695391379,5.297531482
9.60592,14.23114,4256.65,0.82006,0.476229,1.721986691,15.09201214,-8.588573255,5.553795418
11.7071,16.19958,5218.06,0.84086,0.366097,2.296822973,16.23191013,-8.640893975,5.400154695
6.75446,11.71753,1926.52,0.70588,1.00479,0.702514953,29.23860239,-8.928176626,5.421073607
8.81282,15.66291,3979.57,0.78914,0.507854,1.553871782,17.98134885,-8.709637316,5.482306364
4.94512,9.10223,1318.07,0.62584,1.17121,0.534353361,31.35165519,-8.940955677,5.163224941
7.16817,14.65581,2599.61,0.74408,0.774734,0.960432871,24.28420704,-8.91964834,5.390077563
5.68768,9.0278,2490.35,0.69172,0.835284,0.828125524,21.50915741,-8.559321992,5.768061063
6.30052,11.77104,2437.28,0.70068,0.773282,0.906111871,28.5931002,-9.022024804,5.34002311
6.35167,11.21522,2722.28,0.72062,0.740531,0.973112537,22.03619429,-8.716344006,5.540377255
5.30279,9.89667,1932.04,0.6658,0.92074,0.723114017,21.88638627,-8.861148613,5.443102386
29.81855,30.86782,6693.84,0.9347,0.153624,6.084335781,9.72095177,-8.147321406,5.481629386
12.29107,19.85841,6376.09,0.88944,0.257791,3.45023682,11.22303155,-8.438919252,5.43554497
9.23847,16.71115,4155.55,0.81764,0.454115,1.800513086,16.89953951,-8.587806862,5.464103238
8.24032,14.04283,3965.21,0.78636,0.546412,1.43913384,16.59336774,-8.623424299,5.581798757
13.99286,21.25617,6110.66,0.90248,0.224884,4.013091194,12.8091469,-8.432324588,5.389528642
9.20227,16.15304,4280.76,0.81586,0.453417,1.799359089,17.5198016,-8.525067589,5.567504001
7.0521,13.97259,2503.66,0.70966,0.795792,0.891765688,38.83979951,-8.07353553,5.68246708
5.32756,11.63552,2165.86,0.69384,0.85491,0.811594203,29.24594639,-8.589307771,5.536683893
9.00297,16.22184,4295.79,0.82444,0.448365,1.838769752,17.2782956,-8.682144545,5.425778496
7.96989,12.71714,2645.69,0.71704,0.733033,0.978182428,45.73868041,-8.162237573,5.658657131
16.89053,18.49241,1574.71,0.77368,0.988418,0.782745761,31.45372873,-9.18975444,5.210324077
6.81833,10.67091,3448.55,0.75032,0.635313,1.181024157,18.63420503,-8.725816029,5.502018696
8.18408,16.08754,3894.78,0.80064,0.514769,1.555338414,24.52869923,-8.598039824,5.510964757
4.04868,8.03932,769.499,0.59676,1.12675,0.529629465,50.15633951,-7.890790074,5.028970617
5.28696,8.43931,2164.61,0.6738,0.861215,0.782383029,23.04097172,-8.616814814,5.566652662
11.99886,20.55663,5841.38,0.87984,0.278152,3.163162587,13.72294814,-8.486119597,5.39375317
3.67453,7.18264,422.498,0.54814,1.2167,0.450513685,47.89061964,-8.638424044,4.848642094
12.12997,17.5124,4888.33,0.8535,0.352051,2.424364652,16.9657824,-8.655705129,5.333998108
8.28353,11.34384,4241,0.78912,0.560799,1.407135177,23.376013,-8.547148727,5.627862616
6.71112,12.03359,2516.12,0.71434,0.786562,0.908180156,20.96358976,-8.597411523,5.758297901
11.99899,17.72882,5202.83,0.85818,0.325258,2.638459315,15.51983223,-8.576643206,5.346344842
6.74592,11.52912,3031.91,0.73552,0.663959,1.107779245,18.7012993,-8.60908962,5.668973955
7.61337,15.88492,4109.11,0.79612,0.506618,1.571440415,18.94909238,-8.662925045,5.442992921
4.03989,8.87659,1259.56,0.63032,1.22822,0.513197961,27.81005329,-8.982377465,5.337189645
4.21044,9.82617,1055.87,0.62788,1.27691,0.491718289,26.26028006,-9.210214845,5.146239755
5.1846,9.52956,1160.93,0.63842,1.31122,0.486890072,33.04140547,-9.192482281,5.192890457
10.87819,15.78123,4784.18,0.85456,0.371162,2.30239087,17.54370322,-8.652448635,5.369180142
9.21752,17.37293,4306.96,0.82444,0.459053,1.795958201,33.67146856,-8.764367186,5.51776853
3.96751,6.1889,502.036,0.53098,1.12334,0.472679687,29.44344728,-8.596060998,4.823729076
7.58589,10.76138,2805.72,0.76036,0.757529,1.003737151,16.11405144,-8.718479493,5.573995137
17.53921,21.685,5565.94,0.90078,0.241479,3.730262259,9.657607208,-8.379660609,5.469019346
13.5586,18.28784,5351.35,0.88796,0.291753,3.0435334,9.367443896,-8.466602102,5.492513988
19.07381,21.17046,4567.55,0.8921,0.32077,2.781120429,11.28028548,-8.476623611,5.483402571
17.31443,20.77643,5132.19,0.89952,0.264331,3.403006079,10.72790319,-8.434243593,5.45290649
16.61296,19.62649,4749.43,0.89526,0.287683,3.111966991,17.25600549,-8.529830368,5.520732298
10.46009,12.77927,4415.15,0.82784,0.442888,1.869185889,11.42584524,-8.765553359,5.319226432
11.72979,15.03194,3939.93,0.86008,0.46756,1.839507229,11.30588053,-8.70460072,5.471421941
16.6109,21.20738,5219.95,0.9015,0.27266,3.306315558,8.939316061,-8.404577997,5.510879511
14.75528,17.08535,5277.08,0.85996,0.345716,2.487475269,11.56038562,-8.649927033,5.351605483
8.30186,11.93121,3753.83,0.76562,0.591951,1.293384081,18.25964853,-8.831731304,5.41699741
16.92765,21.83544,5176.41,0.90816,0.246562,3.68329264,11.01486781,-8.357368043,5.510383555
11.07962,15.63188,4420.14,0.84344,0.423823,1.990076046,10.99933205,-8.609332506,5.47207038
16.51265,21.70721,5328.41,0.90298,0.259736,3.476530015,12.15388107,-8.430670552,5.439969445
17.63026,21.33243,5362.11,0.90106,0.252348,3.570703949,14.91300857,-8.40715636,5.432113881
13.6746,19.06072,5062.48,0.85866,0.344603,2.491736868,11.94900645,-8.764879385,5.254630353
21.54787,24.40483,6241.82,0.91272,0.20854,4.376714299,7.958195603,-8.33950125,5.508469012
19.37232,22.75672,6655.65,0.92444,0.187935,4.918934738,6.412503472,-8.250799958,5.467606525
12.38391,14.90552,4652.36,0.85478,0.384574,2.222667159,10.99331142,-8.715979694,5.329406455
16.28042,20.90483,5794.97,0.91332,0.220875,4.135008489,9.057780995,-8.372206088,5.466046873
18.39779,20.91569,6255.19,0.915,0.202881,4.510032975,8.469709837,-8.352967111,5.410865891
11.10404,14.77469,4738.43,0.82764,0.428553,1.931243043,16.08567359,-8.633609429,5.502375278
17.9321,19.43069,5055.44,0.87902,0.334857,2.625060847,12.71567545,-8.489786989,5.511646471
8.53808,15.43687,5068.5,0.84012,0.399394,2.103486782,21.45915625,-8.556628047,5.479917071
22.18311,25.4917,6486.13,0.93178,0.165062,5.645030352,7.214233494,-8.166972345,5.481425104
13.12754,16.12696,5062.68,0.86892,0.346696,2.506287929,12.3723284,-8.67067767,5.370702704
16.31977,21.42107,4702.53,0.89746,0.29065,3.087768794,14.70805616,-8.427448414,5.505329786
16.23565,20.18755,3811.21,0.87706,0.414073,2.118128929,10.65353981,-8.672149366,5.499302703
19.66276,22.68177,6082.77,0.91874,0.200424,4.583981958,12.64643409,-8.27492408,5.461961248
29.16322,30.56541,3602.09,0.84756,0.460716,1.839658271,14.11848809,-8.671775348,5.445992291
11.58139,14.60536,4390.56,0.84078,0.405325,2.07433541,11.43704658,-8.738626525,5.339486743
12.31316,15.85097,4761.94,0.86062,0.370269,2.324310164,10.14294336,-8.655586504,5.431745836
10.84509,13.78108,2896.09,0.80736,0.692293,1.166211416,15.25315342,-8.762653009,5.506141331
8.8183,13.43902,4421.9,0.82556,0.456678,1.807750757,17.73240351,-8.607151815,5.483731243
27.64341,30.01445,7481.49,0.95072,0.11246,8.453850258,5.456842654,-7.965480239,5.546632579
19.35806,22.55489,6319.36,0.91516,0.214985,4.256855129,10.65776252,-8.326952753,5.468590561
11.89898,14.66389,4706.14,0.85322,0.393952,2.165796848,9.978026111,-8.727392734,5.397631885
17.60073,20.34931,5657.05,0.90082,0.23964,3.75905525,9.50583818,-8.466783836,5.358109988
15.34453,19.36442,4603.08,0.88264,0.319438,2.763102699,11.54336537,-8.36766824,5.550235706
27.40034,29.51798,7559.14,0.94848,0.117213,8.091935195,5.431460047,-7.967995134,5.548362217
16.55917,21.24827,4991.85,0.90276,0.275005,3.282703951,15.71836639,-8.447136816,5.474761594
14.45104,16.53606,5225.27,0.88542,0.29787,2.972504784,9.255570359,-8.542890492,5.450062508
15.88302,20.00354,4061.15,0.88486,0.381553,2.319101147,11.34873384,-8.686880589,5.362588106
15.48115,18.95443,5435.73,0.86232,0.316485,2.724678895,11.67843973,-8.615971694,5.37519341
16.41064,23.25432,6182.2,0.91232,0.208534,4.374922075,12.39000174,-8.35134902,5.412277608
9.06095,11.38834,3585.93,0.80024,0.593316,1.348758503,13.77800654,-8.768164441,5.507167327
15.33085,20.38896,6031.86,0.89774,0.243159,3.691987547,9.416905196,-8.501678741,5.287223881
15.78499,19.74192,5901.54,0.89142,0.255916,3.483252317,11.42135759,-8.551598835,5.335135796
25.20215,29.22667,6895.62,0.93932,0.137914,6.810911148,7.072763029,-8.138315423,5.513442403
7.33296,11.41636,3245.61,0.75642,0.685872,1.102858842,35.29863399,-8.562897263,5.665483758
11.39135,15.37414,4539.32,0.84728,0.403539,2.09962358,11.10556293,-8.66832735,5.452870696
22.14481,26.00631,6078.21,0.92902,0.176141,5.274297296,11.90012451,-8.225587887,5.530336313
16.46001,23.56753,5118.52,0.91036,0.247669,3.675712342,15.73921712,-8.413817124,5.452875032
15.24795,19.14273,5273.06,0.89424,0.279161,3.203312784,10.61276859,-8.489022383,5.38393363
10.15489,13.49645,3475.9,0.8047,0.554618,1.450908553,14.39080841,-8.73348442,5.442200225
16.28244,22.12328,5743.77,0.91478,0.218528,4.186099722,8.871537091,-8.308962749,5.518581979
10.67357,13.25723,4013.2,0.82186,0.469527,1.750399871,12.15293792,-8.759296741,5.410503572
16.04687,18.57018,5161.83,0.8799,0.332297,2.647932422,10.57830575,-8.485179953,5.539531202
27.18524,30.25469,7054.53,0.94246,0.131705,7.155840705,7.352601153,-8.077993019,5.465488373
8.01975,9.73587,3034.34,0.74174,0.72814,1.018677727,17.3688098,-8.976639138,5.355623181
16.94091,19.70884,5630.35,0.89926,0.255787,3.515659514,9.423499383,-8.505186842,5.355762847
18.91713,21.19624,6444.31,0.92314,0.184564,5.001733816,7.229426279,-8.313231129,5.46387608
19.3466,23.95685,6682,0.9306,0.170642,5.453522579,6.773637106,-8.207500082,5.463785015
15.46386,16.64269,4028.36,0.81898,0.42819,1.912655597,18.73565656,-8.716143382,5.357236035
13.59268,17.49532,3543.84,0.8299,0.514631,1.612611755,27.52115012,-8.471103468,5.577640856
25.10797,27.44335,6316.67,0.93124,0.163616,5.691619402,13.04250168,-8.143551213,5.468897828
22.404,26.27861,6489.05,0.93198,0.163315,5.706640541,7.69259256,-8.200494473,5.498125069
14.48543,19.12007,5842.89,0.88752,0.270163,3.285127867,10.80175938,-8.525632951,5.38570465
11.85148,14.30148,4004.44,0.84248,0.446536,1.886701184,14.94487026,-8.622701765,5.510313923
18.03522,21.08674,5162.7,0.8726,0.317505,2.748303176,11.42056929,-8.379978912,5.561606419
13.99609,20.49043,4361.82,0.8646,0.383239,2.256033441,21.5971776,-8.57242818,5.5020788
26.49021,29.33065,7197.76,0.94354,0.128683,7.332281653,6.321822313,-8.032233993,5.510304313
24.36234,27.12063,5942.94,0.91722,0.207017,4.430650623,9.371116471,-8.287764594,5.521068623
16.49129,20.16987,4946.04,0.89236,0.294252,3.032638691,17.57464595,-8.432082155,5.498574145
26.86089,30.75443,6606.46,0.93622,0.145558,6.431937784,8.205773461,-8.085459101,5.42313634
21.96735,25.0397,6588.63,0.92554,0.180082,5.139547539,7.270908917,-8.217273279,5.479089071
14.8097,21.5337,5646.34,0.89354,0.247639,3.608236183,9.491353488,-8.539858479,5.338749169
21.87676,25.29948,6772.26,0.929,0.165444,5.615193056,7.614100161,-8.209452771,5.455393264
15.53851,17.96398,4847.44,0.87738,0.327322,2.680479772,11.49804789,-8.512555358,5.451216248
15.03687,20.97881,6025.83,0.9022,0.230315,3.917243775,9.187527117,-8.487714565,5.370945607
11.79407,14.05525,3827.04,0.84908,0.475301,1.786404826,15.09017493,-8.719755499,5.432432856
8.8261,13.70298,4017.36,0.81348,0.513416,1.584446141,12.49572301,-8.765094361,5.413473645
17.06903,22.55048,5687.48,0.91454,0.219704,4.16260059,12.4650975,-8.367725854,5.438648872
26.64962,29.97281,7020.34,0.94402,0.126601,7.456655161,6.821214575,-7.982846272,5.550371786
22.29958,24.26332,5165.48,0.91088,0.248734,3.662064696,10.49873869,-8.395416972,5.450850205
17.63342,22.68288,6410.54,0.92094,0.183275,5.024907925,8.143702723,-8.286492361,5.433432304
22.06864,26.65095,6938.53,0.93716,0.147328,6.361044744,6.44889915,-8.131236653,5.49735309
15.48548,17.88276,5507.95,0.90178,0.261728,3.445485389,7.731473406,-8.431269694,5.442037354
16.28042,20.90483,5794.97,0.91332,0.220875,4.135008489,9.0275732,-8.322010381,5.472650332
27.0488,31.14541,7435.49,0.9482,0.117091,8.097975079,6.083581246,-7.97494637,5.468075996
19.56061,24.99167,6838.06,0.93778,0.151834,6.176350488,6.179570532,-8.15467662,5.494630907
15.93293,19.34519,5957.7,0.89082,0.256995,3.466293119,9.901933493,-8.513792489,5.365582254
21.89661,25.32153,6969.86,0.93296,0.153892,6.062433395,6.776473443,-8.204008057,5.432493679
16.01775,19.77157,5197.65,0.89726,0.271547,3.304253039,10.23753543,-8.491246138,5.393810505
24.97789,26.4471,5349.42,0.914,0.228109,4.006856371,9.854030867,-8.344781314,5.519701391
16.98563,20.63761,4930.43,0.8913,0.300782,2.963275728,10.97963045,-8.414019007,5.455486962
16.31834,19.9916,5287.77,0.8887,0.288631,3.079017846,13.3770853,-8.573827604,5.363511974
13.38175,16.23178,3274.53,0.85714,0.539987,1.58733451,15.4018393,-8.85146775,5.319302013
16.72908,17.20935,3574.77,0.8458,0.474633,1.782008415,12.01019605,-8.613207507,5.491187384
11.30103,14.62035,3435.72,0.82166,0.578983,1.419143567,18.77743354,-8.647074706,5.586021355
21.33052,23.61732,6233.98,0.9105,0.212868,4.277298608,9.13112896,-8.358490272,5.427980538
11.73185,14.66698,4835.06,0.854,0.37793,2.259677718,10.48488194,-8.654807159,5.334903231
22.32692,26.28608,6720.02,0.93142,0.160484,5.803818449,7.718507381,-8.189552427,5.459233502
17.76006,20.4248,5286.4,0.88542,0.285965,3.096253038,10.33918702,-8.415068706,5.527400056
12.90186,14.14048,4424.32,0.88572,0.382668,2.314591238,9.062009472,-8.627511204,5.447960242
9.52047,16.03225,5068.12,0.83912,0.385546,2.176445872,13.3697354,-8.576910166,5.49605318
11.65009,13.60732,3008.69,0.81192,0.654579,1.240369764,18.59298169,-8.632929089,5.624905962
16.94453,19.70275,3902.55,0.86988,0.424612,2.048646765,17.70607886,-8.623793286,5.440392884
21.08391,23.98497,6518.41,0.92964,0.177845,5.227248447,6.922646726,-8.226746973,5.467083482
9.41003,11.98011,3610.5,0.79986,0.603381,1.325630075,13.66492874,-8.816858848,5.449856461
14.43781,17.59692,4702.09,0.84892,0.40278,2.10765182,11.81469866,-8.770574163,5.307517831
12.23026,14.44637,4161.68,0.85086,0.42545,1.999905982,15.62849714,-8.582119072,5.55712177
17.72589,23.61011,6136.35,0.92486,0.176784,5.231582044,8.305608393,-8.192923436,5.500203712
11.30831,14.47659,3241.75,0.82036,0.601294,1.364324274,18.08233606,-8.693120571,5.528774254
10.48571,16.50519,4299.6,0.8302,0.399696,2.07707858,21.11894742,-8.581879401,5.408550112
16.59805,18.33156,5380.77,0.87114,0.32068,2.716539853,11.50525372,-8.397343165,5.596161203
14.47429,17.68599,4190.23,0.84228,0.447854,1.880702193,25.46150158,-8.484940534,5.565253978
8.6424,14.74526,3952.07,0.81742,0.530571,1.540642063,15.49838155,-8.681137093,5.455488005
10.12021,12.0301,3196.27,0.81258,0.67525,1.203376527,16.12693079,-8.782338372,5.557993582
24.80463,29.23944,6494.75,0.93288,0.154206,6.049570056,8.413138682,-8.129158328,5.477750808
14.77482,21.51579,5280.85,0.89574,0.268559,3.335356477,10.14322151,-8.585994123,5.294925839
16.61102,20.02644,4852.04,0.88828,0.322803,2.751771204,16.69609207,-8.444790191,5.505002572
15.80943,20.80539,4226.77,0.9001,0.32731,2.749992362,10.20158875,-8.586714823,5.391504566
22.11262,24.87361,6041.82,0.91266,0.212027,4.304451792,8.824046236,-8.327342839,5.489631004
15.9927,19.54995,5211.91,0.88162,0.284094,3.103268636,15.75121887,-8.51738831,5.373806042
19.20144,22.47499,5089.63,0.90754,0.272994,3.324395408,9.396339696,-8.452446208,5.461092708
16.40643,20.53514,5066.62,0.8982,0.271602,3.307044867,10.21165389,-8.464376349,5.440365195
14.3654,18.48736,5350.03,0.88992,0.277945,3.201784526,9.973782468,-8.465781222,5.488272674
15.17557,19.07015,5360.05,0.89346,0.282771,3.15965923,10.62954474,-8.476531292,5.445730758
17.55269,20.34201,4176.8,0.88176,0.363719,2.42428908,11.97490284,-8.52631315,5.497418566
16.4778,18.22015,3234.5,0.85146,0.528877,1.609939551,13.48632882,-8.808087665,5.394180039
16.3496,19.53268,4785.63,0.87892,0.324586,2.707818575,10.86892364,-8.486414013,5.438115224
16.318,21.12145,5478.63,0.89616,0.250884,3.572009375,11.29586886,-8.377501492,5.455983399
15.84638,18.45379,3785.4,0.84016,0.408426,2.057067865,14.18377071,-8.607675391,5.515395304
15.5404,19.18316,5110.47,0.87674,0.304763,2.876792787,23.3852135,-8.52157191,5.342333179
12.28091,15.03566,4605.05,0.84758,0.384969,2.201683772,10.73766466,-8.633049983,5.373761656
11.05946,13.28419,3208.42,0.8194,0.594279,1.378813655,14.30980152,-8.805280643,5.453437112
8.82514,12.25523,4587.94,0.83622,0.449861,1.858840842,10.91865633,-8.549226376,5.552194965
18.136,21.47404,4966.6,0.87414,0.320091,2.730910897,15.88453625,-8.415656085,5.57916272
22.22275,26.3352,6376.53,0.92696,0.17331,5.348566153,8.072850833,-8.248544109,5.434129204
12.49233,14.26911,4926.25,0.84906,0.375512,2.261072882,10.22944772,-8.642760882,5.364087347
23.18313,24.25468,6121.82,0.91144,0.21272,4.284693494,8.558367639,-8.350238448,5.404185501
16.18303,20.69461,5029.52,0.87452,0.31267,2.796942463,11.49835331,-8.402095715,5.569043424
17.27579,20.00048,5826.12,0.88874,0.279658,3.177953071,9.374461264,-8.44494193,5.46299038
9.42102,13.67473,3646.52,0.79602,0.519625,1.531912437,12.76581998,-8.920614292,5.293038088
16.65039,20.73293,6310.98,0.91716,0.203567,4.505445382,7.499709488,-8.324862184,5.470951518
14.99243,16.89559,4119.77,0.83456,0.464165,1.797981321,23.01257762,-8.542285574,5.628520479
15.80961,20.80575,4227.08,0.90008,0.327312,2.749914455,10.28171337,-8.577392962,5.370637095
26.00532,29.88397,6925.59,0.9404,0.137784,6.825175637,6.559779962,-8.041247689,5.446197059
26.58409,28.15548,6604.49,0.92758,0.173997,5.331011454,16.08381099,-8.234141298,5.503406076
24.82604,28.32057,6719.07,0.93142,0.157222,5.924234522,7.356012345,-8.139689678,5.391699308
16.41457,22.51189,6087.8,0.9119,0.204318,4.46314079,8.913063778,-8.382861093,5.407241242
15.45106,19.34531,5466.56,0.895,0.261769,3.419045036,9.273322698,-8.41743835,5.429373962
26.64057,30.35991,6953.22,0.94302,0.133838,7.045980962,6.799985616,-8.045302993,5.441347508
13.11916,14.94998,4833.88,0.86568,0.357543,2.421191297,10.93985638,-8.659610931,5.399651987
12.58163,14.30445,3561.09,0.83616,0.50514,1.65530348,12.61082381,-8.603112531,5.531993685
16.50764,21.87518,4996.79,0.90194,0.273064,3.303035186,15.98892109,-8.376413152,5.429411043
11.084,13.54617,4329.69,0.83554,0.447939,1.865298623,11.58261474,-8.768776459,5.336076459
18.34881,22.52873,5809.49,0.90674,0.226293,4.00692907,9.571451933,-8.328850949,5.478532716
21.87418,27.32376,6975.29,0.94078,0.134478,6.995791133,6.490515863,-8.075808121,5.507444331
26.73396,28.45884,5634.93,0.92688,0.197831,4.685211115,9.795229301,-8.263378103,5.495622218
26.25487,29.79611,7324.57,0.94536,0.126498,7.473319736,6.076098671,-8.036673277,5.373502386
16.13681,18.40095,5048.16,0.88188,0.309954,2.845196384,10.39033531,-8.503393475,5.459098156
15.32621,17.92894,5030.64,0.86432,0.352722,2.450428383,14.4011135,-8.60284464,5.343861467
16.38061,22.59232,5498.34,0.90274,0.245043,3.68400648,9.894263374,-8.322200238,5.525174704
10.92278,15.23895,4383.74,0.84804,0.42067,2.015926974,11.21642061,-8.67766626,5.351951783
14.43924,17.08029,5502.32,0.89748,0.271482,3.305854532,7.818494035,-8.48356841,5.419632566
10.42481,12.46916,4227.44,0.82184,0.463054,1.774825398,11.92618983,-8.786162737,5.305765248
19.24221,23.12463,6118.87,0.92236,0.197997,4.658454421,7.564651446,-8.288377662,5.488179226
10.62085,14.45907,4713.18,0.83742,0.402031,2.082973701,12.04635218,-8.693380311,5.384720122
21.90037,24.81575,6222.05,0.91656,0.208226,4.401755785,11.85529728,-8.253942185,5.465929652
16.67687,20.73716,4601.14,0.8913,0.312618,2.851083431,18.32364587,-8.448255061,5.446221391
19.36203,23.90077,6421.03,0.9281,0.181786,5.105453665,9.122913078,-8.227842065,5.491545877
16.60452,18.77941,4956.31,0.87872,0.336117,2.614327749,10.80566566,-8.61708887,5.348770319
16.45741,22.06497,5113.46,0.90906,0.25077,3.62507477,15.43796029,-8.344782014,5.444362828
26.38234,28.77719,6712.28,0.93126,0.162584,5.727869901,9.361741039,-8.129064446,5.489183944
21.85158,24.10045,6402.51,0.9141,0.204466,4.47066994,8.559016283,-8.336030178,5.450380781
16.65806,20.10498,5112.03,0.90102,0.273661,3.292467688,9.768521113,-8.467773032,5.423874885
14.17121,18.62105,5560.76,0.8917,0.275332,3.238635538,10.20587966,-8.440729876,5.528016585
14.04233,17.91278,5040.38,0.863,0.328939,2.623586744,11.15379932,-8.679343581,5.265338087
18.35074,23.99504,6450.69,0.92946,0.167092,5.562564336,7.654434551,-8.221915388,5.506168745
21.29212,25.56929,4704.5,0.91624,0.248381,3.688848986,9.775310075,-8.409572388,5.498740249
21.20313,24.59611,6484.48,0.9225,0.179485,5.139705268,8.19646904,-8.256051859,5.44536329
15.15779,20.27893,6057.76,0.90262,0.233844,3.85992371,9.256282182,-8.470615431,5.38396106
22.50637,24.91783,6399,0.91712,0.200548,4.573069789,8.886474919,-8.32045355,5.465131579
11.96965,15.45074,4707.06,0.85424,0.380999,2.242105622,11.05608615,-8.575681481,5.522311574
11.35675,13.63064,3433.54,0.8007,0.564021,1.419627993,15.54982851,-8.70339444,5.497799765
15.65365,20.39032,5349.83,0.89454,0.270166,3.311075413,9.344239199,-8.418995445,5.499997967
18.31807,21.14163,5168.99,0.87732,0.304828,2.878082066,11.21019363,-8.393657692,5.541016655
11.0978,15.08043,3516.25,0.83164,0.546985,1.520407324,12.70914518,-8.674989958,5.521681799
14.42779,22.23403,5468.03,0.88228,0.274901,3.20944631,10.88278027,-8.63450969,5.243761518
14.21545,15.69477,4962.09,0.8749,0.33353,2.62315234,11.08130164,-8.570685358,5.446510168
11.56393,13.09519,4785.66,0.86166,0.400729,2.150231204,9.268556843,-8.611391676,5.474776793
16.17921,20.32107,4117.38,0.89692,0.347593,2.580374173,9.416419925,-8.618250706,5.394148452
14.49519,16.80014,2351.56,0.8148,0.77808,1.047193091,13.47211824,-9.03796917,5.271253194
14.79554,19.84987,5710.98,0.88846,0.269926,3.291494706,9.891678635,-8.558290492,5.312258082
16.89306,19.40592,3756.25,0.87976,0.40578,2.168071369,11.19309839,-8.734442531,5.336974267
11.47073,14.50583,4840.39,0.85634,0.374238,2.288223002,11.03968576,-8.658216713,5.403197009
12.29506,14.60251,4330.96,0.84052,0.439844,1.910950246,10.6603849,-8.680177337,5.425356183
15.50418,19.02295,3476.05,0.8569,0.51472,1.664788623,12.53061061,-8.813603658,5.378708158
8.84652,13.31927,4324.46,0.82218,0.493138,1.667241218,15.32625708,-8.609936615,5.539004593
19.29732,25.19835,6809.34,0.93508,0.158601,5.895801414,6.189706132,-8.155674921,5.517708572
22.20304,26.25917,7031.72,0.93732,0.146653,6.391413745,6.357277126,-8.14579688,5.470159292
22.43177,27.47156,6921.74,0.93948,0.140015,6.709852516,6.941616584,-8.140277805,5.524933054
23.91053,28.87107,4802.37,0.92498,0.214742,4.30740144,10.69381141,-8.300617407,5.492199022
19.30876,23.88619,6488.27,0.92882,0.176348,5.266972123,7.02240025,-8.202651857,5.405353459
19.40281,21.53548,5601.41,0.91194,0.227033,4.016772892,8.93261426,-8.385365221,5.346669598
17.03611,22.48361,5140.64,0.90494,0.255396,3.543281806,9.30257195,-8.388771302,5.477771218
22.12353,24.53577,6303.54,0.9163,0.202573,4.523307647,8.811125989,-8.315185984,5.435168778
19.39465,22.54853,6294.91,0.9146,0.214391,4.266037287,7.593331477,-8.312011158,5.461538482
17.89197,22.56147,6103.03,0.91458,0.203314,4.498362139,8.511691906,-8.304386263,5.446413715
21.31996,24.33664,6021.19,0.91934,0.190792,4.818545851,8.860743656,-8.28998867,5.445585209
24.20367,27.00561,6372.64,0.9178,0.191312,4.797399013,8.820398639,-8.288425241,5.447794191
11.86193,15.40735,4911.77,0.86338,0.344978,2.502710318,10.82947756,-8.598697263,5.357141911
18.08135,23.67267,6727.28,0.92938,0.160424,5.793272827,7.147207141,-8.156885849,5.44882579
14.5405,22.21993,5520.47,0.88234,0.273149,3.230251621,10.39647031,-8.611409138,5.346409933
26.67482,28.7454,6852.71,0.93098,0.165065,5.64008118,10.83116957,-8.13677283,5.548389983
16.67104,21.64685,5055.04,0.89488,0.267994,3.339179235,16.45351041,-8.362713138,5.543546303
10.32572,13.98778,5023.1,0.84758,0.391428,2.165353526,14.94744114,-8.615762048,5.438467267
26.06312,29.04918,6260.26,0.92852,0.173817,5.341940086,17.85284052,-8.248373111,5.349653171
15.06645,20.37893,5255.59,0.895,0.272915,3.27940934,9.597184229,-8.425928661,5.523797444
16.41662,21.57458,4893.12,0.897,0.290453,3.088279343,16.57146438,-8.440289788,5.4609479
18.01153,23.27993,5722.06,0.91998,0.197735,4.652590588,8.70563695,-8.254155442,5.514148075
14.77835,20.03417,4435.97,0.86852,0.360377,2.410031717,20.67277073,-8.524205002,5.459694166
16.37579,20.98291,4375.72,0.89212,0.336387,2.652064438,19.07665269,-8.54885039,5.457325847
10.27324,12.99056,3213.22,0.82838,0.588824,1.406838036,17.20381097,-8.846536795,5.474870529
19.36306,23.00438,6293.02,0.9139,0.213525,4.280060883,7.626015487,-8.320521159,5.482571974
21.23375,25.14072,4631.23,0.91608,0.251759,3.63871798,9.894819713,-8.441129478,5.448169625
15.8388,19.66508,5791.61,0.91048,0.22211,4.099230111,8.981231386,-8.326374228,5.491956767
16.70577,20.05185,5415.18,0.89916,0.278239,3.231610234,13.79918045,-8.451903911,5.472859647
19.35919,22.38954,6067.04,0.91446,0.224362,4.075823892,12.02536067,-8.345413652,5.447323391
15.80201,18.06567,6253.55,0.91978,0.20641,4.456082554,6.573238896,-8.325302541,5.444961595
16.16657,19.00399,4505.07,0.8692,0.36778,2.363369406,11.87543233,-8.66194933,5.361138532
17.40933,20.16624,6274.19,0.91786,0.198274,4.629250431,7.747037084,-8.325772188,5.467833813
14.95862,20.19423,5930.88,0.89028,0.261056,3.41030277,9.944005433,-8.524305571,5.361415522
16.12149,20.64827,4970.78,0.87732,0.310122,2.828951187,11.17786209,-8.412367918,5.523190878
14.42566,21.07135,5487.21,0.87628,0.290916,3.012140962,10.73052612,-8.620230034,5.283349246
15.12681,17.49959,3378.51,0.85616,0.537469,1.592947686,14.46876567,-8.85330919,5.347856155
21.87649,25.88239,6582.05,0.93012,0.168125,5.532312268,7.282607428,-8.193651244,5.433807129
15.52664,18.33929,5301.3,0.86506,0.328881,2.630313092,11.90264743,-8.577249776,5.37923262
19.04546,20.92727,4681.2,0.88964,0.298893,2.976449766,10.83922854,-8.441541605,5.481828839
21.08432,24.98399,6902.95,0.93592,0.156054,5.997411153,6.205199182,-8.145057389,5.444206303
17.49757,23.03077,6236.31,0.91992,0.189198,4.862207846,8.4801759,-8.298103079,5.450529439
16.62707,19.66519,5262.38,0.8851,0.309041,2.864021279,14.04924167,-8.485250361,5.404344898
26.45987,28.61818,6405.9,0.93704,0.15293,6.12724776,12.78838752,-8.091423077,5.522105454
21.93275,26.48721,6948.58,0.93952,0.139767,6.722044546,6.61424922,-8.090867302,5.509937421
11.54767,16.58914,5572.14,0.8735,0.326031,2.679193083,13.38613821,-8.562724735,5.436932593
16.68025,19.59253,4114.15,0.88234,0.36868,2.393240751,11.41862201,-8.541777002,5.470205632
18.3169,22.11393,4793.84,0.87814,0.325538,2.697503824,11.49757951,-8.425251278,5.558413653
15.8473,21.062,5622.82,0.89436,0.264186,3.385342145,9.953228979,-8.358005512,5.572216986
14.99583,17.5114,2646.87,0.83212,0.691822,1.202794939,14.24786261,-8.880508047,5.347304856
19.76403,24.20799,6808.58,0.93516,0.158812,5.888471904,6.128186409,-8.174910925,5.489950883
21.62877,26.06876,6224.46,0.9253,0.174402,5.305558422,8.171915153,-8.215101294,5.515463794
10.09302,14.12994,4595.17,0.8153,0.407171,2.00235282,16.40263495,-8.662735685,5.43649176
18.82201,20.61594,5546,0.88626,0.280135,3.163688936,10.2309168,-8.418818366,5.522730909
11.9896,13.45261,3999.22,0.81494,0.488938,1.666755294,11.62520261,-8.798521329,5.333300862
17.48979,20.83639,6483.2,0.92492,0.186411,4.961724362,7.062977733,-8.298783694,5.436548991
15.56951,21.1764,6160.76,0.8924,0.239003,3.733844345,10.79744664,-8.480840877,5.363212764
21.07582,24.11694,6545.88,0.91152,0.214622,4.247094892,8.029951549,-8.344339493,5.47313486
17.89089,23.51466,6069.59,0.92014,0.189563,4.85400632,9.29977861,-8.228881422,5.501007612
11.60409,15.44497,2303.91,0.8202,0.796562,1.029675028,19.57724225,-9.040635324,5.258323692
17.58895,22.01071,5894.76,0.92052,0.202649,4.542435443,8.716298827,-8.290101465,5.488972612
13.7003,17.36806,4215.16,0.82274,0.435815,1.887819373,12.94607459,-8.862439062,5.223148212
16.69815,20.74953,4658.52,0.9009,0.294484,3.059249399,10.67834209,-8.508852466,5.444358595
17.49633,19.34351,4354.45,0.87044,0.36396,2.391581492,12.85067137,-8.464234963,5.552770871
26.93396,29.16873,6625.05,0.93038,0.164111,5.669211692,8.189124829,-8.212283682,5.469628664
21.80729,25.18474,6474.04,0.92264,0.181946,5.070955119,8.160166384,-8.313064781,5.448116111
14.63909,19.39999,4024.43,0.8868,0.383097,2.31481844,11.4817943,-8.741309115,5.325668261
26.48383,29.13825,7042.28,0.93794,0.145017,6.467793431,6.582085038,-8.095996352,5.414066442
17.43048,23.00609,5914.74,0.91056,0.218892,4.159859657,9.393654253,-8.288358297,5.550942425
11.99538,14.7662,3466.13,0.84754,0.521342,1.625689087,11.72484366,-8.730670884,5.469439456
17.07841,20.60307,5343.26,0.89816,0.26495,3.389922627,14.38912172,-8.53263932,5.374532579
17.62078,20.46557,5663.19,0.89468,0.26288,3.403377967,9.9711718,-8.437694263,5.434005881
16.96352,18.98097,5127.61,0.88246,0.308793,2.857772035,10.34032669,-8.50368182,5.47053997
15.88578,18.33825,5059.89,0.87158,0.328129,2.656211429,10.08613949,-8.493384536,5.443003902
22.20894,26.77475,6368.67,0.92746,0.174065,5.328239451,8.136260271,-8.237054332,5.404410912
15.50108,20.03698,5373.54,0.90194,0.265451,3.397764559,9.919786689,-8.441487861,5.482543746
21.87702,25.29858,6772.32,0.92902,0.165446,5.615246062,7.708343817,-8.203608048,5.426747089
20.78465,25.39987,7155.52,0.9414,0.136613,6.89099866,5.853402472,-8.079011634,5.553212218
13.82012,15.81587,5651.28,0.89192,0.277676,3.212088909,8.771915958,-8.453789699,5.441330057
16.37772,18.33149,4664.86,0.85054,0.396817,2.143406154,12.3391476,-8.754832916,5.331510938
18.20639,22.88957,6270.56,0.91466,0.200311,4.56619956,8.29394292,-8.298905322,5.435794038
27.25458,30.16259,7188.32,0.9434,0.130456,7.231557,6.860516123,-8.036824511,5.537137677
17.60309,20.20401,5636.94,0.89312,0.263128,3.394241586,9.791480881,-8.457796705,5.397094397
10.63457,12.43264,4394.88,0.84564,0.453681,1.863952866,10.55200221,-8.614375779,5.519241499
25.83107,28.81921,7341.38,0.93894,0.143734,6.532483616,5.837106024,-8.090169422,5.430154136
13.96221,17.39865,4651.33,0.83174,0.405138,2.052979479,13.00905317,-8.827695207,5.189190864
19.13401,21.90663,6098.12,0.91252,0.22635,4.03145571,8.061903741,-8.362430685,5.472627585
11.21281,13.86573,3984.69,0.83884,0.466562,1.797917533,17.37650972,-8.64622923,5.483093506
13.75819,18.84573,4619.98,0.85412,0.361698,2.361417536,15.86103762,-8.735506011,5.287781331
22.13702,25.47048,6650.91,0.92752,0.175962,5.271138087,7.499503974,-8.270575639,5.457208194
18.09131,21.59107,6185.61,0.91346,0.20866,4.377743698,8.202268392,-8.322163165,5.494363277
12.27204,13.18849,3787.94,0.82526,0.50892,1.62159082,16.01455603,-8.528415946,5.615238905
16.03982,18.55882,5364.84,0.86092,0.316927,2.71646152,11.52994538,-8.605942972,5.363117841
12.07717,15.71333,4555.94,0.85376,0.385408,2.215210893,10.06484776,-8.658042506,5.387142064
11.45676,15.88972,4449.58,0.8503,0.418531,2.031629676,14.90364328,-8.586904677,5.457724512
18.68492,21.35826,5918.21,0.92452,0.212344,4.353878612,7.469050669,-8.379947166,5.418237539
16.14092,18.34744,4624.15,0.8556,0.384296,2.22640881,19.32859116,-8.63486266,5.430768463
9.62616,11.80403,3825.21,0.8125,0.524881,1.547969921,20.42053895,-8.660134275,5.457957967
26.24887,29.43728,7380.54,0.94446,0.125964,7.49785653,6.052901496,-8.040768073,5.466940516
16.7611,22.64907,5176.06,0.90934,0.248826,3.654521634,8.94689509,-8.339031987,5.426080512
17.12122,20.79492,4602.64,0.9025,0.289749,3.114764848,10.91175489,-8.424813997,5.432716173
13.85297,17.52858,5040.59,0.85356,0.391957,2.177687859,12.68639325,-8.593436199,5.464723407
17.43987,22.56098,5645.75,0.91892,0.209393,4.388494362,8.370606869,-8.281303131,5.469282549
22.01456,26.01478,5708.33,0.9223,0.192972,4.779449868,12.99500276,-8.266516364,5.452279513
14.36927,21.23724,4735.67,0.89014,0.298397,2.983072886,18.0372001,-8.464406255,5.453699046
14.42011,17.96016,3548.27,0.85674,0.506,1.693162055,16.47102091,-8.790050275,5.405212607
15.9122,20.05983,6073.13,0.88146,0.270415,3.259656454,10.35279349,-8.535530815,5.33696858
22.31609,27.76019,6887.75,0.9391,0.139838,6.715628084,6.900756709,-8.091689623,5.417405184
18.17171,23.57574,6661.5,0.92642,0.173045,5.353636337,6.985624108,-8.245592424,5.45243172
11.72896,15.15005,4761.5,0.85516,0.371153,2.304063284,10.27798504,-8.597789483,5.380790838
15.17934,20.02189,5667.1,0.9063,0.235004,3.856530102,8.980165717,-8.377629081,5.445714273
10.72172,14.8716,4019.53,0.8251,0.454635,1.814862472,13.01854939,-8.778549383,5.35767395
16.59542,21.33711,6101.64,0.91032,0.211586,4.302364051,9.046477643,-8.411967315,5.347524674
10.79794,13.51834,2952.94,0.82848,0.628304,1.318597367,24.22663556,-8.774390237,5.526563609
14.50887,19.18033,5017.67,0.87758,0.325965,2.692252236,17.3705375,-8.632205494,5.352660755
14.196,18.37025,5156.14,0.85132,0.358723,2.373196031,10.02674192,-8.749927134,5.24917499
14.84295,20.08075,5810.82,0.90298,0.23952,3.76995658,8.9153047,-8.367001055,5.49584635
14.37948,17.94405,3733.39,0.8251,0.497037,1.660037382,22.95661215,-8.444350407,5.628252514
14.87789,18.42276,5636.37,0.85996,0.319262,2.693587085,11.33632315,-8.596311471,5.371341637
17.65103,22.66866,6190.67,0.92108,0.184799,4.984226105,8.150093992,-8.279930029,5.442865439
21.9224,25.03958,5695.27,0.92668,0.196593,4.713697843,8.970654394,-8.298181812,5.457475098
15.4082,20.26157,5372.03,0.8954,0.270867,3.305681386,10.50197694,-8.447468071,5.46523818
18.64796,23.18843,5968.67,0.9159,0.198642,4.610807382,9.390485865,-8.264147967,5.473295475
21.88058,24.12703,5291.11,0.91068,0.246768,3.690429877,9.736454128,-8.406825523,5.452358658
10.67158,14.71961,4822.97,0.85848,0.370662,2.316072325,10.88529143,-8.613890513,5.439043115
22.53175,25.22455,6343.55,0.91674,0.200873,4.563779104,9.716789117,-8.275172179,5.463102122
11.18017,15.39746,4947.27,0.83322,0.414727,2.009080672,17.01849724,-8.624675276,5.461823118
21.8828,28.25845,7212.22,0.94524,0.126187,7.490787482,5.906711802,-7.999418494,5.548076802
18.51016,22.67417,5587.03,0.9185,0.210344,4.366656525,8.454490049,-8.253790375,5.500168707
26.65522,32.27873,7508.48,0.95426,0.101752,9.378292319,5.651328607,-7.846902789,5.61750004
18.25779,20.56757,5445.47,0.90358,0.264665,3.414051726,8.998433634,-8.461357589,5.451610292
6.87859,10.87754,3108.07,0.74794,0.72417,1.032823784,18.89934758,-8.713251714,5.552165729
15.70215,17.95874,5058.15,0.88938,0.288737,3.080242574,16.23697791,-8.436033702,5.502574769
15.19961,20.33353,4175.58,0.89844,0.346661,2.59169621,9.823605045,-8.651232403,5.403512843
11.6538,13.74171,4386.7,0.83108,0.450384,1.845269814,11.78785828,-8.678473468,5.435747525
12.11266,14.09858,3453.27,0.84384,0.519076,1.6256579,16.48966543,-8.70595426,5.488966945
16.82899,21.22465,5294.42,0.90184,0.255016,3.536405559,9.614871232,-8.40593842,5.466016615
16.00839,19.57353,5516.9,0.88694,0.269722,3.288348744,9.690162773,-8.554095589,5.312961643
26.21171,28.40695,6808.29,0.92882,0.170015,5.463165015,7.717095066,-8.186894927,5.429056836
21.68676,24.19312,6511.88,0.91572,0.201308,4.548850518,8.377174614,-8.273959287,5.469218819
14.8194,18.91409,5075.15,0.87972,0.309055,2.846483636,10.59897457,-8.626089137,5.35490003
18.14368,23.5539,6393.11,0.9193,0.191631,4.79724053,7.841443725,-8.246311951,5.449996541
11.54339,14.09225,2605.5,0.81282,0.696008,1.167831404,13.14507513,-8.963065748,5.379071477
19.31594,24.57614,6847.55,0.93174,0.164195,5.674594232,6.408374405,-8.148534508,5.513028712
11.90918,15.31251,4673.11,0.85338,0.391092,2.182044123,11.18420512,-8.603143716,5.541052566
15.9579,18.21627,4691.52,0.85076,0.401095,2.121093507,12.29714358,-8.763877468,5.314493038
15.74752,18.64427,4824.79,0.8784,0.327935,2.678579597,14.64855237,-8.463258345,5.474479809
10.82558,12.32041,3263.4,0.81292,0.609816,1.33305784,22.26081158,-8.574019937,5.625503899
9.88262,12.71813,4120.35,0.8147,0.467528,1.742569429,11.97104388,-8.754977091,5.384269127
19.07281,21.5006,5496.38,0.88262,0.289422,3.0495954,10.33419703,-8.349577828,5.518106687
19.46707,23.33941,6470.68,0.92284,0.184712,4.99610204,8.240337361,-8.250096383,5.464449403
22.29775,25.57737,6404.31,0.9312,0.168278,5.533700187,9.136097865,-8.216317511,5.509893738
15.36533,18.77424,4703.1,0.88052,0.344668,2.554690311,11.44104535,-8.523310942,5.502883168
17.72717,20.51547,4843.54,0.86356,0.340664,2.53493178,12.35431907,-8.384549488,5.580047354
15.21659,22.62667,5747,0.91198,0.218116,4.181169653,9.746719828,-8.441772191,5.346288765
9.37555,11.21862,4248.09,0.8357,0.504241,1.657342422,21.55614236,-8.540262755,5.56139687
14.89526,18.88612,4693.36,0.89124,0.323058,2.758761585,11.2707302,-8.544659765,5.397647359
9.56567,11.34488,4598.62,0.83516,0.45993,1.815841541,11.8061315,-8.64448711,5.463836791
24.95289,28.72789,5900.06,0.92718,0.177288,5.229795587,13.32943239,-8.205313567,5.533415408
22.25006,24.28585,5927.04,0.91012,0.219279,4.150511449,12.87236564,-8.358858504,5.450740711
10.477,14.02655,4082.42,0.83682,0.475989,1.758065838,11.54121654,-8.718141694,5.409425176
14.73117,18.92469,4096.5,0.85864,0.397681,2.159117484,29.31901717,-8.649639458,5.453594
9.58973,12.10597,3598.31,0.80888,0.585276,1.382048811,13.91557384,-8.812592557,5.490446633
18.83539,19.99314,4511.88,0.88116,0.320144,2.752386426,12.19305785,-8.397933823,5.537272725
19.48286,23.66615,6798.05,0.92768,0.177785,5.217988019,6.630802001,-8.266243308,5.459966242
15.01747,17.54724,4101.68,0.84342,0.452315,1.864673955,15.89558267,-8.819563529,5.299056398
10.13508,12.64353,2934.28,0.7804,0.626211,1.246225314,16.38260115,-8.796353869,5.485974893
15.02764,17.94872,5465.15,0.88344,0.27862,3.170770225,10.29934847,-8.475518258,5.415212953
16.44586,19.4107,5024.85,0.8808,0.329684,2.671649216,10.22747617,-8.45527978,5.475601302
17.57032,21.69198,5727.26,0.9059,0.230407,3.931738185,9.247452997,-8.410881781,5.430431849
14.6418,20.30595,2800.32,0.85054,0.581489,1.462693189,15.26689319,-8.989512104,5.33478727
14.60355,17.52308,5082.95,0.86924,0.347973,2.498009903,9.915998005,-8.660619793,5.356021344
14.60056,18.80054,2899.46,0.85678,0.562204,1.523966389,14.1004972,-8.892556821,5.313294382
16.96688,20.71961,5661.85,0.90156,0.246834,3.652495199,9.822608047,-8.452534468,5.379847552
22.05778,24.12654,6326.3,0.91756,0.202777,4.524970781,11.18006715,-8.257159776,5.49029046
27.18903,29.15383,7500.81,0.94614,0.123516,7.660060235,5.869297209,-8.027992727,5.544841649
13.60749,17.31227,4190.83,0.82096,0.434748,1.888358313,12.75427923,-8.862980069,5.208213838
12.37343,16.01966,5137.24,0.86764,0.336894,2.575409476,9.482776878,-8.586924107,5.453503676
15.7166,19.51701,5319.73,0.90042,0.26603,3.384655866,13.64575663,-8.434770789,5.449799389
22.05974,25.23584,6117.79,0.92122,0.183744,5.013605886,9.36697928,-8.26009917,5.465623424
28.9615,32.09205,7930.55,0.9367,0.137545,6.810134865,7.006180703,-8.03781651,5.5146659
15.15875,18.23996,2896.96,0.8582,0.578213,1.48422813,13.90773236,-8.899731613,5.326624314
17.69809,20.414,5398.48,0.89362,0.271048,3.296906821,13.88295537,-8.472769978,5.438086413
17.67556,19.75453,5450.26,0.88696,0.27865,3.183061188,10.55620125,-8.498469638,5.369177846
14.51942,19.21666,5396.08,0.87612,0.292616,2.99409465,10.09854592,-8.602924748,5.276658946
26.88763,30.28878,7041.75,0.94366,0.1291,7.309527498,7.103711623,-7.998749396,5.49257189
14.40871,22.53061,5485,0.88728,0.261798,3.389177916,10.66575119,-8.557768846,5.299981967
11.0351,12.87807,4267.43,0.8377,0.48202,1.737894693,11.37215155,-8.673974823,5.51877709
8.77025,16.03404,3887.72,0.82332,0.499641,1.647823137,34.81949242,-8.588821548,5.493936737
16.32783,20.4668,6138.51,0.91758,0.205815,4.458275636,7.435672747,-8.331477216,5.490322381
19.2309,22.50817,4550.9,0.91574,0.269325,3.400129955,10.94835422,-8.415629003,5.431654927
16.69275,20.92248,4892.91,0.89396,0.291205,3.069864872,25.49765682,-8.531537483,5.442764243
15.71712,17.89798,5114.94,0.85624,0.348844,2.454506886,12.39879669,-8.669379457,5.353220983
18.17757,22.00173,5478.35,0.88784,0.277594,3.198340022,9.968542753,-8.402240351,5.527451934
19.04893,22.20656,6008.3,0.92338,0.193054,4.783014079,8.301735692,-8.265758197,5.484036404
17.04416,20.93358,5953.85,0.91046,0.223348,4.076418862,8.921929389,-8.438249009,5.444489653
19.34034,21.12256,6315.47,0.92418,0.185575,4.980088913,7.306787768,-8.279061681,5.445622354
22.0765,24.89079,5647.62,0.92612,0.198475,4.66617962,9.563798743,-8.28684125,5.427122939
14.1969,20.23531,5451.43,0.89306,0.26873,3.323261266,9.66487117,-8.400072509,5.418070667
17.01292,19.01097,5357.46,0.88068,0.308568,2.854087268,10.57166408,-8.603666537,5.357345387
21.87942,25.42328,6611.02,0.93032,0.165587,5.618315447,7.542770664,-8.193677376,5.497990119
14.83872,19.12972,2867.08,0.85656,0.559611,1.530634673,12.58204362,-8.911265385,5.376673191
15.11493,21.50875,5980.85,0.90344,0.228615,3.951796689,8.953705368,-8.462470415,5.355592428
27.16182,30.35527,6682.38,0.94254,0.138397,6.81040774,10.84698925,-8.085848029,5.47643739
15.05237,16.92938,5011.25,0.88698,0.310746,2.854356935,13.43111662,-8.502000853,5.466857418
18.89406,23.1897,5816.78,0.91876,0.213867,4.295940935,12.95978149,-8.303321925,5.482761271
12.67382,16.04533,4484.37,0.86402,0.386207,2.237194044,15.74203397,-8.544561077,5.478760982
18.44369,22.45049,5505.7,0.90126,0.245544,3.67046232,11.29860806,-8.3009591,5.481782553
10.4537,12.28241,3871.26,0.8305,0.560859,1.480764328,11.03672046,-8.67304637,5.514605501
26.58569,29.76517,7144.14,0.9417,0.134757,6.988134197,6.599042961,-8.057550559,5.486072716
17.65423,22.44589,6253.82,0.92172,0.185036,4.981300936,7.94838915,-8.279666336,5.451832346
19.88383,23.43102,4641.31,0.88036,0.29723,2.961881371,11.72952665,-8.500735575,5.481274725
21.57005,25.1666,6516.44,0.92532,0.175851,5.261954723,7.777076968,-8.205336159,5.497358194
11.27084,14.1751,3621.01,0.81354,0.538881,1.509683956,12.0273397,-8.717254803,5.450887645
16.93003,19.39141,5320.62,0.88162,0.308176,2.860767873,10.91101396,-8.587265113,5.378919488
21.93242,24.9308,6403.28,0.91162,0.215374,4.232730042,8.241004966,-8.335176056,5.457565052
14.53981,22.21277,5519.35,0.8823,0.273035,3.231453843,10.20291565,-8.620783625,5.275608533
14.86325,19.86117,5959.6,0.90852,0.229712,3.955039354,8.128988794,-8.407497553,5.469506528
14.85852,20.62731,4531.67,0.87542,0.347663,2.518013133,12.51619099,-8.659172797,5.32760267
8.66567,14.65216,4467.11,0.81888,0.435792,1.879061571,16.79505848,-8.656243061,5.432289861
22.19492,24.87168,6709.41,0.92624,0.175641,5.273483982,7.532585291,-8.249630063,5.455460782
11.69604,18.29844,5878.87,0.88538,0.286239,3.093149431,15.24314887,-8.514581457,5.389876985
16.23564,20.53504,5240.79,0.89704,0.276525,3.243974324,9.769250585,-8.418101284,5.555051376
12.51026,15.52489,3810.09,0.85932,0.44773,1.91928171,10.70510747,-8.707911693,5.35842662
10.98009,14.25846,4240.07,0.83208,0.442085,1.882171981,11.53117299,-8.752727121,5.344551719
14.93496,16.22558,3804.53,0.82108,0.467795,1.755213288,18.25040545,-8.791780255,5.352709469
22.04316,24.18716,6414.15,0.91614,0.201876,4.538132319,8.043413807,-8.313567278,5.476210501
10.5545,13.98913,4005.94,0.84606,0.479397,1.764842083,15.78322803,-8.73330372,5.382157339
4.52274,7.29369,985.536,0.60902,1.41473,0.430484969,27.4971726,-9.008120059,5.209715482
16.64465,21.78461,5823.05,0.90632,0.232796,3.893194041,9.235707405,-8.318856196,5.485889465
15.04018,17.97823,5147.54,0.8799,0.303749,2.89679966,12.28195275,-8.541976548,5.356777388
27.06742,28.86271,6768.54,0.93046,0.164557,5.654332541,8.379693985,-8.219773347,5.527479486
16.47099,18.54818,5884.34,0.8914,0.271184,3.287067084,9.63368109,-8.534449158,5.435367145
19.06062,21.30077,5286.36,0.89052,0.259839,3.42719915,17.28507811,-8.479533908,5.351218065
22.37416,26.16801,6542.82,0.92708,0.169136,5.481269511,8.451360592,-8.244015443,5.438778913
15.00541,17.32343,4939.52,0.88564,0.334691,2.646142263,9.762579307,-8.56336458,5.462957665
11.40756,14.11041,3722.17,0.8309,0.525465,1.581266117,15.09298521,-8.580241182,5.570470783
19.11965,22.32451,5775.95,0.90886,0.237407,3.82827802,14.06204832,-8.421715923,5.447060944
10.55154,12.93182,4775.39,0.85842,0.407849,2.104749552,10.51857393,-8.567795738,5.509083723
16.39228,21.02307,6215.58,0.9157,0.209664,4.367464133,7.606144676,-8.318484018,5.46413501
12.99803,16.9401,4935.07,0.87584,0.343252,2.551594747,9.490581479,-8.576884578,5.387840207
21.97285,25.30627,5545.14,0.92586,0.199062,4.651113723,9.565313035,-8.310111624,5.480420163
9.28206,11.56741,3140.61,0.78988,0.672208,1.17505296,14.192332,-8.936888203,5.362163687
18.50152,21.77681,4894.52,0.89,0.280285,3.175339387,16.57973301,-8.367970312,5.536121881
26.71551,28.89089,6870.01,0.9313,0.160176,5.814229348,8.050249995,-8.184632079,5.507934044
10.94385,12.59376,5030.05,0.8614,0.385283,2.235759169,9.484046229,-8.5900663,5.502239626
11.69169,13.53128,3382.98,0.81382,0.583381,1.395006008,16.2847673,-8.736841765,5.468003659
14.30512,21.43221,4299.27,0.86532,0.380701,2.272964873,14.61752092,-8.737332903,5.247274743
11.89098,14.91638,2934.69,0.79326,0.63618,1.246911252,17.33405628,-8.915293443,5.325433189
16.21715,20.10541,5538.46,0.89596,0.261036,3.432323511,15.79607577,-8.501956273,5.374818982
15.18554,17.20225,4710.83,0.85518,0.382825,2.233866649,13.23564208,-8.549653938,5.476743202
5.24685,9.61645,1093.72,0.64532,1.51482,0.42600441,36.57770939,-9.176377291,5.26881046
22.1668,25.76537,6725.43,0.92686,0.164228,5.643739192,8.738335868,-8.209198565,5.471965645
17.65234,21.49575,5692.05,0.91596,0.219688,4.169367467,9.102963655,-8.343956866,5.440818126
15.26847,19.34465,5066.35,0.89876,0.27416,3.27823169,14.03890423,-8.437405634,5.465215566
11.79982,15.32515,4618.23,0.84228,0.393157,2.142350257,11.36937239,-8.594782225,5.438593684
14.52992,22.54506,4752.66,0.89674,0.275981,3.249281653,21.77648496,-8.497372953,5.425917501
16.43891,19.22847,5119.38,0.8776,0.320121,2.741463384,10.45604464,-8.645322341,5.392607033
11.225,18.1985,4859.66,0.84262,0.348534,2.417612055,21.98558904,-8.607625927,5.406069875
14.52681,21.09801,3011.29,0.88326,0.451254,1.95734553,14.41982841,-8.798713197,5.357802587
10.86528,14.27546,4261.58,0.83704,0.45135,1.854525313,12.39067154,-8.73658455,5.423409312
22.15577,26.19702,6721.09,0.9277,0.165557,5.603508157,7.525527987,-8.229697233,5.487727458
15.62477,19.83024,5923.2,0.88536,0.253023,3.499128538,11.42000698,-8.52097149,5.366878461
10.18273,12.85291,4041.7,0.8077,0.54898,1.471273999,17.18907834,-8.6585034,5.512916932
14.16331,19.39692,5654.02,0.898,0.254271,3.531665035,9.303040809,-8.390440185,5.511501265
15.93726,18.96401,5717.71,0.87952,0.292725,3.004594756,10.30484661,-8.543078946,5.426103711
16.36915,20.52539,4238.03,0.8871,0.348166,2.547922543,11.03511101,-8.673885977,5.372353778
22.16085,26.78392,6925.19,0.9395,0.140832,6.671069075,6.409384207,-8.141446761,5.536265008
16.4562,18.61618,3728.87,0.86286,0.481481,1.792095638,11.32646234,-8.759613904,5.360339577
15.70359,18.39371,4223.91,0.87236,0.385775,2.261318126,12.28424929,-8.530140624,5.457504968
10.825,12.85131,2658.15,0.81744,0.720342,1.134794306,14.37804279,-8.924878438,5.414757188
16.57572,19.20607,5174.46,0.88448,0.293035,3.018342519,10.53678348,-8.415856982,5.521214846
17.13008,22.17367,6014.07,0.90426,0.238999,3.783530475,8.720633925,-8.395844932,5.46396403
21.56579,24.24993,6356.87,0.907,0.224056,4.048095119,8.567909452,-8.335379066,5.463380195
11.50353,12.61407,3659.79,0.80622,0.546469,1.475326139,16.28402828,-8.671351207,5.521721926
15.74755,19.51656,4142.96,0.87978,0.375953,2.340132942,12.69866591,-8.577094559,5.461099102
16.33805,18.77543,3708.03,0.86166,0.476349,1.808883823,11.20235185,-8.76867189,5.450795634
14.10022,20.30745,6393.75,0.90208,0.232421,3.881232763,11.67856989,-8.387059272,5.424132162
10.09785,13.80804,4147.29,0.82632,0.477661,1.729929804,13.50139221,-8.758745369,5.338329326
10.47704,13.3302,4389.11,0.83078,0.462417,1.796603499,12.46284736,-8.672691082,5.386208529
18.53749,23.50538,5877.84,0.91062,0.211672,4.302033335,9.35724909,-8.316083244,5.515837745
15.97887,19.91934,5337.94,0.89968,0.258449,3.481073635,10.95790044,-8.452984451,5.437790266
17.55189,22.89908,6220.72,0.91944,0.193026,4.763296136,7.9375893,-8.33357587,5.410645767
10.94865,14.31708,3605.83,0.83474,0.528015,1.580902058,11.77691462,-8.768320388,5.452666095
16.0158,21.99668,5797.42,0.91324,0.225573,4.048534177,8.75175804,-8.354471066,5.431282476
17.6065,22.35806,6286.77,0.91646,0.198302,4.621536848,8.15564135,-8.346387953,5.431156076
13.94041,16.88796,5021.66,0.87222,0.334393,2.608367998,13.6025515,-8.489378043,5.50427578
11.8892,14.82646,4583.35,0.86222,0.389312,2.214727519,13.29049434,-8.59810835,5.423398884
10.07184,13.19419,3095.18,0.80368,0.647401,1.241394437,13.15784671,-8.794637644,5.471499002
15.46447,18.70511,5513.65,0.89564,0.26682,3.356719886,10.14827456,-8.463012045,5.428253415
10.34785,14.45733,4320.5,0.8367,0.441885,1.893479073,12.49541857,-8.706060871,5.344263205
8.7413,15.77896,4039.86,0.8112,0.49065,1.653317028,18.73407651,-8.763682724,5.332007513
15.02755,20.99669,4222.46,0.90188,0.325507,2.770693103,10.33608808,-8.65792702,5.392803713
26.0233,28.19417,7067.19,0.93076,0.163821,5.681567076,7.015766564,-8.178756631,5.483976034
23.09142,23.86114,6263.34,0.899,0.249993,3.596100691,12.66987901,-8.376454152,5.472883422
14.49292,19.32409,5848.86,0.88496,0.276824,3.196832645,12.13204839,-8.48959121,5.417140666
13.91814,16.09669,3373.24,0.80218,0.523521,1.532278552,15.55532582,-8.927809647,5.197878424
16.48355,20.89125,5609.82,0.9075,0.245093,3.702676127,8.243146085,-8.444746326,5.391956149
19.22744,23.00274,6291.58,0.9146,0.215485,4.244378959,7.581701796,-8.311451411,5.518495457
16.39172,21.08529,5515.69,0.90636,0.239451,3.78515855,9.274024754,-8.359450938,5.537225943
26.28237,28.69642,6572.85,0.91976,0.187322,4.910047939,8.596697408,-8.293721261,5.481884067
9.70589,12.10053,2582.28,0.8021,0.769002,1.0430402,15.20981742,-8.870202037,5.509709026
10.07871,14.49356,3886.4,0.82972,0.48582,1.707875345,19.1383731,-8.546801736,5.608574842
16.99024,20.53036,3983.41,0.89228,0.356474,2.503071753,14.48220542,-8.599959289,5.404741024
15.2191,21.28945,5582.02,0.89762,0.258071,3.47819011,10.13187314,-8.496536025,5.344400463
10.92749,14.96018,4501.99,0.84196,0.409003,2.058566808,11.34888955,-8.615201493,5.486283164
9.48999,16.39022,4280.55,0.84134,0.439234,1.915471025,27.39218758,-8.602689702,5.497734308
11.66352,15.5622,4625.68,0.86006,0.378251,2.273781166,11.00607399,-8.597602607,5.439257702
14.56712,20.98056,5429.73,0.87894,0.278918,3.151248754,10.30779127,-8.648977752,5.298520111
26.88373,29.28148,6503.17,0.9268,0.168425,5.502746029,8.914459362,-8.209872416,5.495992067
14.98958,21.47436,3089.51,0.89102,0.423177,2.105549215,12.41145912,-8.755223269,5.414167563
14.7872,18.16248,5517.96,0.90282,0.262251,3.442579819,7.633616176,-8.404662235,5.435786658
11.05144,15.42888,6178.01,0.87448,0.291656,2.998326796,13.0754678,-8.528573979,5.434507467
19.29703,22.2306,6528.33,0.91806,0.208445,4.404327281,7.316257495,-8.307216034,5.455185954
8.79032,11.5785,4017.31,0.82094,0.528702,1.552746159,11.53237667,-8.65447571,5.490256731
10.88898,13.42667,3762.16,0.83144,0.503102,1.652627101,38.90135095,-8.314721306,5.572655556
10.16112,15.71785,3738.32,0.8295,0.514158,1.613317307,16.50071361,-8.749560159,5.375962251
15.80014,20.80932,5907.26,0.89404,0.25464,3.510995916,9.323406757,-8.493757151,5.386308375
17.5324,22.2026,5920.54,0.91182,0.21733,4.195555147,9.107759335,-8.351021414,5.407159984
16.21033,18.0751,3859.31,0.87662,0.436827,2.006789873,10.19473014,-8.735477839,5.387052733
16.12887,21.17734,5466.39,0.8933,0.266924,3.346645487,9.196922563,-8.544606637,5.309747287
18.95374,22.86895,4630.59,0.9161,0.267341,3.426709708,9.655695995,-8.396891931,5.523112025
10.6213,13.79663,3850.73,0.81822,0.489711,1.670822179,11.95944116,-8.80959016,5.290547118
10.95802,12.38401,5345.79,0.86738,0.350878,2.472027314,9.366012895,-8.556593805,5.491335045
11.11483,13.90084,2702.03,0.82298,0.676057,1.217323391,12.80112754,-8.902275769,5.39433423
17.6329,22.40995,5919.62,0.90096,0.240831,3.741046626,8.975989008,-8.384695293,5.507250962
18.46311,22.34121,5617.58,0.91746,0.218653,4.195963467,13.13766742,-8.334170251,5.405408346
15.94693,21.4851,5607.49,0.90514,0.232027,3.90101152,10.1604957,-8.423565134,5.401542408
11.685,14.12024,4064.96,0.82872,0.444373,1.864919786,12.61240244,-8.76514461,5.326707183
16.24405,18.32856,5286.06,0.8709,0.324775,2.681548765,16.79057061,-8.657559073,5.351647051
16.62931,18.964,5205.72,0.8818,0.311487,2.830936765,13.31980204,-8.473008915,5.469884028
14.91433,17.85185,5430.24,0.8836,0.304178,2.904878065,9.927414149,-8.523791891,5.431935527
21.55558,23.88743,5957.55,0.92748,0.189316,4.899110482,7.822261085,-8.285618731,5.44919715
19.53124,24.34877,6573.1,0.92552,0.17812,5.196047608,7.573344325,-8.247617706,5.429959849
10.5276,12.10492,4387.97,0.8462,0.46306,1.827408975,21.73357616,-8.528155336,5.577515885
14.50107,20.05552,2834.79,0.86108,0.562858,1.529835234,18.69005452,-8.958834942,5.317894993
16.37924,19.48503,4374.37,0.87294,0.386015,2.261414712,19.74873181,-8.574383818,5.457410757
19.26226,22.34037,6192.14,0.91336,0.222009,4.114067448,8.19643183,-8.339929699,5.464170326
19.51722,21.97426,6383.55,0.912,0.227086,4.016099627,7.31920224,-8.334219983,5.492954456
17.63558,23.43143,6343.74,0.92078,0.18648,4.937687688,8.256534224,-8.306846758,5.470839904
10.18721,12.29804,3888.72,0.8097,0.49489,1.636121158,14.0693723,-8.820615947,5.337390576
14.379,17.85154,5789.93,0.90788,0.24619,3.687720866,6.968975508,-8.396515863,5.449620046
5.77092,10.69227,2525.46,0.71134,0.796001,0.893642093,37.46852671,-8.468476553,5.606526132
14.98361,18.5665,5077.8,0.86242,0.349878,2.464916342,11.34323053,-8.685798434,5.343875829
11.40609,13.95433,4678.97,0.84998,0.40367,2.105630837,11.43348518,-8.726046797,5.326933145
16.05247,20.71221,6127.06,0.9074,0.221083,4.104340904,9.18624854,-8.410244032,5.376560799
9.32356,12.40166,4897.31,0.84194,0.434798,1.936393452,10.55848439,-8.640753293,5.469108005
16.53187,20.01431,4909.24,0.88968,0.313085,2.841656419,16.55210529,-8.447268896,5.485192706
5.74192,9.61066,1359.85,0.65638,1.26583,0.518537244,29.28490684,-9.180543558,5.274859443
22.73521,25.99472,4703.22,0.88268,0.274409,3.216658346,11.65142977,-8.481975735,5.454165787
26.59035,28.85043,7382.11,0.94538,0.124916,7.568125781,5.699115644,-8.020291243,5.551548999
17.99714,20.76882,5446.79,0.90542,0.245616,3.686323367,12.13094551,-8.42527493,5.443060148
9.03064,14.05914,3906.31,0.80376,0.526482,1.52666188,17.15673443,-8.602944261,5.567809589
10.24762,12.80773,4298.42,0.819,0.469514,1.744356931,12.53211923,-8.680514648,5.468655913
14.08562,16.37545,5212.25,0.87672,0.314002,2.792084127,9.329271185,-8.558110339,5.405289123
11.09413,12.81085,4349.9,0.84708,0.452397,1.87242621,9.697072498,-8.603012466,5.457833467
15.47282,22.1515,5956.45,0.90562,0.220196,4.112790423,9.104671363,-8.413455472,5.33186804
21.85743,24.50917,6548.2,0.91792,0.195101,4.704845183,7.593054096,-8.277110115,5.44909397
17.24277,19.45903,4913.3,0.888,0.30524,2.909186214,15.7308952,-8.381074527,5.508551444
14.46574,19.94563,5416.34,0.87154,0.298751,2.917278938,10.56002351,-8.671461216,5.290374525
15.40704,19.66784,5642.58,0.8785,0.277492,3.165857034,11.69563649,-8.59955676,5.304465849
15.57368,18.65806,4741.31,0.8539,0.391194,2.18280444,14.37414859,-8.754088043,5.340574597
21.28541,26.0598,5544.14,0.92328,0.205392,4.495209161,9.091681157,-8.317871301,5.499204704
16.98428,19.16233,5368.86,0.88214,0.305928,2.883488925,11.43080821,-8.531549658,5.380324412
11.19152,12.68743,4554.18,0.8604,0.422341,2.037216373,9.9499483,-8.613048188,5.48527953
19.1702,22.22692,6061.09,0.91074,0.225938,4.030928839,8.94425831,-8.398772983,5.418290175
16.55509,20.4391,5092.9,0.90126,0.271262,3.322470527,18.20258225,-8.431940976,5.424049902
9.76034,11.77659,3475.62,0.7928,0.604618,1.311241147,20.34272106,-8.527667107,5.717353243
21.42291,24.32976,5907.67,0.90798,0.222933,4.072882884,10.26797456,-8.344079598,5.477419888
12.42581,16.25096,4114.58,0.84584,0.429791,1.96802632,14.82589328,-8.847342352,5.268939
10.2014,12.84067,3501.56,0.80862,0.577608,1.399945984,13.29430857,-8.720524626,5.53894543
14.65325,19.68967,3004.71,0.87464,0.504537,1.733549769,12.05270466,-8.857329879,5.357108242
11.23403,13.37232,2996.84,0.81264,0.678091,1.19842322,12.74836328,-8.786890204,5.49629866
26.60005,28.09238,5851.65,0.92766,0.197263,4.702655845,8.640610639,-8.275782595,5.504471204
16.09928,18.17332,5970.63,0.91224,0.23196,3.932747025,6.878803234,-8.37433168,5.495991725
11.73748,16.16742,5213.13,0.85592,0.355885,2.405046574,15.76751846,-8.461847547,5.514814754
22.16543,24.03538,6355.46,0.91472,0.204881,4.46464045,8.327706644,-8.348057256,5.44662484
11.47955,14.25874,4186.75,0.82442,0.447481,1.842357553,16.82965568,-8.93566078,5.210533191
15.4907,18.85324,5425.63,0.88884,0.278263,3.194244294,9.924556723,-8.455311294,5.414776344
13.67051,15.73865,3025.97,0.85554,0.530222,1.613550551,12.5688538,-8.771416049,5.35361632
9.29743,12.29443,4856.7,0.84326,0.440895,1.912609578,10.20148832,-8.629567577,5.443327159
11.93577,13.67133,4425.29,0.82076,0.445042,1.844230432,12.01679405,-8.663298008,5.438186254
9.18859,11.86852,4701.91,0.8407,0.451119,1.8635881,10.67133685,-8.668414166,5.429689228
24.23315,27.90404,6720.86,0.92782,0.164174,5.651442981,8.062179562,-8.216743937,5.531718102
10.59283,16.67793,5583.72,0.86358,0.322623,2.676746543,13.86237331,-8.534113843,5.409021048
16.58889,23.23769,6049.72,0.91534,0.203949,4.488082805,8.775261316,-8.242807258,5.511835111
24.74153,27.69258,6691.58,0.93218,0.154174,6.046285366,8.029438989,-8.178510782,5.421095858
11.65615,15.57023,4031.34,0.85134,0.448209,1.899426384,16.60606867,-8.537741759,5.584852949
10.12711,14.74879,4766.85,0.82204,0.414043,1.985397652,17.744296,-8.690886687,5.36699567
14.28446,17.09421,5602.65,0.8968,0.268159,3.344284548,7.879919808,-8.441277416,5.467077176
25.42691,27.93724,6623.74,0.93344,0.15366,6.0747104,7.546766594,-8.185305378,5.524664849
11.76948,13.71799,3942.93,0.81904,0.493333,1.660217338,16.27986384,-8.634696041,5.533939975
14.5552,20.83469,5378.03,0.8792,0.280699,3.132180735,10.68886576,-8.624527923,5.310049257
19.19222,23.92025,6536.31,0.92806,0.181108,5.124345694,7.022614792,-8.212670934,5.451418425
17.59438,20.49565,5600.36,0.89512,0.264318,3.386526835,12.02238374,-8.421654381,5.50355134
11.68169,13.20057,3826.97,0.81074,0.525402,1.543085104,15.65939413,-8.781729263,5.393616785
15.32054,17.58003,5136.34,0.85422,0.354028,2.41286,10.77620993,-8.642180453,5.390399105
21.81941,24.78741,5976.92,0.91208,0.215904,4.224470135,21.35836398,-8.293099893,5.447081414
18.3148,22.17563,6374.29,0.91484,0.195631,4.676354974,8.086202134,-8.322940664,5.464579522
14.59248,17.29075,5455.98,0.86424,0.332129,2.602121465,11.49106209,-8.649212701,5.360946021
11.77331,13.20341,5089.86,0.87272,0.360961,2.417768125,9.832474799,-8.571994223,5.437810159
18.15451,23.40602,6193.61,0.91918,0.198204,4.637545155,7.923921201,-8.309198814,5.467425409
14.06888,18.32042,5058.3,0.8709,0.333518,2.611253366,10.47305685,-8.503312709,5.440462171
22.12165,24.86643,5628.31,0.91014,0.23129,3.935059882,9.11238699,-8.377408058,5.467359706
17.03517,18.86638,5154.2,0.88118,0.320593,2.748594012,12.88201287,-8.502646283,5.452580545
17.59137,21.55059,5694.25,0.90842,0.230583,3.939665977,13.83273201,-8.423480085,5.450909075
17.53807,22.52219,6030.56,0.91208,0.215789,4.226721473,9.203131908,-8.37673959,5.38439911
14.84931,21.73937,4695.91,0.89686,0.278338,3.222197472,20.31335892,-8.435106524,5.472468337
21.83842,24.83278,6262.59,0.9286,0.176196,5.270267202,12.25388979,-8.245613388,5.483293436
22.01534,24.96146,6619.92,0.92754,0.169854,5.460807517,7.903165509,-8.223866922,5.508840912
14.97859,18.09086,4465.63,0.86524,0.37794,2.289358099,21.85288258,-8.477028006,5.478784146
15.83907,19.66027,5802.24,0.91052,0.222134,4.09896729,9.090531713,-8.340503815,5.453757141
18.79228,22.95764,5809.44,0.92516,0.189231,4.889050948,7.806445722,-8.243679929,5.529967657
16.69108,20.16892,5229.63,0.896,0.275459,3.252752678,15.40531559,-8.475131523,5.418526838
19.69919,23.32705,6624.04,0.92508,0.187869,4.924069431,6.448684169,-8.247191845,5.514284969
17.0445,22.67185,5725.76,0.90408,0.23179,3.900427111,9.939007259,-8.345414043,5.474651135
22.28754,25.12813,6176.61,0.91644,0.205865,4.451655211,13.10758907,-8.350591923,5.491010595
16.44089,19.12698,4592.61,0.87674,0.361657,2.424230694,17.02562235,-8.574123771,5.508620586
10.08563,13.71991,3669.03,0.8162,0.519506,1.571107937,18.63052116,-8.603218635,5.596364856
21.88216,26.00372,4868.64,0.9216,0.235437,3.914422967,8.622929867,-8.366637181,5.475620317
16.47056,21.09262,4418.32,0.89202,0.333515,2.674602342,19.02994173,-8.567424855,5.439369817
14.51847,18.83895,5142.32,0.86168,0.319703,2.69525153,11.96946408,-8.730756963,5.253025873
19.55638,20.91688,4868.35,0.89726,0.298898,3.001893623,9.544591719,-8.562127543,5.424630167
14.15328,17.59506,5118.86,0.88548,0.317839,2.785938793,8.370289094,-8.572359059,5.440416561
15.69354,19.20559,4357.33,0.8795,0.349676,2.515185486,13.34733527,-8.65681758,5.368424438
16.47704,20.96454,5695.58,0.9003,0.250087,3.599947218,10.03171865,-8.520696325,5.387128078
15.15179,20.66357,6133.12,0.90318,0.227343,3.972763621,8.925389046,-8.435865459,5.411061828
14.41106,17.67846,5202.55,0.89296,0.306409,2.914274711,7.818890556,-8.495158096,5.500740496
12.10127,15.36328,4680.64,0.86076,0.364502,2.361468524,10.53431127,-8.638208156,5.373152172
27.2542,30.71814,7236.34,0.94374,0.125527,7.518223171,6.928794008,-8.022786485,5.551494808
21.88714,25.03531,6370.33,0.92252,0.183838,5.018113774,8.343902025,-8.294224766,5.433330071
11.60119,14.44233,3534.45,0.8396,0.520074,1.614385645,11.94407262,-8.66931314,5.503350796
11.16452,14.80058,4360.21,0.84106,0.448682,1.874512461,11.45331974,-8.648803669,5.449403733
11.45835,15.03476,4192.76,0.8477,0.423959,1.999485799,21.04107401,-8.492304772,5.589185561
13.93358,16.90755,5507.1,0.89798,0.271803,3.303789877,8.403467734,-8.510366544,5.381153428
21.54252,26.08296,6610.67,0.92856,0.165696,5.603997683,7.947129197,-8.245225876,5.452874365
14.75116,21.29529,6043.54,0.90198,0.227924,3.957371755,9.016487065,-8.464035975,5.324406019
18.4439,22.44763,6039.17,0.9059,0.22343,4.054513718,11.64575174,-8.397044168,5.366787084
15.32943,18.0896,4853.65,0.87658,0.336231,2.607076682,14.61098199,-8.487927438,5.499292616
11.45982,14.79417,4376.73,0.8457,0.386946,2.185576282,11.83218258,-8.706056758,5.380961276
21.23862,26.71497,6656.99,0.93562,0.144697,6.466063567,7.160213337,-8.127569573,5.53843695
15.7686,19.18805,5192.14,0.88294,0.304501,2.899629229,10.3375619,-8.490120033,5.420886895
21.87418,27.32376,6975.29,0.94078,0.134478,6.995791133,6.392433416,-8.075644145,5.52127532
9.60167,14.20074,4048.74,0.8017,0.509374,1.57389266,19.01089589,-8.495854686,5.601819004
21.27132,25.71082,5985.17,0.929,0.1743,5.329890993,8.347889477,-8.218409461,5.529961682
27.12549,30.34669,6970.59,0.94376,0.132455,7.125136839,8.827041119,-8.018176392,5.518252669
21.46881,26.18832,6412.45,0.924,0.172745,5.348924716,8.253698251,-8.229178169,5.48118167
14.67985,18.28194,4066.43,0.84554,0.430945,1.962060124,16.15760432,-8.655697322,5.487045197
24.48449,26.54983,6016.27,0.93334,0.167928,5.557977228,8.170820733,-8.202047627,5.460887415
8.01733,12.06142,4784.38,0.80566,0.460852,1.748196818,26.53202427,-8.700986235,5.503045003
16.75168,22.22741,5291.11,0.90334,0.251111,3.597373273,9.423088491,-8.377255923,5.419493023
13.74379,15.89557,5424.68,0.88344,0.295192,2.992764032,9.194877341,-8.505114809,5.438189964
11.02865,12.7021,4223.18,0.84098,0.482803,1.741869872,11.90699544,-8.633322046,5.525544239
14.97462,20.23914,3575.01,0.88222,0.42597,2.071084818,14.66455871,-8.786668758,5.355542028
14.80456,19.37084,5845.4,0.90182,0.250275,3.603316352,8.083077313,-8.478566136,5.414767489
15.88587,19.73001,5097.45,0.90406,0.266067,3.397865951,14.43729387,-8.419248745,5.507359003
10.8843,13.94059,3988.18,0.81352,0.514716,1.580522074,12.69613887,-8.767532246,5.332050892
13.9365,16.02465,4917.18,0.87112,0.340328,2.559648339,10.02452037,-8.53397541,5.494646229
13.62354,15.54384,4871.27,0.86856,0.349432,2.485633829,11.06627776,-8.660231813,5.331164297
19.3899,24.26649,6506.74,0.92758,0.180122,5.149731848,9.023272277,-8.24836691,5.459497448
32.86475,33.43567,3637.93,0.86984,0.411617,2.113226616,11.98298262,-8.562921518,5.485770907
16.47373,23.56982,5206.7,0.91726,0.223025,4.112812465,15.06451797,-8.328983762,5.453230829
11.03311,16.86769,5704.18,0.877,0.309776,2.83107794,12.76611016,-8.531340231,5.411204287
17.59783,20.69509,5800.01,0.89872,0.249083,3.608114564,10.25961591,-8.437190897,5.358890038
16.53375,20.36398,4596.97,0.8873,0.327756,2.707196817,32.60615231,-8.590279037,5.418907489
17.59752,21.34514,5991.36,0.90854,0.2191,4.146691009,9.304811974,-8.385293069,5.451613711
21.74486,24.08231,5822.79,0.91072,0.221563,4.110433601,12.899965,-8.330460132,5.473103487
13.89977,20.61416,2834.5,0.85808,0.571131,1.502422386,12.70082384,-8.892106783,5.357662505
14.81255,16.79413,4916.16,0.87238,0.340729,2.560333872,12.25745296,-8.629692509,5.361444649
27.22358,29.93626,7589.85,0.9491,0.117088,8.10586909,5.449826921,-7.941745298,5.52900067
14.77018,19.38588,4997.98,0.88088,0.312577,2.818121615,10.30932989,-8.673687966,5.333998332
17.55596,22.81664,5899.66,0.92236,0.199545,4.622315768,11.99002392,-8.295648297,5.479348869
20.09532,24.15224,6651.61,0.93014,0.166756,5.577850272,7.430940342,-8.193821397,5.442150368
14.85674,21.15474,4624.43,0.88264,0.314093,2.810123116,27.21850529,-8.268222656,5.454085152
14.70022,16.63609,4055.61,0.85894,0.425124,2.020445799,12.56905539,-8.576040346,5.502109142
10.44024,12.6819,3409.03,0.78394,0.557511,1.406142659,12.9088017,-8.820249695,5.380870867
26.36056,29.4251,7267.67,0.93968,0.143981,6.52641668,5.745712956,-8.089969623,5.471701294
18.29768,21.52235,5973.03,0.90408,0.236498,3.822780742,8.705212606,-8.393965374,5.418558415
16.65239,22.07369,5723.73,0.91636,0.216084,4.240758224,12.73394813,-8.378383727,5.448583012
15.04434,19.96612,6040.24,0.9083,0.227297,3.996093217,8.168056088,-8.389769985,5.419357504
12.01534,14.54118,4441.78,0.8461,0.406646,2.08067951,11.0649443,-8.655978123,5.455157658
15.96609,20.82549,5376.81,0.88834,0.284786,3.119324686,10.35790811,-8.549385882,5.350233551
19.52589,25.07134,6958.07,0.93696,0.150801,6.213221398,6.300008099,-8.15126322,5.464728926
22.35476,28.30382,7036.44,0.94482,0.125888,7.505242755,6.751192693,-8.024392018,5.538342229
14.61792,21.77109,4864.3,0.89668,0.279164,3.212018742,17.85441533,-8.452759905,5.464861344
15.5393,17.17668,5613.34,0.85792,0.327199,2.622012903,11.6062739,-8.594172754,5.381308753
11.81696,12.57368,3580.26,0.82562,0.540991,1.526125204,12.48537029,-8.630724865,5.449277581
16.52245,20.7555,5678.88,0.89864,0.250541,3.586798169,10.17250774,-8.49022433,5.411314337
22.66661,24.41213,5214.61,0.91094,0.246977,3.688359645,11.29332796,-8.430866709,5.441826169
17.63282,23.40794,6241.8,0.9203,0.200613,4.587439498,7.837231835,-8.305243178,5.423658003
15.42526,20.49406,5010.62,0.87956,0.30739,2.861381307,10.76937339,-8.651305857,5.309960764
14.37125,16.67523,4932.7,0.86856,0.344616,2.520370499,15.93163229,-8.460086706,5.506950258
12.51883,14.64783,4427.75,0.8466,0.403176,2.099827371,10.93170931,-8.614548325,5.46861454
15.66581,20.99707,5279.25,0.88722,0.292553,3.032681258,10.87222561,-8.593652257,5.385050749
15.92024,20.76548,6026.78,0.89176,0.242355,3.679560975,10.49660539,-8.4949097,5.382538487
9.11983,13.9637,4489.21,0.8064,0.461164,1.748618713,17.22232803,-8.701753861,5.452829077
9.61559,12.13132,3396.77,0.822,0.633999,1.296532013,11.35766847,-8.791111681,5.466002317
14.63176,17.04041,4393.05,0.83168,0.431396,1.927880648,13.75788509,-8.870126351,5.234454169
18.16364,22.00216,5313.14,0.88878,0.280335,3.170421103,13.32985004,-8.368405264,5.491747757
19.34029,23.57438,6751.32,0.92748,0.177436,5.227124146,6.706845079,-8.216812885,5.451831066
11.83536,14.47749,4252.67,0.8203,0.453765,1.807763931,11.89781946,-8.654563528,5.492441687
12.35816,16.09363,4581.17,0.86354,0.383526,2.251581379,13.99571309,-8.560211333,5.494092491
15.24696,17.72646,5487.42,0.86296,0.330859,2.608240973,11.27471652,-8.643500235,5.32750213
26.618,31.32895,7297.6,0.94922,0.114828,8.266450691,6.406356735,-7.983000852,5.561411277
18.3546,22.10999,6295.49,0.91642,0.197758,4.634047674,8.455734104,-8.281885697,5.490602595
19.29631,23.16298,6342.95,0.9146,0.213066,4.292566623,7.681769006,-8.306275855,5.493974282
18.13209,21.1609,5793.75,0.9037,0.243625,3.70938943,13.11178611,-8.408392888,5.497835059
9.90919,14.00936,3696.39,0.82536,0.540655,1.526592744,14.88756316,-8.843387319,5.289873886
12.13349,15.46146,4546.32,0.85638,0.385487,2.221553515,10.55141365,-8.666870894,5.363733362
15.55291,18.44822,3948.64,0.84432,0.428521,1.97031184,14.77336059,-8.578540185,5.509533571
11.95993,13.34112,4576.67,0.86296,0.415253,2.078154763,9.004285987,-8.634552424,5.413384723
10.47405,13.45967,4053.47,0.81352,0.467015,1.741956896,13.11682174,-8.855724856,5.287938794
9.35292,11.29089,3923.2,0.79924,0.583283,1.370243947,15.55796125,-8.728739666,5.504626683
27.19813,32.02998,7517.79,0.95436,0.101041,9.44527469,5.730950198,-7.879308731,5.541565426
16.12741,20.53823,5304.85,0.8801,0.298462,2.9487841,10.79825342,-8.388670801,5.522130847
15.74257,20.99964,6016.28,0.89226,0.241713,3.691402614,10.64444282,-8.463518941,5.363653149
19.51235,25.33444,7015.62,0.93478,0.157235,5.945114001,6.205811877,-8.135725282,5.503542828
12.18987,15.17017,2959.46,0.81864,0.61651,1.327861673,25.22460584,-8.481322716,5.608590764
10.04786,14.00743,3248.59,0.81556,0.585195,1.393655106,24.24444948,-8.57778674,5.57052888
21.40326,25.11145,6219.58,0.91242,0.210471,4.335134056,10.80528133,-8.357788075,5.474063448
12.11704,13.94182,4005.45,0.84296,0.455521,1.85054037,15.86485724,-8.613204448,5.550476518
15.74343,21.79233,5635.82,0.90258,0.241998,3.729700245,9.570029801,-8.539696098,5.363639261
10.99152,12.37232,4525.5,0.85542,0.439797,1.945033731,10.63491444,-8.603841124,5.532548664
26.10317,28.26705,7060.67,0.93052,0.162649,5.721031178,7.049398011,-8.132611301,5.521463076
14.75985,19.2013,2709.62,0.85178,0.58956,1.444772373,28.05350062,-8.735908273,5.349807675
9.82571,17.19552,4877.41,0.8436,0.389621,2.165181035,13.47076818,-8.655257401,5.377554595
14.75878,20.66282,5800.66,0.90626,0.241194,3.757390317,8.219281364,-8.401845583,5.442579946
17.68875,21.21797,5910.48,0.91012,0.218252,4.17004197,9.046561659,-8.38139004,5.411474877
13.32152,16.74574,5099.62,0.86564,0.329764,2.625028808,13.1891982,-8.662217568,5.343566829
14.58285,16.85905,4381.96,0.83116,0.434674,1.912145654,13.49127624,-8.927363953,5.235342881
9.51862,12.93275,3693.69,0.80898,0.564159,1.433957448,13.62371873,-8.784729499,5.427802463
15.08441,16.92554,5496.35,0.89306,0.272265,3.280113125,10.01810217,-8.440992838,5.454015787
11.50695,14.23603,4387.38,0.84146,0.421915,1.994382755,11.43526197,-8.584644363,5.505673787
25.22784,27.82144,6812.65,0.93064,0.152975,6.083608433,8.553224926,-8.165333925,5.416737329
14.98255,19.22627,4416.41,0.8686,0.361111,2.405354586,24.57891147,-8.551271148,5.529393299
10.72241,14.41762,3887.61,0.82794,0.482461,1.716076533,19.93856197,-8.527357645,5.635603227
11.43423,14.06565,3314.34,0.81314,0.583601,1.393314953,17.77485978,-8.571762695,5.69201131
17.05307,20.78613,4974.64,0.89142,0.288683,3.087885328,22.03659903,-8.592867584,5.366820451
22.59321,24.22024,6214.93,0.91422,0.205988,4.438219702,9.252784727,-8.313715065,5.417698477
16.52482,19.90194,3759.56,0.8796,0.401773,2.189295946,11.31660106,-8.715521194,5.329453946
9.28555,12.10697,4113.94,0.83102,0.508706,1.633595829,11.05173315,-8.685122816,5.487004944
18.44256,21.72889,5331.34,0.87842,0.297577,2.951908246,11.03507514,-8.382105055,5.567505576
6.03889,9.74109,2413.64,0.70776,0.844304,0.838276261,45.56882054,-8.528679552,5.64888578
15.76311,20.57743,5435.75,0.9049,0.249156,3.631861163,9.644718732,-8.393332505,5.492654334
16.44753,21.106,4896.56,0.89854,0.285692,3.145135321,15.34619016,-8.41211894,5.475440852
12.07105,14.74985,4542.33,0.84896,0.388472,2.18538273,11.0252772,-8.64130993,5.352670482
15.68266,23.45344,6251.37,0.90506,0.209729,4.315378417,9.729920419,-8.37823075,5.436478244
18.21138,21.57245,5997.27,0.9056,0.236241,3.833373547,13.83366059,-8.328415929,5.514074446
14.70643,21.97818,3151.67,0.89192,0.419044,2.128463837,11.14300691,-8.708327485,5.372892872
16.18528,18.30046,5241.32,0.86596,0.34323,2.522972934,10.918674,-8.625529132,5.348233071
15.76936,18.56547,5293.35,0.86634,0.324018,2.673740348,11.43389052,-8.642776853,5.336866573
18.21503,21.13006,5931.89,0.90104,0.248606,3.624369484,10.20186165,-8.434429085,5.431440351
21.67068,25.47338,6460.43,0.92566,0.173848,5.324536377,8.184934536,-8.262941108,5.422044301
8.91398,10.58359,4528.19,0.82644,0.483135,1.710577789,11.27589615,-8.648667624,5.465987369
11.10547,14.58181,4313.63,0.834,0.441071,1.89085204,13.33763028,-8.71370183,5.416235796
5.55912,10.84376,2454.25,0.71028,0.829215,0.856569165,29.23736915,-8.682781657,5.550605074
20.96143,23.11671,5827.87,0.8936,0.260837,3.425894332,13.02578314,-8.400724634,5.469012829
16.58003,20.79627,4734.74,0.89516,0.294171,3.042992001,15.63158733,-8.480315429,5.459772643
18.55155,23.10737,5927.42,0.91372,0.207175,4.4103777,9.25700784,-8.277761423,5.475721341
22.07082,26.39861,6521.14,0.92992,0.164631,5.648510912,8.092097396,-8.180303973,5.504195437
15.51519,19.76434,5950.78,0.88636,0.25532,3.471565095,11.7570991,-8.494014633,5.37679442
22.18606,25.23277,6429.47,0.92544,0.176702,5.237292164,7.889726388,-8.222260651,5.450514992
17.08224,21.45735,5886.69,0.90808,0.230351,3.942157837,8.987543316,-8.450256001,5.390592689
16.69148,19.87879,4820.9,0.88676,0.313678,2.826975433,13.96337568,-8.482699193,5.515775935
22.16604,25.35437,6670.27,0.92916,0.166848,5.568901036,7.685269662,-8.229450476,5.470231481
16.15092,19.7893,5653.65,0.89544,0.260498,3.437416026,10.43071119,-8.523940885,5.285307787
10.86764,13.85765,4076.35,0.80882,0.47716,1.695070836,12.61029287,-8.701573879,5.458617616
19.28313,23.15744,6209.8,0.9216,0.196655,4.6863797,7.649853102,-8.300459447,5.479089459
12.79396,15.61163,4376.09,0.85824,0.390258,2.199160555,12.38619649,-8.701981919,5.333618716
15.12802,18.74753,4485.53,0.86428,0.37646,2.29580832,20.91279855,-8.562711731,5.548157416
23.38892,25.6978,6632.14,0.93068,0.164757,5.648803996,7.900040655,-8.200000256,5.492815838
14.54493,18.34733,5010.07,0.87524,0.326082,2.684110132,11.60555303,-8.660930338,5.337161427
10.24329,12.38075,4218.43,0.83342,0.475806,1.751596239,14.96460917,-8.578512679,5.523042166
19.25488,23.98368,6523.82,0.92766,0.178091,5.208910052,7.547305722,-8.210700543,5.478059798
13.00488,15.60005,5109.21,0.87612,0.316898,2.764675069,10.18540152,-8.538569917,5.473021049
14.41418,16.45019,3974.55,0.8742,0.398603,2.19315961,10.31344311,-8.665888467,5.389565854
17.65282,20.80247,5987.65,0.90592,0.224751,4.030771832,9.566557314,-8.413791598,5.343153624
13.87723,18.48138,4828.48,0.8625,0.352557,2.44641292,11.43666462,-8.556786304,5.49611053
13.26154,15.83515,4986.27,0.8737,0.340408,2.566625931,10.09867015,-8.607886653,5.361055485
11.60096,13.92238,4180.3,0.8314,0.447025,1.859851239,12.89979186,-8.743202809,5.329509042
16.88842,20.8595,5492.34,0.9055,0.245064,3.694953155,11.92307065,-8.413407015,5.446764105
10.00459,12.83225,3781.4,0.7952,0.581027,1.368611097,17.96689594,-8.614060355,5.59703886
10.01754,13.12579,4630.52,0.83592,0.425295,1.965506296,10.66063331,-8.711577935,5.385630461
14.96509,22.25131,5349.9,0.89402,0.26618,3.358704636,9.837524681,-8.584289671,5.357089259
25.11041,28.27978,6589.9,0.93452,0.154508,6.048359955,7.666204538,-8.154698966,5.455943112
12.99448,17.34521,4935.33,0.87338,0.334392,2.611844781,12.4028509,-8.610108096,5.370386442
8.27976,10.29854,3958.74,0.8047,0.580456,1.386323856,16.55892702,-8.550121338,5.725302127
15.19156,21.27737,5719.67,0.9017,0.242108,3.724370942,9.901983265,-8.500140654,5.385940147
16.88311,20.70298,4383.93,0.8804,0.347083,2.536569063,11.95280807,-8.507609167,5.511919788
17.40649,21.29841,5985.27,0.90536,0.238218,3.800552435,8.413999556,-8.395063345,5.47065413
17.55833,22.26359,5126.38,0.90684,0.258571,3.507121835,10.2612813,-8.443638461,5.367564902
18.40497,23.52802,6619.45,0.93016,0.161065,5.775059758,6.993586383,-8.175076669,5.480600756
11.80693,13.62721,4388.25,0.8407,0.428606,1.961475108,11.48371376,-8.740938894,5.345885669
11.31593,13.19421,4711.09,0.85994,0.404469,2.12609619,9.463906289,-8.569208935,5.478698433
14.69776,17.79846,5502.82,0.88788,0.28646,3.09949033,9.621746786,-8.489957465,5.441812951
22.06701,25.02145,6357.8,0.9265,0.174749,5.30189014,9.886321516,-8.255611357,5.487625353
22.971,25.33161,6632.27,0.92984,0.163749,5.678446891,7.914103567,-8.192092888,5.473516088
16.57012,20.81989,5784.94,0.90114,0.245457,3.671274398,10.07029322,-8.490883377,5.394338521
17.51054,19.60501,5293.75,0.8864,0.287671,3.081297732,13.9163451,-8.358605925,5.547764107
11.02548,14.21527,2712.55,0.81794,0.684096,1.195650903,13.20758744,-8.888321153,5.367643458
10.79809,13.76905,4775.5,0.8272,0.412677,2.004473232,15.58029608,-8.574613768,5.510030115
11.46736,14.93017,4571.74,0.85126,0.392297,2.169937573,13.3842779,-8.684390753,5.369932067
10.24913,14.1211,3868.22,0.82268,0.494133,1.664895888,17.78641821,-8.470515284,5.678678983
17.44172,20.72288,5023.97,0.89018,0.295277,3.014728543,9.961959049,-8.381403576,5.507226714
19.0468,22.61666,6378.2,0.91318,0.213598,4.275227296,7.98549992,-8.294304316,5.432822926
11.3192,13.97255,3407.33,0.8287,0.557361,1.486828106,21.3927961,-8.55652103,5.618763019
16.99958,21.83111,5795.55,0.91824,0.215546,4.260065137,8.958799751,-8.329917996,5.466556431
13.79658,17.4385,5167.58,0.8762,0.321562,2.724824451,10.99235911,-8.500717459,5.487107607
13.80964,16.54363,3928.26,0.87524,0.402038,2.177008144,10.58366642,-8.668914384,5.418095652
11.29157,15.03099,4754.51,0.8563,0.376065,2.276999987,10.82530904,-8.633986965,5.445278718
12.85273,16.87192,4582.16,0.84062,0.388396,2.164337429,12.48387503,-8.746920743,5.330079382
11.16593,14.88153,2949.72,0.84164,0.585082,1.438499219,13.49048373,-8.838406325,5.345174405
14.83145,19.44515,5647.62,0.89868,0.255329,3.519694198,9.092679029,-8.435816424,5.393614669
22.00272,24.18512,5956.84,0.92148,0.195236,4.719826262,15.15222063,-8.26925785,5.485053011
14.88135,19.60383,3789.95,0.87314,0.407035,2.145122655,12.00533258,-8.746335507,5.325438251
17.1035,21.72415,5825.13,0.9124,0.215436,4.235132476,8.785796453,-8.433927956,5.434319433
16.38922,20.51732,4755.09,0.88556,0.313213,2.827341138,17.21896064,-8.556423572,5.385766552
14.54561,20.08452,2829.25,0.85968,0.559587,1.536275861,19.06926476,-8.902070725,5.278128093
11.0696,13.11081,3384.02,0.81088,0.550351,1.473386984,15.81068665,-8.838840936,5.364887929
18.03744,22.42472,6155.97,0.9158,0.203529,4.499604479,8.252467644,-8.323357499,5.439982522
5.46321,10.30844,2608.24,0.70402,0.799276,0.880822144,23.02660161,-8.82884173,5.53286692
10.24524,14.09249,4214.94,0.82686,0.463479,1.78402905,12.63505342,-8.705941712,5.481282865
14.60722,17.6609,4553.92,0.86694,0.373965,2.318238338,11.68158144,-8.525425391,5.521588334
16.76192,19.06735,6129.87,0.92146,0.208497,4.419536013,6.527085491,-8.341150637,5.477676823
18.01803,22.77948,6090.91,0.92086,0.193332,4.763101814,8.157945181,-8.324122166,5.376492852
12.38143,15.44555,4902.11,0.86536,0.34311,2.522106613,9.869512919,-8.560604245,5.43484943
12.59928,20.33137,5681.69,0.88782,0.266295,3.333971723,14.79520315,-8.48932082,5.433847891
23.73521,25.93121,6952.49,0.93716,0.145253,6.451914935,6.638293397,-8.144283153,5.51264226
16.67665,19.29625,3917.75,0.88842,0.388047,2.289464936,10.95105059,-8.674589154,5.413316979
21.8887,26.1238,6763.52,0.9312,0.160347,5.80740519,7.377669007,-8.175257296,5.494996363
15.93548,19.26145,3674.09,0.8757,0.422258,2.073850584,16.75461879,-8.680450247,5.380763252
26.63312,30.31024,6915.31,0.9429,0.132604,7.110645229,6.858556545,-8.042572333,5.553655429
25.16456,28.90092,6972.5,0.94192,0.130514,7.21700354,6.888126686,-8.069433177,5.532662921
22.23952,25.96923,6794.93,0.92976,0.166784,5.574635457,7.385079363,-8.203305204,5.445193673
21.81482,26.34256,6788.01,0.9337,0.153702,6.074742033,7.198736635,-8.186182423,5.487245291
26.46414,28.12754,6543.39,0.92956,0.175945,5.283241922,7.545111963,-8.199478735,5.474861109
16.55,20.20363,5092.64,0.89154,0.280493,3.178475042,13.8569175,-8.550440127,5.405543477
21.07582,24.11694,6545.88,0.91152,0.214622,4.247094892,8.025819537,-8.345229295,5.46463263
14.82292,19.66452,4644.48,0.88396,0.318813,2.772659835,27.38790276,-8.360843822,5.50599416
11.96124,21.71035,5228.82,0.87724,0.307428,2.85348114,14.67727295,-8.582467628,5.376427324
17.84292,22.33813,5709.82,0.90606,0.227152,3.988782841,9.578720777,-8.335137565,5.529930741
21.87479,24.10252,6534.21,0.91416,0.200984,4.548421765,8.457362589,-8.319044753,5.457841302
16.56145,20.69287,4874.19,0.89384,0.299424,2.985198247,16.76060454,-8.434373095,5.458472037
15.63931,18.12851,3887,0.82858,0.439672,1.884541203,14.48624419,-8.699367641,5.396774897
19.29771,23.67986,6373.23,0.92722,0.180829,5.127606744,9.815082491,-8.187216467,5.510239196
15.60451,22.64579,4301.44,0.90838,0.294178,3.087858371,9.735953142,-8.553205662,5.412113407
13.0529,15.53462,5245.85,0.86766,0.31919,2.718318243,11.16736074,-8.53665445,5.417098998
14.83356,18.34722,4001.12,0.88964,0.366961,2.424344821,10.59863502,-8.620468644,5.456739837
9.93027,13.07579,3824.16,0.81864,0.51131,1.601063934,21.11434555,-8.544259342,5.532960189
16.93716,21.42454,5401.57,0.88834,0.279452,3.178864349,10.0472144,-8.386325079,5.548575439
9.76446,12.55242,2878.03,0.76406,0.618764,1.234816505,18.04192325,-8.832166584,5.438376936
12.20198,14.99425,4058.87,0.84346,0.450961,1.870361295,15.61923251,-8.542797382,5.613368602
9.74984,14.93047,2649.22,0.8097,0.736735,1.099038324,23.18446062,-8.846736086,5.486797358
17.63342,22.68288,6410.54,0.92094,0.183275,5.024907925,8.098276468,-8.334938999,5.457397269
11.6331,14.84166,4631.04,0.84282,0.399292,2.110786091,11.81268778,-8.617229355,5.447231037
16.4933,18.78296,4589.49,0.8739,0.362184,2.412861971,16.76401596,-8.481376466,5.514246421
8.94544,10.8629,3924.74,0.80484,0.570503,1.410755071,12.28632827,-8.68363816,5.507303112
18.37391,22.29805,5899.75,0.91496,0.21328,4.289947487,12.55813194,-8.328166811,5.498985248
18.47122,22.65952,5714.19,0.90062,0.246382,3.655380669,9.649067067,-8.350379456,5.539988772
11.64513,13.46476,3645.71,0.80638,0.550066,1.465969538,16.48638754,-8.791593347,5.378841713
9.61757,16.88687,4578.82,0.82348,0.415303,1.982841443,17.47170177,-8.664803815,5.423847046
13.34876,15.78377,4976.89,0.873,0.33293,2.622172829,10.07349579,-8.577846976,5.420193428
17.41957,22.92915,6238.78,0.91928,0.192479,4.776001538,8.683157484,-8.334069475,5.429487724
15.78401,19.97173,5799.47,0.90322,0.241702,3.736915706,8.603591459,-8.387994018,5.410728192
17.60096,21.07871,4259.56,0.89766,0.316953,2.832154925,10.39466126,-8.590869188,5.387376597
15.62663,19.58409,3953.98,0.88306,0.390681,2.260309562,12.37388289,-8.731407773,5.391357191
12.73568,15.45175,5124.83,0.8716,0.33261,2.620486456,10.12658941,-8.572137348,5.356849413
15.86233,18.08007,4816.75,0.85622,0.344977,2.481962566,13.20286676,-8.743165254,5.264332904
9.23519,11.51819,3641.85,0.80246,0.638836,1.256128333,14.0649607,-8.70458108,5.609291692
16.68689,20.53445,6178.28,0.91566,0.205693,4.451585615,7.643078158,-8.307554266,5.453714091
13.79297,19.66634,5973.51,0.90102,0.238747,3.773953181,14.15592958,-8.452679784,5.329412418
13.63518,15.63991,5025.76,0.87248,0.333119,2.619124097,9.878478616,-8.534144616,5.428267878
19.37513,22.393,6269.29,0.916,0.215971,4.241310176,10.36243354,-8.351482253,5.466657435
16.27242,21.89496,4900.24,0.89038,0.283421,3.141545616,16.27213914,-8.339257543,5.57053611
18.39154,22.33703,5294.01,0.89936,0.25753,3.49225333,14.84227834,-8.347040099,5.539916207
10.82465,12.55814,5021.4,0.86234,0.386362,2.231948276,10.07830037,-8.572546971,5.463598364
14.9493,20.19313,5762.72,0.8885,0.271645,3.27081301,13.45012015,-8.54805815,5.367477671
11.19605,14.1486,4268.77,0.83626,0.436881,1.914159691,11.58100462,-8.668639343,5.401457343
19.25398,22.77768,6433.99,0.91204,0.213861,4.264639182,8.26153806,-8.312887782,5.450720427
20.33739,23.36816,4885.74,0.87622,0.297282,2.947437114,11.99088558,-8.464330255,5.493532929
18.04635,22.64363,6438.51,0.91912,0.195863,4.692667834,7.361642722,-8.307616066,5.471741185
18.22582,22.43193,5913.91,0.91888,0.209618,4.383593012,8.381791447,-8.323332391,5.479787626
10.89633,13.01258,4192.92,0.81966,0.482249,1.699661378,12.94552319,-8.728363819,5.410997115
16.25378,18.79534,5926.99,0.89022,0.268714,3.312890285,9.244804277,-8.512083692,5.363493724
16.48515,18.74037,4540.28,0.87234,0.367543,2.373436577,18.73095412,-8.482788765,5.514540511
17.86495,20.06356,5508.59,0.89928,0.249385,3.605990737,10.22591225,-8.464986632,5.412579151
16.82334,21.95224,5485.73,0.9019,0.242685,3.716340112,9.732796139,-8.348863813,5.480402259
20.17235,24.93574,6886.35,0.93728,0.148125,6.327628692,6.486312885,-8.102102772,5.518344992
27.09995,33.23281,7460.89,0.95528,0.100553,9.500263543,5.875233576,-7.886353717,5.536515228
19.07292,23.4176,5837.02,0.91842,0.213261,4.306553941,13.06643884,-8.295848597,5.485555139
16.50185,20.86958,4983.96,0.90188,0.274175,3.289431932,12.96053199,-8.433474385,5.488562034
16.2031,17.9934,5487.88,0.87444,0.307959,2.83946889,11.00681132,-8.552464708,5.402488247
16.33726,19.75426,5304.44,0.89732,0.260565,3.443747242,10.29445392,-8.41999265,5.450480274
15.5602,20.86061,6126.47,0.90714,0.223931,4.050979989,9.173838276,-8.450812502,5.373007787
21.67115,23.29142,6185.63,0.90874,0.216629,4.194913885,9.000606897,-8.353373772,5.462649705
14.84873,22.14442,5016.93,0.89314,0.286164,3.121077424,12.03861287,-8.403088989,5.443126084
10.41651,19.12073,5421.21,0.85652,0.332439,2.576472676,14.87836558,-8.568626806,5.385934852
16.39755,21.22404,4926.96,0.89444,0.29259,3.056973923,15.54435243,-8.469639288,5.446720251
22.12242,27.08701,6777.05,0.93634,0.148195,6.318296839,6.931288419,-8.095739376,5.532074635
10.24282,13.35234,3840.13,0.82572,0.502227,1.644117102,18.88335608,-8.623330927,5.554031
19.9892,24.9963,6855.26,0.93318,0.162724,5.734741034,6.507716424,-8.150298384,5.534367794
21.93284,26.48833,6948.33,0.93956,0.139763,6.722523128,6.456535694,-8.103887158,5.518474542
17.61828,22.52274,5511.55,0.91282,0.226961,4.021924472,8.450928797,-8.36056361,5.528889724
18.65855,23.62106,5462.93,0.90252,0.241644,3.734915827,9.820984858,-8.348976389,5.473824319
16.5371,21.64566,5699.43,0.90464,0.232291,3.894425527,9.951521873,-8.356213613,5.515194512
10.40469,13.95463,4203.64,0.83556,0.457517,1.826292793,13.54774838,-8.773870428,5.435529721
14.54668,22.42335,5489.47,0.88712,0.259152,3.423164784,10.2069712,-8.570468936,5.319745306
5.61701,9.01599,2078.46,0.6782,0.946019,0.716898921,43.29218245,-8.192683737,5.786512242
26.44319,28.85204,7248.8,0.942,0.132578,7.105251248,6.533579679,-8.059147234,5.480128594
8.54229,14.815,3922.3,0.7978,0.523275,1.524628541,24.76220144,-8.848395113,5.335019624
16.28967,17.75053,4782.74,0.84966,0.394547,2.153507694,12.98005514,-8.754498656,5.294949774
5.86064,10.5397,2832.33,0.72358,0.77608,0.932352335,22.14300196,-8.786914757,5.535006947
14.78563,17.50924,5298.16,0.86314,0.340466,2.535172381,15.37040631,-8.631667045,5.418003555
19.2756,22.38657,6499.16,0.91718,0.20908,4.386741917,7.271280749,-8.305802282,5.495758574
11.27444,16.284,3988.26,0.85,0.46522,1.827092558,17.59495574,-8.753316756,5.422199679
26.69963,30.91897,7209.14,0.95034,0.112501,8.447391579,6.095981577,-7.922103077,5.451003573
16.86017,22.11642,5372.17,0.90724,0.248822,3.646140615,8.659636266,-8.391753581,5.438745375
16.45878,21.96111,6041.51,0.91602,0.203361,4.504403499,8.657850434,-8.373776437,5.362904088
17.65817,21.59648,5656.09,0.90414,0.235329,3.84202542,9.376273386,-8.445202278,5.447029499
15.13615,19.16963,5152.06,0.85908,0.33508,2.563805658,10.52823403,-8.71265,5.298223321
26.98078,30.45183,7122.55,0.9405,0.131517,7.151166769,8.117917516,-8.055656935,5.43583483
14.99656,17.86934,5970.13,0.9123,0.225334,4.048656661,6.963421667,-8.370916419,5.499680736
9.87362,12.41213,3751.65,0.81136,0.540462,1.501234129,14.47448098,-8.793893597,5.41740765
27.16953,30.83927,7274.29,0.94968,0.111725,8.500156635,6.190828257,-7.949011282,5.540894356
18.65662,18.88651,4449.82,0.89556,0.341825,2.619937102,8.618834971,-8.576595754,5.378015005
24.56092,26.8659,6233.12,0.91614,0.197546,4.637603394,8.738265488,-8.316423456,5.536154329
22.32918,24.20735,6009.52,0.92202,0.193145,4.773719226,14.30705066,-8.271780246,5.481286677
22.11223,25.7963,6682.53,0.93172,0.158783,5.867882582,7.133615545,-8.200302557,5.462586487
19.26206,23.93507,6573.61,0.92792,0.178618,5.194997145,7.045007554,-8.218150414,5.531952233
15.82787,20.66279,4186.17,0.90008,0.329264,2.733611934,10.56234301,-8.582950891,5.374623468
10.5939,12.76817,3714.51,0.80108,0.547003,1.464489226,12.68182025,-8.689369752,5.501368257
15.35559,20.8629,5735.93,0.91016,0.232988,3.906467286,9.132562931,-8.350932172,5.457507891
16.50283,18.69327,5259,0.87604,0.318048,2.754427005,10.1379854,-8.642250691,5.347971883
12.19279,15.26957,4617.58,0.85178,0.394697,2.158060487,10.86254206,-8.70677221,5.375269429
21.3864,23.88918,6070.47,0.9134,0.210076,4.347950266,7.983725402,-8.298913237,5.460138303
15.25096,16.90556,4030.47,0.84232,0.457446,1.841353952,30.90850797,-8.551771486,5.567243672
14.70894,19.17312,5812.89,0.88034,0.284764,3.091472237,10.01543591,-8.615092793,5.325913847
14.57598,18.0904,2577.42,0.8261,0.704037,1.173375831,13.07471209,-9.012183551,5.27679788
11.16795,13.45388,3846.54,0.80842,0.536308,1.507380088,14.97165405,-8.778295607,5.411755774
21.97566,24.29431,6098.85,0.91692,0.192499,4.763245523,10.26849913,-8.336956833,5.461104174
21.08874,24.62813,6444.85,0.92004,0.189475,4.855732946,7.702744022,-8.260869482,5.556786253
26.53643,29.19758,7199.92,0.94392,0.129034,7.315281244,6.441998783,-8.024490412,5.485414263
11.76128,14.06783,4146.31,0.83206,0.467331,1.780451115,14.93207145,-8.608886997,5.523625424
13.75536,16.01606,4486.8,0.87178,0.361828,2.409376831,14.95299329,-8.506741014,5.549588121
19.42697,22.61105,5502.36,0.92402,0.219749,4.204888304,8.990884052,-8.34358358,5.435159078
15.80027,18.43344,5267.5,0.86286,0.340211,2.536249563,15.19149764,-8.6666918,5.361000551
15.7084,19.33237,3900.85,0.88082,0.385761,2.283330871,13.75747639,-8.690129832,5.346305128
10.44588,13.42781,2669.87,0.8145,0.701092,1.161759084,14.09151798,-8.783198205,5.506151088
10.4714,12.95377,4883.46,0.85618,0.403179,2.123572904,11.02707761,-8.598410002,5.457283674
21.90037,24.81575,6222.05,0.91656,0.208226,4.401755785,12.02205728,-8.304381727,5.403885713
8.99461,14.92578,3793.26,0.80658,0.509744,1.582323676,26.60659411,-8.706965064,5.478718772
16.7761,18.7709,5307.24,0.87786,0.312038,2.813311199,10.81024601,-8.568677153,5.367276262
12.31103,14.42607,4332.73,0.83858,0.405928,2.065834335,10.63716584,-8.735292959,5.361601726
16.41184,22.21268,5640.85,0.91608,0.21536,4.25371471,8.814302373,-8.317629831,5.483073113
16.43081,18.42764,5186.99,0.88992,0.278383,3.196746928,12.61861554,-8.500493359,5.404131971
25.20509,29.08932,6905.14,0.94254,0.130913,7.199743341,7.074661539,-8.013242898,5.486923023
17.0129,19.99626,4846.04,0.88532,0.313393,2.824951419,10.4091175,-8.484758131,5.469913736
26.56679,29.09793,6179.5,0.9363,0.153418,6.102934467,17.51915509,-8.110373715,5.473657576
16.63801,18.61345,4555.23,0.87338,0.362934,2.406443045,21.98178478,-8.452724834,5.521105587
15.84263,20.7547,6410.01,0.90212,0.221694,4.069212518,9.752947972,-8.461169636,5.397896621
16.07119,18.89388,2840.36,0.85762,0.552176,1.553164209,12.12944969,-8.893576406,5.369365319
24.73822,30.26157,7084.37,0.94558,0.118805,7.959092631,6.373973139,-7.948959196,5.604330487
11.17681,14.31991,3993.49,0.8209,0.459428,1.786787048,11.87075303,-8.790472009,5.362554777
21.87737,25.52725,6858.65,0.92926,0.166514,5.580671895,6.886197687,-8.202047091,5.513998572
25.07779,26.57962,6542.08,0.91776,0.187477,4.895320493,9.081397654,-8.28054526,5.458546549
22.06854,26.65115,6938.85,0.93714,0.147328,6.360908992,6.528624911,-8.136994157,5.502439309
10.47776,12.04675,3220.95,0.80978,0.644491,1.256464404,24.85765608,-8.579988285,5.687475219
8.77687,11.33248,3892.43,0.7929,0.589819,1.344310712,14.86517107,-8.720286404,5.48357102
12.15007,14.97481,4230.11,0.8573,0.406491,2.109025784,15.36972446,-8.53304567,5.507356426
14.46096,18.71413,5656.77,0.88196,0.276909,3.185017461,10.6468184,-8.562911888,5.330165667
8.94031,10.34464,4407.6,0.82402,0.497759,1.655459771,11.70555541,-8.700740107,5.506960055
19.67803,24.7967,6778.18,0.93342,0.164934,5.659354651,6.468133811,-8.177264384,5.509137338
15.59034,19.28469,5398.58,0.88938,0.282241,3.151136794,11.35726296,-8.583621148,5.389537629
24.72442,26.89253,6400.35,0.91888,0.190882,4.813864063,8.757433484,-8.285935896,5.529474338
13.03133,17.658,4176.41,0.85468,0.412416,2.072373526,15.43861578,-8.805483445,5.262874146
13.20403,15.72615,5477.91,0.88352,0.302176,2.923858943,9.813652898,-8.510599079,5.392837283
12.82285,16.34693,4503.5,0.86448,0.381994,2.263072195,14.35393494,-8.536871898,5.459147888
11.01016,16.49811,5121.56,0.86154,0.340832,2.52775561,15.65105699,-8.58422952,5.389744337
14.29428,21.87942,4616.79,0.88606,0.312589,2.83458471,19.63201399,-8.47378133,5.481778989
10.06913,11.88469,3354.73,0.82098,0.646228,1.27041849,12.19758106,-8.793778689,5.451402211
14.35763,15.79235,4306.1,0.86288,0.388981,2.218308863,18.80064932,-8.494125227,5.529072024
22.68765,25.63599,4681.87,0.92122,0.23611,3.901656008,13.35332177,-8.331474892,5.464141632
16.8928,20.26214,5773.25,0.90556,0.233751,3.874036903,9.135807319,-8.35958313,5.483427735
11.01531,14.38872,2711.86,0.82396,0.658182,1.251872582,13.25858679,-8.856448063,5.429287454
11.18612,12.6716,3580.96,0.8028,0.550945,1.457132745,13.33252548,-8.842464016,5.304991789
19.42074,23.91897,6671.29,0.92884,0.173452,5.355026174,7.300352876,-8.207254906,5.507460977
10.35895,12.38686,3841.64,0.82446,0.541551,1.522405092,16.81003836,-8.704170307,5.492700285
19.10775,23.00775,5797.61,0.91786,0.214097,4.287122192,19.78494744,-8.418584642,5.444809808
11.24578,12.78376,2308.94,0.77438,0.860496,0.899922835,15.67283857,-8.883680574,5.450851078
9.01542,11.2368,4116.53,0.82192,0.526371,1.5614842,10.97574122,-8.675560518,5.499972726
16.58713,20.327,5270.01,0.88142,0.29587,2.979078649,10.96752528,-8.462429823,5.474634199
16.64323,19.96519,5258.84,0.9048,0.26341,3.434949319,9.826649881,-8.388204361,5.488916547
22.18499,25.35241,6706.63,0.92956,0.1675,5.54961194,6.962681582,-8.175207742,5.486421731
17.60886,22.27697,5805.85,0.91286,0.219275,4.163082887,8.943789165,-8.43391063,5.398959477
16.26741,20.31613,5157.92,0.88694,0.296171,2.994688879,10.29752141,-8.464320106,5.490594492
24.79685,27.33761,6808.72,0.92674,0.1686,5.496678529,7.555035141,-8.20169361,5.513007783
16.11443,21.7122,5310.64,0.8964,0.254303,3.524928923,9.780710546,-8.519563154,5.371640304
15.07372,18.65701,2980.44,0.86962,0.524606,1.657663084,12.38034167,-8.903689385,5.352462045
23.32763,26.39045,6937.67,0.93816,0.143089,6.556478835,6.600337516,-8.102994182,5.509411487
16.24679,22.14611,5309.88,0.89798,0.260244,3.45053104,14.12318554,-8.317788916,5.566466271
17.0349,20.28799,4489.69,0.88852,0.326776,2.719049135,17.93172075,-8.576327961,5.476910014
13.81287,17.06689,4587.4,0.83036,0.41121,2.019308869,12.76614481,-8.867170232,5.198832521
8.41552,10.60626,4463.58,0.81304,0.518307,1.56864561,12.13088219,-8.71661909,5.458084176
14.78514,22.62847,6449.51,0.90826,0.213488,4.254384321,12.09017235,-8.379931444,5.463702103
15.21082,17.9098,6182.18,0.92068,0.208333,4.419271071,6.52568456,-8.336446703,5.452813574
15.82918,20.10497,5907.86,0.88724,0.248329,3.572840868,11.12314189,-8.532236004,5.388867264
21.33892,23.67795,5715.96,0.90574,0.230777,3.9247412,18.72267648,-8.348681683,5.467599213
12.27362,15.5313,4938.54,0.87272,0.338116,2.581126004,9.80092665,-8.581267086,5.391044913
22.79589,25.18371,5674.91,0.91366,0.223476,4.088403229,8.942884225,-8.379463905,5.471829396
13.82871,15.54225,5303.49,0.88262,0.309334,2.853291264,10.29224676,-8.545279337,5.389768006
25.26609,28.25495,7020.55,0.93918,0.137293,6.84069836,6.759214543,-8.08644218,5.47967281
15.94396,23.0269,5044.44,0.89094,0.292917,3.04161247,11.7840058,-8.567693459,5.323689422
10.30053,13.62413,4308.52,0.83562,0.460097,1.81618224,13.08997647,-8.685164481,5.433029092
17.55589,23.17073,5536.52,0.91698,0.212758,4.309967193,8.521428699,-8.277762146,5.506105009
15.80588,23.05531,5814.77,0.91058,0.218125,4.174578797,9.120150908,-8.406013052,5.37256117
17.16235,19.33503,5065.48,0.88354,0.316978,2.787385875,9.656605138,-8.425682687,5.538393162
24.67052,26.55956,5429.03,0.91426,0.227248,4.023181722,9.713707492,-8.364952267,5.434331879
9.28949,13.47623,4666.77,0.82456,0.429274,1.920824462,16.0141066,-8.653891675,5.4385567
16.39094,19.74437,4030.91,0.85832,0.396513,2.164670515,13.10790085,-8.784061872,5.303022959
17.39944,19.84177,4719.94,0.89498,0.283684,3.154848352,17.59260131,-8.346367227,5.545129598
25.32634,28.11524,6734.2,0.93112,0.157292,5.919690766,8.545041846,-8.178763126,5.504157708
19.30413,21.83442,6477.19,0.91022,0.22516,4.042547522,7.303814108,-8.321541989,5.555651057
15.10964,21.23967,3102.61,0.8921,0.426706,2.090666642,12.5095987,-8.697437447,5.349125951
15.08418,21.17996,5666.33,0.89698,0.255174,3.515170041,18.96987984,-8.461932559,5.421256566
17.97449,21.77769,5533.66,0.88584,0.300162,2.951206349,10.7493619,-8.469662731,5.415405211
24.70363,27.1669,6450.35,0.91704,0.19044,4.815374921,8.792488165,-8.288857629,5.436722242
15.05393,18.58341,5508.31,0.86396,0.331971,2.602516485,11.17568339,-8.712872147,5.332661698
14.6571,20.79018,3249.93,0.8723,0.484738,1.799528818,15.01328163,-8.817572346,5.376641139
15.7368,20.41305,3922.54,0.88544,0.399304,2.217458378,10.35779625,-8.701843798,5.385713519
22.29311,28.09509,7089.83,0.94522,0.126771,7.456121668,5.973413744,-8.020237428,5.564632465
21.1625,22.85867,6112.79,0.90898,0.217486,4.179487415,8.940792445,-8.318376161,5.447788582
15.39478,17.36091,4751.48,0.85884,0.381461,2.251449034,13.20174056,-8.589921261,5.496323635
11.82721,14.01842,3511.78,0.84264,0.529527,1.591306959,11.09216933,-8.714480453,5.499023873
3.91173,7.08498,1029.87,0.60318,1.13886,0.529634898,33.31186849,-8.880317939,5.059722505
11.73795,12.48825,3019.62,0.81396,0.659492,1.234222705,12.98853096,-8.812943448,5.496029846
16.51006,19.67725,4133.11,0.8907,0.364388,2.444372482,10.75032489,-8.690428483,5.364386056
11.29565,14.17803,3593.62,0.81856,0.544863,1.502322602,16.20206423,-8.643554677,5.584653167
16.81366,22.70457,5111.28,0.9119,0.235827,3.866817625,20.99324333,-8.289117389,5.494113684
28.19328,29.2693,2937.14,0.82528,0.546284,1.510716038,17.59789047,-8.778555885,5.348629715
13.49628,15.91493,4565.76,0.86666,0.379072,2.286267516,11.69307485,-8.625861771,5.395413574
26.28607,28.83612,6688.02,0.9305,0.162722,5.718341712,7.839781968,-8.202777497,5.560989794
15.89499,21.26531,5820.77,0.89634,0.246812,3.631671069,13.15373045,-8.41786989,5.429533693
16.68161,21.45661,5667.75,0.90996,0.236288,3.851063109,12.45862697,-8.414948712,5.472642514
27.81292,29.94386,3290.34,0.83612,0.508358,1.644746419,15.25778791,-8.752105342,5.418994253
14.70788,19.57384,4073.18,0.88784,0.380316,2.334479748,11.47993088,-8.714716622,5.31748543
25.96246,28.57485,7062.13,0.92668,0.173586,5.338448953,7.851290523,-8.166789715,5.448457919
26.30174,28.21328,7187.9,0.92932,0.160493,5.790408304,7.155870082,-8.118271906,5.527543767
11.62079,15.24327,4897.17,0.85926,0.366832,2.342380163,10.54551127,-8.605777654,5.422404069
13.97357,16.99144,5172.88,0.87618,0.308462,2.84047954,11.12804587,-8.538387041,5.310264881
29.3798,30.75291,3461.33,0.83612,0.482994,1.731118813,14.78067659,-8.734677643,5.428736686
10.68312,13.87641,4018.94,0.81988,0.467317,1.754440776,12.22813625,-8.78877596,5.326435793
12.29235,13.72672,4053.68,0.8258,0.474527,1.740259248,11.49938151,-8.766837417,5.422763792
21.53913,23.02686,5192.54,0.88488,0.287464,3.078228926,12.53672268,-8.485750619,5.437228481
21.58161,25.70535,4759.36,0.92048,0.236639,3.889806837,8.540020848,-8.361333467,5.487496842
19.4385,22.53927,6138.04,0.9141,0.22199,4.117753052,12.03167511,-8.301720698,5.47660253
17.51178,19.91658,5278.79,0.8874,0.286957,3.092449391,14.49838763,-8.458601716,5.439837617
15.43843,20.30349,5393.58,0.88794,0.278938,3.183288043,10.82900553,-8.570647665,5.417241858
16.79229,21.619,5802.57,0.90788,0.221524,4.098336975,9.149466943,-8.293499113,5.452353254
5.1718,8.91802,1755.08,0.66274,1.11867,0.59243566,34.9002207,-8.758110034,5.614357141
16.72391,18.5016,5599.97,0.87494,0.304685,2.871621511,10.83078986,-8.629045932,5.374073034
22.1869,26.34789,6501.84,0.9309,0.166388,5.594754429,10.82816966,-8.239061979,5.472766886
17.18972,23.55916,6296.27,0.91932,0.189825,4.842986962,8.447427867,-8.338545918,5.384632117
11.17281,13.9408,3241.34,0.82064,0.596239,1.376360822,15.79646737,-8.626072047,5.571171552
8.8431,14.54847,5215.83,0.83298,0.391196,2.129316251,16.28108021,-8.627341559,5.407374753
11.7788,13.82621,3244.18,0.8216,0.607367,1.352724135,12.5177261,-8.724583257,5.5525621
19.45585,23.78783,6476.06,0.92424,0.186262,4.962042714,7.203164246,-8.269601692,5.442259885
15.75681,18.61603,2828.62,0.85728,0.558744,1.534298355,13.75148906,-8.919866728,5.300166748
16.11243,20.09758,4174.61,0.87882,0.371749,2.364014429,12.46999634,-8.538012085,5.457649251
22.06863,25.72801,6599.05,0.93064,0.166788,5.579777922,7.646981997,-8.192439313,5.468464949
17.44658,20.75417,5403.36,0.90856,0.236331,3.844438521,9.542682162,-8.357721107,5.511632471
11.74951,14.28602,4793.42,0.85042,0.38055,2.234712916,11.26291982,-8.679830393,5.362801858
15.85918,21.76153,5679.5,0.90492,0.230168,3.931563032,9.716013524,-8.430977664,5.393820834
18.28391,22.15257,5811.97,0.91966,0.199945,4.59956488,8.810095571,-8.269792721,5.454549225
10.41326,13.06477,3523.07,0.80002,0.573776,1.394307186,14.89554435,-8.782165234,5.446804092
16.49929,20.95147,5698.14,0.91092,0.228315,3.989751002,8.898700363,-8.349267859,5.463048025
11.96591,15.52855,4859.35,0.86502,0.347306,2.490656654,9.887569066,-8.597325281,5.3648112
18.90133,21.46608,5643.82,0.88398,0.296462,2.981764948,11.38653558,-8.44304133,5.468964238
20.52476,24.43781,6201.93,0.91194,0.213094,4.279519836,8.760880823,-8.330059278,5.478251947
16.1301,20.31643,5557.39,0.8898,0.26836,3.315695335,10.2686141,-8.567296509,5.319003688
11.554,14.07275,3259.24,0.8079,0.589431,1.370643892,14.14752409,-8.877076677,5.373563266
14.76215,18.12098,5244.63,0.87216,0.324634,2.68659475,11.11273388,-8.489434399,5.477525382
9.29156,16.22431,4179.79,0.83246,0.459337,1.812307739,34.42808506,-8.537748732,5.552296998
11.32306,13.48943,3779.34,0.81884,0.538952,1.519318975,17.87960666,-8.517185336,5.680632801
22.08337,24.90713,6674.74,0.92582,0.178953,5.173537186,6.737356018,-8.273716198,5.443852726
10.80472,12.95327,3332.26,0.80162,0.611765,1.310339755,14.453311,-8.834626896,5.396590425
18.53075,20.62081,5344.28,0.90564,0.256369,3.53256439,11.9922697,-8.436556036,5.472855831
17.43793,22.95259,5898.13,0.9143,0.200285,4.564994882,9.619196772,-8.216920085,5.533407542
24.59687,27.09777,6025.07,0.9163,0.206115,4.445576499,9.266544609,-8.32036594,5.46118297
15.99798,20.86544,5544.8,0.90256,0.256601,3.51736743,9.212331924,-8.401277092,5.4330399
22.11949,24.16439,6447.37,0.9166,0.201122,4.557432802,10.81104161,-8.316886253,5.453476043
17.98953,23.63541,6303.39,0.92444,0.177162,5.218049017,8.119237636,-8.184855528,5.454923055
26.80972,30.78525,6520.12,0.93936,0.143671,6.538271467,7.660240937,-8.058496289,5.464945516
21.63714,24.05291,5920.94,0.9124,0.219109,4.164137484,12.67478161,-8.375723266,5.46720291
18.33678,20.92087,5099.6,0.87666,0.300767,2.914747961,12.46794238,-8.585517202,5.274405316
18.43645,22.53001,6462.76,0.9206,0.18631,4.941226987,7.493208399,-8.259754749,5.430186361
12.73947,16.32003,4900.24,0.87002,0.345161,2.520620812,10.12829513,-8.51542479,5.44216015
21.16438,24.24407,6264.14,0.91266,0.207781,4.392413166,8.22434931,-8.31400659,5.485465557
14.96653,22.88348,6023.73,0.90598,0.217469,4.166019065,9.159107825,-8.406478278,5.40176588
18.43897,22.89227,6116.59,0.92136,0.189419,4.864137177,7.900996295,-8.343122344,5.449587242
10.81192,12.88199,3953.42,0.80368,0.531401,1.51237954,12.62020104,-8.818770137,5.402043793
19.0436,21.99113,6406.75,0.90482,0.244554,3.699878146,8.326275225,-8.358266576,5.494999309
20.15789,22.38899,6196.54,0.91832,0.198116,4.635264189,12.14286879,-8.300999578,5.428648525
17.61225,20.48311,5715.04,0.89378,0.26144,3.418681151,10.38476181,-8.465014436,5.436394345
22.34684,24.5914,5176.65,0.9112,0.248331,3.669296222,10.24873405,-8.392391355,5.459210885
15.2589,21.34867,6628.22,0.9146,0.201401,4.541188971,12.15744874,-8.366547458,5.454275937
15.0281,19.4406,5649.84,0.90504,0.245565,3.685541506,10.7377238,-8.420462567,5.479848279
15.90379,20.29013,5676.57,0.88774,0.260907,3.402515072,11.26326203,-8.52130212,5.323302445
18.01134,23.07065,6300.71,0.91774,0.196674,4.666300579,7.883114593,-8.292335579,5.461946024
17.52803,22.00755,5070.33,0.90584,0.261171,3.468378955,10.44394275,-8.439827592,5.385208136
14.40153,18.33735,4810.76,0.85718,0.357453,2.398021558,11.37315666,-8.537928805,5.475042955
15.71279,20.3633,6011.18,0.89438,0.257784,3.46949384,13.06720839,-8.486385892,5.382092177
22.22904,24.37849,6371.94,0.9146,0.200575,4.559890315,8.669825508,-8.327398281,5.40155117
11.00552,14.18857,2660.8,0.81766,0.695757,1.175209161,14.08456494,-8.871915448,5.495009081
14.2823,20.52219,5183.9,0.86736,0.308225,2.814048179,10.5752326,-8.666085931,5.275186459
19.30547,24.07049,6586.61,0.92676,0.176492,5.251002878,7.552216072,-8.217976013,5.436890228
13.22654,15.60476,5270.44,0.87518,0.318285,2.749674034,9.287457708,-8.565339407,5.407515576
18.79134,23.40052,6284.18,0.92444,0.178436,5.180793113,8.196071863,-8.210938764,5.516322903
22.43177,27.47156,6921.74,0.93948,0.140015,6.709852516,7.023662307,-8.112756415,5.449051808
9.50354,16.81784,4425.99,0.83046,0.421645,1.969571559,17.66206341,-8.540106052,5.54739313
16.79909,21.41388,5176.77,0.90528,0.256159,3.534055021,9.249671764,-8.376885432,5.495087578
14.1953,17.94484,5392.44,0.89854,0.279636,3.213248652,7.795828755,-8.498284249,5.34370568
15.92669,20.36009,5641.82,0.89696,0.253571,3.537313021,12.07003538,-8.525610727,5.353506695
19.16124,23.2003,6310.94,0.9141,0.214507,4.261399395,7.752611478,-8.323467152,5.455439461
11.36863,14.53136,3844,0.82062,0.495353,1.656636782,14.55610536,-8.618243572,5.508977199
10.00412,14.3107,4007.52,0.81652,0.508137,1.606889481,16.98364978,-8.599492766,5.496955528
16.20228,22.89713,5563.92,0.90058,0.242605,3.712124647,10.4828238,-8.281404734,5.517659285
22.17527,26.65829,6932.3,0.93876,0.140444,6.684230013,6.698836948,-8.118964063,5.534112434
17.12574,20.55109,5622.95,0.89896,0.25122,3.578377518,9.700255761,-8.501110853,5.346652151
12.61026,15.23716,3868.34,0.86132,0.444071,1.939599749,10.71396556,-8.685476109,5.38936649
15.58186,18.2009,5769.07,0.86816,0.300251,2.891447489,14.33776766,-8.570524455,5.353679118
16.29648,22.77961,5688.34,0.90314,0.234013,3.859358241,10.02384223,-8.317850539,5.502255063
11.49812,14.23995,5553.69,0.85988,0.336281,2.5570282,13.32919573,-8.52612659,5.499069814
25.23708,28.32546,6497.09,0.93424,0.15569,6.000642302,9.55491394,-8.149978508,5.538275909
22.06863,25.72801,6599.05,0.93064,0.166788,5.579777922,7.52290752,-8.215937066,5.450041164
15.59752,20.69335,5465.16,0.9023,0.258536,3.490036204,9.065773649,-8.389384814,5.461398702
16.71748,20.52068,6178.6,0.9155,0.205195,4.461609688,7.563628627,-8.348572638,5.445113936
26.58185,31.11101,7606.86,0.9555,0.100406,9.516363564,5.322528791,-7.872010547,5.488459356
10.49795,12.98846,3729.39,0.79792,0.53104,1.502561012,12.6123918,-8.772427439,5.40128024
19.46941,23.48439,6593.56,0.92652,0.177551,5.218331634,7.650821763,-8.222028989,5.514598357
8.62884,14.31456,4610.46,0.81516,0.455139,1.791013295,27.97689372,-8.507835239,5.566744643
8.87612,10.64214,3594.07,0.78762,0.593178,1.327797052,14.28462073,-8.734401363,5.492733772
12.40234,14.48294,4142.07,0.8349,0.48408,1.724714923,16.22725032,-8.610579917,5.542635917
11.31288,13.23855,3143.57,0.8304,0.590577,1.406082526,18.22189574,-8.802971597,5.467001126
13.10949,16.65295,4225.25,0.83586,0.417051,2.004215312,14.80812613,-8.85959494,5.203815686
16.5673,20.88805,4811.91,0.89716,0.292178,3.070593953,19.78982859,-8.391072726,5.50992389
26.50331,28.63151,6770.5,0.93146,0.16639,5.598052768,10.22558236,-8.165692751,5.545694909
24.1918,28.5459,6653.25,0.93248,0.157659,5.914537071,7.910177085,-8.188061143,5.441303826
21.15183,25.90395,6845.69,0.93818,0.150079,6.251241013,6.719236183,-8.123862025,5.52618755
19.09956,22.06123,6392.73,0.90376,0.243547,3.710823783,8.344360149,-8.370378224,5.515635853
26.5429,29.10999,7207.87,0.94326,0.131473,7.17455295,6.764347887,-7.993988939,5.501984087
12.22152,14.37488,3989.61,0.83808,0.475217,1.763573273,20.07172933,-8.58483359,5.524796415
6.20961,10.29122,2672.66,0.7165,0.83991,0.853067591,25.80902727,-8.6437795,5.604703919
11.18777,18.95079,5625.12,0.87032,0.299706,2.903912501,13.23488666,-8.507678046,5.440816756
21.91805,25.95427,6490.87,0.92694,0.17258,5.371074284,7.800144696,-8.249888934,5.469637249
19.37373,24.93812,6834.86,0.9354,0.154775,6.043611694,6.352263826,-8.155702748,5.536616248
19.43056,23.24373,6125.32,0.91446,0.222513,4.109692467,11.92038421,-8.315796818,5.541217956
21.99837,24.69379,6464.44,0.91898,0.196758,4.670610598,7.691670825,-8.274123137,5.458787074
6.48935,11.28012,3095.63,0.72502,0.679998,1.066209018,22.99285599,-9.015469611,5.246553388
16.14714,18.96353,4803.26,0.85492,0.378913,2.256243518,11.26820275,-8.732491302,5.301136408
19.33084,22.37393,6212.71,0.91306,0.219811,4.153841255,8.163136265,-8.346464743,5.470698458
19.43271,21.77625,6317.76,0.91152,0.213999,4.259459156,7.879047332,-8.313652112,5.494104287
20.52719,25.73202,7128.51,0.94172,0.137702,6.83882587,5.946288866,-8.080936553,5.539196243
17.28216,19.40742,5528.12,0.87972,0.295919,2.972840541,10.28802934,-8.41829765,5.545269483
21.63381,25.68519,4764.06,0.9204,0.236379,3.893746906,8.658974448,-8.372688498,5.476864608
10.07391,11.60141,3624.29,0.7977,0.576196,1.384424744,14.63693967,-8.755765256,5.485061365
16.42033,19.0028,5256.15,0.87812,0.312207,2.812621114,10.44371758,-8.583778958,5.380223671
17.63613,21.70216,6120.14,0.90992,0.216551,4.201873923,8.604317523,-8.372231114,5.393186481
14.4513,17.69342,4473.28,0.83426,0.406293,2.053345738,16.91759791,-8.80775038,5.278432703
15.81088,18.45842,5464.78,0.86364,0.316181,2.731473428,11.74878039,-8.61785956,5.320791264
15.30087,19.57348,5470.07,0.88884,0.278669,3.189590518,10.97447474,-8.551587021,5.312625766
16.07587,23.29068,5950.41,0.9103,0.218391,4.16821206,9.474714265,-8.283115935,5.497480961
11.63652,15.4719,3387.12,0.8446,0.565223,1.49427748,10.37893495,-8.790027395,5.430619925
9.62964,13.78899,4445.03,0.82704,0.45045,1.836030636,18.24155469,-8.742157597,5.344088003
11.27528,12.61517,4565.61,0.82596,0.424089,1.947610054,12.16854209,-8.782431511,5.310177859
14.81982,19.17614,4943.56,0.87922,0.314976,2.79138728,10.5304855,-8.660820964,5.316368588
17.67618,21.52646,6095.09,0.9128,0.205605,4.439580749,8.467652486,-8.343594905,5.355570835
13.94699,18.40197,4573,0.83508,0.402217,2.076192702,12.5438038,-8.856679821,5.226536821
11.08949,14.28103,3625.82,0.83434,0.524675,1.590203459,11.74860802,-8.777529404,5.506987954
22.43015,23.77831,6229.02,0.9107,0.211613,4.303610837,8.928400734,-8.338452866,5.485265079
26.57669,29.39421,6419.44,0.92816,0.17258,5.37814347,16.72823605,-8.222765273,5.460319502
10.75074,14.01078,3921.07,0.84668,0.470519,1.799459746,12.43434388,-8.831414858,5.300565548
8.47806,9.56369,3077.52,0.7884,0.739376,1.06630456,12.92095596,-8.823701106,5.548006826
28.01826,29.80435,6878.27,0.92986,0.160468,5.794675574,7.683453134,-8.164410538,5.478184617
10.57428,12.27271,4650.06,0.8419,0.434478,1.937727572,10.26891253,-8.578275378,5.534031772
10.26181,12.0695,5090.72,0.85818,0.382005,2.246515098,10.02559255,-8.596628349,5.483362795
21.37691,25.72883,6510.62,0.92776,0.171552,5.408039545,8.140378521,-8.225145618,5.442834313
11.44254,14.17323,3998.48,0.8438,0.448122,1.88296937,15.7858977,-8.657329895,5.533719923
11.62517,14.1624,4653.93,0.84096,0.387183,2.171996188,11.94543219,-8.669800053,5.406489556
29.7526,31.46845,3388.73,0.85482,0.462918,1.846590541,14.15049507,-8.662980665,5.48012977
18.3089,22.13011,5940.94,0.92322,0.196369,4.701454914,8.188648018,-8.284611579,5.491389015
11.91485,14.86072,3297.46,0.80838,0.562743,1.436499432,14.49820484,-8.827671704,5.420433678
16.74796,20.58132,5037.66,0.89058,0.297,2.998585859,9.600413687,-8.443145432,5.433093586
15.20644,17.98123,4358.4,0.86866,0.366395,2.370829296,11.92085764,-8.692807585,5.345139987
9.4926,11.16269,3049.37,0.78912,0.744759,1.059564235,13.79617931,-8.725267024,5.615484798
17.62117,21.12561,6060.51,0.90582,0.230094,3.936738898,8.313384944,-8.432485201,5.422269614
16.4628,22.02037,5924.76,0.91204,0.216166,4.219164901,8.93950777,-8.419820482,5.383998422
11.38014,12.7119,4728.42,0.85802,0.418433,2.050555286,10.54861769,-8.61805281,5.498475537
11.93343,15.15336,4291.25,0.84094,0.404381,2.079573472,10.87320075,-8.709923138,5.372513895
14.92491,17.60901,4669.6,0.88168,0.348777,2.527918985,11.12302507,-8.544092726,5.44550867
11.82977,14.60798,4814.49,0.84382,0.379824,2.221607903,11.04811179,-8.60189052,5.472940587
18.23089,21.3138,5082.69,0.8741,0.311779,2.803588439,11.3952833,-8.417325504,5.526763874
17.40157,18.41707,5935.92,0.91634,0.231924,3.951035684,7.881187837,-8.411231381,5.41817453
26.46835,28.51482,7123.38,0.93076,0.160504,5.798983203,7.075394842,-8.167343137,5.511584625
13.77235,15.61674,4954.37,0.86604,0.348956,2.481802863,10.35851603,-8.51947248,5.480958763
12.64741,15.14773,5291.31,0.86588,0.335333,2.582149684,10.78817916,-8.580532059,5.365008121
10.93492,13.63539,4565.51,0.83978,0.426652,1.968302035,17.86915034,-8.665681516,5.484290811
14.25359,18.91839,4824.93,0.87692,0.330796,2.650938947,18.58091593,-8.607405385,5.355915357
21.87894,23.38605,5120.36,0.90574,0.259847,3.485666565,10.41510567,-8.442488485,5.426182363
13.26005,20.59075,6066.2,0.88942,0.248006,3.586284203,12.26086549,-8.488959827,5.353187014
27.08993,30.47223,7436.5,0.95274,0.108083,8.814892259,5.583120208,-7.914908016,5.549166056
12.1463,14.62683,4398.97,0.84652,0.416878,2.030618071,10.63309614,-8.669184647,5.424109928
11.71452,13.61606,4416.07,0.83096,0.466466,1.781394571,12.25888593,-8.633467716,5.540138883
27.48589,30.29303,7092.33,0.9435,0.128427,7.346585998,7.100094489,-8.041195185,5.434175603
21.74773,25.90871,6377.95,0.92564,0.175312,5.279958018,8.415111906,-8.252726526,5.462398861
15.77957,20.46736,5329.93,0.8987,0.266302,3.374739957,11.00669294,-8.458429364,5.458302999
10.56936,14.10966,5037.66,0.83936,0.384597,2.182440321,14.45918599,-8.579936968,5.478000323
27.00872,28.93976,5718.07,0.92706,0.19622,4.724594843,9.838255949,-8.266624129,5.460672313
18.13879,21.50117,5238.42,0.89312,0.264078,3.382031067,10.4983557,-8.425172268,5.431580584
24.7549,28.20395,6803.91,0.93394,0.148054,6.3081038,7.517736377,-8.138843846,5.393052341
16.64471,21.23369,5322.9,0.9044,0.254684,3.551067205,9.328447785,-8.350147713,5.469036974
14.29428,21.87942,4616.79,0.88606,0.312589,2.83458471,19.53984578,-8.482932292,5.478669776
15.03675,19.89397,3025.16,0.88156,0.476362,1.85060941,11.61074492,-8.816791694,5.263056489
16.97345,20.66765,5765.82,0.89622,0.257211,3.48437664,10.09329453,-8.478856994,5.397182658
13.73591,16.38727,5611.9,0.89304,0.283879,3.14584735,8.631010512,-8.556648781,5.426552342
14.3875,18.44957,4877.23,0.87996,0.326387,2.696063262,11.68438538,-8.588856597,5.387336619
16.40615,20.19866,5633.15,0.8958,0.266185,3.365328625,9.784177119,-8.524692846,5.38143785
16.97104,20.31303,5765.05,0.8994,0.253034,3.554463037,9.212514096,-8.52630807,5.37737485
11.22128,13.36546,3971.29,0.8316,0.479575,1.734035344,16.7804577,-8.530632279,5.642435587
15.87599,16.78369,3175.21,0.83222,0.536398,1.551497209,19.70930233,-8.516038018,5.645434354
16.72692,21.13332,5583.9,0.90686,0.229121,3.957995993,9.308950556,-8.308444596,5.479113807
7.87527,13.95218,2454.28,0.77586,0.836267,0.927765893,22.35912244,-8.994073456,5.413648939
20.27434,25.63032,7053.73,0.94104,0.136858,6.876032092,6.08047063,-8.073045668,5.590331714
16.92963,20.10816,5059.76,0.8961,0.269543,3.32451594,10.09451224,-8.433526595,5.3817037
21.98918,25.22186,5910.82,0.91242,0.217576,4.193569144,18.51003286,-8.36696594,5.451616973
14.52358,19.51283,5369.28,0.8847,0.293687,3.012390743,9.853637566,-8.608120035,5.308356789
19.3891,24.53408,6822.93,0.93296,0.165132,5.649783204,6.427086983,-8.170872133,5.520844959
13.29258,15.50154,4548.68,0.85574,0.389684,2.195984439,10.96942801,-8.674871746,5.479028243
15.59756,18.14275,3720.55,0.86164,0.479051,1.798639393,12.30549263,-8.787196887,5.388264171
24.44442,26.84576,6235.7,0.91852,0.19472,4.717132293,12.14961156,-8.263114143,5.453774432
17.56256,21.00618,5960.75,0.90626,0.232664,3.89514493,8.383034796,-8.387018184,5.396825497
26.43899,28.62178,6837.42,0.931,0.160985,5.783147498,8.050982317,-8.160613867,5.546520144
24.02461,27.50304,3262.75,0.84068,0.409825,2.051314585,16.62082326,-8.73364185,5.351267514
29.09948,31.5638,4777.85,0.89668,0.261798,3.425083461,9.937511645,-8.389073615,5.443877071
37.58527,40.87415,3559.12,0.9564,0.152698,6.263343331,7.766181727,-7.886308774,5.682575933
11.71093,19.55677,4578.5,0.86904,0.371674,2.338178081,16.26452329,-8.632362466,5.437703721
33.26008,40.4499,4827.72,0.93376,0.170812,5.466594853,18.24431041,-8.09325672,5.523119226
19.27005,20.84026,2393.68,0.78264,0.614745,1.273113242,29.42714093,-8.891358608,5.298373982
40.27187,45.93717,4197.12,0.96824,0.108077,8.958797894,11.86628746,-7.650814508,5.867954964
34.30052,38.28348,3844.84,0.94768,0.166018,5.708296691,14.77438113,-7.966383736,5.664658393
38.94432,46.00985,4780.07,0.96096,0.105064,9.146425036,7.308705284,-7.729908323,5.786469183
10.61705,15.38008,4835.87,0.82286,0.40412,2.036177373,16.48896264,-8.762587191,5.350475404
34.16756,38.04426,4363.1,0.94396,0.150573,6.269118633,9.740276472,-7.95068731,5.656180241
21.64681,23.72432,2325.46,0.81182,0.578566,1.403158844,33.10481764,-8.905814111,5.308957702
24.51849,28.65973,2256.22,0.80716,0.538338,1.499355424,33.84802548,-8.740043333,5.305069074
34.10503,38.48573,3921.47,0.94836,0.162315,5.842713243,14.53513125,-7.980889421,5.661770491
30.32085,31.22149,3444.35,0.87546,0.352893,2.48080863,12.62286832,-8.629511462,5.43007861
31.48256,35.46368,4396.81,0.90456,0.241056,3.752489048,22.14179748,-8.329784897,5.495634618
31.51019,37.43248,4993.61,0.9436,0.132484,7.122369494,16.20907884,-8.008879201,5.637574651
33.57233,35.89518,2836.98,0.87984,0.393303,2.237053874,17.63854448,-8.629066573,5.408915036
27.30067,29.95727,3704.78,0.86268,0.335627,2.570353398,18.81342268,-8.596975005,5.28261129
30.54052,34.22639,4671.06,0.90964,0.229279,3.967393438,24.11659277,-8.340233754,5.494741556
34.30355,36.6978,3932.18,0.8898,0.287053,3.099776,13.37284866,-8.438554715,5.466162775
39.56575,44.62964,2754.44,0.95186,0.192702,4.939543959,11.30194921,-7.99601161,5.723582696
29.38648,30.76996,3421.35,0.8608,0.350679,2.454666518,12.96357578,-8.63136214,5.371907162
30.93895,36.47714,4518.24,0.94526,0.15023,6.292085469,32.42124474,-8.017215183,5.652452653
23.73271,25.12034,2931.05,0.82528,0.480659,1.716976068,22.86687183,-8.732958915,5.339302215
25.40334,31.31604,6290.24,0.94884,0.128802,7.366655797,7.019075072,-7.969300132,5.544162247
27.21709,30.94397,3676.24,0.86474,0.342996,2.521137273,20.18219747,-8.484934351,5.423802298
33.09194,37.51237,4550.9,0.94694,0.142159,6.661132957,13.51562697,-7.959193013,5.703332371
32.75663,37.16115,4711.46,0.90978,0.222791,4.083558133,24.11634073,-8.363271252,5.489297994
38.04667,44.75881,5705.64,0.96942,0.0811065,11.95243291,13.40305091,-7.481254151,5.854395301
9.37787,15.86037,3930.4,0.83188,0.489989,1.697752399,32.7209142,-8.684492767,5.557711282
24.47676,28.44483,4940.17,0.9236,0.194049,4.75962257,17.33610767,-8.269731907,5.542468093
31.36875,36.81142,4809.11,0.95096,0.135008,7.043730742,20.08983471,-7.885290201,5.634419061
10.10065,15.11852,4022.56,0.82966,0.490209,1.692461787,32.31409337,-8.43376629,5.580708477
31.42322,33.65842,2885.02,0.8805,0.391841,2.247084915,36.50926683,-8.055441241,5.461504183
25.76811,28.10783,3590.45,0.86636,0.362455,2.390255342,26.66040536,-8.443508312,5.398959906
39.34474,41.98919,4189.79,0.91336,0.235173,3.883779175,16.47720494,-8.300716195,5.534713575
30.84556,37.07235,4875.56,0.95242,0.133005,7.160783429,11.34687619,-7.898733749,5.64917985
18.06632,19.1665,2411.05,0.77452,0.603365,1.283667432,18.39584559,-9.00123826,5.273485983
35.03669,38.25325,4665.1,0.9471,0.137846,6.870710793,8.626716876,-7.935433988,5.667289265
30.67827,35.18819,4439.64,0.94218,0.159745,5.898024977,11.04998854,-8.016138152,5.593293984
39.80204,45.97636,4501.01,0.96222,0.112853,8.526312991,16.23766395,-7.807471071,5.759895694
29.62342,31.60867,3861.1,0.88022,0.311363,2.826989719,16.71728411,-8.476266875,5.460994752
31.86938,37.64627,5109.47,0.94944,0.12636,7.51377018,14.69331681,-7.848468159,5.69403
25.18671,31.35855,4478.45,0.92818,0.186436,4.978544916,9.556749963,-8.184913811,5.534411955
24.76315,25.68864,2808.47,0.82606,0.465075,1.776186637,15.7663112,-8.800509517,5.363209813
41.32298,44.64291,5056.25,0.95838,0.10246,9.353699004,12.94828605,-7.706723967,5.748000728
16.53649,20.39452,4908.43,0.90118,0.261501,3.44618185,9.842607291,-8.450440651,5.425365989
28.4862,30.24529,3944.63,0.87208,0.311528,2.799363139,30.48418079,-8.113325095,5.491226589
26.8622,32.15233,5342.96,0.94852,0.131972,7.187282151,13.87449618,-7.933491886,5.559220744
12.55372,16.20632,1701.29,0.71984,0.994813,0.723593278,21.56521819,-9.047187799,5.377498118
22.04397,22.73883,2930.3,0.8212,0.484662,1.6943767,41.60353345,-7.839462267,5.28289433
20.82103,22.84235,2920,0.81794,0.484283,1.688971118,15.25806436,-8.905254449,5.278621322
34.68964,37.6833,3224.81,0.88612,0.307131,2.885153241,13.901168,-8.45207001,5.531875609
26.24405,29.23504,2712.31,0.8328,0.461267,1.805461913,20.3024902,-8.63110297,5.430519342
32.04673,33.97212,3511.29,0.88466,0.331294,2.670316999,19.89177595,-8.524416741,5.504837719
38.02645,42.22554,5610.26,0.95746,0.111246,8.606691477,7.911438946,-7.736273768,5.742195303
31.63286,35.56422,4447.02,0.89874,0.25954,3.462818833,10.99537793,-8.408742405,5.450123091
32.99296,37.74189,4978.7,0.95238,0.1275,7.469647059,13.80828976,-7.960579113,5.735574507
23.09253,24.44927,4367.83,0.8937,0.289318,3.088988587,8.598298781,-8.467420632,5.510017422
37.2963,44.00818,5629.98,0.967,0.0829595,11.65629012,19.78826391,-7.46570934,5.849366549
30.24209,32.13756,3672.37,0.87876,0.31973,2.748444,10.98791221,-8.563362921,5.430951071
31.78102,33.49842,3882.78,0.87646,0.310308,2.824484061,12.61868511,-8.561448482,5.40905512
37.41192,38.20734,4002.68,0.9003,0.271631,3.314422875,12.27498734,-8.380380043,5.544797765
20.90069,22.84228,2158.22,0.77284,0.59039,1.309033012,21.20874018,-8.75702033,5.355618129
24.76802,26.79925,2925.44,0.8273,0.448691,1.843807877,30.19029705,-8.470246348,5.300971956
40.58596,44.17945,4578.1,0.95694,0.113003,8.468270754,33.37256535,-7.491068616,5.776275613
24.95128,25.88067,2499.13,0.82556,0.515526,1.601393528,14.37903853,-8.967014114,5.298391474
34.5455,42.82617,4475.9,0.95882,0.119035,8.054941824,11.1426837,-7.746953783,5.709911405
26.29312,33.75133,5217.41,0.94668,0.149205,6.344827586,7.253602252,-8.038100689,5.620728326
32.2573,35.24927,3817.29,0.88666,0.298464,2.97074354,19.13340792,-8.479365638,5.427724752
19.30132,20.81668,2463.82,0.78582,0.577629,1.360423386,41.30493846,-8.031915593,5.288517399
23.94407,28.34652,4697.93,0.94168,0.164718,5.716922255,8.630729213,-8.098687724,5.634113614
22.85767,27.80463,4532.68,0.91254,0.215524,4.23405282,9.145962975,-8.368644809,5.521495129
33.45003,39.11232,5052.02,0.95286,0.11943,7.978397388,17.38378365,-7.742528939,5.761402376
42.08167,45.50777,4101.05,0.94144,0.178534,5.273169256,12.59678585,-8.025825829,5.65044403
32.82242,35.77184,4512.59,0.92464,0.199024,4.645871855,18.76789339,-8.21112222,5.544655167
25.49062,26.0321,2336.37,0.82292,0.54644,1.505965888,15.33438069,-8.90595431,5.365633903
21.86554,23.43689,3489.66,0.84126,0.416929,2.017753622,14.57714255,-8.709788811,5.341115584
28.14988,31.87923,4907.07,0.93674,0.170667,5.488700217,17.125119,-8.149947306,5.61832012
19.54382,25.99258,6229.15,0.91172,0.211294,4.314935587,9.11642581,-8.339948579,5.475281763
27.3232,31.00421,4746.81,0.93386,0.176523,5.290302114,13.11851998,-8.165369236,5.498387075
24.58614,27.14808,3994.08,0.87004,0.353363,2.462170629,14.39065677,-8.655997294,5.401893272
33.97258,36.01515,3639.56,0.90548,0.276377,3.276249471,11.79681547,-8.465303007,5.531882061
21.11144,23.0005,3156.76,0.81148,0.476765,1.702054471,21.77056908,-8.732057145,5.38015428
31.69131,36.29505,4413.22,0.95036,0.143264,6.633627429,8.015440098,-7.951216706,5.705319317
32.69651,35.19795,2674.89,0.93444,0.256555,3.642259944,11.21575508,-8.237209612,5.671569457
27.491,30.59189,4245.87,0.88394,0.296895,2.977281531,11.11638131,-8.548897627,5.445504719
26.75622,32.15597,4367.25,0.93882,0.176165,5.329208413,35.44753077,-8.03482797,5.620855844
29.49165,31.58794,4169.52,0.8827,0.30023,2.940079273,17.17287165,-8.435160138,5.454225509
36.09277,37.55207,4012.66,0.88556,0.274799,3.22257359,18.94547106,-8.500317025,5.472379493
37.49101,44.54123,4568.78,0.96336,0.109601,8.789700824,15.03974094,-7.733954842,5.760142892
22.437,26.43852,4594.84,0.91914,0.218792,4.20097627,22.42512834,-8.433985439,5.49865489
35.87214,39.63883,5092.11,0.9593,0.107038,8.96223771,4.863717172,-7.751380237,5.764226491
34.96753,44.11335,5861.96,0.96162,0.0955787,10.06102824,8.631828552,-7.626334907,5.726450873
31.69391,35.645,4816.13,0.95078,0.131793,7.214191953,22.97783561,-7.945202067,5.599783604
29.44337,32.71646,3668.6,0.89314,0.318978,2.800005016,15.88264857,-8.543776232,5.469736203
31.38441,36.5597,5983.99,0.96362,0.0931565,10.34409837,9.600568121,-7.640145601,5.728691509
28.66129,33.94611,3940.95,0.94088,0.189284,4.97073181,18.28110774,-8.178378387,5.56215432
35.21651,36.87232,2795.59,0.87618,0.377965,2.318151152,16.67747463,-8.562990909,5.439773057
22.63544,24.05514,3661.76,0.8487,0.410586,2.067045637,43.87235547,-7.791189647,5.371874475
19.07281,21.23754,3211.82,0.81788,0.498881,1.639429042,17.39340374,-8.819493577,5.355303987
31.17198,33.05248,3506.08,0.90518,0.287324,3.150380755,13.72095135,-8.427820956,5.572876281
13.11852,16.39554,3560.25,0.83092,0.464936,1.787170707,13.36815474,-8.752917514,5.367935673
23.65088,25.86624,3974.7,0.85468,0.363656,2.350243087,16.18508638,-8.693111337,5.308143112
22.54209,26.20435,3973.29,0.86282,0.361363,2.387682192,28.47106208,-8.602693631,5.307651779
25.24664,26.7942,2748.55,0.83416,0.464427,1.796105739,24.70918082,-8.753429483,5.334668563
28.93206,31.95037,2867.49,0.87626,0.411559,2.129123649,38.19492132,-8.481990515,5.40164385
26.54905,29.45229,3803.41,0.87174,0.335565,2.597827545,16.53803889,-8.623366486,5.38114753
28.39992,29.86695,2686.81,0.83338,0.438342,1.901209558,16.79845944,-8.817330105,5.319578744
31.04975,32.77047,4327.92,0.88608,0.274879,3.223527443,12.3772836,-8.439992666,5.487834568
22.96471,29.65323,5227.81,0.94258,0.154329,6.107601293,15.65643027,-8.060734019,5.632492181
31.32411,33.8621,4265.13,0.89316,0.258738,3.451986179,14.97194782,-8.430810563,5.481207347
24.10673,25.93587,3537.63,0.8544,0.370916,2.303486504,38.9332593,-7.777528341,5.367200611
29.7086,31.3974,3154.14,0.85352,0.397875,2.145196356,13.58305415,-8.707009915,5.419508801
32.31644,34.29812,3719.45,0.87504,0.319315,2.740366096,15.76733868,-8.567823951,5.356115478
31.60938,34.76445,3701.8,0.87618,0.324451,2.70050023,14.47739466,-8.567846219,5.47204145
27.74657,29.79707,3212.56,0.8589,0.384348,2.234693559,13.38288329,-8.691179147,5.322057856
40.67306,46.88216,5573.01,0.9626,0.0868061,11.08908245,12.56752612,-7.556739866,5.79193739
36.11159,40.81563,4390,0.95368,0.128613,7.415113558,31.5830914,-7.476446877,5.757490935
21.0377,22.15099,2759.31,0.80752,0.516808,1.562514512,30.80973191,-8.500069165,5.345663134
22.18262,25.84402,3132.92,0.84028,0.443443,1.894899683,43.70901482,-7.94680186,5.28843601
29.35857,31.8094,5159.35,0.91226,0.215726,4.228790225,8.199069124,-8.281551182,5.44735464
26.51614,28.58742,2073.75,0.82882,0.609612,1.359586097,21.23633454,-8.823123137,5.372323748
14.11419,16.3396,4322.65,0.85888,0.387383,2.217133948,24.13667013,-8.581004143,5.498988986
34.86548,37.54439,4110.29,0.9433,0.156737,6.018361969,30.01242571,-7.92566223,5.647053658
31.17357,32.61267,2736.61,0.87358,0.393677,2.219027274,26.9135444,-8.335275442,5.367454538
20.67212,22.69041,3674.96,0.83682,0.422049,1.982755557,37.1161535,-8.04848559,5.310775955
27.11191,28.64285,4097.64,0.87068,0.336943,2.584057244,17.25656985,-8.602161751,5.372944753
38.62026,44.39725,4856.55,0.96122,0.105424,9.117658218,11.95348745,-7.708513008,5.756748278
34.30115,40.32475,5259.83,0.95758,0.11185,8.561287439,13.03433161,-7.790118232,5.692004794
28.58192,32.3732,4464.95,0.92412,0.216132,4.275720393,11.87489477,-8.253835331,5.430018808
33.80165,36.06883,3020.9,0.8645,0.359728,2.403204644,34.30477211,-8.442778007,5.486963962
23.01421,25.37232,3182.99,0.8341,0.441546,1.889044403,26.79582887,-8.820890849,5.334112596
28.27809,32.64433,4256.67,0.8885,0.288379,3.081014914,10.89541173,-8.507807423,5.463496434
37.15585,42.81791,4141.24,0.93168,0.202877,4.592339201,14.14611726,-8.194166251,5.560496089
26.33704,28.37063,2732.99,0.84676,0.506751,1.670958715,13.13161014,-8.842567847,5.395180237
26.36711,33.48361,6368.57,0.94978,0.120287,7.895948856,7.28403721,-7.945360165,5.62973302
29.55695,35.36732,4796.59,0.9452,0.149748,6.311937388,11.91171348,-8.007094692,5.624183664
35.65815,38.52996,4112.48,0.94498,0.151187,6.250405127,39.43221339,-7.654387109,5.681580099
37.01544,41.16387,5240.78,0.94594,0.136519,6.928998894,11.91823871,-7.924022642,5.722195094
27.61664,29.36869,3344.88,0.86282,0.372521,2.316164726,20.0705225,-8.617966163,5.424195092
24.09143,25.00907,3026.34,0.84674,0.461921,1.833084012,11.63555311,-8.831323162,5.333989232
21.18419,23.77682,2653.65,0.81434,0.520569,1.564326727,17.56125318,-8.822348315,5.258671615
23.42115,26.84368,4598.95,0.91992,0.210298,4.374363998,25.03681368,-8.41642531,5.545850255
31.03178,36.44788,4945.88,0.95226,0.128922,7.386326616,6.51441345,-7.916829389,5.722932331
36.65717,43.48724,4373.03,0.96362,0.112966,8.530177221,13.37802188,-7.648012565,5.790619927
28.28611,34.82049,5324.35,0.94994,0.132459,7.17157762,15.9622688,-7.934111621,5.637484405
28.47261,30.51931,3994.47,0.87518,0.317701,2.754728503,14.25181556,-8.529961769,5.451270045
25.15391,28.96484,3635.58,0.90218,0.271502,3.322922115,22.32833319,-8.337936791,5.481618256
35.88565,39.37048,5714.21,0.96276,0.0949836,10.13606559,11.20052106,-7.672606634,5.789321603
31.81217,36.62661,4750.8,0.94796,0.137928,6.872861203,16.10578558,-7.888878118,5.629261124
24.21898,27.17764,4213.87,0.87026,0.33166,2.62395224,30.34653628,-8.268472094,5.395738678
23.44634,26.95393,4068.83,0.91402,0.240433,3.801558022,38.96009315,-8.175880686,5.53997851
43.03382,46.22313,3283.1,0.95776,0.146321,6.545608628,10.59998001,-7.826054701,5.791641119
35.11755,37.03043,4775.48,0.92224,0.20068,4.595575045,15.9739777,-8.188228432,5.542444448
31.93326,38.29896,4942.1,0.94876,0.12641,7.505418875,18.60270857,-7.864218609,5.685657779
23.63688,26.36914,3597.47,0.85432,0.395975,2.157509944,13.25205232,-8.684520521,5.417893776
33.09639,35.83925,5046.67,0.92116,0.198796,4.633694843,9.830082568,-8.210444096,5.6021915
36.62742,41.27969,4784.12,0.95936,0.111911,8.572526383,5.229508843,-7.741458146,5.748279085
35.52632,36.44577,3812.87,0.89664,0.292021,3.07046411,14.55559788,-8.456607156,5.502894555
24.24315,26.67025,3990.55,0.87218,0.354863,2.457793571,19.04295423,-8.597119824,5.432988277
41.02134,47.15163,5181.81,0.96482,0.0941318,10.24967121,12.57624835,-7.594956371,5.71680709
34.19138,39.50032,5121.61,0.9507,0.120153,7.912411675,8.241298396,-7.813156782,5.642176552
38.22279,40.51292,4276.17,0.92906,0.193757,4.794975149,48.49249377,-7.210568248,5.663249067
31.39726,34.63355,3934.45,0.8812,0.297068,2.966324209,20.99178537,-8.486574165,5.475488125
24.47967,25.99983,2554.32,0.82752,0.521443,1.586980744,14.14707211,-8.909460132,5.314665078
27.43199,28.90279,3464.34,0.87346,0.364956,2.393329607,15.0021432,-8.591929204,5.411808425
34.81304,39.93905,4825.34,0.95372,0.122714,7.771892368,12.11959932,-7.913057467,5.711635529
42.35121,48.65366,5168.8,0.96748,0.0854942,11.31632321,22.8223703,-7.429088994,5.816374585
29.19691,31.42825,3207.61,0.87978,0.354476,2.48191697,25.12261821,-8.253056696,5.517968644
5.17734,8.26686,1081.47,0.58068,1.04787,0.55415271,22.41415446,-9.145637224,5.187772509
32.05042,36.25515,5297.01,0.95836,0.110999,8.633951657,11.69170897,-7.768902884,5.646984432
10.84513,19.2477,5516.35,0.86806,0.30681,2.829308041,13.32247503,-8.475195738,5.458675281
26.16518,29.07332,3219.97,0.86682,0.403833,2.146481343,12.2897766,-8.673092965,5.390052272
38.44296,43.65893,5375.67,0.96486,0.0931861,10.35411934,12.8504377,-7.599700751,5.73898885
30.17004,32.2095,2975.85,0.85526,0.395102,2.164656215,19.32804415,-8.690261833,5.357708244
34.92277,35.61399,4048.94,0.88804,0.27766,3.198300079,33.96881832,-7.824676449,5.486957935
27.20196,28.60728,2825.73,0.83672,0.436298,1.917771798,18.90186601,-8.658986108,5.373251166
30.92692,37.24908,4873.22,0.92052,0.191371,4.810133197,16.33384751,-8.238192322,5.517561454
27.42735,31.54506,4190.75,0.89412,0.270501,3.305422161,14.38214829,-8.40001145,5.490999803
19.54538,24.67312,5510.59,0.90786,0.236457,3.839429579,11.64847954,-8.388100601,5.439983286
21.62516,23.80894,1994.18,0.8088,0.720686,1.122264065,17.1952082,-9.082222599,5.296753453
20.70617,22.49304,1898.64,0.78534,0.758851,1.034906721,21.73776787,-8.957054934,5.296411524
25.18613,29.24186,4382.5,0.91912,0.214667,4.281608258,14.87145383,-8.311107972,5.461873213
36.19487,37.4871,3288.33,0.89348,0.323839,2.759025318,11.01378644,-8.534048231,5.515145372
35.11849,38.42756,4526.77,0.94338,0.140488,6.715021924,7.286875692,-7.948569191,5.680518309
38.83659,44.46676,4325.04,0.95428,0.12287,7.766582567,24.41821576,-7.842261758,5.722617209
31.15536,35.16008,3798.13,0.89042,0.285907,3.114369358,11.66570559,-8.498098745,5.411701551
33.30253,38.31139,4670.79,0.94544,0.139506,6.777056184,10.48839747,-7.94887668,5.602195725
10.78502,15.21939,4452.48,0.82748,0.403655,2.049968414,18.49408271,-8.748181922,5.378999133
31.71081,35.72046,4563.41,0.94982,0.141776,6.699441372,8.835283966,-7.931129901,5.635500496
24.03949,25.57053,2872.35,0.83518,0.471232,1.772332949,42.72308097,-7.795292118,5.295062255
30.31821,31.9668,3431.7,0.88216,0.348712,2.529766684,12.34253418,-8.570010013,5.505131994
31.63518,34.14695,3968.74,0.88022,0.296969,2.964013079,24.39992375,-8.404982788,5.404890419
26.54838,34.94628,5340.77,0.95112,0.137051,6.939898286,7.837520251,-7.963528407,5.63749797
38.73094,43.75799,5474.85,0.96604,0.0867033,11.14190579,12.9667547,-7.568430788,5.834372654
9.97997,13.92779,4993.79,0.84258,0.408938,2.060410136,13.8824845,-8.616202804,5.472875508
30.21096,32.93677,4613.64,0.9384,0.164006,5.721741887,14.89051205,-8.071304246,5.597695673
25.83595,27.50059,2727.99,0.83136,0.456755,1.820144279,36.46283719,-8.234456412,5.327722356
38.00017,39.21097,3573.96,0.88922,0.287348,3.094575219,39.49893305,-7.694328223,5.461807113
22.18452,24.36933,3696.65,0.91394,0.281002,3.252432367,7.633280472,-8.426597984,5.420318101
26.71729,28.58914,4270.45,0.8767,0.313983,2.792189386,22.73946229,-8.513528117,5.296014828
28.53572,32.18019,3842.13,0.87854,0.321805,2.730038377,32.90736037,-8.493817225,5.374170663
24.25434,30.11947,4699.93,0.9304,0.182129,5.108467076,14.04577325,-8.205571053,5.569170821
34.80957,41.21094,6307.2,0.9578,0.101684,9.41937768,7.797159222,-7.698572816,5.721112956
43.26402,47.02587,4380.92,0.9615,0.106129,9.059729197,34.8202004,-7.561335877,5.843973239
26.95195,29.24638,3290.32,0.8507,0.392082,2.169699196,19.83176176,-8.665110291,5.413624197
25.1144,27.9436,3827.71,0.8638,0.349327,2.472754754,12.96701089,-8.597630325,5.382828346
37.80535,41.55282,4576.11,0.95834,0.11666,8.214812275,14.60721368,-7.755644564,5.781662418
30.25824,34.25832,4381.39,0.94436,0.15387,6.137388705,33.52608133,-7.636843903,5.646509848
34.27258,40.27715,4557.75,0.95214,0.133434,7.135662575,37.50496156,-7.651565558,5.658336465
33.73366,38.93815,5671.32,0.96334,0.0928636,10.3737094,12.52786339,-7.63091368,5.744722605
25.7401,29.84372,5193.01,0.9418,0.148957,6.322630021,20.46973381,-7.983163961,5.602467707
34.05412,37.57092,4603.11,0.9409,0.145422,6.470135193,9.228488257,-7.991053154,5.58858948
27.40575,28.53811,4128.37,0.87146,0.319876,2.724368193,19.97798386,-8.462773243,5.427969673
44.7995,46.02337,3972.6,0.92034,0.219059,4.201333887,13.66571789,-8.18625333,5.551555452
33.92821,40.16802,5059.4,0.95626,0.115412,8.285620213,16.50541906,-7.857681108,5.750957042
19.63473,22.12538,3155.08,0.81214,0.471573,1.722193595,16.09231984,-8.844015683,5.265773707
19.7937,21.64896,2832.4,0.80314,0.498863,1.609941006,26.94490608,-8.62753001,5.289305301
30.41622,35.19337,4240.04,0.93668,0.168995,5.542649191,42.25332132,-7.909253982,5.58361736
34.98345,37.80584,4583.41,0.94804,0.137171,6.911373395,10.0548966,-7.906337427,5.700542253
20.08079,21.54166,2888.21,0.80844,0.51361,1.574034773,36.80000354,-8.363012383,5.249473282
28.07128,29.62163,3365.03,0.88388,0.325307,2.717064189,11.59946973,-8.509291769,5.44278138
28.41248,34.14048,3653.81,0.93524,0.20334,4.599390184,10.6778987,-8.189784619,5.620036995
25.24692,27.36944,3671.57,0.87274,0.377175,2.313886127,16.23264976,-8.59853608,5.360436683
33.52259,38.12734,5670.44,0.95278,0.116362,8.18806827,8.476255304,-7.814971728,5.62325297
36.96661,39.60508,5251.44,0.96018,0.103186,9.305332119,5.472477963,-7.715388492,5.783224918
34.04019,38.97935,4829.81,0.94838,0.127774,7.42232379,8.766978633,-7.864847622,5.675009484
21.68948,23.99895,2278.91,0.81698,0.580351,1.407734285,14.44205903,-8.9476064,5.330395388
10.95263,16.11532,4114.66,0.83404,0.417058,1.999817771,20.06298246,-8.605596152,5.412356692
37.48205,44.46704,6061.87,0.96492,0.0859769,11.22301455,7.420474189,-7.56135115,5.786423295
30.29037,31.78269,3467.38,0.85922,0.355764,2.415140374,15.75530016,-8.670578668,5.273894684
24.14539,30.79168,6217.75,0.94166,0.142031,6.629961065,7.769176512,-7.982799695,5.560606021
20.78641,23.12555,3479.01,0.82296,0.433531,1.898272557,18.76118215,-8.710732906,5.324263263
32.85983,38.66557,5239.33,0.95192,0.119866,7.941534714,14.50392836,-7.853208678,5.66646021
19.77536,22.05378,2725.09,0.80234,0.543037,1.477505216,16.21620479,-8.875725899,5.353309585
17.36764,23.26994,4460.07,0.88974,0.281969,3.155453259,11.03173177,-8.527273097,5.345405666
32.62036,34.65438,3549.5,0.9431,0.192857,4.89015177,8.971845593,-8.147860414,5.626940862
33.89278,40.49819,5153.82,0.95328,0.119742,7.9611164,12.9496781,-7.803125516,5.691165431
24.30035,28.74297,5456.69,0.94312,0.152115,6.200046018,13.30018792,-8.088279286,5.624337686
19.93147,21.32989,2937.73,0.8088,0.518199,1.560790353,17.87797346,-8.854830666,5.311156426
7.49049,10.05922,3055.59,0.75844,0.748041,1.013901644,27.37189358,-8.683207537,5.548823399
21.32118,22.42159,2952.88,0.81534,0.498834,1.634491634,16.22545428,-8.921925202,5.273152696
31.91276,34.62334,3020.3,0.87566,0.380227,2.302992686,16.08657122,-8.646654245,5.40523952
27.35094,28.48678,2487.47,0.81282,0.486116,1.672070041,15.70142996,-8.863907415,5.346408381
7.43452,11.00596,3307.59,0.75634,0.670849,1.127437024,25.92050949,-8.556058199,5.59602559
24.69654,26.27644,3359.89,0.85246,0.405531,2.102083441,12.45351022,-8.725506493,5.332035101
30.03969,31.50321,3529.12,0.87912,0.346274,2.538798755,14.08611648,-8.51581682,5.419268932
36.46444,40.71925,5254.87,0.96262,0.0963437,9.991519944,4.751289581,-7.611899313,5.775185195
31.74349,35.51058,4780.54,0.94814,0.135276,7.008929891,6.176850028,-7.921410044,5.689971508
42.88501,49.69914,6746.06,0.97414,0.0636868,15.29579128,5.156960063,-7.354518074,5.878773675
33.2136,34.0199,3212.38,0.86078,0.352153,2.444335275,14.00110289,-8.611868361,5.456361431
23.82474,25.53853,2082.54,0.82364,0.60702,1.356858094,35.81560379,-8.3573811,5.354781879
30.83895,32.83245,2173.83,0.86276,0.528448,1.63262989,35.90084441,-8.2180832,5.348477545
40.33255,46.99824,4918.19,0.9634,0.0945742,10.18671054,8.31565044,-7.62426768,5.810388433
28.74849,29.82052,3121.85,0.8409,0.39665,2.120005042,17.5868083,-8.605833063,5.422568937
39.0901,44.28901,5353.03,0.96544,0.0883611,10.92607494,11.47137301,-7.595447066,5.8055772
25.90163,30.8702,3427,0.9104,0.27713,3.285100855,39.01511014,-8.171121868,5.452135231
30.16772,35.71257,4747.77,0.94376,0.143888,6.558990326,6.765351343,-7.975268775,5.565048469
36.12237,43.12648,4250.52,0.96184,0.116792,8.235495582,13.69979031,-7.707264961,5.8102577
17.46723,21.8195,2696.36,0.81166,0.543214,1.494180931,32.54188464,-8.778723839,5.35355024
29.7481,31.93503,2961.66,0.88016,0.408413,2.155073418,10.25888486,-8.6038691,5.493161262
37.39914,40.56543,4971.38,0.96388,0.102894,9.367698797,22.89111906,-7.57171382,5.816193568
33.99009,35.84024,4775.93,0.91994,0.212125,4.336782557,15.58354927,-8.212957451,5.468881111
27.07248,32.70623,4899.05,0.94054,0.155969,6.030300893,23.28118236,-8.042722926,5.538651576
38.58771,44.05628,5018.69,0.96016,0.102154,9.399142471,11.28479349,-7.691636394,5.760448203
23.16763,25.88335,4149.24,0.85926,0.333567,2.575974242,14.17950543,-8.663428951,5.315230581
43.04386,49.50497,6291.69,0.97034,0.071276,13.61383916,6.097683339,-7.418471847,5.894620011
33.09757,39.00903,4049.03,0.95292,0.144255,6.605802225,9.358503785,-7.916838075,5.707609664
33.44742,38.86566,4787.5,0.95072,0.133036,7.14633633,13.71527655,-7.944744107,5.625732744
21.7675,26.36773,6085.34,0.93758,0.161493,5.805700557,8.709243033,-8.097568508,5.557818835
25.71832,32.14112,4048.21,0.9422,0.186013,5.065237376,14.07294985,-8.111728154,5.625897076
30.28379,40.95801,5814.08,0.94558,0.136921,6.906026103,8.991464852,-7.96257704,5.631316032
34.38425,39.35987,4583.49,0.95268,0.133497,7.136340142,12.74399772,-7.91965655,5.640560258
38.47493,42.97854,5361,0.96474,0.0904452,10.66656937,10.68474772,-7.650461624,5.820770483
26.24234,32.44192,4976.38,0.93316,0.160497,5.814189673,16.56789563,-8.106246185,5.532278505
29.22066,31.20773,2426.83,0.86498,0.484297,1.786052773,25.79726706,-8.579571823,5.400186518
31.27745,35.88262,4677.26,0.95064,0.137317,6.922959284,8.241956662,-7.959521026,5.670514533
31.10248,36.23136,4341.42,0.94818,0.150565,6.297479494,8.452053808,-7.958106392,5.602327023
29.78402,31.90316,3441.82,0.87012,0.350291,2.483991881,22.89267544,-8.479248278,5.443881959
21.44309,27.25121,4466.46,0.91336,0.225797,4.045049314,11.14817721,-8.340023149,5.444922926
24.38274,27.28498,3660.35,0.85586,0.364324,2.349172714,11.27779767,-8.696270535,5.358186031
26.18179,32.20097,5101.82,0.94218,0.149069,6.320428795,13.52626859,-7.999309813,5.609403854
30.99106,32.4524,2661.49,0.86972,0.44686,1.946291904,15.40875716,-8.697566155,5.397732334
34.42815,40.14888,4879.08,0.95216,0.122674,7.761709898,19.07297914,-7.882627808,5.733696192
21.01869,24.67304,4078.16,0.9124,0.259556,3.515233707,10.71012876,-8.392805317,5.51654723
15.99179,21.9766,5010.88,0.89978,0.26936,3.34043659,17.19479528,-8.42963749,5.428104653
43.23392,48.43183,6348.03,0.96908,0.0731089,13.2552945,5.973843155,-7.458787104,5.881888361
22.74498,29.73905,4309.31,0.92666,0.198574,4.666572663,33.6505339,-8.243472123,5.515764692
32.61838,36.15599,4747.83,0.94658,0.138405,6.839203786,10.2575625,-7.997223565,5.678082446
32.62062,38.18275,4997.16,0.95426,0.122721,7.775849284,17.0022599,-7.826915308,5.715299881
38.03912,41.65264,5270.17,0.96514,0.0923422,10.45177611,13.94031788,-7.694335984,5.743246249
19.3272,21.34484,2835.73,0.80444,0.526989,1.526483475,21.12234545,-8.736327947,5.331793534
26.63082,28.93688,3404.32,0.86174,0.378964,2.273936311,17.31695362,-8.601391678,5.406522931
29.98846,34.52589,5005.47,0.95526,0.127428,7.496468594,13.29359877,-7.829130414,5.680224911
29.18552,34.20409,4815.31,0.94062,0.15075,6.23960199,11.70762797,-8.047515763,5.604368861
26.35554,28.48861,2704.4,0.8356,0.478846,1.745028673,16.94307593,-8.811550653,5.349796863
46.61259,48.61963,5499.29,0.95158,0.116046,8.200024128,16.12482661,-7.81368699,5.674014508
22.12986,24.70803,3032.97,0.83264,0.457599,1.819584396,24.53502495,-8.676337912,5.40989541
28.25178,30.25609,3005.31,0.83048,0.428691,1.937246175,18.02529209,-8.768342262,5.323072166
32.96547,38.4495,5075.95,0.95274,0.122332,7.78815028,20.5887057,-7.793861823,5.618985793
30.50539,33.35081,3494.51,0.87778,0.333183,2.634528172,22.12106507,-8.443360824,5.503058382
39.11258,47.31353,5789.99,0.96658,0.0876201,11.03148707,8.421272333,-7.554328985,5.773289693
19.5897,22.69612,3994.69,0.8277,0.395158,2.094605196,16.13464274,-8.714680003,5.36150735
26.39035,28.72182,1975.02,0.80836,0.587101,1.376867013,15.70563199,-8.984984064,5.252067248
10.10931,16.17446,4351.26,0.83868,0.447712,1.873257809,18.53810038,-8.630115188,5.479627517
7.90673,12.3318,3934.35,0.78232,0.554281,1.411414066,19.60410803,-8.7774574,5.386422476
5.50305,9.49165,2399.34,0.68462,0.824392,0.830454444,24.97641013,-9.051008338,5.38352822
27.02506,28.31531,2641.77,0.82712,0.475068,1.741056017,18.94874707,-8.756625908,5.412864262
35.288,37.27867,4647.76,0.94436,0.136408,6.923054366,7.498334221,-7.923333118,5.703595779
38.28317,44.36385,6401.96,0.96834,0.0822507,11.7730305,6.181225681,-7.570954771,5.758868874
21.8068,23.44441,3636.44,0.84012,0.414332,2.027649325,14.96422387,-8.743807798,5.34528949
34.01296,39.16628,5291.59,0.95444,0.113764,8.389648747,15.09263378,-7.807131588,5.65528696
17.6604,19.8403,3345.16,0.80634,0.507334,1.589367162,26.4788001,-8.694586641,5.330563043
26.16905,27.7332,2410.3,0.8127,0.483993,1.679156517,17.48174196,-8.887920328,5.335407286
39.02915,42.29821,4390.71,0.95426,0.12281,7.770214152,40.27615105,-7.196515261,5.76425937
40.32744,43.61744,4147.28,0.96308,0.119594,8.052912353,9.297820403,-7.707893843,5.775029113
37.34341,41.32109,5037.48,0.95938,0.104494,9.181197007,13.67087514,-7.682470569,5.737604809
24.95566,29.15112,4329.2,0.88092,0.29297,3.006860771,15.2658415,-8.473814105,5.386683464
22.85159,28.35443,2982.09,0.91232,0.324046,2.815402751,11.84752099,-8.555733815,5.454733743
39.26385,40.94448,3264.86,0.8853,0.304341,2.9089081,18.00451805,-8.460317404,5.446507281
37.42229,41.39822,5438.7,0.9646,0.0923121,10.44933438,11.78844585,-7.666766993,5.83462052
33.44905,38.63223,4476.35,0.94826,0.142744,6.64308132,35.78402063,-7.715076255,5.637785943
27.87382,29.55899,3471.26,0.86874,0.374586,2.319200397,17.22270492,-8.607619107,5.445426682
28.5743,30.63416,4460.9,0.92548,0.195076,4.74420226,13.02379914,-8.288700565,5.548241399
32.1368,36.09581,4925.54,0.9512,0.137513,6.917164195,13.92940802,-7.929814474,5.614412206
25.09618,28.23915,3110.91,0.86228,0.422719,2.03984207,21.18483025,-8.629246046,5.384394967
23.21343,30.50249,6369.87,0.94612,0.136696,6.921343712,6.801014567,-8.042330619,5.53901549
8.87449,15.13619,3793.39,0.8088,0.530795,1.523752108,23.85164873,-8.678198224,5.567582005
27.7443,29.41145,2555.44,0.82796,0.445705,1.857641265,18.91290771,-8.735068351,5.298851924
24.67798,32.69664,4950.66,0.92304,0.19448,4.746194981,8.677124036,-8.206696085,5.512399355
23.37492,25.3251,3948.68,0.86274,0.37002,2.331603697,12.94519181,-8.636915932,5.417101855
30.55199,34.0401,4106.14,0.94534,0.171118,5.524491871,9.575534512,-8.047188424,5.620757233
29.7281,33.99097,4722,0.95378,0.138735,6.874833315,6.114847222,-7.931280708,5.668148183
25.81172,27.55096,2720.48,0.85396,0.457284,1.867460921,38.19676016,-8.213424485,5.314027247
19.92791,21.48082,2818.6,0.8119,0.50858,1.596405679,21.29130067,-8.796749611,5.400512599
34.11178,37.43986,4180.44,0.94346,0.155402,6.071093036,27.42820814,-7.917217886,5.609858201
29.65415,31.62504,3301.31,0.87822,0.360711,2.434691484,12.22792104,-8.616992572,5.445410307
33.25005,38.78592,3588.76,0.95296,0.162456,5.865957552,16.15243665,-7.94278151,5.69605843
40.32801,45.58422,5151.17,0.96214,0.0929453,10.35167997,6.971519418,-7.620591623,5.808701202
27.65171,31.82375,4116.47,0.88974,0.279437,3.184045062,18.08026862,-8.535816641,5.437870266
18.95795,23.80335,4241.58,0.8929,0.284835,3.134797339,14.43486792,-8.456151607,5.448170711
30.58977,36.66121,5175.45,0.94526,0.130206,7.259726894,15.5962893,-7.892921283,5.660257293
33.41237,35.89892,5515.81,0.93442,0.162758,5.741161725,7.521023579,-8.133386691,5.561135496
8.34272,11.36458,3845.44,0.7868,0.576545,1.364680988,26.53052193,-8.729264717,5.485084426
33.33803,39.99718,5619.85,0.95466,0.119813,7.96791667,9.069154937,-7.855165728,5.64694198
25.65461,31.5305,4119.38,0.93848,0.191244,4.90723892,17.49339988,-8.216035258,5.596800644
28.8602,30.48211,3620.79,0.9265,0.23763,3.898918487,17.28140615,-8.28010353,5.497611112
33.60915,38.42043,3346.42,0.94652,0.191781,4.935421131,11.48319931,-8.014839721,5.67838003
28.24589,31.10851,4730.1,0.89154,0.273428,3.260602426,18.87192289,-8.463108229,5.449860592
30.6305,32.99812,3249.04,0.8742,0.349902,2.498413842,32.97734722,-8.342612812,5.551429069
17.67755,19.43946,3003.76,0.80396,0.522984,1.537255442,26.228949,-8.651347945,5.245786868
41.81458,45.14695,4526.71,0.95662,0.113315,8.442130345,9.967589902,-7.730884306,5.761288792
20.56633,22.0213,3752.63,0.8498,0.378063,2.247773519,17.12176716,-8.622988686,5.352632543
37.89098,43.87712,5555.47,0.96728,0.0846565,11.42593894,11.78229983,-7.541923675,5.850169986
33.95303,37.86665,4161.21,0.9459,0.156324,6.050894296,12.10810477,-7.925457473,5.679218371
17.57439,19.67795,3043.04,0.7912,0.553959,1.428264547,35.14313973,-8.645253532,5.335270268
31.65422,37.21966,5551.2,0.95802,0.105812,9.053982535,11.19326531,-7.757213947,5.7250445
27.38222,31.76193,4243.29,0.92456,0.199049,4.644886435,12.01290944,-8.221759903,5.500429263
23.84309,25.41354,2223.35,0.80942,0.583702,1.386700748,37.63811365,-8.236042713,5.316281893
25.94728,32.01046,5028.47,0.93968,0.15647,6.005496261,12.01803359,-8.096196722,5.615346975
24.74469,28.34597,2211.68,0.84432,0.598987,1.409579841,16.91964831,-8.855309718,5.341925212
27.11439,28.83168,3843.32,0.86598,0.329345,2.62940078,15.78820127,-8.566278317,5.391805495
22.10072,23.95655,2443.77,0.80028,0.525845,1.521893334,18.16073962,-8.938292017,5.248275985
23.64554,25.98223,4244.36,0.91564,0.237157,3.860902271,8.041178234,-8.324905954,5.570003634
37.87788,43.98447,5860.79,0.96874,0.0792883,12.21794388,12.5353456,-7.536467317,5.84955056
33.99246,35.93709,3055.78,0.88044,0.371577,2.369468509,20.90082731,-8.479103175,5.440604141
33.1177,35.42665,3004.59,0.88044,0.382213,2.303532324,19.40099564,-8.573590332,5.370573993
40.14726,47.7092,5125.06,0.9679,0.0908711,10.6513512,9.741598617,-7.536506179,5.795851686
33.55554,35.35494,3267.13,0.8722,0.337659,2.583079379,12.85819482,-8.557024456,5.393440351
24.13938,28.84474,4487.24,0.89508,0.277349,3.227269613,10.76584117,-8.497694205,5.414065994
33.87449,37.66185,4184.15,0.9068,0.241952,3.747850813,22.92481252,-8.185400179,5.534124461
36.71659,39.86267,5855.81,0.96418,0.0903768,10.66844588,7.443129855,-7.636598087,5.73896716
23.79602,26.30783,4324.9,0.91918,0.22865,4.020030614,8.059324517,-8.348100992,5.522404129
24.61847,27.51912,3875.1,0.86014,0.348132,2.470729493,16.61257721,-8.611236683,5.385711097
31.98662,34.37781,3228.86,0.86258,0.35826,2.407692737,14.69716474,-8.638780416,5.430516567
33.72577,39.29574,6152.35,0.95888,0.10635,9.016267043,7.130766485,-7.77722505,5.741128174
35.0267,40.3471,3791,0.94876,0.159829,5.936094201,34.68535589,-7.853831959,5.668715096
35.71042,42.34591,5308.79,0.96126,0.0986499,9.744155848,13.23506688,-7.61734483,5.749854818
34.06233,39.28166,4944.08,0.95156,0.12184,7.809914642,17.99254306,-7.835061437,5.635883899
25.14067,29.01838,5435.61,0.94298,0.144739,6.515037412,8.497134751,-8.02946481,5.5544298
21.77876,23.82997,2652.7,0.8309,0.529122,1.570337276,16.84423861,-8.846580038,5.322754621
28.94641,34.26356,3045.4,0.92866,0.250868,3.701787394,11.3454028,-8.316340179,5.596439441
19.85563,21.42393,2879.85,0.8048,0.518314,1.552726725,35.52810388,-8.43423731,5.334552414
41.68848,45.00774,4672.95,0.95914,0.105462,9.094650206,8.684470848,-7.70625601,5.790274441
21.97037,24.13387,2045.92,0.8086,0.634321,1.274748905,26.07289133,-8.908602472,5.331260995
30.38826,32.48595,4762.03,0.90286,0.240644,3.751849205,13.61149605,-8.358561028,5.54524577
35.19854,39.17236,5054.85,0.95844,0.11049,8.674450176,7.706997228,-7.777785791,5.773373663
25.12564,27.62595,4475.16,0.92166,0.213296,4.321037432,7.918210864,-8.310988784,5.543675497
33.26399,38.13864,4152.31,0.94148,0.157708,5.969766911,38.10206676,-7.649456704,5.714453569
22.30855,24.60875,3409.51,0.84808,0.384049,2.208259884,13.3896768,-8.672677873,5.384343594
39.58014,45.012,5444.54,0.9638,0.0881575,10.93270567,12.48885801,-7.61108398,5.817978951
28.2531,30.51938,3480,0.86282,0.355455,2.42736774,14.56442527,-8.600361874,5.471167927
22.00117,24.96879,3650.1,0.84646,0.412618,2.051437407,15.08200788,-8.679277195,5.415211994
30.82239,32.00222,3977.12,0.8757,0.298692,2.931782572,15.73625167,-8.491140378,5.41053191
23.19893,26.76478,3912.41,0.84726,0.356876,2.374101929,18.06371244,-8.641513339,5.340091642
26.97993,35.8382,4518.05,0.91836,0.2099,4.375226298,10.2022215,-8.202765594,5.590049225
25.03339,32.34365,3016.99,0.92044,0.294213,3.128481746,16.01727247,-8.389208141,5.542760052
6.63974,10.59641,1433.37,0.6704,1.18699,0.564789931,19.66505114,-9.160721616,5.36246547
31.56621,37.51561,4925.3,0.9505,0.13091,7.260713467,20.77232589,-7.875029815,5.671177308
36.27747,41.43917,5237.83,0.9619,0.100557,9.565718945,4.595735043,-7.689252773,5.789657962
28.97013,30.90377,3871.46,0.87336,0.320673,2.723522093,24.50529865,-8.621967492,5.386175227
38.12106,39.17734,3574.49,0.88794,0.294787,3.01214097,17.00352442,-8.481189751,5.410505497
22.68735,28.58339,4578.62,0.92702,0.197303,4.698458716,14.89224133,-8.23338639,5.398997873
30.95137,32.20691,4308.85,0.89634,0.253608,3.534352229,10.69497453,-8.370744855,5.515044627
23.7134,25.6133,2596.65,0.81706,0.496814,1.644599387,34.4407976,-8.287019138,5.249091763
40.48074,43.44092,4211.14,0.96232,0.116706,8.245677172,12.28508029,-7.729980443,5.793512608
12.52819,19.50964,5638.5,0.87484,0.280261,3.12151887,12.88774606,-8.501900716,5.398941452
33.37854,38.45696,4571.95,0.9507,0.138097,6.884291476,31.27011214,-7.763570763,5.657877686
3.98798,6.52728,335.972,0.50454,1.72521,0.292451354,33.96334773,-9.123277789,4.971537912
15.60914,20.43328,2517.55,0.8558,0.552421,1.549180788,22.13570074,-8.83304241,5.299714365
27.6885,30.04794,3549.2,0.86306,0.348725,2.474901427,14.63990359,-8.629793251,5.339117573
19.78627,25.16809,4674.14,0.9122,0.230713,3.953830083,9.638717449,-8.419843714,5.367889232
39.21324,45.01841,5784.56,0.96872,0.0787694,12.2981767,9.462431745,-7.493798774,5.86731203
31.67753,33.89269,3603.94,0.87818,0.31782,2.763136366,11.23996782,-8.546813281,5.378001356
28.65969,30.98761,3448.95,0.86816,0.367952,2.359438188,26.8693634,-8.643450655,5.428787893
36.12601,37.96955,3857.37,0.88296,0.277962,3.176549312,16.84360691,-8.461180891,5.445430625
23.24702,24.56812,2608.45,0.81088,0.489046,1.658085333,36.00567014,-8.223442608,5.269504042
24.29533,26.33592,3771.56,0.84766,0.386008,2.19596485,14.56658991,-8.720471527,5.287029633
13.37154,15.7018,3678.48,0.84796,0.456229,1.858628014,34.03960532,-8.603799853,5.487899405
28.13501,33.88392,4482.18,0.94452,0.16078,5.87461127,27.86283751,-8.094713511,5.551018485
41.19107,46.10451,5680.68,0.97224,0.0712102,13.65310026,10.85985564,-7.351614386,5.88384241
35.44807,43.32332,5513.56,0.96268,0.10008,9.619104716,8.778203607,-7.699824737,5.70853979
22.85203,24.02313,2200.36,0.8039,0.620258,1.296073569,16.35643483,-8.996238385,5.325887501
29.79386,35.23715,5091.92,0.94872,0.131136,7.234626647,15.42877785,-7.885782996,5.678857122
29.66803,31.64393,4054.58,0.87544,0.30444,2.875574826,25.4747989,-8.422321175,5.426130496
31.5827,34.24855,3447.66,0.87862,0.33315,2.637310521,37.85098908,-8.619025397,5.467689801
34.4615,36.08993,4567.57,0.94194,0.142936,6.589942352,10.69936534,-7.986096074,5.635081782
24.23006,25.85044,2248.21,0.82424,0.56891,1.448805611,17.10596323,-8.891840645,5.347144478
32.64442,37.72866,4794.3,0.94816,0.13641,6.950810058,20.15504975,-7.863523493,5.701460274
35.21564,39.27062,4724.64,0.94886,0.133571,7.103787499,13.81494628,-7.947743161,5.62781971
39.48376,45.44974,3896.52,0.95658,0.129509,7.38620482,7.729209084,-7.793106237,5.800252154
31.29878,33.78461,4172.59,0.89658,0.261333,3.430795192,14.82544138,-8.408167209,5.558172842
37.06746,38.37497,3404.32,0.88362,0.31167,2.835114063,17.17066114,-8.513202891,5.482679793
31.38358,33.15222,3417.3,0.89168,0.296244,3.009951256,35.66016543,-7.975984512,5.44128106
31.83496,33.65193,3633.82,0.87912,0.30608,2.872190277,14.25155304,-8.517174451,5.433575813
33.65523,37.01836,2949.87,0.93778,0.22865,4.101377651,12.1387434,-8.177310551,5.660440941
19.49177,21.66948,3029.62,0.8251,0.525035,1.57151428,17.18353004,-8.742632163,5.422952972
31.16971,35.38144,4303.75,0.89546,0.270848,3.306134806,19.65971565,-8.337660513,5.503105555
36.71407,40.79442,4911.8,0.95696,0.110926,8.627012603,7.158424016,-7.770671081,5.764107755
23.9425,26.48823,3141.63,0.84338,0.435788,1.935298815,16.41844965,-8.715524955,5.411137588
38.72483,43.20966,5634.99,0.96938,0.0803563,12.06352209,21.31358442,-7.491485414,5.837821842
26.69527,28.10248,3933.18,0.8767,0.334356,2.622055534,12.4973828,-8.61122381,5.426439151
24.94685,27.63876,4035.44,0.867,0.326613,2.654517732,12.23479998,-8.551191844,5.414069943
8.78722,14.50671,4107.66,0.81122,0.493821,1.642740993,18.97034305,-8.664779338,5.54954542
23.69818,26.16896,3421.31,0.85032,0.404567,2.101802668,37.49759974,-8.312711033,5.35450574
39.13075,44.03852,5567.67,0.9706,0.077891,12.4610032,13.87170373,-7.473826701,5.859738966
38.14224,39.45324,4193.58,0.89828,0.261961,3.429060051,18.60391409,-8.333479117,5.482563324
21.01504,25.81976,6572.69,0.93172,0.153351,6.075734752,7.955910474,-8.13574267,5.529611079
17.03355,20.18979,6015.13,0.90356,0.216686,4.169904839,9.526589053,-8.374009482,5.460261927
12.30861,17.14799,5501.48,0.88306,0.279793,3.156118988,15.03919434,-8.498334603,5.420486398
16.59494,17.71892,3958.37,0.8108,0.407902,1.987732347,15.56301737,-8.652151045,5.350532994
13.29457,17.78376,5051.67,0.8734,0.338796,2.577952514,8.720888094,-8.568464041,5.458936873
6.51096,10.72143,848.769,0.5977,1.36581,0.437615774,22.55394406,-9.377097514,5.168687226
8.96965,11.08195,4304.61,0.79948,0.518103,1.543090853,20.05839332,-8.563654731,5.590796974
8.74924,13.6224,2990.03,0.76108,0.669126,1.137424043,22.25374479,-8.741204218,5.543825695
8.80902,12.4581,3393.03,0.73836,0.557133,1.325284986,20.34198243,-8.774660711,5.419774681
19.98928,23.95877,4210.41,0.88684,0.292284,3.034172243,13.35371617,-8.49579623,5.394076784
8.63075,11.44124,3748.32,0.74808,0.5411,1.382517095,17.90674034,-8.750023914,5.430595104
12.53223,15.50198,3417.78,0.80148,0.485921,1.649403915,23.84757177,-8.662006721,5.489844046
20.44958,22.48208,5661.88,0.91458,0.20806,4.395751226,8.353177096,-8.325255304,5.474817082
20.0553,25.50369,5812.69,0.92926,0.173777,5.347428026,7.632670529,-8.166950782,5.47810161
10.3308,16.89648,3578.94,0.8074,0.481521,1.676770068,17.54546772,-8.715964461,5.428944108
20.25274,24.50231,5741.32,0.92376,0.19327,4.779634708,8.217443394,-8.255746674,5.50116977
10.29462,21.35318,5056.37,0.8514,0.336179,2.53257937,13.41585809,-8.529837627,5.4304123
15.61752,19.29841,5885.01,0.89162,0.23446,3.802866161,9.831436566,-8.457242999,5.40825364
18.23565,24.35173,6246.35,0.9267,0.170968,5.420312573,8.214624851,-8.245702532,5.496011691
20.73262,23.3993,5686.16,0.89658,0.24955,3.592787017,11.07230024,-8.362514122,5.54176924
10.47742,13.046,4622.21,0.8451,0.402728,2.098438648,15.32556754,-8.613075676,5.417976734
16.36145,19.26908,3940.69,0.8783,0.365445,2.403371232,12.73981209,-8.55931963,5.497337771
5.52385,9.01053,2643.59,0.69804,0.793678,0.879500251,16.95443489,-8.74072246,5.606397153
24.85211,27.38776,5004.97,0.90002,0.246601,3.649701339,11.1020146,-8.418421563,5.383364936
20.70132,21.44594,3227.87,0.83224,0.38486,2.162448683,16.50056782,-8.76364084,5.270083078
21.81906,22.80877,4893.83,0.8702,0.319739,2.721594801,11.58444896,-8.483534199,5.460354304
9.16063,12.43277,5393.77,0.82224,0.419393,1.960547744,13.2549925,-8.521941178,5.538800064
22.99199,28.37229,6482.55,0.9436,0.131964,7.150434967,6.34916448,-7.997595068,5.525252611
10.86602,14.52597,3716.18,0.80848,0.494657,1.634425471,14.89903473,-8.633694325,5.485960077
11.8867,18.10771,5305.29,0.87636,0.305901,2.864848431,10.37354774,-8.489889792,5.461202515
17.84008,20.74149,4017.44,0.83638,0.349102,2.395804092,13.16914397,-8.48207331,5.437927119
20.27399,21.74581,3132.91,0.85066,0.504297,1.686823439,11.91888971,-8.775820629,5.367208666
17.20043,20.16907,4412.15,0.89238,0.310945,2.869896606,10.18480691,-8.55225655,5.418992041
22.2434,28.26668,5502.47,0.92162,0.175841,5.241212232,8.203160465,-8.24044591,5.521308811
19.13213,23.16302,4902.71,0.87918,0.273947,3.20930691,10.40558302,-8.444257234,5.420066647
8.88093,13.63271,3022.97,0.78598,0.645113,1.218360194,17.03177067,-8.737906747,5.503354271
20.58924,26.39008,6746.1,0.9331,0.144131,6.473971595,7.879812523,-8.10686673,5.520964238
10.80625,14.01954,2737.39,0.7809,0.692786,1.127187905,15.68680325,-8.940933312,5.318418411
15.3408,19.07566,4895.11,0.86742,0.297444,2.916246419,15.11930704,-8.496748239,5.455947786
16.37824,19.19758,5290.06,0.88476,0.264104,3.350043922,12.64386013,-8.509414278,5.467195462
12.3932,16.59947,5612.12,0.87434,0.300335,2.911215809,9.308040306,-8.548259958,5.403968175
26.11716,30.24144,6749.51,0.94486,0.125299,7.540842305,6.158195828,-7.988619366,5.567321251
18.45706,21.48293,5503.67,0.89672,0.251327,3.567941367,7.43967309,-8.424583816,5.394867833
21.79443,24.12692,4510.71,0.91118,0.256136,3.557407003,9.623151008,-8.491839748,5.428991385
7.89341,10.61114,3692.23,0.76622,0.601477,1.273897423,25.27142913,-8.776025939,5.514296224
24.96454,27.60145,5855.95,0.9268,0.181716,5.10026635,6.710301943,-8.201913452,5.482369297
9.47263,16.58254,4342.67,0.84186,0.435346,1.933772218,25.75683847,-8.561721547,5.469572532
20.90762,24.66172,5909.08,0.93792,0.163775,5.726881392,5.783366798,-8.144698491,5.5585752
8.82431,14.01116,3636.54,0.80188,0.539819,1.485460867,33.4929917,-8.507980101,5.560456945
19.00155,23.33955,4766.4,0.87922,0.266981,3.293193149,34.24482847,-8.291731315,5.434923976
8.68369,11.65907,4944.96,0.80624,0.454834,1.772602752,13.78383705,-8.636963068,5.523201277
11.10246,15.35644,5076.57,0.84386,0.396466,2.128454899,11.68686841,-8.580831271,5.44612152
11.67768,14.04348,5446.03,0.8317,0.351987,2.362871356,15.81907559,-8.620699013,5.393287927
20.32761,24.73465,5451.19,0.89958,0.212408,4.235151218,15.31693595,-8.394966347,5.354063698
10.6982,15.12403,4763.18,0.83752,0.404067,2.072725563,15.38544739,-8.542048902,5.509049964
11.92958,19.20031,4571.3,0.84456,0.366119,2.306790961,11.89414966,-8.641184836,5.40931155
9.30752,10.98905,4534.43,0.82076,0.486888,1.685726492,11.81558383,-8.649826923,5.496582134
14.05074,17.64079,5484.56,0.87234,0.332487,2.623681527,8.704860058,-8.492049267,5.421037092
14.48778,21.32562,6124.97,0.90946,0.223553,4.068207539,7.238244037,-8.366662686,5.478671067
10.68538,15.66948,3908.8,0.80064,0.455758,1.756721769,12.84104835,-8.754834377,5.368618662
18.90421,23.63574,6069.97,0.91592,0.180877,5.063772619,9.964424526,-8.242237668,5.474201741
12.47082,15.33586,4746.05,0.83748,0.421678,1.986065197,10.6890444,-8.610070289,5.518635719
15.25055,17.25693,5058.79,0.86276,0.343492,2.511732442,11.29821492,-8.546956159,5.442624182
16.22087,20.37933,5909.24,0.90788,0.221648,4.096044178,9.668316618,-8.345277268,5.428440158
15.11992,18.14271,6054.5,0.88042,0.274027,3.21289508,8.014224616,-8.514245197,5.39142995
17.86469,19.80907,6262.72,0.91098,0.204871,4.446602984,6.838067377,-8.362398078,5.349690927
16.85662,20.27083,5900.65,0.8956,0.22615,3.960203405,10.46040219,-8.412403077,5.384538384
11.42473,15.07627,4680.48,0.84458,0.420689,2.007611323,10.03342082,-8.562176369,5.525500719
10.2182,12.91531,4589.75,0.83784,0.405396,2.066719948,13.05798417,-8.648472581,5.428518634
8.55869,12.85402,5092.58,0.81116,0.408796,1.984265991,14.13069346,-8.684295876,5.42833761
26.04217,28.19967,4915.15,0.8956,0.230669,3.882619684,10.20251009,-8.342164579,5.476466236
31.26144,34.58791,7796.73,0.9486,0.110183,8.609313596,5.674412933,-7.954147111,5.666052145
10.82186,12.89297,4753.52,0.81246,0.426098,1.906744458,12.15554153,-8.716703654,5.406970545
10.39869,14.3225,5060.88,0.84874,0.404783,2.09677778,10.38938696,-8.585639234,5.518621239
14.31862,20.6313,5471.45,0.89088,0.278957,3.193610485,9.262533276,-8.478512567,5.376097274
26.84589,28.96644,6480.35,0.93388,0.160211,5.829062923,5.928694005,-8.111625663,5.443043708
11.00904,14.11647,4592.15,0.82654,0.439518,1.880560068,17.91756066,-8.578053907,5.520830561
11.29465,14.04508,5562.51,0.87408,0.312626,2.795928682,9.884468605,-8.581613345,5.467020033
17.3473,20.08507,5776.21,0.89752,0.23061,3.891938771,9.759578798,-8.440595414,5.480751322
22.92027,26.4844,6257.47,0.94492,0.138593,6.817948958,6.846499487,-8.014357354,5.488051026
20.81038,26.76624,6583.59,0.92632,0.153,6.054379085,10.24497444,-8.140632944,5.473086101
9.2436,13.35802,4245.08,0.8258,0.47589,1.735274958,14.77483375,-8.633983568,5.494650295
18.98454,22.16384,6922.48,0.92552,0.159425,5.805363023,7.703037748,-8.240272995,5.39595367
8.59858,12.33921,2802.74,0.73496,0.721683,1.018397274,26.56282256,-8.523704145,5.720373886
20.48459,27.40823,6548.84,0.93588,0.147087,6.362764894,7.287248207,-8.130267528,5.466416748
13.44426,16.30762,4259.47,0.8153,0.465433,1.751702178,16.02949709,-8.558317491,5.536718904
6.91923,14.25935,3279.8,0.71174,0.583732,1.219292415,17.52584388,-8.668000385,5.514341965
19.65678,25.65252,6381.24,0.9325,0.152507,6.114473434,7.766552232,-8.112055118,5.498509725
22.14446,24.58519,5918.59,0.91982,0.179445,5.125916019,9.148436944,-8.209864106,5.369237843
9.49631,13.8011,4126.22,0.8084,0.498311,1.622280062,22.79619611,-8.538856913,5.602595151
5.37841,8.5162,1989.53,0.6724,1.02282,0.657398174,14.81528974,-9.025034521,5.451062512
21.42141,25.65605,6227,0.92328,0.176379,5.234636776,8.705043377,-8.199762618,5.485408249
21.72513,25.07508,6891.12,0.92328,0.165214,5.588388393,6.593759033,-8.23425331,5.457070961
20.85796,24.90813,5388.5,0.90856,0.202758,4.481006915,12.91506479,-8.349544492,5.418907003
11.05166,15.55354,4746.12,0.84236,0.393611,2.140082467,11.14613121,-8.637723739,5.437419866
16.3004,18.29049,5671.12,0.8713,0.269345,3.234884628,11.89770995,-8.552107349,5.379028747
10.02544,14.90171,4002.95,0.80058,0.487476,1.642296236,13.88412547,-8.699235424,5.434523505
7.1604,9.70064,2997.17,0.7398,0.74285,0.995894191,12.87122488,-8.649311538,5.676808876
11.03067,15.07548,5198.9,0.8449,0.384513,2.197324928,10.08624921,-8.610849933,5.462544462
6.24572,8.85441,2417.3,0.68736,0.863833,0.795709356,26.65382008,-8.46916254,5.730984389
8.6935,12.90646,4163,0.80356,0.486436,1.651933656,33.61960469,-8.612768733,5.509474905
11.44044,14.99033,3755,0.80006,0.500753,1.597713843,12.1717608,-8.679206507,5.475260193
12.1058,20.37315,5240.81,0.87256,0.317154,2.751218651,14.71381502,-8.563961711,5.389027969
25.11728,28.62824,5319.76,0.9125,0.217875,4.188181297,11.1413885,-8.379500247,5.478899858
5.4691,12.18771,2359.97,0.678,0.68812,0.985293263,18.32537386,-9.159176448,5.097277257
20.97612,25.50685,6135.85,0.9368,0.152864,6.128323215,7.879421408,-8.089684317,5.578397843
22.41965,28.0857,6817.79,0.9468,0.118024,8.022097201,6.306106016,-7.941072731,5.55484248
23.25171,26.73724,6012.05,0.93196,0.150376,6.197531521,9.524852281,-8.166531751,5.508782424
15.83507,17.46831,3527.72,0.81522,0.396672,2.055148838,13.63800238,-8.711704049,5.322077485
11.92441,16.97215,4072.1,0.80422,0.462081,1.74043079,13.44447953,-8.632856674,5.520144471
9.71333,13.33321,4253,0.8442,0.489398,1.7249764,7.598771408,-8.723743833,5.442622878
14.85631,19.34069,5553.07,0.8865,0.265447,3.339649723,9.276213815,-8.508508719,5.423311265
23.40982,25.06837,4152,0.8919,0.296402,3.009089007,12.19343395,-8.419727216,5.456600699
14.25123,17.18601,5399.12,0.86362,0.289047,2.98781859,14.46352499,-8.570785161,5.352660165
12.69112,17.78721,4606.71,0.84368,0.351455,2.400534919,18.71041716,-8.567940638,5.393164196
16.0131,20.22409,5544.17,0.89728,0.235476,3.810494488,9.6192617,-8.368889202,5.483037735
15.86841,20.10175,5149.69,0.873,0.29233,2.986351042,15.40332901,-8.475748445,5.372506713
22.98435,26.90816,5167.11,0.90244,0.244109,3.696873118,11.7493422,-8.422752337,5.433173737
4.93745,8.77107,1850.72,0.65422,0.932884,0.70128762,17.47526878,-9.040058232,5.385871772
23.62472,26.9993,5999.97,0.9279,0.150041,6.184309622,10.00816992,-8.131653548,5.555796159
18.46236,19.75964,3813.7,0.84574,0.384149,2.201593652,15.29600874,-8.644200617,5.49686646
15.18749,21.26862,6016.54,0.91592,0.199143,4.599308035,12.36321183,-8.318067182,5.382918643
7.48498,13.22051,3178.19,0.7695,0.656279,1.172519614,30.27533369,-8.701014015,5.639740609
7.80133,10.19083,4182.81,0.7919,0.55532,1.426024634,13.25494198,-8.619072668,5.605287179
24.20888,29.1992,6062.9,0.93836,0.13575,6.912412523,10.42518588,-8.051833409,5.516380686
7.94566,11.11157,3186.53,0.74282,0.69962,1.061747806,24.41990886,-8.399345152,5.820511796
12.7292,17.50296,4355.11,0.88068,0.369026,2.386498512,6.633625151,-8.63122687,5.404985051
19.37878,21.72601,3883.45,0.87052,0.368612,2.361616008,18.82811208,-8.462793795,5.543031814
19.00834,20.84521,4416.08,0.861,0.377242,2.282354563,12.16668555,-8.539717264,5.473814994
9.43244,12.31049,5173.85,0.84576,0.377462,2.24064939,10.62118885,-8.591222746,5.471702383
17.75346,24.38508,6048.96,0.92046,0.177988,5.171472234,9.176031688,-8.268848389,5.460087302
17.30694,20.71539,4632.85,0.86236,0.331705,2.599779925,13.07059961,-8.528101244,5.439359081
19.63894,22.40044,4494.61,0.90722,0.273164,3.321155057,8.74994848,-8.450243223,5.440371501
14.76706,20.06075,6438,0.89944,0.225575,3.98732129,9.481689688,-8.394052403,5.394493397
19.77591,21.6421,4370.98,0.83822,0.345024,2.429454183,17.04667968,-8.537961195,5.400367183
11.39125,13.65896,3453.87,0.79598,0.570574,1.395051299,19.34534842,-8.662735317,5.575662883
16.60828,18.8637,5554.62,0.88192,0.252975,3.486194288,11.4791536,-8.513113737,5.37968432
22.18866,24.9065,6647.46,0.91192,0.183824,4.9608321,7.610987045,-8.308519793,5.40056903
21.13072,22.64021,4684.38,0.8635,0.29259,2.951228682,10.03610486,-8.527229581,5.401701503
24.20734,28.50592,6266.93,0.9355,0.133092,7.02897244,10.12246275,-8.066565251,5.514413086
25.50134,30.10236,6820.42,0.92696,0.152274,6.087447627,7.966376424,-8.140410544,5.475610723
22.92675,27.28733,6531.3,0.94252,0.135285,6.966921684,7.234637703,-8.063791839,5.560277486
11.5414,13.2156,3667.9,0.8131,0.517678,1.570667481,18.85281372,-8.614482885,5.506021423
8.9177,14.53863,3888.78,0.80968,0.535302,1.512566738,24.14204535,-8.605405443,5.568371017
22.06506,23.47009,5520.73,0.88084,0.267905,3.287881898,9.431089433,-8.419793486,5.480760561
20.37574,23.02357,6207.33,0.91712,0.189746,4.833408873,8.269270352,-8.301713222,5.454458322
16.12666,19.43528,3912.38,0.8572,0.430179,1.99265887,13.38739007,-8.604771033,5.516062188
19.73789,23.76765,6035.29,0.9133,0.200995,4.543894127,8.660690605,-8.295762029,5.415565243
13.10059,15.51473,5084.42,0.85578,0.396282,2.159522764,9.14820605,-8.597043968,5.550507579
17.19894,20.20025,5525.26,0.8991,0.241632,3.720947557,9.457770798,-8.450811655,5.485319939
24.09294,27.25744,5420.97,0.93394,0.159519,5.854725769,18.55799169,-8.221450338,5.505118985
21.61244,24.0193,5603.33,0.91332,0.208217,4.386385358,15.52706514,-8.276066183,5.486945066
6.00392,10.37236,2355.9,0.70364,0.89722,0.784244667,25.12826385,-8.777783297,5.5756242
14.01886,16.67374,5450.36,0.85646,0.347464,2.464888449,14.11727195,-8.556878726,5.479300258
19.27328,25.56787,6390.64,0.92862,0.159092,5.836999975,7.790309569,-8.174025854,5.474256629
20.03431,21.75429,4994.8,0.86084,0.335105,2.568866475,13.13776614,-8.474887857,5.491634903
12.84473,17.14444,6002.48,0.8661,0.315608,2.744227016,10.20594042,-8.431650607,5.500502721
10.5632,15.98446,3471.05,0.8058,0.52018,1.549079165,27.50301071,-8.603104913,5.532138367
9.46023,11.82165,4354.28,0.81176,0.475162,1.708385772,12.13048328,-8.701052332,5.446794751
10.83826,17.26891,3534.01,0.80844,0.484542,1.668462177,14.20109365,-8.715843468,5.423845471
9.64841,12.91961,4652.49,0.82774,0.455175,1.818509365,13.26148195,-8.643214562,5.504252846
8.40302,13.50578,3921.99,0.80614,0.535227,1.506164674,19.76425127,-8.770010453,5.422065679
18.91538,20.77335,3954.93,0.84194,0.408279,2.062168272,16.76699363,-8.614921399,5.463429838
21.05972,24.56187,4130.98,0.90096,0.277774,3.243500112,12.22927754,-8.487667094,5.457239214
20.54964,26.67345,6256.07,0.9293,0.154772,6.004316026,8.260392897,-8.170130161,5.497135413
5.53473,8.63628,2554.88,0.67716,0.7899,0.857273073,16.16378825,-8.70735763,5.630391802
20.86674,24.30639,6859.47,0.90232,0.192898,4.677705316,8.802637869,-8.341649292,5.407544257
10.51247,18.02428,5339.57,0.87588,0.322823,2.713189581,14.28155691,-8.562657861,5.398148422
17.47967,20.37965,5005.89,0.8986,0.253099,3.550389373,9.992028254,-8.42550164,5.472342318
17.62626,20.49289,5221.45,0.90122,0.247085,3.647408786,13.84216516,-8.391290062,5.423255964
20.22949,23.64726,6519.48,0.92604,0.16587,5.582926388,8.273222337,-8.218024991,5.436560426
7.05614,9.84356,2144.78,0.69802,0.911564,0.765738884,38.78730701,-8.255590489,5.511468647
18.46905,23.29286,4346.92,0.88134,0.365462,2.411577674,6.778090291,-8.626286536,5.370103555
11.8115,15.12558,4815.45,0.8485,0.389396,2.179015706,17.18121089,-8.558810066,5.450736226
9.75982,15.60764,4525.87,0.83518,0.421572,1.981108802,17.3773558,-8.672319386,5.389885646
16.59922,18.22341,4965.7,0.87152,0.296743,2.936952177,14.97343082,-8.456638442,5.445486559
6.5213,10.48752,1735.96,0.63652,0.899666,0.707507008,23.63197593,-8.776343886,5.482233056
7.99297,11.60238,4886.8,0.81154,0.474554,1.710110967,11.82887108,-8.64997808,5.525085887
21.90817,23.60354,5174.28,0.86992,0.272255,3.195239757,11.65820908,-8.436078725,5.482630515
19.30206,22.49817,4208.94,0.85554,0.344107,2.486261541,19.87248001,-8.516439565,5.435185183
4.42981,6.94884,1236.81,0.5983,1.20937,0.494720392,43.55412232,-8.378659557,5.175509509
16.78475,20.07178,5294.79,0.89708,0.258911,3.464819957,9.993807887,-8.427347707,5.484118036
28.56952,29.85587,5766.14,0.91244,0.21947,4.157470269,10.0414142,-8.251260049,5.613621684
9.604,11.62828,3109.09,0.80352,0.64162,1.25233004,13.07508797,-8.82686381,5.447583149
10.58741,13.31465,4885.73,0.8249,0.433036,1.904922454,16.48936101,-8.658692218,5.465884774
20.22013,22.77142,4742.9,0.86468,0.288952,2.992469337,10.78522754,-8.553309196,5.415010989
12.32229,16.59858,5274.24,0.86246,0.312589,2.759086212,15.32869985,-8.603541907,5.308664228
17.78385,20.97769,5752.59,0.9101,0.212567,4.281473606,8.937080198,-8.367847727,5.448225569
9.48703,12.4226,3575,0.78832,0.595978,1.322733389,13.21749081,-8.736362909,5.487348382
8.40065,10.65067,3119.22,0.73324,0.652729,1.123345217,15.43812667,-8.792828972,5.468174017
21.63901,25.93741,5862.86,0.92908,0.167512,5.546348918,14.41326844,-8.156600878,5.501775585
11.91872,15.3096,4438.25,0.86416,0.410522,2.105027258,6.835232385,-8.706602723,5.349230426
13.13181,22.50104,4679.08,0.8646,0.311101,2.779161751,13.75752181,-8.501845072,5.455381806
16.88391,20.06979,5620.64,0.8933,0.24652,3.623641084,9.970690702,-8.440068804,5.476990774
21.19413,22.03032,4682.8,0.86754,0.287223,3.020440564,9.545662367,-8.515104158,5.43342164
25.404,31.27302,6507.42,0.9331,0.149857,6.226602695,7.679278395,-8.114073547,5.476634773
18.17006,23.66056,6279.66,0.9311,0.162792,5.719568529,6.86521596,-8.176961617,5.541353886
9.9562,16.53924,5545.95,0.86088,0.339215,2.53785947,12.51740103,-8.536041575,5.439532919
11.71671,16.84633,4550.18,0.85778,0.382341,2.243494681,15.32588686,-8.51991079,5.497230248
28.00743,30.18619,6920.75,0.93572,0.147475,6.34493982,5.739571102,-8.116103446,5.479562446
20.70424,24.96769,3972.67,0.89816,0.292894,3.066501874,23.59540004,-8.507879194,5.508727564
19.71478,25.97381,6370.15,0.92522,0.158899,5.822692402,9.359661263,-8.181656827,5.536630718
13.42827,16.75604,5476.32,0.89578,0.267059,3.354240074,10.48445562,-8.483725833,5.435525224
11.52014,16.33183,4959.23,0.86404,0.346433,2.494104199,15.70337177,-8.605417108,5.460538884
20.0638,23.74438,6138.94,0.92546,0.176389,5.246699057,7.66274269,-8.196402937,5.452030348
11.13153,13.39867,4906.48,0.81838,0.419337,1.951604557,11.66076878,-8.670923645,5.400007786
20.99163,24.66959,6191.7,0.91998,0.186239,4.939781678,6.50311634,-8.281264242,5.329439693
17.40816,20.43231,5924.18,0.89552,0.227766,3.93175452,11.00495637,-8.388357501,5.424041197
22.73155,24.97533,5986.02,0.89616,0.238914,3.750973154,8.340864651,-8.368912984,5.46386311
18.34639,21.39008,5368.74,0.8994,0.245259,3.667143713,13.23363503,-8.395374278,5.479845571
19.71812,25.1878,5835.16,0.93112,0.163868,5.682134401,8.311897308,-8.127162435,5.540480119
12.77517,20.13494,4665.68,0.86276,0.330226,2.612634983,14.13113358,-8.527804042,5.484082337
12.16002,21.18589,5533.17,0.8769,0.295292,2.969602969,14.76184241,-8.560902336,5.406825749
19.41973,24.61019,5124.87,0.88654,0.235358,3.766772321,13.7876768,-8.435928687,5.439862455
21.52303,27.02935,5025.12,0.93388,0.190093,4.912753231,7.952108354,-8.215737561,5.582605453
13.47142,16.6863,5931.78,0.87148,0.270783,3.218370429,9.62829652,-8.581897607,5.360980105
7.59661,11.80613,3187.09,0.73814,0.597928,1.234496461,18.94834863,-8.733178737,5.489377026
10.73155,16.21646,4338.83,0.8231,0.417374,1.972092176,12.58002044,-8.684347006,5.385411107
22.79459,27.11689,6379.91,0.93296,0.135968,6.861614498,10.91281472,-8.089209096,5.568685665
13.76532,15.40232,4441.97,0.8084,0.406552,1.988429524,12.95397932,-8.711119469,5.356411943
17.15158,20.13356,4295.41,0.89578,0.307981,2.908556047,10.39760323,-8.51617859,5.436427307
9.67257,13.48791,4106.61,0.79,0.474123,1.666234289,14.00507924,-8.706376358,5.416102099
9.89338,12.95462,4279.89,0.80898,0.49194,1.644468838,13.10893567,-8.586430225,5.568394465
23.39559,26.2303,5948.97,0.92204,0.182153,5.061898514,9.433107987,-8.237343028,5.408236243
27.69453,44.17516,5568.41,0.91956,0.196381,4.682530387,7.093036927,-8.274845716,5.523383971
15.35387,18.23941,5824.85,0.87416,0.306284,2.854083139,8.275118899,-8.533218237,5.498614559
20.33568,22.40989,5335.48,0.86874,0.282973,3.070045552,20.48699549,-8.537486799,5.338846626
21.28222,25.43032,4762.01,0.9087,0.224997,4.038720516,27.64962688,-8.453499218,5.464484426
11.69887,15.3237,4321.03,0.79118,0.426085,1.856859547,19.18668803,-8.776964489,5.30044732
8.73051,14.60365,4117.28,0.812,0.499367,1.62605859,21.80751372,-8.575683207,5.576799728
9.31234,17.29159,4566.28,0.84108,0.399113,2.1073731,16.26838459,-8.523059547,5.529884882
17.23849,23.69031,5694.75,0.89824,0.226673,3.962712807,8.465131496,-8.364507371,5.380012487
15.7729,18.49031,4832.13,0.85658,0.317793,2.695402353,14.9153867,-8.551560194,5.403287863
20.43989,21.95573,3911.38,0.85748,0.348972,2.457159887,13.79835318,-8.482253761,5.434889128
6.87046,11.2834,2500.95,0.73744,0.841745,0.8760848,17.12840436,-8.748995273,5.651780075
9.91572,13.9975,4362.42,0.81244,0.437402,1.857421777,15.83775278,-8.717463108,5.340681815
19.96789,24.04615,5469.39,0.9152,0.208886,4.381337189,11.07380523,-8.306794252,5.502255364
17.94882,21.64325,5351.42,0.91226,0.220971,4.128415041,9.0330237,-8.3027317,5.481946341
17.41984,22.81908,5753.88,0.90988,0.206979,4.396001527,9.603256669,-8.337309732,5.461017689
7.87152,15.43807,4289.87,0.80632,0.481508,1.674572385,17.23872995,-8.676050741,5.511048891
21.54721,24.58361,5861.92,0.92278,0.180342,5.116833572,8.306237166,-8.274082733,5.440591539
20.45374,24.71124,5085.65,0.8897,0.241216,3.688395463,25.93626352,-8.543731377,5.433565414
18.95379,23.17611,5078.31,0.88924,0.242018,3.674272162,9.289851055,-8.414258594,5.444863593
27.01514,28.94676,6062.49,0.90958,0.219837,4.137520072,9.05555275,-8.295653841,5.570447372
17.20635,19.81541,5774.66,0.89762,0.228475,3.928744939,10.31768842,-8.352813162,5.403241546
8.08496,11.68739,3185.51,0.7955,0.68101,1.168117942,8.867386551,-8.859921303,5.460369942
21.3203,24.62432,5754.34,0.9125,0.184796,4.937877443,10.51389509,-8.306357685,5.486888219
8.22331,13.14374,3776.83,0.79044,0.597749,1.322361058,16.25450501,-8.590616224,5.647873225
9.16824,14.49366,5266.83,0.8411,0.365802,2.299331332,15.10470418,-8.635068214,5.42472132
17.84084,20.22571,5786.95,0.87342,0.301171,2.900080021,9.023982064,-8.472488954,5.420050238
19.43958,23.35068,4524.92,0.87266,0.287664,3.033608655,12.04421203,-8.478286479,5.419463085
4.13631,11.15937,890.159,0.5794,1.24668,0.464754388,19.39943067,-9.70751658,4.766977458
6.41673,10.21831,4293.48,0.77294,0.605887,1.275716429,12.80804211,-8.597568366,5.650541931
12.27892,20.76595,5304.28,0.86874,0.315204,2.756119846,14.62813647,-8.574882307,5.423758072
15.73017,18.38588,4383.64,0.87284,0.336371,2.594872923,12.44880188,-8.608102328,5.352658251
15.77602,20.64014,6437.08,0.90456,0.216154,4.184794175,8.271495565,-8.384776466,5.451933875
8.16141,11.57636,3527.51,0.78054,0.616103,1.266898554,19.49123923,-8.56581456,5.662216151
20.34871,23.29977,4653.34,0.883,0.294472,2.998587302,11.82703699,-8.475705479,5.445945378
11.22883,15.12819,3570.62,0.80082,0.522766,1.531889985,11.62573017,-8.729471194,5.523716229
7.94102,11.14573,2670.75,0.7044,0.726794,0.969187968,19.39320166,-8.693795561,5.537355955
20.41436,22.97788,4618.66,0.8557,0.314699,2.719106194,16.48079804,-8.611396453,5.352147856
26.50098,32.09668,6957.9,0.94392,0.122425,7.710189912,6.492330578,-8.013638464,5.587723026
20.9216,26.86533,6404.19,0.93582,0.14706,6.363525092,7.821903089,-8.064987575,5.525148542
15.93331,28.55077,6186.72,0.91292,0.198004,4.610613927,6.594932609,-8.323334501,5.466500496
21.23832,27.05437,6408.65,0.93088,0.151894,6.128484338,8.29383037,-8.169343689,5.512516331
21.97539,24.83169,4642.88,0.88988,0.292719,3.040048647,12.36415211,-8.422633896,5.497126535
24.71646,27.66213,7068.28,0.91994,0.176294,5.218215027,7.029871352,-8.196775006,5.450641343
16.02552,19.72071,3619.78,0.84012,0.408271,2.057750857,19.82352075,-8.50458744,5.511684704
18.04624,20.20806,2979.18,0.81762,0.435306,1.878264945,18.13942261,-8.748166522,5.182187399
11.74166,15.44254,4808.7,0.8442,0.42295,1.995980612,11.4165467,-8.557214091,5.499826075
20.80204,23.98052,4267.65,0.89938,0.277636,3.239421401,10.06272524,-8.469199751,5.46527752
17.07007,20.05998,3813.8,0.90186,0.333302,2.705834348,9.210287997,-8.548659772,5.376306462
8.62496,13.49869,5181.72,0.8273,0.397217,2.082740668,16.41868694,-8.634139509,5.439696759
20.45622,26.32503,6031.92,0.93334,0.159681,5.845028526,9.182277766,-8.130563456,5.537540058
10.9095,17.62883,5985.84,0.88006,0.290574,3.028694928,12.08892153,-8.485638591,5.439096704
21.2674,22.82572,2300.61,0.83972,0.559753,1.500161678,23.84578931,-8.935088193,5.325897775
21.18405,24.54497,5462.81,0.91136,0.207506,4.391969389,10.55087175,-8.315847615,5.410940908
18.42709,30.83975,4183.88,0.8577,0.365533,2.346436573,10.80537225,-8.668640201,5.414417221
20.11627,25.47401,5920.79,0.92284,0.173377,5.322736003,18.13413754,-8.188493269,5.498732981
5.05932,10.79118,2225.18,0.69272,0.868923,0.797216784,23.45236216,-8.897186343,5.424821982
15.96457,19.61475,4334.16,0.88114,0.323465,2.724065973,11.91678939,-8.570460163,5.421362745
23.59401,27.07465,6211.41,0.94608,0.136498,6.931090565,6.363529348,-8.025052858,5.577012236
25.0306,28.2361,5571.97,0.90108,0.222337,4.052766746,9.334573861,-8.356535582,5.41165454
15.79416,18.49933,4810.95,0.86352,0.303902,2.841442307,15.93487959,-8.487724286,5.416762684
9.90367,14.54657,4163.53,0.8435,0.439448,1.919453496,10.79708593,-8.631250923,5.431534762
19.75213,22.87103,4671.06,0.85718,0.304873,2.81159696,11.32718974,-8.572114241,5.429406394
15.00967,22.32491,5119.31,0.87184,0.289117,3.015526586,12.82072438,-8.51667582,5.431214521
16.78859,20.93926,5523.05,0.90402,0.234506,3.854997314,10.40298572,-8.351231769,5.469820235
11.84001,17.46259,4128.19,0.83246,0.400667,2.077685459,12.23612692,-8.628264377,5.429046454
9.86494,14.23152,4148.43,0.8103,0.486285,1.666306795,11.73513104,-8.697266468,5.42283789
11.24139,16.81715,4163.41,0.82344,0.439276,1.874539014,20.22985652,-8.580887112,5.465574237
24.79258,26.16031,5046.76,0.88712,0.252627,3.511580314,14.01689978,-8.412850889,5.479665685
14.93169,18.51568,4710.65,0.85816,0.31417,2.731514785,15.91096829,-8.53822585,5.447244694
8.9786,16.87982,4102.25,0.82478,0.474418,1.738509078,22.79019915,-8.680167357,5.410509898
6.33847,10.1987,2351.15,0.67978,0.774166,0.878080412,19.22810942,-8.865265125,5.494848771
8.18838,12.0265,4119.26,0.79978,0.50653,1.578939056,28.73843606,-8.444114192,5.553664471
12.97088,15.87648,5791.33,0.85034,0.34312,2.478258335,15.60200501,-8.506804035,5.493169532
5.12616,9.91815,2242.57,0.69374,0.909254,0.762977122,23.51490474,-8.507557569,5.801546011
11.70649,14.58199,4918.27,0.79802,0.412731,1.933511173,14.34280044,-8.658262408,5.395430536
20.52157,23.32172,4794.43,0.87628,0.280065,3.12884509,10.12057374,-8.490119937,5.435283444
10.82786,13.58842,4627.63,0.84738,0.394005,2.150683367,16.49320051,-8.621855229,5.466186763
18.77781,20.853,4295.69,0.83674,0.360162,2.323232323,15.03856163,-8.570215435,5.466839553
16.83949,20.83233,5464.15,0.89972,0.232244,3.874029038,17.99715706,-8.410697949,5.4044614
6.482,8.74998,2589.91,0.67968,0.721704,0.941771142,17.54691558,-8.822724962,5.449207477
21.0434,22.83382,4430.24,0.86214,0.3152,2.735215736,19.33597918,-8.581840772,5.418844479
19.73574,22.07268,5899.59,0.92002,0.198473,4.635491981,9.062439203,-8.293230486,5.514256438
5.16302,9.78202,1997.05,0.65876,0.885001,0.744360741,18.31268181,-8.994448748,5.373946114
16.90835,21.7222,6297.4,0.89124,0.223748,3.983231135,9.376730004,-8.371368062,5.431540357
17.75945,20.72426,5909.15,0.90686,0.208378,4.351994932,8.933009733,-8.386470298,5.454975751
12.36403,15.53535,5335.05,0.88596,0.299547,2.957666076,8.705926575,-8.482346817,5.462853986
21.9455,22.78232,4785.42,0.85526,0.291538,2.933614143,12.44359764,-8.552815976,5.362310811
22.2392,27.31706,6281.9,0.93126,0.157205,5.923857384,7.611871122,-8.170653168,5.498973207
16.4057,19.1911,5377.71,0.88334,0.261839,3.373599808,15.6387445,-8.483612409,5.4650847
11.93922,17.31657,5265.58,0.8677,0.327187,2.652000232,10.1133227,-8.531749489,5.447178241
21.48586,23.70808,5696.07,0.88758,0.265481,3.343290104,8.471302341,-8.437717557,5.423700313
11.67666,13.50706,3445.66,0.78272,0.541983,1.444178138,21.54753558,-8.558560343,5.628181805
11.55391,13.92176,5673.59,0.87462,0.310724,2.814780963,9.673319399,-8.564510276,5.413645902
3.71474,5.47879,525.107,0.53962,1.55695,0.34658788,25.60282869,-8.873166098,4.89858011
8.88533,11.47589,3653.23,0.7819,0.555119,1.40852682,12.20220443,-8.581784553,5.601847366
12.05579,16.38225,5057.48,0.8723,0.334507,2.607718224,10.17246158,-8.564690173,5.437494322
17.36039,29.39611,3163.79,0.83466,0.487205,1.713159758,16.22298576,-8.651631646,5.469949167
20.89817,24.21133,5743.03,0.926,0.183407,5.048880359,8.126152601,-8.223957825,5.497309044
9.64579,13.06033,3603.84,0.8028,0.53512,1.500224249,20.09594126,-8.497823708,5.640234211
12.40067,20.68184,5532.88,0.87198,0.293155,2.974467432,13.36712854,-8.561541347,5.415581547
4.77462,9.33011,1751.34,0.64772,0.984519,0.657905028,39.75467124,-8.172215921,5.466943311
7.73137,9.56658,2958.72,0.76006,0.776924,0.978293887,9.839786811,-8.842279796,5.577514192
4.69966,9.04593,1669.88,0.62564,0.892945,0.700647856,19.35822516,-9.061450857,5.336324939
8.18429,11.53039,2987.37,0.76784,0.741831,1.035060546,29.03661959,-8.746979846,5.564950505
4.53279,8.27382,1756.07,0.64396,0.925107,0.696092452,19.96757619,-9.064148852,5.297929174
20.30851,23.99104,5559.18,0.89202,0.222487,4.009312904,15.34670658,-8.372413866,5.389310363
10.96709,16.55535,4074.85,0.8234,0.438129,1.879355167,12.84109851,-8.623418257,5.426443956
21.5572,26.9761,6591.01,0.92124,0.165224,5.575703288,8.677362704,-8.225950858,5.446108589
21.1316,27.40237,6386.62,0.93618,0.146697,6.381725598,8.147337791,-8.119338679,5.484607859
22.79219,25.52997,5301.9,0.91966,0.188485,4.879221158,36.8464314,-8.296033632,5.445378824
10.77626,15.96697,4774.87,0.83282,0.399341,2.085485838,12.04102246,-8.620283325,5.449372995
5.99793,10.39096,2787.83,0.71604,0.737961,0.970295178,22.40887004,-8.888234214,5.414193055
19.87379,24.47626,5441.34,0.91534,0.213068,4.295999399,10.2751255,-8.296113217,5.523308238
21.69207,25.34123,5522.18,0.92888,0.186831,4.971765927,9.672783826,-8.197001407,5.504130993
16.2917,19.68339,5593.73,0.88626,0.252183,3.514352672,12.12034823,-8.416134013,5.424291361
21.85569,24.03449,6641.12,0.91712,0.187045,4.903205111,6.717762085,-8.267417744,5.531042177
17.51037,22.98382,5523.33,0.91546,0.206833,4.426082878,9.358951648,-8.344185184,5.449325422
17.94407,20.4016,4659.5,0.89686,0.269626,3.326311261,16.64718526,-8.359027287,5.558156787
17.04313,19.38216,3213.97,0.83066,0.491524,1.689968343,12.69198761,-8.556882937,5.572820473
22.26413,28.04034,6519.75,0.9366,0.139556,6.711284359,8.936970284,-8.048079467,5.551006891
17.50476,19.58193,5765.97,0.88634,0.245385,3.612038226,10.76707373,-8.444813443,5.409803008
9.44086,13.01994,2782.33,0.74954,0.591313,1.267585864,14.77825641,-8.985776482,5.248101972
20.43359,26.49825,6379.31,0.92428,0.162895,5.674084533,10.07646166,-8.184051515,5.477636746
18.15035,20.11225,3408.97,0.83002,0.4127,2.011194572,22.0549243,-8.592561346,5.477903184
16.22479,20.39932,6224.88,0.91648,0.191472,4.786496198,8.080145252,-8.302901383,5.458764766
14.43494,19.71845,4502.58,0.84028,0.394068,2.13232234,12.29056242,-8.548875366,5.549479951
20.16294,22.24101,5424.45,0.8811,0.28462,3.095706556,15.41344946,-8.431082513,5.526964473
30.96836,34.0533,7320.19,0.93934,0.131087,7.165775401,6.151159924,-8.040405195,5.574998625
14.50923,17.59427,5719.3,0.87076,0.314948,2.764773867,9.192907512,-8.517547715,5.461935834
14.59656,17.99633,5504.25,0.87518,0.326665,2.679136118,8.583605359,-8.55587491,5.454083517
12.25896,15.0372,3088.14,0.77072,0.665479,1.158143232,13.19109666,-8.856809847,5.422892542
22.56319,24.79485,6291.93,0.91912,0.192908,4.764550978,6.017945661,-8.276863432,5.485570456
8.64999,10.56394,2545.32,0.69576,0.658035,1.057329777,18.26737947,-9.096241056,5.139012566
24.7027,26.03941,4776.81,0.88862,0.277889,3.19775162,10.66850089,-8.493103832,5.428459588
7.73859,11.86784,2666.78,0.76834,0.821709,0.935051216,12.76923137,-8.848347448,5.494512155
23.96689,27.60067,4951.84,0.89856,0.259953,3.456624851,9.65268891,-8.423869142,5.496655775
17.21239,20.40666,5360.31,0.87058,0.290932,2.9923831,12.87216106,-8.603100045,5.373586095
12.01888,14.02896,3184.06,0.77544,0.557183,1.39171511,20.57113952,-8.648577185,5.574829314
21.38414,27.14492,6362.76,0.93018,0.163619,5.685036579,8.080658009,-8.191110549,5.44149357
19.12258,21.67977,4521.58,0.88202,0.311761,2.829154384,11.48862835,-8.421623282,5.537298153
19.90087,21.90669,6099.86,0.91894,0.192697,4.768833973,8.67080714,-8.266102793,5.482871675
17.38453,20.94579,5123.16,0.90112,0.257089,3.505089677,10.77178189,-8.424524056,5.450247479
8.08912,10.87821,3263.16,0.74306,0.624231,1.19036062,18.23781494,-8.715617618,5.552340437
11.75388,13.8858,2842.22,0.79586,0.672345,1.183707769,12.9923643,-8.928546012,5.315978617
9.23952,11.77333,4104.01,0.7902,0.516649,1.529471653,12.64959361,-8.591876252,5.586438413
5.59071,9.03181,1345.35,0.65924,1.43254,0.460189593,26.26810799,-8.888343842,5.520820878
23.29218,26.91348,6533.88,0.93636,0.143227,6.537594169,7.273171618,-8.089348985,5.54214628
19.96465,22.77028,5717.79,0.90118,0.225571,3.995105754,9.263464465,-8.376617172,5.468379354
11.15724,14.42884,5088.03,0.873,0.331962,2.629819076,9.797762432,-8.488329746,5.515210648
17.27512,19.64427,3515.37,0.88532,0.394277,2.245426439,11.25873227,-8.667091493,5.389703381
11.35508,22.37544,3627.3,0.83554,0.461219,1.811590589,12.13804256,-8.740634798,5.413435189
19.5522,22.97411,6109.8,0.91242,0.195024,4.678501108,8.759696863,-8.284751443,5.397711223
17.40192,23.192,5999.72,0.91726,0.190695,4.81008941,8.309319251,-8.273563411,5.514233031
8.92064,12.81346,3669.05,0.80054,0.566329,1.413559962,15.76998498,-8.635711368,5.554676399
24.01614,26.19947,5824.12,0.9319,0.151248,6.161403787,8.974516873,-8.157716846,5.475469115
24.0579,26.68053,6826,0.92342,0.17132,5.390030353,6.748091781,-8.186035441,5.539981335
18.41292,21.39458,6118.09,0.91146,0.204423,4.458695939,9.932274979,-8.295405346,5.383668243
10.78071,18.86968,5155.18,0.83916,0.343276,2.444563558,13.81726529,-8.539000169,5.454410946
9.63061,14.27301,4539.5,0.84108,0.401392,2.09540798,10.76717037,-8.576220452,5.455541508
8.31051,12.11819,2974.92,0.74628,0.624482,1.195038448,14.67395746,-8.959651912,5.273373625
9.63039,15.22767,5252.6,0.84018,0.365449,2.299034886,17.21807708,-8.657725569,5.357016012
25.27434,27.96352,5356.01,0.90546,0.206402,4.386876096,11.61001425,-8.305123001,5.40547017
28.53461,32.00528,6766.01,0.95692,0.103358,9.258306082,6.439342729,-7.801699025,5.671499769
9.3251,10.58683,2895.04,0.71594,0.648253,1.10441448,15.7773227,-8.788713242,5.429531053
11.64882,13.32474,3042.74,0.8293,0.592397,1.399905806,10.97122908,-8.858573017,5.417211995
19.97679,21.60057,6104.42,0.90662,0.20238,4.479790493,9.62286757,-8.302970036,5.529967281
11.71839,16.99633,4115.77,0.83664,0.439781,1.902401423,11.86427244,-8.667223649,5.39738391
9.81088,13.31775,3002.93,0.77934,0.61969,1.257628814,20.30843205,-8.641074099,5.594318361
12.04906,15.80417,4871.77,0.8418,0.421113,1.998988395,10.23799233,-8.554539032,5.521998117
11.18882,14.15611,5497.23,0.84582,0.362801,2.331360718,19.10010536,-8.559900809,5.460626189
10.9365,14.78744,3541.34,0.80602,0.503765,1.59999206,13.09555162,-8.777193068,5.427746344
10.66698,15.00859,4420.81,0.82792,0.454533,1.821473908,18.62755528,-8.683108098,5.416877145
9.04421,12.47724,4570.22,0.81574,0.459823,1.774030442,11.14185045,-8.636467557,5.498649343
20.18712,24.09754,6328.57,0.92814,0.167839,5.529942385,7.868108671,-8.188487246,5.401868989
15.65408,19.71662,6687.32,0.90766,0.208943,4.344055556,10.45251898,-8.356684315,5.388392289
5.51702,10.84525,2371.14,0.69264,0.872956,0.793442052,24.28596888,-8.832900906,5.493642181
12.0635,15.30968,4677.72,0.86014,0.349307,2.462418446,12.70924801,-8.591203198,5.318942246
21.763,24.84278,4852.77,0.89114,0.270314,3.296684596,9.839321109,-8.387232403,5.503296514
19.97149,23.67476,6420.11,0.9132,0.182566,5.002026664,9.26967342,-8.270874389,5.449269807
17.31141,20.29006,4225.74,0.90256,0.298344,3.025232617,8.816257559,-8.469598343,5.445979966
12.66944,17.75121,4961.27,0.87444,0.319931,2.733214349,18.72194527,-8.645092925,5.432192334
5.75269,8.35583,2214.92,0.6706,0.903949,0.741856012,20.25361263,-8.677228495,5.700250646
18.55098,20.21402,3244.64,0.84344,0.45404,1.857633689,12.21873767,-8.769879441,5.347685522
11.03687,16.4941,4955.29,0.8518,0.381473,2.232923431,13.92193601,-8.658030672,5.412143882
21.89178,24.94467,4889.4,0.89064,0.258836,3.4409433,11.5238677,-8.425358624,5.436820149
13.35787,16.89525,5045.2,0.84522,0.374171,2.258913705,10.59249019,-8.564888198,5.442325179
25.52137,29.30106,6816.97,0.95122,0.113398,8.388331364,7.573474118,-7.915907118,5.586650537
13.16103,17.66918,4798.18,0.8522,0.367913,2.316308475,14.19373974,-8.490093276,5.514968267
21.12042,26.90792,6205.96,0.93132,0.159973,5.821732417,9.218703413,-8.153801756,5.505337256
19.91243,22.15277,5425.29,0.87014,0.285366,3.049206983,13.67890827,-8.589285641,5.459019167
29.79071,32.07165,5121.49,0.91336,0.193287,4.725408331,8.437590443,-8.230854447,5.477607641
14.6908,20.94384,5936.85,0.91174,0.215105,4.238581158,10.73185339,-8.386884351,5.38557339
21.87557,24.65028,6039.32,0.92478,0.17483,5.289595607,7.782237814,-8.21724832,5.569977786
26.18409,30.37077,4900.03,0.91292,0.228053,4.003104541,10.3538049,-8.345611656,5.540480372
20.75565,25.98542,6714.48,0.92206,0.159721,5.772941567,11.58827368,-8.171752146,5.463088687
25.25533,31.88815,6738.33,0.93118,0.144517,6.443394203,7.5350324,-8.128439211,5.527266787
12.7185,18.32348,4552.51,0.86046,0.374304,2.298826622,9.250648542,-8.64354201,5.416508547
15.91872,18.60448,5178.44,0.8906,0.276065,3.226051836,11.46311541,-8.416306157,5.475198966
17.26153,19.72422,4105.58,0.89258,0.329392,2.709780444,10.96787201,-8.512926176,5.450515541
6.20399,11.0234,2296.61,0.72278,0.942692,0.766719141,26.82590228,-8.691110139,5.625541626
22.72428,25.09154,5714.21,0.91814,0.175487,5.231954504,9.919512509,-8.278075384,5.492977837
17.55474,20.1881,4352.81,0.85642,0.348928,2.45443186,13.9620047,-8.532179024,5.420793489
29.43875,30.93321,7050.56,0.95466,0.101017,9.450488532,6.713887158,-7.833813632,5.60941887
11.87666,17.24342,4847.34,0.8529,0.366733,2.325670174,13.64075685,-8.481472588,5.524760184
22.4642,26.5482,6433.54,0.92318,0.164002,5.629077694,9.227033083,-8.167230202,5.488922102
17.80808,20.48051,5053.74,0.89616,0.25111,3.568794552,12.02369692,-8.386674927,5.489210672
16.07974,18.93723,5403.91,0.88552,0.252255,3.510416047,11.71402029,-8.441610599,5.465103051
24.10901,30.1163,6449.21,0.94218,0.123916,7.603376481,9.08579901,-8.034905796,5.545279528
17.18944,18.41369,3769.47,0.82846,0.391962,2.113623259,15.98077182,-8.735041047,5.363569704
23.90156,28.06624,6315.92,0.9257,0.166399,5.563134394,7.617797463,-8.223025264,5.500766224
14.62913,17.46142,6103.82,0.86284,0.298615,2.889473067,14.28729129,-8.505585901,5.386560848
20.3406,21.56051,3777.46,0.87076,0.358571,2.428417245,12.75156382,-8.509015817,5.522437601
8.38931,16.72769,3006.43,0.78892,0.611103,1.290977135,12.87515763,-8.761143937,5.474130555
16.86643,21.39293,5847.43,0.89246,0.235487,3.789848272,10.15056253,-8.416983272,5.384953702
16.98817,17.97533,2725.96,0.82152,0.579883,1.416699576,15.3292589,-8.640485117,5.551647897
11.57288,14.97532,5362.32,0.87764,0.307823,2.851118987,9.210274127,-8.555250636,5.353050993
16.20945,20.70016,6044.94,0.89482,0.223422,4.005066645,9.637383736,-8.387179419,5.413631319
10.1707,15.32345,3232.67,0.78826,0.544365,1.448035785,27.27121223,-8.541972011,5.5390082
7.91731,9.91536,4016.41,0.77426,0.572383,1.35269566,13.23173564,-8.659119108,5.581568378
21.00788,24.57751,5541.74,0.90026,0.209595,4.29523605,10.69597791,-8.396637641,5.368430701
7.58144,10.44534,4351.14,0.78928,0.547881,1.440604803,23.4421065,-8.452274712,5.769190847
6.68889,9.34736,3937.62,0.76318,0.633343,1.20500266,17.17514246,-8.57442366,5.686114008
11.45667,15.15172,5335.88,0.84872,0.380434,2.230925732,9.865311905,-8.590330247,5.481797204
11.19817,13.7953,4195.13,0.8349,0.437524,1.908238177,12.32871959,-8.608079874,5.48726839
8.87355,15.12905,3978.11,0.80998,0.480075,1.687194709,34.29394233,-8.76137285,5.491680319
29.79675,31.70822,5055.89,0.90762,0.199792,4.542824538,10.71403598,-8.245778433,5.531639861
9.27996,14.76162,4019.7,0.81296,0.518134,1.569014965,18.50799765,-8.624711567,5.514736916
16.18068,18.93937,5889.59,0.88006,0.2481,3.54719871,11.5865667,-8.474385974,5.401878163
10.36753,13.71702,4971.21,0.81,0.416868,1.943061113,13.96486505,-8.695037292,5.42744568
19.6175,23.7137,6149.83,0.91546,0.189746,4.824660335,8.668467594,-8.290577905,5.389761577
16.32618,20.40071,2511.17,0.83848,0.577706,1.451395693,12.79303032,-8.843256283,5.405702728
18.0476,20.1236,3744.27,0.85182,0.393628,2.164022885,15.88081358,-8.648248496,5.421005209
9.57228,12.48282,4531.18,0.80556,0.464623,1.733792774,12.37511702,-8.627448105,5.535646472
26.26183,28.83333,5223.31,0.90088,0.22522,4,9.739464559,-8.368279383,5.478072482
11.08572,16.15082,4412.52,0.84478,0.400628,2.108639436,18.23299897,-8.635261819,5.472205619
8.28459,11.6574,4323.53,0.80186,0.515637,1.555086233,12.25190022,-8.668524621,5.504822974
9.00993,13.45893,3566.81,0.82646,0.560179,1.475349844,15.08433652,-8.814508556,5.41774932
27.52302,28.89023,5654.39,0.90718,0.214693,4.225475446,9.447377982,-8.310173578,5.457981725
10.27105,13.79205,5112.03,0.84152,0.37214,2.261299511,10.9276373,-8.61989692,5.390710497
8.91975,14.08566,4750.34,0.83286,0.413591,2.013728539,20.99055845,-8.62445072,5.421795882
22.0064,27.05135,5206.62,0.93052,0.188941,4.924923653,9.023732151,-8.256543172,5.52101609
16.61186,20.7758,5623.35,0.89628,0.233889,3.832074189,11.41268401,-8.420105089,5.409657355
18.58582,21.00735,5545.45,0.90692,0.222127,4.082889518,11.45689881,-8.378618999,5.446343354
3.64315,7.46756,1227.67,0.60402,0.92327,0.654218159,20.07150062,-9.639934381,4.719835888
8.57735,11.60109,4316.51,0.81178,0.513011,1.582383224,15.4878496,-8.642833679,5.516031522
20.79498,27.29305,7232.17,0.94324,0.122983,7.669677923,6.26066179,-8.011905343,5.530078241
15.82049,18.28876,5704.26,0.88686,0.275307,3.221349257,6.780403106,-8.50620624,5.413866075
13.48257,15.44978,4100.06,0.80194,0.446142,1.797499451,17.6383708,-8.734861832,5.412923603
11.26247,15.36003,5027.58,0.8523,0.336626,2.531889991,11.28308874,-8.63870191,5.331449512
19.04383,24.42543,6048.11,0.91896,0.176684,5.201150076,8.919345487,-8.243128912,5.459206141
7.58991,10.83154,3151.92,0.75508,0.699397,1.079615726,13.37516122,-8.809704255,5.492892339
16.06178,20.12787,5835.12,0.89838,0.237993,3.774816906,9.383468319,-8.426234947,5.459446379
9.25132,12.26652,3024.29,0.77878,0.66674,1.168041515,28.84347042,-8.667036988,5.627109179
20.8429,21.88504,4615.9,0.84844,0.310594,2.731668996,12.3859577,-8.629175362,5.324621615
18.36487,21.31795,4458,0.91146,0.269857,3.377566637,9.03880659,-8.375229082,5.496196012
8.86426,13.31668,3132.47,0.76918,0.640338,1.201209361,15.15290996,-8.868062871,5.393857673
15.27053,25.89619,3232.11,0.8083,0.469483,1.721681083,14.71252588,-8.875814464,5.226022996
27.32248,31.24242,5983.09,0.92438,0.184036,5.022821622,11.30476008,-8.2251547,5.508606329
15.36935,18.76315,4753.55,0.86322,0.317292,2.720585454,12.0463069,-8.564506241,5.392271018
16.56712,19.43941,4206.36,0.88284,0.333653,2.645982503,10.7353162,-8.579311028,5.430590904
6.83704,10.81669,2565.84,0.72818,0.828828,0.878565879,14.67660184,-8.750096155,5.667022177
12.00029,14.72643,4543.24,0.82662,0.438415,1.885473809,16.63243715,-8.538129921,5.53142901
17.29736,21.44817,5908.57,0.90558,0.207692,4.36020646,10.46331633,-8.342179488,5.419428582
17.80284,23.34769,6099.95,0.93256,0.171574,5.435322368,5.390853526,-8.215223295,5.394837734
11.2897,16.2393,5011.49,0.84844,0.377699,2.246339016,11.15178654,-8.574143108,5.445615082
25.17059,33.31571,5811.23,0.93964,0.134219,7.000797205,6.677471289,-8.03735117,5.579837506
19.11558,21.05514,4680.32,0.83672,0.334999,2.497679098,14.45838233,-8.584778847,5.441825965
10.82596,15.22417,4957.01,0.83364,0.388138,2.147792795,11.7669292,-8.627415585,5.431472738
20.90772,23.49379,5177.51,0.8671,0.277701,3.122423038,13.22249558,-8.504728124,5.377785097
24.42816,28.32938,6660.85,0.92804,0.155039,5.985848722,7.446213425,-8.16530114,5.443408474
18.0402,24.94369,6512.35,0.9286,0.161726,5.741810222,8.143798676,-8.180147966,5.469926288
9.98441,17.10999,4480.51,0.83398,0.420328,1.984117166,16.11607754,-8.55836429,5.528483587
23.23313,26.3828,5780.62,0.9239,0.160658,5.750725143,11.52250096,-8.167164385,5.488128967
20.08357,27.80207,6613.65,0.93386,0.15052,6.204225352,7.493959494,-8.159360816,5.436667863
11.27514,16.08823,3599.44,0.84788,0.493412,1.71840166,10.19856026,-8.803232651,5.366849001
20.69229,24.65552,5253.03,0.89576,0.225914,3.965048647,15.91383373,-8.387933731,5.491858425
8.88711,11.19985,2508.16,0.73544,0.829193,0.886934646,14.22711758,-8.817414913,5.597533321
18.11,20.13974,5250.74,0.8627,0.322213,2.677421457,10.04982328,-8.516384382,5.440863984
16.94611,20.68822,4466.11,0.90092,0.292771,3.077217347,8.695366869,-8.501606023,5.438678224
22.56587,26.22104,7098.12,0.92254,0.162206,5.687459157,6.940750637,-8.21323446,5.517508293
8.11813,11.77751,4566.21,0.80612,0.490658,1.642936628,11.62078182,-8.679094948,5.512647519
11.36713,20.0873,5514.27,0.85786,0.298328,2.875559787,12.04173176,-8.502182553,5.461136438
20.82036,22.07419,5653.87,0.88456,0.272922,3.241072541,8.884680924,-8.504814344,5.463250975
19.88194,24.74475,5696.18,0.8958,0.247509,3.61926233,11.84394276,-8.413314606,5.394283209
7.22424,9.73378,3061.13,0.725,0.720028,1.006905287,21.29505552,-8.392034106,5.850895737
11.2752,14.97727,5112.88,0.85312,0.361818,2.357870532,14.29275311,-8.551074251,5.458640702
10.93723,14.38287,5327.28,0.8335,0.389239,2.14135788,14.03921456,-8.57076457,5.531255019
20.0712,24.71814,5243.74,0.8967,0.226167,3.964769396,15.63052147,-8.371518385,5.395828395
19.95548,21.62613,4829.79,0.84076,0.313148,2.684864665,13.65071827,-8.57804325,5.363704265
20.28691,25.22949,5432.87,0.91262,0.197395,4.623318726,13.8892779,-8.273234919,5.505870499
21.59472,24.33064,4256.12,0.89964,0.270221,3.329274927,12.4557763,-8.44197268,5.373775735
13.64842,16.1005,2744.8,0.7769,0.564748,1.375657816,17.18284832,-8.885918389,5.298089565
20.25601,22.53773,6242.18,0.91606,0.186425,4.913825935,8.521601284,-8.304151451,5.437301067
9.03098,14.05314,5286.68,0.8369,0.373518,2.240588138,13.93172467,-8.589409988,5.448749235
13.90018,17.08591,5745.24,0.89638,0.252857,3.545007653,9.214708405,-8.452436241,5.441500243
19.99531,25.18785,5094.66,0.9015,0.2203,4.092147072,17.48444133,-8.340428556,5.431501337
23.06092,26.21543,6246.44,0.91208,0.178866,5.0992363,10.2637898,-8.320940591,5.411610541
10.99695,15.69688,4961.24,0.8548,0.369765,2.311738537,16.31374194,-8.64969068,5.35568586
18.72938,23.57896,6329.33,0.92428,0.172586,5.355474952,8.662192343,-8.235805681,5.476644911
22.93599,26.87343,6205.56,0.92794,0.164148,5.653069181,11.35625236,-8.112668934,5.478724136
20.23318,22.31921,3256,0.85794,0.427411,2.007295086,20.94288887,-8.53688663,5.374312787
11.30647,14.90289,5501.35,0.84888,0.368199,2.30549241,9.766722348,-8.613441778,5.448285379
11.44679,14.10808,4350.38,0.82194,0.464648,1.768951981,12.05803126,-8.647700893,5.478049985
19.08246,21.37227,5549.97,0.90982,0.221715,4.103556367,10.45637252,-8.335724453,5.501273978
10.38047,14.77307,4698.2,0.8501,0.425546,1.997668877,9.672949276,-8.676521559,5.405144158
10.59805,15.08794,4732.08,0.83208,0.441415,1.885028828,16.46541014,-8.672520325,5.466684989
14.34218,17.93391,5561.78,0.87506,0.324244,2.698770062,8.501681445,-8.514062279,5.482999814
13.26997,17.80978,5122.05,0.87266,0.311093,2.805141871,9.890630971,-8.538294926,5.453408134
30.29414,34.98953,6828.67,0.93396,0.141095,6.619369928,11.85003206,-8.062517915,5.512496675
12.85149,16.89972,4738.16,0.8487,0.341766,2.483278032,11.03282494,-8.625478603,5.420788493
16.63966,20.02901,5825.77,0.89244,0.226247,3.944538491,11.44007118,-8.387208673,5.399009518
10.55761,15.64607,5263.84,0.84744,0.348543,2.431378625,17.65460435,-8.622007013,5.38678206
30.27388,31.76203,5029.32,0.91136,0.200106,4.554386175,8.902937101,-8.272191553,5.532343111
7.42212,10.60714,2861.81,0.73216,0.752631,0.972800748,17.66905233,-8.499752201,5.825554605
21.28448,22.29565,4371.29,0.86414,0.319221,2.70702742,13.06837378,-8.551856042,5.400187092
19.4867,22.39479,6040.3,0.9164,0.198372,4.619603573,8.588394207,-8.299434127,5.483153263
8.09993,12.25134,4876.95,0.79328,0.435794,1.820309596,16.28880634,-8.681410265,5.356637685
14.32691,16.96972,5644.5,0.85752,0.333497,2.571297493,21.50179771,-8.475348493,5.502413661
5.94545,11.26505,2650.05,0.74092,0.818636,0.905066476,34.63673218,-8.376841786,5.763866197
23.51194,30.14187,6779.57,0.9429,0.129124,7.302283077,7.336594531,-8.009701979,5.511332999
21.08353,23.78785,4628.57,0.87078,0.301786,2.88542212,15.64688955,-8.495645501,5.436920424
21.96588,26.04703,6161.17,0.91712,0.189563,4.838074941,9.546135282,-8.289945679,5.455943278
17.8958,24.88568,6012.27,0.93176,0.166487,5.596593127,7.744193056,-8.119826582,5.630987292
11.36478,14.77488,5353.75,0.87162,0.305244,2.855486103,9.996816086,-8.562226573,5.434491033
21.34252,28.91791,6215.82,0.94388,0.138071,6.836192973,7.02594761,-7.984878174,5.597051874
8.71648,13.77042,4273.67,0.80298,0.474397,1.692632964,12.6282405,-8.739776644,5.350197379
8.36728,10.99396,3282.43,0.73282,0.599697,1.221983768,15.03170797,-8.818278609,5.412359636
4.74687,10.51279,1593.06,0.60666,0.855858,0.70883254,23.97608922,-8.841565161,5.394147978
15.78517,17.51654,2385.21,0.75448,0.560098,1.347049981,16.95289476,-8.932422319,5.319821998
23.4765,26.69159,6804.64,0.9324,0.147114,6.337942004,7.496719372,-8.103203021,5.465243333
12.48285,15.54226,6041.06,0.88268,0.267412,3.300824196,10.62898738,-8.477593672,5.422972582
6.14113,8.45028,2930.77,0.7116,0.778505,0.91405964,17.61091402,-8.594565977,5.722532905
23.8656,28.54537,6506.59,0.93514,0.131809,7.094659697,10.28658436,-8.104106951,5.544140483
21.66237,24.27108,4854.7,0.9214,0.224856,4.097733661,7.893745284,-8.360667915,5.471224354
27.83244,30.09135,5860.81,0.90498,0.201152,4.498985842,9.912283981,-8.32907441,5.491456182
9.11307,13.54158,5113.11,0.83348,0.377312,2.208994148,15.51252808,-8.585739753,5.459835927
28.74359,29.63938,5046.23,0.90548,0.229988,3.937074978,9.732474353,-8.37243447,5.517648041
17.51017,22.6296,5881.45,0.908,0.206355,4.400184149,11.43723391,-8.33503539,5.425128842
17.09403,19.06239,5352.38,0.8817,0.259667,3.395502702,14.15488457,-8.467940767,5.420403835
6.86045,8.98089,2820.58,0.72844,0.803405,0.906690897,30.86039701,-8.374763135,5.697687093
20.7123,22.46908,4977.9,0.85416,0.304717,2.803125523,17.77055922,-8.573949373,5.337928256
11.97504,17.35576,5599.11,0.86262,0.337139,2.558647917,10.18622576,-8.563957238,5.426172865
7.73474,10.54357,3614.32,0.77396,0.634733,1.219347348,20.53766716,-8.626899322,5.643242912
7.3704,10.39953,4660.15,0.80646,0.524373,1.537951039,11.09975039,-8.570193708,5.611039231
8.62326,12.55557,2755.47,0.7208,0.69408,1.038497003,16.09112442,-8.804087447,5.505835889
17.55901,20.01776,4266.6,0.89408,0.314622,2.841759318,10.88741991,-8.531810901,5.417279299
19.87988,28.34061,6143.82,0.9357,0.154403,6.060115412,8.084717074,-8.095420501,5.516961285
17.21861,21.3052,5752.25,0.90242,0.211823,4.260255024,10.28424747,-8.358504111,5.387398177
21.42752,22.48451,5112.06,0.86776,0.318548,2.724110652,12.75760538,-8.453753009,5.48524503
10.79361,15.13231,5634.21,0.86198,0.31859,2.70560909,9.815582842,-8.592111851,5.431351914
8.7836,12.9465,4332.75,0.82988,0.465015,1.784630603,17.45929629,-8.623775635,5.465468982
20.71015,23.29007,3534.83,0.85606,0.383756,2.230740366,14.74565874,-8.638936934,5.389411045
18.12638,20.22506,5593.51,0.89864,0.231942,3.87441688,17.35770774,-8.340734741,5.49193672
7.20659,10.0327,3254.43,0.73708,0.631308,1.16754421,13.85404045,-8.966884981,5.322501269
20.91599,24.23025,4207.37,0.89844,0.273373,3.286498667,13.37049477,-8.476327647,5.382384039
17.49748,20.50288,5828.33,0.90978,0.208701,4.359250794,9.083017941,-8.310023294,5.422603329
30.8544,31.87356,5995.61,0.91206,0.179935,5.068830411,10.51082161,-8.225867084,5.498225831
27.45412,29.96801,6795.76,0.95186,0.113051,8.419739763,6.324630011,-7.904339978,5.558552995
17.98019,20.57293,3872.74,0.84626,0.373748,2.264252919,13.01147601,-8.528233138,5.520490968
8.71414,11.53538,3817.14,0.7846,0.571524,1.372820739,17.29241018,-8.615969865,5.599209798
21.93655,22.94019,5507.95,0.88664,0.276415,3.207640685,8.297728134,-8.465195705,5.437090635
20.05087,21.44293,2922.88,0.83176,0.461457,1.802464802,25.0277579,-8.558031754,5.213230997
15.41595,16.76479,5764.14,0.87218,0.324086,2.69119925,12.99282858,-8.459864555,5.518786352
18.40507,20.44612,3381.03,0.87208,0.45103,1.93352992,10.09160436,-8.805721103,5.361102648
10.96021,13.89197,4176.32,0.80236,0.451601,1.776701114,13.32052681,-8.711916402,5.44980503
11.14423,16.39927,4756.4,0.8422,0.372913,2.258435614,11.80377145,-8.606498098,5.375776388
13.25069,15.95337,5558.53,0.85434,0.353105,2.419506946,12.12170584,-8.526252005,5.487686146
11.5551,20.95912,3079.46,0.82954,0.554853,1.495062656,13.24009625,-8.780795181,5.426883652
11.64519,18.10662,2887.97,0.81864,0.617945,1.324778095,13.35131582,-8.782304099,5.50062591
20.61713,23.94532,4989.21,0.87598,0.28089,3.118587347,12.6369151,-8.480223365,5.421274851
24.39979,28.89943,5833.34,0.92168,0.18139,5.081206241,13.13630645,-8.22006689,5.491275451
7.04684,11.03146,2259.7,0.6805,0.856528,0.794486578,19.92352546,-8.623863428,5.707762952
7.14603,11.42731,2994.76,0.75852,0.722044,1.050517697,36.430909,-8.464544639,5.683998342
14.0996,17.52227,6217.17,0.89156,0.238805,3.733422667,8.244583488,-8.459279147,5.398128754
19.97078,21.90562,4273.3,0.86546,0.320258,2.702383703,11.78405572,-8.541047636,5.424649678
12.71966,16.0253,5956.29,0.84786,0.342881,2.472752938,12.82048101,-8.488344968,5.523955662
18.25384,24.48157,5664.89,0.91742,0.193096,4.751108257,20.29737943,-8.171496402,5.450822886
11.62428,14.32035,5290.08,0.84874,0.382331,2.219908927,9.739428953,-8.596682028,5.440236116
17.45484,20.04017,4732.85,0.85958,0.325379,2.641780816,10.62098134,-8.566808112,5.402312164
27.65204,28.91864,5861.88,0.9409,0.155798,6.039230285,5.90853719,-8.115611469,5.483101452
17.41724,22.09965,5736.95,0.9062,0.204594,4.4292599,10.35221032,-8.363532976,5.437867761
9.86133,13.39032,3832.43,0.8043,0.505456,1.591236428,23.77963399,-8.54271511,5.566605471
16.20282,18.29637,5381.5,0.87978,0.272632,3.226987294,17.96056915,-8.42300127,5.435637222
19.62622,23.72834,4614.15,0.87476,0.291178,3.004210483,11.24179594,-8.530831584,5.369998088
12.21504,15.71837,3688.95,0.85764,0.461342,1.859011319,16.34624223,-8.731123298,5.418000447
17.45396,20.64269,5293.92,0.89486,0.252138,3.549088198,17.01967395,-8.441094512,5.450390071
12.62845,15.19592,4088.14,0.81096,0.447593,1.811824582,15.02479432,-8.663723797,5.464703541
8.22658,11.63097,3937.65,0.78374,0.54774,1.430861358,15.34737971,-8.627377045,5.553691333
11.1019,13.87379,5516.05,0.84238,0.386322,2.180512629,14.76187078,-8.479477542,5.576515481
19.33226,23.57708,6736.01,0.89972,0.213042,4.223204814,8.00051997,-8.3747795,5.369910458
8.51011,14.1241,4147.9,0.7722,0.49079,1.573381691,14.36157296,-8.603363418,5.489765641
9.59935,15.07039,3170.13,0.81382,0.621917,1.308566899,20.46151927,-8.805955776,5.424982744
17.86255,20.04728,2701.32,0.83654,0.582971,1.434959887,13.48765989,-8.752086032,5.419231204
27.12844,29.59597,4271.73,0.88712,0.278649,3.18364681,10.72945608,-8.462742663,5.446048254
14.47394,18.02269,6141.16,0.88748,0.259426,3.420936992,8.683146428,-8.509106576,5.378512977
18.62928,20.14992,5092.64,0.87312,0.302759,2.883877936,11.31619561,-8.621279416,5.349080475
21.26785,22.50578,4889.63,0.86086,0.308387,2.791492508,12.09098232,-8.532935808,5.475585802
17.35824,20.44591,4727.42,0.86126,0.354409,2.43013016,11.91977801,-8.600552582,5.411899753
8.06729,15.38736,3683.29,0.74862,0.524724,1.42669289,15.93213163,-8.730708805,5.465394169
25.58158,27.91385,4685.82,0.89872,0.236004,3.80807105,8.777078868,-8.360164463,5.503918582
24.49348,27.54071,6712.29,0.94354,0.126839,7.438879209,7.655417783,-8.002770672,5.546719864
10.22905,13.35329,5247.06,0.85786,0.357705,2.398233181,10.21570566,-8.591538689,5.412170391
6.96931,10.5921,2447.43,0.7035,0.81536,0.862809066,14.77163143,-8.964712096,5.464051813
23.34774,27.77825,4821.51,0.90936,0.251173,3.620452835,9.618094528,-8.413880839,5.431615466
20.6259,27.53418,4351.1,0.88062,0.285338,3.086234571,15.2462095,-8.450582699,5.483177996
15.93568,19.03505,5508.27,0.89762,0.251354,3.571138713,9.879562735,-8.420126612,5.456676306
9.28487,11.21288,2513.04,0.76374,0.816009,0.935945559,14.47416134,-8.911250989,5.471117685
17.23212,19.42182,5150.61,0.88362,0.274561,3.218301215,16.52355864,-8.414484575,5.425714818
10.29717,14.2829,3170.24,0.82654,0.594842,1.389511837,11.55498385,-8.756811058,5.50040537
18.9568,22.57498,6082.04,0.90664,0.204749,4.428055815,9.274432182,-8.321944764,5.480539327
20.51664,24.46809,5549.44,0.89312,0.215793,4.138781147,11.52129316,-8.361929888,5.415587447
14.26095,16.01584,5530.61,0.87812,0.293359,2.993328993,7.684540368,-8.538193419,5.444348404
24.92274,28.00678,5926.85,0.93044,0.169777,5.480365421,10.35450575,-8.179199302,5.516823
24.97086,29.63427,5371.51,0.91244,0.217557,4.194027312,7.884361461,-8.336568246,5.450866709
20.61506,22.45773,3304.82,0.811,0.414373,1.957173851,15.06026189,-8.75997165,5.359534919
6.34404,8.75671,2260.77,0.68788,0.893354,0.769997112,31.09799999,-8.637259436,5.724021189
19.49566,22.18171,6037.81,0.90162,0.220657,4.086070236,9.133656901,-8.349117646,5.497700472
10.126,14.17633,5477.96,0.8491,0.356443,2.382148057,16.4528597,-8.555844154,5.46659779
7.9362,10.76257,2670.54,0.77024,0.807327,0.954061985,14.84348872,-8.834474764,5.520174624
16.18703,19.45768,5807.28,0.88564,0.243644,3.63497562,11.61355933,-8.4638681,5.354133647
10.60895,14.5869,5298.07,0.83902,0.350555,2.393404744,12.25318688,-8.697578978,5.324506006
21.9008,24.78091,5566.85,0.8956,0.2187,4.095107453,11.93387665,-8.390193113,5.423606795
19.77673,23.5906,4349.03,0.88996,0.279323,3.186132184,14.45162589,-8.539003575,5.396215333
19.97672,23.3121,5942.67,0.92368,0.186848,4.943483473,7.393680856,-8.224968389,5.489019384
17.44625,21.1683,5044.23,0.90218,0.255961,3.524677588,14.14519996,-8.333646415,5.504567466
19.20527,20.71323,4416.36,0.82786,0.349898,2.366003807,20.12872508,-8.652876951,5.295180229
7.45262,11.96997,3174.94,0.76356,0.687068,1.111331047,11.85054194,-8.766401025,5.540712708
16.62424,20.12783,5473.73,0.88862,0.252132,3.524423715,10.0585152,-8.464602453,5.389368966
20.23261,21.42473,5589.59,0.88246,0.275916,3.198292234,9.436007713,-8.494913755,5.470874125
16.08393,19.51378,5580.86,0.87942,0.256413,3.429701302,12.35351661,-8.498543422,5.326590277
21.39821,24.48522,4129.47,0.90312,0.273844,3.297936051,11.80014658,-8.447391386,5.439147009
18.42859,21.99364,5949.27,0.91696,0.192791,4.756238621,9.043590768,-8.323352132,5.518683136
31.09958,34.37978,6726.66,0.95,0.11633,8.166423107,6.418191999,-7.943084725,5.612381217
16.85221,20.39066,5971.53,0.90504,0.215162,4.20631896,10.25931562,-8.33098122,5.480022716
12.03711,14.94581,5469.94,0.85206,0.370151,2.30192543,9.473583469,-8.563940622,5.420284092
8.84334,12.17258,4918.16,0.81768,0.409243,1.99803051,19.69140377,-8.645864948,5.363765586
8.70697,12.27989,3450.61,0.74732,0.552195,1.35336249,15.80665398,-8.743834993,5.407681036
16.09675,18.59374,5338.33,0.86936,0.336151,2.586218693,9.315763859,-8.515158881,5.517399005
11.79914,16.24684,5326.33,0.86112,0.347675,2.476795858,14.55539288,-8.557909364,5.437637741
8.8128,12.5954,5087.25,0.8129,0.406939,1.997596691,18.50081244,-8.684597274,5.390370971
17.09305,19.88673,5212.76,0.90234,0.250585,3.600933815,10.8546053,-8.304930084,5.514146171
16.04815,19.57613,5789.13,0.8961,0.247004,3.627876472,10.23925734,-8.445765602,5.418819278
19.54856,23.62625,6865.99,0.90926,0.18236,4.986071507,8.292347379,-8.310307005,5.463801726
22.99235,25.60837,6219.01,0.9185,0.179732,5.110386576,8.403277432,-8.27908066,5.417717292
8.96044,12.77529,3476.67,0.81262,0.597896,1.359132692,16.49633683,-8.802937105,5.40279948
10.76357,13.7852,3888.59,0.82266,0.478591,1.718920749,18.32729252,-8.542397491,5.556132053
21.67963,23.17665,5023.32,0.87166,0.289172,3.014330571,10.48057605,-8.500836724,5.444191946
16.92886,19.23011,5264,0.8838,0.265161,3.333069343,12.54199556,-8.406833786,5.442594283
12.2801,20.70202,5845.05,0.8913,0.262861,3.390765462,12.5705169,-8.474271449,5.402451412
20.42566,26.67433,6707.43,0.93592,0.142849,6.551813453,7.636962116,-8.057942979,5.539442915
25.93199,30.20686,5857.1,0.92284,0.185814,4.966471848,8.101977426,-8.285856185,5.43495466
26.41648,28.4355,4378.07,0.90444,0.257323,3.514804351,8.485042806,-8.398188534,5.46227969
16.79488,20.10221,5896.91,0.90704,0.213336,4.251696854,9.624676449,-8.331899248,5.437136288
16.14437,20.61217,6032.76,0.91346,0.20021,4.562509365,8.511910102,-8.338889396,5.46295067
14.52802,20.5416,6275.64,0.91048,0.209106,4.354155309,11.2284757,-8.340444034,5.412798072
10.27513,16.38982,4188.25,0.81748,0.445249,1.836006369,14.57358741,-8.644817385,5.462362445
20.25991,26.14368,5111.43,0.92336,0.212199,4.351387141,8.079892098,-8.314646517,5.467577498
11.20251,15.89263,5231.92,0.85074,0.346236,2.457110179,11.42305837,-8.644159661,5.329261246
17.59465,20.9775,5307.57,0.89962,0.237697,3.784734347,12.56574865,-8.354529023,5.477664081
20.11797,21.00101,4564.17,0.84596,0.351087,2.409545212,16.64776113,-8.611325204,5.365056902
21.41741,27.16284,6660.71,0.93066,0.153905,6.046977031,8.01353595,-8.164738505,5.516544649
11.51296,14.2625,5265.17,0.8424,0.377374,2.232268254,10.40563569,-8.612377772,5.458591836
18.45586,21.22654,4512.63,0.84928,0.350526,2.422873054,12.0371086,-8.581862951,5.412426724
7.62298,11.33433,2827.56,0.73472,0.701944,1.046693184,15.31960814,-8.749333454,5.562467425
8.1167,16.32725,4269.87,0.7996,0.45265,1.766486248,15.27079967,-8.583813914,5.574546002
17.33791,20.12894,4955.19,0.89924,0.260782,3.448244127,15.84271189,-8.386375855,5.424654275
4.60402,8.13943,1755.85,0.63042,0.920909,0.684562753,18.67413473,-8.935030185,5.408321772
19.60777,21.52727,3114.42,0.83848,0.414925,2.02079894,19.08191299,-8.703831916,5.340110397
13.33408,21.77085,4517.69,0.8629,0.329435,2.619333101,12.03207361,-8.549290858,5.484976586
8.26814,11.65453,4258.54,0.80048,0.50597,1.582070083,12.48858741,-8.660460047,5.514784396
14.23302,18.95216,4733.33,0.8659,0.333969,2.592755615,11.40012475,-8.47735957,5.509858692
17.52124,23.94771,6218.94,0.91786,0.176507,5.200133706,10.21218152,-8.247494533,5.525949045
14.26778,20.96083,4701.41,0.86044,0.31398,2.740429327,11.99279953,-8.544168191,5.377483318
21.71183,26.60305,6685.26,0.92512,0.161873,5.715097638,8.730264851,-8.215112359,5.487159303
19.12065,24.53357,6289.46,0.92084,0.173445,5.309118164,10.84413757,-8.198604482,5.494792011
15.55541,22.14898,5091.8,0.90148,0.275873,3.267735516,5.542690463,-8.527079528,5.371756448
21.17793,27.57796,6786.01,0.94124,0.130594,7.20737553,7.622704413,-8.009190072,5.534459831
8.04915,11.21902,4795.79,0.79458,0.472776,1.680669069,13.41540441,-8.591734901,5.515751698
30.01178,33.32975,7105.98,0.94416,0.121167,7.792220654,6.085794317,-7.989500291,5.579732037
25.08576,26.62096,5808.78,0.89902,0.217428,4.134794047,10.54461112,-8.371235865,5.407093391
18.61709,24.63862,5936.91,0.92496,0.177184,5.220335922,8.400587342,-8.256218403,5.453784558
15.96868,18.27186,5516.01,0.8766,0.257391,3.405713486,12.5080857,-8.504978026,5.398404812
10.16401,11.32422,4426.92,0.81878,0.499441,1.639392841,13.76859038,-8.668784401,5.527788308
23.91174,26.93124,5810.25,0.93056,0.153067,6.07942927,9.955916049,-8.129859249,5.530591826
19.47424,25.15462,4633.4,0.92584,0.224254,4.128532824,7.812469304,-8.298972159,5.480886101
16.87139,19.63737,5638.5,0.88002,0.255218,3.448111027,11.2609909,-8.508500395,5.389362842
18.20157,20.43005,5712.28,0.88244,0.263703,3.346340391,8.949369529,-8.502713317,5.44683693
20.14244,21.47194,3078.24,0.8129,0.408485,1.990036354,21.20616517,-8.767348211,5.116497183
12.99833,18.05584,4036.46,0.82652,0.401832,2.056879492,12.88804492,-8.615926639,5.462071457
16.67501,20.1216,5714.73,0.91038,0.22465,4.052437124,9.317784912,-8.376799414,5.482472475
26.60173,29.15437,7045.57,0.9465,0.113849,8.31364351,7.102603257,-7.946733171,5.577830741
21.82183,26.45678,5084.41,0.92798,0.19998,4.640364036,7.655449971,-8.294772884,5.543131947
20.88353,23.57637,4422.91,0.88808,0.316634,2.80475249,11.5547847,-8.41300689,5.499301021
15.56421,20.39982,3959.77,0.84782,0.355601,2.384189021,11.71213506,-8.632092733,5.379483583
27.47194,30.81852,7386.28,0.95214,0.101401,9.389848226,5.787520535,-7.863591337,5.605243457
17.20288,20.54001,5331.47,0.89526,0.249539,3.587655637,15.60141435,-8.476601083,5.402601257
30.50684,33.59403,7342.07,0.94542,0.118607,7.971030378,5.958068778,-7.969260904,5.558529797
9.17234,11.10794,4764.55,0.82604,0.471852,1.750633673,10.3365792,-8.640504743,5.514327417
19.28218,24.76115,6380.82,0.92346,0.16734,5.5184654,9.250738686,-8.20203113,5.472995667
17.4217,20.82765,5441.11,0.90158,0.236138,3.818021665,10.48047099,-8.387919348,5.385796834
7.28838,11.26201,2938.33,0.73762,0.77181,0.955701533,21.41126201,-8.332983351,5.914986081
15.37754,17.8671,5548.64,0.86986,0.268978,3.233944784,11.9801488,-8.505356026,5.393992662
15.93613,19.57737,5341.87,0.88764,0.267175,3.322316834,9.142491238,-8.468869586,5.466553253
23.76241,26.96404,5624.99,0.93236,0.157203,5.930930071,24.81641722,-8.350034565,5.554352154
20.37345,22.13933,4821.36,0.8488,0.30013,2.82810782,15.01998424,-8.543010907,5.325945147
10.98451,14.4927,4971.36,0.86622,0.373806,2.317298278,8.844653573,-8.582231157,5.460284538
13.0091,15.02809,3362.83,0.78866,0.545683,1.445271339,21.5165802,-8.594778059,5.584780389
11.16287,15.23283,5159.77,0.84938,0.363745,2.33509739,14.3098975,-8.60326063,5.43710209
7.71686,10.93969,3632.02,0.78256,0.619249,1.263724285,40.50970403,-8.357319313,5.640206788
19.61335,24.32052,5203.52,0.87928,0.243191,3.615594327,22.40384485,-8.466353462,5.312185803
19.97947,25.73187,5607.2,0.92996,0.179294,5.18678818,11.56753457,-8.207943489,5.525424831
7.01298,9.62498,2138.37,0.67364,0.811217,0.830406661,19.23689981,-9.053033481,5.299292824
6.92375,11.21048,2878.93,0.70278,0.651259,1.079109847,16.6419667,-8.820902924,5.403316095
20.59691,23.5246,5157.27,0.89838,0.22917,3.920146616,34.55254398,-8.383781158,5.439818488
20.89156,23.64817,5714.34,0.91632,0.20104,4.557898926,11.96260204,-8.315239918,5.497782751
31.89357,33.11669,5538.63,0.91232,0.182632,4.995400587,11.64985292,-8.259083019,5.462185782
20.33077,22.76479,4872.45,0.86322,0.329423,2.620399911,20.63020076,-8.576300492,5.382800786
6.09937,8.87089,2081.41,0.708,1.07625,0.657839721,15.37416344,-8.881675482,5.598094564
12.09647,15.17935,4996.12,0.85088,0.390564,2.178593009,9.009970994,-8.593790667,5.437223957
29.55337,36.33889,6336.54,0.9483,0.110051,8.616913976,6.859500565,-7.869646282,5.672820509
8.82791,15.80407,3950.59,0.81482,0.494485,1.647815404,25.26409075,-8.747238289,5.410955478
23.8242,25.35287,5505.21,0.89286,0.235298,3.794592389,11.17451452,-8.416029383,5.442884256
19.73356,25.48727,5853.64,0.9282,0.171503,5.412150225,10.47226452,-8.169745411,5.469074556
11.84206,17.76298,4239.52,0.81062,0.436535,1.856941597,13.30364145,-8.647531469,5.463299735
22.22522,23.05736,5023.75,0.87234,0.278741,3.129571896,10.58430927,-8.506286625,5.415288249
8.45313,10.98979,3740.05,0.77026,0.569666,1.352125632,18.62865042,-8.698409059,5.488573265
11.12767,14.13264,4457.3,0.7916,0.429362,1.843665718,14.59484489,-8.7770227,5.331426653
20.4184,21.42966,4632.63,0.86162,0.297577,2.895452269,12.66486978,-8.473512358,5.446692896
26.65324,30.77288,5521.92,0.91514,0.202074,4.528736997,8.434385533,-8.253118602,5.499626816
18.4598,22.95896,4960.9,0.88498,0.249943,3.540727286,10.08168048,-8.446036437,5.365345991
10.89923,12.55236,4635.64,0.79122,0.444004,1.782010973,15.94080361,-8.702297437,5.402848671
16.50823,18.79516,3061.64,0.85878,0.517307,1.660097389,10.40199978,-8.842832855,5.27838799
25.83949,29.8315,6907.32,0.9542,0.106983,8.919174074,4.719005264,-7.866120004,5.628360097
23.6878,25.24702,5824.59,0.9228,0.184036,5.014236345,11.39151119,-8.217306752,5.538827828
20.48874,24.82877,4854.62,0.89388,0.242008,3.693596906,16.18388811,-8.359625545,5.453822606
25.37006,29.91202,6535.66,0.95254,0.116374,8.185161634,6.535169658,-7.894898508,5.637946386
19.4709,20.7568,4570.41,0.85862,0.307892,2.78870513,13.68932237,-8.588716719,5.385736306
14.87773,22.02325,6457.89,0.9181,0.185616,4.946233083,11.14261332,-8.28825767,5.407033569
20.80588,24.99894,5225.01,0.90702,0.214668,4.225222204,14.08056491,-8.317142509,5.440041161
13.16842,17.82456,5200.76,0.85792,0.347545,2.468514869,9.516294618,-8.558697261,5.480638734
8.90472,15.61753,4169.82,0.80808,0.491071,1.645546163,25.49432698,-8.663546849,5.437131424
20.77047,24.17152,5967.38,0.93098,0.175631,5.300772643,7.541930677,-8.227634699,5.452016752
19.0847,21.33155,3203.24,0.85182,0.442272,1.926009334,12.0954217,-8.743367657,5.356671484
18.27392,21.09779,5207.13,0.9026,0.235408,3.83419425,17.18351993,-8.349870239,5.491955363
20.73699,23.85772,4912.85,0.91732,0.228463,4.015179701,8.768467325,-8.320776729,5.452570743
14.7941,20.54552,6270.11,0.9053,0.212943,4.251372433,12.07693602,-8.347092746,5.442938975
13.77672,16.82038,5829.04,0.85658,0.313065,2.736109115,9.633911386,-8.59211861,5.419014571
6.71578,10.53015,1330.13,0.6384,1.09016,0.585602113,29.85304944,-8.583056841,5.488939763
10.33318,13.25462,5660.91,0.84304,0.371892,2.26689469,10.67728678,-8.58840886,5.552858125
12.34043,19.8323,5138.97,0.87276,0.316763,2.755246036,21.55288238,-8.483116488,5.433260065
10.36828,14.83606,2989.8,0.80288,0.631189,1.272012028,12.38379391,-8.875478846,5.374332299
19.04645,20.79384,4578.96,0.84864,0.307659,2.758378594,12.46807188,-8.618816894,5.303453925
9.70653,16.0781,4119.81,0.8077,0.44928,1.797765313,14.06789083,-8.785440671,5.384707986
31.11696,33.71361,5042.78,0.91408,0.193057,4.734767452,11.10348474,-8.238480414,5.511348775
9.31748,11.7468,4208.37,0.8079,0.517564,1.560966373,10.89941783,-8.682355507,5.461010133
20.07677,21.24863,4930.83,0.84032,0.325332,2.582961406,19.59848702,-8.483674687,5.400302379
10.74848,14.81727,5112.5,0.83386,0.393745,2.117766575,11.25215256,-8.603095713,5.425219647
20.27748,24.23106,6124.17,0.9266,0.177953,5.206992858,8.310070035,-8.224984074,5.381635752
24.90389,27.74886,5678.52,0.89942,0.217645,4.132509362,9.710331969,-8.367167921,5.47568249
18.92324,20.5027,3614.44,0.83032,0.437366,1.898455756,23.11737335,-8.528717773,5.539763535
5.64774,7.48692,1757.71,0.62616,0.896981,0.698074987,19.50039183,-8.815668496,5.493913194
4.18016,7.59478,1066.02,0.55046,1.12641,0.488685292,24.59261911,-8.943339005,5.193338695
12.46177,19.6413,4294.13,0.86912,0.398792,2.179381733,7.399315169,-8.700559466,5.337300979
11.18938,14.61923,4966.56,0.84586,0.401328,2.107652593,9.848034926,-8.542069825,5.542033114
17.39449,20.17213,5143.48,0.8962,0.250588,3.576388335,17.09630019,-8.441676595,5.426376353
12.75201,19.40639,5966.28,0.893,0.263111,3.394004812,12.80173073,-8.508510341,5.413666727
18.12398,21.25654,5532.41,0.90656,0.225995,4.011416182,9.567580859,-8.338700062,5.46150026
18.35142,20.0972,3139.75,0.83054,0.46805,1.77446854,21.34404175,-8.64678387,5.488821682
13.79739,16.86928,6039.4,0.8762,0.289354,3.028124719,8.831043609,-8.508334904,5.413255807
29.01843,34.14523,6774.37,0.93272,0.142971,6.523840499,8.402180887,-8.159602657,5.586754274
20.11574,23.93186,5488.45,0.8913,0.219673,4.0573944,13.05269229,-8.395715869,5.404310625
7.73965,11.89444,5145.26,0.82258,0.445997,1.844362182,11.89126096,-8.600806965,5.566400951
6.11719,9.57919,2261.35,0.68696,0.813688,0.8442548,17.07482121,-9.037776914,5.327323443
18.71949,25.58452,5986.74,0.92556,0.177354,5.218715112,8.887439587,-8.219414235,5.499775828
16.62623,19.9341,5522.17,0.89372,0.237942,3.756041388,10.69245819,-8.422129936,5.453709313
20.5596,24.15256,6059.22,0.92922,0.168665,5.509263926,8.182990985,-8.14133672,5.527284482
7.19557,9.93028,3546.51,0.76006,0.6697,1.134926086,12.34991131,-8.606084997,5.673949593
15.06432,16.24985,4434.26,0.8366,0.380681,2.197640544,12.33980201,-8.652206345,5.358032555
11.17877,14.4303,3626.72,0.80558,0.514829,1.564752568,19.39731026,-8.504760052,5.625553954
17.13968,20.62656,5811.06,0.906,0.217476,4.165976935,9.019087043,-8.34988507,5.451713376
28.50555,31.69252,5154.63,0.90436,0.213178,4.242276408,12.10191924,-8.349722291,5.471202553
7.32594,9.98914,3819.35,0.75958,0.570838,1.330640217,14.07650388,-8.766825616,5.4619371
8.76536,12.11424,2486.97,0.76622,0.838981,0.913274556,13.02590408,-8.975436476,5.446350641
21.4654,23.86692,3964.01,0.87132,0.353252,2.466567776,12.45296073,-8.553828929,5.478701997
15.16328,20.60925,4712.31,0.87732,0.298,2.944026846,12.33200309,-8.473862646,5.413922916
20.67058,23.33222,6365.06,0.91694,0.178448,5.138415673,8.692980191,-8.277292751,5.499376648
8.96308,15.88859,4432.85,0.82568,0.443959,1.859811379,17.36902986,-8.708003632,5.386653249
16.3805,19.96396,5302.15,0.89144,0.253329,3.518902297,12.37445776,-8.417444376,5.430024841
10.27695,15.10836,3938.58,0.82492,0.511358,1.61319467,8.739219727,-8.807818093,5.32919217
11.78526,14.19441,4174.36,0.85066,0.416474,2.042528465,13.43121074,-8.667224594,5.385283526
20.4903,23.5243,6472.42,0.91108,0.186825,4.876649271,9.325559713,-8.306374437,5.439361249
19.44859,22.07278,3194.78,0.85572,0.437262,1.956996034,11.2478705,-8.815059737,5.34010103
20.04354,26.99004,6700.45,0.91886,0.169652,5.416145993,9.103379097,-8.217322331,5.399941299
8.2883,11.04614,4398.43,0.7948,0.514589,1.544533599,14.10902777,-8.636798456,5.574566101
10.45199,14.77118,3105.55,0.80742,0.664711,1.214693303,11.51122641,-8.80957029,5.51159543
4.76695,8.95998,1256.36,0.62578,1.2001,0.52143988,18.94655909,-8.409101034,5.845681135
11.77284,14.36093,5292.91,0.86318,0.318825,2.707378656,10.92449739,-8.582753858,5.380523666
15.36812,20.44846,6014.9,0.89348,0.244039,3.661218084,8.607824712,-8.43593755,5.427421596
8.5844,11.82717,4204.43,0.79442,0.526773,1.508087924,16.20957199,-8.600016379,5.558583052
21.30924,24.17639,5879.35,0.90894,0.201532,4.510152234,9.403710971,-8.361074695,5.45681633
16.5865,21.59321,3706.5,0.83142,0.496892,1.673240865,34.13884625,-8.504636365,5.487654699
26.1844,29.53452,4857.39,0.87942,0.316225,2.780994545,8.375389537,-8.545940096,5.509509366
6.40366,10.56635,3110.9,0.72012,0.719624,1.000689249,18.97130921,-8.760326893,5.51603495
19.06215,21.40567,3519.58,0.80502,0.567464,1.418627437,11.7982226,-8.723070059,5.488877555
10.16501,18.19793,5426.31,0.85904,0.338496,2.537814332,14.36880268,-8.522135691,5.466251003
11.1959,19.36366,5103.38,0.86268,0.32625,2.644229885,12.9321973,-8.505900898,5.47598754
33.2727,36.41606,7280.35,0.95314,0.099024,9.625343351,5.681780865,-7.831005362,5.602016
23.3839,28.7604,6800.13,0.94982,0.116465,8.155411497,6.740646585,-7.956283861,5.594645022
8.94389,13.11282,4470.28,0.82408,0.442549,1.862121483,27.60429736,-8.539146085,5.370765177
16.86337,22.24239,5578.49,0.91206,0.213387,4.27420602,8.985430666,-8.314315644,5.443297521
9.22187,13.52432,3636.1,0.7911,0.556067,1.42267029,22.9108011,-8.544727617,5.669342961
8.05896,10.76511,4148.72,0.79336,0.541838,1.464201477,12.14428128,-8.609373324,5.612263405
12.5219,15.64711,4467.96,0.83914,0.372592,2.252168592,11.84655729,-8.648569023,5.371097012
24.79923,28.4702,6584.2,0.93374,0.150138,6.219211659,6.853026513,-8.122763252,5.494586678
18.02677,21.60324,5713.61,0.9162,0.208555,4.393085757,7.623000915,-8.284030066,5.396955974
17.19999,21.22135,5455.17,0.89548,0.249173,3.593808318,10.14445533,-8.430886519,5.427800363
31.82826,33.00797,5105.61,0.91118,0.208314,4.374069914,9.446418959,-8.279016589,5.480151856
20.54813,26.75375,6017.68,0.9327,0.1608,5.800373134,8.646322369,-8.080712912,5.557510758
8.78188,16.78847,3927.49,0.80842,0.504021,1.603941106,41.86912502,-8.15174188,5.62759035
23.18906,25.51349,6432.24,0.93592,0.148777,6.290757308,7.544239133,-8.086849061,5.501593428
15.09269,17.69212,6083.39,0.86742,0.298733,2.903663137,9.530353237,-8.480680694,5.43752616
10.77023,14.87717,3935.1,0.82888,0.503499,1.646239615,8.918049241,-8.692111012,5.441049794
29.56243,34.05615,6491.98,0.9339,0.147177,6.34542082,9.604933865,-8.093655967,5.590693692
11.05406,14.34607,5137.86,0.8474,0.350891,2.41499497,17.23352233,-8.630250687,5.362854493
11.26667,14.18891,2701.63,0.78602,0.688947,1.140900534,14.56487436,-8.975757501,5.31655344
22.78873,24.7238,4272.93,0.89024,0.333805,2.666946271,8.10406146,-8.547763646,5.453051617
11.01327,17.17384,4188.61,0.82104,0.415412,1.976447479,14.29195557,-8.657140428,5.383658116
20.3586,24.04343,4986.13,0.87902,0.292752,3.002609717,9.967004352,-8.529440296,5.41261708
13.86624,18.63404,3422.2,0.82624,0.478351,1.727267216,13.74743104,-8.662163991,5.528339783
11.10563,15.1411,3739.25,0.80882,0.46525,1.738463192,16.51266228,-8.711218343,5.404700295
8.92553,12.51792,3377.53,0.80584,0.608431,1.324455854,19.84213046,-8.808186182,5.41469737
10.54429,13.38695,5175.91,0.834,0.362596,2.30008053,16.51561712,-8.634527198,5.379160905
10.89202,14.13126,5683.59,0.85702,0.364799,2.349293721,9.560505656,-8.524034243,5.491534839
11.07547,15.57526,5817.86,0.87124,0.297631,2.927248842,9.32673631,-8.53561983,5.413592153
10.63859,16.12447,4449.02,0.83276,0.400751,2.077998558,13.90526331,-8.658548795,5.38375011
16.73046,20.16603,5942.09,0.89872,0.227172,3.956121353,9.614648955,-8.402442,5.445844674
11.53246,15.67282,5127.36,0.85994,0.359271,2.3935692,15.11084737,-8.547666025,5.465973324
9.64064,14.5743,4764.78,0.81582,0.394239,2.069353869,12.85678757,-8.63541363,5.382572622
22.11137,23.76905,6505.31,0.90182,0.214266,4.20888055,7.709360996,-8.423000018,5.473437371
19.70344,20.69166,4291.17,0.83688,0.325757,2.569031517,13.19928097,-8.60437144,5.379652722
9.25424,14.46377,5028.54,0.83012,0.383217,2.166187826,10.88433661,-8.681591485,5.389209137
14.6887,17.36878,5548.5,0.87192,0.284082,3.069254652,15.8459266,-8.559391844,5.314875823
19.06597,23.90483,6013.97,0.92418,0.18171,5.08601618,9.03542891,-8.233390466,5.487730077
16.53238,19.19297,5313.69,0.88258,0.258293,3.416972198,11.30813936,-8.492374034,5.450348623
12.54454,15.84164,5376.85,0.8577,0.366629,2.339422141,10.38496016,-8.506446644,5.553204117
20.99161,23.84146,6158.8,0.92192,0.17897,5.1512544,8.478300961,-8.277228161,5.526889837
16.73827,20.13518,4118.62,0.88992,0.326355,2.726846532,13.01261963,-8.525052312,5.458987843
14.36227,18.10371,3738.17,0.87134,0.412151,2.114128074,18.44082137,-8.701309083,5.386606882
11.97743,14.61113,5041.39,0.8353,0.381093,2.191853432,12.08738623,-8.685400928,5.435238796
12.80502,16.95411,5851.52,0.86246,0.327065,2.636968187,11.22506874,-8.51870136,5.461394123
10.62707,16.0728,5279.82,0.85022,0.366857,2.317578784,13.23298068,-8.600496895,5.371922825
11.84554,14.7072,3586.09,0.80572,0.472285,1.70600379,12.78754104,-8.741683471,5.401963285
11.04371,13.68137,5098.26,0.80782,0.427872,1.88799454,12.82506793,-8.695540568,5.407175854
17.5167,23.51143,5699.75,0.92164,0.19207,4.798458895,13.55781889,-8.28903203,5.483946764
25.24992,27.4649,5058.89,0.89364,0.245947,3.633465747,11.15718523,-8.408340328,5.450120684
27.67103,31.87501,5530.73,0.91944,0.19315,4.760238157,10.00978575,-8.302775502,5.482616261
15.5503,19.11992,4277.25,0.86532,0.361592,2.393083918,12.14866662,-8.56218838,5.366278564
22.4117,25.46733,6150.26,0.93698,0.1569,5.971829191,7.310688056,-8.126362238,5.469937787
16.95526,20.74545,5465.34,0.90304,0.235467,3.835102159,9.400665214,-8.420546433,5.424917398
11.56884,15.07776,4782.99,0.82988,0.417969,1.985506102,11.23848872,-8.54840071,5.514224649
10.31385,12.96127,2725.19,0.76902,0.642479,1.19695741,14.94400697,-8.962630868,5.305865987
19.30967,20.84028,4691.65,0.88566,0.308284,2.87287047,14.23045593,-8.470954749,5.499821311
15.72,18.71053,5939.2,0.86718,0.307075,2.824000651,11.05678795,-8.517990693,5.446791817
13.30814,18.3911,5383.9,0.89128,0.291459,3.057994435,8.012278824,-8.492532045,5.411173214
21.7488,24.34472,6405.94,0.92634,0.166333,5.569189517,8.439883949,-8.203021059,5.399549335
14.88775,17.31506,5264.91,0.8706,0.333352,2.611653747,9.472750823,-8.497543882,5.495885665
16.91424,19.25851,5600.81,0.8886,0.24085,3.689433257,12.51033155,-8.390559403,5.375098559
11.14905,14.17996,5078.16,0.8325,0.407583,2.042528761,20.97089802,-8.378009747,5.519238086
5.83076,9.35338,2352.77,0.69466,0.862641,0.805271254,39.34326494,-8.378337075,5.717648122
8.38381,11.04706,4514.51,0.81322,0.499721,1.62734806,11.01105122,-8.605629832,5.532530257
24.65837,27.1806,4925.53,0.90814,0.244866,3.708722322,12.05802267,-8.346096462,5.474505594
10.25917,15.95468,3767.67,0.80522,0.515983,1.56055529,14.46428219,-8.631580685,5.524996193
9.68307,13.39344,5247.94,0.83202,0.399693,2.081647665,11.63012368,-8.639424649,5.495127116
18.11718,21.45871,5946.74,0.89174,0.250336,3.56217244,7.373350577,-8.393071114,5.439904402
16.76438,20.93479,5637.45,0.90694,0.213351,4.25092922,9.46988759,-8.383679743,5.383436106
6.38304,9.72569,2175.19,0.68988,0.924724,0.746038818,37.12062402,-8.508502478,5.726810034
15.55386,20.72575,4764.46,0.85054,0.35208,2.415757782,11.00496778,-8.550705423,5.406830026
27.3679,30.13045,6807.82,0.95132,0.111915,8.500379752,6.358434106,-7.88870574,5.615421566
25.92741,29.18289,6018.84,0.9341,0.161455,5.785512991,5.371996538,-8.183511707,5.50519948
16.38831,20.21324,5792.21,0.89344,0.236746,3.77383356,10.66939444,-8.426103768,5.457124525
20.33516,25.27402,4685.01,0.92748,0.218505,4.244662594,7.612640873,-8.32342379,5.427782903
17.64501,20.51841,5255.85,0.90786,0.235648,3.852610674,17.22074253,-8.291304148,5.456482439
16.28883,20.32512,5252.04,0.88928,0.260944,3.407934269,12.10360278,-8.403395375,5.464194145
11.82316,16.19276,3843.4,0.81014,0.48379,1.674569545,14.04231704,-8.688663485,5.464380758
17.01606,20.45246,5418.4,0.89996,0.24263,3.709186828,10.78432833,-8.400415432,5.478328993
16.79021,20.22359,5518.83,0.90266,0.234567,3.84819689,9.812127388,-8.407064667,5.44273678
11.49316,15.75483,4963.78,0.85928,0.350453,2.451912239,10.08723226,-8.554387917,5.455865414
8.1071,10.88288,3316.09,0.75128,0.588744,1.276072453,15.46054247,-8.752793615,5.467839333
19.34376,25.03638,6000.16,0.92626,0.175721,5.271196954,8.487626881,-8.221277924,5.530993557
15.84065,19.10552,5936.16,0.8969,0.220826,4.061568837,12.21152227,-8.352902464,5.29723416
19.33419,20.48935,2474.68,0.8245,0.518996,1.588644228,28.28178961,-8.61025891,5.269338838
17.63551,20.64173,4107.15,0.85174,0.351113,2.425828722,14.19563723,-8.625342692,5.369482145
18.78353,20.90916,4618.55,0.90308,0.277217,3.257664573,9.576907228,-8.491260122,5.422906668
21.16985,22.36524,5203.22,0.86866,0.273201,3.179563764,12.1029595,-8.506681262,5.415566258
11.15457,16.01991,4909.58,0.8594,0.35041,2.452555578,10.85968326,-8.609888676,5.385701621
8.31981,12.25376,3507.39,0.77862,0.622986,1.249819418,15.36556982,-8.666400759,5.671467939
17.84585,19.62854,4847.7,0.86376,0.314421,2.747144752,10.68485684,-8.545606441,5.438670319
18.19119,22.42794,4500.62,0.9145,0.255255,3.582691818,9.168474468,-8.387961372,5.479286967
16.44082,19.85851,5955.12,0.89506,0.23502,3.808441835,9.673350053,-8.405829505,5.371802879
21.75248,22.52642,4682.83,0.85682,0.305386,2.805695088,11.31194395,-8.579877897,5.381637479
17.45527,20.80222,5162.72,0.90358,0.245022,3.687750488,9.982619122,-8.352506087,5.476648787
12.31921,16.12656,5336.61,0.88812,0.299972,2.96067633,8.169258415,-8.512921714,5.436379084
17.61194,20.99735,6103,0.9058,0.207752,4.360006161,8.252371114,-8.347662242,5.423881984
15.73234,19.02663,6347.27,0.89814,0.237357,3.783920424,8.307140658,-8.44815753,5.396865876
10.29717,14.73053,4613.97,0.80882,0.437676,1.847988009,12.90333637,-8.683717868,5.424720453
19.59995,21.26295,2837.33,0.84036,0.538066,1.561815837,12.44584501,-8.741182556,5.483675426
18.62111,21.61718,4742.87,0.8558,0.298198,2.869905231,14.89109741,-8.55516854,5.391828256
17.04338,20.1798,4171.88,0.8849,0.329101,2.688840204,10.00720123,-8.584312435,5.450707029
9.91482,16.26449,3652.18,0.80184,0.500061,1.603484375,23.27556325,-8.621532528,5.506526031
17.98444,21.33983,5020.44,0.88298,0.268649,3.28674218,10.81203943,-8.512666242,5.426385865
19.50205,20.61703,3500.47,0.84392,0.412455,2.046089876,18.4437641,-8.648486648,5.467508621
16.09202,22.68939,5944.16,0.91986,0.197434,4.659075944,8.901861666,-8.31099435,5.497956661
7.3369,11.81286,3189.13,0.76016,0.692816,1.097203298,12.97943328,-8.842639304,5.543019152
12.27745,13.53398,3463.83,0.77654,0.547344,1.418742144,20.70410903,-8.511947425,5.603655228
6.49868,11.13066,2545.44,0.68882,0.673941,1.0220776,18.1786743,-9.052991585,5.195867352
27.85461,31.94456,5815.68,0.92828,0.172694,5.375288082,9.621223669,-8.181508071,5.527799737
17.6428,24.66179,6342.95,0.9304,0.164793,5.64587088,8.27128671,-8.122364833,5.548538135
6.503,9.78296,3008.15,0.7197,0.742758,0.968956241,16.95010565,-8.680454369,5.666642689
9.03513,14.44105,4431.06,0.82658,0.463481,1.783417227,18.83177265,-8.628925448,5.457490385
13.82912,16.65844,4621.74,0.83496,0.415229,2.01084221,16.33062873,-8.465515,5.623272192
21.5107,26.82135,5951.21,0.92584,0.174266,5.312797677,10.89297758,-8.21348647,5.531908753
17.4532,19.5692,3741.66,0.82998,0.436718,1.90049414,14.35453168,-8.650710888,5.366630143
11.99493,16.81484,5933.82,0.87492,0.292358,2.992632321,16.27557667,-8.472344134,5.435948931
14.72279,17.24905,4339.66,0.88566,0.35647,2.484528852,7.190128534,-8.662650259,5.366871482
31.37653,32.92112,5985.05,0.91516,0.182121,5.025010844,9.265871804,-8.201354377,5.43039525
20.04564,22.01303,5498.13,0.87024,0.296729,2.932777046,12.3534482,-8.442441356,5.510071881
16.71263,19.96758,4402.2,0.88764,0.310688,2.857014111,10.94482225,-8.557338034,5.461125648
9.15679,12.96069,5024.91,0.81904,0.412924,1.983512705,18.12846555,-8.624734869,5.382850729
19.59617,23.50089,4642.73,0.86606,0.317192,2.730396731,16.07981393,-8.545626225,5.311118101
8.89539,13.72689,4375.15,0.80286,0.481808,1.666348421,15.66592706,-8.608935069,5.528393634
19.12146,24.57859,5949.63,0.93024,0.172905,5.380064197,7.970796298,-8.201578681,5.52528226
8.1148,12.24502,4976.71,0.82262,0.454258,1.810909219,14.94147051,-8.607425645,5.488283707
21.8767,25.55813,6222.48,0.93624,0.154073,6.076600053,7.423999224,-8.093218081,5.5582599
20.52056,21.53778,5054.2,0.87142,0.281541,3.095179743,10.78786753,-8.506854304,5.379004468
10.6425,14.28319,4396.28,0.81506,0.461536,1.765972752,11.49977663,-8.7076349,5.400738125
28.83607,30.84377,5290.58,0.90654,0.21098,4.296805384,9.271431458,-8.30999583,5.501800678
10.62931,16.435,5485.51,0.86076,0.332303,2.590286576,14.35319497,-8.4880063,5.458322207
21.20763,21.97378,4538.44,0.86662,0.296103,2.92675184,11.62252291,-8.532118741,5.424059367
15.8586,21.66851,4292.84,0.84392,0.424252,1.989195101,26.14169848,-8.586680349,5.52485331
22.26421,27.20176,6610.5,0.9242,0.158158,5.843523565,8.167548794,-8.170029133,5.445837291
17.6251,23.68141,4689.76,0.886,0.29405,3.013093011,10.97066506,-8.473900614,5.49376695
17.08665,23.22498,5926.17,0.91658,0.192042,4.772810114,8.723560197,-8.331834395,5.455240598
8.95367,12.66518,4267.62,0.80048,0.523133,1.530165369,12.05281818,-8.641475654,5.508041758
23.20719,25.28223,4672.62,0.89548,0.262889,3.406304562,11.98127982,-8.391690144,5.52484874
9.67697,16.51791,4345.48,0.84102,0.437244,1.923456926,19.4305646,-8.662620751,5.494047638
6.01879,9.40682,1893.61,0.64688,0.844658,0.765848426,19.10007636,-8.996683675,5.36184157
5.2784,7.99484,1736.66,0.62816,0.862389,0.728395191,21.98974872,-8.770501012,5.52291971
22.49879,27.21202,5994.06,0.92472,0.176482,5.239741163,14.82504267,-8.207793024,5.579095597
17.10893,19.68904,5364.05,0.88924,0.252409,3.523012254,11.48895143,-8.47111606,5.42027933
10.10342,13.75218,5341.88,0.84616,0.368252,2.29777435,10.46904197,-8.609019782,5.470646629
7.79685,10.18404,1513.53,0.70038,1.28481,0.545123403,18.10304522,-9.180814248,5.415137626
9.12713,11.3522,2032.26,0.70164,0.778435,0.901346933,22.16182058,-8.834013006,5.453059772
7.01872,9.58942,2759.02,0.7284,0.795212,0.915982153,13.71087203,-8.813642458,5.561191569
19.88142,21.96893,5101.48,0.8618,0.282433,3.05134315,13.75453491,-8.519797162,5.34384274
7.09957,11.41445,2679.6,0.74964,0.806765,0.929192516,26.53624579,-8.834944383,5.568530862
14.22252,16.84734,4659.1,0.83922,0.405065,2.071815635,13.17932423,-8.611875962,5.472181924
18.11027,20.71688,3357.07,0.84998,0.458049,1.855652998,11.05201412,-8.735099313,5.364914305
4.44571,8.56032,909.271,0.62878,1.62156,0.387762402,18.68045017,-9.295795116,5.26992062
17.30971,19.55109,4988.07,0.88456,0.277514,3.187442796,18.0249085,-8.444491408,5.432439411
18.77134,21.03291,5422.71,0.89192,0.263703,3.382289925,9.986586386,-8.459018008,5.462112497
5.45965,8.37697,1864.4,0.64574,0.899465,0.71791565,19.01726712,-8.839374272,5.499160265
15.75071,20.76882,5793.41,0.89994,0.223766,4.021790621,9.959081718,-8.42137029,5.384159949
19.37631,24.70018,6363.09,0.9323,0.157197,5.93077476,7.973929767,-8.133782573,5.4997409
24.62855,28.4663,6386.46,0.93778,0.129698,7.230489291,7.812275901,-8.016100656,5.50734971
20.14191,23.96734,4685.46,0.86662,0.2923,2.964830653,13.63921078,-8.550407173,5.31419751
17.41687,20.87718,5483.24,0.90424,0.234299,3.859342123,10.49746709,-8.349432754,5.467101027
22.8915,28.96873,6379.8,0.95138,0.120671,7.884081511,5.056595743,-7.920119577,5.631348457
16.20664,20.12374,5920.03,0.9211,0.199686,4.612742005,6.707285154,-8.251176382,5.540397686
12.68051,15.05685,2754.5,0.80822,0.653351,1.237037978,12.26285803,-8.941629328,5.325691105
21.86535,27.56884,6354.35,0.93202,0.153248,6.081775945,9.832013928,-8.143126265,5.534378225
14.3181,21.20131,5970.51,0.91416,0.211973,4.312624721,11.48689279,-8.366914309,5.473735507
12.34569,16.64567,2966.16,0.79608,0.606939,1.311630988,14.35187735,-8.609912278,5.598426128
9.92741,13.13681,3664.87,0.77808,0.521641,1.491600545,15.68243209,-8.812260095,5.317500648
13.04596,19.03645,6007.56,0.88362,0.264561,3.339948065,12.32035227,-8.49466307,5.384126019
11.18427,16.30665,4521.77,0.85322,0.388398,2.196767234,11.02301922,-8.55780202,5.492781713
6.36904,10.21541,3090.27,0.72496,0.71011,1.020912253,15.42889228,-8.724956698,5.56077447
17.69292,23.84922,6042.3,0.9278,0.176962,5.242933511,8.159043769,-8.214218346,5.499706666
17.1766,20.0995,5576.18,0.90088,0.231325,3.894434238,9.315271471,-8.357429432,5.428727237
16.92264,20.12635,4986.21,0.88452,0.274162,3.226267681,12.93499341,-8.461480711,5.416338833
6.7941,9.84871,3321.4,0.73764,0.689456,1.069886983,21.5066007,-8.615815555,5.651606838
11.68133,15.50661,4261.7,0.8533,0.393086,2.17077179,16.0418935,-8.594354767,5.518101006
27.49809,31.2586,6250.68,0.93518,0.150692,6.205903432,6.967376742,-8.155361457,5.431965275
14.46799,18.10476,5472.53,0.8729,0.331035,2.636881297,8.798624706,-8.486492816,5.425153638
21.17766,23.91387,5975.8,0.90346,0.206309,4.379159416,10.65445413,-8.385576525,5.40992031
10.71898,14.11047,4899.21,0.8315,0.44971,1.848969336,11.13839619,-8.643799998,5.518764245
15.18639,21.56166,6431.2,0.9133,0.191284,4.774576023,10.63483989,-8.320880413,5.372486082
15.16868,16.5181,2782.24,0.77792,0.525561,1.480170713,17.96462976,-8.765647524,5.39540429
18.18814,25.53851,6183.32,0.93098,0.162322,5.73539015,9.365377284,-8.154451057,5.523654369
23.89419,26.34754,4221.05,0.87112,0.305432,2.852091464,16.46750967,-8.503573813,5.405612568
20.98502,24.86973,5137.74,0.90432,0.219416,4.121486127,13.13228853,-8.346310607,5.511706188
20.19527,24.14368,5107.82,0.90018,0.221896,4.056765332,8.652121974,-8.332719458,5.443678471
8.45805,12.57373,4519.75,0.8015,0.477346,1.679075555,14.58135035,-8.649580311,5.483725572
11.05204,14.11703,3034.68,0.80854,0.659319,1.226325951,11.56037928,-8.784528472,5.507132446
15.45091,25.60278,3279.08,0.80244,0.465165,1.725065299,16.24604054,-8.966180988,5.10799252
18.86189,23.08752,6768.27,0.92418,0.163164,5.664117085,8.006400476,-8.221667589,5.427930063
11.29634,14.41978,3891.76,0.8046,0.464753,1.731242187,14.51005948,-8.652449925,5.495799021
19.46122,23.51128,5008.86,0.87978,0.292873,3.003964176,11.59413435,-8.485072894,5.470138657
20.3245,22.91711,6012.55,0.93122,0.17545,5.307609005,6.918040966,-8.196685412,5.513225463
10.52984,13.33282,4629.04,0.8242,0.454466,1.81355701,11.28903253,-8.645928579,5.471906188
8.97315,12.7159,3182.93,0.81894,0.63878,1.282037634,16.30157047,-8.857111483,5.427702391
22.23499,25.71608,5432.63,0.91352,0.213626,4.276258508,9.803611797,-8.329167293,5.446439985
11.7527,15.59677,5512.66,0.85964,0.325918,2.63759596,16.02861474,-8.563862684,5.426164218
8.44438,11.80497,4412.12,0.80528,0.498354,1.615879475,15.52624354,-8.56884748,5.580795004
16.36142,21.83661,4184.86,0.91188,0.2849,3.200702001,8.573214008,-8.51983982,5.409907103
20.81322,22.05183,4526.07,0.8758,0.310874,2.817218552,10.61295142,-8.587430709,5.471712906
21.54003,26.94123,6479.63,0.92718,0.157362,5.892019674,7.940977506,-8.161764374,5.529048914
24.60174,28.5035,6931.97,0.93012,0.150565,6.177531299,6.296880048,-8.144963125,5.512330501
15.76066,18.3773,5829.39,0.86904,0.316888,2.742420035,9.805127559,-8.454689867,5.498480459
21.52851,24.72866,5445.69,0.88476,0.267324,3.30969161,11.06421157,-8.452580525,5.460706355
11.35704,15.42623,5207.35,0.85006,0.344746,2.465757398,18.3150234,-8.561246678,5.411472044
5.38882,8.91146,1064.82,0.63208,1.54121,0.410119322,24.50606739,-9.229474486,5.324133932
9.29167,10.48038,3062.37,0.76278,0.652343,1.169292841,12.84854678,-8.829850111,5.450921169
16.37018,20.29835,5724.88,0.90536,0.24105,3.755901265,7.570840176,-8.366725333,5.463669793
24.30297,27.03611,5640.51,0.93188,0.155409,5.99630652,24.81131077,-8.005178071,5.533466109
10.14368,14.04068,4694.05,0.8132,0.428233,1.898966217,12.09205085,-8.681035204,5.432532437
8.46703,13.18305,4855.76,0.79474,0.432797,1.836288144,19.5982873,-8.696096055,5.424945861
16.51647,20.1183,5623.49,0.89954,0.269526,3.337488777,7.528231449,-8.399014212,5.448432092
24.07936,30.32071,6346.56,0.9405,0.142054,6.620721697,7.714525502,-8.029430674,5.587462094
21.7191,22.96283,5070.89,0.8732,0.273175,3.196485769,11.52468769,-8.511861034,5.419392223
9.05126,16.36312,4046.06,0.82152,0.476687,1.723395016,17.26358351,-8.580166827,5.523510188
20.7914,22.66609,6049.08,0.88312,0.266737,3.310826769,9.691501291,-8.448676548,5.454995209
8.50338,16.34146,3863.56,0.79936,0.510609,1.565503154,19.87852058,-8.879912175,5.285491927
23.2354,26.84866,6140.07,0.9316,0.145657,6.395847779,10.08515304,-8.152254516,5.462696607
13.79169,18.69696,5874.14,0.8821,0.272708,3.234595245,9.33881153,-8.527370648,5.363898853
14.14505,20.09929,4501.09,0.83638,0.374763,2.231757137,14.53427483,-8.603237308,5.419544731
10.6772,15.57478,4316.28,0.83306,0.475974,1.750221651,8.978062691,-8.813917006,5.370466503
17.51214,25.82127,5715.49,0.91614,0.208606,4.391724111,8.126805632,-8.314948426,5.463585926
16.89642,22.93182,5536.13,0.91594,0.199582,4.589291619,12.07677474,-8.27175698,5.472444579
27.88094,31.02165,6973.28,0.95442,0.110376,8.646988476,5.382999658,-7.908382625,5.524240258
12.24696,16.17667,3862.21,0.84412,0.496696,1.699470098,8.197949042,-8.78055722,5.361675853
11.52146,19.50616,5479.62,0.8756,0.306972,2.852377416,9.19322371,-8.580225028,5.357657153
13.29112,18.49328,6033.24,0.89004,0.256906,3.464457817,9.412919254,-8.406431672,5.390763492
8.49338,10.35501,3579.08,0.7731,0.611789,1.263670972,14.23024709,-8.787330599,5.443498073
6.66726,9.9984,1673.47,0.62312,0.868374,0.717571001,23.40216285,-9.145499138,5.264115484
25.52107,28.40792,6212.11,0.94712,0.134459,7.043931607,6.390070475,-8.032600949,5.577503052
18.80316,24.68558,6090.12,0.92316,0.192574,4.793793555,7.598399197,-8.294079902,5.437550163
14.63523,24.53954,5735.28,0.90954,0.225531,4.032882398,7.891634837,-8.389439687,5.411833613
27.69601,34.22945,7521.35,0.95698,0.0943076,10.14743244,5.013472008,-7.770069421,5.632625985
16.57984,19.58553,5190.84,0.87324,0.302134,2.890240754,10.78886021,-8.513732693,5.42347423
15.59992,17.55587,5944.46,0.8931,0.281595,3.1715762,7.072504101,-8.479914158,5.4761931
7.92113,10.75453,4465.83,0.81732,0.497729,1.642098411,13.5571116,-8.669082306,5.496285199
10.57638,19.38142,5576.78,0.8833,0.308185,2.8661356,8.092099507,-8.588050164,5.403481682
24.55786,29.22405,5518.76,0.93712,0.164099,5.710699029,7.560668402,-8.112864847,5.496709707
12.33609,16.59133,5437.98,0.8823,0.315529,2.796256446,7.902191858,-8.584345908,5.391103077
14.66499,17.95426,5199.09,0.87212,0.323759,2.693732066,9.783189923,-8.603095435,5.424943636
11.53974,16.71756,5681.88,0.88386,0.302804,2.918917848,7.524120074,-8.574588386,5.446104905
9.7434,13.4426,5293.19,0.81686,0.443378,1.842355733,11.16615153,-8.609226392,5.519548574
10.96117,14.05929,5477.82,0.85994,0.346045,2.485052522,9.497237564,-8.534861893,5.460562786
23.24884,32.52568,7594.97,0.94416,0.121755,7.754589134,5.622714226,-7.987400699,5.471486838
40.53604,46.69477,6658.42,0.97084,0.0668282,14.52740011,5.719776042,-7.433630997,5.803400324
14.92515,17.56223,5724.54,0.89166,0.26171,3.407053609,8.647294391,-8.46584849,5.433624281
9.9318,15.90926,4481.03,0.83208,0.413756,2.011040323,15.28893702,-8.624154153,5.485638582
22.12449,26.66438,6822.41,0.94226,0.136189,6.918767301,6.517043084,-8.034075986,5.527277414
11.94023,27.52307,3955.42,0.86564,0.367789,2.35363211,10.45970774,-8.637237424,5.340969657
15.12783,21.84759,5547.77,0.88354,0.284664,3.103799567,14.22570639,-8.438757831,5.447841526
9.28372,15.04881,4180.86,0.82112,0.497724,1.64974966,18.43792632,-8.658747528,5.515634201
13.19525,16.94027,6107.37,0.9014,0.23124,3.898114513,9.375435975,-8.440117608,5.427535768
18.75481,26.91779,5910.45,0.91584,0.202782,4.516377193,8.398170425,-8.323445904,5.408986582
15.29084,19.74285,4731.83,0.86388,0.351094,2.460537634,14.28563597,-8.552976077,5.449348136
29.75916,35.7619,7149.46,0.95664,0.0975074,9.810947682,5.787275991,-7.853329924,5.586246278
12.89523,18.44236,6235.12,0.89562,0.253173,3.537581022,7.66333944,-8.427607996,5.478830296
7.66657,9.51204,3469.3,0.74396,0.676011,1.100514637,14.50775737,-8.682551359,5.59523017
15.94711,22.57217,6591.42,0.89984,0.24458,3.679123395,7.818128655,-8.420564159,5.293187977
11.70373,14.59043,5799.46,0.87386,0.324337,2.694296365,11.1504196,-8.53862407,5.443300188
18.08854,22.30384,5850.9,0.91754,0.192581,4.764436782,8.815836278,-8.300953292,5.458914207
19.90282,21.73432,3489.62,0.849,0.384863,2.20597979,18.35623233,-8.540288795,5.47929117
14.78062,20.58186,4150.19,0.87044,0.36168,2.406657819,14.93665334,-8.544120433,5.439208036
20.51951,26.26137,6019.77,0.91634,0.207478,4.416564648,7.077310986,-8.325539788,5.5090236
27.27603,33.83759,5359.23,0.9231,0.174337,5.294917315,12.83084408,-8.087998722,5.575070286
11.95333,14.36861,5002.49,0.87962,0.357893,2.457773692,6.072210513,-8.632743657,5.435442061
33.37727,40.73475,6370.76,0.9514,0.119867,7.937130319,7.074815094,-7.887018241,5.595709946
26.05079,34.87807,6723.54,0.9461,0.119998,7.884298072,6.899223321,-7.907815918,5.575493657
15.14977,20.8008,5041.12,0.87994,0.299808,2.935011741,9.335836196,-8.52496675,5.385040697
12.09613,15.29148,5854.29,0.87842,0.294915,2.978553142,12.31030491,-8.518335705,5.407222821
27.40868,35.58698,7002.83,0.95324,0.10849,8.786431929,5.626845918,-7.865677927,5.535024409
15.24215,20.90093,3735.84,0.8596,0.368673,2.331605515,18.34825241,-8.527143692,5.486366104
7.78261,9.4568,4514.93,0.8004,0.546812,1.463757196,14.37015283,-8.699806413,5.515010216
6.19708,11.15197,2914.93,0.74134,0.752991,0.984527039,15.21699231,-8.871685878,5.448493824
10.67201,12.51089,3694.09,0.784,0.55708,1.407338264,13.53853746,-8.673927591,5.522424138
21.81017,26.89211,6070.42,0.93498,0.15855,5.897067171,7.253257048,-8.163368627,5.52310762
26.42983,29.35601,6914.35,0.9489,0.120248,7.891191537,5.626514336,-7.943708214,5.609189787
25.70428,28.5401,6794.95,0.94702,0.123466,7.670289796,6.61893312,-7.969870066,5.556882399
21.48575,25.94802,5964.89,0.93422,0.161939,5.768962387,7.133513552,-8.172580673,5.585660174
9.3317,12.49562,2656.53,0.74476,0.640301,1.163140461,16.03515309,-8.828134843,5.443088185
11.16592,17.17663,5860.02,0.88446,0.287908,3.072023007,13.75317634,-8.492593177,5.434880767
23.55186,30.76766,6040.29,0.939,0.141316,6.644682838,10.84105916,-8.01439512,5.558878713
17.86063,20.17506,4802.18,0.87596,0.298976,2.92986728,11.5655559,-8.446065111,5.450539291
6.08229,12.53451,2714.09,0.73968,0.771525,0.958724604,14.48205669,-8.788422177,5.553506616
20.10621,21.46479,2829.32,0.80112,0.44541,1.798612514,17.3713368,-8.788813979,5.36234991
18.48876,26.83374,5876.46,0.9207,0.177845,5.176979954,9.669518132,-8.18279365,5.494904777
26.4476,34.07391,6711.15,0.9489,0.118149,8.0313841,6.668146054,-7.930941946,5.684855086
14.85007,20.65263,6010.95,0.90992,0.217414,4.185195066,7.857605271,-8.360739864,5.451130534
9.25459,15.43898,4382.04,0.82724,0.445186,1.858189611,17.10960815,-8.705591253,5.409247645
7.676,9.34164,2941.02,0.73958,0.750821,0.985028389,22.93811303,-8.715066534,5.604807849
28.37351,34.12039,6702.72,0.9519,0.111755,8.517739698,6.748195473,-7.902996401,5.6041336
9.99476,13.3502,3092.62,0.78386,0.593541,1.320650132,17.43787424,-8.754433673,5.405667243
24.4586,29.93609,6247.6,0.94856,0.120118,7.89690138,7.431053116,-7.931139971,5.569451766
25.45307,29.61872,6243.07,0.9373,0.145523,6.440906248,7.67358458,-8.05971835,5.611576638
36.94018,37.75735,5207.31,0.94382,0.133068,7.092764602,9.689527382,-7.752550683,5.872749046
14.60634,22.08797,5617.7,0.88836,0.277057,3.206416008,12.94791469,-8.426973777,5.389931132
24.6863,28.78951,7055.64,0.94448,0.13329,7.085902918,5.903117439,-8.073645061,5.491586497
14.97041,22.42915,5900.44,0.90024,0.24378,3.692837805,7.974940954,-8.433350047,5.399922023
7.97629,12.26961,4113.05,0.80494,0.529898,1.519047062,10.97486757,-8.788505228,5.435349369
16.62136,20.40167,5725.81,0.89914,0.237617,3.783988519,10.23714727,-8.401511551,5.45138393
14.33963,21.3709,5992.67,0.88336,0.269212,3.281280181,9.823821683,-8.460253849,5.454935562
19.8002,21.91774,5207.52,0.88096,0.298232,2.953941898,10.99106498,-8.589445367,5.441976537
10.45057,12.14902,5408.09,0.833,0.392922,2.120013641,16.38305372,-8.573511138,5.460789698
23.4811,27.26249,7191.69,0.9397,0.138199,6.799615048,5.82643049,-8.079658223,5.520942983
14.96878,20.18374,3780.47,0.82494,0.412508,1.999815761,16.51145493,-8.599935541,5.420550734
5.70544,7.43065,1668.31,0.64612,0.966995,0.668173052,19.19882053,-8.931598394,5.463584105
22.65596,25.51383,6263.22,0.92786,0.175498,5.287011818,7.661842911,-8.227878578,5.381884531
24.91917,28.26528,6237.21,0.94512,0.129404,7.303638218,7.296238085,-7.977771413,5.561330019
13.23659,15.24576,3764.9,0.81968,0.474734,1.726609006,13.17405289,-8.723948529,5.377389328
13.60567,17.69299,4186.81,0.81422,0.434913,1.872144544,13.56463821,-8.699460378,5.430713656
14.32242,19.51659,5218.71,0.87968,0.309707,2.84036202,8.890812331,-8.557286237,5.415975199
31.41894,41.19416,6936.34,0.9497,0.112077,8.473638659,6.880804313,-7.872224304,5.566421603
10.05738,14.13772,4628.93,0.83502,0.431346,1.935847324,10.28854339,-8.658054804,5.451368991
9.6049,10.97701,3661.64,0.77896,0.633224,1.230149205,17.33661311,-8.722142697,5.53647627
18.38338,22.26141,3224.1,0.86302,0.381894,2.259841736,17.07745131,-8.565194508,5.398446073
14.53753,21.7259,6228.64,0.89534,0.241082,3.713840104,9.516588432,-8.421127872,5.45174064
24.41785,27.63456,5911.63,0.93788,0.15099,6.211537188,7.396578545,-8.109147401,5.551824848
14.54181,18.68675,4340.26,0.85528,0.358828,2.383537517,15.10218536,-8.551583051,5.510056096
14.30135,20.78624,4197.05,0.82988,0.371893,2.231502072,17.14287034,-8.613217598,5.374814549
19.79551,23.68895,3355.69,0.8671,0.380533,2.278646004,19.53241566,-8.567751143,5.491958386
13.4753,20.5072,3897.7,0.8278,0.395902,2.090921491,16.14222298,-8.650411525,5.382700284
26.82128,30.39175,6517.82,0.94952,0.121158,7.837039238,6.517954417,-7.934762675,5.648174442
23.5259,30.19965,6104.86,0.9268,0.179168,5.172798714,7.304872611,-8.229855883,5.548138878
21.72352,29.63384,7140.57,0.93596,0.145829,6.418202141,6.097044859,-8.146761766,5.49089067
20.00893,26.66216,5862.88,0.92084,0.187342,4.915288617,12.80744277,-8.240868551,5.49986654
12.50257,14.6185,5471.39,0.88226,0.31927,2.76336643,7.202732698,-8.565292831,5.419372079
12.0777,13.42295,3317.67,0.79252,0.570947,1.388079804,23.79608829,-8.638171284,5.514493614
14.78954,21.75967,5641.98,0.89166,0.267874,3.328654517,13.65220061,-8.411030465,5.53933884
13.82952,18.58688,5833.1,0.88268,0.274029,3.221118933,8.996112887,-8.544825608,5.385231448
7.44859,13.35268,3356.74,0.784,0.669225,1.171504352,11.30589204,-8.816853484,5.508508141
19.90299,25.17089,5191.43,0.91046,0.25076,3.630802361,8.05888067,-8.386447942,5.469866484
12.69886,15.81072,5328.29,0.88702,0.313868,2.826092497,10.56740354,-8.589214518,5.425554946
5.40352,11.19528,811.993,0.6037,1.53068,0.394399875,33.63317809,-8.78332736,5.382200438
8.08002,14.28019,3352.44,0.78402,0.599876,1.306970107,28.84279884,-8.737611681,5.647467471
18.86611,25.18401,5209.94,0.9138,0.245896,3.716205225,7.625807879,-8.344110409,5.540080052
14.62418,18.53365,5719.48,0.8938,0.274491,3.256208765,7.252283304,-8.468379374,5.424935415
10.37335,13.66274,4035.13,0.81074,0.494248,1.640350593,13.20318152,-8.599748834,5.532984442
15.82487,22.25964,5461.28,0.90466,0.236454,3.825945004,9.01767315,-8.385003187,5.484741393
7.0359,10.11745,3560.39,0.74766,0.676874,1.104577809,14.10380419,-8.796621296,5.497497871
9.2258,11.46184,4057.92,0.80418,0.536558,1.498775528,10.62652043,-8.69762472,5.507148679
19.30631,26.20427,5842.07,0.92378,0.18462,5.003683241,11.21054802,-8.220520339,5.536924143
14.83963,21.36509,5901.61,0.89834,0.245859,3.653882917,8.356693592,-8.446086543,5.446020442
14.69314,20.29239,4709.38,0.87058,0.339182,2.566704601,9.681647557,-8.613794105,5.477210044
23.54156,25.76233,6681.97,0.93912,0.143893,6.526516231,6.572073581,-8.100330121,5.53377513
20.31341,23.72928,3002.6,0.86462,0.423385,2.042160209,16.67204028,-8.624666927,5.36368753
10.75041,13.98309,3737.02,0.80544,0.519811,1.549486256,12.12622887,-8.715065875,5.534295205
8.12839,11.30822,3925.36,0.78572,0.588917,1.334177821,30.80108038,-8.435934482,5.514181648
14.03155,16.45541,6550.49,0.88054,0.279186,3.153954711,8.042906943,-8.457195862,5.469731036
27.23066,33.0888,4848.59,0.92222,0.193438,4.76752241,13.27727958,-8.162366803,5.560801824
29.92386,30.60983,5366.67,0.9365,0.16365,5.722578674,9.858522499,-7.996136998,5.68065733
14.51288,19.91003,5294.15,0.8929,0.282216,3.163888653,7.696995217,-8.538613378,5.363995752
7.98186,9.67962,798.179,0.57824,1.48004,0.390692143,18.17013702,-9.297570726,5.294875628
11.63563,15.49928,5292.4,0.85792,0.360636,2.378908373,13.70426365,-8.573825658,5.3996172
11.11199,14.73542,3666,0.82846,0.460817,1.797806939,14.9735754,-8.694909685,5.413151276
29.08196,32.24375,7212.1,0.95596,0.101696,9.400173065,5.467499206,-7.887175556,5.537141197
38.52663,40.32609,5384.56,0.94622,0.124985,7.57066848,7.483990675,-7.759174735,5.871174133
14.91472,20.28577,5006.05,0.88182,0.299373,2.945556212,10.92229412,-8.500785623,5.407532523
15.08575,30.33656,4321.78,0.87522,0.316293,2.767117831,12.17409845,-8.525061246,5.456290371
14.51946,21.2809,5770.58,0.90072,0.251293,3.584341784,7.323077366,-8.421389139,5.459834868
21.52095,24.38299,6048.85,0.93224,0.167753,5.557218053,7.708701539,-8.20375802,5.494913917
10.15029,17.73177,4601.68,0.83768,0.414228,2.02226793,16.30840952,-8.549111923,5.544618089
15.67755,25.39794,5635.5,0.90418,0.228439,3.958080713,14.70893887,-8.336424619,5.458996596
27.48878,30.79558,6951.53,0.95374,0.108172,8.816884221,5.399948126,-7.883427324,5.622709181
8.2314,12.17828,3807.86,0.7955,0.563036,1.412875908,32.72994433,-8.74757244,5.540567741
20.46457,22.43127,5311.54,0.89226,0.240972,3.702753847,11.28474206,-8.472959477,5.484232379
10.71493,12.06861,3211.29,0.78238,0.600382,1.303137003,21.61585371,-8.614225894,5.556785781
12.25028,15.19597,4835.39,0.85236,0.349457,2.439098373,13.21916046,-8.492762517,5.513520143
26.05845,31.37597,5529.44,0.93048,0.18124,5.133966012,8.259009137,-8.158994659,5.465390564
26.26725,27.26563,3334.48,0.91064,0.261278,3.485329802,9.847007023,-8.340961387,5.5638505
14.61122,19.13894,4238.95,0.85958,0.344278,2.496761338,17.28389984,-8.542369535,5.420152345
11.37635,24.03762,3951.41,0.8426,0.420013,2.006128382,10.58056643,-8.710492075,5.438792635
25.94374,28.60467,6836.1,0.95054,0.117253,8.106743537,5.019003707,-7.935983549,5.590269625
20.17405,31.41053,5925.16,0.9303,0.161485,5.760906586,12.72153521,-8.085083853,5.554950839
14.1529,21.83539,4876.83,0.87848,0.310602,2.828314048,10.16678862,-8.532028976,5.470055869
4.89818,10.31943,1850.33,0.66168,0.92632,0.714310389,20.1110267,-8.860901378,5.449125065
9.42648,15.05883,4635.71,0.83022,0.446435,1.859666021,11.27477162,-8.71210281,5.391690264
14.10688,18.59142,3321.62,0.83258,0.435622,1.911244152,17.61423494,-8.667479584,5.457783851
29.80049,30.83985,4897.73,0.9432,0.16484,5.721912157,4.783704406,-7.971761777,5.604468592
10.57918,14.80707,5142.45,0.82912,0.408288,2.030723411,12.42892119,-8.479435381,5.616926357
12.93636,26.22554,4142.9,0.87286,0.375692,2.323339331,10.19668784,-8.640405736,5.444815021
15.15096,20.58618,4634.42,0.86842,0.331416,2.620332151,10.30902659,-8.569230431,5.465364618
17.95244,26.76626,5836.14,0.90878,0.215001,4.226864061,12.67040146,-8.355743234,5.478186234
10.75155,14.55022,5185.72,0.86176,0.351579,2.451113406,8.964225738,-8.6144971,5.383611356
15.44474,18.69776,3032.91,0.83066,0.484693,1.71378584,21.23050769,-8.75691668,5.42680419
14.75714,20.91984,4542.61,0.87442,0.334301,2.61566672,9.797058826,-8.596834811,5.488433235
14.73134,18.86557,4581.8,0.84748,0.339664,2.495053936,13.82359363,-8.572490544,5.44598903
25.18561,28.33898,6008.99,0.94362,0.137365,6.869435446,9.704239773,-8.005572515,5.572540414
46.82316,52.84322,5763.64,0.959,0.097753,9.8104406,7.88500173,-7.680374251,5.764343258
19.37664,24.31849,3214.92,0.85578,0.37389,2.288855011,21.78054458,-8.566805217,5.442797968
15.01331,21.37588,3416.54,0.84118,0.367284,2.290271289,16.30889335,-8.593507675,5.442769148
30.03974,36.25216,6959.21,0.95678,0.0991772,9.647176972,5.58338392,-7.800328776,5.665951157
8.63648,13.40838,2810.81,0.78708,0.753097,1.045124333,17.99372046,-8.893080494,5.481409446
11.02572,15.03841,4158.53,0.81734,0.470222,1.738200254,13.65470505,-8.600456657,5.508911623
7.97431,12.02291,4355.61,0.80526,0.527126,1.527642347,12.21306319,-8.776184748,5.433724151
15.74857,22.04718,5643.18,0.90168,0.228597,3.944408719,9.486359698,-8.36020056,5.477606488
6.9107,11.75378,2613.37,0.75402,0.762757,0.9885455,16.74522002,-8.811167839,5.520776465
13.27067,17.68638,5791.16,0.88916,0.284079,3.129974409,7.375290592,-8.486913186,5.474135999
21.78355,25.00078,6010.74,0.922,0.186332,4.948157053,8.767263661,-8.302509658,5.523758385
14.50134,22.50233,5667.7,0.90806,0.227208,3.996602232,13.43962104,-8.383079198,5.438224372
17.69988,23.09043,4991.83,0.88674,0.259102,3.422358762,12.04610063,-8.408739793,5.445257501
12.31926,15.80397,4939.49,0.86058,0.336867,2.55465807,12.73562988,-8.521691296,5.457389767
10.33081,16.53741,5884.48,0.87134,0.31468,2.768971654,13.85892127,-8.6539183,5.370371319
6.96261,9.68992,2597.23,0.7385,0.826604,0.893414501,15.2443717,-8.841767062,5.527259348
6.84044,10.84549,3365.39,0.75792,0.674861,1.123075715,13.73437778,-8.852024267,5.472005569
16.33147,21.9611,5838.57,0.89446,0.251542,3.555907165,9.619676097,-8.425081217,5.455056735
21.86759,25.19674,5547.83,0.90726,0.21285,4.262438337,10.8309534,-8.333519087,5.436621639
23.92697,24.27345,5796.81,0.90606,0.242308,3.73929049,6.958129293,-8.444746252,5.431548846
21.07389,24.01159,5758.05,0.92166,0.184129,5.00551244,9.678216692,-8.210100098,5.53328669
14.06341,16.45201,3213.58,0.79034,0.530768,1.48904983,16.00297788,-8.77990178,5.409358609
7.4101,12.53717,3911.28,0.80214,0.585931,1.369000787,10.07734279,-8.825109122,5.513844563
15.24036,19.32457,6615.05,0.90554,0.213872,4.23402783,7.996366977,-8.388098299,5.397051789
14.27937,21.32589,4923.61,0.88692,0.307515,2.884151993,8.854813946,-8.509572358,5.357139262
31.34977,32.20469,4377.74,0.92538,0.179466,5.156297014,13.8875673,-7.97511736,5.846738853
14.56033,17.99969,5862.08,0.88998,0.259884,3.424527866,9.06645991,-8.456520312,5.413394378
15.95449,19.36563,5214.11,0.88744,0.290363,3.056312271,10.40353374,-8.511793671,5.431424223
16.0805,17.30634,4016.83,0.82958,0.493088,1.682417743,10.04243605,-8.749311969,5.388466268
11.02601,20.09261,4874.12,0.8651,0.337609,2.562431689,11.36262563,-8.508132064,5.47951924
20.96438,25.1027,3548.13,0.86302,0.322163,2.678830282,24.37704619,-8.41591104,5.421429214
9.71735,15.51357,1917.58,0.75736,0.780544,0.970297639,31.62174261,-8.889583176,5.299520323
28.13241,35.75322,6502.21,0.9475,0.121731,7.783555545,6.758742823,-7.974416374,5.529695476
11.49454,13.35709,3570.32,0.8031,0.533317,1.505858617,15.06588196,-8.749443486,5.453750024
27.54073,31.79877,7180.8,0.9523,0.111671,8.527728775,5.516336853,-7.906670736,5.601970588
22.39106,26.10479,6138.6,0.92632,0.17997,5.147080069,8.59235929,-8.267645318,5.497005647
8.70117,15.03119,3937.8,0.80578,0.501846,1.605632007,17.40069007,-8.722984623,5.421414049
12.77414,14.65395,3389.42,0.7984,0.525772,1.518528944,12.50045563,-8.811794682,5.323514485
14.17639,19.70353,4395.77,0.86758,0.372212,2.330875952,10.10202235,-8.613672549,5.374339747
13.82645,20.17888,4530.27,0.85828,0.365969,2.345225962,10.67929879,-8.683332405,5.388242764
22.58163,25.24193,6045.22,0.92736,0.167926,5.5224325,8.494602613,-8.197827262,5.506746247
11.76597,18.46666,5777.54,0.88356,0.279078,3.165996603,12.88722933,-8.547062161,5.378673572
11.88407,19.36333,5365.76,0.87662,0.305505,2.869412939,8.826354801,-8.573157472,5.394078196
19.9576,22.60251,5999.32,0.91788,0.201124,4.563751715,7.885812965,-8.358939198,5.439825526
9.38747,14.50153,3721.38,0.8061,0.538802,1.496096896,12.95584856,-8.665951122,5.517088867
14.24308,19.56082,4408.36,0.85688,0.36947,2.319214009,14.94427735,-8.547801773,5.434819358
12.16467,22.02234,5466.06,0.88296,0.297712,2.965819315,8.565021584,-8.54702121,5.419371873
11.5959,19.48729,5557.88,0.88188,0.304953,2.891855466,8.931047207,-8.607059542,5.351747402
27.82511,34.85056,5838.93,0.9354,0.154403,6.058172445,8.474103187,-8.090539068,5.460592317
6.60501,8.28257,2386.43,0.69408,0.840742,0.825556473,16.79055088,-8.756293486,5.589747617
22.84407,28.28563,5505.42,0.9403,0.15251,6.165497344,7.346789529,-8.102866881,5.555935359
24.66725,27.45916,7143.73,0.94834,0.119178,7.95734112,5.489833893,-7.980699023,5.536257044
22.61653,25.96108,5107.88,0.926,0.200372,4.621404188,8.634122846,-8.222768466,5.52294158
18.94666,35.11492,5880.16,0.91622,0.197951,4.628519179,13.55214192,-8.341324576,5.388222107
25.03964,30.69803,7218.53,0.94568,0.127758,7.402119632,5.93588338,-8.038189322,5.491958907
10.48756,14.97241,4626.48,0.83594,0.448716,1.862960091,10.46243904,-8.738542724,5.38004365
12.60426,18.03847,5738.69,0.88632,0.277423,3.19483244,13.24692408,-8.544881688,5.3938718
25.87198,31.71538,6026.66,0.94824,0.118806,7.98141508,10.55359268,-7.904563431,5.631444049
26.11926,36.86564,6406.48,0.94344,0.128668,7.33235925,7.12482376,-7.979112659,5.569900835
11.48374,14.59999,4924.53,0.83814,0.400401,2.093251515,16.33212215,-8.636005138,5.428792662
19.93218,23.56098,5331.74,0.92098,0.207596,4.436405326,8.425254377,-8.301904584,5.448256453
20.09682,21.94786,1686.49,0.84808,0.544406,1.55780796,23.78974452,-8.770406727,5.44323632
12.25034,19.82732,5772.5,0.89186,0.265418,3.360209179,15.31267657,-8.444473349,5.425588597
16.46266,22.70543,5867.46,0.91226,0.210335,4.337176409,8.14809179,-8.356430372,5.462000199
9.40378,12.18368,3776.21,0.78576,0.575634,1.365034032,13.40074412,-8.73207063,5.472798991
10.78411,14.60227,4417.34,0.8298,0.434718,1.908823651,13.49665936,-8.646672181,5.433185999
12.77851,17.54902,6017.87,0.88826,0.262948,3.378082358,8.455144956,-8.492301273,5.397632746
23.96485,24.14101,5029.19,0.89074,0.29546,3.014756651,9.621636823,-8.572380389,5.388719345
11.32964,19.21982,5898.82,0.88222,0.288934,3.053361667,8.827817704,-8.565589394,5.382923493
14.58048,21.54175,5957.99,0.88398,0.270749,3.264942807,9.739623792,-8.488784933,5.471128437
15.26711,21.44035,5920.15,0.90228,0.237932,3.792175916,7.873802678,-8.367721947,5.393642274
10.508,14.18505,4923.28,0.85364,0.374523,2.279272568,9.3614354,-8.649281808,5.355501597
9.8004,12.23267,3799.74,0.79126,0.549635,1.439609923,18.52239928,-8.864029239,5.377150645
13.74625,16.72998,5394.08,0.84604,0.348117,2.430332331,12.02449338,-8.553416293,5.435100996
9.07506,12.43085,1522.52,0.6327,0.895782,0.706310241,21.03555635,-9.248939085,5.101690059
14.50123,20.03839,5401.56,0.8804,0.293833,2.99625978,9.550720172,-8.56524292,5.488074158
26.57424,28.72224,7628.57,0.95258,0.104721,9.096360806,5.254674357,-7.903530786,5.593634193
11.09281,16.47548,5700.95,0.88388,0.298082,2.965224334,12.01411026,-8.543433019,5.383992927
5.84418,11.7939,2441.53,0.72108,0.841148,0.857256987,15.28690577,-8.830716272,5.485377748
10.58324,14.54681,3961.56,0.81196,0.483212,1.680339064,13.53873052,-8.69077673,5.48059708
9.04871,14.96816,3759.76,0.79576,0.538667,1.477276314,11.48017401,-8.794183732,5.412754201
40.13071,46.4508,5596.4,0.94998,0.123598,7.6860467,9.200573304,-7.832016421,5.649357966
23.86118,27.72162,7145.21,0.94606,0.125168,7.558321616,5.950543574,-8.004548779,5.569697666
11.67072,15.6977,5920.72,0.8628,0.324403,2.659654812,8.890006193,-8.540095385,5.385601319
5.50929,11.69963,2632.66,0.71664,0.786578,0.911085741,14.366479,-8.758360285,5.586209816
26.70915,28.85082,6967.36,0.95278,0.11218,8.493314316,5.141950347,-7.912111368,5.542229527
24.71959,25.67759,2374.48,0.87998,0.358117,2.457241628,15.54294743,-8.431869598,5.530076379
10.25644,15.90925,4740.86,0.82858,0.435608,1.90212301,10.77441471,-8.708642093,5.406106948
25.0165,27.99629,6122.76,0.94274,0.13581,6.941609602,7.826919953,-8.035478339,5.553704534
6.69623,8.67483,2412.68,0.70244,0.843598,0.832671486,18.14365854,-8.585148008,5.756991186
23.24793,27.24026,6185.77,0.94102,0.137847,6.826554078,7.574747401,-8.049536385,5.482659528
14.7388,20.30847,4192.02,0.83576,0.388157,2.15314937,14.06428793,-8.6012696,5.45442708
14.82357,21.85384,5084.95,0.89274,0.287364,3.10665219,8.948976163,-8.48546912,5.437684629
11.52974,14.94584,5778.75,0.85784,0.354241,2.421628214,8.756682785,-8.539361158,5.505432522
11.81041,20.72534,5681.06,0.88966,0.28912,3.077130603,8.431097729,-8.549557444,5.418958345
21.71762,24.53159,6070.47,0.92918,0.171972,5.403088875,7.883109007,-8.252874774,5.507236114
13.0401,18.38483,5943.79,0.89072,0.268476,3.317689477,9.141492466,-8.531863294,5.383375017
10.05377,14.72674,4358.19,0.81866,0.447301,1.830221708,17.53782217,-8.564463327,5.514806382
10.92584,14.5114,4572.54,0.8312,0.457446,1.817045072,10.83040158,-8.776172617,5.417519318
9.57217,13.40424,4471.4,0.83148,0.470033,1.768982178,10.79349965,-8.748543537,5.413990493
16.80499,21.6041,6102.01,0.90682,0.227614,3.984025587,7.870670641,-8.384747503,5.514835839
11.13361,14.14988,4082.83,0.80916,0.48267,1.676424887,14.49478212,-8.601741575,5.533183977
15.38824,28.05161,4568.57,0.86852,0.3156,2.751964512,15.98237425,-8.487883534,5.363534845
15.8917,21.1684,6397.57,0.89822,0.240278,3.73825319,7.991764882,-8.408070149,5.453281069
19.09885,25.21187,6518.88,0.93228,0.171228,5.444670264,6.48755374,-8.229513469,5.554118282
14.29954,21.10765,5879.02,0.9025,0.230554,3.914484242,8.50648796,-8.3944927,5.439211145
8.4815,14.04199,2898.36,0.7727,0.669371,1.154367309,24.10533639,-8.580683889,5.601120744
22.57285,25.16112,6171.95,0.92922,0.175675,5.289426498,8.343783803,-8.233898868,5.437938969
10.73729,14.84138,4576.12,0.83358,0.439421,1.896996275,9.36402732,-8.731943692,5.451062701
24.56473,34.33923,7587.16,0.94764,0.113489,8.350060358,5.771986446,-7.924722762,5.5352744
14.12488,17.19961,6556.46,0.90264,0.225504,4.002767135,7.920351378,-8.396173871,5.463397305
6.19267,9.10662,1343.68,0.5965,0.933466,0.639016311,21.20452331,-9.092773635,5.218034334
14.64873,20.47838,4049.85,0.82996,0.387559,2.141506196,14.36908179,-8.599051611,5.41766209
19.72852,23.04214,2743.84,0.8611,0.464849,1.852429499,17.70327192,-8.653009987,5.522966359
28.91502,44.11156,6695.8,0.9565,0.0995651,9.606779886,6.233284749,-7.782585726,5.666695713
24.91345,28.17152,6218.46,0.93628,0.148713,6.295885363,7.708490049,-8.114775044,5.5819534
13.90574,16.45675,3433.52,0.81396,0.46036,1.768094535,14.08066335,-8.732015714,5.41503928
10.78563,18.41851,5429.11,0.88066,0.329344,2.673982219,8.107035139,-8.609755711,5.342542863
12.17625,16.96203,5844.61,0.8817,0.291478,3.024928125,10.20975893,-8.556730331,5.377717826
6.56489,12.02421,936.78,0.64318,1.51999,0.423147521,23.95066019,-9.271015412,5.412326018
10.30368,12.8893,3203.48,0.79664,0.555676,1.433641187,17.88548222,-8.763837447,5.444428801
15.8805,20.54311,5769.84,0.90282,0.24245,3.723736853,7.758388682,-8.385055728,5.469105538
27.85767,31.05142,7631.18,0.95902,0.0949278,10.10262536,4.863031981,-7.808996892,5.642495389
18.57964,24.41757,5713.54,0.91464,0.212599,4.302183924,7.390243921,-8.359409943,5.566359294
12.94714,20.16081,5196.46,0.868,0.324923,2.671402148,14.78723931,-8.596679654,5.358228739
6.26887,12.93319,2808.1,0.7485,0.77013,0.971913833,16.66762831,-8.691301171,5.632336652
15.3114,16.48385,5890.59,0.89174,0.287631,3.100291693,7.196575017,-8.450943091,5.496862314
9.4936,12.98092,4554.41,0.83182,0.458118,1.815733064,11.13317049,-8.721793577,5.44537977
21.50394,24.93692,6649.97,0.93702,0.153236,6.114881621,6.317490879,-8.133070237,5.517607819
10.28659,14.17429,4755.04,0.81978,0.456399,1.79619149,20.27378404,-8.663499698,5.514935952
13.7731,14.95537,3669.95,0.81628,0.501442,1.627865237,14.57488204,-8.761362465,5.443861698
15.30307,20.35644,4155.88,0.855,0.393269,2.174084405,16.69311387,-8.529434841,5.471662295
6.70344,10.81316,2647.97,0.72348,0.794285,0.910856934,30.790732,-8.416815756,5.690216186
23.58981,29.67086,7216.49,0.94038,0.134631,6.984869755,6.103794416,-8.055859832,5.556043243
11.23019,15.12444,4720.42,0.83732,0.415302,2.016171364,20.61489781,-8.591139401,5.508144203
10.75176,14.72388,4299.72,0.8353,0.440077,1.898076927,13.21529537,-8.659828016,5.414325238
13.28603,17.6433,6076.85,0.88778,0.263008,3.375486677,8.255013522,-8.472784812,5.422235538
15.57685,18.46789,2910.05,0.8438,0.496811,1.698432603,20.53863862,-8.868092673,5.371041746
15.39461,20.25817,4181.59,0.87396,0.363861,2.401906222,10.35053519,-8.583667415,5.426636643
16.84024,22.61046,5267.69,0.88388,0.287791,3.071256572,13.44774562,-8.4905418,5.470587698
12.73904,17.03603,5664.68,0.88432,0.298077,2.966750202,8.329959966,-8.487971547,5.476381872
23.25508,25.71565,5829.69,0.92722,0.173339,5.349171277,8.243586066,-8.209645524,5.478419354
13.27454,19.83405,6114.89,0.89996,0.244933,3.674310934,7.765457123,-8.38750794,5.477115437
12.08399,16.13392,5135.97,0.83438,0.396234,2.10577588,16.74615492,-8.50505142,5.505179251
22.12847,25.25849,6093.89,0.92616,0.18312,5.057667104,8.479406839,-8.303269311,5.395679603
5.58194,9.14859,1341.45,0.63886,1.27839,0.499737952,30.5022611,-8.925747362,5.538574934
5.69458,6.8509,2144.57,0.6707,0.94266,0.711497252,15.03788435,-8.517224648,5.820486339
14.11828,20.1712,4871.92,0.86586,0.337447,2.565914055,10.05999295,-8.600105051,5.331296019
9.45636,14.97405,4654.9,0.82982,0.444376,1.867382577,10.39802018,-8.721358066,5.389185055
10.67916,18.5381,4961.93,0.87142,0.336156,2.592308333,10.01696224,-8.52038832,5.421313709
27.47087,30.11576,6808.88,0.95474,0.109821,8.693601406,5.119065529,-7.897297622,5.657559868
22.63466,26.62917,5932.13,0.93432,0.157807,5.920649908,7.683354153,-8.153918716,5.459047012
32.54485,39.5419,6091.43,0.95126,0.120502,7.894142836,7.800793855,-7.935560732,5.660122154
32.33412,42.39807,6642.79,0.96144,0.0861575,11.15909816,5.983376659,-7.618539481,5.679472633
12.95461,18.00439,5767.78,0.89056,0.281792,3.160345219,7.237644881,-8.510064867,5.498059286
4.27244,7.70824,1243.57,0.59872,1.01504,0.589848676,21.32974781,-9.102423629,5.2359177
6.07597,13.25241,1038.46,0.66214,1.34555,0.492096169,30.95460543,-8.895274499,5.481263467
17.44669,21.87127,4884.32,0.8903,0.283382,3.141695662,10.9998389,-8.471123775,5.468285319
19.76068,24.29682,5889.35,0.9107,0.210451,4.327373118,9.2205634,-8.322480753,5.443665418
6.04516,6.64175,1053.53,0.5585,1.27895,0.436686344,17.12632986,-8.345354786,5.913615936
21.10107,24.63154,6230.05,0.9291,0.172631,5.381999757,8.283588626,-8.216352404,5.42614688
8.35212,10.4637,3648.07,0.80712,0.587383,1.374094926,13.14757312,-8.724019347,5.490268463
21.99523,26.39127,6622.73,0.94158,0.140469,6.70311599,6.6828951,-8.065088143,5.501643512
20.65662,25.41893,5039.8,0.91582,0.189176,4.841100351,9.968653269,-8.191743175,5.535660073
8.19707,11.43972,3115.38,0.7495,0.663706,1.129265066,40.71753406,-8.910024509,5.677357279
22.61031,29.81956,5783.69,0.94302,0.1398,6.745493562,7.031045322,-8.028923062,5.615974432
10.4201,15.88448,4687.41,0.83038,0.437342,1.898697129,10.72965168,-8.734591917,5.463712131
6.55845,9.40116,2315.56,0.6748,0.796306,0.847412929,18.90937656,-8.929833163,5.462155087
8.55445,11.86791,3056.16,0.76186,0.673005,1.132027251,20.39017345,-8.640174722,5.623397297
5.15444,10.41287,2666.57,0.72064,0.819434,0.879436294,44.80309284,-8.11040913,5.719020109
21.13778,23.01538,2568.2,0.86348,0.379867,2.273111378,18.01513889,-8.603000457,5.426132536
15.47827,20.89773,5086.6,0.8724,0.302191,2.886915891,11.14688615,-8.49012129,5.510817873
12.81868,16.19216,5573.34,0.8611,0.326249,2.639395063,16.24741874,-8.543920516,5.412729415
12.87304,17.93529,5823.24,0.89428,0.275228,3.249233363,7.523731393,-8.453139923,5.495345343
22.2954,23.52099,2619.08,0.87474,0.359756,2.431481337,16.92694996,-8.47985646,5.50189769
23.55495,26.4269,5717.74,0.92856,0.177399,5.234302335,8.713586488,-8.178231514,5.485211078
14.54981,20.04507,4227.85,0.86454,0.363534,2.37815445,10.64423202,-8.615661628,5.403485217
28.46411,39.78072,6812.47,0.95438,0.102342,9.325399152,6.11405091,-7.806122595,5.641334788
27.19689,29.1642,6966.92,0.95272,0.113387,8.40237417,5.165348244,-7.950759942,5.566103947
17.33446,17.54985,2218.93,0.73994,0.720049,1.027624509,22.32274901,-8.868819457,5.394371812
24.16274,29.22072,5914.5,0.94346,0.138513,6.811346227,7.450211085,-7.995538247,5.591760172
15.95482,20.7617,4047.8,0.86374,0.396264,2.179708477,12.68406669,-8.57266345,5.448987787
6.39154,12.5546,3516.46,0.7797,0.628631,1.24031427,11.53193519,-8.775880086,5.493169321
6.46299,10.47228,2857.53,0.73346,0.764422,0.959496195,24.13217467,-8.561377577,5.749927908
20.97363,22.1093,2213.5,0.85476,0.43755,1.953513884,21.00617639,-8.64385869,5.468577952
25.41532,28.30539,7294.11,0.9489,0.119625,7.932288401,5.3891427,-7.951444444,5.536239077
21.94878,26.92271,5530.74,0.92644,0.188022,4.927295742,8.362785294,-8.216430591,5.497033784
14.2808,21.53963,5583.47,0.879,0.289059,3.040901684,16.89225683,-8.499833605,5.505576431
8.66016,10.49665,4742.04,0.83624,0.448638,1.863952675,8.324524749,-8.609295579,5.491732638
24.84915,28.22171,5273.27,0.93652,0.169216,5.534464826,7.333807684,-8.138422289,5.529681734
13.12597,22.2703,5763.75,0.90114,0.246825,3.65092677,8.330554339,-8.466439574,5.432220812
13.27886,14.77024,4569.77,0.84824,0.397494,2.133969318,9.943514507,-8.676287595,5.455794167
24.15697,26.1697,6265.47,0.9379,0.149689,6.265657463,7.1841768,-8.115822331,5.513988763
17.01823,21.30993,4839.97,0.88178,0.270636,3.258177035,10.6931258,-8.374531172,5.496805171
19.84194,24.55556,3792.77,0.8717,0.333016,2.617591948,18.27960067,-8.410976891,5.535171832
54.23558,56.61026,5633.41,0.96494,0.0790323,12.20943842,6.924564352,-7.309502803,5.996083105
10.34727,15.7065,4390.76,0.84126,0.461253,1.823858056,8.698408109,-8.789659784,5.272433135
15.78271,22.264,6738.24,0.90782,0.214331,4.23559821,7.241907798,-8.379301375,5.452342808
10.41133,18.30139,5273.87,0.87498,0.352402,2.482903048,7.440009088,-8.646422644,5.341444996
24.1015,26.188,5720.36,0.93582,0.165847,5.642670654,7.387651155,-8.165886302,5.632084349
20.61669,29.78936,7189.98,0.9364,0.143556,6.522890022,6.272965083,-8.117972929,5.467467134
3.85731,7.32616,1194.09,0.59822,1.11775,0.535200179,40.46979576,-8.661246233,4.984761692
10.76806,14.36481,3217.98,0.77954,0.563955,1.382273408,13.94049753,-8.726991232,5.485037712
11.34603,14.79124,4543.31,0.83684,0.445213,1.879639633,9.672508967,-8.703767215,5.393014278
10.97315,12.55613,5541.17,0.83672,0.383947,2.179259116,11.61265298,-8.559014972,5.540755091
15.52745,22.15876,5280.82,0.88408,0.280256,3.154544417,9.951363386,-8.485225175,5.30171354
6.97835,11.87518,2441.02,0.73906,0.772762,0.956387607,12.59393243,-9.012111373,5.352566662
12.41914,18.58992,5571.14,0.88734,0.295075,3.007167669,7.706359697,-8.524578439,5.386140371
19.324,24.61697,5732.96,0.9209,0.205776,4.475254646,11.08364649,-8.28710079,5.450731941
22.38431,26.9294,5447.2,0.91938,0.214518,4.285794199,8.442551333,-8.310813228,5.495458829
22.86513,25.74141,5320.32,0.92604,0.207625,4.460156532,7.828228694,-8.360653222,5.470248482
15.20557,19.42498,6043.06,0.89966,0.239374,3.758386458,13.34007463,-8.447402204,5.421342598
17.38692,24.36269,5518.29,0.90244,0.234386,3.850229963,9.001242739,-8.420807414,5.474241385
14.18524,22.62039,5785.2,0.90836,0.2241,4.053369032,15.04043417,-8.411533173,5.424936773
15.38393,19.03992,2864.82,0.83002,0.505185,1.643002069,25.82302967,-8.636417387,5.555943109
9.24256,14.0309,4923.12,0.8249,0.419571,1.966055805,13.05490691,-8.461192651,5.609877298
14.80048,22.09373,5073.88,0.8738,0.306306,2.852702853,14.63371408,-8.432658784,5.499556469
28.98757,30.18897,5026.88,0.93654,0.179224,5.225527831,6.05341899,-8.009294831,5.561158302
15.45021,19.65931,4323.43,0.85206,0.383604,2.221196859,15.57382199,-8.569899034,5.489308092
13.72997,16.56134,2610.72,0.74912,0.562638,1.331442242,18.36567904,-8.853772364,5.301922373
7.00267,10.18703,2422.6,0.69118,0.785904,0.879471284,18.07870254,-8.969418397,5.394395859
15.02847,20.59137,5013.02,0.87858,0.305863,2.872462508,9.932543396,-8.573399314,5.374861552
5.65865,8.0326,1415.83,0.60286,0.968988,0.622154248,23.36627216,-9.068138663,5.228478875
12.95968,21.65502,5690.72,0.89322,0.26844,3.327447474,8.576544406,-8.514555152,5.423953471
22.98632,30.66841,6077.22,0.92996,0.175038,5.312903484,7.087079253,-8.162697473,5.535326942
29.54921,30.98046,4804.9,0.9286,0.17226,5.390688494,8.725063465,-8.055031229,5.515896351
11.65692,16.45079,4283.63,0.84704,0.438059,1.933620814,8.183417768,-8.722317628,5.381069969
11.01238,15.02056,3799.69,0.82074,0.515232,1.592952301,14.76886968,-8.776573272,5.471684801
21.917,25.70381,6055.38,0.92986,0.16151,5.75729057,8.803343892,-8.173962549,5.489299536
5.78131,9.89708,1729.9,0.68606,1.10173,0.622711554,38.31497015,-9.030589426,5.384750235
20.76154,23.12371,6087.96,0.92502,0.188481,4.907762586,8.277978234,-8.284664594,5.485304051
14.41927,21.42576,5740.44,0.89522,0.268241,3.33737199,11.60103448,-8.460349751,5.517828275
14.90933,19.96718,4363.16,0.87228,0.316465,2.756323764,10.83147873,-8.503625761,5.506665404
34.15598,37.83342,6697,0.9618,0.0891688,10.78628399,5.643587822,-7.690250516,5.653959959
14.7132,20.99212,4934.14,0.88092,0.303684,2.900778441,10.5863133,-8.507833828,5.425116092
12.47915,16.64889,5686.94,0.88978,0.297809,2.987753896,7.074859066,-8.528468845,5.402598909
9.02049,15.88836,3784.62,0.81152,0.496166,1.63558164,33.47673112,-8.684341675,5.574513968
14.67428,21.58176,5916.62,0.90532,0.24008,3.770909697,7.589115498,-8.423872547,5.363124726
14.85776,20.98686,5107.42,0.86554,0.326388,2.651874456,17.7711637,-8.520918897,5.484388396
23.77009,32.44375,6720.77,0.93736,0.140293,6.681445261,7.265050856,-8.094664254,5.528456985
11.94867,19.57258,5117.17,0.87416,0.321878,2.715811581,9.946681716,-8.52058175,5.444994142
18.70758,20.80531,2986.69,0.85858,0.437912,1.960622225,17.18582113,-8.582532958,5.392895821
10.69287,14.27343,4477.19,0.82866,0.470508,1.761202785,13.34045072,-8.713510283,5.419018764
19.95164,24.04688,4974.67,0.90662,0.215242,4.212096152,9.959045264,-8.307222544,5.503962688
28.6014,30.29074,4735.31,0.88492,0.279705,3.16376182,15.86505853,-8.361063575,5.552733643
11.09504,16.29202,4933.62,0.84658,0.411163,2.058988771,9.329959249,-8.66859244,5.42834549
17.20047,22.76371,6080.07,0.90796,0.207663,4.372276236,8.929398939,-8.361901993,5.416764961
24.9577,29.71426,5958.66,0.9365,0.152496,6.141144686,10.38480791,-8.103478194,5.559453422
18.05942,25.07794,5557.04,0.90716,0.221178,4.101492915,10.11613718,-8.320619691,5.52160896
5.87108,11.56426,2647.71,0.72312,0.769201,0.940092382,13.10473078,-8.837056964,5.502469216
11.91894,20.3789,3686.78,0.8571,0.457917,1.871736581,18.26663665,-8.809715606,5.284460132
15.08355,29.90743,5381.39,0.8929,0.25611,3.486392566,13.30433378,-8.499673834,5.431785286
23.08758,25.15408,5684.12,0.92732,0.192757,4.810823991,7.690020855,-8.269174127,5.394531039
10.48944,13.90094,4365.99,0.8378,0.432107,1.938871622,10.63241147,-8.694461902,5.413936273
32.8031,39.39541,5444.46,0.944,0.141121,6.689295002,8.296816519,-7.99866917,5.639934829
23.02797,24.25508,5154.31,0.89092,0.298771,2.981949386,13.17798576,-8.52656492,5.409305376
19.97286,22.25948,3390.69,0.86,0.369204,2.329335543,35.26035241,-8.44043709,5.477495196
11.19409,15.52102,4658.93,0.84018,0.437002,1.922599897,9.556167087,-8.698887625,5.400978945
6.37408,10.27259,2884.65,0.74632,0.80901,0.922510229,18.86412036,-8.66871353,5.665608986
15.00762,22.08694,6121.51,0.89812,0.241876,3.713142271,8.304734547,-8.398440837,5.467405895
10.85178,15.10746,4307.25,0.80666,0.465232,1.733887609,20.07948405,-8.674075034,5.440081918
24.05584,25.92878,6222.99,0.93832,0.149921,6.258762948,8.017737479,-8.106277489,5.469770311
9.6943,13.35248,3954.58,0.79604,0.51688,1.540086674,12.40514934,-8.68179737,5.542734666
14.31499,20.1361,5103.34,0.86502,0.32528,2.659308903,12.0678891,-8.505978865,5.443114754
6.42145,10.71563,2627.79,0.72562,0.80073,0.906198094,18.17051374,-8.77882999,5.522362544
14.6129,20.90909,4605.37,0.86868,0.335103,2.592277598,16.5632769,-8.54923046,5.410940058
8.73705,10.26494,2008.97,0.70862,0.938597,0.754977909,14.60722848,-8.826762729,5.64685904
22.82791,25.64485,5842.34,0.9257,0.189813,4.876905165,11.98184398,-8.310104219,5.468288834
9.01282,19.8429,2592.43,0.81754,0.70054,1.167014018,11.04518146,-8.940479535,5.361483873
15.1979,22.00434,6973.37,0.92026,0.180744,5.091510645,6.729610378,-8.240684892,5.433807878
9.59199,14.01616,3925.77,0.8013,0.481856,1.662944946,22.05986162,-8.657939477,5.464407661
25.01205,34.44594,7159.13,0.94456,0.12577,7.510217063,6.444613133,-8.025804175,5.560693424
14.13376,27.66171,4769.85,0.89092,0.299726,2.972448169,12.89363537,-8.578588871,5.347450408
4.59725,6.75731,558.082,0.59312,1.08262,0.547856127,20.64923399,-8.902364869,5.380336988
23.82659,27.03647,6257.65,0.93276,0.158169,5.8972365,7.820247359,-8.149259844,5.47952744
21.79906,25.20166,5602.63,0.91952,0.188679,4.873462336,9.464045135,-8.249863998,5.436230712
7.96103,12.7883,2813.43,0.7531,0.686385,1.097197637,14.51414796,-8.877519918,5.383013076
12.22266,21.99114,5747.4,0.89374,0.272969,3.274144683,8.290398159,-8.479864975,5.37240397
28.16229,32.11069,7578.29,0.95836,0.0938528,10.21130963,4.868966261,-7.784376857,5.61270635
13.35258,20.32132,5274.72,0.88334,0.282857,3.122920769,11.43447097,-8.421716574,5.463277269
11.35325,14.39586,4220.53,0.81434,0.45933,1.772886596,17.98296573,-8.59559862,5.510738344
15.7461,20.71777,5851.29,0.911,0.207391,4.39266892,10.98660437,-8.315455503,5.505906865
21.44486,23.95238,5894.2,0.92432,0.176486,5.237355938,8.428969892,-8.214186987,5.486311387
10.65694,19.25323,5428.22,0.87558,0.329501,2.657290873,9.219370178,-8.650089852,5.337677666
13.3099,28.25695,5094.61,0.87288,0.306649,2.84651181,14.7001729,-8.588772197,5.411405267
11.83677,16.107,4275.29,0.85078,0.435602,1.953113163,7.845476308,-8.757026624,5.388388144
24.1939,27.99506,7180.52,0.94652,0.126087,7.50688017,5.745366792,-8.043323786,5.556018134
8.56715,11.09363,5208.81,0.82418,0.444817,1.852851847,10.96409406,-8.52978024,5.52891356
12.78201,15.99249,3619.04,0.81084,0.444019,1.826138071,14.17703635,-8.746782362,5.35317796
10.50774,14.52619,5562.18,0.87186,0.31793,2.742301765,8.708085993,-8.541071221,5.447562707
6.28426,10.25044,1856.95,0.70382,1.08357,0.649538101,28.95083445,-8.855636965,5.488568386
13.68547,24.27351,5430.29,0.89952,0.251494,3.576705607,8.63529469,-8.407090866,5.432198186
9.28759,21.06987,3720.35,0.83492,0.47671,1.751421199,10.086185,-8.755647446,5.367302857
20.63863,25.27871,6140.89,0.93598,0.151117,6.19374392,7.3929272,-8.133546725,5.54736331
26.16368,31.81587,7009.05,0.9503,0.116036,8.189699748,5.562425274,-7.956164072,5.558238698
12.88666,21.75453,5389.68,0.8804,0.291656,3.018624681,14.85481421,-8.508567998,5.423577293
35.86608,41.20987,6636.47,0.96692,0.0768963,12.57433713,5.722819629,-7.566012321,5.811901036
19.0108,22.98624,5813.05,0.92348,0.186199,4.959639955,8.31477591,-8.238240561,5.458814748
24.95244,30.8096,7195.88,0.95086,0.117705,8.078331422,5.958616043,-7.94073589,5.554204924
8.8384,12.43174,4087.45,0.79758,0.494749,1.612090171,20.60249984,-8.616187957,5.50133125
6.72168,11.38611,3450.42,0.77836,0.660094,1.179165392,10.94783243,-8.829196697,5.466543683
8.19028,12.41037,2428.69,0.7596,0.816296,0.930544802,15.20705446,-8.931986095,5.398113908
15.2285,21.39243,6067.63,0.91,0.211518,4.302234325,11.72737728,-8.393136834,5.454327404
11.6034,14.63826,4336.12,0.81404,0.450078,1.808664276,18.55071619,-8.661805653,5.489423507
7.87913,10.59349,3434.59,0.76184,0.650248,1.171614522,15.9724151,-8.70884886,5.537745433
17.09209,19.98427,5518.65,0.88944,0.27491,3.235386126,10.7824714,-8.496314964,5.366096437
25.95833,29.25012,7154.44,0.94998,0.118096,8.044133586,5.865660789,-7.958621798,5.518658792
16.27987,21.15162,4382.77,0.87478,0.316983,2.759706356,15.51358583,-8.441224555,5.444541988
28.33305,38.91508,5969.88,0.94462,0.13216,7.147548426,7.789716662,-7.937082329,5.566943689
21.46897,25.05537,5988.76,0.91882,0.188984,4.86189307,8.795041001,-8.310155669,5.406021638
10.39133,13.15968,5094.46,0.81674,0.420407,1.942736443,12.87845216,-8.594831368,5.467326153
20.34721,23.08995,6270.65,0.92054,0.191574,4.805140572,7.681548712,-8.322775671,5.373518114
32.51619,34.06113,5518.05,0.91702,0.206112,4.449134451,12.561904,-8.290568903,5.477762106
11.47188,14.60078,5673.49,0.85808,0.335521,2.55745542,13.66486712,-8.552758515,5.408420513
12.15221,18.56256,5553.15,0.8773,0.30056,2.918884748,12.65910787,-8.53465631,5.397929709
10.54855,17.41497,2166.64,0.77342,0.653253,1.1839517,24.21515041,-8.837272548,5.28732944
27.60434,31.11021,7020.31,0.95492,0.107238,8.904679311,5.374550187,-7.880635531,5.641878898
8.72055,10.7591,3197.74,0.75652,0.707098,1.069894131,13.5879312,-8.731491226,5.57966526
15.04085,25.95811,5588.9,0.91052,0.223697,4.070327273,8.388410513,-8.347518548,5.504412367
15.42651,20.67704,5315.71,0.89374,0.266509,3.353507761,13.91004524,-8.384109669,5.396097552
11.14094,13.98998,3514.12,0.80206,0.50884,1.576251867,14.39265181,-8.82116481,5.35950868
4.5079,6.77787,1145.41,0.59008,1.09809,0.537369432,24.09216417,-8.643186312,5.616449698
8.27915,14.02453,3688.95,0.76858,0.557152,1.379479926,25.21889175,-8.562572469,5.565611882
22.7212,24.05549,2054.69,0.86582,0.44617,1.940560773,16.09759443,-8.595466856,5.469142913
6.72782,13.28108,3435.91,0.7845,0.644578,1.217075358,10.70961663,-8.833932006,5.397205742
25.29258,28.49752,6777.17,0.94914,0.121941,7.783600266,7.010573607,-7.987355282,5.628808873
12.95779,15.27602,5487.8,0.86218,0.323445,2.665615483,10.44840291,-8.647588033,5.37796479
15.43959,16.90804,2288.59,0.76132,0.686989,1.108198239,23.61252931,-8.865792596,5.376013239
24.13222,30.45445,7144.26,0.94182,0.135891,6.930701812,6.537843534,-8.082060512,5.496733456
9.55931,19.2248,2365.18,0.77274,0.63151,1.223638581,25.06650595,-9.042467962,5.183655136
34.06183,36.9871,5841.1,0.93474,0.161221,5.797879929,7.797570914,-8.098388364,5.599978407
8.39309,11.34269,4367.27,0.80446,0.48182,1.669627662,11.43419048,-8.647554686,5.503848319
17.31972,22.142,4999.23,0.87986,0.307369,2.862552827,10.35701509,-8.449352566,5.462613342
11.18117,13.87155,4302.84,0.80268,0.470582,1.705717601,19.79803213,-8.669612272,5.455778434
10.52591,15.36127,5266.46,0.84374,0.376865,2.238838841,10.72224336,-8.527912435,5.496755538
14.60092,17.01314,6409.1,0.87892,0.28178,3.119170984,10.12734436,-8.418451922,5.544649178
12.6775,22.36456,5237.43,0.89156,0.275911,3.231331843,9.221086048,-8.497762144,5.386699677
12.17302,16.62079,5937.69,0.884,0.285701,3.094143878,14.56889812,-8.489434997,5.391424239
5.25359,7.80829,1659.61,0.6326,0.952019,0.664482537,18.04443339,-8.668116266,5.59974155
23.22865,25.30381,7013.35,0.93838,0.145792,6.436429982,5.721865977,-8.122227702,5.436656976
11.50894,13.72725,3903.38,0.80942,0.495693,1.632905851,19.28534929,-8.663232741,5.477169233
11.0582,18.91949,4991.87,0.85968,0.352753,2.437059359,10.68733359,-8.590267305,5.388441774
5.83827,12.79598,986.617,0.6502,1.37858,0.471644736,25.72796987,-8.871199647,5.516653579
14.93453,20.45883,4943.01,0.89462,0.29782,3.00389497,8.408568694,-8.525233751,5.433188475
14.25183,17.18833,5313.44,0.88208,0.313866,2.810371305,8.29707339,-8.52914974,5.473196397
38.76444,45.1332,5958.79,0.95058,0.114814,8.279303918,8.115253795,-7.831901216,5.650038106
11.43201,15.17775,4286.31,0.8367,0.442528,1.890727818,11.35850502,-8.691050503,5.452259704
14.86093,19.81698,4157.79,0.87194,0.370863,2.351110788,10.17800545,-8.60331855,5.421270704
22.62572,23.18238,5841.63,0.89076,0.267199,3.333695111,9.077218635,-8.529306222,5.369377023
10.79063,14.45428,4556.74,0.83766,0.425384,1.969185489,10.35720126,-8.683404376,5.417522767
11.56226,18.39865,5105.78,0.87016,0.356772,2.438980637,7.81524206,-8.621061787,5.397028629
18.44098,24.73501,6084.64,0.9257,0.193299,4.7889539,8.254972108,-8.267984433,5.395494371
9.38498,15.80212,4839.99,0.82472,0.407573,2.02349027,17.04308739,-8.634686946,5.359871053
21.1812,24.78501,5820.84,0.91656,0.204689,4.477817567,8.292277165,-8.302086762,5.40832682
6.62989,12.5115,2879.37,0.77,0.766883,1.004064505,11.49823571,-8.893029187,5.448837629
21.6597,25.17287,5352.2,0.90256,0.217511,4.14949129,11.26872203,-8.407414238,5.441464357
19.73273,23.58826,4882.8,0.91024,0.240851,3.779266019,9.76342429,-8.359634186,5.459007854
16.04734,21.6908,6050.4,0.89928,0.244052,3.684788488,8.638621669,-8.399700279,5.504199553
11.76878,15.17902,4884.75,0.85414,0.373104,2.289281273,11.75410122,-8.558229422,5.515749519
29.332,38.26726,7258.75,0.96102,0.0902393,10.64968367,4.920933752,-7.756579351,5.644135055
11.54862,14.57939,3750.09,0.79532,0.505974,1.571859424,13.38444752,-8.704531653,5.470927544
6.32288,11.35835,2805.32,0.73744,0.766589,0.961975713,14.11289913,-8.897222245,5.474633109
15.11213,22.10804,4788.78,0.88324,0.288627,3.060143368,17.82045905,-8.434975107,5.535121407
25.19151,27.32213,6060.37,0.9354,0.148022,6.31933091,8.304284938,-8.072805394,5.500332992
20.532,22.50465,5340.92,0.92502,0.214221,4.318064055,7.42892814,-8.29796501,5.472423452
8.60674,10.35283,2069.44,0.71918,0.958927,0.749984097,14.91996422,-8.898549563,5.527138971
8.75752,11.66472,4531.5,0.79886,0.485062,1.646923486,14.24893739,-8.45727422,5.65814923
24.94932,34.43649,7116.67,0.9424,0.127477,7.392706135,6.52778559,-8.051212506,5.501291668
24.68367,29.73588,6209.91,0.948,0.121527,7.800735639,7.894019447,-7.920890662,5.612317471
25.60881,29.05739,6833.06,0.94738,0.124112,7.633266727,6.421319639,-7.91557484,5.640763947
13.64821,16.87128,4289.02,0.85952,0.390596,2.200534568,15.03676143,-8.587598943,5.467744089
24.44635,32.29241,6760.32,0.94204,0.127845,7.368610427,6.972222568,-7.999792703,5.529801731
6.79788,10.21289,2425.84,0.6858,0.781596,0.877435401,18.50681097,-8.940946713,5.391392715
6.03247,12.02271,2375.88,0.71746,0.858482,0.835730976,17.89322583,-8.671291108,5.648532345
9.03807,15.99443,3869.97,0.82904,0.497369,1.66685097,33.6223221,-8.593960455,5.564096596
24.60183,28.99843,6788.29,0.951,0.119957,7.92784081,4.946114443,-7.969572005,5.622463794
17.21973,23.5683,5508.72,0.90852,0.224893,4.03978781,13.91074724,-8.355695943,5.468266595
14.74165,21.54219,6331.96,0.90584,0.21183,4.276259265,11.65370949,-8.399832189,5.36480878
11.53473,15.54171,4282.64,0.81704,0.448356,1.822301921,18.67380294,-8.609493334,5.542337326
24.95961,27.84903,7279.33,0.94832,0.119274,7.950768818,5.329195719,-8.001615674,5.528272296
9.28158,14.22708,4383.22,0.83638,0.464043,1.802376073,15.12234527,-8.736987475,5.422390738
23.65374,25.83706,6521.92,0.94276,0.139372,6.76434291,6.523608899,-8.050263804,5.577431056
21.82392,23.11854,2234.54,0.86586,0.389765,2.221492438,27.39945174,-8.367340005,5.527213999
26.13493,29.57368,6978.38,0.95332,0.112971,8.438625842,5.234520032,-7.911786601,5.628870666
11.24109,14.70539,4386.82,0.8391,0.44486,1.886211392,17.8036177,-8.689285144,5.448919067
15.6678,20.1039,5063.62,0.88802,0.294157,3.018864076,9.475964147,-8.489231792,5.447097278
6.82518,11.04665,1726.73,0.68544,1.01885,0.672758502,19.63615092,-9.025904913,5.453370896
10.65223,14.52794,4580.21,0.8334,0.460763,1.808738983,10.78562697,-8.73006979,5.440721062
5.24059,10.16182,1358.2,0.63136,1.14749,0.550209588,18.16762956,-9.106080002,5.38849423
20.80117,26.51938,6245.81,0.93012,0.165892,5.606780315,8.584790462,-8.199121739,5.519747336
25.09775,25.29915,5390.82,0.88894,0.266949,3.329999363,13.74542263,-8.534021526,5.44254554
7.60832,9.65517,4798.03,0.79088,0.494897,1.598069901,13.11744576,-8.650343519,5.483689168
9.62207,14.7311,4417.44,0.82162,0.472358,1.739401048,15.28447937,-8.676469178,5.459342545
10.06618,14.45959,3939.45,0.80034,0.526394,1.520420066,29.50725849,-8.587064066,5.592558957
11.47318,13.5486,3445.55,0.80118,0.544857,1.470440868,22.90008194,-8.630527706,5.507168501
31.50534,34.11249,6650.2,0.96018,0.0954246,10.06218522,5.577382017,-7.745918275,5.639758436
23.22368,30.88145,7120,0.93812,0.135696,6.913394647,6.404962759,-8.11186511,5.501658394
11.79973,13.97662,2860.56,0.75546,0.670724,1.126335124,16.98849119,-8.870938306,5.335838848
12.53132,20.07816,6230.17,0.8993,0.256861,3.501115389,7.352183071,-8.48336676,5.417412919
14.10351,20.2134,4991.26,0.87946,0.303507,2.897659692,9.99860741,-8.517300959,5.457802756
12.83714,16.34307,6200.77,0.89608,0.240736,3.722251761,8.109012048,-8.447352305,5.32616691
9.74017,14.22064,5334.89,0.8525,0.39168,2.17652165,8.345664253,-8.610277055,5.45602602
19.70009,23.20835,5687.93,0.91232,0.209815,4.34821152,10.19537777,-8.295167771,5.501913004
4.69158,8.24419,1576.17,0.61548,0.931737,0.660572672,35.26117931,-8.675627769,5.407449246
20.74094,24.51819,6304.31,0.92456,0.17597,5.2540774,8.387781752,-8.252144933,5.401137937
14.73674,20.77847,4133.04,0.86448,0.357718,2.416652223,20.74709732,-8.507560385,5.446602174
23.14744,26.69644,5452.76,0.93322,0.180831,5.160730185,7.567599976,-8.254245858,5.454351362
29.6656,34.77471,7614.55,0.96174,0.0888402,10.82550467,4.984826124,-7.723425425,5.635012058
6.8331,10.12143,2830.73,0.73466,0.741431,0.99086766,40.08952273,-8.521920651,5.6561578
12.91375,14.7076,3530.69,0.80712,0.496077,1.627005485,12.75848434,-8.751242122,5.450850325
11.17776,19.20456,5488.83,0.88196,0.307012,2.872721587,8.725223028,-8.598165067,5.352478482
13.71126,19.6183,5556.97,0.889,0.27726,3.206376686,8.161936642,-8.530620235,5.394521481
6.27636,18.41528,3197.7,0.78852,0.562155,1.40267364,12.95195105,-8.860537464,5.339277185
7.5647,12.51395,2087.16,0.7542,0.972335,0.775658595,22.02839657,-9.107720611,5.381768787
35.27982,45.86668,6640.13,0.96414,0.0804926,11.97799549,5.962983269,-7.622559339,5.817730478
4.61023,8.08019,1588.98,0.6472,1.05451,0.613744772,23.18576334,-8.622687394,5.678948772
10.14056,13.26938,4844.81,0.80674,0.477881,1.68816086,11.66881506,-8.698485506,5.449205142
14.52338,18.88074,5765.93,0.8905,0.257568,3.457339421,11.58783593,-8.473958634,5.405938407
14.23486,20.67302,3701.23,0.86944,0.418649,2.076775533,9.775968807,-8.657843955,5.386607929
6.57625,10.39233,3203.28,0.74802,0.663644,1.127140455,14.52501233,-8.786688748,5.479376477
10.53423,17.93584,5461.26,0.88282,0.324193,2.723130974,7.349031398,-8.559136447,5.406983143
23.20494,23.45234,4890.09,0.89894,0.299817,2.998295627,6.085218384,-8.50601726,5.444468956
8.24541,12.2155,3790.81,0.79106,0.569625,1.388738205,31.1586173,-8.353896442,5.525745677
7.8602,12.48079,3775.31,0.78538,0.577483,1.360005403,19.82543717,-8.745988836,5.544565795
14.30886,19.8663,5879.3,0.89188,0.267066,3.339549025,17.05052835,-8.527381217,5.422040974
13.8401,20.13526,5422.43,0.89364,0.277919,3.215469255,8.048067283,-8.498741538,5.409648182
21.84308,24.56124,6246.14,0.93214,0.162446,5.738152986,7.256921628,-8.168778708,5.476445091
15.73233,21.43029,5267.09,0.8894,0.285113,3.119464914,9.728039426,-8.4912126,5.506304991
21.16662,30.02024,6912.6,0.93718,0.146221,6.409339288,6.037136251,-8.082282811,5.466160672
11.64986,17.10509,5771.12,0.87368,0.296213,2.949499178,9.953616674,-8.54528419,5.380762355
17.3726,28.78983,5709.08,0.92028,0.193976,4.744298264,8.808774006,-8.249989187,5.498673924
14.94536,23.12924,6052.51,0.90862,0.217685,4.174012909,12.5334273,-8.424158846,5.388289521
31.72546,39.49264,5916.2,0.94356,0.132592,7.116266441,8.246249515,-7.97887191,5.649806227
14.21048,19.77483,6116.91,0.90058,0.231967,3.882362577,8.106194141,-8.417652234,5.413440003
25.84902,32.31403,5551.64,0.93334,0.174459,5.349910294,8.468759649,-8.15438422,5.615733872
10.61177,18.65614,5283.51,0.88014,0.331162,2.657732469,7.644876169,-8.630195238,5.415566746
11.90832,16.47557,4056.15,0.8425,0.464491,1.8138134,11.85252757,-8.711558,5.403487588
10.53458,11.86525,3080.63,0.75894,0.626364,1.211659674,14.88863418,-8.836071601,5.381938276
24.93474,29.73427,6255.71,0.94788,0.120201,7.8857913,7.608828546,-7.946458446,5.616451598
14.61351,17.13896,5354.78,0.89328,0.274968,3.248668936,7.997502422,-8.513229565,5.438158197
10.43627,12.1993,2086.96,0.7517,0.846922,0.887566978,16.61801598,-8.95058823,5.43800848
10.4217,14.89983,4886.2,0.85308,0.387118,2.203669165,16.88922866,-8.597936351,5.398906321
11.22958,14.50079,4306.39,0.83444,0.449027,1.858329232,10.22562581,-8.702012908,5.407331299
12.01831,14.03273,3233.31,0.8042,0.595824,1.349727436,14.07691853,-8.81547648,5.399594256
24.79467,27.98637,7050.06,0.9501,0.116743,8.138389454,5.302836211,-7.924556245,5.47889385
7.69929,10.48113,3149.16,0.75584,0.701406,1.077606978,19.77840808,-8.704692801,5.56271747
16.21437,33.05862,4330.07,0.89814,0.275657,3.258179549,13.58990278,-8.368638564,5.531502324
18.2799,23.76102,6049.31,0.9217,0.182599,5.047672769,8.529352872,-8.275873825,5.429273016
9.92053,12.44112,3797.07,0.79446,0.527558,1.505919728,13.40868862,-8.712342392,5.498175743
15.17515,21.05081,5952.67,0.89066,0.26665,3.340183761,8.687717083,-8.452332571,5.479357657
10.20997,15.19982,4686.11,0.8548,0.4249,2.011767475,7.627080268,-8.749777878,5.376868201
20.36442,25.77619,5647.5,0.90818,0.221996,4.090974612,13.59827325,-8.340032687,5.518519494
8.42351,12.89604,4212.86,0.80616,0.515242,1.564624002,19.37244941,-8.632480048,5.473126867
10.30651,18.27059,5750.6,0.87406,0.31972,2.733829601,8.689555021,-8.608753711,5.334549013
11.55999,15.73013,4276.6,0.81294,0.452565,1.796294455,19.23280559,-8.642037957,5.449307286
15.39068,21.35626,4743.61,0.86206,0.332681,2.591251078,11.43224812,-8.535017716,5.443576756
16.3324,21.18149,4372.93,0.8542,0.329374,2.593404458,12.97619647,-8.562092468,5.404874947
23.05079,28.59644,5504.76,0.92316,0.203231,4.542417249,8.43287584,-8.276187234,5.498654502
15.85804,20.33426,5777.56,0.89624,0.253263,3.538771949,8.022329513,-8.45905205,5.335425016
35.69167,36.76279,5479.51,0.92814,0.175688,5.282887847,8.35697052,-8.189947054,5.555628761
15.0558,20.68074,4756.86,0.8647,0.331841,2.605766014,10.72353072,-8.569159619,5.437316646
18.24183,22.726,6030.27,0.9201,0.191435,4.806331131,8.340173568,-8.272084854,5.413694592
17.02711,19.32924,4854.4,0.86246,0.321521,2.682437539,13.65738157,-8.500779043,5.480042201
11.14167,14.40037,4017.03,0.80946,0.491727,1.646157319,14.95978435,-8.536430286,5.58437189
10.21848,13.48499,4702.81,0.81248,0.456432,1.780068006,16.17900968,-8.743051919,5.402482744
13.85562,20.43698,4761.91,0.8724,0.322574,2.704495713,10.66937695,-8.576751032,5.463657863
10.49172,15.08894,3827.55,0.81216,0.50032,1.6232811,13.3710709,-8.587363224,5.558617342
24.73978,29.11512,5590.71,0.92388,0.190615,4.846837867,9.30456987,-8.204137926,5.579257096
11.72746,16.43287,3419.29,0.8031,0.475754,1.688057273,15.26344293,-8.657026941,5.419305502
10.94832,14.71047,4451.74,0.83196,0.440976,1.886633286,11.45094876,-8.618481436,5.471117834
15.35199,23.5566,4201.32,0.84558,0.367816,2.2989212,12.97047236,-8.577107429,5.417947908
14.81572,16.7181,5275.91,0.85092,0.352511,2.41388212,9.940113103,-8.500920418,5.494091847
19.32375,22.58175,5109.49,0.8943,0.251455,3.556501163,12.1809277,-8.365319345,5.498799242
24.9093,32.58152,7202.18,0.94488,0.126089,7.493754412,6.158561319,-7.997443256,5.644738233
44.0308,48.05963,5690.72,0.95466,0.109879,8.688284386,8.192913607,-7.752070747,5.704377435
13.72049,20.35415,5677.47,0.90092,0.247135,3.645456936,13.36104049,-8.437728183,5.411059666
14.15113,21.93634,6128.48,0.88776,0.266615,3.329745138,9.64123272,-8.442551122,5.409805644
20.34767,24.04278,5919.89,0.9162,0.200722,4.564522075,8.820096243,-8.339910154,5.429490392
19.07062,24.48966,5939.71,0.92446,0.19542,4.73063146,7.627328987,-8.291638547,5.424181533
11.81175,13.61218,4820.8,0.82822,0.413569,2.00261625,12.81459038,-8.598425727,5.475803495
10.44461,12.75782,3018.25,0.7743,0.630811,1.227467498,16.13617895,-8.729849593,5.497427589
9.98891,13.96786,4182.48,0.78338,0.512447,1.528704432,19.85417171,-8.740920362,5.500480849
8.14134,10.12638,4812.61,0.82662,0.464841,1.778285478,8.960644871,-8.658828985,5.465912441
10.71029,14.94542,4434.8,0.81818,0.463644,1.764672896,10.71704746,-8.765209025,5.361099702
11.23494,21.39088,5126.06,0.87052,0.324866,2.679627908,10.49605191,-8.558506795,5.430096263
10.47388,14.84993,3563.7,0.77804,0.531927,1.462681909,15.25710159,-8.649254531,5.534574321
13.18582,16.35903,5728.64,0.88364,0.276058,3.200921545,8.657758198,-8.500468867,5.397805598
10.8238,16.04542,4773.35,0.84502,0.42171,2.003794076,9.864410826,-8.64017833,5.464969089
11.34712,14.95217,4880.87,0.84498,0.393846,2.145457869,18.5518632,-8.633706047,5.448602368
13.55084,16.76499,5812.01,0.85402,0.333354,2.561901162,10.62937908,-8.485112928,5.464536937
8.78652,18.79789,3189.48,0.81164,0.587809,1.380788658,10.02716802,-8.955046008,5.326673855
14.93487,17.12874,5697.72,0.88634,0.271449,3.265217407,8.746677075,-8.488375216,5.416981806
7.46084,10.67367,3984.38,0.77938,0.603801,1.290789515,16.52934625,-8.644735138,5.536165173
10.12229,13.76972,4509.56,0.83038,0.432426,1.920282314,11.10129785,-8.675862638,5.364297415
13.15563,18.55916,5923.51,0.89996,0.261737,3.438413369,6.398322791,-8.425671518,5.422846791
10.35351,14.20737,4500.78,0.8341,0.462591,1.803104686,13.95124721,-8.674639607,5.461904452
10.70106,16.36516,5779.12,0.86948,0.305003,2.850726058,9.48535044,-8.593072118,5.370918074
21.3774,24.49004,5899.31,0.91452,0.200425,4.562903829,10.71664746,-8.293381334,5.428013881
8.12285,12.31198,4312.67,0.80818,0.522476,1.546827031,12.23242191,-8.735362893,5.496165066
14.87255,18.6768,5905.1,0.89254,0.259208,3.443335082,8.584419769,-8.506407118,5.374542837
36.75682,40.98154,5534.92,0.94414,0.139906,6.748388204,9.137930774,-7.958965626,5.579640327
9.65516,14.01866,2824.95,0.77894,0.615973,1.264568415,24.85120837,-8.737615071,5.509270316
4.80849,7.77653,2237.83,0.67324,0.916887,0.734267145,25.33882968,-8.574047698,5.652704804
27.08476,31.21513,6735.73,0.94748,0.124263,7.624795796,6.706174576,-7.984968322,5.625876388
9.25845,13.55213,3653.55,0.80908,0.565088,1.431776998,10.93124356,-8.831450368,5.361282536
18.58719,20.59534,5529.43,0.90808,0.222389,4.083295487,8.884333836,-8.403734107,5.439483707
15.49709,20.2679,5282.19,0.89392,0.280459,3.187346457,9.458041155,-8.513639023,5.379392043
14.28379,20.43069,4601.52,0.87186,0.331182,2.632570611,14.99135906,-8.477878992,5.521671588
34.49931,40.65858,6711.71,0.96506,0.0793947,12.15521943,5.584785863,-7.598502897,5.741896255
11.58451,14.88893,3190.01,0.80538,0.534607,1.506489814,14.00609547,-8.813331881,5.365864789
6.78527,9.58038,3378.89,0.74884,0.685349,1.092640392,53.41087984,-7.727868433,5.684592377
24.98142,25.19483,5204.43,0.90446,0.267141,3.385702681,12.50721519,-8.487548668,5.444143144
7.52228,12.85823,3712.43,0.79508,0.579741,1.371440005,16.34293665,-8.713957062,5.522988728
12.93142,21.41382,5840.02,0.89696,0.256837,3.492331712,7.79748929,-8.467381834,5.427255431
14.51023,19.65756,4949.93,0.8731,0.312514,2.793794838,10.35400424,-8.539258032,5.389799531
22.44763,22.84023,5752.52,0.8986,0.264663,3.395261143,8.282100771,-8.518181239,5.321593228
9.84891,17.00745,4439.04,0.84246,0.420271,2.004563722,31.74412794,-8.572620426,5.490637229
14.76754,20.95577,6219.89,0.90232,0.217576,4.147148583,8.622133777,-8.396556906,5.424883418
10.8553,16.51385,4444.96,0.82812,0.401167,2.06427747,20.67780947,-8.586737691,5.448355386
11.53888,17.98905,6200.87,0.89192,0.266579,3.345799932,7.655161323,-8.474052984,5.494551441
24.48828,30.12593,6202.41,0.94384,0.129981,7.261368969,6.874021558,-8.017988779,5.507700334
16.22568,18.90952,3709.93,0.83458,0.407499,2.048054106,19.43556738,-8.727384122,5.328703393
14.01629,22.9646,5651.83,0.901,0.243438,3.701147725,8.502933246,-8.429637481,5.372814589
18.25776,21.58987,5842.84,0.89976,0.231761,3.882275275,8.939765346,-8.375325966,5.390155921
22.88475,27.30582,7063.95,0.93608,0.145004,6.455546054,6.19517577,-8.152738948,5.452090977
20.65941,28.55079,7072.66,0.94312,0.140655,6.705200668,5.318659701,-8.072633708,5.465879827
19.54488,22.65152,5169.56,0.89718,0.232068,3.866022028,11.86002233,-8.363645348,5.41460653
28.96052,31.95486,7193,0.95006,0.1094,8.684277879,6.067356379,-7.907089464,5.612325441
9.05531,15.53203,4642.55,0.82362,0.418891,1.966191682,17.40951015,-8.657334215,5.415934007
9.03819,12.11556,4489.72,0.80902,0.480496,1.683718491,21.981123,-8.69506267,5.534393534
13.27226,20.39496,5954.78,0.89468,0.247893,3.609137813,14.54964334,-8.439793366,5.406211525
14.52035,18.30561,5952.64,0.88568,0.260473,3.400275652,12.8346102,-8.513944027,5.459904398
8.83138,13.68652,4071.07,0.80168,0.50952,1.573402418,17.32646563,-8.521960729,5.624647606
15.28004,19.19565,5450.69,0.88508,0.281434,3.144893652,15.04209169,-8.564540015,5.409406887
6.59048,11.69941,1402.97,0.67536,1.29324,0.522223253,27.37185302,-9.116003652,5.405472679
7.52568,10.92661,3782.45,0.78394,0.599355,1.307972737,26.44787457,-8.597408065,5.625577356
9.59074,14.43792,4005.34,0.81252,0.483551,1.680319139,18.37881618,-8.759050646,5.434832225
7.1391,9.7092,2510.02,0.7212,0.815653,0.884199531,32.85041459,-8.762908599,5.482415453
8.40314,13.68507,4349.95,0.80252,0.477497,1.680680716,17.14508852,-8.587779582,5.534049644
8.19405,15.12904,4178.45,0.81418,0.478608,1.701141644,17.20762971,-8.558548735,5.576775285
6.01138,9.52346,2644.42,0.69882,0.776085,0.900442606,27.34985319,-8.811561895,5.424343244
12.64889,18.5952,5373.98,0.87066,0.30866,2.820773667,14.93132861,-8.562816632,5.323742199
8.44981,12.86956,3540.82,0.77124,0.600024,1.285348586,18.50347356,-8.783850705,5.469236304
8.2115,13.18197,2107.2,0.74676,0.955102,0.781864136,22.91306568,-9.048195307,5.41084137
15.97915,20.91409,6212.9,0.90836,0.219396,4.140276031,13.47902564,-8.348986305,5.409478367
13.3924,18.24902,4405.59,0.86142,0.396969,2.169993123,17.73359723,-8.66194769,5.355485634
16.34199,22.7831,6097.22,0.90984,0.21322,4.267141919,13.28800845,-8.352981298,5.438288332
11.35892,18.1944,5332.66,0.87508,0.325046,2.6921728,15.20655192,-8.509502155,5.399092725
9.59825,17.62466,4695.07,0.844,0.395781,2.132492464,15.8603367,-8.583960544,5.460690871
9.4196,13.32139,5425.12,0.85026,0.382016,2.225718295,12.68772442,-8.538637596,5.528404949
9.60469,15.08588,3307.27,0.82342,0.587589,1.401353667,20.61064705,-8.800249994,5.408577618
12.58541,20.43867,5685.21,0.88712,0.269087,3.296777622,14.66007583,-8.479164305,5.337709706
7.79048,14.16004,2001.58,0.75634,0.942543,0.802446148,43.60610549,-8.529133092,5.360404174
7.47406,11.20532,3174.33,0.7583,0.676533,1.120861806,30.47561484,-8.711999937,5.489498871
12.16002,21.18589,5533.17,0.8769,0.295292,2.969602969,14.92117097,-8.550795908,5.372120526
9.05339,14.45995,4377.87,0.83314,0.469859,1.773170249,15.42757932,-8.677314658,5.387275167
19.33056,21.83146,6059.63,0.91432,0.199151,4.591089174,13.20813289,-8.287374604,5.476212827
12.16641,14.87442,3987.24,0.82928,0.447068,1.854930346,17.25014322,-8.825834106,5.327820567
15.58045,20.52037,4431.12,0.8461,0.407257,2.077557906,16.77948216,-8.617745828,5.444235957
9.32797,13.24877,3400.61,0.79346,0.621702,1.276270625,31.58860712,-8.63678803,5.628232857
13.77401,16.40445,4532.49,0.85504,0.364903,2.343198055,16.52815669,-8.43579195,5.550184176
11.04773,14.96946,4492.21,0.82396,0.472855,1.742521492,28.36280448,-8.635724829,5.567571682
10.57302,18.40529,5393.1,0.8743,0.323789,2.700215264,13.94473665,-8.549613736,5.3988262
5.54034,10.23187,1971.23,0.67616,0.939428,0.719757129,32.38056727,-8.66358095,5.431852615
8.15613,16.35735,2985.09,0.80228,0.658123,1.219042641,23.25070605,-8.94165637,5.359810711
12.59731,18.24915,5396.11,0.86832,0.322495,2.692506861,14.1025824,-8.521010082,5.406966533
10.344,16.79584,5108.78,0.8594,0.354204,2.426285417,14.57163015,-8.615361812,5.399518649
10.64607,16.26747,4716.24,0.8504,0.392646,2.165818574,17.24606222,-8.633748254,5.495525693
6.45866,10.21257,2338.7,0.73156,0.912811,0.801436442,42.84699567,-8.500559054,5.579504034
5.58637,11.08967,2244.07,0.69672,0.880633,0.791158178,42.93068285,-8.271222206,5.615984862
14.61652,20.07987,5509.26,0.88226,0.27925,3.159391226,15.04660279,-8.48638896,5.448408732
8.77439,12.4007,3439.76,0.77434,0.601368,1.287630868,21.49121114,-9.030980513,5.299814616
9.17267,16.98894,4355.22,0.82586,0.441275,1.871531358,16.60321094,-8.505614432,5.582299169
8.5885,15.81993,4110.61,0.8055,0.468374,1.719779492,17.44720235,-8.74120269,5.385392053
9.27755,13.94041,4207.72,0.82008,0.454093,1.805973666,19.97651502,-8.727020216,5.460107403
9.54459,14.30515,4330.85,0.8121,0.443926,1.829358947,17.7426718,-8.606631111,5.518791543
8.68185,13.42776,3388.66,0.78068,0.608034,1.283941359,38.1196704,-8.394113702,5.63574289
6.76596,10.44202,3422.36,0.75688,0.680517,1.112213214,20.37028952,-8.683851974,5.562813593
11.20284,14.58847,4900.82,0.8374,0.411795,2.033536104,21.16935347,-8.605405997,5.499366248
10.92128,14.36738,5023.95,0.83546,0.409936,2.038025448,16.55169563,-8.60239891,5.473917575
8.52701,16.0962,4594.6,0.82436,0.430248,1.916011231,15.86073981,-8.707824038,5.419937572
6.14698,10.15185,2711.53,0.71952,0.774118,0.929470701,33.2226983,-8.621626416,5.669192299
11.30558,17.00932,4650.23,0.8548,0.366028,2.335340466,16.30445483,-8.588134423,5.421532618
9.14981,14.35363,3960.57,0.7947,0.525376,1.512630954,18.76273709,-8.599185403,5.587706084
10.96857,17.03943,4298.74,0.85472,0.439763,1.943592344,14.39900953,-8.70076921,5.39086437
6.90458,11.84769,3333.03,0.76406,0.685621,1.114405772,18.13655503,-8.618804487,5.686710465
10.46259,14.75594,3524.12,0.8317,0.552581,1.505118707,20.00422219,-8.803739325,5.388187807
12.03731,20.14092,5735.2,0.8859,0.276839,3.200054906,12.88926313,-8.505416108,5.376349428
13.00661,18.53585,5737.69,0.8866,0.270397,3.278882532,14.61019553,-8.476064237,5.382408657
8.00072,11.57623,3841.98,0.7769,0.57826,1.343513299,22.23173124,-8.64700201,5.531905255
8.269,11.33491,4077.4,0.79534,0.553167,1.43779365,23.74172057,-8.660925148,5.525954519
5.72893,9.68191,1734.34,0.6859,1.10411,0.621224335,31.65835111,-9.073201346,5.359640902
4.88663,9.94755,1816.11,0.67312,0.976338,0.689433372,49.07693064,-8.15843391,5.561773597
12.04663,15.14446,5313.97,0.84122,0.387751,2.169485056,13.56898531,-8.582002479,5.46856237
9.87932,17.61363,4958.38,0.84446,0.367718,2.29648807,16.09766313,-8.614028631,5.365364797
13.15094,19.36713,6031.38,0.8981,0.242467,3.704009205,14.8280768,-8.410285584,5.369792333
5.919,10.83796,2781.49,0.73234,0.781386,0.937232047,28.84849652,-8.55913042,5.68236403
9.07136,15.08419,4492.91,0.81868,0.433652,1.887873226,16.67694256,-8.731830473,5.414921055
12.1058,20.37315,5240.81,0.87256,0.317154,2.751218651,14.68056734,-8.619307783,5.371779318
8.36997,13.02938,2320.75,0.7087,0.826246,0.857734863,28.00220371,-8.975684036,5.352771355
9.17818,12.42238,2923.38,0.74888,0.703121,1.065079837,22.10781901,-8.797262911,5.415997456
10.11076,17.08221,4432.01,0.84248,0.424148,1.986287805,17.03699277,-8.650479292,5.460462185
7.48074,11.67775,2562.38,0.72048,0.798914,0.901824226,35.00043427,-8.462273793,5.734228902
8.02502,15.16479,3528.53,0.80038,0.552386,1.448950553,31.16449464,-8.976344229,5.427746668
12.90842,21.02114,5318.77,0.87632,0.298908,2.931738194,15.37166763,-8.524553926,5.356221816
12.87077,16.96038,5384.82,0.86916,0.323044,2.690531321,14.79859043,-8.467492838,5.457423312
11.45128,13.87132,6315.52,0.86088,0.307683,2.797944638,16.66816759,-8.535185062,5.394541977
8.85999,12.24613,1989.45,0.7683,0.951047,0.80784651,21.26465819,-9.122007292,5.239873373
8.06315,12.17338,4826.72,0.8082,0.446362,1.810638002,23.37624828,-8.585274524,5.46770092
11.25742,14.86582,6316.26,0.87572,0.272643,3.211965831,14.87772199,-8.557046781,5.388866437
6.98279,9.7079,3654.88,0.75268,0.620892,1.212255916,18.8702289,-8.686752268,5.574647155
8.14922,16.48432,3006.89,0.80012,0.648941,1.232962627,27.44897841,-8.683200079,5.466661579
12.09542,15.94847,5533.54,0.87766,0.316688,2.771371192,12.82686712,-8.536551779,5.394096875
6.93267,10.88134,4510.12,0.78682,0.553506,1.421520273,15.43818307,-8.520108213,5.651974522
10.34882,13.4966,4387.08,0.83056,0.435557,1.906891635,22.31158228,-8.635428688,5.479090063
8.59316,11.30816,3656.75,0.78458,0.599601,1.308503488,16.25979666,-8.80227543,5.405477439
9.77715,12.57598,6024.66,0.8193,0.428728,1.911001847,13.04626116,-8.559274256,5.544700806
10.57604,13.22258,6244.76,0.83656,0.356016,2.349782032,14.74486981,-8.587873841,5.424396328
6.62157,10.42184,3793.28,0.75808,0.606287,1.250364926,18.4515142,-8.787604566,5.421598422
7.38629,10.94309,3743.96,0.77758,0.617973,1.258275038,24.8040187,-8.598290745,5.603261142
10.09769,14.4357,6214.86,0.85074,0.332314,2.560048629,14.49308442,-8.590241639,5.453994471
11.57279,15.6011,6220.66,0.87734,0.278677,3.148232542,14.83901194,-8.516848811,5.409714171
10.76554,15.19075,6157.9,0.86534,0.301873,2.866569716,13.750721,-8.579082691,5.438420535
9.94447,12.53714,4298.35,0.81746,0.460689,1.77442917,18.23162019,-8.739184422,5.355724652
11.18435,14.69009,6126.09,0.86752,0.291137,2.97976554,16.10283591,-8.559898902,5.408758783
10.72403,14.88328,5866.45,0.8655,0.307315,2.816328523,15.61211475,-8.575146743,5.38483876
9.16945,11.09041,3172.45,0.7542,0.692053,1.089800926,19.21664344,-8.8398368,5.441528788
9.09558,16.03929,4467.8,0.82616,0.431942,1.9126642,18.7626352,-8.704090517,5.394184444
10.99131,14.01656,4831.21,0.85212,0.390242,2.183568145,13.38003445,-8.691961632,5.389462794
10.23376,12.44887,4636.22,0.82378,0.428329,1.923241247,20.41340658,-8.67261542,5.4044104
11.63304,14.12623,4902.04,0.85692,0.38139,2.24683395,12.53008079,-8.640965643,5.402511754
12.66181,14.11068,4106.03,0.82386,0.432605,1.904416269,17.05958449,-8.704352224,5.389071464
12.72141,14.69073,3801.1,0.8174,0.475688,1.718353206,25.29985432,-8.707560745,5.425024057
12.67012,14.88775,4684.29,0.84136,0.382381,2.20031853,16.61004141,-8.533249926,5.469906808
10.00357,12.57706,4260.23,0.82216,0.468518,1.754809847,19.08950069,-8.852427506,5.373760976
8.11443,11.16373,4434,0.79204,0.510341,1.55198191,19.67381975,-8.780265762,5.405139944
11.23814,14.0973,5120.75,0.84412,0.370788,2.276556954,15.52304073,-8.660765721,5.430475989
9.6432,10.92789,1853.43,0.73826,1.01546,0.727020267,25.69772365,-9.187795992,5.267185717
11.58191,13.47969,3741.92,0.79156,0.494964,1.599227419,20.45068201,-8.744700158,5.371958292
9.82289,11.85305,3602.24,0.79454,0.554538,1.43279631,17.58265796,-8.819494136,5.360708246
7.08346,11.85876,4670.08,0.7848,0.497922,1.576150481,16.66242167,-8.437903946,5.685776523
8.1238,11.09973,2844.38,0.74178,0.718505,1.032393651,28.42436778,-8.710408138,5.606298849
10.34674,12.71299,4624.06,0.8228,0.43241,1.902823709,17.40653976,-8.730943536,5.374898343
6.0928,9.76056,3565.68,0.73654,0.642672,1.146058954,20.90675729,-8.76443415,5.43622667
6.9522,9.65115,2962.22,0.7061,0.688741,1.025203959,19.83460965,-9.07910174,5.151997384
10.19492,15.16149,5919.36,0.86578,0.306757,2.822364282,17.31508141,-8.532283447,5.43252513
8.71135,12.75058,5005.43,0.82262,0.417796,1.968951354,15.52466865,-8.515382648,5.520142875
10.77186,13.5187,3130.59,0.81126,0.650924,1.246320615,18.6112155,-8.925702907,5.367865479
6.67442,9.6728,4280.9,0.74518,0.557602,1.336401232,21.28825495,-8.633984895,5.554056887
11.89233,16.68214,6737.17,0.88858,0.244842,3.629197605,15.43853123,-8.397627184,5.433864624
9.96826,13.70374,6049.1,0.8414,0.348832,2.412049353,14.84297136,-8.528566353,5.462163831
11.2963,13.8859,4900.31,0.83362,0.365545,2.280485303,17.18121608,-8.707214503,5.347398692
9.96444,13.97751,4476.08,0.82018,0.422344,1.941971473,18.37152561,-8.595519045,5.435231211
10.43191,13.59592,4257.75,0.83376,0.452561,1.84231518,17.59889275,-8.626537888,5.471674755
4.29985,8.07644,1914.47,0.64886,0.933341,0.695201432,20.50939045,-8.824430677,5.452157423
10.45455,14.22497,3661.46,0.8149,0.507005,1.607281979,20.80601448,-8.692232196,5.514833783
5.45342,8.78733,2125.95,0.66926,0.924166,0.724177258,28.6333269,-8.560134062,5.645812091
6.95641,10.69804,4170.44,0.76446,0.602938,1.267891558,11.95901745,-8.71179378,5.593903515
11.95119,15.39612,5188.14,0.85558,0.331852,2.57819751,16.15156774,-8.523913966,5.471833926
12.04581,15.65671,6239.11,0.87736,0.281699,3.114530048,15.07378508,-8.47530343,5.394659292
12.28485,14.18971,3694.2,0.79136,0.506333,1.562924005,20.90273191,-8.869090055,5.327633637
10.69021,14.9419,6827.56,0.86672,0.295582,2.932248919,13.71464093,-8.42476562,5.425833329
12.54347,13.92519,3805.88,0.81208,0.474742,1.710571216,18.55862223,-8.752599162,5.407716546
6.74065,10.73224,4255.11,0.75836,0.56576,1.340427036,17.50971488,-8.634671795,5.551815658
7.29484,11.11525,4515.6,0.77828,0.534879,1.45505806,17.75102155,-8.753646042,5.464007332
7.12749,10.80472,3635.08,0.7546,0.611245,1.234529526,23.85348585,-8.831829228,5.317691312
11.21241,15.43407,6213.59,0.87396,0.278817,3.1345291,16.26172285,-8.507694675,5.352106762
9.22997,15.14553,4491.55,0.83046,0.431369,1.925173112,16.64308623,-8.660449848,5.410232915
11.96459,15.12268,6228.99,0.87978,0.276998,3.176124015,14.06327459,-8.510374827,5.426346409
8.72309,12.29384,3789.8,0.78816,0.533518,1.477288489,18.31181189,-8.903243,5.219296349
9.02078,12.19417,5896.27,0.81074,0.436072,1.859188391,15.06768264,-8.581474788,5.565820683
6.04934,8.60601,2056.3,0.67526,0.943969,0.715341288,35.94066436,-8.621817611,5.662712099
5.93955,9.69733,2892,0.71836,0.736664,0.975152851,24.38857242,-8.836366199,5.336122087
8.85075,13.16883,4741.63,0.82976,0.436571,1.900630138,17.31402879,-8.640382308,5.475007594
9.74008,13.00085,4293.27,0.81598,0.480145,1.699444959,20.02357052,-8.613586244,5.599337835
10.28848,17.4787,4860.78,0.85554,0.376598,2.271759276,30.19056824,-8.583653817,5.535885033
7.72608,11.02545,2966.53,0.7446,0.706565,1.053830858,36.91435533,-8.514071467,5.642737539
13.40867,15.71399,5162.07,0.86626,0.342581,2.528628266,11.80259985,-8.556623002,5.46087055
8.13254,12.93067,4546.67,0.80546,0.457643,1.76001818,16.64853462,-8.519722005,5.591520562
10.47106,13.63735,4227.13,0.82404,0.490662,1.679445321,17.14395177,-8.642453249,5.495499811
7.32246,10.85775,3532.44,0.76876,0.647326,1.187593268,27.43764928,-8.603666393,5.662517022
7.1561,9.83498,3106.21,0.73366,0.678578,1.081172688,18.98094691,-8.813792763,5.43646017
9.08727,11.38312,2804.03,0.74652,0.673497,1.108423646,23.765237,-8.973751302,5.320580107
10.60414,18.08012,5489.71,0.87564,0.312113,2.805522359,13.56444609,-8.543441791,5.399237447
6.33565,9.26021,2911.38,0.70464,0.690474,1.020516341,24.68838245,-9.106405082,5.179224277
9.85661,13.12328,3873.36,0.81816,0.506572,1.615091241,22.31460252,-8.620736273,5.54723945
13.49534,18.36678,5365.66,0.87806,0.303159,2.896367913,14.71535129,-8.554932015,5.400675487
11.0612,13.88073,4362.76,0.83174,0.42659,1.949740969,22.06600347,-8.554657152,5.513522418
11.33612,15.57757,6295.34,0.87996,0.275086,3.198854177,13.39414607,-8.518393548,5.447076617
10.46533,13.08202,3523.97,0.808,0.543855,1.48569012,18.27072435,-8.689816042,5.499968618
9.41512,13.06764,5886.42,0.83864,0.364567,2.300372771,16.22192538,-8.612985651,5.4544296
9.0251,12.01133,3218.72,0.78,0.623702,1.25059724,18.8248911,-8.940725413,5.279365147
21.40818,25.43803,5785.36,0.8871,0.25119,3.531589633,15.62187965,-8.416378989,5.374658167
12.24309,14.38201,3510.93,0.80042,0.534364,1.497892822,25.61007833,-8.696899171,5.443353994
10.8964,13.98412,4977.85,0.84896,0.387711,2.189672204,13.28651172,-8.689979728,5.415285424
10.04806,12.88591,4524.87,0.8222,0.443832,1.852502749,17.49006957,-8.775174062,5.317866702
8.46905,12.05917,4593.63,0.80278,0.456517,1.758488731,17.19967546,-8.784869832,5.316718609
8.0148,14.3639,3082.85,0.76922,0.659923,1.165620838,20.03373658,-8.867663614,5.406210179
9.45246,13.62508,6308.93,0.8558,0.328065,2.608629387,13.16555332,-8.524093869,5.442805099
11.41339,13.87312,5610.9,0.85926,0.328747,2.613742483,14.24924194,-8.576417633,5.473276032
11.05762,13.97634,5167.72,0.85012,0.358372,2.372171933,15.26388114,-8.574317715,5.441729193
19.97509,23.9267,4066.5,0.85628,0.338407,2.530325909,19.46897787,-8.659236302,5.340149089
7.27308,10.71923,2778.68,0.71914,0.691239,1.040363753,18.63323503,-9.160927651,5.132488202
5.67412,10.07006,2360.51,0.6816,0.791555,0.86108988,24.5279173,-9.104670884,5.154492807
7.46894,12.62333,2851.44,0.74216,0.688377,1.078130153,27.63848838,-8.796684382,5.51838513
9.90442,12.98402,5106.7,0.83162,0.391203,2.125801694,15.78840418,-8.543776555,5.477442698
9.1527,11.99778,4558.43,0.79766,0.45878,1.738654693,15.74986561,-8.812725108,5.298563551
8.61692,12.04198,3030.01,0.75156,0.647095,1.161436883,21.25931323,-8.806371897,5.381710649
13.44945,16.26388,6385.3,0.88492,0.26336,3.360115431,11.89494805,-8.42483405,5.486885185
12.10543,14.43677,3904.96,0.80336,0.461662,1.740147554,19.87784745,-8.743477716,5.310954301
8.89577,11.78731,3848.58,0.78108,0.553694,1.410670876,19.03699612,-9.002257712,5.300584068
13.74324,17.93002,6385.14,0.89794,0.229972,3.904562295,13.02355861,-8.409382012,5.41735202
7.56874,11.13345,2850.62,0.72294,0.672059,1.075709127,22.73021612,-9.180701409,5.164166623
9.80493,11.54737,3926.83,0.7951,0.510365,1.557904637,19.0257019,-8.798695102,5.384055925
9.56878,12.71897,4100.69,0.8006,0.50044,1.599792183,18.30850663,-8.788542885,5.346074295
6.16994,12.44029,2239.83,0.70008,0.801421,0.87354836,17.96700441,-9.112671476,5.278499523
12.87515,16.49198,6444.07,0.88826,0.255272,3.479660911,12.35255917,-8.422077361,5.388246349
11.62033,16.22707,6944.74,0.88958,0.240666,3.696326029,12.61148089,-8.426707819,5.426079298
21.30383,25.75181,6045.94,0.89836,0.225719,3.979992823,12.50976083,-8.298294537,5.377994807
26.29034,31.81498,6617.62,0.92142,0.167426,5.503446299,10.8605105,-8.220528885,5.302329122
10.13321,13.27895,5286.44,0.8388,0.375903,2.231426724,16.11916527,-8.579999089,5.431092965
9.96134,16.95189,4349.72,0.84316,0.43094,1.956560078,18.05918993,-8.649886464,5.490358495
11.29486,14.56367,6058.21,0.86462,0.309861,2.79034793,13.74944774,-8.504134571,5.437322497
12.45428,15.56554,5874.62,0.8712,0.297922,2.924255342,14.66025217,-8.548341877,5.403901118
20.81239,24.39445,4803.68,0.88236,0.293446,3.006890535,17.03223737,-8.512803438,5.386839514
8.3051,16.04006,3742.39,0.79476,0.501668,1.584234992,13.79072374,-8.723013064,5.431245302
9.9713,12.62054,4790.28,0.81954,0.422541,1.939551428,20.46131495,-8.69973635,5.395082841
7.71246,10.92374,4326.01,0.78932,0.523557,1.507610442,19.88011197,-8.721624145,5.43553946
11.39532,13.30613,2046.56,0.76068,0.909362,0.836498556,22.42382341,-9.136301052,5.356804228
8.92193,11.9621,4670.42,0.81664,0.467229,1.747836714,15.1187796,-8.561596631,5.591115471
6.53456,9.55877,1345.5,0.6717,1.33145,0.504487589,18.95844133,-9.264514356,5.297281199
9.74382,12.13697,2724.47,0.7598,0.729158,1.042023814,23.15005623,-8.922560422,5.348682485
7.70919,11.4874,4670.55,0.79272,0.487554,1.625912207,16.24557899,-8.502751133,5.627577956
9.32554,12.98489,4582,0.82418,0.451579,1.825107013,15.60017815,-8.57926352,5.507914058
6.68072,9.27005,2921.23,0.70932,0.713125,0.99466433,22.25102495,-8.90285036,5.355280449
10.36083,13.29625,4021.21,0.82422,0.484011,1.702895182,23.38543626,-8.543755189,5.540811007
5.0533,8.25723,1124.28,0.62336,1.44267,0.432087726,25.00040987,-9.124140311,5.262335752
23.09628,25.30603,4027.71,0.8609,0.329461,2.61305587,19.35653395,-8.612596629,5.442453747
12.25657,16.45657,5151.85,0.8608,0.331589,2.595984788,15.36855733,-8.572385309,5.41842123
8.09721,9.95691,2929.05,0.74704,0.688509,1.085011234,25.20675873,-8.552029855,5.604675353
9.23548,12.33037,4631.81,0.81624,0.44653,1.827962287,16.72382319,-8.628956882,5.466360318
9.41624,12.66737,3832.78,0.81836,0.519418,1.575532615,22.55123133,-8.671835346,5.522266685
8.01139,11.70551,4662.17,0.80262,0.484318,1.657216952,14.96317704,-8.728987871,5.371300147
11.86169,14.15683,3930.54,0.81288,0.46215,1.758909445,20.55842895,-8.845058749,5.26473021
12.69503,15.10624,5843.34,0.87284,0.289565,3.014314575,12.4773889,-8.518319439,5.424327853
22.93744,26.81747,6679.72,0.91262,0.198953,4.587113539,9.850031213,-8.298862682,5.415531554
12.12859,14.40711,5143.7,0.85192,0.352905,2.41402077,14.94121863,-8.613095342,5.393363472
11.91301,20.62785,3407.56,0.81774,0.477868,1.711225694,20.3227383,-8.709026046,5.396518245
11.34146,14.33439,4803.73,0.84514,0.388232,2.176894228,17.84115178,-8.608713653,5.468301645
6.26318,8.45103,2680.6,0.69072,0.725572,0.951966173,20.73512874,-9.099772951,5.112354881
10.72748,14.15193,3628.36,0.801,0.504428,1.587937228,20.02062266,-8.780076152,5.336802658
10.74312,13.81771,5822.6,0.84504,0.352297,2.398657951,14.2286642,-8.584638655,5.438683162
7.2298,9.68486,3028.64,0.7254,0.684748,1.059367826,18.56044244,-8.917905974,5.390966302
10.68723,13.33688,4740.56,0.82726,0.409012,2.022581245,16.99656205,-8.592000134,5.44941197
20.9652,24.23824,3919.69,0.85758,0.356536,2.405311105,19.49786594,-8.666732178,5.412608484
9.42861,12.17997,4674.84,0.80482,0.424599,1.895482561,17.98513907,-8.72391646,5.363431583
7.80564,10.31614,3106.28,0.74614,0.678803,1.099199621,23.45699195,-8.857001972,5.333206565
4.35347,7.52588,1055.05,0.61978,1.53103,0.404812447,25.24605631,-9.229157663,5.268514914
7.69666,15.91939,3347.55,0.79424,0.542103,1.465109029,16.66153917,-8.731646507,5.403607681
8.79327,13.68499,3835.04,0.7744,0.533382,1.451867517,18.68675514,-8.73055049,5.440317009
6.93982,9.29201,2355.95,0.67424,0.747071,0.902511274,23.22794334,-9.215453778,5.137710098
8.47503,11.05968,3462.18,0.77516,0.573863,1.350775359,20.2264049,-8.783475402,5.377145116
13.32428,14.84069,4758.17,0.83928,0.369062,2.274089448,18.51185302,-8.802501311,5.274002506
12.51611,23.56796,3776.49,0.8564,0.422263,2.028119916,14.57323957,-8.701282951,5.334455728
7.44309,15.4149,3078.75,0.7664,0.580289,1.320721227,19.01430032,-8.879590159,5.324160965
17.92654,21.14327,3988.88,0.8335,0.41195,2.023303799,19.2288383,-8.735025005,5.280138908
10.7607,13.85522,4053.84,0.81432,0.472675,1.722790501,19.8281762,-8.857146983,5.279671926
10.16764,12.9661,4566.98,0.83224,0.420353,1.979859785,19.3366277,-8.576996997,5.483624034
6.0694,9.00577,2958.88,0.69804,0.728121,0.958686812,22.75579239,-8.763451782,5.504176393
10.89717,17.01091,5039.04,0.85794,0.34908,2.457717429,15.8023635,-8.53021084,5.495121484
7.28157,9.08345,1644.78,0.68996,1.21049,0.569984056,23.48301859,-9.12750187,5.420230528
11.92149,15.91705,6278.07,0.87694,0.281089,3.119794798,13.25997182,-8.524398123,5.379429828
8.54783,11.21149,4222.88,0.78508,0.500095,1.569861726,19.71365159,-8.846250721,5.293646
10.82225,12.90365,4138.91,0.82842,0.469725,1.763627654,19.73856481,-8.646469965,5.478821154
18.70331,23.08851,4236.87,0.8492,0.360349,2.356604292,19.89005012,-8.651919526,5.237812616
17.89265,20.29452,3915.4,0.8381,0.395655,2.118259595,18.86094983,-8.644912405,5.401585895
7.53076,14.60347,3129.15,0.7634,0.648779,1.176671871,29.9724784,-8.830026563,5.520676807
9.88654,12.33604,4083.47,0.79762,0.494519,1.612920838,19.08786113,-8.791849179,5.364344824
5.66502,8.04576,2244.67,0.65642,0.857195,0.765776749,24.58772632,-8.988011705,5.325776502
7.31841,13.27819,2962.8,0.7626,0.666604,1.144007537,18.39710998,-8.904343151,5.408644491
19.42706,22.77015,5199,0.86454,0.303622,2.847422124,15.04654749,-8.56342913,5.290448797
8.40421,13.55573,3065.64,0.748,0.679182,1.101324829,21.85391252,-8.945202192,5.339448309
10.5435,12.33312,4658.59,0.80658,0.419026,1.924892489,18.23749817,-8.737256675,5.321820285
8.78985,12.51479,5562.85,0.83576,0.372587,2.243127109,14.56220641,-8.619050363,5.428066106
11.86899,13.75544,6791.91,0.85646,0.316259,2.708096845,14.16045619,-8.476917616,5.51004141
10.55314,13.78895,3002.33,0.80982,0.632984,1.279368831,18.37094795,-8.909766583,5.376737912
11.18033,13.68367,5276.17,0.8515,0.349422,2.436881479,18.02424166,-8.583969612,5.446481188
9.80851,14.41297,6083.11,0.85982,0.334768,2.568405582,12.454807,-8.551342885,5.440850661
9.39684,11.15331,3685.08,0.77984,0.556752,1.400695462,21.43777648,-8.974144759,5.202940637
8.84641,11.52951,3231.95,0.74812,0.617471,1.211587265,21.69026964,-8.931761104,5.317219555
9.81815,12.33968,4898.03,0.82644,0.433574,1.906110606,15.44602704,-8.559360934,5.566621401
5.9608,8.15066,2343.2,0.67038,0.812614,0.824967328,19.2139581,-9.167967843,5.134990456
19.57416,22.50123,4422.72,0.88702,0.307448,2.885105774,17.20069393,-8.563694541,5.436130623
23.05094,25.62724,4444.42,0.85992,0.301751,2.849766861,21.8520152,-8.481627503,5.390139993
11.42073,13.92024,5634.61,0.85614,0.326327,2.623564707,14.04137956,-8.552394283,5.380589905
11.6535,16.42866,4747.73,0.85716,0.379554,2.258334782,23.90152331,-8.501590804,5.470578411
8.73149,11.22872,1931.19,0.73254,1.00548,0.728547559,22.62006204,-9.002934338,5.383708248
11.84022,13.8494,6255.84,0.86414,0.305519,2.828432929,21.18361576,-8.420221838,5.370506819
12.61881,15.26012,5589.96,0.86252,0.308019,2.80021687,15.32900168,-8.53989056,5.404721126
10.02984,15.49239,4800.83,0.83734,0.383839,2.181487551,14.9726223,-8.614115552,5.409029235
12.03148,17.23729,4787.6,0.85226,0.375622,2.268929935,13.92600948,-8.486327188,5.497542288
9.25612,12.2285,4682.49,0.82142,0.437334,1.878244088,15.57467174,-8.646501191,5.495773451
8.92293,14.17531,6196.96,0.85394,0.335374,2.546231968,13.88325765,-8.540936193,5.406477721
12.0599,16.64812,6239.53,0.87804,0.276514,3.175390758,14.24931408,-8.500599475,5.377169647
12.19707,17.55938,5618.22,0.87532,0.307166,2.849664351,15.56778229,-8.539579764,5.396660284
18.61421,20.68334,4910.39,0.8686,0.32628,2.662130685,14.27939828,-8.450573262,5.516256006
12.30556,14.04384,3241.22,0.80208,0.543192,1.476604957,33.67699507,-8.628689394,5.510907857
25.14305,29.14432,6057.74,0.90658,0.206494,4.390345482,11.04091387,-8.368095202,5.50667095
12.80052,15.32152,5118.49,0.85832,0.36158,2.373803861,12.99663516,-8.622323589,5.444516991
9.32082,11.16014,3258.25,0.76686,0.636246,1.20528852,18.78194159,-8.809960194,5.423035156
14.13516,18.84697,6490.68,0.9034,0.214754,4.206673682,14.45144634,-8.31822021,5.381399769
7.39276,12.52026,3360.51,0.7554,0.61589,1.226517722,19.15614063,-8.82040368,5.479422513
11.66389,15.12609,5685.23,0.86094,0.317573,2.710998731,14.12055663,-8.597620696,5.410906205
12.09086,16.76551,6175.8,0.87822,0.281099,3.124237368,13.75704666,-8.518878055,5.410294616
7.51751,9.77049,2531.4,0.7342,0.801508,0.916023296,18.80024549,-8.943919099,5.431417349
6.15356,9.22596,2741.67,0.69232,0.723937,0.95632631,22.44637541,-8.8163096,5.477989344
10.22388,13.52073,4571.3,0.82036,0.430506,1.905571583,17.13514599,-8.604032348,5.431508335
11.52489,15.87595,6070.07,0.8698,0.290342,2.995777394,15.85150504,-8.567624703,5.375467297
9.31745,14.63208,5795.69,0.85098,0.351283,2.422491268,14.35710448,-8.497067584,5.431227922
12.15769,15.70638,5975.84,0.87788,0.29253,3.000991351,15.25856499,-8.472442438,5.39853239
6.25961,9.58567,2537.37,0.69826,0.790678,0.883115503,18.80458713,-9.056881647,5.249200453
9.57693,13.91617,6138.49,0.84868,0.342474,2.478085928,13.81857933,-8.546731358,5.402899089
7.82902,11.45341,3258.44,0.7645,0.640462,1.19366957,30.0035745,-8.594003258,5.632500948
7.98116,12.85445,4530.48,0.80374,0.464106,1.731802649,17.41928143,-8.557367969,5.54743118
9.19965,10.98905,2882.31,0.74396,0.687904,1.081488115,23.00224339,-8.88933104,5.338791897
11.01821,13.05228,4320.89,0.83576,0.433624,1.927384093,24.77991615,-8.651490418,5.431513101
11.33012,13.82491,5538.78,0.85612,0.329714,2.596553377,15.4382187,-8.613445819,5.404055723
6.80508,11.85183,4290.19,0.77012,0.566158,1.360256324,17.95206202,-8.671896192,5.491407203
9.78864,13.25999,3750.56,0.81548,0.542891,1.502106316,18.7450906,-8.706849406,5.537287092
11.66114,14.67558,6192.23,0.87502,0.286885,3.050072329,12.12841692,-8.496755734,5.435365961
7.25608,11.30434,3596.33,0.7733,0.641093,1.20622125,23.64403093,-8.644983281,5.572274222
8.75181,11.56214,3111.95,0.74972,0.654735,1.145073961,24.67609253,-8.886996443,5.352852101
9.59824,13.65978,4068.63,0.81788,0.483263,1.692411792,23.90412897,-8.586175029,5.546994758
9.63647,12.85227,2948.45,0.8043,0.672861,1.195343466,18.59258455,-8.93531295,5.342288867
10.60319,16.45169,4896.4,0.85244,0.377231,2.25972945,14.52033926,-8.633239666,5.428168862
10.91568,12.75312,3690.43,0.79952,0.547567,1.460131819,17.02458121,-8.830357826,5.368381877
10.72269,21.80121,3694.01,0.81212,0.462729,1.75506614,21.44920334,-8.884837074,5.139067162
11.291,14.89288,6702.8,0.86666,0.297878,2.909446149,12.01319461,-8.525785113,5.423459322
7.74784,12.30337,4417,0.8036,0.512613,1.567654351,18.88911381,-8.587903787,5.56174636
10.97503,14.07088,4185.71,0.81414,0.450914,1.805532762,16.84257342,-8.84771584,5.337662768
7.85413,11.36179,4036.7,0.79042,0.539768,1.464369877,17.70328334,-8.650011564,5.528995021
12.34343,18.18019,5568.82,0.87962,0.299426,2.937687442,13.37177274,-8.528310048,5.404545381
12.84178,15.63783,5122.93,0.86066,0.352744,2.439899757,11.94905316,-8.57676953,5.4291791
9.51356,16.11373,3922.98,0.81154,0.470116,1.726254797,17.32063226,-8.703700156,5.442849975
5.62994,10.52801,2139.39,0.68508,0.891297,0.768632678,41.32645804,-8.362598859,5.426528354
26.97546,29.78923,6240.28,0.91682,0.199482,4.596003649,9.713684688,-8.233367194,5.458298792
15.17812,18.90197,6923.78,0.91596,0.186349,4.915293347,12.6870803,-8.279490973,5.434632984
12.32703,17.00774,6768.68,0.89082,0.242724,3.670094428,13.72516208,-8.475640878,5.402010124
11.24257,14.25412,4970.62,0.86034,0.358298,2.401185605,15.36659176,-8.596404284,5.42296237
7.7881,11.89276,4115.22,0.79048,0.546347,1.446846052,22.97867088,-8.534110484,5.61403168
11.94486,15.35772,5665.1,0.86368,0.312645,2.762494203,14.3656812,-8.527762028,5.376626865
8.60279,11.42392,2692.86,0.75086,0.791981,0.9480783,21.91808988,-8.861736507,5.469550839
8.03303,12.59833,5058.49,0.81698,0.42547,1.920182387,16.24645008,-8.615263426,5.425865872
8.03696,11.84927,4344.48,0.80254,0.491037,1.634377857,16.69152673,-8.643156908,5.550997561
6.78038,8.78083,2533.27,0.69656,0.810463,0.859459346,24.0286818,-8.98393647,5.243249388
10.80349,12.41387,3153.64,0.78274,0.592642,1.320763631,28.64205667,-8.712105964,5.525257462
29.01298,34.8959,7100.13,0.93702,0.133189,7.035265675,10.42811381,-8.067542133,5.51998027
10.53763,15.12697,5923.75,0.8507,0.334321,2.544560467,16.5891239,-8.516345622,5.412139233
12.03766,20.24987,5040.93,0.86602,0.332001,2.608486119,15.51605154,-8.608798599,5.349340039
9.66969,12.83644,4743.33,0.81248,0.43741,1.857479253,16.48280062,-8.776596286,5.345148384
23.94508,26.89991,5855.55,0.90806,0.214193,4.239447601,10.10908119,-8.351931335,5.515126265
8.27548,10.80994,4369.35,0.78654,0.513297,1.532329236,18.67247827,-8.754195477,5.382667572
11.99037,15.85303,6042.77,0.87818,0.286302,3.067320522,15.08590581,-8.513627463,5.400502277
9.55317,13.12792,5742.43,0.83954,0.369579,2.271611753,16.35685632,-8.556108039,5.456812519
5.44682,8.99293,2265.15,0.66048,0.781202,0.845466345,16.13700189,-9.186791344,5.173059525
6.90087,8.94506,2405.33,0.70102,0.815093,0.860049099,23.13062629,-9.033572981,5.26290278
6.85238,10.44498,3945.12,0.74944,0.585092,1.280892578,18.47278594,-8.839524695,5.405085966
12.71764,24.89417,3783.91,0.84366,0.429153,1.965872311,23.12363979,-8.630182342,5.355848757
10.36689,14.61184,5152.18,0.84032,0.396793,2.117779296,18.99716262,-8.576075202,5.458380822
11.03397,14.71635,4488.7,0.82498,0.416467,1.980901248,19.09590134,-8.529465957,5.55306854
9.83134,14.17206,4872.84,0.84058,0.406694,2.06686108,14.38086151,-8.638998544,5.482643487
8.69079,10.83488,3176.85,0.75152,0.618434,1.215198388,20.15267685,-8.872469726,5.401914826
8.83586,13.86917,6087.22,0.84666,0.366305,2.311352561,12.12919227,-8.514363165,5.482409912
11.57736,15.18423,6246.31,0.87952,0.268908,3.270709685,14.35186737,-8.480009388,5.378342881
11.11374,13.93509,4709.01,0.83958,0.403833,2.079027717,16.28608985,-8.59062976,5.470853404
10.4477,13.13322,4386.3,0.83134,0.445959,1.864162401,24.50434558,-8.572089009,5.491193684
9.47389,12.46122,3342.19,0.76852,0.60183,1.276971902,27.60909054,-8.573710086,5.620105647
9.53003,12.5674,4823.11,0.81186,0.419227,1.9365642,18.47774003,-8.702331116,5.330139708
6.54606,10.29103,3272.44,0.72756,0.632053,1.151105999,21.77625713,-9.01837026,5.218343931
7.07674,9.26842,3110.96,0.72142,0.693233,1.040660211,15.54101693,-8.838296093,5.480283239
8.25627,11.7471,4462.52,0.80822,0.483773,1.670659586,16.51991962,-8.566251667,5.580584533
10.7012,14.49545,4610.3,0.83078,0.411052,2.021106819,22.88867326,-8.5154841,5.551681378
11.00248,15.65428,5358.84,0.85262,0.343082,2.48517847,15.9687333,-8.65764838,5.36348359
9.49603,12.58939,4455.87,0.81304,0.448366,1.813339995,16.87086948,-8.54591198,5.575455863
10.09013,12.15133,4694.03,0.81488,0.429209,1.898562239,16.42988334,-8.735967644,5.386106565
12.88204,20.22895,6533.87,0.89792,0.230817,3.890181399,11.55994938,-8.416054161,5.416419328
6.22185,8.9427,2067.66,0.70478,1.00842,0.698895302,24.95525779,-8.853846685,5.462904524
8.33885,10.6456,3291.74,0.76944,0.625068,1.23097007,20.09287742,-8.839462574,5.363264797
17.5637,21.59827,5084.42,0.87504,0.309743,2.825051736,11.81793672,-8.428207593,5.507274018
10.55751,13.51204,4795.11,0.81928,0.409238,2.001964627,16.88992961,-8.736297086,5.323209983
5.41121,8.36662,1936.8,0.64684,0.818071,0.790689317,17.32109514,-9.316832647,5.045651812
11.35636,14.44646,4434.87,0.84442,0.428394,1.971129381,14.04253716,-8.674492751,5.428083812
11.88621,15.17856,6359.28,0.87704,0.277324,3.162510277,12.97715016,-8.495084547,5.389697084
12.37388,16.15623,6289.4,0.88362,0.256431,3.445839232,14.39867422,-8.456780639,5.358001041
12.9038,16.69233,6587.52,0.8929,0.235936,3.784500882,13.82317091,-8.40387327,5.402156358
9.8977,12.47438,4524.38,0.83084,0.448516,1.852419981,15.59730268,-8.634536402,5.464570118
10.46376,13.21235,4352.75,0.82478,0.446071,1.848988166,21.09550993,-8.727829898,5.428355551
11.12263,15.15808,4440.39,0.82386,0.453357,1.817243365,15.81365854,-8.686623709,5.433165925
6.76238,9.12709,2438.54,0.69884,0.84108,0.830884101,23.71321142,-8.957012538,5.300318279
9.18162,12.02965,3743.21,0.78462,0.526147,1.491256246,18.71440872,-8.641807769,5.525900904
19.83481,23.46749,4953.75,0.86926,0.296538,2.931361242,14.61695156,-8.394838337,5.550601283
8.79752,14.82655,2116.83,0.72466,0.778366,0.931001611,27.35283947,-9.147050651,5.230382956
12.26884,16.72766,7259.33,0.9012,0.218102,4.132011628,9.655352063,-8.380904568,5.406329605
12.00828,13.75871,6550.22,0.86188,0.302531,2.848898129,14.83801749,-8.54183453,5.379512674
25.29727,29.25394,6599.98,0.91742,0.181319,5.05970141,10.8011039,-8.248202968,5.442348041
11.54391,16.90246,5142.97,0.85862,0.346871,2.475329445,18.94923232,-8.653749902,5.362121191
9.47799,12.44028,5196.44,0.83882,0.400902,2.092331792,13.47821882,-8.628007433,5.465771326
8.55135,12.56452,4838.89,0.82278,0.444439,1.851277678,15.62910221,-8.588227195,5.514110893
7.21135,15.34353,3086.7,0.77578,0.589025,1.31705785,18.62864126,-8.790286177,5.410276709
10.18891,12.57871,4331.19,0.8153,0.45887,1.776755944,18.62290158,-8.772181995,5.358098776
9.78203,16.36893,6052.71,0.8507,0.326481,2.605664648,14.21294204,-8.529870626,5.429335433
9.99949,12.48253,3164.97,0.76646,0.612594,1.251171249,24.36078786,-8.79209979,5.412682471
13.2197,17.90197,5015.35,0.86196,0.348553,2.472966808,13.12479145,-8.596734535,5.45503855
8.97195,12.31069,4963.06,0.8064,0.416166,1.937688326,17.23507407,-8.731199101,5.372811424
10.09507,13.60949,4876.03,0.847,0.394074,2.149342509,15.80487873,-8.580742997,5.464181611
12.23586,14.6357,4967.23,0.85578,0.373932,2.288597927,14.13505656,-8.6088732,5.433177034
9.79623,12.91894,4851.21,0.83308,0.413023,2.017030529,16.22817692,-8.748855283,5.358161692
12.77878,15.9041,5006.04,0.85226,0.342913,2.485353428,17.24502382,-8.537824457,5.516226415
7.11431,9.68437,3067.9,0.723,0.693898,1.041939882,21.65923832,-8.886974598,5.321743315
8.6669,12.10922,4571.24,0.81662,0.4539,1.799118749,19.49470158,-8.581289482,5.409010501
11.46278,13.82533,4451.53,0.84006,0.416988,2.014590348,19.62767112,-8.627011397,5.44760578
9.7218,11.26551,2866.89,0.75318,0.69124,1.089607083,27.11407985,-8.707111743,5.478037134
11.75391,15.49672,6243.5,0.87848,0.272968,3.218252689,13.01685506,-8.506375768,5.462938008
11.4597,15.12995,6128.16,0.8734,0.280721,3.111274183,16.28286864,-8.505359406,5.414635772
6.02731,8.93102,2557.49,0.69584,0.847724,0.820833196,32.19961574,-8.477023556,5.698760243
12.44241,13.68643,3333.39,0.7955,0.543576,1.463456812,21.58031989,-8.906569588,5.284711354
7.64128,12.37228,4496.48,0.79234,0.478445,1.656073321,16.9763402,-8.54071941,5.586396993
13.07158,15.09219,4884.52,0.8554,0.35331,2.42110328,16.33863256,-8.635112756,5.316518516
9.0783,12.86194,3317.02,0.7844,0.608086,1.289949119,26.03259203,-8.558360299,5.569099257
12.58793,15.51655,5584.2,0.86276,0.307396,2.806672826,13.81300932,-8.524408787,5.43202818
21.40818,25.43803,5785.36,0.8871,0.25119,3.531589633,14.44605161,-8.469850375,5.451535809
16.41575,29.56538,5136.2,0.88912,0.267123,3.328504097,15.70001814,-8.531151672,5.339092529
10.33976,12.52438,3378.23,0.77836,0.571624,1.361664311,20.94002957,-8.868874205,5.364764178
8.67618,12.01699,3647.79,0.79018,0.545988,1.447247925,21.58628933,-8.91422455,5.2882814
7.60052,10.39012,2930.26,0.74018,0.691,1.071172214,26.62546328,-8.685220178,5.434196675
10.87614,13.38336,4973.13,0.8485,0.379,2.23878628,16.18109996,-8.59481209,5.442396278
12.58758,15.75068,6403.1,0.8873,0.261641,3.391288063,11.84188963,-8.49554489,5.402953425
16.66131,20.60635,3280.25,0.81156,0.506297,1.602932666,26.68963933,-8.55600702,5.396692197
10.15611,17.95324,3519.91,0.84358,0.528379,1.59654339,19.2501114,-8.880042588,5.37906751
5.69924,8.39436,1451.14,0.66116,1.3162,0.502324875,23.59417585,-9.121538879,5.329568719
9.93628,12.4391,4744.14,0.80946,0.415409,1.948585611,18.01908621,-8.685087787,5.361609745
25.33368,29.12361,6606.03,0.91732,0.181928,5.042214502,11.31841721,-8.254192789,5.421384399
5.36068,8.90465,2132.74,0.65902,0.861994,0.764529684,19.89583394,-9.223375896,5.134059297
12.75523,17.63621,6899.58,0.90154,0.216853,4.157378501,13.50241038,-8.398762166,5.434795646
10.69027,13.11463,3574.94,0.79046,0.54299,1.45575425,18.68000716,-8.735590344,5.452385716
12.58056,15.85642,5006.76,0.8628,0.342046,2.522467738,15.11914526,-8.590194551,5.465909311
12.69879,15.97571,5629.05,0.87498,0.308427,2.836911165,19.91529349,-8.524347736,5.393201679
5.89371,8.63174,2249.15,0.66166,0.820593,0.806319332,21.81575525,-9.08669092,5.331316293
13.18199,16.93506,6253.84,0.88598,0.255497,3.46767281,14.10584431,-8.506256113,5.402511067
10.49403,13.03683,4041.6,0.80474,0.485463,1.65767525,18.28106429,-8.676156572,5.440520657
11.06607,14.04005,4486.48,0.82958,0.405512,2.045759435,17.9116376,-8.545874729,5.518707749
9.05235,11.72837,4272.34,0.80862,0.501524,1.612325631,19.59788807,-8.541819837,5.588954704
9.35582,11.64669,4142.67,0.7958,0.489954,1.624234112,19.53988756,-8.734424229,5.2707923
7.76112,11.18167,2342.7,0.74084,0.886798,0.835410093,18.49557306,-9.047574726,5.391602575
13.99484,16.74476,6555.87,0.8939,0.23782,3.758725086,11.93085348,-8.452655284,5.393099855
11.71612,14.82999,6001.15,0.87332,0.28722,3.040596059,15.28981169,-8.510041138,5.412875275
11.45057,15.29667,6319,0.8765,0.279918,3.131274159,12.69514841,-8.498922173,5.442267621
7.76503,10.33126,3362.68,0.74772,0.605344,1.235198499,20.8027625,-8.866454663,5.397430412
7.94959,10.85972,4883.39,0.77914,0.477758,1.630825648,16.26826892,-8.689679059,5.432910707
8.48994,13.76686,4481.45,0.80724,0.462178,1.746599795,16.72024691,-8.638887959,5.507635964
31.5725,34.50706,7091.19,0.92852,0.154346,6.015834554,7.803727022,-8.141115482,5.563268805
7.68236,9.98545,3296.26,0.74548,0.645702,1.154526391,20.16440324,-8.635236608,5.523246104
11.37435,15.22002,4763.66,0.86098,0.367132,2.345151063,16.71935923,-8.658671532,5.383669152
13.55805,16.44875,5173.62,0.8644,0.316997,2.726839686,15.95029457,-8.499386689,5.423648066
11.24911,15.71883,5966.94,0.86804,0.295006,2.942448628,14.87242251,-8.539763341,5.430458222
11.70149,20.93317,5323.55,0.87892,0.304289,2.888438294,14.23430084,-8.500656384,5.400345776
11.34174,13.16581,3566.6,0.80412,0.524206,1.533977101,23.45637195,-8.656599082,5.476505699
8.90186,13.07689,5619.51,0.83438,0.376082,2.218611898,14.18137585,-8.553348388,5.493294521
10.9064,13.75004,4922.34,0.8381,0.385215,2.175668133,17.24148228,-8.562086521,5.494683216
8.65463,10.67469,3573.11,0.76612,0.615362,1.244990753,19.33740269,-8.753032981,5.47770912
9.46501,14.32918,5750.92,0.85508,0.344331,2.483308212,12.87313792,-8.608859878,5.432810018
4.66613,7.96221,2283.35,0.65082,0.826304,0.787627798,24.9928671,-8.683207391,5.572279827
8.94242,13.1595,5817.53,0.84126,0.367561,2.288762954,17.5502405,-8.564952808,5.477466229
7.8507,11.78803,1983.82,0.7484,1.04996,0.712789059,21.37706343,-9.179879619,5.295661283
12.14095,15.23061,6072.46,0.87726,0.285227,3.075655531,12.914244,-8.478778102,5.419482558
11.94234,14.90765,4233.75,0.84674,0.418577,2.022901402,24.16349668,-8.540121633,5.485836849
8.99005,11.25824,2934.31,0.73826,0.675984,1.092126441,28.81581326,-8.784953808,5.471333355
9.45963,13.88548,4597.29,0.83362,0.442494,1.88391255,15.38266497,-8.643578302,5.489530309
13.81631,17.46171,6393.63,0.8938,0.233669,3.825068794,14.29806557,-8.443314886,5.413089101
10.17743,12.50467,3729.78,0.79318,0.53059,1.494901902,19.33393815,-8.773910068,5.424204191
11.4139,13.78946,4967.25,0.83608,0.383271,2.181432981,16.65581752,-8.49777366,5.561632462
9.74336,14.30832,6001.55,0.84966,0.343181,2.475836366,13.51961477,-8.527242255,5.431383576
7.80922,9.85833,3308.23,0.73488,0.638752,1.150493462,21.61227429,-8.816557387,5.390965576
9.00434,13.7348,3440.55,0.7875,0.608436,1.294302112,18.97929264,-8.801226557,5.458767613
10.03825,11.49778,3503.26,0.77988,0.563503,1.383985533,20.81381444,-8.74540721,5.392029765
8.52342,12.63358,5057.07,0.8152,0.421817,1.932591621,16.22231305,-8.594366057,5.501990728
11.39226,14.15909,4306.36,0.82024,0.432105,1.898242325,17.94853756,-8.711291594,5.363073815
5.42199,8.97496,2545.84,0.68302,0.83998,0.813138408,20.44575083,-8.633579341,5.637282905
12.38752,16.54384,6310.34,0.88538,0.25985,3.407273427,13.79120176,-8.478924807,5.427184641
8.51817,10.78941,3526.69,0.74752,0.579401,1.29016001,18.56714912,-9.039854835,5.136533263
5.00277,7.78834,1639.75,0.64096,1.11075,0.577051542,15.9902818,-9.236222823,5.240386933
11.58792,15.59036,4584.78,0.83806,0.402516,2.082053881,18.31941472,-8.752721976,5.342460877
6.58722,10.79609,3844.67,0.75152,0.6135,1.224971475,19.81703635,-8.829850563,5.409315747
7.7705,11.66802,5081.3,0.81404,0.462155,1.761400396,13.12818,-8.654149136,5.511303769
13.86289,17.67488,6308.21,0.88966,0.244759,3.634840803,12.99047303,-8.476000155,5.407334386
11.45109,14.15097,4998.77,0.84288,0.370703,2.27373396,16.37068699,-8.556830972,5.465315619
10.83914,13.48933,4969.24,0.83414,0.388198,2.148748834,16.94800504,-8.656130542,5.356908185
11.60691,14.98494,5892.07,0.8698,0.302471,2.875647583,21.04727995,-8.521162453,5.392671344
8.83229,16.10023,3889.24,0.83014,0.489275,1.69667365,30.96700834,-8.65553646,5.551958615
22.94863,28.42194,6275.2,0.91036,0.194317,4.68492206,13.23249238,-8.309065116,5.433096919
7.34082,12.96315,2607.97,0.73182,0.768291,0.952529706,32.1608649,-8.662101226,5.635593436
7.70498,10.24528,2269.57,0.69442,0.828469,0.838196722,25.59384932,-8.741148862,5.542853864
9.52437,12.60455,4789.37,0.82376,0.416955,1.975656845,16.60397232,-8.705263384,5.375670512
9.68949,12.48946,4323.39,0.82238,0.468988,1.753520346,16.38297092,-8.632537876,5.473960715
7.06068,9.38272,2852.91,0.72034,0.706226,1.019985104,21.67136265,-8.85149959,5.379748601
10.10571,13.1701,4050.59,0.80568,0.485015,1.661144501,18.61973869,-8.820891373,5.340209485
9.77046,13.72758,4668.44,0.8264,0.418847,1.9730355,17.13701984,-8.614326409,5.427984991
13.98557,16.91039,6276.74,0.89228,0.249117,3.581770815,12.76707706,-8.430135912,5.389464577
9.30309,11.50147,3845.84,0.78934,0.525857,1.501054469,17.91846061,-8.714826103,5.444506718
9.3933,12.09226,4984.02,0.8228,0.407853,2.017393522,16.12699426,-8.700230813,5.332963993
8.85799,12.74178,3606.8,0.77594,0.559682,1.386394417,19.68856402,-8.962698566,5.301734296
8.56038,18.12592,4925.25,0.84948,0.390282,2.176580011,11.02883414,-8.667283936,5.432400517
7.23435,9.39959,2934.22,0.7215,0.686157,1.05150862,21.63098336,-8.932920148,5.320248959
11.52071,14.21981,5115.5,0.8506,0.360807,2.357493064,16.25452752,-8.574061717,5.442914045
18.50157,22.60672,5491.83,0.85368,0.301886,2.827822423,16.50434598,-8.515598914,5.297406565
11.67419,14.17014,4794.98,0.8396,0.414866,2.023785994,12.54302194,-8.754627775,5.308456063
7.43067,9.64597,3313.8,0.73074,0.633673,1.153181531,22.20475997,-8.799280773,5.380628395
11.60783,15.91426,6325.28,0.88218,0.266952,3.304639036,13.04169657,-8.510001923,5.396309158
10.4367,12.65761,4862.53,0.8199,0.421938,1.943176486,17.45571746,-8.688840457,5.357377691
8.12033,15.4689,3631.41,0.8046,0.558758,1.439979383,21.23197933,-8.901010064,5.340170254
7.41473,9.83737,3194.09,0.74106,0.660322,1.12227065,23.18038581,-8.855499026,5.344274278
5.90506,8.10936,1429.18,0.65924,1.34641,0.489627974,27.02487196,-9.056409705,5.253878954
19.67196,23.05026,2792.76,0.82726,0.480996,1.719889562,34.26897406,-8.534262683,5.448248448
12.45512,15.30505,5003.96,0.85384,0.350716,2.434562438,16.61201794,-8.69771387,5.303637849
9.00151,15.8688,3961.52,0.82306,0.483655,1.701750215,30.88822673,-8.480797964,5.51430446
8.20672,16.15043,3876.6,0.80934,0.480191,1.68545433,16.37841375,-8.710549839,5.427943741
15.5745,18.44948,3032.87,0.81686,0.488151,1.673375656,33.53778037,-8.526470492,5.387580503
6.42698,10.38833,3447.92,0.73666,0.65472,1.125152737,20.09766391,-8.894047305,5.301918213
9.45715,12.49417,4661.01,0.82626,0.454829,1.816638781,16.06049229,-8.551026094,5.533864201
8.13898,11.10145,2743.38,0.729,0.703018,1.036957802,20.45827971,-9.238010131,5.090993083
5.09184,7.80723,2137.05,0.66384,0.843923,0.786612049,25.05140391,-8.859085446,5.42634154
10.5428,13.27795,4552.81,0.82606,0.41442,1.99329183,17.24167723,-8.605271649,5.457785083
6.81118,10.20924,2543.28,0.746,0.879648,0.848066499,18.46565455,-8.934177122,5.453051105
11.15646,22.87065,3360.64,0.81178,0.488933,1.660309286,21.31966703,-8.93663248,5.214298006
9.14552,12.22407,3161.53,0.75804,0.624656,1.213531928,22.15240393,-8.861673294,5.388195611
11.2026,14.19997,5057.7,0.8396,0.378795,2.21650233,16.17621531,-8.706050336,5.38287859
9.66609,17.06546,4669.49,0.83332,0.412831,2.018549964,16.84962548,-8.572045528,5.49827355
9.70147,12.40132,3928.44,0.79684,0.538596,1.479476268,17.21238408,-8.783967067,5.415811556
9.58108,11.97064,3722.08,0.77716,0.555768,1.39835327,21.5882554,-8.865630933,5.373746456
7.6286,10.86812,2357.24,0.74408,0.863864,0.861339285,19.93186457,-9.008409253,5.389048121
11.52668,18.59494,5751.66,0.8856,0.283296,3.126058963,14.89557598,-8.519425308,5.404264182
10.97071,13.5624,3539.2,0.79488,0.542829,1.464328545,21.85571281,-8.593488924,5.470971847
9.5302,11.36718,3401.37,0.77932,0.591879,1.316688039,22.38377205,-8.615476877,5.549340858
8.02966,12.49919,5078.16,0.8154,0.426447,1.912078171,17.10609422,-8.598682124,5.453286306
8.05467,12.60438,4449.35,0.79982,0.502955,1.590241672,17.39694404,-8.61590771,5.544815633
9.09947,12.93116,4849.45,0.82212,0.436178,1.884826837,14.37895663,-8.667732959,5.471952825
11.51749,14.1606,5065.25,0.85006,0.367275,2.31450548,15.58119166,-8.608878743,5.40584376
9.91759,12.88209,3851.77,0.81738,0.505043,1.61843645,26.19855475,-8.700787983,5.501363117
13.86507,16.55244,6320.97,0.89244,0.251228,3.552311048,12.04187604,-8.469359805,5.417716707
8.56849,10.80728,3515.67,0.76178,0.562852,1.35342861,21.97192756,-8.833835995,5.357183325
11.38557,14.23648,4544.31,0.8489,0.409961,2.070684772,17.48244674,-8.649250772,5.397907354
11.2869,15.15688,5024.33,0.85594,0.35728,2.395712047,15.83879553,-8.567712349,5.426283159
11.4488,14.99606,4426.2,0.8252,0.416816,1.97977045,17.56276694,-8.534162154,5.534918174
5.26574,9.54194,1612.49,0.64856,1.04718,0.61933956,34.40015521,-8.543197989,5.469453407
9.47218,12.63258,3076.78,0.80836,0.657521,1.229405601,18.73111362,-8.920940298,5.374741302
6.35795,9.07179,2484.54,0.71274,0.805582,0.884751645,32.81915076,-8.777491576,5.557282562
9.165,12.31194,4204.01,0.8015,0.459493,1.744313842,18.35805942,-8.822507149,5.281001286
8.40321,12.71834,5529.4,0.83224,0.388389,2.142800131,16.69794093,-8.551192322,5.492302786
16.71966,21.38139,2036.3,0.80754,0.790984,1.020930891,17.02201503,-9.130631262,5.184144823
16.86017,20.85978,2498,0.82072,0.636947,1.288521651,20.63559508,-9.018837702,5.295150353
12.25767,14.80803,5101.05,0.85258,0.35891,2.375470174,15.89967196,-8.64590793,5.404099818
10.27655,14.59419,6440.64,0.86294,0.306895,2.811841183,13.30254271,-8.511431524,5.445351103
10.23953,14.11155,2356.54,0.71998,0.658827,1.092821029,26.05089145,-9.04769279,5.118433744
10.76362,13.46081,5387.37,0.84584,0.354803,2.383970823,14.80523344,-8.576630266,5.442357723
11.08267,14.43286,6078.83,0.86912,0.305366,2.84615838,13.30879252,-8.450451936,5.45117091
9.75711,12.78109,4850.4,0.8294,0.425686,1.94838449,15.90325327,-8.580316903,5.496577548
10.25098,14.00913,5515.17,0.86218,0.335593,2.569123909,17.71635055,-8.542490345,5.413288793
10.70203,14.11602,4603.9,0.82936,0.404177,2.051972279,16.68861495,-8.509641954,5.519470838
7.96378,12.76333,4317.53,0.78644,0.501249,1.568960736,17.41104754,-8.517601092,5.677783061
23.69132,26.05754,6218.21,0.90158,0.226782,3.975535977,11.20348237,-8.389137789,5.507587467
9.45244,15.18813,4137.07,0.81038,0.484749,1.671751773,21.16758107,-8.78879323,5.355056726
7.54911,10.95936,2592.55,0.73804,0.790943,0.933114017,33.31910582,-8.715842342,5.514099833
7.61726,10.98869,3110.79,0.74286,0.68678,1.081656426,31.37180197,-8.628213703,5.630482845
6.59802,10.2851,2672.85,0.72692,0.794989,0.914377432,27.32317611,-8.648475246,5.65390263
11.2527,12.76423,2719.98,0.78266,0.719611,1.087615392,20.81125973,-8.879689821,5.424209118
11.62845,14.98291,5700.97,0.86528,0.307423,2.814623499,13.90169601,-8.525748144,5.466657933
9.61108,14.22242,5448.39,0.85306,0.358614,2.378769373,18.40495697,-8.558991605,5.400595145
11.67831,16.41242,6825.18,0.89068,0.241717,3.684804958,14.3698417,-8.443667477,5.407781976
8.91397,11.83431,3507.17,0.7692,0.55888,1.376324077,21.37858168,-8.748211247,5.405917046
27.14458,31.18124,6287.86,0.9137,0.185444,4.927093894,13.61252152,-8.24514148,5.469111128
9.93218,11.71394,3165.93,0.76556,0.610966,1.253032084,22.00380444,-8.880196939,5.366771746
6.7341,10.93166,4577.8,0.76418,0.509936,1.498580214,19.985635,-8.65620268,5.517299637
9.27155,13.85743,5405.27,0.84058,0.376123,2.234854024,13.99954306,-8.543944948,5.461623181
12.1479,16.16464,4594.7,0.84172,0.413565,2.035278614,15.92078228,-8.747217392,5.364801835
7.74333,9.92337,2752.28,0.72628,0.719386,1.009583172,20.94917039,-8.953799371,5.219020927
4.87704,9.55127,1883.88,0.66106,0.975592,0.677598832,34.25042734,-8.503137739,5.65822792
9.8273,12.49995,3105.55,0.81316,0.649296,1.2523718,19.63269642,-8.954347448,5.333653572
13.31523,20.57355,5782.13,0.89216,0.264774,3.369515134,13.24835011,-8.474210056,5.42593563
7.37953,11.56466,4609.11,0.79502,0.521444,1.524650777,16.49724763,-8.603766099,5.606769564
11.61573,15.08949,6335.68,0.87764,0.28678,3.060324988,11.8259279,-8.516564599,5.46397899
8.99719,11.66551,2425.07,0.75488,0.816181,0.924892885,22.80809435,-8.897889751,5.429822176
9.7961,13.27431,4663.16,0.81398,0.430496,1.890795733,16.43957885,-8.77846422,5.325579737
12.21554,16.03606,6359.97,0.88394,0.270775,3.264481581,11.73022157,-8.487916592,5.439754207
12.03052,15.18858,6289.18,0.88204,0.277637,3.17695408,11.0765671,-8.546318679,5.418687683
5.64051,9.21652,2335.12,0.68344,0.865807,0.789367607,34.21153663,-8.528984189,5.675859759
12.92732,15.4378,6046.75,0.88274,0.274702,3.213445843,12.61029579,-8.526074719,5.392351909
10.13395,13.07391,4861.04,0.82988,0.418372,1.983593548,15.66799947,-8.609041392,5.486795428
7.3826,10.98472,3664.7,0.7774,0.61379,1.266556966,28.63344509,-8.638331893,5.565374709
8.93091,12.2889,4901.67,0.82198,0.422635,1.944893348,14.89995625,-8.623809061,5.47469042
10.84009,13.68678,4633.26,0.82684,0.4221,1.958872305,17.52974967,-8.735912415,5.339048735
7.8672,14.29441,3719.79,0.7942,0.558648,1.421646547,21.6287388,-8.698458673,5.618976474
10.43036,13.88745,4576.1,0.83454,0.414602,2.012870174,19.16489171,-8.542712808,5.555656855
12.89307,14.13,3585.98,0.80814,0.496124,1.628907289,20.39708947,-8.866580427,5.37400758
10.35475,13.52421,4777.72,0.8417,0.410428,2.050786009,16.08281611,-8.609205332,5.463074368
12.10305,14.91513,4872.8,0.85768,0.364581,2.35250877,16.08406054,-8.62462922,5.406456446
10.87386,12.35864,3728.55,0.79642,0.560231,1.421592165,17.12307172,-8.742581996,5.424971333
10.58628,12.51565,4237.41,0.81988,0.453926,1.806197486,23.03832595,-8.682877294,5.394434295
7.57608,11.72501,3754.4,0.77412,0.590364,1.311258817,27.6221621,-8.724306735,5.507191314
10.28273,11.95907,3567.07,0.78632,0.562587,1.397686047,18.44751318,-8.856135987,5.373207967
8.26432,10.45715,2830.83,0.71568,0.695455,1.02908168,23.55357355,-9.115152689,5.264040312
8.10349,12.64701,2692.76,0.7726,0.777562,0.993618515,20.50543742,-8.890792851,5.42683156
19.49555,23.14142,3497.89,0.82964,0.403152,2.057883875,23.34307337,-8.877524651,5.20601118
5.31483,8.45438,1494.84,0.65194,1.24127,0.525220137,21.5319083,-8.831744596,5.522103146
17.50794,21.11145,4298.84,0.82786,0.363401,2.278089493,21.21402511,-8.721966486,5.298885848
9.11253,12.70884,3397.66,0.77534,0.548641,1.413200982,18.86301199,-8.789471945,5.389585995
7.66082,15.65655,3059.1,0.7824,0.603002,1.297508134,20.50854103,-8.701922877,5.570977691
9.09671,14.26754,5722.68,0.83584,0.373213,2.239579007,16.71171584,-8.514407366,5.474822846
9.29863,13.79807,5970.74,0.8602,0.333826,2.576791502,12.71224794,-8.573713184,5.457554117
9.14085,12.32205,3724.57,0.7793,0.556832,1.399524453,19.68062609,-8.73224154,5.443203734
10.69718,14.10101,4374.05,0.84538,0.41587,2.032798711,18.41939919,-8.707026354,5.429981922
10.29973,11.89081,3796.14,0.79936,0.552151,1.447719917,17.13472224,-8.686626845,5.444780474
18.44697,22.18512,4379.4,0.86066,0.356198,2.416240406,13.78513328,-8.63502294,5.41815634
10.36772,12.98862,3898.27,0.8203,0.495867,1.654274231,24.5897509,-8.619529894,5.533718714
9.56312,12.92188,6090.43,0.84434,0.348661,2.421664597,15.42711096,-8.507800326,5.459911161
10.26704,19.25688,5211.43,0.85558,0.360807,2.371295457,14.72616423,-8.615581388,5.385904322
18.87984,21.24626,3514.51,0.84328,0.406721,2.073362329,15.584462,-8.661122887,5.287744951
12.38113,15.76766,6568.56,0.8857,0.254956,3.473932757,11.69835803,-8.469507335,5.404321317
9.72844,11.90665,2595.73,0.75954,0.746569,1.017374148,26.52391816,-8.704735724,5.517826415
10.8185,13.21606,4305.14,0.81936,0.440502,1.860059659,20.04574048,-8.527698476,5.512068405
13.52788,16.50207,6559.63,0.89026,0.245632,3.624364904,11.89709008,-8.44127771,5.416971047
11.93231,14.96523,6414.28,0.88276,0.271908,3.246539271,11.33522469,-8.472507558,5.461323082
11.63938,15.55505,6378.91,0.88082,0.259368,3.396024182,14.14028953,-8.481352756,5.36853636
9.21198,12.65873,4749.97,0.81464,0.42497,1.916935313,18.0956098,-8.720355236,5.393400515
11.95119,15.39612,5188.14,0.85558,0.331852,2.57819751,16.0415322,-8.485509857,5.506230562
10.42911,13.59175,5018.35,0.83636,0.380665,2.197102439,16.30127764,-8.61611906,5.467477441
11.55783,13.83708,4897.5,0.85024,0.384869,2.209167275,15.74067711,-8.618347026,5.448301994
7.81245,10.65749,3315.5,0.761,0.67055,1.13488927,31.09319189,-8.566108411,5.67130998
5.98102,8.58723,2711.31,0.69982,0.816751,0.856833968,36.43015561,-8.498881217,5.77465142
9.96013,13.11018,4598.33,0.83694,0.422837,1.979344286,17.02918962,-8.602865774,5.531416458
12.3562,14.30541,3983.45,0.8168,0.451448,1.80928922,21.00363551,-8.811970312,5.312476687
12.238,15.61361,5980.31,0.87392,0.28885,3.025514973,13.98822704,-8.52563629,5.423905514
11.37587,15.33155,6071.61,0.86914,0.284845,3.0512735,17.28773351,-8.582652791,5.334138556
10.9326,14.48594,6179.81,0.85344,0.328972,2.594263342,16.4759981,-8.543649038,5.482584181
10.32175,13.2232,4898.21,0.84122,0.400259,2.101689156,15.15888224,-8.603738136,5.460090048
11.61133,14.3304,4823.99,0.83544,0.377367,2.213866077,16.82830518,-8.790949827,5.257961076
8.98741,12.21756,4545.75,0.82022,0.467381,1.754927992,15.29710854,-8.64193465,5.496565648
11.77842,14.66612,5414.7,0.86038,0.327283,2.628856372,15.43006484,-8.572706771,5.396987389
10.72729,15.25082,5834,0.86012,0.31992,2.688547137,14.91864403,-8.55707026,5.420448197
12.20877,14.79662,5626.77,0.86732,0.307394,2.821525469,13.51058086,-8.558965971,5.371173481
11.8568,13.69372,3182.29,0.79374,0.574904,1.380647899,28.27036811,-8.675704576,5.509875952
7.39744,9.3853,3288.15,0.72912,0.651323,1.119444577,22.83549806,-8.828981948,5.377661959
5.87877,8.56052,2226.5,0.66308,0.867146,0.764669387,21.59977414,-9.037183893,5.233218459
11.03747,14.67796,4828.77,0.8366,0.415758,2.012228267,17.57558804,-8.708575553,5.374113249
8.62667,11.58293,3252.92,0.7536,0.611089,1.233208256,23.78956656,-8.841390297,5.450286304
11.13687,13.62271,4623.63,0.82936,0.412024,2.012892453,17.11322016,-8.598097165,5.502164159
19.65035,23.8966,5153.44,0.87118,0.303857,2.86707234,16.3172324,-8.618397201,5.27639469
10.24078,12.95516,3867.14,0.8202,0.510757,1.605851706,25.96661295,-8.620803861,5.512947421
9.01269,16.76317,4344.69,0.8363,0.438159,1.908667858,25.95425441,-8.646569268,5.53130439
14.2868,17.48765,6650.07,0.8968,0.227973,3.933799178,11.51364905,-8.408672883,5.421213678
9.44347,11.55324,3522.33,0.77658,0.611334,1.270303958,16.63613004,-8.815014688,5.44199924
11.93777,14.85526,5831.4,0.86608,0.299356,2.893143949,13.34848655,-8.501479778,5.445704746
9.83981,13.10711,4471.87,0.81212,0.468492,1.733476772,16.83795746,-8.782585932,5.323882379
9.84589,13.03399,4307.99,0.812,0.46461,1.747702374,17.168025,-8.792706589,5.325055207
10.22386,12.64827,3357.89,0.78498,0.573731,1.368202171,19.54555521,-8.764411847,5.397621802
11.49592,14.72826,4799.92,0.85082,0.372209,2.285866274,18.3064454,-8.570328594,5.446488209
11.22295,14.52722,5148.01,0.8496,0.36332,2.338434438,14.0744445,-8.568067194,5.424249536
10.2513,13.84016,4716.71,0.83992,0.406557,2.065934174,15.55753595,-8.616916768,5.509937829
12.85547,15.21865,4753.2,0.8598,0.378841,2.269553718,12.93613358,-8.647399864,5.426718763
5.98673,8.88079,2498.25,0.6886,0.847085,0.812905435,32.99061152,-8.47739751,5.743950357
11.98409,13.62979,5882.29,0.85976,0.331988,2.589732159,17.51277718,-8.584582322,5.373825451
8.29773,11.11595,2405.25,0.74252,0.854798,0.868649669,20.23698747,-9.02733619,5.374441337
9.10757,11.60374,2356.28,0.75536,0.816606,0.924999326,22.84904441,-8.958164633,5.395407134
8.77886,13.94436,6173.12,0.84614,0.361703,2.339322593,11.94944301,-8.494209641,5.49135444
6.05303,9.30052,1564.4,0.66976,1.13915,0.587947154,29.09572195,-8.503345854,5.448354118
9.56405,12.64638,4217.09,0.80652,0.467438,1.725405294,18.35086391,-8.642726141,5.451802237
9.89144,15.72591,4820.55,0.84428,0.390883,2.159930209,16.84465988,-8.718219421,5.343820951
13.7857,17.66667,6968.72,0.90618,0.20431,4.435318878,14.47878817,-8.323504978,5.379472561
23.00063,26.86304,6720.26,0.91248,0.198399,4.59921673,10.37571942,-8.238028026,5.459299456
10.48297,16.42859,2224.86,0.7506,0.65035,1.154147767,23.80181433,-8.961973426,5.292210853
10.0544,12.60021,3938.49,0.82602,0.523914,1.576632806,14.02905292,-8.751501442,5.408111937
6.64549,8.87656,2222.66,0.71586,0.961864,0.744242429,20.88592146,-8.905472754,5.490405351
14.00462,16.7801,6176.21,0.88856,0.251701,3.530220381,13.12046147,-8.411092135,5.399434069
12.57617,15.85375,6021.36,0.8824,0.272118,3.242710883,12.89560064,-8.468418307,5.400979832
8.31239,12.00651,4439.46,0.8091,0.481696,1.679690095,17.63026686,-8.679850962,5.385108417
7.89688,12.2111,3865.06,0.798,0.568207,1.404417756,18.90556419,-8.675473872,5.573890855
10.962,13.48531,4945.43,0.84136,0.391054,2.151518716,15.80077912,-8.694614079,5.327851492
25.04888,28.55411,6053.08,0.90248,0.215053,4.196546898,12.6422555,-8.396056867,5.422551449
12.0135,14.29914,4444.06,0.85066,0.429215,1.981897184,15.39986252,-8.673664214,5.421089099
12.5669,14.4603,3676.36,0.81936,0.485449,1.687839505,26.13502748,-8.614362395,5.429826062
11.05518,14.18182,5032.55,0.84426,0.372677,2.265393357,17.04530852,-8.656534599,5.397634441
10.51307,15.55547,4398.96,0.81932,0.460236,1.780217106,17.31619592,-8.642913951,5.455044049
12.20877,15.84245,6264.48,0.88026,0.275903,3.190469114,13.04923804,-8.492519668,5.460552311
9.19562,11.51478,1864.23,0.75062,1.01705,0.738036478,21.09787531,-9.155992967,5.305791421
10.16237,13.17661,4647.11,0.83172,0.418726,1.986310857,16.31276184,-8.723010302,5.362377629
7.67172,15.14652,2765.08,0.75564,0.654498,1.154533704,20.01535098,-8.861832257,5.361990967
7.34802,9.28113,2773.03,0.72308,0.766578,0.943256916,22.00181337,-9.025802533,5.298894724
8.07465,11.4963,3844.77,0.79022,0.548735,1.440075811,18.91182999,-8.844606805,5.384986442
12.12402,14.93291,5164.13,0.85248,0.339237,2.512933436,15.22195883,-8.486868566,5.489605728
9.68104,13.47437,4962.01,0.8252,0.407349,2.025781332,17.07444191,-8.504979601,5.538162146
8.55691,13.0392,3510.71,0.76914,0.597257,1.287787334,19.19654412,-8.815609288,5.40943081
11.45653,14.31776,4736.81,0.8385,0.391604,2.141193655,19.34117368,-8.495607116,5.513036674
8.8545,15.33515,3467.57,0.79012,0.55325,1.428142793,15.83590557,-8.725039788,5.457018286
9.24914,12.3389,4037.86,0.80808,0.537728,1.502767198,18.66138518,-8.754146152,5.471495753
10.20666,12.85132,3877.09,0.82078,0.500731,1.639163543,23.40533688,-8.62744401,5.477120863
9.42408,12.21091,4329.54,0.80524,0.455432,1.768079538,17.47416741,-8.795696837,5.362128635
8.91893,13.17493,4255.06,0.82554,0.493192,1.673871433,15.58595294,-8.650380321,5.500732014
11.97631,16.47628,5796.42,0.87422,0.299657,2.91740223,14.19879394,-8.551678443,5.436250849
11.386,14.59537,5016.03,0.8508,0.357617,2.379081531,15.42563922,-8.578849702,5.456819008
9.9142,13.51498,4455.41,0.82624,0.433689,1.905144009,16.98460246,-8.608741348,5.452299945
14.72431,18.60021,7169.3,0.91402,0.188971,4.836826815,10.78515636,-8.320217065,5.370164295
7.90149,11.93168,4522.3,0.81572,0.485327,1.680763691,17.87822438,-8.592641175,5.52700233
15.00709,19.83503,4089.08,0.8189,0.469968,1.742459061,17.95247175,-8.819400814,5.354582181
10.95075,13.8356,5442.11,0.8523,0.338592,2.517188829,15.31019797,-8.555829444,5.399249572
10.43323,12.92759,6069.27,0.83856,0.359285,2.333968855,13.96362462,-8.542612459,5.498795601
8.79741,12.50388,4655.15,0.8032,0.455221,1.764417722,17.89358473,-8.735188489,5.355686383
9.10018,10.9406,2760.78,0.73962,0.717747,1.030474527,31.06418521,-8.532374239,5.609182641
10.83321,13.19477,4394.01,0.81408,0.439277,1.853227007,17.73833679,-8.667182258,5.448877131
11.17425,13.9621,5069.6,0.8471,0.376508,2.249885793,14.42215585,-8.612211537,5.413641435
12.45744,24.46379,3855.37,0.83676,0.418032,2.001664944,21.31725918,-8.738227477,5.166616717
20.90195,24.7438,2931.14,0.85608,0.511851,1.672517979,18.91614342,-8.76119615,5.355501123
9.80577,16.93652,4738.44,0.85026,0.383835,2.215170581,16.19548905,-8.597199523,5.45002226
9.97275,14.27764,5780.09,0.85482,0.34077,2.508495466,13.29132699,-8.571708751,5.359862473
9.50886,14.09066,6153.15,0.85306,0.331104,2.576411037,14.51886175,-8.555255835,5.44140525
19.87281,23.97505,4764.34,0.87798,0.304894,2.879623738,10.45624712,-8.428966577,5.507929159
11.4947,14.02511,5956.74,0.86768,0.306312,2.832667346,12.06159684,-8.533470862,5.435793423
12.06007,15.30817,6116.72,0.87576,0.27954,3.132861129,13.16377126,-8.50840545,5.399536938
5.95651,10.53718,3705.36,0.74082,0.637003,1.162977254,20.18218765,-8.826350941,5.441371439
10.08256,12.95839,4681.71,0.83362,0.429501,1.940903514,16.15518477,-8.59938008,5.467427173
5.75905,9.85555,1528.3,0.67512,1.15602,0.584003737,23.26307204,-9.051510812,5.406046818
7.75365,10.89056,3387.43,0.74252,0.611154,1.21494746,18.78935178,-9.024485623,5.211952895
4.79143,8.89511,2513.85,0.67788,0.828135,0.818562191,19.518012,-8.680885858,5.595166413
7.1323,9.96864,2376.73,0.74052,0.903025,0.820043742,19.05459783,-9.018618826,5.4899184
10.35916,13.01831,3902.77,0.82054,0.495052,1.657482446,23.74083239,-8.642784643,5.474419401
7.24483,9.80418,3085.39,0.74164,0.677259,1.095061121,22.93470289,-8.655534427,5.464749811
8.92729,14.74474,1741.21,0.6879,0.827485,0.831314163,32.99070017,-9.014858474,5.123693938
9.72155,14.06127,6199.44,0.85438,0.334358,2.555285054,13.6975547,-8.52361749,5.462082959
10.39209,11.79432,3420.2,0.77386,0.56702,1.364784311,22.28545686,-8.743216409,5.450700233
8.89254,10.78194,3680.63,0.78996,0.545946,1.446956292,18.50965131,-8.830560466,5.421419985
10.50329,13.15299,4510.54,0.82412,0.42659,1.931878384,16.90346324,-8.578651585,5.5012926
9.79194,12.62515,4018.87,0.79784,0.50339,1.584934146,18.37685006,-8.79855938,5.343131326
4.01784,6.59167,647.201,0.5575,1.23785,0.450377671,30.17784904,-9.049917919,4.85648699
24.92306,30.27474,6532.93,0.91864,0.178824,5.13711806,13.27921004,-8.216462888,5.469161952
9.36086,11.44453,3275.19,0.77818,0.645695,1.205182013,17.35627073,-8.702883477,5.546104745
14.43086,18.2692,3970.4,0.81778,0.436294,1.874378286,18.51459256,-8.603495479,5.471922237
9.69705,12.36064,4873.69,0.83352,0.410929,2.028379598,15.57675283,-8.562888751,5.494511762
9.54493,11.81426,3671.26,0.80336,0.542432,1.481033567,17.11007832,-8.807715225,5.383341075
9.11628,13.03141,6045.2,0.8079,0.431943,1.870385676,15.10592155,-8.504671809,5.583420603
18.25075,19.94013,3402.89,0.81254,0.472795,1.718588395,13.8377758,-8.659913432,5.411292324
8.21954,10.3326,2418.92,0.72126,0.845309,0.853250113,32.22672686,-8.671836097,5.642988932
10.28889,14.39212,5960.12,0.8473,0.338756,2.501210311,16.03302953,-8.600684979,5.449215098
14.35955,17.26099,6177.25,0.8908,0.247179,3.603866024,12.44628597,-8.432918194,5.364706497
11.56592,15.33046,6273.35,0.87246,0.282905,3.083932769,13.80060604,-8.547090242,5.360801093
10.66252,14.1657,6209.29,0.85164,0.324964,2.620721064,15.32829872,-8.570146806,5.430034172
8.27846,12.77661,4469.62,0.80502,0.470574,1.710719249,20.62882004,-8.466957433,5.603214503
10.84152,13.98858,5131.6,0.84914,0.360707,2.354099033,15.80354475,-8.596721147,5.396254607
11.07818,14.10911,5094.54,0.83024,0.363601,2.283382059,16.39603376,-8.642877602,5.331590399
11.8518,24.25119,3203.59,0.82698,0.503976,1.640911472,26.19889316,-8.756846508,5.249327687
10.1627,13.39168,4911.61,0.83336,0.400258,2.082057073,14.29817872,-8.616942642,5.47258528
18.72013,35.0324,5804.9,0.9156,0.200764,4.56057859,13.7053475,-8.297301416,5.400271374
12.67078,19.37922,5890.8,0.8917,0.263172,3.388278388,13.26094301,-8.468306975,5.401001235
10.74784,14.61765,5156.07,0.82746,0.422804,1.957077038,10.64006912,-8.668788568,5.488147343
7.83927,12.46355,4341.72,0.8002,0.521871,1.533329118,22.8579936,-8.627132169,5.506828354
9.26112,12.00638,2967.43,0.77214,0.660014,1.169884275,26.58489326,-8.690506614,5.5973157
5.62196,9.54515,2528.56,0.69264,0.848073,0.816722145,30.35485126,-8.558217377,5.742344465
20.05765,24.12726,5642.25,0.8863,0.25626,3.458596738,11.29456469,-8.447530253,5.41935474
11.34673,14.39889,6076.68,0.84634,0.335361,2.523668524,16.4345745,-8.527333644,5.442361924
8.90889,11.16367,3550.81,0.75458,0.57635,1.309239178,20.49943131,-8.83523467,5.405351557
8.9103,14.12404,4192.14,0.81704,0.457647,1.785306142,20.41419735,-8.714253529,5.448128264
10.15389,13.17381,4606.51,0.81728,0.429106,1.904610982,17.2735994,-8.56280331,5.476395032
11.40947,15.27853,6294.81,0.87378,0.275297,3.173953948,14.16052722,-8.49109329,5.406928005
9.43711,14.05551,6279.59,0.85262,0.329338,2.588890441,13.38193452,-8.529404503,5.434542989
9.7535,13.23091,4698.31,0.81578,0.430612,1.89446648,16.94644675,-8.790145787,5.28753426
10.00866,13.88478,5983.7,0.84796,0.343358,2.46960898,20.32497789,-8.492760262,5.446849435
10.70892,13.80907,4122.81,0.82346,0.445421,1.848722894,18.86246326,-8.619160357,5.4912964
14.1814,22.34967,5534.19,0.88642,0.270685,3.274728928,15.41522189,-8.467576576,5.441268264
9.67022,13.41738,6332.7,0.84308,0.362587,2.325179888,13.49688226,-8.518172072,5.504969461
13.30868,16.20729,6374.75,0.88754,0.25964,3.418348483,11.76902644,-8.44639495,5.446540089
9.09279,12.36605,4771.4,0.82092,0.436862,1.879128878,16.21426019,-8.598028187,5.465414553
15.19608,29.4478,5462.59,0.89072,0.264814,3.363568391,14.28425618,-8.525575382,5.34942136
8.13337,14.16485,4233.08,0.80136,0.504481,1.588484006,18.05336387,-8.679911455,5.508524388
8.92119,10.94748,4907.59,0.82214,0.462179,1.778834607,11.71604822,-8.595938773,5.52009657
7.95304,11.7845,4415.15,0.80318,0.506637,1.585316509,17.03543489,-8.626786163,5.561175225
9.36528,11.14253,3363.09,0.76744,0.665843,1.152584018,18.05738572,-8.764527103,5.495621589
16.69548,22.02153,6316.53,0.91614,0.198723,4.610135717,12.51742938,-8.373070258,5.373187072
23.58786,25.90318,4447.3,0.87138,0.303875,2.867560675,18.98223253,-8.400749848,5.431961213
11.2049,13.36414,3664.93,0.82118,0.516921,1.588598645,26.46099031,-8.641083007,5.442177035
11.30988,14.89058,6175.22,0.8724,0.281254,3.101822552,13.75110212,-8.552084006,5.380195605
9.75577,13.86622,6260.72,0.84792,0.357945,2.36885555,11.73016699,-8.499745225,5.490271207
12.03978,15.16393,5293.96,0.85732,0.343499,2.495844238,14.78588658,-8.572709139,5.428920178
34.45918,37.91424,6987.74,0.93916,0.137265,6.841948057,6.713771708,-8.054982476,5.526820993
9.80022,14.38292,4952.05,0.82668,0.401811,2.057385189,19.54162201,-8.563180197,5.479759437
7.83381,9.6691,3158.7,0.74706,0.664086,1.124944661,19.92536727,-8.819515152,5.383772049
12.53917,14.99254,4690.2,0.85246,0.392703,2.170749905,15.46923633,-8.604754477,5.506639999
12.43805,14.86523,4993.06,0.8589,0.3563,2.410609037,15.32521882,-8.542627698,5.426359702
6.29461,9.48189,2990.84,0.7072,0.730903,0.967570252,19.7051473,-8.931710973,5.387902553
10.97622,13.61743,4803.41,0.83476,0.399944,2.087192207,15.98859836,-8.612057008,5.49894089
7.54106,9.80196,3161.84,0.7413,0.646604,1.146451306,21.49079011,-8.801878544,5.415479134
7.30518,10.08095,2857.58,0.71954,0.706614,1.018292873,20.81553933,-8.879889584,5.36665223
9.17496,12.74532,4735.93,0.82384,0.440657,1.869572025,15.98528505,-8.610734524,5.47914291
13.90498,17.05765,4848.49,0.85792,0.334048,2.568253664,17.93139753,-8.447607463,5.479031828
6.1221,8.26177,2403.46,0.6859,0.855099,0.802129344,35.32509127,-8.566978564,5.684194169
5.49793,9.71295,2002.62,0.66968,0.90064,0.743560135,37.08567004,-8.391520253,5.574853152
6.64984,10.72848,4494.51,0.76186,0.520392,1.464011745,18.03493787,-8.665089687,5.493063754
8.20569,10.45915,3288.11,0.75886,0.648915,1.16942897,19.96784039,-8.719391313,5.561898941
7.7718,12.8632,4066.62,0.7833,0.514022,1.523864737,21.76880456,-8.540961872,5.655365429
9.73441,12.74391,3083.5,0.76624,0.608648,1.258921413,23.34730629,-8.956008151,5.335249219
9.08475,12.11238,1971.2,0.76112,0.974517,0.781022804,23.63202707,-9.137702168,5.300929803
10.52468,13.91093,4515.19,0.81792,0.441775,1.851440213,17.78002313,-8.751297626,5.340540835
11.19803,14.13514,5062.43,0.8451,0.369608,2.286476483,14.70308928,-8.596836757,5.420875248
10.99264,12.90386,4487.56,0.82778,0.430417,1.923204706,18.74937737,-8.81968632,5.26846343
7.65497,11.90068,3874.9,0.79272,0.57082,1.388739007,19.65783502,-8.599089082,5.576299183
8.93166,11.67852,3464.35,0.78412,0.595879,1.315904739,18.58978349,-8.706531099,5.543541253
9.51645,17.01664,4486.89,0.82988,0.428992,1.934488289,31.71284241,-8.518248702,5.513801206
12.44754,14.40679,3828.83,0.80884,0.46752,1.730065024,20.68974429,-8.773607775,5.318131664
10.38799,13.54668,3800.02,0.8292,0.514054,1.613060107,18.57699849,-8.675733709,5.439353098
10.11471,12.48965,4611.45,0.83476,0.438491,1.90371068,12.78014643,-8.648015798,5.419443443
7.65071,11.74612,4188.19,0.79356,0.534229,1.485430405,16.2136844,-8.607250395,5.56219453
11.35262,15.04199,6231.37,0.87728,0.271394,3.232495928,14.794338,-8.436631043,5.39580079
8.09361,10.32873,3553.02,0.76142,0.603452,1.261773927,19.23563592,-8.766360297,5.398672456
10.37759,13.64515,5927.26,0.83366,0.3801,2.19326493,14.83286144,-8.53298772,5.477319526
30.19986,33.30227,6673.72,0.92188,0.166986,5.520702334,8.145882666,-8.217569942,5.494978283
12.94636,16.07409,5350.76,0.864,0.313408,2.756789871,15.32910446,-8.477683944,5.422971775
8.47249,13.45271,5109.32,0.8288,0.40286,2.057290374,19.03212358,-8.591622831,5.462617278
7.31026,9.52456,3161.87,0.75426,0.713346,1.057355056,14.6522609,-8.825368693,5.495614658
11.26482,14.65722,5978.72,0.86534,0.298468,2.899272284,14.01387359,-8.548518947,5.319604549
10.30775,13.35529,3568.12,0.80458,0.609671,1.319695377,21.79137852,-8.747654093,5.524702963
8.7333,13.1317,5187.27,0.82826,0.401375,2.063556524,21.30635594,-8.586438103,5.50174401
10.24935,14.98891,5860.18,0.86856,0.306479,2.833995151,16.9730311,-8.521014967,5.418206707
11.16897,14.3133,6141.12,0.85888,0.329314,2.608088329,16.7912525,-8.511277977,5.419107219
12.38166,14.97872,5958.13,0.87832,0.284495,3.087295032,12.45671589,-8.508465467,5.4311273
12.3762,14.35713,5969.08,0.8726,0.302032,2.889097844,12.96442648,-8.52573627,5.459871036
9.34243,13.13066,4302.86,0.80196,0.469332,1.708726445,18.47181225,-8.764428637,5.335984653
9.67012,13.23888,4669.41,0.82746,0.433203,1.910097576,16.12618782,-8.628421241,5.505988933
6.46975,8.79988,2542.17,0.71938,0.83158,0.86507612,24.89184912,-8.629621399,5.693012659
9.3821,12.66424,5397.53,0.83252,0.409464,2.033194615,18.63609576,-8.5815797,5.507794979
11.20762,17.3116,4956.1,0.86258,0.369513,2.334369833,24.59227737,-8.713512661,5.447382221
8.16476,11.10734,3287.86,0.77318,0.671729,1.151029656,27.5189308,-8.739280204,5.597127541
8.35808,11.07305,1852.94,0.74302,1.06831,0.69550973,24.50772535,-9.233178703,5.242740786
10.26163,13.43838,3464.29,0.81864,0.547676,1.494752372,25.66796129,-8.705980752,5.472918469
8.95052,12.29236,4477.56,0.81492,0.458992,1.775455781,17.38189954,-8.692737904,5.450763094
11.17079,14.69964,5578.9,0.8605,0.321644,2.675318054,15.23732572,-8.584135467,5.434404278
10.67885,14.272,6369.96,0.87082,0.283331,3.073507664,13.30426154,-8.559561842,5.422722887
14.55154,27.37561,5503.12,0.88874,0.284279,3.126294943,12.13985153,-8.557213869,5.450383619
7.06514,12.41133,1267.52,0.6751,1.33062,0.507357472,21.68197086,-9.472116881,5.090460797
12.18353,13.71521,3872.44,0.79746,0.471739,1.69046867,21.24896054,-8.832471969,5.320617145
11.89014,14.17824,3253,0.80498,0.557172,1.444760325,25.37329182,-8.656310557,5.503941867
6.51713,9.423,1680.84,0.70624,1.22532,0.576371887,23.40948947,-9.179967306,5.338395179
11.97417,19.52997,5064.63,0.8743,0.325759,2.68388594,25.10991891,-8.514363696,5.457333248
7.69022,10.18549,2955.7,0.72476,0.652186,1.111278071,29.10884113,-9.063902952,5.118387977
10.49239,13.60947,4789.69,0.84134,0.407245,2.065930828,17.21379513,-8.649705172,5.46709677
13.99484,16.74476,6555.87,0.8939,0.23782,3.758725086,11.54387049,-8.422414738,5.35605627
14.1815,17.44322,6243.66,0.89056,0.240535,3.70241337,14.11488025,-8.469556035,5.399259694
6.45098,10.04497,3036.58,0.72012,0.714901,1.007300312,21.77845901,-8.614702303,5.664184842
8.324,15.70075,4184.18,0.8024,0.4772,1.681475272,19.77710617,-8.841274316,5.349864088
8.57203,9.75022,2778.02,0.71732,0.731499,0.980616515,21.65587742,-8.81100742,5.488480678
20.67687,24.73141,6054.24,0.90448,0.215672,4.193775734,12.75474219,-8.43190066,5.403211008
7.26394,11.98865,3542.3,0.7603,0.60259,1.261720241,19.67295192,-8.563487939,5.619384639
7.0867,10.48786,2962.96,0.75296,0.73839,1.01973212,35.07584261,-8.529095544,5.683421142
9.59522,13.48868,4563.68,0.80884,0.478624,1.689927793,15.41215592,-8.567592707,5.562980036
9.08174,17.16184,4457.75,0.82554,0.417302,1.978279519,16.39924576,-8.488671842,5.528834497
14.86155,21.06352,6344.34,0.90536,0.213745,4.23570142,11.78248511,-8.380204952,5.412711241
9.93686,15.7551,4249.57,0.81862,0.450271,1.818060679,17.40841225,-8.652172577,5.391699987
8.80802,16.10568,3488.95,0.8087,0.551808,1.465545987,19.00980464,-8.623486438,5.528518026
7.86435,14.52563,2570.48,0.78096,0.793586,0.984089941,20.17255377,-9.002319853,5.356784603
7.17263,11.42945,2630.95,0.70864,0.769428,0.920995857,31.88020918,-8.724900726,5.557659085
6.28974,11.81085,2533.16,0.71688,0.741677,0.966566309,22.14763213,-8.774326124,5.514898413
10.15165,14.91525,4104.71,0.81356,0.463268,1.756132519,16.77127901,-8.730785456,5.374066902
6.30595,12.33724,3035.11,0.74314,0.666007,1.115814098,20.02375487,-8.572520109,5.665327483
11.06659,20.04697,5011.11,0.86158,0.347633,2.478418332,27.9201614,-8.408990854,5.445283728
5.97768,11.22088,2127.72,0.69328,0.886588,0.781964114,24.47656969,-8.879278608,5.394459889
12.28468,17.91581,5053.02,0.85526,0.359674,2.377875521,20.01292146,-8.53942853,5.431202099
5.04585,7.41509,992.679,0.57848,1.17259,0.493335266,32.22771237,-8.608595231,5.229022107
9.03702,15.01073,4125.11,0.80814,0.47512,1.700917663,19.06196945,-8.551411034,5.557072642
8.98259,14.84078,3375.05,0.7935,0.58447,1.357640255,27.59198882,-8.620789266,5.596740245
12.11977,17.3531,4364.93,0.8585,0.387987,2.212703003,16.01178235,-8.698060251,5.368404279
9.97441,14.52433,3861.24,0.806,0.489117,1.647867484,17.98106892,-8.773119263,5.381690527
10.29123,16.0053,2816.72,0.79628,0.654283,1.217026883,18.558402,-8.808277528,5.428686559
7.4051,12.54269,3834.35,0.78096,0.571719,1.365985738,18.91431401,-8.605497041,5.558198041
8.72681,15.62513,3969.54,0.80774,0.493705,1.636078225,24.31447508,-8.668453871,5.473689563
4.47659,9.20248,1936.39,0.6551,0.882922,0.741968147,23.95756162,-8.830688063,5.436788605
24.78918,26.24916,5685.96,0.90082,0.221508,4.066760568,11.95289538,-8.405788808,5.374371377
10.04302,30.79573,4415.13,0.85654,0.368118,2.326808252,14.89813272,-8.577061725,5.408594965
19.65457,21.0287,4016.72,0.85226,0.375696,2.268483029,19.4640151,-8.719672984,5.341338927
8.75797,15.87955,4310.96,0.81248,0.460944,1.762643618,19.09073869,-8.506243247,5.603813744
9.55054,14.46828,3315.58,0.79506,0.624384,1.273351015,19.12412949,-8.705609921,5.537912648
12.08478,16.76671,5402.75,0.86814,0.317502,2.734281989,14.48742756,-8.525150863,5.414063524
8.08957,13.82386,4238.67,0.80692,0.497173,1.623016535,18.24806039,-8.69525092,5.425241225
5.85034,11.48837,2454.74,0.69646,0.784359,0.887935244,21.87158049,-8.531863796,5.740464529
4.83697,10.1968,1369.99,0.63978,1.20128,0.532581913,30.53963699,-8.851984609,5.364380582
6.92839,14.42779,2003.32,0.74924,0.992153,0.755165786,24.06440139,-9.06933856,5.311183818
12.76055,18.57806,4081.94,0.841,0.427802,1.965862712,16.97629527,-8.706175467,5.395549065
6.31406,9.22294,1916.07,0.68746,1.01094,0.680020575,30.32858218,-8.841402258,5.354546035
9.58698,15.43186,2950.41,0.80294,0.64475,1.245350911,18.07203449,-8.886963447,5.394479891
7.64779,12.30094,3535.58,0.75886,0.648843,1.169558738,20.17681521,-8.585009321,5.676314037
7.36323,12.49926,3353.03,0.74932,0.618148,1.212201609,17.93932686,-8.778987411,5.471600025
11.90449,18.63245,5837.3,0.86136,0.313985,2.743315763,14.05781985,-8.50053481,5.425740553
7.17554,12.01787,2655.45,0.72526,0.745488,0.972866096,38.63329506,-8.351225461,5.553693891
8.43458,14.19378,4786.96,0.81554,0.432285,1.886579456,15.69323574,-8.706209846,5.385601638
6.97519,9.0561,1336.43,0.64568,1.05698,0.610872486,46.91299828,-8.819532784,5.366391132
4.38222,8.85082,1662.07,0.63978,1.00489,0.6366667,32.65657969,-8.61944233,5.431952476
4.86293,9.52793,1929.61,0.64872,0.928553,0.698635404,25.55647849,-8.860975526,5.407223204
4.73403,10.30484,2268.18,0.67554,0.865672,0.78036485,26.66156494,-8.690028037,5.5502123
8.272,14.11447,3599.05,0.77836,0.560609,1.388418666,31.36202124,-8.710914263,5.469893963
6.75103,11.57819,2646.22,0.7172,0.724506,0.989915888,28.69387597,-8.581518313,5.533294531
8.17207,11.58188,4528.35,0.78626,0.491437,1.599920234,23.2136141,-8.57165662,5.534882839
9.08296,15.28519,3531.39,0.8009,0.5502,1.45565249,30.91156733,-8.492693997,5.569713865
5.80755,7.91416,1443.41,0.60492,0.974705,0.620618546,25.2972017,-8.852641923,5.341073197
11.36314,17.76593,4835.65,0.8447,0.368079,2.294887782,16.70245255,-8.47459685,5.489574079
8.42885,12.93236,3869.8,0.78672,0.573525,1.371727475,18.41032838,-8.666518362,5.569121761
10.9562,15.76569,4794.79,0.82452,0.436333,1.88965767,16.35012655,-8.613582856,5.522355209
9.65233,17.19968,4766.37,0.83846,0.381212,2.199458569,15.12475581,-8.6898804,5.373369535
5.57485,11.25445,2308.4,0.7058,0.797575,0.884932451,24.27713832,-8.737401735,5.534401903
13.09109,18.24494,3376.47,0.83434,0.490155,1.702196244,31.1394969,-8.664830579,5.225648922
10.35787,15.74616,4892.05,0.84958,0.371807,2.285002703,14.41078612,-8.601189729,5.389986894
4.57558,7.98379,1203.28,0.59048,1.10036,0.536624377,30.42291142,-9.067652746,5.247534745
13.77978,18.5405,4839.71,0.86276,0.335106,2.574588339,14.68079913,-8.550537277,5.436776162
8.46343,15.10074,3175.41,0.78692,0.615331,1.27885642,33.32495017,-8.837489739,5.556356371
21.51312,21.78946,4027.38,0.8546,0.356546,2.396885675,19.65284299,-8.494273653,5.515945782
8.2616,13.06922,3503.91,0.78916,0.588456,1.341068831,18.43717111,-8.697916032,5.436120865
7.10831,10.99087,2754.16,0.73104,0.717528,1.018831321,19.29818736,-8.834431937,5.507582327
10.10286,14.32465,3801.18,0.81258,0.499791,1.625839601,22.00788617,-8.719595492,5.52670802
4.46361,10.19443,1377.79,0.61148,1.05536,0.579404184,36.3744787,-8.718973266,5.135145445
12.86617,18.77709,4018.08,0.83894,0.398958,2.102827867,15.94601593,-8.477101638,5.601664871
11.25465,15.32248,5097.21,0.85272,0.349077,2.44278483,15.35014672,-8.620896698,5.411252265
9.68832,12.61598,4556.82,0.8022,0.485452,1.652480575,23.90243905,-8.618518534,5.557902599
3.82521,5.72116,114.467,0.51442,1.25596,0.409583108,33.32805144,-9.443390644,4.358167856
10.15209,16.1994,4840.6,0.83276,0.410755,2.027388589,16.1139571,-8.626064427,5.423802842
6.56873,12.02738,3472.65,0.74352,0.611629,1.215638892,20.5685974,-8.847558922,5.377711529
4.63631,10.54546,2023.95,0.67,0.859626,0.77940872,24.94026862,-8.83247369,5.39811106
4.91554,8.82458,1637.81,0.6469,1.01141,0.63960214,33.3003884,-8.857231577,5.283914802
11.91396,16.27129,4811.18,0.85252,0.3683,2.314743416,17.66925899,-8.652772278,5.364569791
5.54897,9.24323,1876.92,0.64546,0.907659,0.711126095,25.23939356,-8.767996415,5.448111886
4.07881,4.84068,86.0965,0.50836,1.28341,0.396101012,34.30718284,-8.914709395,4.240114667
4.95734,7.75901,1199.81,0.62918,1.34192,0.468865506,36.44023407,-8.746529147,5.373178207
6.99504,9.91902,3590.41,0.75622,0.632439,1.195720062,16.70830275,-8.633671346,5.572142666
8.49706,15.23854,4498.28,0.82404,0.456136,1.806566463,15.69741566,-8.650765462,5.454574973
11.21697,16.77427,4204.03,0.8178,0.407234,2.008182028,17.55319901,-8.67462831,5.350119608
4.51378,8.83058,921.764,0.6038,1.66693,0.362222769,27.10332016,-9.116123792,5.296990536
8.4987,12.6554,3926.82,0.77396,0.545246,1.419469377,19.93327207,-8.737589481,5.442042159
5.80379,9.96823,2509.4,0.7158,0.90224,0.793358752,27.71505105,-8.528016726,5.744812392
7.91254,15.05145,4206.4,0.8053,0.469542,1.715075542,16.63767413,-8.728089248,5.396946773
8.3765,11.92582,3851.45,0.78342,0.568241,1.378675597,17.13100481,-8.625660514,5.58030156
7.09201,10.84237,3130.82,0.74252,0.678337,1.094618162,18.34448275,-8.620565473,5.63587692
12.24382,19.2289,5608.54,0.88292,0.27271,3.23757838,13.29364772,-8.493303777,5.372027531
9.19041,15.87391,4222.78,0.8154,0.464571,1.755167671,20.25027832,-8.657641643,5.453193007
7.25044,12.37439,2756.69,0.72484,0.715898,1.012490606,21.58013884,-8.690770803,5.551583257
6.65759,10.49908,2717.49,0.7146,0.774294,0.922905253,31.56756106,-8.651140516,5.601269834
6.52813,11.76746,3505.77,0.7458,0.629347,1.185037825,19.91889379,-8.509539516,5.704871826
14.01668,20.33935,4587.31,0.81968,0.409365,2.002320667,17.74724115,-8.711454208,5.319372838
7.3518,11.48716,3227.54,0.74644,0.626343,1.191743182,18.47271076,-8.726325447,5.528405736
11.11929,20.16092,5712.54,0.8769,0.279925,3.13262481,15.21376818,-8.523852388,5.389592112
10.3572,16.45254,5162.75,0.84572,0.375676,2.251195179,14.64245826,-8.543029397,5.462948909
20.14515,21.81078,3945.13,0.86154,0.378277,2.27753736,17.19375284,-8.599448998,5.447106875
8.86329,13.61853,4055.48,0.80578,0.523739,1.538514413,25.18145852,-8.752567529,5.580500023
7.55571,14.09903,3120.8,0.75112,0.637571,1.178096243,33.61226935,-8.607276018,5.539185106
10.18495,14.50757,3062.82,0.8012,0.634741,1.262247121,19.55879738,-8.880239012,5.375764926
7.49574,12.57405,2616.85,0.73358,0.744586,0.985218632,24.71214791,-8.990972439,5.364953707
10.87209,17.48282,5136.3,0.84514,0.366553,2.305642022,14.76141731,-8.572928689,5.408838281
4.97785,10.44989,1306.93,0.63616,1.17117,0.543183312,29.10490228,-9.138325292,5.19348592
9.26744,14.78164,4070.56,0.79278,0.486028,1.631140593,18.14585945,-8.725917238,5.474157113
7.16391,31.7459,2795.16,0.79844,0.572527,1.394589251,39.61308692,-8.711509523,5.477800334
8.6827,32.65317,3821.61,0.83274,0.428319,1.944205137,17.48040958,-8.764209243,5.328236828
5.35094,9.9643,2231.94,0.68228,0.841668,0.810628419,22.99838378,-8.815786948,5.479536357
9.29516,15.84483,4275.09,0.81964,0.455137,1.800864355,17.54336715,-8.761092379,5.365483802
7.02587,10.90104,2494.49,0.7548,0.894025,0.844271693,22.49749385,-8.929278635,5.5114044
7.2781,9.81136,2235.58,0.6837,0.868703,0.787035385,20.68973879,-8.631616408,5.760544403
4.67787,9.2327,1615.28,0.62724,0.957364,0.655173999,27.2503933,-8.857860074,5.35226858
4.98843,8.98513,1637.53,0.64432,1.08222,0.595368779,40.22648112,-8.111818785,5.303760428
11.37777,32.88181,4226.87,0.86428,0.365414,2.365207682,15.4363711,-8.555641661,5.44002087
6.1297,11.62544,3073.58,0.74712,0.682565,1.094577073,28.23827655,-8.47959895,5.703190223
21.12394,22.78513,5164.74,0.88344,0.281598,3.137238191,14.59573385,-8.516489498,5.424467714
8.17918,12.64057,3188.26,0.78208,0.612423,1.277025847,17.22003653,-8.791359267,5.446618819
4.92442,8.0285,1089.31,0.59492,1.12754,0.527626514,29.69666791,-9.087042899,5.050469973
8.6918,15.32994,3810.93,0.80178,0.524296,1.529250652,22.05321577,-8.624243512,5.476904645
6.0607,9.54835,1627.71,0.67204,1.12199,0.59897147,27.70518904,-8.912801338,5.395960963
11.4227,21.22294,5266.95,0.87876,0.309821,2.836347439,19.95361706,-8.477329324,5.39028267
8.69877,15.29614,4036.57,0.7911,0.506466,1.562000213,18.62389751,-8.745690725,5.429680131
6.49372,12.18621,3198.25,0.73794,0.637874,1.156874242,19.16620949,-8.899432855,5.415355681
6.54223,13.78177,1380.02,0.7033,1.28429,0.54761775,29.68514431,-9.268109384,5.178695323
8.21524,14.56083,3596.15,0.77812,0.581644,1.337794252,29.17003636,-8.525138768,5.66780983
9.04538,17.4711,4389.36,0.82252,0.422425,1.947138545,17.07161511,-8.535918594,5.539592619
5.0137,9.18459,2010.84,0.65806,0.882569,0.745618756,25.9396927,-8.618668131,5.559106498
10.81342,16.73037,5151.66,0.84682,0.362699,2.334773462,15.6440893,-8.555293212,5.461932139
5.38233,8.44615,1093.28,0.6106,1.37992,0.44248942,40.4217067,-8.694589325,5.283478155
10.52183,32.67163,4599.44,0.85554,0.352611,2.426299803,15.83040323,-8.547616547,5.485381985
5.76764,11.27121,2853.46,0.71848,0.742717,0.967367113,21.46233479,-8.610374811,5.667174879
11.71453,20.10769,5688.29,0.87124,0.300654,2.897816094,14.55716411,-8.543749728,5.424512527
4.33752,7.76001,1449.58,0.60998,1.09117,0.559014636,36.3762061,-8.615530151,5.327950308
7.50721,11.17995,2659.73,0.74252,0.776984,0.955643874,19.33616724,-8.754406836,5.560760657
8.85807,15.50107,4226.92,0.81766,0.473096,1.728317297,16.90397041,-8.602921323,5.473455976
7.72252,12.88861,3897.39,0.77622,0.533833,1.454050237,18.09680772,-8.767226153,5.424587833
8.67204,16.1111,4012.37,0.8057,0.476295,1.691598694,17.62966797,-8.480651484,5.623901596
11.53735,15.60855,5015.94,0.8478,0.36826,2.302177809,13.60106857,-8.604571282,5.394025799
10.38272,12.9793,4180.15,0.80426,0.505392,1.591358787,16.66553282,-8.624025668,5.555324642
13.58573,17.14941,5799.89,0.8834,0.268111,3.294903976,13.40823692,-8.461324031,5.441002029
10.98013,18.61783,5738.87,0.87258,0.3082,2.831213498,15.89810772,-8.534713684,5.366858833
5.89974,10.7427,2450.29,0.6826,0.762903,0.894740223,20.88618446,-8.846227008,5.410726056
5.20629,9.30375,2042.75,0.6664,0.879784,0.757458649,23.83725615,-8.900036884,5.351328269
9.28681,17.04617,4052.04,0.82246,0.458803,1.792621234,23.65661285,-8.535935041,5.537601759
8.4849,13.11198,3970.33,0.79196,0.519828,1.523503928,21.60739802,-8.559112199,5.529413257
8.74535,14.23224,4511.06,0.82438,0.454083,1.815483072,18.24049924,-8.689292772,5.411108184
20.52132,21.92289,3867.37,0.86054,0.379689,2.266433845,27.38593027,-8.6044925,5.477840425
6.22727,11.19089,2037.28,0.70228,0.964836,0.727874996,25.59189652,-8.715044782,5.59491281
9.81513,13.09645,3651.32,0.80808,0.516398,1.564839523,16.46880175,-8.662046979,5.519724677
10.17332,15.50706,4587.9,0.83238,0.423962,1.963336337,17.84666787,-8.560225219,5.541462257
13.80255,21.94018,6094.97,0.89288,0.247262,3.611068421,11.31181236,-8.425520964,5.379705185
10.05184,14.97748,3973.92,0.80794,0.467357,1.728742696,19.72091933,-8.506705295,5.577434985
5.90786,9.93585,2800.67,0.70888,0.785471,0.902490353,30.20347086,-8.368123069,5.761761621
5.88719,10.335,1494.79,0.68402,1.31798,0.518991183,26.32977379,-9.077810074,5.412192315
13.04549,15.37767,4443.41,0.85924,0.393385,2.184221564,16.15466666,-8.565249858,5.47383878
13.52299,18.70156,3975.57,0.85086,0.409093,2.07986937,14.85461698,-8.597915708,5.516096337
7.85752,12.67085,3740.35,0.76518,0.569165,1.344390467,18.65336096,-8.454595593,5.713941333
10.19798,16.79743,4916.56,0.85346,0.379541,2.248663517,34.16581611,-8.183953236,5.490728404
10.73919,14.51674,4752.09,0.82858,0.423352,1.957189289,17.39812058,-8.677741465,5.466092208
8.44149,12.84097,3861.32,0.7796,0.551025,1.414817839,20.44178915,-8.666073051,5.496286264
8.56261,14.93134,3201.79,0.8028,0.64802,1.238850653,20.05602641,-8.82025992,5.387646198
8.91962,16.77445,4121.46,0.80946,0.474597,1.70557336,20.64721259,-8.827737974,5.394177223
7.95789,14.61949,3304.16,0.7785,0.623488,1.248620663,32.18750299,-8.631582473,5.606599508
7.82095,10.9703,3225.81,0.77218,0.666639,1.15831807,32.53206387,-8.575556482,5.61603793
14.0249,21.29097,5933.53,0.89946,0.232144,3.874577848,12.84400951,-8.397431667,5.40221988
7.20077,12.28034,3256.24,0.75488,0.618673,1.220159923,17.46168496,-8.689318633,5.591563081
14.28029,21.10184,6069.25,0.90128,0.226907,3.972023781,13.29366362,-8.439713898,5.386006233
13.55408,20.16749,5871.46,0.8863,0.258766,3.425102216,13.19555363,-8.51114358,5.383386219
8.32952,15.21287,3366.73,0.78076,0.632151,1.235084655,24.65847585,-8.670915353,5.538157481
9.3704,14.25028,3905.45,0.80276,0.513642,1.562878425,21.40530471,-8.814871765,5.342109617
6.32935,9.56255,2860.71,0.71666,0.78851,0.908878771,25.09164191,-8.7131808,5.52147844
7.04283,12.73459,1911.17,0.7074,0.987994,0.715996251,37.82130941,-8.865967883,5.505874668
23.91753,24.07387,5678.48,0.90668,0.234192,3.871524219,12.73098097,-8.416591648,5.431284083
3.8939,8.41635,858.22,0.58998,1.47204,0.400790739,49.41797616,-8.376421982,4.902975026
12.11089,14.34112,2753.49,0.76352,0.666777,1.145090488,38.63000255,-8.400643383,5.54465629
5.02569,10.59991,1407.93,0.6656,1.21205,0.549152263,28.28856049,-8.953276303,5.421012699
10.17317,15.76802,4426.43,0.83422,0.425117,1.96233037,22.14671687,-8.568707595,5.472589662
10.815,11.87043,3764.22,0.77696,0.561604,1.38346593,16.96761916,-8.562864625,5.64891975
11.10684,17.86899,5218.62,0.84934,0.356514,2.382346836,15.65223298,-8.561416251,5.442121017
5.33988,10.25014,1306.47,0.65172,1.26614,0.514729809,27.98895307,-8.928762754,5.423924957
9.29723,15.54653,4293.06,0.80218,0.46071,1.741182089,17.73605609,-8.63334464,5.504836494
4.75594,10.48131,1703.47,0.666,0.98536,0.675895104,26.19734261,-8.913045372,5.333327236
7.50087,11.25014,3304.11,0.75006,0.653035,1.148575497,20.98577037,-8.636089342,5.523657565
7.92788,14.20415,3824.04,0.7923,0.524569,1.51038281,19.36513085,-8.730504253,5.442165669
11.11474,19.04992,3274.68,0.83008,0.545842,1.520733106,19.71365503,-8.831240666,5.372524692
14.60761,16.18963,3591.01,0.82348,0.514844,1.599474792,34.53259197,-8.578203715,5.485548468
4.82481,8.16413,1651.96,0.62598,1.0028,0.62423215,30.76010215,-8.845066749,5.259523542
10.86159,15.5628,4586.46,0.83242,0.415864,2.001664006,15.9210884,-8.656394532,5.442311519
8.80005,32.30395,4338.07,0.84962,0.363911,2.334691724,16.25965476,-8.66775467,5.358380345
8.38768,14.42324,3938.83,0.8048,0.530317,1.51758288,17.54021872,-8.670731685,5.507534525
8.31551,16.88512,4857.35,0.82438,0.429512,1.91934102,16.47918672,-8.654835593,5.42330633
11.06218,20.08481,5310.29,0.87048,0.335392,2.595410743,14.08147684,-8.578005591,5.390703786
8.38078,14.25556,3960.38,0.7824,0.514637,1.520294887,23.31124266,-8.597519207,5.569705918
4.84607,10.11921,1768.86,0.6745,0.972141,0.693829393,25.25005956,-8.823943715,5.433077484
9.92843,16.71776,4694.49,0.83336,0.398283,2.092381548,15.49101483,-8.591864099,5.46153109
8.33442,12.23653,3500.36,0.78174,0.594961,1.313934863,18.22342333,-8.786004402,5.472844013
12.29498,20.38288,5594.09,0.88416,0.283169,3.122375684,13.53666338,-8.489833206,5.383835025
9.34947,14.72014,4459.69,0.8207,0.440922,1.861326947,15.60142415,-8.536946396,5.516612497
6.88737,13.38214,2728.15,0.73118,0.745204,0.981180992,36.83143376,-8.658104147,5.570694349
7.97845,12.53968,3254.92,0.76098,0.643262,1.183001639,19.16579914,-8.635490467,5.624228819
6.25166,11.52183,2584.17,0.72378,0.78181,0.925774805,27.96075487,-8.553768076,5.652842651
5.48438,10.2593,1891.65,0.6621,0.909185,0.728234628,30.50437035,-8.958827933,5.350287095
8.80224,16.41677,4143.3,0.80464,0.487581,1.650269391,20.26906363,-8.526437519,5.585905699
6.86543,11.00102,3186.24,0.75728,0.666479,1.136239852,23.10354132,-8.635798579,5.665832164
6.39786,14.20954,1908.64,0.7267,1.02944,0.705917781,25.03620301,-9.113896745,5.291832453
5.60073,9.66713,2133.66,0.66558,0.88785,0.749653658,25.23495489,-8.641449612,5.5963694
10.04056,15.99429,4928.41,0.8393,0.374483,2.241223233,15.36995315,-8.551671372,5.45218623
8.61131,14.85151,3337.86,0.79268,0.603813,1.312790549,36.47261391,-8.572746318,5.53291974
13.71015,19.01165,5935.71,0.90156,0.254364,3.544369486,11.15217557,-8.442523127,5.423307748
6.89552,12.56335,3042.61,0.73608,0.713943,1.031006677,20.93728039,-8.594603223,5.675387142
6.40768,12.72855,3518.59,0.73596,0.596769,1.233241003,21.87790973,-8.831919947,5.392031425
6.16291,10.27528,1885.79,0.70638,1.06437,0.663660193,32.43673651,-8.990637854,5.431741296
13.44275,20.92627,5930.11,0.88838,0.254047,3.496911989,12.59183631,-8.500708748,5.401807724
11.40217,13.15346,2107.71,0.70832,0.813473,0.870735722,26.6716112,-9.151406762,5.251553835
6.98834,11.83729,2711.41,0.7175,0.710151,1.010348503,21.32176238,-8.75225245,5.477617836
5.8194,8.33618,2762.38,0.68326,0.768602,0.88896464,26.30268807,-8.560660974,5.607998298
15.05112,23.07949,6881.09,0.91046,0.20301,4.484803704,10.58942983,-8.34368262,5.390754901
21.87267,23.61427,5727.07,0.89608,0.244739,3.661369867,10.91949936,-8.448550709,5.442311182
10.06116,17.06582,4651.45,0.81988,0.425534,1.926708559,18.37937867,-8.630381817,5.403109863
4.97266,8.0774,1835.36,0.64954,0.965073,0.673047531,28.51701182,-8.707615323,5.533561969
5.37053,11.40329,1624.52,0.6733,1.08062,0.623068239,25.44863808,-8.867424462,5.456182073
6.18448,12.91017,2859.93,0.7535,0.733073,1.027864892,22.80715982,-8.636892612,5.699076908
8.25335,13.15118,4248.44,0.7943,0.495562,1.60282669,16.19280091,-8.559113304,5.562082149
8.23222,15.505,3929.51,0.80336,0.523492,1.53461753,17.94416783,-8.626688978,5.588027102
12.67078,19.37922,5890.8,0.8917,0.263172,3.388278388,13.19657171,-8.490693045,5.39377963
11.10363,19.08269,3268.42,0.8294,0.547907,1.513760547,19.60255401,-8.885922006,5.304461576
6.84406,12.83993,3112.25,0.73902,0.658791,1.121782174,24.50604823,-8.803633379,5.477507365
10.40477,14.20525,4812.72,0.84996,0.402139,2.113597537,17.13196759,-8.632601465,5.467949148
11.02209,17.69786,5306.62,0.85658,0.340788,2.513527472,14.03565537,-8.61812404,5.403569678
8.64703,12.02511,3440.64,0.74956,0.6264,1.196615581,20.1632493,-8.760218064,5.471366757
8.78851,15.83247,4185.22,0.81928,0.487408,1.680891573,22.4599751,-8.63231027,5.518342508
8.41996,11.62058,4705.7,0.79994,0.471628,1.696124912,18.97189421,-8.59890389,5.482752262
9.46809,16.02848,4520.49,0.82522,0.424369,1.944581249,15.93170117,-8.62449334,5.457465702
8.20008,16.2714,4434.7,0.81142,0.456286,1.778314478,16.52968349,-8.702596955,5.376561369
10.5171,15.00469,4653.45,0.82886,0.408533,2.028869149,15.83702797,-8.662904389,5.399588575
8.7617,13.61712,4198.97,0.79584,0.51445,1.546972495,18.9417297,-8.7290422,5.426905487
5.09726,9.66544,2137.46,0.67,0.885843,0.756341699,25.89154631,-8.560981906,5.662586365
6.94584,13.21867,2350.27,0.72736,0.838888,0.867052574,40.73264704,-8.264457253,5.600443705
4.39437,7.67858,1401.76,0.59106,1.06511,0.554928599,31.87264322,-8.859767085,5.10283118
5.79395,12.04338,2749.77,0.71214,0.727703,0.978613528,24.35549896,-8.873006399,5.447483808
6.36095,9.32958,2368.3,0.71046,0.86348,0.822786862,33.49783948,-8.599470523,5.61387656
6.77458,14.17477,1802.65,0.72934,1.02997,0.708117712,30.4221151,-9.009666879,5.389051605
11.18822,16.84515,4437.15,0.83268,0.410789,2.02702604,15.69857365,-8.696555088,5.394023553
9.20703,12.03844,4283.82,0.79356,0.498756,1.591078604,16.94564811,-8.614463833,5.549110288
5.19461,8.09065,2443.16,0.6878,0.866936,0.79336883,20.60628128,-8.657273703,5.650549023
5.96809,9.84297,1498.63,0.66722,1.19565,0.55803956,29.99698701,-9.062744111,5.450902336
5.73613,9.70293,2376.29,0.67772,0.803857,0.843085275,20.99290161,-8.700816456,5.626190857
5.81246,9.04882,2500.37,0.6802,0.827877,0.821619637,22.10348812,-8.724455795,5.53030753
12.75708,20.52059,5886.82,0.8914,0.265625,3.355858824,22.12904601,-8.484463627,5.448785533
7.1823,11.27374,2944.54,0.739,0.727259,1.01614418,28.31704455,-8.465998474,5.730496091
5.71494,10.3068,2669.09,0.69706,0.780033,0.893628859,20.80228848,-8.752646884,5.528448715
4.11357,10.20828,1230.05,0.6354,1.24777,0.509228464,36.13838417,-8.705065964,5.314383593
8.49163,15.29386,4075.45,0.81332,0.480167,1.693827356,16.94864988,-8.582122614,5.509568823
4.49362,9.13292,1671.45,0.64378,0.95444,0.674510708,31.25494165,-8.677094383,5.391799985
10.60053,17.07601,4847.04,0.84066,0.389427,2.158710105,14.8996228,-8.60062722,5.496465203
5.00836,10.8141,1972.13,0.67726,0.888708,0.762072582,30.81973846,-8.656806966,5.487080863
7.2696,11.53694,3538.96,0.7562,0.635195,1.190500555,18.81957823,-8.707772135,5.503367871
5.92826,9.77102,1223.1,0.64252,1.44826,0.443649621,26.25378406,-9.115605884,5.432410874
5.9936,10.75657,3036.76,0.73026,0.759203,0.961877126,30.87194033,-8.415539689,5.740293565
7.88458,12.64465,3795.75,0.78336,0.548177,1.429027486,21.58845504,-8.710529928,5.521095702
5.91478,10.77922,2430.74,0.7163,0.817805,0.87588117,30.27261717,-8.486664858,5.685521565
4.62612,8.28883,1487.32,0.62004,1.04903,0.591060313,30.34196658,-8.836350042,5.226436981
8.04346,14.97937,3613.27,0.78368,0.564971,1.387115445,25.77171799,-8.715146441,5.529408293
7.1508,12.79845,2085.48,0.74106,0.960072,0.771879609,31.31781767,-8.853482547,5.398188612
10.06842,17.20544,4783.33,0.85192,0.380179,2.240839184,16.09901107,-8.630578543,5.443309649
5.10881,11.32995,1270.35,0.65754,1.36461,0.481851958,27.62847369,-9.220270938,5.354309102
3.78504,8.27573,785.675,0.5569,1.25254,0.444616539,27.64757353,-9.022584649,5.084725131
7.4385,15.18153,3566.27,0.77506,0.553748,1.39966194,21.50660926,-8.846243379,5.299132666
15.8965,17.81691,4204.67,0.82752,0.413508,2.00121884,14.75819486,-8.711492544,5.361395936
8.50607,15.29989,3254.08,0.78706,0.624864,1.259570082,31.55355241,-8.679507123,5.574630937
14.49598,22.31237,6251.59,0.89158,0.249248,3.577079856,12.21142469,-8.433207688,5.407774018
5.07079,7.74357,1342.68,0.61204,0.996853,0.61397217,25.34533493,-8.935835732,5.348678392
13.13884,17.91679,4388.99,0.85464,0.406117,2.104418185,16.9128579,-8.687648008,5.392398367
11.40691,19.74992,5453.1,0.86098,0.32079,2.683936532,14.11123029,-8.571428548,5.419335455
5.63343,9.08382,1165.15,0.63912,1.46794,0.435385642,32.83021037,-9.023895673,5.390450043
4.22911,7.95434,1422.46,0.62202,1.04929,0.592800846,25.15798764,-8.830755099,5.3626801
14.6582,20.971,5987.54,0.89326,0.245207,3.642881321,11.80769492,-8.465039056,5.377619747
15.52227,24.25419,6278.98,0.91262,0.196724,4.639088266,12.05306538,-8.301922423,5.398425279
6.1889,12.01675,1629.47,0.69642,1.20208,0.579345801,29.35019829,-9.022746953,5.437548208
8.87065,14.19466,3097.84,0.76806,0.637189,1.20538804,40.69939824,-8.638197069,5.60664411
7.35505,13.61157,2911.95,0.75478,0.696536,1.083619511,48.31372191,-7.873902808,5.6092148
9.637,14.13205,4530.05,0.81446,0.440729,1.847983682,16.00673725,-8.670384829,5.44338004
12.41399,18.14251,3565.1,0.84846,0.465433,1.822947664,16.36417919,-8.75110093,5.366173998
12.02399,16.63934,4600.48,0.85096,0.389292,2.185916998,13.23963711,-8.646242539,5.41541528
9.33759,15.98416,4573.72,0.81158,0.426851,1.901319196,17.84908708,-8.675718004,5.363871851
8.40924,12.46669,4261.21,0.79256,0.531882,1.490104948,15.29576357,-8.634267354,5.575810293
5.2292,10.39664,1738,0.68306,1.0692,0.638851478,29.76335216,-8.688539343,5.545742587
7.84569,11.96492,3998.57,0.78028,0.553224,1.410423264,23.09969565,-8.680743963,5.532875996
6.17576,8.45238,2408.53,0.69258,0.855632,0.809436767,27.72340128,-8.711051829,5.544646119
5.39776,10.50912,2864.02,0.70002,0.764415,0.91575911,25.23240038,-8.505588671,5.648732411
4.55289,9.62457,1211.73,0.61472,1.15949,0.530164124,27.3698135,-9.039532478,5.116032185
8.03831,10.38134,2620.78,0.6973,0.768262,0.907633073,19.39666887,-8.633162564,5.631105614
8.36289,13.21859,3847.43,0.80056,0.555048,1.442325709,16.15150563,-8.715584663,5.458457934
18.77218,20.79993,5906.83,0.89306,0.266968,3.34519493,10.38195841,-8.491376982,5.460478411
30.99005,31.36351,6314.26,0.93196,0.156264,5.964009625,13.47696478,-8.12092246,5.44605152
8.17071,16.85434,4181.6,0.8183,0.448882,1.822973521,18.62863593,-8.504000694,5.51702938
7.00865,14.13443,3646.82,0.77028,0.566758,1.359098592,19.08735008,-8.701801918,5.514487936
11.11929,20.16092,5712.54,0.8769,0.279925,3.13262481,14.82681341,-8.5360352,5.415238728
5.08641,9.90533,1587.42,0.64998,1.03527,0.627836217,40.24314974,-8.256918181,5.417273794
5.22002,8.19768,1676.92,0.61562,0.952569,0.646273393,27.49024261,-8.706686534,5.467233195
5.33137,9.42428,2244.08,0.6717,0.872661,0.7697147,24.69353109,-8.795303815,5.481771237
3.9367,8.17937,813.479,0.57986,1.59827,0.362804783,37.60105244,-9.153067337,4.915785121
8.80661,16.3159,3953.13,0.80416,0.492646,1.632328284,19.00504537,-8.680183236,5.435789365
9.655,16.44859,4398.56,0.81982,0.426012,1.924405885,18.28998965,-8.55900153,5.510152163
8.53186,8.97102,2862.83,0.7192,0.756125,0.951165482,20.19580617,-8.476212923,5.730310129
9.44881,15.74166,4540.69,0.83514,0.415652,2.009228874,16.10510144,-8.698794984,5.386714008
8.1461,13.39804,2789.03,0.75382,0.709531,1.062420106,35.85995239,-8.647852591,5.642547874
5.82473,9.75436,1945.99,0.65932,0.886574,0.743671707,25.12264042,-8.906297457,5.328415196
8.34623,15.09613,4198.41,0.79876,0.494395,1.615631226,17.5933764,-8.708704043,5.486942605
13.51217,18.42751,5386.66,0.8722,0.302102,2.887104355,17.00458191,-8.531174323,5.423954638
8.29216,15.76277,3582.05,0.77692,0.560896,1.385140917,27.31953477,-8.721570889,5.460568875
7.5363,10.16803,3252.49,0.72872,0.674016,1.081161278,19.73735141,-8.679396161,5.64164635
10.28887,17.972,5038.2,0.85556,0.363756,2.352016187,15.2627596,-8.577926519,5.459847662
6.23677,10.63378,2665.68,0.71734,0.754423,0.950845878,24.49209308,-8.611258097,5.592149161
7.07119,13.16539,3076.9,0.72906,0.653856,1.11501615,19.56621807,-8.782901575,5.443019736
4.65431,9.24403,1096.94,0.61304,1.3663,0.448686233,27.31205364,-9.204223634,5.265465042
5.60661,9.22564,1520.94,0.6521,1.1225,0.580935412,31.44435064,-8.788794169,5.407001573
4.30542,9.2344,1491.92,0.62372,1.04197,0.598596889,37.39247409,-8.264201022,5.349621287
11.0682,16.92314,4436.75,0.83888,0.407004,2.061109965,15.94806944,-8.618680437,5.475195255
6.13573,9.44714,2090.39,0.70466,0.942643,0.747536448,33.33603734,-8.930019417,5.387593699
8.74071,15.3753,3325.38,0.78776,0.586431,1.343312342,34.45102423,-8.737746517,5.576529132
5.29389,9.40731,1714.93,0.6384,0.945834,0.674959877,29.16702101,-9.297164552,5.108151338
5.68104,10.27927,2883.08,0.715,0.740118,0.966062168,20.17149041,-8.690299628,5.611492627
9.06688,15.40368,3648.49,0.77908,0.563106,1.383540577,21.82930805,-8.824694438,5.380649561
18.97336,21.70165,6105.95,0.8969,0.240609,3.727624486,12.06325148,-8.392744933,5.420507401
4.36882,10.65557,1416.72,0.66072,1.1109,0.594761005,29.62647845,-9.089402747,5.269383441
8.68596,14.91592,3467.42,0.8036,0.59165,1.358235443,18.55980252,-8.773521145,5.44913708
14.67225,22.89475,5985.42,0.89862,0.226442,3.968433418,14.52040553,-8.393450287,5.347997615
13.05329,20.05576,5714.97,0.87688,0.285235,3.074237033,14.04171608,-8.503902405,5.400103408
9.53667,15.96284,4135.82,0.8115,0.474111,1.711624493,17.0816538,-8.656857161,5.477756309
8.00634,12.28376,3446.92,0.75242,0.627354,1.19935475,20.02978582,-8.672690638,5.536020299
8.50748,14.86184,3314.84,0.8033,0.583699,1.376223019,31.32773755,-8.660231848,5.568841358
12.30826,20.87794,5671.39,0.88052,0.277594,3.171970576,14.56161099,-8.527976506,5.373283565
23.6919,24.61896,5714.66,0.90714,0.231937,3.911148286,12.16026553,-8.36825662,5.424767026
8.55493,15.02847,4076.81,0.80656,0.490588,1.644067935,18.34979191,-8.695372806,5.436438081
9.05593,11.99176,4453.16,0.80138,0.533447,1.502267329,16.96936355,-8.570336118,5.598394858
4.2586,7.01825,1158.22,0.6074,1.13011,0.537469804,32.83627059,-8.515467903,5.323163408
11.58989,19.21566,5392.13,0.8621,0.312384,2.759744417,13.67827966,-8.532924838,5.386871232
11.99233,20.56378,5878.55,0.88,0.278221,3.162953192,13.63015837,-8.496856565,5.38309788
8.15438,15.56367,4122.85,0.7969,0.485438,1.641610257,18.31848623,-8.691003806,5.413098183
3.75203,7.63199,992.176,0.603,1.31177,0.459684243,32.81409163,-8.803940148,5.118406681
7.18672,13.92209,1905.04,0.74048,0.981924,0.754111316,25.50293673,-9.22595719,5.264706428
10.45217,17.19947,4857.03,0.83772,0.389841,2.14887608,15.00285132,-8.661784581,5.362082354
6.55309,9.8834,2377.86,0.68074,0.816665,0.833560885,26.93803143,-8.791622013,5.4908307
4.24007,7.29746,1201.98,0.58758,1.10759,0.530503165,26.87193836,-8.809022493,5.225517731
17.33022,19.04114,3237.79,0.81136,0.498383,1.627984903,24.70585191,-8.975444644,5.19713972
6.44346,10.02695,2953.81,0.71552,0.730688,0.979241482,21.25708688,-8.767668175,5.520390727
9.32387,16.13691,4017.76,0.81904,0.493434,1.659877511,23.10373477,-8.434395308,5.564906523
12.0509,32.87743,4760.04,0.865,0.327817,2.638667305,15.19967644,-8.469125975,5.462345847
9.66184,13.61378,4889.42,0.8232,0.437311,1.882413203,17.62812684,-8.670606808,5.419251338
6.10974,10.12495,2624.11,0.69624,0.776118,0.897080083,21.63587516,-8.645328575,5.670765996
4.09567,8.16224,578.387,0.56114,1.20984,0.463813397,25.71545478,-9.212841525,4.955014444
6.63467,11.20633,3150.91,0.7368,0.654134,1.126374718,19.37395977,-8.781449932,5.431972197
4.71896,10.10497,1901.56,0.65814,0.958829,0.686399765,36.22954042,-8.462335124,5.396957931
5.56875,8.59092,1820.05,0.64714,0.999997,0.647141941,31.19462801,-8.470962409,5.450508529
9.13449,15.14106,3853.75,0.8195,0.507634,1.614352073,33.86482632,-8.72287862,5.51027146
8.51303,14.82756,3723.39,0.78552,0.5378,1.46061733,18.11638905,-8.713510371,5.454782667
8.44499,15.23835,4044.42,0.81326,0.497764,1.633826472,29.85970083,-8.487324385,5.559285361
5.4323,9.16694,1468.45,0.6261,1.07133,0.584413766,47.62820443,-8.182281195,5.342039727
8.64771,15.64821,4032.14,0.82136,0.486759,1.687405883,17.24696097,-8.594570206,5.559892595
9.94722,15.84076,4500.79,0.83676,0.426531,1.961780035,15.4052555,-8.654951596,5.460798571
5.4761,10.04076,1930.99,0.65818,0.953745,0.690100603,34.66202842,-8.440003209,5.472259108
7.99613,12.36709,3546.76,0.76432,0.605467,1.262364423,19.6972586,-8.827634372,5.460776077
7.21943,14.4267,1832.29,0.7336,1.05304,0.6966497,32.78663164,-8.991157742,5.391605359
11.61607,18.9689,5016.83,0.8502,0.357812,2.376108124,15.54793513,-8.593378456,5.390659856
7.98697,14.41313,2461.85,0.75056,0.801623,0.93630048,24.96033591,-8.818976296,5.573012869
6.61211,9.67481,2783.32,0.7229,0.77821,0.928926639,29.92022289,-8.704320281,5.51856381
6.43402,10.40519,2246.32,0.68306,0.824478,0.828475714,23.67572044,-9.073832134,5.259643881
9.80052,16.20056,4341.44,0.81906,0.450756,1.817080638,17.35041333,-8.685828075,5.380719924
9.26225,14.84396,4199.21,0.81496,0.488014,1.669952092,17.20077533,-8.661515422,5.477236732
9.18536,16.94498,4999.53,0.83952,0.402224,2.087195195,22.48174552,-8.653321393,5.431269038
15.25605,46.60226,5994.94,0.91708,0.189693,4.834548455,12.16127995,-8.268125043,5.439318365
11.32268,18.62739,4708.49,0.85558,0.366077,2.337158576,23.50617333,-8.625670637,5.414387966
9.72367,16.94099,4844.07,0.8362,0.384655,2.173896089,16.17039722,-8.640325426,5.375831179
7.51366,12.46837,3496.58,0.75614,0.612808,1.233893813,19.9067687,-8.631001775,5.510024548
11.28046,18.56743,4923.05,0.8507,0.350176,2.429349813,16.69782628,-8.608689026,5.39347361
7.02636,9.31768,943.831,0.54152,1.11445,0.485907847,18.39793284,-8.007804222,6.089944787
3.8442,4.49857,246.233,0.4563,1.5866,0.287596117,31.8842753,-7.75371171,4.274434317
4.58071,5.07924,782.685,0.53294,1.37299,0.388160147,32.98539192,-7.637215999,4.281791342
5.92782,9.02838,1322.94,0.63332,1.15645,0.547641489,15.4529016,-9.134201383,5.388389021
3.78027,4.98345,979.878,0.55936,1.03045,0.542830802,26.31785876,-8.429315571,4.846423838
4.14383,5.43686,1063.67,0.5272,1.07065,0.492411152,24.19350538,-8.293773316,5.392333076
5.41814,6.73498,1137.36,0.53754,1.052,0.510969582,22.76173453,-7.702200851,5.741275519
5.9406,11.23796,3836.12,0.746,0.599562,1.24424163,13.73946088,-8.585298101,5.640987151
4.42032,5.45833,998.673,0.53636,1.21453,0.441619392,29.50372771,-7.820763637,5.050359636
4.69467,5.87443,1946.76,0.61004,1.07984,0.564935546,24.5850232,-7.904005505,5.830466395
3.99236,4.43033,247.782,0.55642,1.33979,0.415303891,33.21781421,-9.12106646,3.608414461
5.12336,6.28134,1108.24,0.51816,1.10154,0.470395991,22.24834618,-7.983064697,5.619369041
3.88819,5.32446,319.444,0.47876,2.34041,0.204562448,38.86398441,-8.303027659,4.41206935
6.67891,10.60386,2527.23,0.72914,0.768186,0.949171164,25.20570979,-8.359431821,5.929729124
4.44571,5.35231,2040.14,0.6374,0.961151,0.663163228,21.93127193,-7.63675195,5.96329241
3.74741,8.13146,1589.55,0.63708,0.911325,0.699070035,23.07491925,-8.928456165,5.511206276
7.63034,8.63632,2730.61,0.6691,0.777557,0.860515692,20.31407017,-8.07327955,6.044597835
8.47192,9.44546,2706.32,0.68758,0.754531,0.911268059,20.47534519,-8.253664095,5.940375126
7.4101,12.83987,4467.32,0.80556,0.522471,1.541827202,19.18339461,-8.471801422,5.694484566
5.74363,9.28847,1457.41,0.58692,0.92545,0.634199579,20.57472101,-7.766172288,5.936944605
5.94989,9.17575,1464.9,0.58758,0.929043,0.632457271,20.60380704,-7.875442723,5.980667026
5.87566,9.14672,1476.64,0.5921,0.925299,0.639901264,20.56906809,-7.755329899,5.969505204
8.17399,9.60031,4733.42,0.77984,0.525842,1.483031025,13.82677069,-8.459713667,5.749024594
6.89092,13.27896,2039.84,0.72896,0.883073,0.825481019,25.12314136,-8.35805899,5.953717098
6.64307,13.18363,2173.22,0.72136,0.881735,0.818114286,22.89980232,-8.555251456,5.836876035
4.27188,5.51513,796.329,0.5199,1.06812,0.486743063,26.94285192,-7.29092751,5.228532141
5.65011,7.39529,2830.42,0.69384,0.784783,0.884117011,27.85317969,-8.009007172,5.956514851
4.66315,5.64071,1053.73,0.5456,1.16869,0.466847496,25.55324235,-8.419309325,5.413654257
6.07292,8.33531,1887.56,0.62626,0.867063,0.722277389,21.6071202,-8.588760798,5.705236669
8.59079,19.43102,4036.3,0.8236,0.448746,1.835336694,14.3577793,-8.444910787,5.620810453
5.15214,5.93254,1685.67,0.63358,1.0803,0.586485236,19.98189313,-8.150591372,5.910081047
3.98335,5.63742,447.081,0.4978,1.20442,0.413310971,26.54440466,-8.437963902,5.106177921
5.1054,5.28515,799.331,0.57306,1.34186,0.427063926,25.08063479,-7.751435974,5.410926691
6.18035,6.5178,4786.42,0.71052,0.652513,1.088897846,21.32414923,-7.519528739,6.175896085
4.7152,7.1658,811.145,0.52794,1.41392,0.373387462,24.45931744,-8.539427121,5.207135656
3.85621,5.54342,948.983,0.5495,1.27196,0.432010441,24.2940667,-8.441900106,5.376034711
5.14701,6.92307,488.339,0.46414,1.38513,0.335087681,21.15910186,-8.528376938,5.596869375
4.52059,7.01246,719.444,0.54492,1.55856,0.349630428,32.53676205,-7.770761912,5.051465679
4.25399,5.10735,420.659,0.4736,1.35619,0.349213606,23.42767258,-8.152237314,5.270166727
3.69802,6.1047,752.222,0.50186,1.13285,0.443006576,27.7873008,-7.594483402,4.969524148
13.44364,15.14217,2383.52,0.7101,0.712137,0.997139595,19.53361543,-8.587936062,5.546594326
3.6514,5.4573,473.734,0.51302,1.13,0.454,36.59851928,-8.220794524,4.52973131
4.10328,5.08195,271.555,0.47618,1.44854,0.328730998,33.7027799,-6.790150699,5.578186654
4.69116,7.31017,1496.68,0.58784,1.06476,0.552086855,23.43197121,-8.554499058,5.580935027
4.12791,4.5434,429.914,0.49474,1.17273,0.421870337,31.18173814,-8.205636197,4.247219685
3.70581,4.30528,285.107,0.42216,1.35136,0.312396401,34.65556564,-7.151001225,4.788374959
5.76129,9.22988,2037.53,0.6421,0.797235,0.805408694,21.88970849,-8.480455737,5.710527084
4.25257,5.15578,946.42,0.56682,1.02741,0.551697959,27.05384899,-8.280761035,5.496902778
6.6824,13.29046,2165.27,0.7205,0.885101,0.814031393,24.37021616,-8.601827109,5.813282048
6.68848,13.27819,2157.24,0.7204,0.886638,0.812507472,24.37586656,-8.685546513,5.80099638
6.68627,13.28015,2159.05,0.7205,0.886436,0.812805437,24.34974231,-8.595255427,5.807419835
6.68243,13.28501,2160.32,0.72034,0.885879,0.81313588,24.34917786,-8.64323097,5.795461333
6.68152,13.28667,2162.54,0.72032,0.885728,0.813251924,24.36169893,-8.652141411,5.798773663
6.68065,13.28765,2163.39,0.72048,0.885566,0.813581371,24.33210663,-8.649993678,5.80287464
6.68351,13.2906,2162.27,0.72032,0.885202,0.81373517,24.33263481,-8.668348593,5.785958088
6.68263,13.29232,2163.77,0.72044,0.88504,0.814019705,24.30896467,-8.587722157,5.771342765
6.68187,13.29109,2163.28,0.7204,0.885242,0.813788772,24.34754626,-8.666254381,5.787331729
6.68351,13.2906,2160.98,0.72032,0.885202,0.81373517,24.31619963,-8.607722091,5.785233192
6.68503,13.28991,2162.73,0.72042,0.885192,0.813857333,24.35352363,-8.624152962,5.785955557
6.68379,13.28599,2162.27,0.72046,0.885718,0.81341917,24.39287555,-8.629610437,5.80221683
6.68934,13.28076,2158.07,0.72058,0.886213,0.813100237,24.42257656,-8.620695284,5.802526595
6.6901,13.26684,2157.74,0.72064,0.886406,0.812990887,24.42861372,-8.59474468,5.810366603
6.6936,13.27658,2157.16,0.72074,0.886659,0.81287169,24.49640904,-8.614314047,5.814806662
6.69379,13.27227,2156.02,0.7207,0.887003,0.812511344,24.50188734,-8.62949833,5.811708399
6.69333,13.27228,2157.63,0.72098,0.887125,0.812715232,24.50763816,-8.58291317,5.815780598
6.69949,13.26803,2155.08,0.72078,0.887459,0.812183999,24.51597198,-8.647127882,5.815379501
6.69376,13.27475,2162.17,0.72116,0.886223,0.813745525,24.48345699,-8.592031038,5.818969158
6.68947,13.26122,2153.3,0.7207,0.888342,0.811286644,24.56967662,-8.684105287,5.816355334
6.69886,13.26005,2150.75,0.72072,0.888413,0.81124432,24.6266612,-8.577897408,5.821236416
6.68165,13.2499,2152.63,0.7205,0.889236,0.810246099,24.59248091,-8.578312867,5.819938451
6.68893,13.24907,2158.46,0.7211,0.88888,0.811245612,24.57758912,-8.610879811,5.808740152
6.68273,13.22867,2154.54,0.721,0.889541,0.810530375,24.59869129,-8.582744289,5.827327546
6.6779,13.21932,2163.13,0.72114,0.889246,0.810956698,24.65493196,-8.579642221,5.838396324
6.68001,13.20191,2165.87,0.72124,0.888687,0.81157933,24.61571841,-8.652825378,5.846889454
6.6647,13.20044,2158.16,0.72086,0.888809,0.811040392,24.63553315,-8.539589852,5.849025393
6.68747,13.2125,2159.26,0.72046,0.888677,0.810710753,24.61489772,-8.609738728,5.824619995
6.67871,13.19539,2164.76,0.72148,0.889032,0.811534343,24.7380255,-8.557248166,5.848160574
6.67524,13.31856,2148.4,0.71742,0.884636,0.810977622,24.32420908,-8.711962067,5.73202055
4.48624,6.11281,903.16,0.5644,1.17289,0.481204546,23.71698893,-8.641198835,5.214893137
6.88541,7.36509,1834.02,0.65136,0.955182,0.681922398,22.52941456,-8.21755294,5.937553875
4.15814,6.82504,1877.18,0.64242,0.987346,0.650653368,20.59540861,-8.132244676,5.895160506
5.20644,6.87938,1924.71,0.6477,0.976254,0.663454388,22.68308487,-8.125239896,5.836981032
6.08004,7.25048,1046.23,0.54556,1.09392,0.498720199,21.99103598,-7.868815498,5.85055237
5.8712,7.17371,1010.39,0.54822,1.10727,0.495109594,22.30407129,-7.823419205,5.842379042
4.7264,5.41735,1251.48,0.61704,1.2729,0.484751355,22.40633245,-7.930858473,5.969957285
8.07627,10.10393,2111.24,0.68152,0.796459,0.855687487,25.72211911,-8.68988382,5.504674568
6.68014,13.15947,1222.53,0.59602,1.04413,0.570829303,23.6177315,-8.760629887,5.341475878
4.56576,5.61478,359.423,0.4523,1.32216,0.342091729,52.30881262,-8.064180245,4.166608328
3.82785,4.75958,285.583,0.44576,1.76954,0.251907275,28.8870857,-8.141633001,4.744356288
3.84263,4.78039,281.889,0.44718,1.76597,0.25322061,28.7600996,-8.089189292,4.765681516
3.66786,4.39406,153.925,0.42816,1.82931,0.234055464,29.85769993,-8.639296811,4.217380721
3.79204,4.69637,243.894,0.44488,1.77106,0.2511942,28.53898357,-8.218591839,4.734485487
3.70024,5.13321,129.984,0.42624,2.82249,0.151015593,27.3380096,-9.497870524,4.642538066
3.9124,5.0284,1117.31,0.59542,1.21944,0.488273306,22.42572404,-7.987517913,5.806578872
3.95835,5.08043,1177.67,0.60324,1.20337,0.501292204,22.15911348,-8.000994572,5.828804172
3.9622,5.05926,1159.88,0.60142,1.21011,0.496996141,22.27905335,-8.005967915,5.816109604
3.78832,4.97891,1011.42,0.58828,1.23681,0.475642985,22.74532672,-7.967786789,5.769594961
3.81551,4.99541,1069.88,0.58936,1.23241,0.478217476,22.65961235,-8.022320706,5.768186658
3.87283,5.01407,1086.67,0.5972,1.22609,0.487076805,22.55587096,-7.990495621,5.756201937
3.8892,5.04935,1096.94,0.5921,1.21647,0.486736212,22.35440728,-7.990247846,5.78768458
3.76476,4.98043,966.885,0.58774,1.23681,0.475206378,22.72818984,-8.031613893,5.763319186
3.79418,4.99037,997.896,0.58916,1.23241,0.478055193,22.64793308,-8.018194117,5.762986415
3.8343,5.00423,1035.09,0.59216,1.22609,0.482966177,22.52449041,-8.004585633,5.775912152
3.92518,5.0496,1091.56,0.5992,1.21011,0.495161597,22.27700258,-7.978720717,5.822291365
3.95879,5.07683,1109.78,0.60182,1.20337,0.500112185,22.18008601,-7.979090721,5.83373368
5.55983,9.76192,1447.81,0.67032,1.11305,0.602237096,25.44361564,-8.853102589,5.493432804
6.57125,11.8886,3167.22,0.74292,0.647287,1.147744355,15.91371644,-8.437348861,5.784315026
6.08499,10.32117,2289.94,0.6888,0.854705,0.805892091,23.44728471,-8.459750008,5.877199648
6.46763,9.93002,2600.05,0.7304,0.795967,0.917625982,13.92902899,-8.489895072,5.82802107
4.34715,4.86021,1198.3,0.60418,1.66839,0.362133554,45.11612573,-8.778285837,5.549101783
4.34562,4.86217,1180.22,0.60396,1.66926,0.361813019,44.29946117,-8.663692099,5.560749376
6.05366,6.93958,3396.24,0.72642,0.735097,0.988196116,15.45011068,-8.250959202,6.03413455
5.56918,6.7277,2328.01,0.67698,0.882671,0.766967534,16.4425897,-8.133172715,6.01192794
5.62808,6.82996,2213.01,0.67536,0.906851,0.744730943,19.29148771,-8.190413389,5.930515668
3.99598,4.7722,259.17,0.463,1.5688,0.295130036,26.30635298,-7.887258995,5.430180036
5.44672,6.48283,1248.8,0.61138,1.23973,0.493155768,24.07255567,-8.940710482,5.518991134
3.68421,4.54182,189.577,0.48704,1.45633,0.334429697,27.18863665,-8.737290317,4.956528494
4.25071,5.89224,2128.06,0.66434,0.915526,0.725637502,21.96005945,-8.722247521,5.571687472
3.88732,4.53313,713.68,0.52178,1.15892,0.450229524,30.54394915,-7.41664877,5.14404319
4.77192,6.08213,1352.41,0.58448,1.01187,0.577623608,24.00991256,-8.085712642,5.563541727
4.27339,7.95641,897.294,0.60254,1.05221,0.572642343,20.933455,-8.950794133,5.463804033
3.70129,5.15491,614.375,0.49874,1.1957,0.417111316,28.96518165,-7.906908276,4.743848013
6.29526,7.54735,1151.6,0.56566,1.0416,0.543068356,20.46935833,-8.912008374,5.312580176
6.64177,6.98757,900.956,0.57482,1.55436,0.369811369,24.03798707,-7.775308105,5.772009763
6.59787,6.97041,837.616,0.55954,1.6291,0.343465717,20.32661726,-7.906998303,6.054729602
6.59754,6.98007,838.067,0.56018,1.62762,0.344171244,20.3277579,-7.800955492,6.068239321
6.78821,7.13111,928.636,0.57888,1.50724,0.38406624,23.52793226,-7.822190848,5.876334932
6.70514,7.05454,847.207,0.55176,1.61812,0.340988307,27.24578341,-7.586405514,5.48564454
6.73356,7.07406,860.908,0.5552,1.61064,0.344707694,27.6294247,-7.552757398,5.501575723
5.19916,6.77782,1512.39,0.5933,1.13174,0.524237016,19.40169097,-8.367008488,5.869980633
3.76742,4.76005,538,0.53346,1.25917,0.42366003,27.88352607,-7.976147938,5.214303972
4.90776,5.78746,1905.77,0.67126,1.02316,0.656065522,17.02917662,-8.573286948,5.77565781
8.07829,10.22426,2748.7,0.72564,0.790487,0.91796576,18.0961093,-8.326913832,5.983625037
4.67292,6.08923,1515.01,0.60892,0.939565,0.648087147,21.28678558,-7.768015757,5.827616528
5.35648,5.82969,1195.57,0.57464,0.993205,0.578571393,21.41661677,-7.565074942,5.786574662
4.72527,6.06958,1570.14,0.61142,0.935479,0.6535903,21.23537867,-7.769331515,5.845969931
5.38954,5.90692,1169.95,0.57766,0.987787,0.584802189,21.25351478,-7.583093041,5.792272202
9.26877,9.52896,963.15,0.55786,1.12614,0.495373577,16.36848877,-8.18054553,6.17196316
11.4865,12.33039,1200.89,0.61526,0.854274,0.720213889,32.89543711,-9.760225699,5.01224733
5.1748,6.93055,629.126,0.48148,1.20906,0.398226722,22.37977633,-8.970334834,5.206091249
4.44867,6.60215,547.678,0.46904,1.25097,0.374941046,23.29265354,-9.783749694,4.797076172
4.98271,6.87089,629.45,0.48072,1.21823,0.394605288,22.62045039,-8.991451508,5.194511216
11.34151,12.3272,1162.17,0.61508,0.854178,0.720084104,35.56410583,-8.962181167,4.994624246
4.01037,4.88805,527.886,0.49632,1.43329,0.346280236,37.21755148,-7.07373217,4.813009855
4.785,5.05411,315.48,0.41298,1.40153,0.294663689,30.36666528,-7.437365741,4.62950196
4.01377,4.79857,1178.23,0.59212,1.19981,0.493511473,26.7701159,-7.729016267,5.587754524
3.85637,4.77299,917.917,0.56174,0.998724,0.562457696,26.5451767,-8.428895618,4.936150419
3.88728,4.63332,494.572,0.52132,1.24361,0.419198945,29.27253228,-8.343592017,4.940719265
3.72004,4.92982,326.283,0.45784,1.77302,0.258226078,22.10287082,-8.955373565,5.110223352
3.69066,4.90414,317.768,0.45714,1.79444,0.254753572,22.45145388,-8.922793024,5.106581452
4.91725,5.43148,244.063,0.40428,1.632,0.247720588,23.11378132,-8.238803868,5.161351057
3.98785,4.99635,1113.37,0.60038,1.3412,0.447643901,18.81445052,-8.669041494,5.768668018
7.91583,15.05124,3648,0.80898,0.593338,1.363438715,10.47278434,-8.891612273,5.369979631
5.6073,15.04959,2577.02,0.75316,0.712902,1.056470595,14.72334865,-9.027300537,5.295237106
10.62864,20.93415,4789.57,0.86214,0.373403,2.308872719,10.95773389,-8.617114214,5.432164559
5.63757,6.13983,1177.67,0.58538,1.11988,0.52271672,19.69066791,-7.792317509,5.871719892
6.13196,10.28948,1430.73,0.62594,0.910166,0.687720701,24.36205115,-8.577224503,5.585285578
8.68741,10.25144,1547.17,0.64836,0.847968,0.764604325,31.25935549,-8.592002291,5.562738557
9.35673,10.61507,1791.62,0.66048,0.815931,0.809480213,29.61624239,-8.649007151,5.608731706
5.11285,5.96917,1415.3,0.61342,1.20816,0.507730764,23.44994642,-8.05943452,5.801459748
6.31093,9.43184,1216.69,0.60842,1.23596,0.492265122,24.62043701,-9.11690414,5.405109797
8.70015,10.26084,2941.68,0.74692,0.680562,1.097504709,22.87121739,-8.752518182,5.515505211
8.51622,9.74551,1205.73,0.61518,1.04544,0.58844123,18.90305393,-9.005297044,5.399955333
5.28936,7.0311,1528.2,0.62802,1.03834,0.604830788,23.00549667,-8.428443991,5.653302263
11.69295,18.47947,4502.99,0.84824,0.385139,2.202425618,11.96536247,-8.546073091,5.525745282
4.66761,6.30224,1115.55,0.6072,1.13784,0.533642691,23.39201529,-8.304002959,5.54053641
4.30182,6.39565,1571.29,0.6005,0.942507,0.637130547,24.71375925,-8.147740525,5.743350731
5.18035,7.02985,479.259,0.46108,1.2839,0.359124542,19.81294495,-8.529220149,5.553933869
4.45204,6.79621,404.464,0.4072,1.50028,0.271416002,27.4443541,-7.12605301,5.692557401
7.67787,8.56329,1025.97,0.55228,1.0884,0.507423741,20.39623731,-8.919736791,5.521167641
6.10381,6.49751,532.356,0.48132,1.26256,0.381225447,25.93969942,-8.195972782,5.45362276
4.52338,4.94766,411.824,0.4908,1.65228,0.297044085,27.28925462,-7.432528766,5.0865497
3.95219,6.37814,814.391,0.55588,1.40385,0.39596823,21.88385118,-7.956495537,5.897365411
3.82857,4.59442,318.79,0.44484,1.27958,0.347645321,28.64745576,-8.682625342,4.000174071
8.26476,12.15079,1831.48,0.67804,0.865202,0.783678262,14.09816357,-8.878615905,5.524922917
3.7268,4.95561,540.255,0.4971,1.57969,0.314681995,44.67089574,-7.745123345,4.332605102
7.12814,10.62668,1438,0.6584,1.1199,0.587909635,16.53078734,-8.888815379,5.51770105
4.84283,7.29475,507.027,0.481,1.35618,0.354672684,21.7662086,-8.69177215,5.543625541
5.81943,6.67757,749.813,0.50662,1.11834,0.453010712,27.23801387,-8.957360771,4.975188726
4.84974,7.56186,1971.59,0.70064,1.40224,0.499657691,18.90684884,-8.32807783,6.063448529
5.10297,6.95421,1384.03,0.65022,1.53443,0.423753446,22.99744073,-8.17538485,5.872638731
5.00524,6.82599,1432.45,0.6428,1.48471,0.432946501,22.01388284,-8.230122685,5.824910644
5.71739,7.53203,1476.24,0.61164,0.998352,0.612649647,22.31915615,-8.519857944,5.696841362
3.76064,4.8762,461.816,0.51018,1.16854,0.436596094,32.75880804,-7.019102241,5.19111154
7.98188,10.6209,3247.26,0.7441,0.698012,1.066027518,20.16627028,-8.331767591,5.815713696
34.51057,35.58882,3696.99,0.857,0.382184,2.2423754,15.83193508,-8.281616438,5.712247702
6.63764,9.89745,1326.22,0.66944,1.19874,0.558453042,25.94567416,-8.642692864,5.813792467
4.1598,4.58864,398.719,0.45738,1.33735,0.342004711,30.51393984,-7.3877351,4.878425434
6.83124,13.82069,3786.06,0.78012,0.581484,1.341601833,14.82056207,-8.463630738,5.776029598
7.22011,10.08149,4058.61,0.77646,0.573061,1.354934291,16.41416116,-8.558546736,5.670586633
5.25239,7.9765,2131.75,0.66122,0.909449,0.727055613,19.80688634,-8.519989978,5.820500093
4.14792,6.04006,1427.54,0.59394,0.993739,0.597682088,23.22129417,-8.259499541,5.677759735
5.78838,9.0167,1429.22,0.58268,1.0207,0.570863133,20.1931107,-8.224334461,5.901713447
4.75487,6.81302,1184.19,0.54944,1.04896,0.523794997,28.19901973,-8.496056437,5.401367467
4.89913,7.92371,1894.82,0.63658,0.908491,0.700700392,26.46333957,-8.748635403,5.419126379
5.34538,5.86305,745.164,0.5026,1.27095,0.395452221,23.45360054,-7.87345259,5.56907821
5.35778,5.81102,752.619,0.4987,1.28071,0.389393383,23.58945743,-7.846441736,5.518590864
5.35243,5.88152,759.713,0.50198,1.27191,0.394666289,23.55973793,-7.854176473,5.545230928
3.92519,8.78791,839.627,0.52416,1.21365,0.431887282,25.82457409,-8.824190745,5.202573568
6.49016,12.63938,3156.83,0.74402,0.677616,1.097996505,21.41005731,-8.434160069,5.90117098
4.77054,5.47224,1425.73,0.62128,0.955888,0.649950622,20.23818906,-9.120028306,4.823976651
5.10134,8.66462,1938.6,0.63256,0.830188,0.761947896,21.36213053,-8.392770329,5.751800747
5.17427,6.76077,1301.37,0.5502,1.08432,0.507414785,23.44353811,-7.851438257,5.693788651
5.10575,5.65308,1175.62,0.54752,1.08357,0.50529269,24.35081718,-7.487925541,5.533157304
5.05908,6.01885,1904.02,0.63468,0.890782,0.712497558,23.57970148,-7.831067576,5.520209238
4.09417,4.678,307.046,0.4641,1.98147,0.234220049,36.60012176,-8.174388295,3.065355956
6.70838,9.37405,3564.23,0.76278,0.668653,1.140771073,12.80120539,-8.287870336,6.039404474
11.91501,12.83976,2953.86,0.74528,0.685959,1.086478929,20.8180108,-8.630690861,5.676716084
4.52945,7.45113,627.17,0.49818,1.32558,0.375820396,24.8706481,-9.71437317,4.879482363
5.48487,10.65116,2409,0.70984,0.840538,0.844506733,22.43292189,-8.407425374,5.906465615
6.96534,8.92635,2215.03,0.66644,0.799593,0.83347403,18.56399767,-8.564809282,5.763454203
6.08736,7.69209,563.306,0.52694,1.80232,0.292367615,21.50652974,-9.094200726,5.432810849
3.71612,4.75347,270.845,0.4481,1.3675,0.327678245,28.72625205,-8.080848829,4.466954942
3.97207,6.08793,844.063,0.53044,1.14221,0.464397965,25.7472074,-8.048370784,5.144417684
3.89627,5.00328,346.044,0.43946,1.37708,0.319124524,27.56591903,-7.99716421,4.750428206
4.31016,4.69413,544.984,0.5088,1.23871,0.410749893,29.6494451,-6.665706115,5.765984483
3.78301,5.39674,1535.42,0.6534,0.83454,0.782946294,22.38175741,-8.253916342,5.663243121
3.69765,5.10587,516.816,0.5085,1.24278,0.409163327,27.40379012,-7.688044552,5.223045309
3.78187,5.9241,711.844,0.54664,1.17049,0.467018086,23.39888391,-8.352009708,5.206859841
6.30555,6.88268,766.628,0.5448,1.51625,0.359307502,19.72701639,-7.799790365,6.115160016
4.12899,5.0954,659.45,0.54162,1.32897,0.407548703,28.33618915,-6.923736717,5.797186438
4.80503,8.56333,914.59,0.58314,1.42554,0.409066038,19.79788871,-8.196615561,5.882007704
4.31073,5.25592,1201.37,0.60346,1.28541,0.469468885,21.1894148,-8.39041296,5.718433352
5.78928,6.78739,902.904,0.53426,1.3933,0.383449365,21.95672579,-7.857951686,5.839437875
5.6916,6.75428,886.626,0.53034,1.40497,0.377474252,22.16830062,-7.825665986,5.80207356
5.67186,6.73405,880.402,0.52936,1.40899,0.375701744,22.22516494,-7.905031929,5.77739777
5.66128,6.73192,882.438,0.52898,1.40989,0.375192391,22.21244539,-7.818368487,5.810891253
6.06182,6.9676,942.409,0.54388,1.36538,0.398335994,21.53514437,-8.242543624,5.622552329
4.84687,6.44994,811.663,0.5183,1.43017,0.362404469,23.80898122,-8.183329051,5.382796793
4.82556,6.3973,807.619,0.517,1.43147,0.361167192,23.55171279,-8.15846382,5.38155238
5.80608,6.7467,904.994,0.53502,1.39203,0.384345165,22.16498337,-8.24680534,5.508225704
5.76553,7.05543,930.048,0.54094,1.36444,0.396455689,22.36014874,-8.27211238,5.554606141
6.19526,7.22634,944.763,0.54226,1.36351,0.397694186,21.88926007,-8.334972923,5.519556999
6.31165,7.24893,936.443,0.54002,1.36801,0.394748576,21.22782282,-8.095113674,5.711055852
6.33134,7.12445,955.765,0.54208,1.37347,0.39467917,22.43067561,-8.157922531,5.709413769
4.943,5.79972,674.834,0.4982,1.50648,0.330704689,24.30183062,-7.706451278,5.594666329
4.60351,5.35961,548.016,0.48144,1.5571,0.309190161,24.66578022,-7.771321409,5.462403551
6.15605,7.33038,975.353,0.54578,1.35339,0.403268829,21.49720359,-8.218181945,5.680354708
4.55194,6.28796,744.463,0.50728,1.47064,0.344938258,24.01346771,-8.047961177,5.337635677
3.93449,5.82794,630.679,0.48322,1.54928,0.311899721,25.81148699,-7.906974938,5.27154307
5.87111,6.88083,932.255,0.53724,1.38485,0.387940932,22.01975111,-7.830172396,5.840320475
5.16362,6.80904,1832.55,0.6554,1.11208,0.58934609,40.88359537,-7.39772886,5.550135203
5.19238,6.79458,1797.82,0.65528,1.13284,0.578440027,33.27660119,-7.782513504,5.683819185
4.70834,5.81491,1572,0.64006,1.17141,0.546401345,36.36243098,-8.119582492,5.435671702
5.18388,6.74215,1756.19,0.65534,1.16256,0.563704239,35.62717707,-7.831244293,5.673917767
4.10522,5.84738,674.445,0.51912,1.34804,0.38509243,25.07175489,-8.517107499,4.770661964
4.65647,6.68041,2412.83,0.62798,0.848377,0.740213372,24.06370012,-8.731651884,5.477316978
4.37104,4.93842,1278.96,0.61406,1.56386,0.392656632,49.07638117,-8.328976895,5.581826713
4.31374,4.84869,1460.79,0.60618,1.3172,0.460203462,42.5573066,-8.49441453,5.553614929
6.3767,7.6272,1507.34,0.6257,1.10873,0.564339379,27.79775495,-8.462752834,5.647438709
4.02251,6.17269,458.586,0.518,1.31229,0.394729823,28.47486643,-9.155686355,4.806880297
5.37575,8.8715,1575.83,0.6307,1.06655,0.591345928,22.49342842,-8.46000439,5.713747419
4.28121,9.61163,2464.3,0.68112,0.793146,0.858757404,22.16019635,-8.617422301,5.604350692
5.33535,7.86927,463.634,0.48958,1.72669,0.283536709,25.44143803,-8.385008944,5.470084471
3.71878,4.52116,159.299,0.42876,1.669,0.256896345,28.26331286,-8.641688285,4.6177999
3.95733,5.41718,679.873,0.50228,1.22506,0.410004408,24.3709414,-8.418276292,5.417959103
3.95522,5.07501,1164.21,0.60598,1.20337,0.503569143,22.15674674,-7.981448231,5.824061141
7.84422,8.51162,2769.6,0.70716,0.729559,0.969297891,15.0776517,-8.386026447,5.910046004
3.99552,4.25922,110.14,0.37884,1.59647,0.23729854,31.54634063,-7.664992198,4.76868712
6.82094,8.06678,1559.27,0.62968,1.11278,0.565862075,20.91741426,-8.448726835,5.855301642
8.47337,11.18858,1837.6,0.71816,0.877,0.818882554,15.461326,-8.635425625,5.721391134
8.38573,11.25293,1649.52,0.72216,0.979503,0.737271861,14.67478574,-8.771271768,5.668032226
4.88065,7.55965,1112.27,0.5935,1.29422,0.458577367,21.38257841,-8.471496802,5.679383896
4.77221,6.22751,264.482,0.48026,1.4177,0.338759963,23.17642024,-8.787407278,5.165602655
3.71955,4.98437,461.889,0.58212,1.89432,0.307297605,24.45212746,-9.341583731,4.885876472
7.13068,7.25351,1476.97,0.60356,1.02495,0.58886775,22.65392578,-7.541720741,6.040933963
9.08126,9.58473,1501.08,0.61126,0.865744,0.706051673,16.27437337,-8.189736414,6.143098984
5.00672,5.61373,1566.78,0.61926,1.03591,0.597793245,19.18523819,-8.03329361,5.806856433
4.25139,4.43208,886.996,0.58636,1.35435,0.432945694,26.00888573,-7.339259999,5.861067287
7.77882,13.28738,2433.16,0.7057,0.710367,0.993430157,18.95633222,-8.461217427,5.789367528
4.4083,6.05951,1681.04,0.62108,0.950557,0.653385331,20.2008875,-8.213953267,5.580145717
4.41339,6.69512,2127.07,0.66902,0.85516,0.782333131,22.52179825,-8.588644123,5.631433755
5.28417,6.13028,1019.8,0.56762,1.12791,0.503249373,22.50435029,-7.213650577,5.901445549
5.69688,6.4627,511.218,0.52592,1.19679,0.439442174,29.3289204,-7.522057986,5.531832801
5.84753,6.13557,496.578,0.49586,1.1423,0.434089118,30.48210996,-6.746333811,5.577318188
4.16615,6.74105,922.368,0.54778,1.15025,0.476226907,24.3138743,-7.630318169,5.448751427
3.99192,4.93073,487.482,0.48902,1.26506,0.38655874,29.13754603,-7.783618546,4.244696361
3.75233,5.22809,591.529,0.56174,1.80933,0.310468516,24.82856665,-8.424176206,5.388499546
4.37059,4.87284,561.732,0.45614,1.23337,0.369832248,26.94729177,-8.599190802,4.128364662
4.78345,5.30026,760.532,0.48052,1.17129,0.410248529,25.09561214,-8.384761847,4.893469031
4.90134,5.6482,830.58,0.4959,1.14412,0.433433556,23.86460151,-8.369322501,4.949346242
4.86495,5.58794,831.809,0.49378,1.14902,0.429740126,24.25314862,-8.333869724,4.898017446
4.4976,5.4535,472.047,0.48992,1.36504,0.358905234,42.25666833,-7.377733616,4.071822308
4.58247,11.22482,1189.12,0.61658,1.02492,0.601588417,31.369002,-8.847669721,5.42420378
4.42324,5.27092,1322.05,0.59716,1.00292,0.59542137,23.57037878,-8.35503928,5.26775649
4.20268,4.49645,583.603,0.61604,1.20151,0.512721492,22.04627612,-8.726375351,5.006960681
4.67833,6.49326,493.396,0.42922,1.72093,0.249411655,22.43085011,-8.503679833,5.472031803
5.39086,6.81612,844.903,0.54318,1.26269,0.430176845,19.52200649,-7.990797184,6.025365284
4.22376,6.37389,1183.97,0.65474,1.46265,0.447639558,26.54501739,-8.802014045,5.521108358
5.16773,6.83937,2354.35,0.64882,0.842017,0.770554514,17.84226746,-8.395687822,5.83825362
4.37557,5.46748,861.334,0.53948,1.06062,0.508645886,24.6257155,-9.054196701,4.625058871
3.86448,4.74677,212.215,0.5127,1.13696,0.450939347,30.46309953,-8.594443351,4.343399362
6.89343,7.38233,891.743,0.56098,1.46524,0.382858781,18.68506145,-8.390856668,5.983824394
12.70856,15.83326,4078.43,0.82538,0.465056,1.774797014,20.22805946,-8.679447904,5.446193615
4.35513,9.85392,2242.64,0.66214,0.853176,0.776088404,25.89777087,-8.131429704,5.78752808
3.66161,5.4668,358.779,0.47318,1.24631,0.37966477,31.55016158,-8.374503802,4.146821515
6.70705,8.56248,2140.75,0.64536,0.843378,0.765208483,19.69969748,-8.59039136,5.720077601
3.67896,5.7048,489.038,0.48834,1.15456,0.422966325,30.07683357,-7.008780214,4.942069592
5.33991,6.52279,1014.22,0.58394,1.08899,0.536221637,23.59991655,-8.375228235,5.400881172
6.65272,14.44089,3285.24,0.75386,0.666176,1.131622874,17.77538783,-8.393825289,5.888771931
4.99291,6.29067,1045.31,0.5939,1.1744,0.505705041,23.74352033,-8.302412215,5.687253841
4.83642,5.47416,343.393,0.4691,1.39093,0.337256368,37.6163488,-8.83551592,4.521094778
6.50644,14.29727,3323.12,0.75686,0.67257,1.125325245,18.40400966,-8.266478478,5.98696869
6.55268,13.92314,3281.76,0.75252,0.674226,1.116124267,18.63860833,-8.275134745,5.960911124
7.16955,8.52966,1006.75,0.5839,1.09037,0.535506296,32.33864865,-8.097488175,5.773006077
6.98003,8.58478,1056.73,0.5821,1.05217,0.553237595,31.81240367,-8.672768899,5.466052189
5.98042,6.6626,1186.48,0.65464,1.09891,0.595717575,22.73415844,-8.077090198,5.966768169
4.33283,7.33485,1671.83,0.6074,1.03027,0.589554195,19.50478306,-8.132163153,5.976440202
4.15774,7.61112,1740.96,0.61472,1.02549,0.599440268,19.21791969,-8.138333847,6.061619925
4.01359,7.05896,1685.87,0.59102,0.983447,0.60096782,20.80159727,-8.066583206,5.932931228
3.9824,7.18339,1736.5,0.5937,0.961979,0.61716524,20.6117637,-8.105241634,5.949108723
7.07944,7.23633,1294.77,0.591,1.10849,0.533157719,21.13487398,-7.451388685,6.11921278
7.0872,7.25163,1234.87,0.59512,1.12925,0.527004649,19.95093814,-7.435910683,6.210882033
7.07954,7.22558,1229.74,0.5949,1.12985,0.52653007,19.83937065,-7.377058164,6.227598796
3.64691,5.35554,632.502,0.5508,1.44151,0.382099326,26.36952854,-7.813784243,5.358152192
3.71196,5.30496,710.285,0.531,1.22203,0.434522884,31.52501449,-7.44342995,4.962838099
7.03577,7.16847,1359.8,0.59508,1.11157,0.5353509,26.67354961,-7.463756541,5.813094344
7.08879,7.31229,1293.98,0.59632,1.11071,0.536881814,23.0525723,-7.635323135,6.027850146
6.9896,7.11741,1264.97,0.59182,1.13429,0.521753696,20.38322281,-7.504724544,6.157144202
7.09719,7.25665,1294.51,0.59074,1.10687,0.533703145,21.86153844,-7.450454718,6.067987912
5.85477,6.5257,1003.81,0.54456,1.16183,0.468708847,22.6427377,-7.868685402,5.609059962
5.62001,5.9269,1281.61,0.61118,1.1825,0.516854123,19.7741887,-7.457541755,5.987092402
6.55123,9.12316,1230.03,0.64436,1.31137,0.491363993,15.35297066,-8.83274142,5.657759971
6.03917,8.96134,1250.63,0.64098,1.3138,0.487882478,15.65459085,-8.807391999,5.684438931
5.99885,8.43305,1089.36,0.62144,1.37514,0.451910351,16.37562824,-8.820559051,5.696165142
6.76595,7.36263,1209.18,0.62392,1.28937,0.483895236,21.16884152,-8.001855697,6.128758817
4.28978,5.42171,782.958,0.51606,1.20951,0.426668651,22.73055333,-8.440726521,5.566249192
8.55287,11.53016,3583.57,0.79512,0.606791,1.310368809,14.41307531,-8.648718379,5.635709291
4.03212,4.53669,335.283,0.42088,1.59797,0.263384169,37.95234999,-7.253918952,4.154779788
4.27611,4.89361,367.167,0.46638,1.63035,0.286061275,43.53932966,-8.779898388,4.427827855
4.26213,4.8913,347.543,0.46282,1.63875,0.282422578,42.44114636,-8.820294944,4.537958869
5.95571,9.03113,2638,0.7058,0.834865,0.845406144,18.71055257,-8.160139771,6.040543395
5.24047,12.90794,2804.39,0.73804,0.673936,1.095118824,17.33367562,-8.762408122,5.510358411
6.01308,11.51198,2252.76,0.70466,0.74228,0.949318317,22.81705799,-8.713369475,5.519079492
6.64329,11.91575,2524.68,0.7173,0.716001,1.001814243,18.38982029,-8.761805573,5.549578857
4.4573,6.57316,734.243,0.53562,1.65256,0.324115312,45.2854318,-8.548564388,4.676070353
22.93237,23.6238,3288.79,0.83732,0.516314,1.621726314,12.3415432,-8.634431319,5.572784286
4.79592,5.45459,436.833,0.4653,1.5554,0.299151344,26.50785347,-7.604683709,4.946193316
4.41081,5.74693,337.532,0.46204,2.16525,0.213388754,50.64389346,-8.315056695,4.033966314
6.68584,9.30311,2052.85,0.66808,0.891595,0.749308823,16.23638151,-9.038063066,5.288428271
15.74639,17.28638,5116.74,0.87916,0.293688,2.99351693,12.42542785,-8.478784908,5.412506362
6.58995,10.76463,2280.02,0.71128,0.833076,0.853799653,27.56257372,-8.356382879,5.933406021
5.39642,9.54146,2053.01,0.67362,0.925869,0.72755433,20.84066313,-8.705326648,5.688677367
5.36674,8.47974,1745.97,0.66228,0.984083,0.672992014,19.13794213,-8.602000878,5.700866184
5.03901,5.54956,804.899,0.55624,1.56747,0.354864846,36.89200251,-9.119545266,4.843358993
6.35025,8.87571,2498.11,0.6809,0.77796,0.875237801,18.58121827,-8.365003955,5.847118668
6.37885,7.78612,2398.21,0.6657,0.828568,0.803434359,18.29467563,-8.352633542,5.903956932
11.59751,13.10906,3627.27,0.76924,0.53928,1.426420412,13.4260477,-8.593084179,5.580052944
4.81158,7.13681,969.315,0.5288,1.15152,0.459219119,21.70016023,-8.517017652,5.503880607
6.7491,7.41637,1517.68,0.62558,0.954239,0.655579996,19.92499453,-8.379377682,5.910284993
5.60978,9.23636,2729.49,0.70288,0.773392,0.908827606,26.24930374,-8.209523381,5.980374681
6.40536,10.23981,2257.55,0.6997,0.784123,0.892334493,22.57313482,-8.904536802,5.573112776
3.6773,4.83126,396.318,0.54882,1.86686,0.293980266,25.57509001,-9.05924603,5.389413731
4.03787,6.51581,1356.34,0.54156,1.05137,0.515099347,22.51319354,-7.74048717,5.749072839
10.17688,10.99822,1840.14,0.66826,0.80611,0.828993562,20.62023156,-8.959990321,5.321271911
4.5426,12.01697,2641.55,0.7256,0.722308,1.004557613,28.64031678,-8.546451302,5.565375151
4.10343,13.46293,1289.6,0.61918,0.839472,0.737582671,24.6989841,-8.549362603,5.44976747
5.48137,6.14892,1267.42,0.5873,1.01825,0.576773877,25.05346026,-7.546763333,5.481872032
4.60807,5.39172,393.507,0.45404,1.74589,0.260062203,25.89546268,-7.596030218,5.362119321
5.10591,5.828,420.894,0.48524,1.19338,0.406609797,22.82349838,-8.934892475,4.968729354
6.95883,12.33456,3027.28,0.74632,0.708252,1.05374923,21.85712719,-8.422248124,5.851215942
14.69313,16.15291,4230.06,0.86026,0.412792,2.084003566,18.72540523,-8.521094539,5.545324092
7.03976,12.64493,3156.95,0.7635,0.68535,1.114029328,24.4298608,-8.709358955,5.621708927
4.51142,4.83064,376.463,0.47708,1.28879,0.370176677,31.83579047,-8.411750247,4.556427529
4.49281,4.81383,371.262,0.48146,1.28928,0.373433234,31.49853896,-8.387720718,4.514789011
4.24356,6.04512,1574.16,0.58586,0.977861,0.599124006,22.28518127,-8.495724929,5.651278089
4.42587,4.8407,346.361,0.47514,1.29544,0.366778855,32.11690964,-8.446839311,4.391892066
3.96607,5.99897,1388.98,0.59024,0.985465,0.598945675,21.97182584,-8.587139033,5.569306043
3.81042,4.62475,218.713,0.47848,1.30615,0.366328523,29.71733996,-8.719258679,4.377874877
3.95118,4.8017,1104.5,0.5692,1.02025,0.557902475,28.95686074,-8.222205679,5.290900455
3.93215,4.79076,1048.08,0.5625,1.01704,0.553075592,28.68969853,-8.271763099,5.334171859
3.84654,4.72449,958.462,0.57384,1.03535,0.554247356,34.09423725,-8.220997619,5.026124897
4.36754,6.24558,1046.54,0.56026,1.21214,0.462207336,25.54483167,-8.414673168,5.277441681
5.92513,6.70189,1313.48,0.59328,1.0601,0.559645316,20.2259069,-7.828757137,5.920274056
6.13056,7.34002,1184.55,0.60842,1.22326,0.497375864,18.34826515,-8.538206731,5.76291824
5.09863,5.85157,859.956,0.52504,1.24567,0.421492048,28.34700051,-8.002923597,4.646768923
5.08135,5.82926,855.751,0.52928,1.24507,0.425100597,28.92918146,-8.003819049,4.633205095
5.09946,5.85717,864.675,0.53044,1.24136,0.427305536,28.68045772,-7.957509219,4.665721986
5.11703,5.87678,871.392,0.5313,1.23925,0.428727053,28.73026915,-8.003669569,4.709565123
5.13983,5.91316,884.186,0.5329,1.23456,0.431651763,28.47669516,-8.005684265,4.748869669
5.16221,5.94737,895.411,0.5343,1.2314,0.433896378,28.3619175,-8.044628812,4.75176572
5.17875,5.98426,907.989,0.5356,1.22798,0.436163455,28.29628811,-8.016962201,4.759331517
5.19329,6.01552,912.588,0.5362,1.22701,0.436997253,28.29562594,-7.999809954,4.788901069
5.21694,6.03525,923.213,0.53798,1.22274,0.439979063,28.14916688,-7.934575239,4.81985841
5.23566,6.04424,938.648,0.53918,1.22037,0.441816826,27.91629478,-8.079606415,4.861421495
4.98095,5.79441,842.909,0.5222,1.23638,0.422362057,28.8489167,-8.027481594,4.596656435
5.0814,5.83014,866.36,0.52876,1.23386,0.428541326,28.55978833,-7.984230399,4.711032652
5.11958,5.8948,882.91,0.52992,1.23559,0.42888013,28.39176533,-7.962969026,4.709068987
10.90932,11.71715,1230.01,0.66484,1.21946,0.545192134,17.04537868,-8.178764507,6.279897625
5.3287,7.61133,1618.94,0.616,1.06942,0.576013166,19.85744437,-8.695828551,5.643535011
5.25908,8.65094,1453.67,0.6194,1.14098,0.542866658,19.57855678,-8.640356366,5.699284296
5.24839,8.7496,1245.49,0.59698,1.17241,0.509190471,20.40902983,-8.685873623,5.576651556
4.51126,8.681,991.752,0.61456,1.41696,0.433717254,21.74554362,-9.167136822,5.327223956
3.65359,5.38201,295.937,0.55346,1.48851,0.371821486,25.01280965,-8.287291901,5.055390738
4.8515,6.55849,1033.78,0.58632,1.08595,0.539914361,23.36595992,-8.447863756,5.624652217
4.8064,6.5379,1013.72,0.58402,1.09146,0.535081451,23.56411883,-8.447984094,5.614174064
4.74684,6.35636,745.951,0.57544,1.04617,0.550044448,24.80269612,-8.519131487,5.493502941
3.82141,5.20561,454.066,0.5057,1.29023,0.391945622,29.37143695,-7.960118043,3.716137925
3.97386,4.65881,382.042,0.48092,1.34738,0.356929745,31.83332188,-7.355848576,4.170257772
3.68809,4.43579,126.633,0.48154,1.35731,0.354775254,30.98971513,-8.451164593,4.292077403
3.65899,4.72303,288.318,0.44666,1.75011,0.255218243,22.8998785,-8.94445026,5.161747456
3.68934,4.65627,242.501,0.45694,1.93416,0.23624726,23.31806169,-8.895887393,5.074080369
5.90394,6.37918,3166.68,0.67094,0.804259,0.834233748,20.72629639,-7.818372088,5.964645191
6.02432,6.70534,3161.12,0.6914,0.728308,0.949323638,16.52670526,-8.234274448,5.983804179
6.10812,7.03668,3189.69,0.69742,0.718413,0.970778647,16.20738769,-8.250949503,5.986767672
6.06191,6.7853,3501.07,0.69604,0.71467,0.973932025,17.55968388,-8.005682392,6.082293935
6.03585,6.62054,3476,0.69084,0.714161,0.967344898,16.82448473,-8.203265763,6.016869897
4.24598,6.23073,466.87,0.5088,1.08281,0.469888531,34.13070441,-9.037855094,4.781280728
4.17287,9.86717,929.548,0.53478,1.08823,0.49142185,25.5030731,-9.331230217,4.916059415
3.84524,4.35737,440.692,0.42706,1.27732,0.334340651,26.8356944,-7.494450204,5.679268653
5.40684,6.69877,2561.14,0.68372,0.878608,0.778185493,17.72197159,-7.897591157,6.147663729
3.82151,4.95265,423.497,0.47726,1.28945,0.370126798,27.99992099,-8.911626432,4.348220838
3.77508,4.9495,415.799,0.48008,1.28384,0.373940678,28.11905196,-8.758031523,4.439784418
4.4269,4.8597,406.023,0.44758,1.38069,0.324171248,34.13958633,-6.930111791,5.090615347
4.15493,4.56431,176.445,0.42712,1.43341,0.297974759,34.88003203,-7.275535778,5.133538863
4.44534,6.9711,1217.41,0.58306,1.09535,0.532304743,27.62318677,-8.371367673,5.444834149
4.51348,6.77119,1263.37,0.59344,1.0583,0.56074837,26.05618844,-8.206856981,5.524561131
4.1527,5.14315,1068.34,0.53052,1.07093,0.495382518,26.3075988,-8.171255412,4.978656332
6.67302,7.23927,1876.63,0.63436,0.822249,0.771493793,22.89094335,-8.29467758,5.578933315
3.75301,4.11323,216.293,0.44446,1.67795,0.264882744,36.15879424,-7.420974576,4.103443283
4.5384,7.41662,1658.32,0.6219,0.990309,0.62798581,19.6496604,-8.670751805,5.632437748
3.93383,4.68396,279.968,0.46984,1.69201,0.277681574,27.15188074,-8.345002666,4.210802738
5.082,5.63348,513.131,0.47234,1.54253,0.306211224,21.96100347,-7.981976377,5.655216277
3.64784,4.64744,165.982,0.50508,1.73774,0.290653377,32.04465281,-7.360867049,4.847100061
5.29972,6.29792,950.182,0.5666,1.24637,0.454600159,26.45046407,-9.136663023,5.269084602
11.33443,13.26482,3685.54,0.75142,0.597503,1.25760038,23.97698035,-8.31640336,5.538262049
4.33657,9.35233,1784.64,0.69862,1.04043,0.671472372,43.96021507,-7.90472714,5.206371359
7.44,13.1,3540.39,0.76,0.58,1.310344828,17.71225713,-8.382343596,5.811116116
29.92948,33.62157,3130.55,0.91874,0.240324,3.822922388,19.57804885,-8.176398877,5.625072602
4.34787,5.68172,230.184,0.4438,1.93205,0.2297042,35.68861725,-9.07373042,4.184157142
7.41793,8.13737,1342.34,0.66434,1.22976,0.54021923,21.64670654,-8.770681061,5.643004858
7.9025,8.59245,1438.81,0.67802,1.19129,0.569147731,21.24915813,-8.797529242,5.61003975
7.23133,8.11684,1321.49,0.66194,1.24691,0.530864297,21.74704071,-8.826900787,5.638934909
5.54861,7.76038,2603.43,0.71286,0.846504,0.842122424,16.36610919,-8.262617475,6.008610212
6.51336,7.99676,2896.5,0.7291,0.788793,0.924323618,19.33422587,-8.273753585,5.978936225
5.2041,6.69521,1689.6,0.6524,1.12957,0.577564914,17.89737624,-8.126031254,6.072423936
9.18624,11.11935,3028.87,0.74914,0.668714,1.120269652,19.80243573,-8.729692422,5.618707237
12.47689,13.21557,3502.17,0.79536,0.543761,1.462701444,18.72173161,-8.715076562,5.459572817
4.83507,6.24379,1032.07,0.52362,1.06947,0.489607002,23.82438123,-7.685776433,5.475112678
6.47057,6.682,980.777,0.54324,1.35399,0.401214189,19.90224008,-7.227700597,6.333722001
9.40744,10.403,1421.6,0.62928,1.04916,0.599794121,27.63621507,-9.342794914,5.065030748
9.2057,10.20459,1380.9,0.62468,1.06882,0.584457626,28.17557869,-9.307694137,5.055207133
9.40181,10.39839,1439.32,0.63216,1.04415,0.605430254,27.93267825,-9.352440185,5.0352352
9.87565,10.8347,1542.16,0.64882,1.0024,0.64726656,27.95927934,-9.245266356,5.046845509
10.66498,11.70294,1421.22,0.64252,1.01253,0.634568852,26.03306875,-9.329705818,5.082969687
4.59542,6.74859,934.009,0.51936,1.05193,0.493721065,25.98288543,-8.691968757,5.15281067
8.60837,10.10622,1681.44,0.64676,0.871632,0.74201039,17.90309712,-8.282513915,6.028248365
10.7875,12.27565,4442,0.81018,0.486743,1.66449235,10.92908115,-8.610442534,5.522098231
4.51803,5.60643,1589.95,0.63906,1.0369,0.616317871,19.4212265,-8.059327309,5.982831625
4.82285,6.0154,1529.27,0.6447,1.02626,0.628203379,18.34141755,-8.121671371,5.894637558
4.79581,7.46662,2160.48,0.66268,1.0101,0.656053856,17.97891043,-8.187860494,6.048917821
6.11185,6.70042,1894.95,0.66816,0.956816,0.698316082,16.75507152,-8.385545541,5.871145076
4.08263,5.24587,1560.87,0.62306,1.0782,0.577870525,20.48576518,-8.002776575,5.761979029
6.36524,9.30232,1791.02,0.67918,0.891296,0.762013966,19.07781146,-8.758217481,5.562867239
4.41204,5.41797,1641.78,0.64194,1.02127,0.62857031,19.51109157,-8.005185173,5.95642503
4.92598,7.45171,1629.89,0.64164,1.06861,0.600443567,17.85777632,-8.232649994,6.003070211
4.4337,4.76594,650.849,0.51214,1.49774,0.341941859,26.82519573,-6.597652972,6.004786918
3.86741,4.00169,142.165,0.4021,1.98354,0.202718372,34.10390646,-7.913721401,4.838429884
11.12419,11.38543,4265.87,0.82832,0.437316,1.894099461,10.40839122,-8.37648473,5.72205959
4.66248,6.42799,863.482,0.50294,1.2058,0.41710068,26.52801142,-8.451504682,5.062612167
4.36115,6.66763,2036.25,0.66286,1.04515,0.634224752,19.30664717,-8.130392291,6.041699026
3.77259,5.9525,1167.5,0.61618,1.02185,0.603004355,21.58916356,-8.57991215,5.491276326
8.26373,8.56972,2143.21,0.68332,0.874357,0.781511442,19.83317742,-8.630002758,5.726406365
6.32962,7.02111,1699.21,0.63216,1.11473,0.567096965,30.65916418,-8.153057572,5.702924195
5.82029,10.38317,2902.67,0.72524,0.765244,0.947723863,19.24019868,-8.447780401,5.865424017
5.69918,10.59453,2827.91,0.71932,0.768776,0.935669168,19.93630674,-8.353205634,5.962515861
9.81587,15.6839,1691.43,0.72948,0.743275,0.981440248,17.09810891,-9.153684701,5.653021282
7.17794,10.08038,4146.15,0.77204,0.589363,1.309956682,16.88781187,-8.372957304,5.824159324
4.777,5.63813,1136.23,0.5562,1.03115,0.53939776,24.62144959,-8.516416311,5.335220253
4.18269,4.74189,600.424,0.53332,1.58149,0.337226287,44.51337942,-7.643120262,3.625479382
4.22431,4.76043,585.14,0.5311,1.6231,0.327213357,36.67482644,-8.213072008,4.500093852
4.137,4.67022,675.695,0.5216,1.35819,0.384040525,35.60943643,-7.95828009,4.513966338
6.25208,9.0657,1409.14,0.59382,0.958332,0.619639123,20.15722147,-7.748717902,6.051794128
6.97754,7.51924,938.794,0.5231,1.17363,0.44571117,19.78287845,-7.911397243,6.037860335
5.36501,7.33252,944.451,0.53242,1.20511,0.441801993,21.35415925,-8.562120732,5.520498643
4.70155,9.77543,2267.35,0.66778,0.848294,0.787203493,24.30185716,-8.104743485,5.804561302
6.98688,7.13587,2504.3,0.67844,0.8258,0.821554856,19.60919461,-8.220547307,5.995526729
4.20216,7.53059,1196.54,0.57828,1.13363,0.510113529,24.3897293,-8.570338648,5.530789754
4.38382,8.02672,1214.09,0.57306,1.12273,0.510416574,23.91769489,-8.581747044,5.551496842
4.31562,12.82817,1892.47,0.67744,0.868866,0.779682943,23.10381139,-8.6504559,5.632664018
4.3317,5.48563,986.77,0.56218,1.18591,0.474049464,43.63279995,-7.5514829,4.637388952
4.29561,5.4678,970.774,0.56172,1.2061,0.465732526,31.46507502,-7.920560997,4.834248855
4.73121,7.22233,832.179,0.5419,1.05141,0.515403125,25.0658158,-7.882603556,5.196851086
4.40103,6.65568,196.004,0.50164,1.14842,0.436808833,27.8844299,-9.060332064,4.617555476
3.94557,4.45838,582.265,0.49374,1.61624,0.305486809,43.48653488,-7.547849538,4.526563703
6.36797,7.13166,1455.94,0.61694,1.0643,0.579667387,19.03438667,-7.983183718,5.794087185
5.13941,6.90621,1055.16,0.54894,1.10396,0.497246277,26.39812967,-8.704611251,5.241453895
9.06013,12.96226,814.364,0.58428,0.970833,0.601833683,32.67168413,-9.3953071,4.871526557
3.91416,5.30344,548.633,0.53756,1.18769,0.452609688,31.92014612,-7.754773759,4.446836361
7.82076,9.85959,2749.65,0.71968,0.707147,1.017723331,16.27176756,-8.687527409,5.592158063
6.06561,7.01824,2322.68,0.65284,0.867053,0.752941285,14.94405949,-8.438581572,5.860326107
4.52481,5.17093,456.992,0.43432,1.36553,0.318059654,23.91956069,-8.339604544,4.906886295
5.17685,5.68191,1179.67,0.62746,1.29989,0.482702383,21.32611775,-8.233949495,5.803876215
6.82289,9.58074,2114.39,0.66388,0.900136,0.737532995,21.71328532,-8.200265789,5.968739129
7.91904,11.11626,2484.27,0.68722,0.721226,0.952849731,18.11822791,-8.44621374,5.791795475
7.92037,11.17851,2480.27,0.68832,0.716256,0.960997185,17.3072681,-8.508684094,5.784653486
7.94034,11.20436,2534.07,0.69136,0.711008,0.972365993,17.74786731,-8.483635673,5.762066379
7.9594,11.21713,2541.71,0.69322,0.708632,0.978251053,17.62893988,-8.480927939,5.776907966
8.02511,11.31495,2549.42,0.69652,0.701206,0.993317228,16.74077571,-8.49529684,5.795613335
8.06264,11.58602,2558.05,0.6987,0.694521,1.006017097,16.99182309,-8.482745642,5.769382941
8.11262,10.55388,2025.95,0.69876,0.996818,0.700990552,30.49018793,-8.834692504,5.542176553
3.81582,10.13591,1098.35,0.58606,1.29721,0.451784985,26.48157566,-8.804724343,5.389019956
6.27962,6.73786,1185.77,0.55114,1.04811,0.525841753,23.63271401,-9.103576832,5.158447779
5.83045,6.43441,1196.84,0.54634,0.991134,0.55122718,24.06858249,-8.861342449,5.114181607
4.45912,7.10694,1290.45,0.59914,1.15452,0.518951599,20.81853201,-8.493510121,5.673010095
3.80818,6.93892,962.226,0.53864,1.05982,0.508237248,24.05121564,-8.649881563,5.377329833
4.61181,5.46888,605.763,0.55032,1.67855,0.327854398,42.7023694,-7.603429433,4.436554837
4.48576,4.82967,278.725,0.40382,1.6967,0.238003183,27.16757064,-7.421178397,5.440693863
5.70228,8.71143,910.856,0.58006,1.44846,0.400466703,19.12594729,-8.15752929,5.780029028
14.4085,14.50811,1219.05,0.63274,0.957604,0.660753297,30.13005329,-7.88147082,5.82263007
3.76528,4.42025,244.749,0.43996,1.33231,0.330223446,31.8689034,-7.803421863,4.093733471
3.72288,4.46145,112.088,0.40596,1.49644,0.271283847,29.53415315,-8.027528309,4.677047125
3.69554,4.50395,117.039,0.40516,1.50379,0.269425917,29.50272607,-8.025649938,4.675434413
10.60987,16.88394,4490.26,0.82904,0.446812,1.855455986,11.87209394,-8.6941937,5.460641902
5.07662,5.98913,408.206,0.51786,1.31215,0.394665244,28.17768758,-8.217652963,5.291214334
5.85889,6.71051,1604.53,0.60748,1.05932,0.573462221,23.17741931,-8.689110421,5.618138692
3.73006,11.24192,1177.63,0.60576,1.09479,0.553311594,16.7252641,-10.22182779,4.251186591
8.03964,10.85901,1200.85,0.62,1.03314,0.600112279,21.58328553,-9.53863771,4.759094415
13.37948,15.24588,2211.57,0.72862,0.777112,0.937599728,17.04206512,-9.025942116,5.238353687
13.37931,15.27666,2196.07,0.7279,0.777112,0.936673221,16.88901824,-9.044904239,5.270899321
5.47286,17.01643,1031.55,0.63438,1.15485,0.549318093,22.59579652,-9.438615739,4.949024462
3.9878,5.04878,441.75,0.45794,1.55276,0.294920013,23.43123523,-8.458670299,5.342404825
4.75737,6.30558,739.602,0.58214,1.82258,0.319404361,15.30268772,-9.519642462,5.163394085
4.14915,5.68256,981.616,0.53978,1.01525,0.531672002,27.77718542,-7.845048326,4.907511878
4.24018,6.45593,1374.9,0.583,1.07571,0.541967631,30.37552155,-8.577923768,5.422896002
5.40179,17.36935,1357.7,0.65458,1.04037,0.629180003,18.79840458,-9.328797732,5.184919615
7.66066,12.7039,1164.32,0.57256,0.903763,0.633528923,21.72742763,-9.476143772,4.782401371
6.88703,7.22845,2147.05,0.65106,0.852646,0.763575974,18.4954979,-8.535744764,5.756579744
5.42433,7.17053,1477.28,0.59084,0.947322,0.623695005,36.83613289,-8.02692546,5.80937276
4.12193,5.72746,1461.04,0.60832,1.21514,0.500617213,22.79638373,-8.64467924,5.692402441
4.3241,5.85565,1742.63,0.63622,1.11314,0.571554342,22.11169297,-8.528823404,5.797973963
3.89282,5.96136,1525.91,0.59662,1.11441,0.535368491,21.88987437,-8.505509944,5.789287523
3.81827,4.75858,965.604,0.57852,0.984908,0.587384812,26.26946334,-7.684572399,5.440253706
5.3381,17.26438,1367.57,0.65374,1.05121,0.621892866,18.86387703,-9.22389391,5.217561523
5.82511,8.22407,1962.2,0.64012,0.843093,0.759251945,27.50806578,-8.833658565,5.370526806
4.17002,4.59875,1874.39,0.62386,0.999501,0.624171462,27.6854889,-7.653229903,5.146085541
4.54759,6.09249,703.102,0.55558,1.63047,0.340748373,27.83678329,-8.117968531,5.027508528
5.80307,7.09205,2695.46,0.70076,0.944258,0.742127681,17.4226286,-8.535504662,5.818359596
4.50914,6.68622,2088.33,0.63912,0.770633,0.829344188,25.54678599,-8.726173117,5.244748366
6.04263,8.1775,1422.91,0.6423,1.00533,0.638894691,22.31976193,-9.333760955,4.968298212
5.8492,6.22843,988.679,0.55302,1.32869,0.416214467,23.07824975,-8.083662577,5.400998603
5.75735,8.09273,1686.41,0.62226,0.987164,0.630351188,19.97062524,-8.497328742,5.823866476
5.21425,7.10002,1634.69,0.60756,0.943193,0.644152363,22.6472854,-8.123481638,5.578519345
5.17244,6.68492,931.638,0.55168,1.16398,0.473960034,37.72289587,-7.736192186,5.176360073
4.57892,5.0786,159.255,0.37312,2.10255,0.177460702,22.38156151,-8.975682051,4.788243234
11.20267,15.42527,2232.21,0.69194,0.794433,0.870985974,23.11313475,-8.278836804,5.86482631
5.28318,6.67259,831.903,0.4984,1.1406,0.436963002,24.30924015,-8.328166124,5.119523977
4.18996,6.86464,1515.85,0.59788,0.930991,0.6421974,22.77693142,-8.243213234,5.393701951
3.92126,8.48171,1289,0.60702,0.891092,0.681209123,19.64658285,-8.787882087,5.526424652
4.68972,5.76197,855.323,0.50026,1.29019,0.38774134,24.2221135,-8.12302922,5.812990452
4.9879,7.68451,1720.51,0.60526,1.00363,0.603070853,36.78136681,-7.681419882,5.52531345
4.04124,5.81423,413.018,0.4479,1.35939,0.329486019,25.1991943,-8.230232218,5.020220994
4.33779,5.28957,1262.15,0.58536,0.956875,0.611741346,23.39481351,-8.314160547,5.552204776
6.32995,13.3149,5130.94,0.7777,0.498432,1.560293079,15.53092241,-8.410907542,5.735415872
5.12827,8.22186,1846.21,0.62186,0.946932,0.656710302,41.07495716,-7.644386272,5.466955021
5.1093,8.2386,1818.26,0.61632,0.972915,0.633477745,36.22325317,-7.601644165,5.572964857
6.09535,6.69718,678.082,0.53236,1.23624,0.430628357,28.30270089,-8.426683722,5.37999287
6.10275,6.68707,676.386,0.53246,1.23624,0.430709247,28.74087059,-8.399009489,5.41273709
4.31032,5.44718,1365.35,0.61104,0.953017,0.641163799,24.04922683,-8.244895443,5.487077848
3.75995,4.47722,301.789,0.4829,1.44705,0.333713417,28.40740771,-7.437315025,4.887443927
15.32514,16.10036,2333.48,0.72952,0.674334,1.081837784,20.6292728,-8.640437983,5.382599326
7.48414,8.69308,2723.13,0.70186,0.756867,0.927322766,20.70621542,-8.771617351,5.56062236
7.52,15.98,2330.88,0.76,0.73,1.04109589,17.03704039,-8.628753806,5.672059449
7.33598,9.61074,3504.38,0.78594,0.662989,1.185449532,8.187447795,-8.935709896,5.432527109
4.30482,5.83475,575.504,0.51776,1.2153,0.426034724,29.3486828,-8.269633361,5.505750026
4.38283,7.29165,146.254,0.44416,2.5399,0.174873026,26.8101161,-8.018516625,5.434426173
4.46118,7.4007,173.394,0.46312,2.45415,0.188708922,24.27942209,-8.389512159,5.339748316
10.84779,23.87093,1763.03,0.8023,0.911245,0.880443788,9.080453641,-8.928886476,5.512911281
3.87626,5.55255,231.726,0.49168,1.53742,0.31980851,22.53259053,-9.538692308,4.572957947
3.83148,12.5822,1256.81,0.6526,1.13523,0.574861482,14.00737183,-10.27443149,4.304452934
7.65386,20.68684,1558.36,0.71004,0.945467,0.750993953,16.9255726,-9.129094059,5.288151048
3.851,4.74764,375.928,0.5425,1.19856,0.452626485,26.06891908,-9.260580202,4.869924119
3.86824,6.00262,582.161,0.49896,1.31,0.380885496,32.04326143,-8.175906784,4.937286133
7.72525,9.17432,3241.32,0.77592,0.709696,1.093313193,9.012840781,-8.916270407,5.391754353
8.41122,9.46604,3313.41,0.7777,0.69659,1.116438651,8.850930378,-8.958241764,5.344263633
11.37916,13.35791,589.063,0.55408,1.44659,0.383024907,40.83196173,-8.45649948,5.440274695
4.16158,5.62453,1246.15,0.62338,1.07616,0.579263307,20.08782263,-8.251826007,5.45143389
4.93156,8.83128,615.883,0.45152,1.43518,0.314608621,29.33237101,-9.227173374,5.17344406
3.94509,5.74545,1041.39,0.62448,1.37815,0.453129195,25.17752193,-8.777974815,5.139587929
7.49363,8.21847,1367.17,0.66292,1.22679,0.540369582,21.48545192,-8.765866375,5.632015769
7.97124,8.46005,1394.52,0.6707,1.21092,0.553876392,21.55305556,-8.724554543,5.623416269
4.11372,6.18049,1398.79,0.60906,0.97822,0.622620678,21.58520111,-8.484587306,5.487558048
6.0692,6.38985,783.672,0.56972,1.08724,0.524005739,27.34871229,-8.512571359,5.371602018
3.72061,6.24254,531.248,0.52218,1.49869,0.348424291,30.71188383,-7.536861199,5.56825454
3.70141,6.13867,455.41,0.50974,1.60239,0.31811232,31.44035909,-7.553921972,5.583782584
5.6316,6.80957,1442.51,0.58994,1.06721,0.552787174,21.32531802,-8.368650566,5.754209509
3.82113,4.68693,220.585,0.417,1.53559,0.271556861,29.05744111,-8.062767937,4.519633869
3.89974,4.76088,244.211,0.42052,1.51727,0.277155681,28.72943472,-8.093766797,4.458146161
12.0883,25.71531,5717.21,0.87874,0.289452,3.035874687,14.74868652,-8.40426921,5.51465847
9.03515,24.30948,4854.1,0.8463,0.38234,2.213474918,14.86191969,-8.558918997,5.594955134
5.5004,7.22153,1748.71,0.63576,0.929467,0.684004919,24.49681688,-8.627701,5.568755455
6.32845,8.1286,1685.09,0.61166,0.874484,0.699452477,18.70853322,-8.559537515,5.718142
9.5867,10.01279,2408.61,0.71116,0.70214,1.012846441,15.8914744,-7.95778332,6.244525544
9.59417,10.03253,2424.41,0.71136,0.699735,1.016613432,15.86286273,-8.000151635,6.22854614
9.58016,9.91946,2147.43,0.70022,0.781607,0.895872222,22.92919007,-7.938014162,6.09824878
3.71117,10.1267,1088.66,0.63386,0.913499,0.693881438,22.63658178,-8.824813084,5.445108344
7.14037,7.26111,1586.88,0.59978,0.948615,0.63226915,21.76471497,-7.529666336,6.048376098
4.15962,9.30827,1446.76,0.6279,0.852871,0.736219194,20.35106314,-8.772027048,5.248541872
4.98225,5.35067,1173.2,0.62644,1.31519,0.476311407,25.33715199,-8.388774552,5.294606825
3.86268,5.71943,217.157,0.42874,1.22793,0.349156711,22.06015802,-10.13524176,4.133481823
5.98763,7.19827,993.602,0.5473,1.10603,0.494832871,22.4800236,-7.805212923,5.83821198
6.37447,7.11031,701.744,0.53378,1.26291,0.42265878,19.17027808,-8.19040451,5.890169441
3.9387,8.06664,1293.09,0.62486,1.15948,0.538913996,27.00568796,-8.497490433,5.607993637
4.26709,9.07505,1473.65,0.66108,1.26232,0.523702389,23.80037849,-8.610261974,5.818773011
3.7795,9.12551,1306.39,0.61896,1.17123,0.52847007,26.50264336,-8.950774269,5.323115656
4.02298,7.77196,1531.06,0.63002,0.967928,0.650895521,21.19453301,-8.722792746,5.555913712
4.11171,5.83271,2245.98,0.66604,0.775057,0.859343248,20.59174342,-8.318677794,5.748002461
4.09487,7.2529,1391.64,0.60988,1.02599,0.594430745,30.09427329,-8.371389849,5.430166973
5.66826,5.97637,1982.46,0.64602,0.916107,0.705179635,20.68764705,-7.935792507,5.909328961
4.74827,7.60143,1533.58,0.60814,1.03116,0.589762985,25.0010469,-8.302153863,5.784678421
5.08597,7.3712,415.664,0.44958,1.79786,0.250063965,20.63428095,-8.580343569,5.522713294
5.0191,7.12952,364.382,0.42748,1.96935,0.217066545,21.7265035,-8.633208494,5.54005896
5.53694,6.12679,1044.23,0.54708,1.24903,0.438003891,24.84399827,-7.841231853,5.460757106
6.8337,8.47502,2112.09,0.66138,0.827108,0.799629553,17.84683711,-8.56513162,5.830523952
4.47989,7.1275,1244.3,0.6045,1.12613,0.536794153,37.90817692,-8.321178062,4.919477889
6.16089,10.92187,3041.04,0.73592,0.730979,1.006759428,22.56648728,-8.399015746,5.924664071
7.36684,8.35999,1653.52,0.64956,1.01133,0.642282934,18.06018666,-8.230607504,5.933843289
5.9051,9.9371,2671.63,0.683,0.740129,0.922812104,15.61774633,-8.567195973,5.745311658
5.33314,7.03241,1933.12,0.6341,1.0022,0.632708042,20.35853925,-8.07190747,5.935666027
4.07746,4.85832,572.069,0.53974,1.31771,0.409604541,28.84727291,-8.415787725,4.67135897
4.0805,4.8576,564.715,0.5455,1.31729,0.414107752,28.79331621,-8.456134861,4.648234792
6.74867,8.34589,395.899,0.50082,2.21863,0.225733899,18.70381176,-8.046744521,6.130295056
9.6087,12.95456,4743.72,0.82074,0.416845,1.968933297,11.77161103,-8.434791204,5.642176803
4.41484,6.23164,636.194,0.49936,1.34664,0.370819224,25.06538629,-7.95793095,5.341923443
3.75459,5.43472,609.491,0.51596,1.57273,0.328066483,23.07675432,-7.972008985,5.475658228
3.72498,5.41474,608.627,0.51854,1.55868,0.332678933,23.02515741,-8.096766132,5.55012293
3.71334,5.41179,586.507,0.5173,1.62695,0.317956913,23.57701817,-7.910130235,5.442830588
3.7248,5.4288,598.356,0.51434,1.58725,0.324044731,23.15103738,-8.086650152,5.499783597
3.69998,5.36818,580.048,0.51038,1.61776,0.31548561,23.64636376,-7.925015503,5.440858842
4.09444,6.09263,3003.53,0.68726,0.818977,0.839168866,17.73577987,-8.306995533,5.965145021
5.69956,6.04734,663.687,0.4951,1.50744,0.328437616,22.27449442,-7.641022791,5.337150097
3.74089,4.83947,581.329,0.50568,1.28408,0.393807239,29.12693844,-7.090239641,5.351157379
5.7692,8.05193,972.046,0.61154,1.0871,0.562542544,21.72873816,-9.239322899,5.222792383
5.16312,7.09546,1841.41,0.6401,0.822497,0.778239921,19.46491885,-8.392410964,5.688603893
4.67009,7.68408,1554.64,0.63372,1.19851,0.528756539,24.66869208,-8.356578186,5.828109449
3.88044,5.17721,472.687,0.47356,1.56809,0.301997972,25.73957136,-8.121049784,4.951857565
3.68294,7.73971,663.095,0.54502,1.46085,0.373084163,23.0588662,-8.008270736,5.508911262
5.10002,8.60372,2729.13,0.68892,0.785068,0.87752908,16.9020869,-8.283789614,6.002409673
6.62352,8.17736,2002.53,0.63456,0.938004,0.676500313,19.06204045,-8.388695936,5.896436898
6.25435,6.94357,1474.68,0.58524,1.02856,0.568989655,21.91172036,-8.490406616,5.580731027
4.73915,6.22529,1019.32,0.55374,1.09032,0.507869249,23.68938409,-8.540425523,5.179274858
4.04271,4.87289,1110.41,0.56076,1.11842,0.501385884,25.22959328,-7.72525028,5.549218268
8.40599,9.05788,2824.78,0.69858,0.706681,0.988536553,17.55155547,-8.389396246,5.895162172
3.80214,5.49154,196.459,0.44942,1.70676,0.263317631,29.38010275,-8.673304126,5.013756118
3.80435,4.81263,324.172,0.45666,1.65937,0.275200829,21.29133803,-8.853130676,5.223584773
4.34338,4.78823,707.917,0.55432,1.25646,0.441176002,26.9398724,-7.497637516,5.203373
4.18424,5.70734,953.275,0.56412,1.38731,0.406628655,23.49481786,-8.15026692,5.508573871
12.05657,12.5848,2205.94,0.70538,0.73279,0.962595014,19.33767281,-8.584017794,5.479285026
4.72992,5.85401,546.661,0.50266,1.10411,0.45526261,29.66044008,-7.515024529,5.44946988
4.14066,7.95891,1228.79,0.62324,1.16582,0.534593677,22.87033512,-8.781689095,5.509895995
4.15104,7.88297,1220.16,0.62596,1.15793,0.540585355,22.43507369,-8.787870707,5.51314919
6.57223,9.00136,2284.33,0.6981,0.85431,0.817150683,20.16846333,-8.689109628,5.459824384
5.9811,7.50154,2398.98,0.71096,0.819546,0.867504692,15.61065998,-8.864431833,5.464260391
4.81311,6.82644,1028.38,0.59484,1.14185,0.520944082,23.1193586,-9.310456536,4.924592296
6.86002,11.33189,3525.36,0.77556,0.649596,1.193911293,15.4597308,-8.587162099,5.729788058
6.54623,8.04408,3030.06,0.71652,0.696864,1.028206365,16.80815835,-8.418406622,5.804789749
4.89351,5.85362,401.812,0.49786,1.47566,0.33738124,24.31527952,-7.086213613,5.629340238
7.97253,8.1361,2772.73,0.71952,0.812993,0.88502607,16.10107323,-8.146302046,6.1487585
5.58535,6.27871,379.155,0.43226,1.41351,0.305806114,31.16595287,-8.896486161,3.785081147
9.81645,10.15365,1309.6,0.64228,1.11827,0.574351454,15.71137082,-9.089792226,5.338369406
3.90242,5.11247,582.892,0.55168,1.50181,0.367343406,27.0567448,-8.370296759,4.574033671
3.87591,5.09985,581.604,0.5486,1.50728,0.363966881,27.12234676,-8.340301822,4.543589842
5.26051,6.30539,779.966,0.55648,1.49546,0.372112928,21.41510209,-7.949094398,5.491506376
4.17051,4.98965,395.504,0.44168,1.41285,0.312616343,24.16573363,-7.861757659,5.453090173
4.45881,4.92633,720.743,0.47192,1.33002,0.354821732,26.71275562,-7.03987032,5.426901372
4.00605,4.53296,359.645,0.42808,1.46371,0.292462305,29.42058667,-7.251866053,5.354392522
3.82439,5.08767,594.918,0.53076,1.48605,0.357161603,20.50585938,-9.143893429,5.152638107
8.56589,9.75671,1189.34,0.58796,1.06294,0.553145051,18.24578532,-8.235717203,6.10063521
4.48765,6.47441,3016.26,0.7012,0.782233,0.896408103,16.24919958,-8.273095612,5.999441841
3.70252,4.7504,420.902,0.54886,1.26142,0.435112809,27.03093802,-8.623372783,5.014943461
5.60478,9.50106,2610.62,0.70592,0.851383,0.82914505,23.13406717,-8.444302744,5.939863008
3.95109,5.41082,697.679,0.52524,1.19816,0.438372171,22.98976905,-8.869414401,4.801646858
11.41854,13.18944,3890.23,0.7779,0.53853,1.444487772,15.63924844,-8.415754784,5.672918275
3.71993,9.34177,847.02,0.56864,1.22332,0.464833404,22.40112392,-8.866028075,5.35873651
4.05301,5.61648,524.132,0.50086,1.31362,0.381282258,25.84099276,-8.143752403,5.361097466
4.05978,5.60027,520.813,0.50048,1.31362,0.380992981,25.82638937,-8.161459882,5.360384067
4.10495,8.32537,1624.93,0.64494,0.82756,0.779327179,21.40128949,-8.775220592,5.472383458
5.00317,5.74994,858.904,0.5022,1.13423,0.44276734,23.66529071,-8.348643476,5.034012605
4.83187,5.56977,798.33,0.48718,1.16042,0.419830751,24.29077374,-8.386674133,4.942099603
4.88733,5.63983,852.337,0.49684,1.14617,0.433478454,24.02858753,-8.396176524,5.004942685
4.87769,5.60791,842.651,0.49028,1.15397,0.424863731,24.28267291,-8.325531516,4.960621632
4.91694,5.70711,851.936,0.49416,1.1407,0.433207679,23.73054661,-8.573268009,4.866165651
4.76089,5.28158,741.689,0.47818,1.18541,0.403387857,25.20311877,-8.350648218,4.80539618
4.39042,4.86191,568.745,0.45798,1.23808,0.369911476,27.69653653,-8.124876362,4.225747732
4.83558,5.27742,731.715,0.47948,1.18109,0.405963982,25.04797752,-8.352765005,4.861723185
4.23353,5.93161,926.929,0.53918,1.12874,0.47768308,26.08821512,-7.910374687,5.461478671
4.89469,8.83543,4698.14,0.70502,0.624336,1.129231696,19.15392564,-8.085020319,6.10154419
4.45937,5.50159,1499.44,0.65494,1.2167,0.538292102,20.52515565,-8.473771014,5.758089232
5.98736,7.21513,1052.17,0.57754,1.27988,0.451245429,20.4177553,-7.946720273,6.093199166
5.48339,7.93406,1946.8,0.65098,0.971712,0.669931008,17.24396688,-8.309200637,6.030615243
5.31039,6.8261,2015.61,0.65738,1.01498,0.647677787,18.97990265,-8.05588052,6.095108965
4.61596,6.71751,1285.5,0.58898,1.15559,0.509679038,23.97851235,-8.369572142,5.544684285
4.20706,6.32021,623.824,0.53758,1.716,0.313275058,30.51907928,-8.080100903,5.151093314
6.5073,6.8634,726.537,0.5622,1.07828,0.521385911,27.6300956,-7.551421736,5.616621662
4.00768,4.88126,1254.08,0.5981,1.04686,0.571327589,25.72702062,-7.759841128,5.527102862
3.76568,4.57447,1080.47,0.5836,1.07952,0.540610642,26.01735965,-8.088096111,5.255203449
3.81519,4.56903,1140.42,0.59528,1.082,0.550166359,24.93194519,-8.122559291,5.311583707
7.59324,7.91812,705.657,0.52464,1.47122,0.356602004,18.32646539,-8.604873357,5.801069513
4.35167,5.47734,441.332,0.53456,2.01178,0.265714939,23.86813772,-8.91911648,4.806759808
7.1324,10.65652,3338.5,0.76318,0.649476,1.175070364,18.85345471,-8.777552194,5.49703436
7.87011,11.02675,2516.25,0.72618,0.803859,0.903367382,16.50346496,-8.859362187,5.521361454
7.46213,9.90019,2019.37,0.69592,0.9042,0.769652732,18.20667157,-9.144212749,5.314501315
7.84586,11.37997,2422.18,0.732,0.791329,0.925026127,14.58652668,-9.038768469,5.318644724
8.17134,11.46361,2558.69,0.73756,0.780594,0.944870189,14.7346021,-8.914542267,5.454068181
7.21362,10.82518,2178.83,0.7124,0.846584,0.841499485,16.00721892,-8.960089938,5.394443457
6.86873,8.97021,1512.08,0.65952,1.02124,0.645803141,20.78645891,-9.221114403,5.285389936
4.7914,12.53944,2385.06,0.70004,0.822662,0.850944859,21.19491634,-8.423728071,5.882958217
5.16023,7.49376,2738.29,0.68608,0.72122,0.951277003,19.08683805,-8.153033942,5.982078127
9.18322,14.98566,2002.73,0.66712,0.727734,0.916708578,24.24882961,-9.080712308,5.316768277
8.71112,10.2269,2395.88,0.68814,0.711062,0.967763711,17.95852903,-8.400431559,5.85793125
7.14116,9.73841,2318.91,0.67196,0.752041,0.893515114,20.19999265,-8.621380733,5.652323779
5.27423,7.40163,1606.41,0.63294,1.02718,0.616191904,24.64328829,-8.856588361,5.197010878
5.17265,7.76009,1846.49,0.62694,1.0195,0.614948504,17.00165061,-8.51900659,5.837897449
4.71958,6.43339,1502.63,0.60764,0.937191,0.648363034,22.95797642,-8.676914015,5.370418597
3.84254,4.97475,342.096,0.45972,1.32525,0.346893039,35.22982206,-7.682559695,4.066667464
3.84058,4.95927,338.031,0.45524,1.32588,0.343349323,35.14509485,-7.645107885,4.041188636
4.95516,5.68783,575.167,0.4337,1.59918,0.271201491,42.76702026,-7.746804212,3.353642687
3.91519,5.14597,239.169,0.45896,1.41637,0.324039622,26.47797823,-8.200115287,4.808368908
3.66587,5.48842,539.715,0.5298,1.48531,0.356693216,26.65041787,-8.763379492,4.762374342
4.05672,6.08119,1673.04,0.63092,0.950744,0.663606607,22.59891407,-8.575482434,5.546679044
4.63989,6.29862,1005.24,0.53028,1.01225,0.523862682,26.42066008,-7.367962186,5.545854796
4.07784,6.32885,1955.06,0.61616,0.837909,0.735354317,22.00840713,-8.208178663,5.734630805
6.64666,9.77773,1139.51,0.59318,0.912205,0.650270498,23.22629524,-8.493399677,5.669502612
7.93542,10.78123,1639.7,0.63194,0.823199,0.767663712,16.56052415,-8.798374908,5.415013626
3.75589,5.36799,776.088,0.56254,1.02114,0.550894099,27.03882882,-8.492978055,5.097391142
5.45731,6.25647,1623.82,0.57962,0.952334,0.608631006,21.91144602,-8.328650006,5.591209165
5.0269,7.1268,359.994,0.4262,1.98004,0.215248177,21.69900466,-8.645972995,5.432460348
5.08713,7.16916,358.321,0.43366,1.9547,0.221855016,21.39211997,-8.644166675,5.487809752
5.13218,7.42906,431.425,0.45532,1.77226,0.2569149,20.31526838,-8.636360689,5.586852514
5.07987,7.25865,400.088,0.44058,1.86882,0.235753042,20.95419405,-8.680755637,5.539188059
5.00108,7.35274,417.226,0.4469,1.79999,0.248279157,20.88137955,-8.625747146,5.52810479
5.08834,7.23101,385.825,0.43948,1.90327,0.230907859,21.1104695,-8.641893768,5.55159824
9.8426,9.97802,933.314,0.57052,1.0723,0.532052597,19.84476553,-8.621527958,5.78915411
9.94208,10.07018,793.564,0.55722,1.22593,0.454528399,18.558015,-8.590239544,5.865985863
9.84285,9.99905,948.259,0.56764,1.06849,0.531254387,19.92572995,-8.612725112,5.7968803
9.93982,10.09823,800.902,0.5615,1.22363,0.458880544,18.34310374,-8.61977733,5.87726741
10.00017,10.18241,912.97,0.57188,1.06845,0.535242641,19.31845362,-8.505096543,5.86949062
10.05798,10.18191,817.203,0.5648,1.21075,0.466487714,19.18214408,-8.631264929,5.840682032
3.77232,6.08051,588.595,0.53364,1.56855,0.340212298,29.14676485,-8.801328182,5.075751293
3.70601,5.04778,527.333,0.54052,1.38968,0.388952852,26.1872055,-9.225567185,4.990298684
3.77984,5.11525,573.975,0.52142,1.34245,0.388409252,26.34527801,-9.077814179,5.0147587
7.19713,8.07557,1219.62,0.58964,0.981503,0.600752112,18.09503745,-8.406508313,5.852070538
4.2524,6.31717,2200.22,0.62774,0.893807,0.702321642,21.68627316,-8.050044577,5.902178052
6.50142,9.5634,3107.28,0.715,0.680526,1.050657873,14.4834951,-8.644478792,5.659799854
4.49344,6.1387,1807.69,0.65712,0.940059,0.699019955,25.20092973,-8.212020058,5.622618283
6.50064,8.56175,1077.1,0.59424,1.3766,0.431672236,18.27495621,-8.295767942,6.020754324
5.45798,7.04332,1474.03,0.62808,1.1789,0.532767834,19.02727983,-8.627193591,5.635002708
10.79912,11.26336,2032.65,0.70576,0.878987,0.802924275,15.28917784,-8.88240424,5.489693241
4.25333,5.08668,441.261,0.49492,1.48919,0.332341743,27.2028451,-7.809804736,4.827978887
5.34059,7.09944,2318.54,0.66844,0.893388,0.748207945,18.55650399,-8.602163764,5.752388543
5.87305,6.9462,1555.01,0.64562,1.26346,0.510993621,17.74367782,-8.243928935,5.990221008
5.43482,9.5696,2494.11,0.7068,0.6688,1.056818182,16.8874022,-8.477501113,5.732346688
5.35547,5.93071,2738.01,0.68626,0.866561,0.791935017,18.1824189,-7.848865811,6.08375812
8.78691,13.52781,5101.42,0.84438,0.408029,2.069411733,9.728321,-8.661317019,5.43952656
6.24859,7.286,2267.43,0.64522,0.867522,0.743750591,17.57478747,-8.179385499,5.988059109
7.89388,14.86745,3538.74,0.80412,0.609156,1.320055946,10.7031564,-8.967944226,5.28649199
4.05182,5.53082,354.372,0.43972,1.47192,0.298739062,25.41519164,-7.923270298,4.483055067
6.40962,6.76851,971.418,0.56466,1.06856,0.528430785,26.43358362,-8.501893526,5.512062383
4.99407,8.03478,2290.09,0.6774,0.817121,0.829008189,19.60834975,-8.776544055,5.452960187
6.22623,8.03748,1661.27,0.63388,1.08776,0.582738839,16.43198625,-8.652377265,5.759712571
5.576,8.07184,2039.72,0.6414,0.920261,0.696976184,42.12304474,-8.144453271,5.741194271
5.62116,8.36266,2682,0.6693,0.801466,0.835094689,34.86824288,-8.264022587,5.798474483
4.36716,5.68988,327.734,0.50092,1.37492,0.364326652,26.34905973,-7.861016155,5.289428426
4.37091,5.34889,648.205,0.52424,1.32744,0.394925571,26.28157073,-7.664703821,5.167431076
4.11763,5.71457,302.482,0.49356,1.40487,0.351320763,27.16644586,-8.081573332,5.009699213
6.20483,7.57252,1538.09,0.64122,1.12902,0.567943881,22.67704739,-8.581831682,5.835518178
4.49755,14.06271,1945.41,0.70444,0.931261,0.756436702,19.14086774,-8.607944524,5.747138043
7.12488,8.36657,1702.48,0.64952,1.09017,0.595796986,17.38771675,-8.501482537,5.892327831
4.80817,5.97545,1915.9,0.6495,0.950435,0.683371298,19.0285627,-8.496613599,5.616518023
3.76182,5.81331,904.746,0.55994,1.18896,0.470949401,22.27063268,-8.507030862,5.584857946
5.02145,6.22091,1566.73,0.62322,1.0165,0.613103788,18.20483434,-8.298696985,5.774671399
3.85425,5.76939,1393.82,0.60596,1.03783,0.583872118,19.20355355,-8.454744535,5.842443825
3.95603,7.62911,1627.05,0.60912,0.921866,0.66074679,23.85216923,-8.527458104,5.438559453
6.5153,7.15079,1368.21,0.57664,0.88298,0.653061224,22.98258841,-8.730296612,5.506709984
4.72819,6.90703,1341.61,0.59866,1.13022,0.529684486,23.57367649,-8.365653693,5.60553076
5.14931,7.40462,731.305,0.61198,1.03321,0.592309405,19.66125602,-8.324749916,5.492638404
8.64872,9.70753,2700.99,0.71546,0.819549,0.872992341,16.03478497,-8.583190676,5.811887917
11.62964,13.1918,3172.23,0.75586,0.690929,1.093976371,14.773359,-8.619082725,5.72022416
8.71131,9.64298,2574.87,0.71204,0.809539,0.879562319,18.26247378,-8.549614442,5.74472471
11.14997,12.65736,3381.81,0.75748,0.678305,1.116724777,14.99681177,-8.60072166,5.674498935
12.09962,12.46942,3428.8,0.76174,0.660845,1.152675741,14.86003676,-8.644993599,5.669892888
6.68644,6.89356,1405.32,0.61704,1.03024,0.598928405,18.69779056,-7.581082759,6.258505249
5.60823,12.59507,2822.83,0.72258,0.755193,0.956815013,17.61547433,-8.922808854,5.301678017
5.18128,5.93683,369.13,0.43244,1.3408,0.322523866,24.08200504,-7.752728464,5.463122709
5.61829,17.88281,2596.23,0.74628,0.59819,1.247563483,23.4175308,-8.825101545,5.423549729
3.94057,12.81278,1457.29,0.61784,0.929822,0.664471264,25.54671294,-8.352740616,5.612792761
4.20723,4.64861,169.37,0.38964,1.96566,0.198223497,30.64683573,-7.975553059,4.735204863
9.58722,12.9498,4715.17,0.82062,0.417413,1.965966561,11.60286765,-8.464221138,5.637594675
5.07102,5.30738,680.619,0.47642,1.24196,0.383603337,25.67642019,-7.55528723,5.595700327
5.00268,8.74413,2122.03,0.65026,0.838204,0.775777734,18.38590014,-8.501328015,5.81968587
5.99396,7.4896,2915.32,0.71736,0.796498,0.900642563,19.97397727,-8.221453967,6.025733487
7.56837,8.24958,793.907,0.51054,1.13945,0.448058274,21.80687013,-8.847792925,5.494951436
7.95732,20.39112,4718.68,0.8291,0.40349,2.054821681,11.66510665,-8.455831804,5.641368918
7.90669,20.29966,4598.3,0.82692,0.413296,2.00079362,11.7268251,-8.465053057,5.651538072
7.92146,20.33339,4669.87,0.82362,0.406521,2.026020796,11.70128506,-8.465578854,5.632368388
7.71087,8.09105,1212.52,0.57098,1.03438,0.552002166,19.87672973,-8.05320465,5.944625623
10.92142,14.63466,2494.33,0.76056,0.557506,1.364218502,25.19970834,-8.592370892,5.486078882
9.93166,12.5506,1862.23,0.68806,0.813948,0.845336557,18.00896881,-8.526643105,5.795086875
9.97272,12.6239,1859.95,0.68902,0.806244,0.854604809,17.72525335,-8.43958831,5.769948194
5.9816,6.40396,1119.23,0.53568,1.07446,0.498557415,20.54545501,-8.084077629,5.939640847
6.29787,6.62997,1419.79,0.61066,1.04722,0.583124845,18.32853019,-7.565824164,6.263019937
7.21043,7.67622,1579.79,0.63088,0.999675,0.631085103,17.47539825,-7.648221785,6.411377793
7.00403,7.53698,1604.15,0.6266,0.987992,0.634215662,16.82825107,-7.687324188,6.431110075
7.13922,7.63542,1615.86,0.6268,0.987031,0.635035779,16.86532158,-7.648168263,6.408075499
7.09783,7.60668,1620.96,0.62692,0.985546,0.636114398,16.84088644,-7.70222918,6.389888015
7.09297,7.61343,1626.7,0.6271,0.987151,0.635262488,16.8770924,-7.666691568,6.431610263
7.09254,7.60999,1626.4,0.627,0.987147,0.63516376,16.87482496,-7.597778014,6.414522064
9.8398,10.73827,1785.51,0.68188,0.874765,0.77950078,16.86641201,-8.684813041,5.640117562
9.09464,9.41711,1639.9,0.6678,0.965845,0.691415289,17.69021098,-8.588828432,5.790473302
7.94571,10.66058,2567.2,0.74448,0.758358,0.981699936,23.06337354,-8.803453812,5.482658584
5.9349,7.26408,1663.21,0.61874,0.928559,0.666344303,21.48672743,-7.932236685,5.982712384
7.3234,9.64796,2323.94,0.67216,0.745691,0.901392132,15.91412943,-8.68884633,5.642359223
10.12794,11.31643,1453.13,0.65254,1.037,0.629257473,24.71562676,-9.180415968,5.280162939
5.78947,7.29661,329.633,0.44588,1.34939,0.330430787,18.33748751,-9.358276607,5.016977471
5.77835,7.2447,347.801,0.4509,1.33475,0.33781607,18.18080513,-9.381444163,5.05709956
5.76,7.2725,350.341,0.4548,1.32744,0.342614355,18.50360486,-9.393314878,4.996853681
5.75367,7.28997,381.331,0.46264,1.31871,0.350827703,19.44857064,-9.329135894,5.1285717
8.20364,8.50919,450.763,0.44706,1.3525,0.330543438,19.64103978,-8.156434161,5.900652256
8.16692,8.46927,430.875,0.44636,1.35259,0.330003918,19.65095965,-8.084056109,5.893503464
7.90173,8.23002,464.16,0.45058,1.32672,0.339619513,18.3328855,-8.485710061,5.824035579
3.64698,6.32999,369.536,0.53168,1.49391,0.35589828,26.94620373,-7.742374436,5.57102599
3.84672,5.75448,1085.72,0.57082,1.27352,0.44822225,21.58111978,-8.532613991,5.451016728
3.82869,5.76124,1080,0.57272,1.27239,0.450113566,21.58724364,-8.477713288,5.448670584
7.72074,9.86619,648.341,0.62682,2.03715,0.307694573,15.02542307,-9.440925361,5.337584864
5.33678,6.84915,1097.47,0.54296,1.1268,0.481860135,22.12703244,-7.783552395,5.924576121
3.9591,4.91096,262.856,0.43278,1.65468,0.261549061,25.87573176,-8.947901404,4.12159138
3.92459,6.10337,577.265,0.47374,1.30886,0.361948566,25.66912499,-7.61120777,5.313194939
3.7868,4.87031,266.339,0.42454,2.14625,0.197805475,31.11613703,-9.015589292,4.515773751
3.80786,5.9828,803.258,0.52816,1.21698,0.433992342,27.40489986,-8.575063759,5.183739237
3.65442,6.16235,192.727,0.47076,1.71122,0.275101974,27.11637497,-9.03119691,4.436531654
4.37179,6.7342,1841.93,0.65674,1.07253,0.61232786,17.74669035,-8.301605104,5.980134575
4.32524,6.79743,1815.73,0.65534,1.08441,0.604328621,18.07537741,-8.318779406,5.965398478
3.95287,4.94893,421.656,0.47476,1.61514,0.293943559,20.71081151,-8.854929064,5.217013177
3.96222,4.92709,431.387,0.46896,1.6182,0.289803485,20.57662926,-8.863098298,5.244112296
3.92362,4.89473,416.999,0.46686,1.62301,0.287650723,20.64958736,-8.966740012,5.153603613
3.94706,4.94366,415.11,0.47184,1.61564,0.292045258,20.66326692,-8.843420974,5.293754924
3.88747,4.87862,1107.36,0.61702,1.29691,0.475761618,30.81433937,-8.641941451,4.450492225
3.89845,4.90885,1123.87,0.62276,1.28693,0.483911324,30.1962653,-8.67130721,4.530663047
4.26379,5.5138,808.591,0.54808,1.61573,0.339215092,45.04634953,-8.312862302,4.159106088
4.23311,5.47175,780.545,0.5449,1.66186,0.327885622,37.50295482,-8.543643206,4.767929786
4.19271,5.40684,738.853,0.54004,1.71304,0.315252417,40.57846935,-8.465730473,4.541459558
4.34633,7.2534,832.347,0.57672,1.24385,0.463657193,23.88959444,-8.602193094,5.566554943
4.94123,5.93474,1533.76,0.59878,1.12209,0.53362921,22.48422929,-8.33019842,5.590629548
4.15785,5.18747,473.301,0.53474,1.04558,0.511429063,27.53534754,-8.3587335,4.841872536
4.84545,6.70756,1816.55,0.64956,1.15517,0.562306847,38.98815721,-7.64102429,5.460886669
5.74465,6.60931,1225.68,0.60488,1.16881,0.517517817,43.64169584,-8.311699815,5.054459776
3.75623,5.02137,400.871,0.52314,1.79998,0.290636563,29.51953781,-7.991722887,5.226149371
4.36093,5.51379,379.088,0.44002,1.7785,0.247410739,22.88139433,-7.875211366,5.527463122
4.30835,5.46839,357.793,0.4356,1.80799,0.240930536,23.47179932,-7.806974444,5.512683834
4.21783,5.39984,346.389,0.42988,1.8431,0.23323748,24.58772477,-7.77103683,5.46883846
5.70962,7.40414,660.613,0.49776,1.17288,0.424391242,18.59509984,-8.448537522,5.705216424
4.05594,6.19427,608.921,0.488,1.18958,0.41022882,28.98261725,-9.04007604,5.089122793
4.84213,6.13171,564.94,0.45872,1.27844,0.358812302,25.86214539,-8.079281417,4.845649752
4.41962,5.63215,3266.68,0.6922,0.709614,0.975459898,18.73034479,-8.04502949,6.008000276
13.53695,14.94628,2266.27,0.71036,0.789914,0.899287771,18.68849392,-8.576463035,5.553435758
3.88793,5.27982,356.265,0.5189,1.92173,0.27001712,26.70327681,-8.521798791,4.633872469
5.56143,7.09926,2952.44,0.71716,0.807372,0.888264641,20.00174996,-8.591418083,5.767498883
4.67136,5.42885,381.86,0.44926,1.36702,0.328641863,23.28440645,-8.228095055,4.766287105
5.80849,9.78657,1111.39,0.5566,0.947194,0.587630412,18.38648604,-9.28629666,5.07165441
3.85894,5.17469,514.799,0.5264,1.5676,0.335799949,30.92077845,-8.661796804,4.917372961
5.90208,7.07203,970.686,0.60388,1.44306,0.418471858,19.95719957,-8.703201766,5.506825235
3.6848,4.19682,281.365,0.49424,1.35995,0.363425126,31.05929699,-8.316050445,5.229855735
3.97403,7.60738,787.876,0.51746,1.31766,0.392711322,22.64323061,-8.594789343,5.478055919
5.17695,5.9118,664.296,0.49168,1.3358,0.368079054,21.77601984,-7.863028491,5.747092592
4.21049,5.58529,536.175,0.55504,1.73559,0.319799031,38.5920685,-8.052446846,4.340777848
4.0827,5.1026,321.126,0.44804,1.64165,0.272920537,31.44876953,-8.758405123,4.577183335
7.21043,8.1309,2955.04,0.70906,0.715898,0.99044836,13.93409936,-8.438560971,5.87336963
4.70003,6.56789,1842.69,0.64936,0.994726,0.652802882,22.53946221,-8.472455329,5.612754966
4.40009,5.23045,1086.26,0.57466,1.19945,0.479102922,27.0089039,-8.318705159,5.191861355
4.01341,5.16976,480.988,0.48218,1.5881,0.303620679,20.34625047,-8.913096609,5.2794294
6.47014,7.41428,2257.4,0.6624,0.816351,0.811415678,19.64446088,-8.386298914,5.93597912
3.82611,5.87643,1078.63,0.56336,1.02895,0.547509597,26.79387384,-8.156617976,5.355272692
3.72946,6.3031,689.556,0.51672,1.09859,0.470348356,25.63119772,-8.335411661,5.05390446
4.14343,7.17756,1637.07,0.59258,0.93657,0.632712985,19.75359836,-8.609634554,5.633454723
4.73774,6.46497,1534.47,0.59666,0.941841,0.633503957,23.99692445,-8.256587385,5.712794548
5.45118,6.46968,1123.13,0.5422,1.037,0.522854388,25.80820304,-8.135699339,5.077997458
4.24064,4.75114,310.157,0.43404,1.78595,0.24303032,30.65979265,-8.503920709,4.34693729
4.24278,5.97954,759.477,0.49494,1.30449,0.379412644,44.4314029,-8.58584358,4.906559188
4.18127,5.96324,1751.03,0.60948,0.988783,0.616394093,32.01168915,-8.249785346,5.641639736
3.87203,5.63872,932.076,0.56508,1.06793,0.529135805,24.99164021,-8.27860202,5.284910951
4.13484,4.67362,111.236,0.40486,1.77433,0.228176269,28.32234236,-7.92450128,4.299152336
4.07473,4.795,1736.46,0.70036,1.13588,0.616579216,13.94796758,-9.585037171,4.905904636
4.56275,5.53493,3384.59,0.75294,0.932577,0.807375691,10.79550039,-9.310154004,5.093293619
3.84363,5.03819,350.667,0.48738,1.81693,0.268243686,21.56509881,-8.978819265,4.887181953
4.12661,5.0332,664.527,0.51396,1.10257,0.466147274,27.32818261,-7.837195313,5.196616996
4.2399,5.00227,621.816,0.515,1.10398,0.466493958,28.38399399,-7.810942943,5.155890251
4.22321,5.15312,476.327,0.47896,1.21722,0.393486798,27.56046587,-8.011033382,5.047383029
4.22878,5.17201,485.677,0.48056,1.2164,0.395067412,27.66203795,-8.025113647,5.062309791
4.23615,5.19102,473.651,0.47992,1.21425,0.39523986,27.57003209,-7.938158486,5.062917025
3.92423,5.53585,1363.64,0.62358,1.23909,0.503256422,19.29420082,-8.216967636,5.903019867
5.87333,8.76636,3555.74,0.74126,0.746336,0.993198774,16.79969125,-7.968880808,6.196450548
6.64746,8.08882,1969.32,0.65574,0.857961,0.764300475,17.70193815,-8.622765182,5.661063852
4.51959,4.69268,215.983,0.40958,1.86097,0.220089523,34.39087946,-6.798846341,5.747586441
4.49829,4.6866,217.594,0.40668,1.86798,0.21771111,34.54760424,-6.942460343,5.755014129
4.6229,4.78598,231.787,0.41206,1.86496,0.220948439,34.86053789,-7.040890375,5.826137018
4.12276,5.10392,1899.92,0.7036,1.12645,0.62461716,12.93773384,-9.532123329,5.035300803
5.28768,6.55692,1112.41,0.53644,0.964561,0.556149378,22.51786187,-8.314762154,5.5069101
3.76645,4.764,217.45,0.4166,2.24785,0.185332651,32.2567978,-9.05772208,4.286934311
4.63079,6.09081,1578.11,0.6162,1.00409,0.613690008,22.15416604,-7.869001063,5.849852674
5.9549,6.35523,3067.29,0.6982,0.780645,0.894388615,18.14886129,-8.251698704,5.928018918
6.75629,8.83948,1743.86,0.63036,0.939688,0.670818399,35.05259049,-8.64362769,5.675391359
4.17724,7.1377,782.02,0.52046,1.24632,0.417597407,28.69605119,-8.635436621,5.201889467
10.39011,11.25458,2141.83,0.69712,0.837465,0.832416877,26.78262733,-7.026604082,5.481771251
14.15107,15.02825,2447.31,0.73902,0.818993,0.902352035,26.94076552,-8.147022861,5.839441943
4.41794,5.70852,609.052,0.5292,1.67395,0.316138475,27.07711415,-7.453977942,5.38358742
4.33438,5.5699,479.813,0.51378,1.93342,0.265736364,27.10017807,-7.586964617,5.544985746
6.48704,6.94577,1610.24,0.6243,1.01181,0.617013076,17.77471179,-7.591466826,6.335543422
6.74283,7.25204,1554.36,0.63084,1.01031,0.624402411,17.63273926,-7.662631739,6.355908773
6.6722,7.08623,1415.71,0.61824,1.02717,0.601886737,17.8273243,-7.698434045,6.282681057
6.67398,7.14051,1511.74,0.62202,1.01557,0.61248363,17.69180584,-7.67304584,6.30464592
6.10481,6.58573,1558.56,0.61984,1.02216,0.606402129,18.05271229,-7.613515011,6.276360015
6.6128,7.08508,1642.83,0.62734,1.00152,0.62638789,17.60043779,-7.661383893,6.369581253
6.41176,6.87071,1618.25,0.62586,1.00146,0.624947577,17.57487494,-7.624758721,6.363176937
3.88626,6.17038,771.313,0.55796,1.0897,0.512030834,30.4623012,-8.560026126,5.134661207
3.92033,4.6872,218.591,0.48568,1.23753,0.392459173,32.86630274,-7.800161602,5.303383328
3.77257,5.49131,884.493,0.5521,1.16939,0.472126493,26.69766051,-8.090849082,5.562986144
5.13969,7.47721,1463.66,0.58642,0.925259,0.633790106,21.59765906,-7.699593019,5.916310352
5.23786,5.79357,954.734,0.5643,1.42202,0.396829862,21.54854893,-7.495095134,5.999223819
5.52341,9.19521,2015.37,0.64538,0.879294,0.733975212,21.1323274,-8.414763529,5.755556902
5.2438,7.48898,781.097,0.6258,1.02061,0.613162716,19.35273089,-8.347679696,5.563885366
4.86526,7.42959,565.983,0.52134,1.59483,0.326893776,24.37453926,-8.78395011,5.567519281
6.01818,8.71773,1209.68,0.63552,1.33605,0.475670821,15.75470062,-8.742175528,5.720435078
5.83377,8.6676,1201.12,0.63344,1.34426,0.471218365,15.83244328,-8.721364697,5.774847945
6.31963,9.11936,1470.49,0.64542,1.11347,0.579647409,15.55348418,-8.748227119,5.68137232
3.97754,6.18145,2300.91,0.66286,0.943184,0.7027897,40.46151439,-7.671667256,5.751268609
7.53546,24.1004,3286.62,0.78752,0.570649,1.380042723,39.52760187,-8.69611777,5.314680086
6.75259,23.87439,3213.6,0.79352,0.54542,1.454878809,39.59977421,-8.396021691,5.29097747
5.26119,6.84955,1713.55,0.6178,0.91964,0.671784611,24.65323362,-8.132563872,5.670061379
8.48639,9.04728,1898.32,0.66838,0.87931,0.760118729,21.9826554,-7.777572697,5.848368918
5.32108,7.0561,890.553,0.55636,1.40869,0.394948498,42.16151857,-8.207594574,4.944729272
3.70736,4.08842,229.005,0.4747,1.02254,0.464236118,35.39119012,-8.682267232,4.066561017
10.51321,18.94727,1771.4,0.7951,1.00603,0.790334284,20.02345116,-8.731928933,5.711447304
10.34053,10.56188,1606.53,0.6606,0.902736,0.731775403,16.370461,-8.460723664,5.774622063
7.02117,7.92311,1334.79,0.58806,1.04215,0.564275776,19.85037478,-8.393259491,5.784384175
4.17711,5.42105,1991.4,0.61692,0.867442,0.711194524,24.89198535,-7.700468351,5.745311704
3.897,4.92906,1043.25,0.57606,1.27844,0.450596039,23.5775888,-8.076517861,5.532258292
4.5721,5.98483,1927.8,0.63406,0.945356,0.670710293,21.9347748,-7.866177515,5.825199932
4.53541,6.46265,1551.65,0.58576,1.0284,0.56958382,20.90472394,-8.103203435,5.698680461
3.73672,5.22329,790.6,0.54754,0.962226,0.569034717,27.60580864,-8.385374476,5.10261724
3.77657,4.48976,224.153,0.48546,1.63203,0.297457767,28.84156448,-9.023959007,4.70981956
7.9821,15.02646,3701.88,0.81106,0.595037,1.36304129,10.61506702,-8.885151181,5.38849546
7.67619,8.14433,1334.6,0.66568,1.22499,0.543416681,21.71388097,-8.753921489,5.60386869
6.41603,18.775,3508.39,0.76482,0.610707,1.252351782,17.08782684,-8.303721123,5.887110152
7.69354,8.87098,973.885,0.55986,1.40672,0.39798965,14.84320958,-9.140350819,5.457817857
4.72231,5.82674,468.225,0.5587,1.30832,0.427036199,17.07543347,-9.400794662,4.908670904
16.71746,16.78888,1961.59,0.77044,0.713223,1.080223156,15.6726262,-8.096378012,6.140659668
6.47099,8.24333,2179.07,0.66502,0.864634,0.769134686,17.98833624,-8.500667183,5.849248357
4.38483,6.15862,1370.87,0.60726,1.07794,0.56335232,23.05049542,-8.386919492,5.389283336
6.43648,6.91507,776.782,0.5279,1.15816,0.455809215,24.45538694,-7.725354797,5.900676144
19.56277,24.11444,2769.19,0.85352,0.396669,2.151718435,12.68580714,-8.504694081,5.553905793
6.5918,11.77864,2699.15,0.73976,0.794772,0.930782665,26.59730397,-8.861812403,5.267053587
10.12824,14.29207,2649.84,0.77246,0.648977,1.190273307,27.33905794,-8.891131951,5.27621051
8.72571,12.47571,2728.65,0.75322,0.678618,1.109932245,26.81559252,-8.950739945,5.317550302
7.62193,11.30323,2996.36,0.7445,0.677748,1.098490885,26.30224686,-8.826302497,5.216447187
7.19983,12.36076,2899.65,0.74754,0.687816,1.086831362,26.60379888,-8.87565543,5.158326174
8.4918,11.02963,2775.46,0.73292,0.735801,0.996084539,26.12740007,-9.034264662,5.179796447
9.14708,11.82924,2808.05,0.74898,0.688549,1.087765722,26.07273453,-8.892174514,5.230024687
6.59467,11.54376,2988.57,0.73652,0.708658,1.039316567,26.90600412,-8.84705079,5.352574988
8.43938,11.4181,3086.27,0.7373,0.695103,1.060706111,22.95148171,-8.457406072,5.838758665
6.15217,12.20585,2577.21,0.70956,0.793444,0.894278613,16.97173489,-8.941045944,5.420225214
5.19047,10.81396,2196.41,0.73196,0.995074,0.735583484,12.95883783,-8.957726233,5.545407183
4.2919,4.6846,428.223,0.4655,1.31892,0.352940284,29.50178231,-7.476226652,4.906930811
9.15991,17.5271,4124.42,0.80388,0.493165,1.630042683,16.49019675,-8.864696295,5.324715345
14.45168,16.95031,3152.87,0.82286,0.50204,1.639032746,14.22802045,-8.73131683,5.384700732
8.74134,21.37941,4439.7,0.82442,0.420413,1.960976468,15.6694002,-8.632291739,5.473394279
4.60356,8.83209,2147.85,0.6528,0.894333,0.729929456,19.81596598,-8.262338749,5.929671258
4.64589,5.46454,959.73,0.52802,1.16038,0.45504059,28.70348513,-8.157268255,5.252445647
4.62581,5.66684,950.925,0.52422,1.17377,0.446612198,27.58944471,-8.175501353,5.317474829
4.65074,5.66299,924.954,0.53938,1.30634,0.41289404,24.19855492,-8.220921285,5.350240091
8.47189,17.75046,4797.36,0.79004,0.458587,1.722770161,18.32628247,-8.696930471,5.42466402
8.58252,21.33814,4642.34,0.82328,0.403686,2.039406866,14.95157628,-8.595078563,5.45988505
10.49588,25.24149,5543.64,0.87108,0.291153,2.991829038,13.22143254,-8.60254597,5.427701042
8.81904,10.86981,3383.5,0.75616,0.665683,1.135916044,21.90930425,-8.617653228,5.595606064
8.95533,10.97224,3307.78,0.75668,0.663582,1.14029615,22.95025781,-8.671335335,5.647667407
7.63115,21.77625,4456.81,0.82692,0.452533,1.827314251,13.99506871,-8.574288823,5.543652578
10.79351,11.87679,1419.49,0.65456,1.06888,0.612379313,21.95557789,-8.552142123,5.89864328
10.03888,17.63143,1647.88,0.69026,0.751788,0.918157779,28.20032739,-8.863189364,5.36762074
5.9743,7.4254,1928.96,0.69778,1.40157,0.497855976,24.46540777,-8.431897301,5.973716737
5.4202,9.61179,2525.84,0.70412,0.666698,1.056130362,16.92766161,-8.523945555,5.720413944
5.39631,9.7447,2552.1,0.70632,0.66078,1.068918551,17.15589954,-8.509181305,5.727582549
5.38216,9.71412,2474.06,0.70686,0.667627,1.058764849,17.22323438,-8.484783797,5.716740199
5.45923,9.71962,2458.67,0.70608,0.665822,1.060463607,17.50040654,-8.544996291,5.720949268
6.63779,8.05832,1095.26,0.61032,1.47307,0.414318396,16.64741779,-8.866834998,5.688566334
6.74383,8.53606,1227.06,0.6312,1.39796,0.451515065,15.53401074,-8.87852294,5.635645256
6.78307,8.49651,1227.28,0.6283,1.40015,0.448737635,15.57863756,-8.88469239,5.684656447
19.6462,27.62636,4479.93,0.87038,0.319125,2.727395221,14.47311528,-8.514342391,5.498071528
8.65245,9.33807,1101.49,0.62566,1.33968,0.467021975,18.46183894,-8.062949213,6.359370758
26.8915,28.38912,4330.91,0.86968,0.324235,2.68225207,13.461502,-8.481336279,5.50443571
26.5894,28.056,4872.66,0.87052,0.284192,3.063140412,13.24787285,-8.407510332,5.53954249
8.6768,8.83227,1876.71,0.67246,0.846692,0.79422033,19.18516241,-8.321137533,5.724627994
5.12978,5.63389,2074.77,0.66092,1.03186,0.640513248,17.66767428,-8.348318891,5.953236594
3.68585,5.40649,226.313,0.46966,1.18993,0.394695486,27.73135886,-8.49230046,4.810651585
3.98828,4.78374,607.51,0.5199,1.2488,0.416319667,27.30105506,-7.515495941,5.63141018
3.89264,5.48014,994.666,0.58622,1.114,0.526229803,27.72361473,-8.060634741,5.269193686
5.04936,7.20433,380.505,0.43506,1.89362,0.229750425,21.28343535,-8.641930087,5.562859763
8.57778,11.26671,4087.84,0.7968,0.544352,1.463758744,11.76255557,-8.538845569,5.670906719
4.9693,7.56056,2225.05,0.6369,0.853165,0.746514449,18.0919661,-8.421572692,5.83833158
5.51475,6.6136,467.709,0.4665,2.20984,0.211101256,18.77963511,-8.867926402,5.708711555
11.09496,12.8466,1967.31,0.6925,0.704786,0.982567758,21.66581225,-8.949668791,5.317669259
7.48583,9.92059,1118.24,0.5647,1.01231,0.557833075,22.10798953,-9.098511449,5.316632888
6.03574,6.92889,2307.33,0.65556,0.751805,0.871981431,25.0254608,-8.412603599,5.676543732
4.85353,5.87095,599.756,0.49236,1.43918,0.34211148,22.73137936,-8.842942316,5.191352484
5.27198,6.2294,1301.09,0.62858,1.14554,0.548719381,20.16272828,-7.949963903,5.95474972
4.22522,4.65844,174.307,0.39166,1.94999,0.200852312,30.51252566,-8.26375461,4.458930274
3.96901,4.9428,397.37,0.46386,1.63196,0.284234908,20.63184758,-8.840914799,5.346855397
3.91959,4.91458,371.211,0.46198,1.63925,0.281824005,20.84571175,-8.860469795,5.241416203
3.8959,4.89442,358.142,0.46416,1.64878,0.281517243,21.69649534,-8.830907299,5.319725864
9.82723,10.25461,997.71,0.57396,1.07189,0.535465393,17.52616258,-8.315692644,6.073115586
9.92334,10.34811,998.311,0.57372,1.06947,0.536452635,17.53469753,-8.283786257,6.062869469
9.82936,10.26924,997.512,0.58698,1.05391,0.556954579,21.0430747,-8.333341621,6.050303298
9.65715,10.25508,981.732,0.57158,1.06872,0.534826709,19.14650895,-8.36499619,6.018693687
9.86894,10.30863,994.204,0.57346,1.07331,0.534291118,17.98529573,-8.342874036,6.027753844
5.51402,13.89765,2141.49,0.73214,0.824207,0.888296265,16.75562566,-8.857552799,5.542112865
4.73463,5.21702,808.04,0.51112,1.1388,0.448823323,26.83461365,-6.737059677,5.912866055
5.98977,9.1487,1449.51,0.59132,0.92582,0.638698667,20.48197568,-7.706115443,5.988791564
3.66008,9.63598,928.981,0.61576,1.01082,0.609168794,21.90866282,-8.642466041,5.513344084
4.66172,5.75292,347.817,0.4715,1.28873,0.365864068,26.10240588,-8.286865301,5.184251055
5.13094,6.957,638.898,0.5275,1.57886,0.33410182,23.46373012,-8.483334468,5.478191515
5.09054,6.88318,599.889,0.531,1.58969,0.334027389,28.60458033,-8.471219081,5.201976535
6.39579,6.80122,1116.3,0.56292,1.29813,0.433639158,29.42846315,-7.550734533,5.710786491
9.17861,18.69262,2936.83,0.79786,0.606595,1.315309226,14.12979364,-8.83729803,5.445409933
4.1274,6.10079,1297.66,0.58662,1.15948,0.505933694,22.00451823,-8.661613419,5.60290382
6.43314,9.51377,2362.65,0.66126,0.798695,0.827925554,20.15711404,-8.575267816,5.727688616
4.37137,6.90146,1290.73,0.58204,0.999683,0.582224565,25.01221354,-8.511329443,5.216985193
4.72909,10.62231,2109.06,0.65868,0.840025,0.78411952,20.78738129,-8.399805779,5.512549632
3.73021,4.48882,702.333,0.56522,1.13994,0.495833114,29.040031,-8.420533532,4.762628812
4.73833,8.20846,2207.24,0.6527,0.84105,0.776053742,17.58457181,-8.290162489,5.98073801
4.51221,5.58552,732.461,0.52268,1.29905,0.402355568,27.51186862,-7.078804935,5.660512092
5.03456,6.36969,1258.86,0.64356,1.44309,0.445959711,18.52411298,-8.445671558,5.853021737
6.13907,7.41883,510.741,0.57702,1.79616,0.321252004,23.53761249,-8.625441435,5.488741644
15.75155,15.8468,2019.71,0.75942,0.656923,1.156025896,22.37560552,-8.511718547,5.570835771
7.0978,7.50467,1516.23,0.62638,1.02131,0.613310356,17.27025502,-7.631857013,6.381355259
4.88151,6.1601,1656.54,0.58046,0.959179,0.605163374,21.96738958,-7.854952714,5.699582914
6.00289,6.336,197.325,0.37702,2.30777,0.163369833,37.24505778,-8.290832081,4.22056463
7.4129,7.85155,1704.51,0.63386,0.988066,0.64151585,17.22601604,-7.644039926,6.403993923
6.12054,6.66565,1535.76,0.61508,1.03261,0.595655669,18.1472986,-7.632902139,6.307649093
5.71486,6.08117,1429.3,0.6051,1.0654,0.567955697,19.08558485,-7.537975838,6.232281199
6.11727,6.63074,1496.53,0.61994,1.03639,0.598172503,18.28431759,-7.582759233,6.257281326
5.2162,6.68812,1745.8,0.65822,1.12906,0.582980532,17.85892582,-8.140600628,6.052524485
4.89996,7.21804,936.886,0.51688,1.05199,0.491335469,23.43190667,-8.813807118,5.185719833
14.87864,15.74073,2451.32,0.73902,0.734143,1.00664312,22.68140053,-8.752240289,5.397748422
4.74737,5.62912,439.288,0.4398,1.92155,0.228877729,22.47207413,-7.942737676,5.738938255
6.34504,7.17331,1062.64,0.5939,1.28612,0.461776506,22.35571055,-8.252808144,5.804117116
6.37578,7.20132,1074.28,0.59874,1.27824,0.468409688,22.28618567,-8.214728707,5.808195792
6.40725,8.93591,1830.51,0.67624,0.861374,0.785071293,24.31594208,-8.511267184,5.874195194
4.58648,6.54798,1668.68,0.59358,0.991599,0.598608913,20.18198883,-8.034174617,5.795835195
4.11023,8.57756,881.154,0.59796,1.21659,0.491504944,21.11116567,-9.428717866,5.103400838
4.10889,8.23229,1102.86,0.59784,1.21659,0.491406308,21.1334264,-9.354133109,5.117258294
4.03809,8.12994,876.7,0.5996,1.2166,0.492848923,21.30186772,-9.39578195,5.135631953
3.85924,8.17701,800.77,0.57928,1.11826,0.518019065,22.71901712,-9.430297333,5.048532074
4.17817,8.7001,905.684,0.6025,1.56011,0.386190717,20.32344795,-9.536983123,5.142762832
4.96961,5.52619,1468.51,0.62518,1.18279,0.528563819,44.53622874,-7.428706992,4.857558998
8.54299,9.00309,1072.57,0.6726,0.97843,0.687427818,20.95233873,-8.713594039,5.616513787
9.75466,14.27976,2006.69,0.70342,0.875377,0.803562351,20.25240669,-8.536047498,5.495783173
14.53475,16.80129,2344.17,0.729,0.681961,1.068976085,19.63207177,-8.715087282,5.478750429
5.92468,10.06669,1782.67,0.68116,1.03617,0.657382476,17.35393976,-8.360511252,5.954907547
4.11514,8.93039,1800.73,0.70176,1.11173,0.631232404,23.77475172,-8.728880283,5.605856855
4.23716,8.96058,1805.76,0.70764,1.11708,0.633472983,27.05569572,-8.564032706,5.630560006
4.56831,6.54196,1504.37,0.5949,0.938074,0.634171718,23.05131875,-8.025968464,5.52583498
4.52491,6.28591,1429.82,0.5998,0.948554,0.632330895,23.09702803,-7.960189331,5.538307091
4.80891,6.46523,1505.15,0.59878,0.94279,0.635114925,23.26199161,-8.064934143,5.502121832
4.78818,6.33471,1569.52,0.60042,0.937811,0.640235613,23.31897922,-7.993597208,5.565918429
4.62415,6.46285,1507.22,0.60062,0.930333,0.645596792,22.74313028,-7.918833067,5.641067542
4.02088,4.65994,561.961,0.52146,1.18719,0.439238875,26.19314074,-8.011754478,5.452443176
4.18035,6.34814,751.543,0.53892,1.16715,0.461740136,27.99755089,-8.130039637,5.352989319
3.95127,9.77148,1207.74,0.63846,1.08328,0.589376708,23.95858224,-7.963626129,5.716900574
4.81449,6.07023,739.254,0.50288,1.20939,0.41581293,22.91690705,-8.101631171,5.300430591
4.29862,7.97046,883.259,0.60172,1.05689,0.569330772,20.98853736,-9.072520371,5.483065899
6.78751,10.0327,2714.01,0.70106,0.739265,0.948320291,16.95895319,-8.701293978,5.674220667
7.4934,12.53415,3155.31,0.73514,0.637007,1.154053252,16.35514051,-8.671564199,5.613244993
7.86809,11.63879,3519.6,0.75406,0.594628,1.268120573,14.63203135,-8.576860032,5.67677702
10.48172,15.53234,4101.54,0.80152,0.459782,1.743260937,19.0184714,-8.636879754,5.529764748
6.45256,11.33831,1958.64,0.6753,0.86403,0.781570084,18.19974791,-8.726115132,5.660536534
4.25493,5.94331,1251.43,0.56496,1.03057,0.548201481,23.95990539,-7.635970501,5.730071222
4.14091,6.01546,2037.61,0.65322,0.986437,0.662201438,20.75866143,-8.242806494,5.86116721
6.36839,7.65199,2386.32,0.69086,0.889824,0.776400726,20.5856405,-8.482011995,5.823006898
6.06717,6.25403,228.29,0.43418,1.40557,0.308899592,18.17493713,-8.541656509,5.39844906
4.91537,5.26252,1105.32,0.53204,1.15534,0.460505133,27.22292632,-7.981453598,5.507593131
7.72021,8.43697,946.266,0.5138,1.03874,0.494637734,26.91506109,-8.625161998,5.572709475
3.84932,5.69693,868.854,0.55112,1.19116,0.462675039,23.71115147,-8.065502733,5.311193959
4.08985,5.22962,253.575,0.42026,2.0701,0.203014347,30.42774472,-7.905783503,4.923277776
6.38807,7.62136,1296.53,0.57518,1.08418,0.530520762,25.75849315,-7.983551473,5.813114288
15.58526,18.21481,3231.8,0.814,0.462868,1.758600724,14.81006499,-8.548481684,5.550248311
5.57122,6.72563,682.993,0.49734,1.15231,0.431602607,33.29142867,-9.123816681,4.970157273
4.40406,5.61338,2166.61,0.69138,1.06606,0.648537606,13.46489467,-8.958581913,5.532998337
4.42901,5.62745,2212.32,0.69222,1.06272,0.651366305,13.41194386,-8.94815168,5.537789273
4.47405,5.64435,2266.46,0.69314,1.05807,0.655098434,13.31095091,-8.903501797,5.546174351
4.60094,5.73609,2479.38,0.69844,1.03985,0.671673799,13.0256835,-8.872391664,5.58924703
4.3837,5.58759,2101.98,0.68976,1.07026,0.644478912,13.52857492,-8.956888162,5.529441175
4.39581,5.60157,2131.45,0.69066,1.06802,0.646673283,13.4854341,-8.966594165,5.561028244
4.40385,5.61357,2166.37,0.69134,1.06606,0.648500084,13.46387232,-8.961164788,5.524921755
4.42824,5.6275,2211.69,0.69218,1.06272,0.651328666,13.41382842,-8.939078578,5.538216308
4.44582,5.63489,2240.02,0.69242,1.06079,0.652739939,13.37554821,-8.953464931,5.557445802
4.46761,5.64072,2255.58,0.69296,1.05911,0.654285202,13.33130589,-8.936176984,5.547727845
4.47445,5.644,2265.11,0.6932,1.05807,0.655155141,13.31284804,-8.931675592,5.554030731
4.50803,5.65854,2304.74,0.69404,1.0548,0.657982556,13.25815217,-8.920877969,5.579220593
4.5303,5.67593,2340.17,0.69508,1.05131,0.661156081,13.19597048,-8.9171093,5.563882609
4.56197,5.70452,2370.11,0.69638,1.04697,0.665138447,13.12201428,-8.868619077,5.584071761
4.60029,5.73555,2480.96,0.69836,1.03985,0.671596865,13.02436066,-8.866333969,5.556395051
4.63585,5.76062,2522.06,0.70054,1.03565,0.676425433,12.95881955,-8.876970492,5.571025567
4.68615,5.787,2577.33,0.70204,1.03012,0.681512833,12.90123697,-8.881136611,5.590980576
4.69781,6.47084,588,0.47986,1.24227,0.386276735,25.25295276,-8.231671098,4.935075426
7.03865,11.08232,3158.14,0.75642,0.706119,1.071235868,16.50255122,-8.626488952,5.710579043
5.69321,11.60551,3098.82,0.73458,0.756483,0.971046276,16.51861581,-8.559522847,5.745026967
8.05488,11.98728,3080.94,0.74854,0.72084,1.03842739,14.82218922,-8.590961849,5.776561731
4.17239,5.67031,1090.04,0.53976,1.18787,0.454393158,22.26398475,-8.298000646,5.478642418
4.90333,6.38762,2243.22,0.71266,0.985223,0.723348927,12.30862329,-9.239251678,5.181160394
4.90295,6.38911,2243.77,0.71272,0.984664,0.723820511,12.30285349,-9.25018277,5.210453698
3.92327,4.97412,338.355,0.55174,1.11198,0.496177989,28.10196391,-8.602940114,4.173400794
3.98659,4.93159,985.742,0.56216,1.07028,0.52524573,27.72009617,-7.361572388,5.527145951
3.9347,5.17871,567.686,0.53432,1.30921,0.408123983,27.89250106,-7.139989042,5.817470501
3.98518,5.28754,577.759,0.54076,1.29873,0.416375998,27.4789405,-7.376708251,5.352118391
3.65645,6.20454,643.664,0.51718,1.18024,0.43819901,24.6615512,-8.838912781,4.925575032
4.00781,5.75057,1069,0.54568,1.13972,0.478784263,27.51739035,-8.472404983,5.185797092
4.20779,5.99612,1196.76,0.56558,1.09616,0.515964823,27.13960366,-8.406329534,5.307385166
4.26017,6.05718,1609.78,0.59978,0.970091,0.618271894,22.28769143,-8.479206729,5.603672701
4.0393,6.02545,1434.1,0.5902,0.986984,0.597983351,21.68133359,-8.483919364,5.581630639
5.11595,5.62194,825.67,0.52302,1.12689,0.464126933,22.94374916,-7.896683349,5.363898859
4.89652,6.38285,1124.9,0.54092,1.09177,0.495452339,25.16189903,-8.075675733,5.156771442
4.75731,8.23561,2234.08,0.65522,0.841576,0.778563077,17.54183349,-8.299968236,5.967832908
4.89957,5.39685,217.822,0.4024,1.63231,0.2465218,23.2856233,-8.330165252,5.153078764
4.8394,5.32691,209.176,0.39886,1.64247,0.242841574,23.72637738,-8.280534125,5.085703195
4.92439,5.43827,232.32,0.4022,1.64151,0.245018306,23.35510065,-8.198115058,5.155573196
4.64907,5.40268,1501.59,0.61282,1.01024,0.606608331,24.42914399,-7.846897379,5.749673295
4.42412,5.10059,1170.71,0.57096,0.933293,0.611769294,27.06745183,-7.900893693,5.318656804
10.27787,10.39364,1240.53,0.61214,0.990795,0.617827098,21.3133823,-8.549756062,5.809378616
4.0538,4.83597,1075.49,0.61976,1.04226,0.594630898,24.37259933,-8.469609001,5.361635849
7.10734,12.14192,3229.48,0.7162,0.697914,1.026200936,20.39397388,-8.237803398,5.909059811
3.75929,6.22689,226.076,0.4019,1.41993,0.283042122,24.12713883,-8.200590233,5.127237576
3.75974,4.5308,374.836,0.4411,1.30097,0.339054705,28.10486782,-7.694996915,5.524797355
4.16271,5.05147,361.626,0.47498,1.13092,0.419994341,28.54435791,-8.410239188,4.823746739
4.08701,5.083,345.133,0.48446,1.12522,0.430546915,29.60473628,-8.404960892,4.691350058
7.10265,7.3989,271.356,0.4558,1.86184,0.244811584,50.45432462,-8.246477692,4.694630076
10.34284,10.43782,620.812,0.55304,1.11052,0.498000936,17.01732099,-8.855567375,5.605841326
4.0897,4.90958,657.911,0.49298,1.27414,0.386911956,26.65386815,-8.008192011,4.702187592
4.65199,5.7578,2612.11,0.70192,1.02515,0.6846998,12.76084525,-8.89490546,5.581397427
3.92148,5.83028,1129.71,0.58126,1.25472,0.463258735,21.42296953,-8.445985639,5.491003166
4.0944,5.86454,1075.36,0.57376,1.28277,0.447282054,21.90548494,-8.295978609,5.537553448
3.94678,4.76031,506.042,0.53304,1.3892,0.383702851,26.17170078,-8.561895836,4.905676773
5.81939,7.61968,1791.39,0.63844,0.929894,0.686572878,20.4513454,-8.396228943,5.89847439
3.80128,6.35889,492.986,0.47744,1.36336,0.350193639,23.38425342,-8.573752387,5.16730156
3.78902,6.38674,493.346,0.47682,1.36238,0.349990458,23.34430744,-8.583073271,5.166910508
6.70298,7.52312,1162.4,0.56862,1.04834,0.542400366,21.46592918,-8.554690966,5.571869124
5.12695,7.31754,429.66,0.45344,1.78125,0.254562807,20.43612503,-8.68276086,5.538459628
5.12362,7.3154,437.502,0.4535,1.77872,0.254958622,20.2799046,-8.674306182,5.531430267
5.07386,7.34058,438.282,0.4571,1.77151,0.258028462,20.36279101,-8.71452722,5.522446902
5.11399,7.32397,436.516,0.457,1.7716,0.257958907,20.26048871,-8.683163878,5.577997556
4.91036,7.23942,418.639,0.4502,1.7997,0.250152803,20.89645785,-8.711579544,5.502490151
5.01415,7.28763,420.212,0.45402,1.78994,0.25365096,20.76331598,-8.633309988,5.543578532
4.55031,6.97684,2230.05,0.64902,0.806536,0.804700596,20.07185896,-8.404244556,5.817584312
4.84816,6.85522,1493.87,0.59368,0.971676,0.610985555,20.29548619,-8.199711677,5.749283957
4.82147,5.41795,285.023,0.40012,1.52384,0.262573499,22.10004707,-7.989219302,5.614037702
4.55814,6.48228,1533.48,0.608,1.0623,0.572343029,40.02099904,-7.95087581,5.510912946
13.71841,15.61444,4719.81,0.79706,0.514247,1.549955566,15.81075956,-8.479249885,5.563778214
4.93416,5.27662,887.573,0.51682,1.16508,0.443591856,26.02935845,-7.773832839,5.265021018
7.69355,8.14869,1138.86,0.5748,0.987789,0.58190565,22.67843263,-8.522426792,5.68566531
9.57458,11.39023,4461.67,0.81702,0.493516,1.655508636,13.39987295,-8.6592087,5.488014309
3.95758,6.27152,549.659,0.47512,1.38102,0.344035568,24.93029058,-8.251429332,5.292829789
9.84925,10.99192,1227.19,0.63402,1.18883,0.533314267,23.42600016,-8.217935263,6.046349217
9.80954,11.06598,1259.94,0.63874,1.1867,0.538248926,24.19649006,-8.210060764,6.043067863
9.80964,11.01144,1275.48,0.63884,1.18637,0.538482935,22.35089409,-8.302021104,6.073858562
9.87899,11.15761,1270.76,0.63918,1.18127,0.5410956,23.88372429,-8.178163051,6.079543447
9.86004,11.10045,1246.47,0.63944,1.1813,0.541301955,22.87424735,-8.252202086,6.07716148
9.92421,11.20025,1223.25,0.64018,1.17831,0.543303545,23.54281389,-8.195244117,6.061878585
9.89743,11.20845,1256.49,0.64212,1.17889,0.544681862,22.85906053,-8.179377338,6.067809772
9.85075,10.95857,1294.76,0.65152,1.20305,0.541556876,28.52466908,-8.574225986,5.46104622
9.9584,11.06557,1264.96,0.6543,1.19415,0.547921115,27.26640114,-8.136249077,5.938621958
9.87166,11.0184,1251.12,0.63574,1.18797,0.535148194,23.26717385,-8.317607492,6.045586065
4.32453,5.60667,683.097,0.49452,1.2413,0.398388786,22.3638544,-8.752191095,5.075093337
3.97759,4.69443,471.991,0.51572,1.13804,0.453165091,29.47245174,-8.423418199,4.809012805
3.66466,5.583,678.739,0.54944,1.2752,0.430865747,24.80706938,-9.041902285,4.487194135
3.90334,6.17141,1160.41,0.55654,1.0195,0.545895047,21.61897617,-8.963024633,5.224388988
4.74964,5.60484,1058.79,0.55576,1.07243,0.518224966,25.05692302,-8.445946398,5.312315776
3.86868,5.70928,218.937,0.43164,1.21403,0.355543108,21.01321286,-9.869178088,4.352357836
3.74612,5.58117,201.672,0.42736,1.23312,0.346568055,21.77674128,-9.948839683,4.27721876
4.52244,4.75404,310.38,0.43144,1.18943,0.362728366,27.39382203,-7.642663341,4.941054291
4.28733,15.32957,875.405,0.64476,0.82417,0.782314328,22.44576985,-9.406617679,4.893030852
5.00794,7.15013,377.468,0.42798,1.94765,0.21974174,21.53188799,-8.650048453,5.50491912
5.01285,7.16272,386.347,0.43186,1.93261,0.223459467,21.42321461,-8.612433977,5.488164665
6.28305,7.33926,1966.75,0.65154,0.91185,0.714525415,17.92470572,-8.542219192,5.792401828
4.37055,6.13135,1698.16,0.5906,0.966131,0.611304264,28.25958409,-7.935265191,5.684262624
9.76034,10.78109,1353.61,0.6174,0.954298,0.646967719,23.17271685,-7.63039178,6.106185592
3.77144,4.79446,520.799,0.49512,1.53468,0.322621002,33.51595023,-7.773395697,5.369326893
5.89807,6.57892,2073.7,0.68,1.10785,0.613801507,17.18706498,-8.243412401,6.057108782
7.61249,12.51834,3166.39,0.73564,0.637007,1.154838173,16.38538574,-8.655224749,5.625960714
6.10049,8.23736,1374.39,0.6093,1.05875,0.575489965,19.69231493,-8.481962117,5.620894308
6.50203,8.0106,1283.16,0.5995,1.08206,0.554035821,20.04590319,-8.441712231,5.561127466
5.70388,7.44729,2262.58,0.66684,0.883784,0.754528256,23.40815013,-8.435716905,5.947844066
7.37101,8.67819,2119.7,0.64884,0.808147,0.802873735,20.01097067,-8.697266211,5.525900271
3.79148,5.77631,983.474,0.59082,1.4748,0.400610252,31.21982067,-7.915134804,5.502306291
3.67614,5.33789,197.515,0.46398,1.21787,0.380976623,28.98320019,-8.589270056,4.615639562
3.79797,4.46757,891.882,0.56274,1.34004,0.419942688,26.47334218,-7.238477792,5.795749226
3.80654,5.28786,375.654,0.44404,1.47108,0.301846263,25.75732342,-8.431119229,5.281130054
3.81788,4.66467,266.272,0.43542,2.25323,0.19324259,25.51609031,-8.467737311,4.809080245
7.45868,11.68951,3213.99,0.74172,0.635617,1.166929141,17.09999494,-8.422111495,5.758274696
7.334,11.52058,3183.77,0.73928,0.638345,1.158119825,16.69763527,-8.436935321,5.72914671
6.16263,10.94144,2699.42,0.71046,0.73574,0.965640036,17.37801653,-8.416546242,5.81122691
4.64075,7.7679,1930.62,0.64124,0.97417,0.658242401,18.89690935,-8.384870648,5.973267106
6.0803,10.98417,2607.63,0.70462,0.75368,0.934906061,17.11051551,-8.385718661,5.801665224
5.27685,5.74302,1639.49,0.63964,1.21834,0.525009439,23.20563317,-8.216593461,5.795651532
8.2956,9.08968,3051.55,0.73364,0.720728,1.017915219,15.21123146,-8.764229719,5.567012969
4.5685,8.74594,2103.33,0.64528,0.892293,0.723170528,20.05527454,-8.280431866,5.927508543
4.55116,8.71895,2095.87,0.64422,0.895776,0.71917533,20.15945772,-8.293574107,5.912387308
4.52269,8.66619,2066.98,0.64226,0.897578,0.715547841,20.2649594,-8.291996649,5.891264714
3.98335,5.17179,585.295,0.49382,1.18882,0.415386686,25.42990727,-7.46118577,5.473204066
3.71971,6.29773,949.639,0.53612,1.09675,0.488826077,26.04715935,-8.233618137,5.318271748
5.93484,7.26398,1664.86,0.61874,0.928582,0.666327799,21.49141549,-8.013042798,5.980645016
4.99033,10.05627,1285.35,0.65212,1.27605,0.511045805,16.20679887,-8.905950399,5.548795574
5.24596,7.57658,1182.45,0.5517,1.02746,0.53695521,23.64566548,-8.691561444,5.393258842
5.30803,6.66583,2337.47,0.66744,0.938373,0.711273662,17.53855258,-8.281693945,5.95351574
5.30501,6.66603,1988.42,0.64502,0.973404,0.662643671,18.48134141,-8.478705285,5.833546826
4.92807,5.59298,1037.91,0.55882,1.15802,0.482565068,21.03165031,-8.338866076,5.476939814
4.5802,6.15184,693.732,0.52542,1.20476,0.436120057,22.96655651,-8.380418439,4.895951388
6.64118,10.30601,2422.77,0.69722,0.805914,0.86512953,18.42564435,-8.591689044,5.638051861
4.50564,5.27757,645.373,0.54238,1.24039,0.437265699,24.59056933,-8.546901418,5.222994665
5.40382,6.42465,1855.47,0.64804,0.966783,0.670305539,17.90099353,-8.246957846,5.977055946
4.27158,6.83841,1204.6,0.62548,1.16057,0.538942072,18.98436084,-8.604192586,5.416538925
4.80173,5.28453,861.125,0.55174,1.43501,0.384485126,21.93611162,-8.122215247,5.528369411
5.56339,6.45056,532.83,0.57344,1.15416,0.496846191,31.68534002,-8.33367079,5.127764435
5.57332,6.39416,552.103,0.56746,1.14467,0.495741131,40.16008009,-8.178683818,4.837718936
3.83342,5.85396,1090.14,0.5812,1.02444,0.567334349,22.5973746,-8.707742615,5.126761383
3.84033,5.85231,1103.3,0.58314,1.01925,0.572126564,22.5015613,-8.715200424,5.123871711
4.91,12.75,1947.26,0.67688,0.732143,0.924518844,21.91316379,-8.652137753,5.570229787
4.99,12.87,1981.25,0.67844,0.728838,0.930851575,22.22723988,-8.875959905,5.592182564
5.3,12.37,2021.24,0.940935,0.722154,1.302956156,22.18547865,-8.614181463,5.655991616
5.74,12.5,2134.81,0.68,0.71,0.957746479,22.84164857,-8.562055899,5.633737013
4.37434,6.87571,656.753,0.53418,1.26224,0.423200025,25.60659621,-8.943128903,5.20539271
6.58555,8.25256,1282.69,0.58768,1.13597,0.517337606,21.162909,-8.562223227,5.703408931
5.47787,7.34237,470.44,0.47334,1.52902,0.309570836,34.64822888,-8.638032178,5.465704998
4.10291,4.99697,466.878,0.5058,1.2735,0.397173145,33.09210338,-8.634964635,3.808203787
3.82583,4.81496,1175.18,0.57806,1.13347,0.509991442,44.32844912,-7.436371215,4.731247231
4.32281,5.49382,1579.69,0.62012,1.02346,0.605905458,30.82816741,-7.655897102,5.275276569
4.62985,5.27906,1538.28,0.60934,1.04928,0.580722019,31.88617979,-7.441808607,5.197254981
4.02699,5.10607,1244.1,0.58484,1.11842,0.522916257,33.85966023,-7.447865978,4.984279285
4.94756,7.14061,1060.07,0.56,1.20532,0.464606909,29.1133632,-7.973073869,5.08268745
4.84747,5.28866,785.483,0.52848,1.29946,0.406692011,39.24355211,-7.625803889,5.118981654
4.43587,5.52911,791.182,0.52602,1.29684,0.40561673,35.15669703,-7.862877111,4.86676189
3.9272,4.89671,1094.62,0.5883,1.32887,0.442706962,39.94360232,-7.540411692,5.055768685
6.71212,7.38705,2279.9,0.6779,0.935187,0.724881762,25.26554658,-8.322515319,5.887875431
5.77243,6.67772,995.471,0.5834,1.37946,0.422919113,19.48849265,-8.145115838,5.737922841
6.60927,7.27418,875.752,0.5622,1.47237,0.381833371,18.57688523,-8.477881112,5.952879448
4.86289,7.00326,1223.57,0.57592,1.1818,0.48732442,21.70965129,-8.141649805,5.730595822
7.72449,8.38907,1406.18,0.6728,1.20127,0.560073922,21.37343916,-8.828675019,5.590307509
4.34629,6.13469,2253.61,0.69064,1.17934,0.585615683,13.93593139,-8.838712929,5.692320573
6.53331,13.51443,3237.7,0.74626,0.653619,1.141735476,21.12743322,-8.500122465,5.816691073
4.14329,4.62596,311.754,0.46884,1.44887,0.323590108,26.01557552,-8.508418407,5.18592145
4.86799,7.01725,1442.48,0.63382,1.23133,0.51474422,17.9454166,-8.265235966,5.933336094
9.52295,10.82294,1292.73,0.64498,1.0693,0.60317965,18.63361934,-8.658894009,5.616215148
11.13953,21.8367,4332.84,0.81434,0.43704,1.863307706,13.84436176,-8.54332408,5.546464144
8.72821,13.8531,2746.46,0.74116,0.762381,0.972164836,19.91349376,-8.634631056,5.755358372
10.31061,11.13693,2603.63,0.80082,0.748964,1.069236973,26.1519359,-8.796578304,5.556493926
4.83707,7.10977,1457.11,0.56878,1.05149,0.540927636,29.34068173,-8.478980666,5.564350979
3.82945,4.48241,422.386,0.505,1.26627,0.398809101,34.61393042,-7.661203523,4.495270655
7.94106,15.02876,3670.02,0.8106,0.595896,1.360304483,10.55245295,-8.897048909,5.399894474
7.93728,15.03569,3669.99,0.81046,0.595966,1.359909794,10.54898119,-8.929450505,5.378906697
6.29437,6.7326,816.401,0.57104,1.53602,0.371765993,18.37780363,-8.504883176,5.695506719
7.66991,8.43825,1577.1,0.60878,0.899517,0.67678543,18.05245824,-8.494935708,5.845605269
4.45301,6.06535,682.017,0.53446,1.35673,0.39393247,28.03825341,-8.412514353,5.091627671
6.50841,6.88683,1092.12,0.56996,1.28067,0.445048295,27.74766023,-7.489343336,5.715730686
6.57314,6.93182,889.223,0.57194,1.58977,0.359762733,29.29971635,-7.570058927,5.539382988
6.53286,6.92288,846.675,0.55538,1.65406,0.335767747,20.58385912,-7.812766835,6.006408292
6.48693,6.87869,850.375,0.56576,1.63046,0.3469941,27.74878566,-7.568817747,5.711095018
6.50199,6.86565,863.938,0.56868,1.63118,0.348631052,26.13516816,-7.755291748,5.690321025
6.45021,6.84748,822.641,0.56358,1.66996,0.337481137,24.67089089,-7.749715169,5.83285019
7.95608,15.10116,3701.81,0.81036,0.589497,1.374663484,10.39788897,-8.896853143,5.362286439
7.9585,15.1002,3694.3,0.8104,0.589907,1.373775866,10.39882497,-8.896749225,5.369218994
7.9386,15.0923,3694.94,0.81016,0.589907,1.373369023,10.39374979,-8.919793764,5.35909578
7.93691,15.06244,3742.7,0.80926,0.591684,1.367723312,10.42113725,-8.884065106,5.35386013
7.93652,15.0745,3749.18,0.80934,0.590588,1.37039696,10.40008403,-8.889782876,5.389355407
7.93827,15.0805,3753.63,0.80934,0.589428,1.373093915,10.38029808,-8.900721338,5.393467309
7.93483,15.09972,3757.35,0.80928,0.58881,1.374433179,10.36546962,-8.899781953,5.376007629
5.12,12.83,2057,0.68324,0.7175,0.952250871,21.8243373,-8.641145586,5.596955399
4.57521,6.45802,1237.48,0.56584,1.03521,0.546594411,21.70101677,-8.253105751,5.412560425
4.95549,5.57744,1497.21,0.62984,1.06968,0.588811607,19.44736514,-7.996684364,5.805977169
4.43769,9.81867,2426.02,0.71732,0.838672,0.855304577,20.49609864,-8.637018336,5.698437809
4.36946,9.36969,2345.39,0.71128,0.882661,0.805835989,20.72038704,-8.708837234,5.648709154
4.21977,5.14094,324.86,0.4525,1.60723,0.28154029,41.16190927,-7.42168929,2.845824808
6.60905,8.11845,2046.59,0.6414,0.914085,0.701685292,19.80909712,-8.392484488,5.883688106
4.15581,4.72844,111.176,0.43422,2.17734,0.199426824,24.96507962,-8.394216856,5.174702151
3.8135,5.18429,1162.35,0.60266,1.17196,0.514232568,22.24883607,-8.512649507,5.287080186
9.11981,24.94881,4598.57,0.83746,0.407171,2.056777128,17.54308121,-8.478613242,5.624505667
8.48832,13.20779,4426.29,0.8025,0.514689,1.559193999,15.71059402,-8.733297609,5.438447124
3.76828,5.28106,171.248,0.45956,1.49221,0.307972738,28.83158166,-8.986894792,4.401190361
10.72802,11.49386,1127.31,0.6359,1.31034,0.485293893,24.24867146,-8.00460466,6.067769692
4.85253,5.52925,2537.38,0.66302,0.807375,0.821204521,22.50573877,-7.828203047,5.872263487
5.48027,9.63173,2488.5,0.70486,0.666563,1.057454434,17.04746993,-8.519512397,5.719591801
4.2936,5.70322,680.719,0.50462,1.41973,0.35543378,41.37358766,-7.464066295,4.750514336
8.56919,8.60977,718.499,0.61954,1.61724,0.383084762,13.82867551,-9.125927695,5.55901132
6.39708,7.09435,1965.67,0.6983,1.10433,0.632329105,17.18556082,-8.731485788,5.662538493
5.88011,6.8723,888.656,0.55428,1.44731,0.382972549,21.34510092,-7.945264704,5.838903802
4.56714,5.07559,458.194,0.4833,1.67128,0.289179551,26.03422532,-7.661017475,5.362165715
3.79883,4.22152,161.754,0.4336,1.82342,0.237794913,29.45554413,-7.418969121,5.587762377
4.05785,12.81022,2408.02,0.70774,0.771367,0.917513972,21.71973236,-8.532005164,5.771340644
6.8654,20.18098,1072.25,0.61622,0.883011,0.697862201,32.17144084,-8.495409693,5.695663067
3.93225,5.91307,1195.09,0.57774,0.947393,0.609820845,25.71297515,-8.136155907,5.302535485
3.88293,5.76478,1031.08,0.5637,0.975082,0.578105226,26.7534925,-8.105779888,5.14031125
8.10197,9.99333,2016.74,0.66814,0.81142,0.82342067,20.54022199,-8.971313758,5.321622772
3.8157,9.4187,1172.66,0.59984,1.15388,0.519846085,25.50546818,-8.593724117,5.52199929
4.09783,9.48211,1668.31,0.69616,1.10251,0.631431914,37.85974776,-7.972956948,5.370920477
3.89223,4.46919,206.548,0.43756,1.80004,0.243083487,27.02075135,-8.097608607,5.619788763
4.49229,6.16997,775.622,0.49054,1.15777,0.423693825,24.34129193,-8.261534315,4.964859439
3.73909,5.78145,711.771,0.53086,1.26392,0.42001076,24.21391497,-8.299748929,5.345178081
4.55513,4.98366,816.945,0.52538,1.07707,0.487786309,33.83743386,-8.046509919,3.59958058
12.07725,14.54406,4008.29,0.80904,0.502805,1.609053211,13.97456297,-8.611925569,5.51294841
3.67872,4.91078,303.01,0.4225,1.2863,0.328461479,29.18404695,-8.207865087,4.517859296
5.77662,7.72615,938.473,0.5714,1.17897,0.484660339,33.86558047,-8.873925649,5.065466692
5.86346,12.80393,2589.65,0.73358,0.732254,1.001810847,14.63002776,-8.631101164,5.670088513
3.70757,5.32747,636.907,0.52872,1.44986,0.364669692,23.86120893,-8.09779947,5.654554272
6.07561,8.59986,1187.48,0.63712,1.33584,0.476943347,15.93500908,-8.800943156,5.712167551
4.1628,7.20254,1873.09,0.63946,0.886931,0.72098055,24.23445612,-8.413185488,5.405631845
4.24331,6.01025,1304.98,0.59982,1.01002,0.593869428,23.9176636,-8.482388985,5.29095997
5.00426,5.91163,914.565,0.56176,1.15595,0.485972577,22.12570963,-7.230970408,5.793064209
3.65537,4.29529,162.345,0.50198,1.45498,0.345008179,31.06582499,-9.936685331,3.732296714
6.02504,6.36041,466.314,0.45788,1.39254,0.328809226,21.14169797,-8.348305583,5.083450043
3.68842,5.30986,736.677,0.59304,1.40965,0.420700174,25.4310042,-8.475862733,5.130761964
3.90043,5.63611,940.737,0.56404,1.06263,0.530796232,27.59151054,-8.125996198,5.311499671
3.9288,5.58762,938.143,0.561,1.07311,0.522779585,27.82204111,-8.088323063,5.254040481
4.68748,6.39737,1121.31,0.56266,1.04668,0.5375664,24.26942393,-8.412725132,5.27507669
5.91491,7.0104,1465.2,0.61256,1.01758,0.60197724,19.18283425,-8.451528771,5.684469834
3.83248,7.2178,982.123,0.56322,1.09612,0.513830602,24.87000191,-8.744573498,5.248184839
3.92306,5.41094,525.58,0.50398,1.30752,0.385447259,25.6321012,-8.865429476,4.595931885
3.8162,5.19023,541.861,0.49884,1.31984,0.377954904,26.2558066,-8.848485511,4.403031265
3.85018,6.13233,505.793,0.47386,1.37267,0.345210429,25.96987102,-8.291811779,4.727249607
4.49425,6.01281,1757.32,0.61876,1.02042,0.606377766,21.0495788,-8.339137299,5.755274251
4.28425,5.4803,890.741,0.55348,1.08612,0.509593783,26.27256605,-7.142349676,5.456565829
4.66596,8.11285,1591.09,0.6161,1.07811,0.571463023,36.6786285,-8.269529946,5.375334684
4.90341,6.04161,706.596,0.56768,1.78682,0.317704078,19.12634082,-7.702101771,6.218449848
5.33783,6.41625,779.434,0.5883,1.67137,0.351986694,17.35942241,-8.194286905,5.939459331
9.80221,10.90817,1390.23,0.63658,1.08454,0.586958526,20.34969108,-8.051810665,6.2836512
9.9815,11.0404,1415.98,0.64618,1.0737,0.601825463,18.66591919,-8.16020683,6.185197554
9.68892,10.81251,1282.6,0.6241,1.16864,0.534039567,21.45931026,-7.785470057,6.286656824
14.40453,14.69858,1314.52,0.69086,0.993806,0.695165857,26.80607054,-7.292223029,6.201974944
3.73399,5.15517,328.318,0.4219,1.63871,0.257458611,26.45336341,-7.735383653,5.507535353
4.05863,5.50924,675.159,0.48386,1.30714,0.370166929,23.20967578,-8.602773083,5.016533213
5.7674,9.21037,2423.82,0.72872,0.890328,0.818484873,12.48404131,-8.721133657,5.655850667
8.26406,11.66545,1399.22,0.63792,1.01014,0.631516423,20.5169106,-8.904910363,5.472654296
13.78223,14.55985,1768.35,0.66548,0.784824,0.847935333,22.98104679,-8.56000945,5.41866789
5.32518,5.69577,584.031,0.45438,1.3733,0.330867254,21.7450956,-8.06519389,5.547142251
7.02568,8.26904,1757.09,0.64034,1.05459,0.607193317,16.80209789,-8.588508047,5.820755037
4.56467,7.5362,626.229,0.52822,1.31454,0.401828777,20.79402083,-8.667849855,5.321285068
6.65728,13.17739,2175.87,0.72038,0.881906,0.816844426,24.3236705,-8.602076416,5.829710948
6.67449,13.23241,2204.67,0.72128,0.876399,0.823004134,24.14644983,-8.624306521,5.809477234
4.09866,6.92788,634.011,0.5611,1.5951,0.35176478,22.03170062,-8.88991775,5.184860435
4.63026,4.96727,535.005,0.47418,1.29284,0.366773924,27.71907916,-7.327594393,5.016838365
4.24915,4.96103,508.955,0.46122,1.44232,0.319776471,25.20990619,-8.121816225,4.67358097
5.6534,7.52412,1311.35,0.56146,1.03145,0.544340492,24.10918145,-8.016013831,5.254481154
5.87256,7.70412,1344.5,0.5635,1.02639,0.549011584,24.24862192,-8.043151811,5.26491849
5.85542,7.66591,1311.66,0.56478,1.02962,0.548532468,23.90398844,-8.029422855,5.262135716
5.84066,7.68055,1302.26,0.56552,1.02599,0.551194456,23.78781196,-8.070174066,5.240933701
5.87796,7.6755,1329.6,0.566,1.02659,0.551339873,23.80763221,-8.099703396,5.236200059
5.80686,7.61946,1301.82,0.56382,1.03101,0.546861815,24.17157,-8.039638328,5.221633332
3.97544,4.76594,1042.83,0.50466,1.17247,0.430424659,30.49629928,-7.596616564,5.083928976
3.93529,5.17234,278.396,0.4662,1.20763,0.386045395,33.30648071,-8.803336837,4.123332417
4.889,7.82073,899.199,0.54798,1.29296,0.423818216,17.38476727,-8.768837184,5.524669916
4.95438,7.90715,908.856,0.54708,1.29448,0.422625301,17.30577872,-8.768710207,5.537878544
9.55837,11.66692,3446.24,0.77694,0.599196,1.296637494,12.83162864,-8.670966017,5.572344595
3.81154,4.91554,302.303,0.46388,1.42961,0.324480103,29.00691917,-7.864440206,4.647755451
5.32796,9.40759,1373.72,0.65316,0.921844,0.708536368,21.21162283,-8.796224118,5.561731675
5.48397,9.58037,1443.13,0.6563,0.89011,0.7373246,20.37812834,-8.754772356,5.545058955
6.34934,7.54991,1827.1,0.67696,1.01424,0.667455435,20.51339077,-8.438776082,5.759049036
6.609,9.78512,4388.3,0.76586,0.532137,1.439215841,20.13788653,-8.296648701,5.798227907
5.07129,5.64907,808.203,0.50172,1.2313,0.407471778,23.32092348,-8.601960345,4.942043748
4.92542,5.30336,904.3,0.54002,1.19355,0.452448578,27.45072846,-7.677493296,5.125107802
4.88912,5.25442,896.628,0.53448,1.20931,0.441971041,27.71067367,-7.772598244,4.905314211
4.9355,5.40311,966.824,0.54358,1.1935,0.455450356,27.49718588,-7.311475216,5.428046785
4.88245,5.24171,873.584,0.53678,1.21123,0.44316934,27.82623913,-7.828781335,4.914836984
4.95925,5.42751,922.896,0.54634,1.17969,0.463121668,26.96205965,-7.376427207,5.467841048
4.69215,5.21289,678.287,0.48598,1.27198,0.382065756,25.2277217,-8.60681264,4.720317637
4.01855,4.61836,416.581,0.44516,1.37212,0.324432265,27.79043778,-8.663805096,4.038621751
5.49511,6.10412,919.561,0.51716,1.18923,0.434869622,22.2470596,-8.611509838,5.107644174
5.42401,6.09975,919.926,0.5164,1.18953,0.434121039,22.04939687,-8.643955665,5.077337753
5.47386,6.14785,931.39,0.52082,1.1794,0.441597422,22.11488714,-8.579586677,5.11044302
9.44256,10.30257,981.807,0.58932,1.08662,0.542342309,18.44178484,-8.316664803,6.062916221
10.04078,10.44279,986.401,0.59344,1.07967,0.54964943,18.08864092,-8.296409905,6.022879631
3.72974,5.95531,1193.66,0.58168,1.11029,0.523899161,21.18611094,-8.531531865,5.309123824
7.39459,7.6174,2575.84,0.68964,0.871398,0.791417928,21.30038757,-8.34901683,5.758590492
4.2806,6.36296,1326.63,0.60576,1.20693,0.501901519,41.45009836,-7.385406587,5.378100746
6.74493,12.05622,3576.51,0.78288,0.618537,1.265696312,19.57219763,-8.562822448,5.72093172
7.01697,8.19723,1100.36,0.61842,1.37403,0.450077509,26.08877045,-8.570088195,5.759431554
3.67608,4.72309,229.898,0.4135,1.52978,0.270300305,28.54590704,-8.135550446,4.620827186
4.29241,4.96705,308.607,0.41458,1.47907,0.280297755,27.77282283,-8.069966984,4.130068027
4.26488,4.95272,316.35,0.42548,1.45304,0.292820569,27.36312343,-8.189980517,4.095575112
5.20447,5.51433,500.088,0.44822,1.39065,0.322309711,22.17312273,-8.157555895,5.116467989
3.90767,5.34449,659.675,0.47608,1.19766,0.397508475,29.29979535,-7.599697977,4.835024963
4.69426,5.32382,317.386,0.4246,1.65668,0.256295724,25.57604317,-7.658708309,4.940271349
4.51055,5.18677,338.329,0.42572,1.52314,0.279501556,25.96022445,-7.895414697,4.743632448
5.19927,10.24604,2927.81,0.723,0.774705,0.933258466,16.78224372,-8.409100682,5.910989652
4.24517,5.44824,1365.14,0.62774,1.10783,0.566639286,21.07968709,-8.590328625,5.546262558
3.98212,5.38373,1169.79,0.60824,1.15006,0.528876754,22.17953705,-8.616000242,5.424146377
4.49786,5.94944,1679.34,0.64166,1.06091,0.60482039,19.36528402,-8.529519971,5.660333947
4.1915,5.76423,1444.82,0.62674,1.09839,0.570598785,20.10870366,-8.569142151,5.587402879
4.42912,5.58853,1453.05,0.62874,1.09003,0.576809813,20.45588784,-8.565713435,5.585874406
4.25931,7.74379,1930.06,0.67216,0.9596,0.700458524,16.32554447,-8.680988879,5.693246638
5.2032,6.77313,1701.91,0.65054,1.14435,0.568479923,18.39263317,-8.010822838,6.107841497
4.14354,5.32617,1702.56,0.67174,1.10004,0.610650522,32.0822985,-8.382745392,4.914280758
4.15643,5.36278,1736.17,0.67378,1.09674,0.614347977,31.86221904,-8.426975551,4.884861113
7.97271,18.51843,3994.77,0.80888,0.531149,1.522887175,11.59976669,-8.544565421,5.636201383
7.96401,18.83938,4063.31,0.80806,0.527426,1.532082226,11.73514246,-8.53245628,5.590221335
4.32368,5.82132,1064.91,0.56054,1.24497,0.450243781,25.42818995,-7.37810799,5.748497927
4.13773,5.34824,563.617,0.4917,1.34089,0.366696746,31.04450122,-7.910998595,3.94832614
4.14932,5.34764,577.376,0.49112,1.34276,0.365754118,31.14876179,-7.914246514,3.980008446
6.89727,8.49976,1056.16,0.57166,1.31953,0.433230014,20.75636302,-8.767272483,5.61978413
4.83873,5.08726,624.944,0.46016,1.27292,0.361499544,27.17038954,-7.417774072,5.472571223
5.15007,7.43512,2357.33,0.67048,0.84804,0.790623084,17.23168123,-8.566206014,5.74313392
16.76415,16.84369,1930.1,0.75648,0.692416,1.092522414,21.70054358,-8.51284888,5.621743013
16.82951,16.91027,1944.02,0.75698,0.672455,1.125696143,18.05678037,-8.100607204,6.052378216
16.82254,16.90358,1941.99,0.75824,0.671459,1.129242441,18.70917129,-8.39773318,5.760570636
16.81333,16.8944,1939.29,0.75818,0.672143,1.128004011,18.87828419,-8.167122923,6.072775589
16.84467,16.92569,1942.31,0.75908,0.669653,1.133542297,18.83228954,-8.587431371,5.640680763
5.59961,14.89833,2197.65,0.6694,0.684242,0.978308844,28.16355256,-8.696749558,5.360944097
4.30891,5.59771,1136.47,0.55448,1.06696,0.519682087,37.95794758,-7.952652664,4.697106114
4.73878,9.63659,1926.46,0.64786,0.905495,0.715476066,22.05685678,-8.406680641,5.594854167
4.63709,9.00352,1350.84,0.6343,0.93614,0.677569594,23.91172203,-8.542403687,5.50738742
8.5918,11.35798,2735.31,0.72182,0.674777,1.069716366,28.87766643,-8.075934684,5.461426516
7.72647,8.91518,1155.3,0.55596,1.0088,0.55111023,22.94781759,-8.683323741,5.71650879
4.25525,7.03566,1389.12,0.5956,1.12855,0.527756856,21.84810078,-7.754475041,5.782200434
7.53558,9.31006,4330.66,0.7641,0.580679,1.315873314,14.74874705,-8.372363666,5.868579714
3.81259,6.20608,631.842,0.53298,1.48643,0.358563807,28.34171335,-8.727930596,5.035135628
3.77069,6.16395,645.05,0.53498,1.46962,0.364026075,27.20399627,-8.738542905,5.005220688
4.88112,7.54049,1255.76,0.59464,1.17286,0.506999983,22.14845834,-8.366610663,5.724322034
3.91181,6.25491,723.011,0.54414,1.39707,0.389486568,28.79466765,-8.62129257,5.108971288
4.54894,8.97967,1012.28,0.61512,1.40065,0.439167529,21.53840671,-9.143310717,5.310524932
5.16476,6.25712,1204.77,0.56588,1.06941,0.529151588,23.98070774,-8.015897073,5.625250967
5.90628,7.14471,2029.65,0.64238,0.87799,0.731648424,20.48516305,-8.420224075,5.83494997
6.64351,8.52239,2997.89,0.70128,0.716016,0.979419454,16.44164467,-8.457931215,5.888947559
9.04853,12.50004,3196.15,0.76914,0.6224,1.235764781,14.53729887,-8.350356675,5.828106452
3.80425,4.17698,119.352,0.3985,1.75068,0.227625837,27.36719963,-8.449465727,4.739982276
6.5651,8.76979,1949.75,0.72074,1.23234,0.584854829,21.25956544,-8.556392309,5.951046136
6.72598,9.46149,1886.94,0.72764,1.3222,0.550325216,20.20129267,-8.702138448,5.874002491
5.40047,5.70954,1455.03,0.6172,0.993165,0.621447594,21.2711744,-8.199227592,5.447223867
6.14293,6.51956,1175.52,0.62042,1.25239,0.495388817,21.45851728,-7.407334493,6.076722235
11.50288,12.58218,3197.52,0.75846,0.603307,1.257170893,15.18885239,-8.413703292,5.766788811
3.93087,5.33307,1132.67,0.60896,1.15662,0.526499628,22.59888275,-8.549119685,5.418986318
5.08903,7.68734,1366.39,0.56048,1.09108,0.513692855,20.84940952,-7.952113134,5.879358761
4.52002,13.35543,1960.77,0.69226,0.978068,0.707783099,18.20284898,-8.52095004,5.795286081
4.52582,13.6466,1943.27,0.6941,0.969419,0.71599587,22.16463928,-8.50353084,5.686800625
4.33422,5.77585,1426.67,0.61016,1.19211,0.511831962,21.44394903,-8.479293095,5.586969672
8.11803,12.26016,1739.43,0.6458,0.845073,0.764194336,25.96076288,-8.521989789,5.14698861
7.20564,13.36085,3517.67,0.80198,0.61631,1.301260729,10.82729164,-8.886960894,5.391878236
3.66569,4.95338,615.084,0.53848,1.21757,0.44225794,26.65538737,-8.636661203,4.814858031
3.68023,5.07328,659.075,0.5447,1.21005,0.450146688,26.24781692,-8.627157297,4.910232737
3.81053,4.41097,823.104,0.56806,1.23944,0.458319886,25.17719715,-7.729796961,5.103937273
4.86322,7.46107,857.469,0.53892,1.31027,0.41130454,17.96905941,-8.850133321,5.454994154
4.65771,6.51326,1287.52,0.64626,1.72938,0.373694619,38.75234629,-7.836968225,5.199733854
7.78405,8.80758,3007.7,0.7064,0.713822,0.98960245,16.69122299,-8.509525783,5.77095961
7.9588,15.10806,3733.68,0.8119,0.589231,1.377897633,10.41242866,-8.886965084,5.346693489
7.9644,15.09714,3732.07,0.8123,0.589873,1.377076082,10.3757536,-8.928013759,5.346199217
7.96701,15.09349,3729.23,0.81226,0.590379,1.37582807,10.43017675,-8.882546182,5.346534598
7.95718,15.08596,3726.04,0.81206,0.591119,1.37376738,10.43753922,-8.91767519,5.331121945
7.96677,15.08284,3722.2,0.81234,0.591387,1.373618291,10.44623775,-8.881113334,5.358764077
7.96595,15.0609,3719.16,0.81248,0.59208,1.372246994,10.47208951,-8.876825337,5.371509257
7.96658,15.05711,3720.94,0.81252,0.592451,1.371455192,10.48048417,-8.898386758,5.338199173
7.9668,15.06038,3720.32,0.81244,0.592912,1.370253933,10.4925231,-8.880889482,5.373869634
7.96703,15.0563,3717.05,0.8128,0.593319,1.369920734,10.50678183,-8.870897294,5.367789042
7.9598,15.04191,3715.38,0.81252,0.593843,1.368240427,10.49870595,-8.885803331,5.354837205
7.97451,15.04391,3710.62,0.8128,0.594416,1.367392533,10.52775256,-8.921598715,5.373521537
7.97184,15.03142,3711.51,0.81292,0.59483,1.36664257,10.52386327,-8.870672203,5.376902332
7.96935,15.01657,3707.4,0.81264,0.595342,1.364996926,10.5350051,-8.858940106,5.368971104
7.96738,15.02896,3710.21,0.8128,0.595661,1.364534526,10.54862962,-8.895900534,5.372635642
7.97064,15.01042,3702.77,0.81282,0.596285,1.363140109,10.56013211,-8.870522903,5.38270451
7.97129,15.00796,3704.87,0.81292,0.596423,1.362992373,10.56082478,-8.881728099,5.362687839
7.97632,15.0088,3696.74,0.81288,0.597424,1.360641688,10.58848776,-8.87360528,5.403261357
7.97705,15.00013,3695.84,0.81298,0.597792,1.359971361,10.5911399,-8.873076886,5.408243908
7.97713,14.99731,3685.48,0.81244,0.598677,1.357058982,10.61373524,-8.881764279,5.385985653
7.96906,14.99836,3688.78,0.81264,0.598642,1.357472413,10.60678399,-8.886834625,5.380324189
4.9389,5.99664,1343.51,0.59356,1.0207,0.581522485,22.9078602,-8.225864132,5.56314905
4.93271,5.99775,1299.56,0.59376,1.0207,0.581718429,22.89332676,-8.273766511,5.572820264
5.88092,6.70296,699.937,0.508,1.13456,0.44775067,30.6642285,-9.085515377,5.111725192
6.39591,7.14805,816.546,0.5268,1.06573,0.494309065,29.57826521,-9.153183485,5.169377985
5.74769,6.3068,325.51,0.47432,1.44498,0.328253678,51.13728405,-9.811322813,5.107526177
5.76844,6.21252,311.775,0.46652,1.49343,0.312381565,44.69291447,-9.025552659,4.836618346
4.92206,5.77868,450.432,0.44054,1.33529,0.329920841,41.7979728,-8.93587694,4.295223284
3.78569,5.26092,429.262,0.4401,1.36197,0.323134871,38.99443251,-8.628216968,4.573763596
4.10839,5.75215,381.453,0.46882,1.40367,0.333995882,29.82304528,-8.264625371,4.979917118
6.55932,6.80526,761.982,0.4989,1.25428,0.397758076,20.74821613,-8.656004295,5.338701393
6.16155,6.57786,699.718,0.4753,1.31122,0.362486844,21.97513364,-8.549916823,5.204916763
5.84627,6.33392,643.917,0.4538,1.36545,0.332344648,23.03799876,-8.394195587,5.03028263
5.51061,6.12857,581.507,0.42362,1.44911,0.292331155,24.53713945,-8.353586652,4.594872677
5.36819,6.06597,565.769,0.41006,1.49008,0.275193278,25.03997697,-8.219201623,4.52621827
9.75442,11.1144,1198.49,0.6065,0.986032,0.615091599,24.92251869,-7.660282903,5.942523721
10.81199,11.16343,1207.56,0.61772,0.974993,0.633563523,24.43381718,-7.658425592,5.93378316
4.28533,4.71676,490.81,0.49148,1.30405,0.376887389,31.24591687,-6.128388556,6.051449566
6.55778,6.89591,1456.1,0.60374,1.0419,0.579460601,19.84481373,-7.326238247,6.36954566
4.19114,6.49396,1300.84,0.6386,1.29248,0.494088883,18.10383574,-8.723631313,5.722983762
4.97088,6.11636,1749.73,0.64934,1.14225,0.568474502,18.33421468,-8.092625225,6.088412725
5.04442,8.81867,931.976,0.55066,1.25296,0.439487294,27.18357052,-8.648182949,5.518175337
5.33808,6.56785,1901.46,0.66442,1.09158,0.60867733,16.91722121,-8.298754874,6.00628606
5.36,7.39,519.307,0.54734,1.56979,0.348670841,26.61552402,-8.910217286,5.232013505
6.44619,12.4058,3466.74,0.76078,0.643237,1.18273669,18.17319318,-8.513425224,5.793072732
6.38821,10.49302,3032.56,0.7415,0.743714,0.997023049,19.5189592,-8.415028249,5.898197062
5.00942,6.97459,1868.84,0.62372,0.914112,0.682323391,30.41140038,-8.141756458,5.738490313
9.81049,13.18784,4606.36,0.80924,0.452893,1.786823819,13.62114413,-8.41244032,5.745361129
4.13382,6.66105,568.967,0.53772,1.61442,0.333073178,23.42004266,-8.797226472,5.223635987
3.89777,6.45765,525.444,0.54148,1.36487,0.396726428,24.71957335,-8.283307724,5.110008442
4.51564,5.66644,2275.65,0.67634,0.981281,0.689241919,17.51177954,-8.885883044,5.529340827
4.05435,4.73204,319.964,0.4277,1.35155,0.316451482,27.68026891,-8.465608154,4.299141698
4.8264,5.98746,685.982,0.53052,1.48355,0.357601699,32.3160981,-8.61529222,5.166529529
3.68211,7.18996,1129.61,0.56404,1.08458,0.520053846,26.76787754,-8.051158819,5.478429959
9.20377,14.80939,1800.7,0.70398,0.851944,0.826321918,14.30123838,-8.944370537,5.385064652
4.07958,6.88524,1285.3,0.62358,1.18758,0.525084626,20.23785162,-8.418612515,5.782229088
3.85656,5.0132,493.998,0.48186,1.33687,0.360438936,22.56380227,-8.622203113,5.057671193
5.61485,6.87631,2115.17,0.63956,0.939106,0.681030682,20.38380004,-8.588540378,5.764494541
4.90421,6.77584,1010.01,0.56156,0.994946,0.564412541,22.00785254,-8.521387648,5.212262463
4.88256,6.98839,1580.21,0.61206,0.920367,0.665017325,22.40464019,-8.617500797,5.374553556
3.78554,5.24035,175.705,0.45708,1.49263,0.306224583,28.41367371,-8.979590266,4.463322857
4.58005,5.20828,834.689,0.52362,1.11938,0.467776805,25.17416623,-8.027096901,5.122476987
4.16361,5.04646,673.074,0.50424,1.19416,0.422254974,27.25231777,-7.92387492,4.930551433
11.95813,12.29446,2060.41,0.68504,0.744524,0.920104657,21.31984457,-9.399648941,4.946633682
8.44595,9.12886,1014.72,0.56214,1.00188,0.56108516,24.27340448,-8.576141214,5.719656165
7.36383,7.68803,1876.75,0.62688,0.950247,0.659702162,20.27793156,-8.259125921,5.893999738
3.97712,7.7972,937.557,0.58572,1.1623,0.503931859,29.26989453,-8.548369591,5.385250184
8.31199,10.7008,2986.32,0.7021,0.628411,1.117262429,23.85138573,-8.688009307,5.547949114
6.63386,18.89368,3744.38,0.79456,0.562193,1.413322471,15.51037438,-8.524424828,5.696455453
5.88693,6.89695,856.577,0.55542,1.44086,0.385478117,21.65327045,-7.97991431,5.778950293
3.96893,6.00569,202.584,0.52692,1.13245,0.465292066,25.36712462,-9.908098417,3.879024526
4.39477,7.09727,2140.05,0.63992,0.950443,0.673286036,18.89666274,-8.365472434,5.975643132
5.12372,5.82935,1462.81,0.63114,1.29204,0.488483329,19.2018442,-8.409419269,5.859460226
5.98915,7.03715,811.644,0.53062,1.28044,0.414404423,17.94758234,-8.836564702,5.381736105
4.12111,5.93329,186.078,0.4259,1.25624,0.339027574,19.52918238,-9.007557824,4.943344192
4.2661,5.88079,222.041,0.44004,1.27291,0.345696082,29.87431703,-8.630191326,3.884413163
12.65122,13.44844,2394.71,0.76104,0.869875,0.874884322,16.33288309,-8.847381758,5.57728564
13.34985,14.169,2503.1,0.77684,0.845802,0.918465551,15.88527218,-8.876231083,5.498125897
6.76783,8.36355,1063.58,0.56354,1.33052,0.423548688,21.45138492,-8.692655176,5.612765582
5.00492,7.33223,1791.86,0.61622,0.937356,0.65740231,22.17221958,-8.334044882,5.72889181
6.43303,7.42883,2114.3,0.64898,0.851362,0.762284434,20.24121535,-8.392737188,5.865972951
5.26029,6.10574,907.586,0.5277,1.19181,0.442771918,21.84648797,-8.632056544,5.403495443
6.72764,7.7279,2730.5,0.7229,0.803714,0.899449307,14.99622735,-8.072223812,6.200292914
5.68293,7.16636,2617.08,0.69684,0.873364,0.79788038,17.11308873,-7.995838607,6.196226365
3.76823,4.60111,803.49,0.58206,1.18753,0.490143407,34.63916285,-7.73357749,5.32793161
5.2237,7.24055,570.926,0.48462,1.12426,0.431056873,20.34101411,-9.130648157,5.217304853
5.1578,5.66812,807.237,0.5395,1.35058,0.399458011,21.31802188,-8.034915287,5.548896322
3.649,5.86676,747.12,0.51036,1.07695,0.473893867,25.84882705,-8.130291543,5.351523552
3.70267,8.28155,1568.68,0.6411,0.907108,0.706751567,23.4331845,-8.878807728,5.511775392
3.76296,4.81469,161.258,0.43332,1.36731,0.316914233,28.57337242,-7.805092477,5.202334709
7.67137,8.4023,1269.75,0.59786,1.09338,0.546799832,19.89449746,-8.501514733,5.909872767
4.17251,6.53947,360.568,0.46198,1.42791,0.323535797,32.39601474,-8.379026865,4.798923959
9.57746,15.66484,1739.47,0.73392,0.72296,1.015159898,19.48721786,-8.408929433,5.642793205
3.84006,4.32673,1152.08,0.5859,1.1945,0.490498116,24.76412452,-7.836064565,5.7974723
4.92678,6.29282,1608.3,0.60312,1.05196,0.573329784,20.51199223,-8.132430791,5.89132157
6.07222,6.23863,1178.37,0.53452,1.11938,0.477514338,22.87954423,-7.164142919,5.932980077
6.06718,6.23732,1176.05,0.5353,1.12213,0.477039202,22.96824805,-7.168338882,5.890010536
4.06197,5.74941,588.733,0.49136,1.46194,0.336101345,43.29340427,-7.769963581,4.961669775
3.99796,4.52715,364.836,0.45408,1.63451,0.277808028,40.51151424,-6.916710432,4.107623419
4.70268,5.01289,547.821,0.47896,1.56754,0.305548822,30.27208788,-6.414907771,5.775053695
8.31604,10.41333,5242.19,0.82044,0.437831,1.873873709,11.88250637,-8.376272249,5.719878516
4.18445,4.53887,261.63,0.3603,1.74664,0.206281775,33.03663562,-7.460216221,3.74289922
4.1748,8.21773,1243.33,0.63422,1.2028,0.527286332,17.06047889,-9.027885768,5.466174178
4.10631,6.32737,710.499,0.4954,1.16822,0.424063961,29.02970727,-9.07325399,4.994617177
5.78841,7.52321,681.896,0.49768,1.16388,0.42760422,18.39491449,-8.404380099,5.738936253
3.87482,5.2589,849.63,0.5277,1.10135,0.479139238,28.22135351,-8.487701836,4.964733007
11.45257,12.52913,3472.5,0.77288,0.578749,1.335432113,14.27488058,-8.546756784,5.64882621
4.16757,7.40421,321.566,0.50512,1.17134,0.431232605,28.58602718,-9.421923363,3.967210703
4.33133,5.94588,1408.15,0.5951,1.22585,0.485459069,37.9034612,-7.32524998,5.361508468
4.01579,5.07535,1014.46,0.6212,1.15907,0.535946923,23.37095331,-7.854996854,5.842439746
4.75767,5.54429,1518.35,0.63618,1.04137,0.610906786,18.64755136,-8.146435651,5.80613697
4.10902,5.15523,508.14,0.53648,1.47553,0.36358461,25.53398901,-9.105339463,3.844062577
4.18602,8.84631,1706.18,0.70336,1.16199,0.605306414,32.81754932,-8.198291807,5.306832679
4.15241,8.86151,2272.72,0.7026,0.875522,0.802492684,22.31433314,-8.608110648,5.654875212
4.32605,9.01357,2021.65,0.7095,1.00423,0.706511457,41.87187658,-7.878999278,5.418558428
4.19423,8.82176,1851.46,0.70298,1.0822,0.64958418,31.74756598,-8.291074818,5.447080268
4.22407,8.85655,1858.54,0.70442,1.08196,0.651059189,43.544578,-7.424098735,5.372160499
3.85164,4.48006,403.303,0.48398,1.14611,0.422280584,26.30004667,-8.711103734,4.736481846
4.41446,7.10434,2627.19,0.6595,0.83655,0.788356942,21.97936592,-8.387075679,5.743504085
4.94837,7.12232,2718.62,0.6713,0.851796,0.788099498,21.18722149,-8.293619004,5.856757218
4.98216,13.45228,2293.51,0.69998,0.776126,0.901889642,21.66521904,-8.663501311,5.587853209
3.93626,6.53453,925.52,0.57176,1.34798,0.424160596,22.07506476,-8.305245926,5.619675398
6.68911,7.56745,1388.82,0.60116,1.07613,0.558631392,31.05324972,-8.543511023,5.494120812
5.75072,7.96067,3754.58,0.70468,0.695846,1.012695338,17.53332157,-8.166709144,6.08432928
10.97665,11.35149,1225.51,0.6367,1.17524,0.541761683,23.09532182,-8.175866903,6.059959352
10.64646,11.39615,1263.84,0.6358,1.17113,0.542894469,22.98305299,-8.274077945,5.97942104
3.742,4.05904,181.778,0.47156,1.16225,0.405730265,33.31595146,-6.995596376,5.663886793
3.9227,5.87047,1170.69,0.57814,0.947947,0.609886418,26.20448445,-8.166314938,5.228968747
5.59872,9.09863,4362.91,0.74034,0.664973,1.113338436,15.07342774,-8.207999136,6.000381282
5.28522,5.86925,622.29,0.51114,1.2305,0.415392117,24.86785717,-8.665857621,5.069934493
3.68572,4.76031,354.764,0.45654,1.39756,0.326669338,23.58068808,-8.572391783,5.12177439
3.68963,4.77771,379.87,0.45802,1.39173,0.329101191,23.43404337,-8.582886482,5.029801701
3.66745,4.73834,363.051,0.45454,1.4026,0.324069585,23.58330891,-8.638981739,5.092129012
3.73557,4.79273,396.633,0.46078,1.38784,0.332012336,23.32741615,-8.57202353,5.13351388
7.0244,7.6924,2764.13,0.71946,0.745846,0.964622724,25.07561179,-8.442219191,5.426840497
3.69619,7.5494,669.858,0.53312,1.15884,0.460046253,26.27814201,-8.951687734,5.277988838
6.52553,15.82314,4632.88,0.81398,0.498918,1.631490546,12.63779925,-8.526740876,5.663586524
7.59757,9.49894,663.183,0.5598,1.33539,0.419203379,29.4809719,-8.189293265,5.775736656
4.61131,6.91043,1017.19,0.60786,1.03281,0.588549685,26.39191207,-8.120515059,5.645531201
9.32321,11.60468,4172.94,0.78064,0.548188,1.424037009,20.17185838,-8.299332588,5.780654998
5.05928,6.01321,969.458,0.52152,1.13873,0.457983894,21.33496343,-8.048121126,5.554566213
5.99671,8.21752,2560.23,0.6714,0.756185,0.887877966,15.85445413,-8.548656878,5.744553928
3.70069,5.99531,740.462,0.53726,1.19863,0.448228394,24.79804497,-8.722522034,4.831446576
3.65345,4.69947,940.202,0.60894,1.09447,0.556378887,23.81232746,-8.191958238,5.674988065
4.51456,4.9876,1231.58,0.56248,1.17458,0.478877556,26.74076104,-7.221504444,5.600665194
3.76667,4.71483,918.924,0.59648,1.33401,0.44713308,22.89334414,-8.065274089,5.812723075
4.61701,5.92864,1579.5,0.59556,0.974569,0.611100907,21.79748716,-8.186277998,5.620082351
3.67388,5.00548,208.791,0.41902,1.3823,0.30313246,29.51457338,-8.265387725,4.362074993
4.77821,7.34019,931.923,0.53066,1.20148,0.441671938,18.08258907,-8.518733789,5.666857795
3.81829,4.68942,534.254,0.51702,1.2394,0.417153461,27.30995426,-7.675840616,5.662118049
3.7344,4.50943,265.048,0.52148,1.24034,0.420433107,27.88504647,-7.970325131,5.505064538
3.98304,5.81645,565.926,0.52228,1.24255,0.420329162,27.79961588,-7.609851722,5.450387771
4.53855,5.41485,1150.94,0.5581,1.12052,0.498072324,25.72018321,-7.963420892,5.674329373
4.29457,4.82648,456.358,0.50178,1.65303,0.30355166,28.81889032,-6.963979791,5.695388945
3.9894,4.88877,299.281,0.47486,1.93052,0.245975178,28.15307324,-7.319630226,5.263928603
5.46518,12.53445,1289.47,0.56904,1.01277,0.561864984,21.79157846,-8.776788755,5.41451644
5.76203,12.25139,1189.1,0.57394,1.08035,0.53125376,20.40877827,-9.003153906,5.419011284
3.92618,6.24498,1022.49,0.55392,1.0314,0.537056428,25.38649797,-7.825668137,5.615048689
7.09602,8.07265,2422.23,0.68164,0.782971,0.870581414,19.83571979,-8.596163531,5.752364365
5.93133,6.98127,890.635,0.52726,1.4203,0.37123143,20.05868086,-7.904510811,5.977889215
5.78544,6.94552,898.23,0.52968,1.42342,0.372117857,20.12020907,-7.951042098,5.956156456
5.86962,6.83817,889.508,0.5302,1.42399,0.372334075,20.33284111,-7.931940975,5.928946959
3.79614,4.80581,298.265,0.44936,1.56913,0.286375253,30.43827144,-7.225318075,5.263292054
5.56467,6.36623,842.592,0.51528,1.45681,0.353704327,21.49727858,-8.228761606,5.523104825
5.69528,6.30801,800.709,0.5157,1.46389,0.352280568,20.7203523,-8.221732705,5.557693204
5.73709,6.35462,806.051,0.5193,1.45754,0.356285248,20.70066519,-8.259382384,5.550326484
7.94511,15.05129,3807.69,0.80684,0.572296,1.409829878,14.18063054,-8.808132745,5.384610261
3.89562,4.95109,346.743,0.45784,1.53728,0.297824729,29.52889521,-7.232267861,5.386228142
10.66951,12.40074,261.375,0.5033,2.29878,0.218942222,13.0440998,-9.560684809,5.348730592
4.06012,4.68454,1720.08,0.61792,1.064,0.58075188,34.45945129,-7.225346349,4.736789631
4.09054,4.66904,1961.83,0.62058,0.942406,0.658505994,25.30859068,-7.391989788,5.384671916
14.88459,27.51057,5109.54,0.8912,0.279595,3.187467587,9.980712335,-8.509292371,5.433558203
17.55175,32.00355,5397.23,0.91408,0.223433,4.091069806,8.949393294,-8.404243504,5.428329937
5.18074,6.21117,657.788,0.52526,1.9388,0.270920157,46.0134136,-8.389804336,4.712040431
3.65701,4.90975,457.534,0.52042,1.37616,0.378168236,29.93561917,-8.292382822,4.894362119
7.36423,14.03164,3398.26,0.76644,0.622681,1.230871024,19.02149571,-8.340244436,5.853735088
4.64365,7.4378,1852.85,0.66194,1.2326,0.537027422,34.96854182,-7.638344779,5.787529995
4.62821,7.45855,1867.84,0.66254,1.23037,0.538488422,38.14044056,-7.421671858,5.64927473
4.63983,7.44488,1886.24,0.66764,1.22204,0.546332362,36.83016097,-7.577949268,5.747112637
3.80136,15.21973,1606.47,0.65618,0.83569,0.785195467,24.34097202,-8.359471733,5.096830378
9.24875,10.42385,2687.06,0.69516,0.730648,0.951429416,19.95331424,-8.335084165,5.849427999
3.65018,4.7247,274.092,0.4387,1.7748,0.247182781,22.2111232,-8.926175395,5.200464342
3.68765,4.75768,286.74,0.44254,1.76453,0.250797663,22.15488168,-8.957879726,5.140531991
3.7527,4.7992,316.877,0.44946,1.74298,0.257868708,21.95407451,-8.871355159,5.220546705
3.66332,4.82471,277.785,0.44054,1.76393,0.24974914,22.14917956,-9.012394333,5.101034856
3.68372,4.87963,301.693,0.4485,1.74048,0.257687534,21.72787028,-8.997346582,5.088175211
3.78432,5.01891,366.119,0.46202,1.70287,0.271318421,21.29430434,-9.066554856,5.032405189
3.88968,5.25122,427.922,0.47178,1.66955,0.282579138,20.78024201,-9.01007081,4.99209332
3.89271,5.30133,446.593,0.476,1.65496,0.287620245,20.54383736,-9.039192886,5.017269207
3.95166,5.38184,478.924,0.48374,1.6285,0.297046362,20.18776308,-9.072765833,5.002693172
7.14498,7.96983,1337.17,0.60668,0.958363,0.633037795,42.45527251,-7.908137963,5.372422835
4.01238,5.92635,750.252,0.4782,1.28472,0.372221184,25.6684688,-8.285616386,5.219725207
3.64095,5.67053,379.124,0.48736,1.23721,0.393918575,25.73840275,-8.290710377,5.056303698
3.65469,5.63975,759.539,0.48762,1.24991,0.390124089,25.72774707,-8.452356345,4.892252059
4.27315,5.94413,769.972,0.49676,1.24613,0.398642196,44.54514254,-8.775996945,4.829140864
3.68194,4.72463,282.462,0.446,1.75151,0.254637427,22.11293567,-8.959158309,5.228880298
3.64376,4.9018,308.948,0.45178,1.7317,0.260888145,21.70985121,-9.083594654,5.004369758
3.68791,4.94759,335.596,0.45796,1.71164,0.267556262,21.50549411,-9.112892876,4.894431692
3.78234,5.06856,397.336,0.47074,1.67303,0.28136973,20.90921738,-9.039224355,5.000270903
3.68928,4.67382,276.66,0.44136,1.76633,0.249874033,22.38683144,-8.878667903,5.214800756
3.70763,4.82301,314.426,0.45,1.74152,0.258394965,22.02478202,-9.027513833,5.036678184
3.71164,4.86464,329.261,0.45366,1.72603,0.262834366,21.72361776,-9.040704885,5.06030407
3.78699,4.94738,370.014,0.46328,1.70037,0.272458347,21.42206881,-8.966924095,5.047777472
5.25211,5.8871,3067.58,0.68744,0.735505,0.934650342,21.95898719,-8.078379224,5.903509502
7.47639,9.48433,4481.6,0.76522,0.558554,1.370001826,17.90746726,-8.466406562,5.714501936
4.4136,4.79937,922.745,0.56152,1.0571,0.531189102,25.16566713,-7.921730608,5.380227078
6.01154,10.63837,1715.22,0.6658,1.05177,0.633028134,15.14771111,-8.947717174,5.525306618
6.40748,11.85606,2432.39,0.70664,0.818223,0.863627642,23.12538357,-8.637556419,5.724557893
5.58563,10.22437,848.979,0.58042,1.32883,0.436790259,26.62394796,-8.128513088,5.912715226
3.91942,5.69424,702.206,0.52968,1.32791,0.398882454,26.08747853,-8.820447754,4.93427726
4.46882,5.86863,814.822,0.5147,1.13108,0.455051809,27.64320672,-8.555807019,4.781197422
4.85174,9.1257,1754.48,0.65068,0.956862,0.680014464,18.81715975,-8.542624871,5.74491777
7.78516,8.39896,1416.38,0.6729,1.2112,0.555564729,21.53616639,-8.804615392,5.642025142
7.63206,8.3208,1398.14,0.6715,1.20763,0.556047796,21.42283133,-8.784824871,5.666763821
7.68868,8.38921,1449.74,0.6767,1.19762,0.565037324,21.01831014,-8.724345668,5.65781889
7.77175,8.52507,1515.24,0.67936,1.1812,0.575143921,20.95552724,-8.714579766,5.666799999
5.11208,5.28259,1073.07,0.53488,1.1717,0.456499104,27.14804879,-8.026771719,5.497951769
5.01808,5.62673,1063.86,0.54826,1.04593,0.524184219,25.69430148,-7.117394643,5.67617832
6.79716,8.11946,2907.11,0.69544,0.764763,0.909353617,21.34052816,-8.259556704,5.957531322
7.7906,14.86103,3581.77,0.80918,0.603194,1.341492124,9.309442287,-8.912635225,5.303025872
7.99069,14.78223,3534.32,0.81566,0.60575,1.346529096,9.46282766,-8.852485611,5.380251327
7.84915,14.90522,3655.31,0.8114,0.595293,1.363026274,9.181406366,-8.929011431,5.350775282
4.60018,4.94474,269.237,0.38192,1.61734,0.236140824,25.69409294,-7.842635954,4.687731791
4.5825,4.93426,254.43,0.37962,1.61551,0.234984618,25.49564152,-7.85299577,4.706418294
4.21812,4.9219,271.429,0.49422,1.56689,0.315414611,25.75610246,-9.146152407,4.159313022
4.61383,4.9549,428.613,0.53188,1.45912,0.364521081,23.47982174,-8.807233752,4.708657563
4.9317,5.26068,429.037,0.51028,1.52336,0.334970066,24.00809533,-8.256139909,4.747218145
4.54107,5.40858,755.787,0.53782,1.66638,0.322747513,42.25941078,-7.847564256,5.041197948
10.66621,11.48526,1250.72,0.65222,1.19832,0.544278657,25.98865487,-8.264943421,5.671397155
3.71025,4.49218,216.951,0.53798,1.6407,0.327896629,28.96714741,-9.124752439,3.916819451
3.68918,4.90223,341.663,0.45624,1.31657,0.346536834,30.62986463,-8.453928892,3.696457449
4.69936,6.1592,2023.02,0.60826,1.00061,0.607889188,26.22119449,-8.07055203,5.762199818
4.25994,5.57218,1369.5,0.5393,1.06467,0.506541933,24.79116381,-7.948752367,5.680619018
4.39499,5.39399,1586.34,0.55578,1.00245,0.554421667,25.46016225,-7.761681029,5.773691061
5.48184,6.02005,1629.74,0.61018,0.946326,0.644788371,25.18459555,-7.672768455,5.555296024
6.59726,9.36325,1069.71,0.63646,1.43951,0.44213656,20.27446376,-8.486367456,5.994609399
4.77174,6.32793,1528.34,0.60334,1.06743,0.56522676,22.30173011,-8.195910815,5.750234553
3.86536,5.06822,434.706,0.48418,1.18684,0.407957265,27.47482981,-8.443162943,4.724208168
4.45805,6.7664,1603.21,0.63014,1.03972,0.606067018,22.2154745,-7.746185685,5.955780901
4.20041,4.96656,323.064,0.48576,1.49997,0.323846477,32.9215573,-8.576345315,3.483800285
4.21601,4.97799,313.69,0.48068,1.53207,0.313745455,37.35733696,-8.263951747,3.219016462
9.89769,10.10107,1308.1,0.60726,1.02317,0.59350841,25.38305028,-8.453528311,5.262903978
5.78938,6.93743,1149.02,0.54196,1.14165,0.474716419,21.31248356,-7.760384384,5.928467688
5.59501,6.24477,1005.23,0.52626,1.19392,0.440783302,23.43466399,-7.951880116,5.448662226
5.49275,6.20964,955.494,0.5279,1.19566,0.441513474,22.05374907,-8.021361209,5.485392712
5.73918,6.47898,1033.77,0.53274,1.16985,0.455391717,22.01787159,-8.115607123,5.508845597
5.40754,6.29424,986.152,0.5257,1.19809,0.438781728,23.54491459,-7.991600632,5.425632991
5.83765,6.59897,1086.17,0.5368,1.15867,0.463289806,21.65542258,-8.073121735,5.572219912
5.70328,6.32198,1015.15,0.52608,1.18747,0.443025929,21.64339652,-8.079361116,5.548449436
5.65537,6.40452,1034.65,0.53292,1.17792,0.452424613,21.58591343,-8.08203365,5.518632967
8.36752,9.32517,716.851,0.59946,0.982387,0.610207586,26.39764464,-8.716432508,5.209821281
6.30977,7.91316,1470.27,0.64896,1.24187,0.522566774,14.40252012,-8.702663953,5.814595269
3.87698,5.91571,450.292,0.57418,0.866172,0.662893744,25.39751234,-7.879800417,5.433462063
3.93075,5.92167,1162.63,0.58732,0.871868,0.673634082,24.29916668,-7.884151413,5.4830287
4.32228,6.00836,2319.05,0.68348,0.799722,0.85464699,19.19916319,-8.316238666,5.807007777
4.33549,6.01151,2318.12,0.6848,0.794607,0.861809674,19.13377457,-8.411385219,5.741125489
4.25115,4.82032,471.033,0.48978,1.27602,0.383834109,26.17310639,-7.655310427,5.206525795
4.35876,4.99291,499.76,0.4878,1.27773,0.381770797,25.94313842,-7.547772015,5.297723726
6.87272,10.89201,3087.28,0.75016,0.722737,1.037943263,17.7284263,-8.42884216,5.85851547
3.85397,5.84014,651.999,0.5233,1.503,0.348170326,45.0995862,-8.930890154,3.623571115
5.75569,9.16707,2443.85,0.72936,0.884237,0.824846732,12.43129218,-8.774233897,5.657857372
10.6662,12.21539,4621.92,0.82578,0.463781,1.780538659,12.02773258,-8.59716837,5.46512986
3.8636,4.95462,419.322,0.48308,1.17037,0.412758358,29.65323503,-8.108457457,4.534074063
7.73253,8.93677,1534.47,0.61018,0.94358,0.64666483,21.63262388,-8.636295366,5.604711377
7.13769,8.30406,1458.88,0.59606,0.977056,0.610057151,23.23052919,-8.602454656,5.549912165
7.37969,8.44223,1439.64,0.59782,0.972998,0.614410307,22.39831309,-8.599991136,5.638900939
7.09842,8.04827,1440.66,0.59318,0.982079,0.604004362,23.72936675,-8.559981797,5.55269866
7.49178,8.31415,1480.4,0.60074,0.960232,0.625619642,22.06951362,-8.599315679,5.603579798
7.73882,9.08651,1537.62,0.6123,0.939446,0.651767105,21.72429818,-8.627053677,5.581461297
3.83063,4.68867,641.91,0.5329,1.17021,0.455388349,33.87324067,-7.685915843,4.22308898
5.04977,6.94508,1667.7,0.59756,0.848313,0.704409811,22.76079348,-7.857167576,5.72508762
3.64403,6.33711,594.634,0.49224,1.43118,0.343939966,28.08115532,-7.895722794,4.994832628
7.8304,8.65239,3051.99,0.7382,0.77452,0.95310644,14.23100705,-8.503187973,5.834297482
4.35866,8.62654,1105.82,0.5445,1.08466,0.502000627,29.4145197,-8.88604466,5.354814318
4.35938,5.14759,1109.55,0.5593,1.09987,0.508514643,22.84528236,-8.234803953,5.69765925
3.94966,4.69226,345.206,0.4388,1.56841,0.279773784,26.44897498,-8.11951146,5.224956111
4.89061,5.50745,1139.92,0.58316,1.25128,0.466050764,27.42229134,-8.065524052,5.533035097
4.00684,5.70065,564.198,0.51958,1.58378,0.328063241,24.18679022,-8.311533774,5.388199666
3.72145,4.78879,208.68,0.4084,1.33861,0.305092596,28.92224398,-7.271174909,5.122980785
3.7877,5.22769,856.866,0.53256,1.25606,0.423992484,33.19297936,-8.127061611,5.483349183
3.84167,5.32208,733.601,0.52318,1.29298,0.404631162,38.32598699,-8.231863386,5.18298384
14.05,36.15,3194.15,0.84,0.43,1.953488372,32.22321214,-8.623154473,5.327167336
3.65933,5.43724,766.352,0.53672,1.22157,0.439369009,34.10316179,-8.226191191,5.317866807
3.68876,5.19645,490.416,0.48814,1.07382,0.454582705,26.41160709,-8.54002835,4.537779874
4.36229,5.75405,434.125,0.53696,1.52699,0.351646049,34.34245773,-8.864063399,4.868805019
6.84892,8.59093,1576.15,0.64024,1.01269,0.632217164,18.36316428,-8.092719999,5.967975519
4.52515,6.13875,1493.41,0.59662,0.993468,0.600542745,23.06840323,-8.281239176,5.680553439
4.59373,7.22618,1828.79,0.63454,0.965963,0.656898867,20.6916731,-8.456232666,5.799994022
4.84122,7.00262,1423.64,0.6081,1.05423,0.5768191,20.21147313,-8.513919352,5.727786019
7.6444,11.00214,3428.42,0.7599,0.618366,1.228883865,15.27541254,-8.565116344,5.682987552
4.24381,5.23174,113.569,0.43358,1.86723,0.232204924,27.82224561,-8.248333854,4.770271176
5.04848,6.66002,1843.49,0.6398,0.964914,0.663064273,19.24832313,-8.347695595,5.744665051
8.90439,11.42925,2223.6,0.7661,0.968512,0.791007236,14.604819,-8.68889917,5.720978983
9.07717,10.66695,2190.82,0.76578,0.975199,0.785255112,14.46254163,-8.7280999,5.735493519
4.30728,6.57238,1065.49,0.57762,1.26099,0.45806866,26.00573567,-8.326893291,5.272012315
4.17882,5.59305,385.068,0.52662,1.53138,0.343885907,33.52562433,-9.074912729,4.835312575
4.9999,7.18693,382.807,0.43326,1.91678,0.22603533,21.5220458,-8.664914506,5.500533215
5.0904,7.36476,417.439,0.44926,1.82236,0.246526482,20.55271173,-8.648872748,5.531375118
4.20373,6.56154,1298.13,0.62504,1.08955,0.573668028,20.67070458,-8.299271986,5.818959462
3.9125,4.92581,465.067,0.5106,1.40546,0.363297426,25.11160194,-8.38486763,4.93519275
5.21899,5.64492,1481.39,0.6254,1.05864,0.590757954,20.03626379,-8.713493258,5.477250964
3.68155,5.17696,367.182,0.48974,1.45357,0.336922198,26.45194918,-8.804696973,3.994379959
5.95602,6.21326,729.698,0.49766,1.24359,0.400180124,27.72848382,-7.265641505,5.356245613
4.27127,6.49659,1347.59,0.60658,1.11792,0.542596966,19.14502361,-8.280665996,5.735476068
5.43474,10.46212,1605.6,0.62286,0.950984,0.654963701,23.40218369,-8.394547465,5.66674564
8.87116,9.8373,969.875,0.57238,1.07364,0.533120972,31.06247449,-9.0822985,5.244636674
6.24854,7.34237,1596.36,0.61886,0.908904,0.68088599,26.3166827,-8.649075519,5.585508435
5.22989,9.48905,1808.31,0.6674,0.968985,0.688761952,23.34390118,-8.484259425,5.493404584
3.86782,5.37464,1870.73,0.6346,0.948704,0.668912538,22.82763536,-7.936299996,5.876906167
4.8868,5.91842,910.212,0.5532,1.15127,0.480512825,23.0783072,-7.151045477,5.752501712
4.43244,5.22451,689.983,0.52618,1.2284,0.428345816,26.52230018,-7.166001404,5.37916304
4.30122,4.60907,281.671,0.39598,1.97594,0.200400822,27.61542307,-7.990925249,5.217393462
12.87,14.1,2228.79,0.8,0.81,0.987654321,20.81639707,-8.688913733,5.664596817
7.10723,9.16435,1785.58,0.71672,1.34842,0.531525786,21.42123605,-8.648023016,5.900196623
4.22527,7.96797,2299.7,0.67772,0.946948,0.715688718,17.89631002,-8.359781962,5.980846977
9.08154,9.76423,2457.06,0.73812,0.802832,0.91939534,12.8254282,-8.55344976,5.786009708
19.3368,19.79872,1528.3,0.69486,0.704653,0.986102379,41.33815339,-8.760050451,5.348985786
4.20657,5.38643,847.142,0.55426,1.10966,0.499486329,27.43192592,-8.31215852,5.461845869
3.99735,4.64307,462.848,0.46236,1.33375,0.346661668,27.84333812,-7.652540411,5.251118112
5.37715,6.43933,1005.64,0.6692,1.49915,0.446386286,30.3301576,-8.925204343,5.156518674
9.42284,13.86987,3129.13,0.77574,0.653017,1.18793232,17.58979558,-8.666211221,5.664337497
4.08974,4.44244,187.567,0.46672,2.43122,0.191969464,27.43179948,-7.992173143,5.51434953
4.17617,5.14144,544.588,0.4835,1.21667,0.397396172,27.41792676,-7.834399435,5.013510241
4.19464,5.14979,458.406,0.44252,1.33255,0.3320851,28.21154983,-7.765097212,4.841755063
4.21896,5.18004,470.193,0.44602,1.32716,0.336071009,27.93283907,-7.452198719,5.121622739
4.24053,5.18944,475.904,0.45354,1.30519,0.347489638,27.41214374,-7.615207644,5.135816995
4.26413,5.21651,475.679,0.45476,1.30724,0.347877972,27.60745682,-7.552945879,5.125545344
4.21182,5.21198,469.638,0.45516,1.3182,0.34528903,27.83044816,-7.526469182,5.192236713
4.20625,5.17671,465.806,0.45174,1.3234,0.341348043,27.96336427,-7.569627477,5.085621785
4.19232,5.18455,463.163,0.4517,1.32508,0.340885079,28.06010854,-7.508551859,5.153232616
4.2044,5.10253,688.026,0.52112,1.08974,0.478205811,27.30029627,-7.897149183,5.234177586
4.22957,5.18183,462.543,0.44602,1.32225,0.337318964,27.84029916,-8.071900926,4.626395069
4.23494,5.19278,462.454,0.4463,1.31978,0.338162421,27.85463121,-8.014992541,4.680802432
4.1838,5.11048,432.637,0.44202,1.33097,0.332103654,28.15611448,-8.007207394,4.603481106
4.16078,5.12951,497.637,0.48528,1.20914,0.401343103,27.47378428,-8.016762229,5.109633053
4.14989,5.13643,493.337,0.48544,1.20422,0.40311571,27.35915462,-8.000879549,5.112048477
4.11286,5.03837,651.17,0.51576,1.09856,0.469487329,27.44390439,-7.930125094,5.231005698
4.16408,5.11629,496.29,0.48534,1.20453,0.402928943,27.57730001,-8.102746907,5.070207672
4.1448,5.10846,500.794,0.48324,1.20766,0.400145736,27.71115563,-8.055850053,5.035317515
4.15972,5.11945,495.45,0.48482,1.20367,0.402784816,27.52760073,-8.066953517,5.046645295
4.15589,5.06142,410.056,0.44294,1.33775,0.331108204,27.82410297,-7.980362152,4.405458847
4.2274,5.18521,710.574,0.52506,1.07871,0.48674806,26.98838302,-7.887363265,5.312321838
4.14844,5.07705,452.586,0.44634,1.32658,0.336459166,28.27755574,-8.058813999,4.537141065
4.14733,5.07722,507.094,0.4848,1.20629,0.401893409,27.85632018,-8.074967239,5.109705477
4.13768,5.06728,446.329,0.44662,1.32981,0.33585249,28.33041213,-8.010903149,4.531235018
4.15333,5.07375,452.563,0.4458,1.32574,0.336265029,28.11844788,-8.066696214,4.519844786
5.02172,6.11473,933.45,0.52766,1.11848,0.471765253,21.73432546,-8.623349812,5.11967209
8.04507,8.8545,2063.91,0.68774,0.943263,0.729107365,18.85387896,-8.297205581,5.847392778
11.03925,13.60446,3327.56,0.78654,0.644518,1.220353815,19.47385288,-8.454813005,5.601085822
13.19796,24.78598,4947.46,0.87136,0.313235,2.781809185,12.49696354,-8.479196647,5.484594296
6.35591,10.98199,3296.94,0.73154,0.660572,1.107434163,17.59080801,-8.452991272,5.840326246
12.98274,23.06458,4838.56,0.86456,0.330655,2.614689026,12.73719655,-8.47905995,5.492759096
5.7276,6.88265,1611.77,0.62392,1.02354,0.609570706,19.89277303,-8.435401611,5.529236032
5.1746,5.7945,720.338,0.50562,1.16161,0.435275178,26.81797608,-8.31533591,5.083248
3.72101,4.76792,1053.42,0.60996,1.08324,0.563088512,23.52050057,-8.189031072,5.730713359
5.39567,7.38904,1219.07,0.5702,1.09901,0.518830584,19.31540921,-8.223157446,5.800126909
6.73,16.55,2814.27,0.76,0.77,0.987012987,17.76455615,-8.677214469,5.647956367
4.65956,6.41327,1535.34,0.62906,1.12783,0.557761365,20.47954706,-8.430041647,5.740160126
12.10423,18.23146,2275.9,0.74336,0.765487,0.971094218,14.68970601,-9.024402663,5.312979697
12.14323,13.84583,2768.28,0.76258,0.658889,1.157372486,17.58968724,-8.803863103,5.459105525
4.53426,6.95809,806.815,0.50894,1.13212,0.449545985,25.33132857,-8.056125507,5.343267651
4.64204,5.78941,747.823,0.51762,1.32315,0.391202811,23.75444283,-8.209313391,5.163248513
10.88776,11.70127,1638.11,0.6523,0.905898,0.720058991,22.11051032,-7.840101953,6.213708058
5.0291,8.2837,1472.76,0.65304,1.3243,0.493120894,24.38959635,-8.506532916,5.943061392
4.04808,4.60112,422.954,0.4321,1.41467,0.305442259,28.3547199,-7.40055274,5.341915874
3.70955,4.3926,198.682,0.41538,1.4951,0.27782757,32.51400845,-7.53459294,5.028808894
5.49258,8.41938,1657.31,0.64074,1.03412,0.619599273,22.01705686,-8.444752321,5.729809485
4.59988,5.9608,1278.73,0.58256,1.18841,0.490201193,24.4511446,-8.259679649,5.323662797
5.35278,6.22483,182.698,0.41064,1.6905,0.242910382,24.10985924,-7.605576582,5.33456116
4.1602,7.73235,1013.57,0.58146,1.08482,0.535996755,29.75311446,-8.418966189,5.550750314
4.82152,5.11656,283.425,0.42474,1.96915,0.215697128,23.38555172,-8.394783437,5.383975304
8.86311,9.22928,2034.56,0.70346,0.986231,0.713281168,23.33070795,-8.553687437,5.745281824
4.58328,5.6202,524.474,0.50516,1.81543,0.278259145,41.34400983,-7.201733509,5.060733635
4.61311,5.63723,653.391,0.5075,1.46954,0.345346163,40.76202155,-7.458405402,4.7823564
4.88882,6.32359,578.504,0.50292,1.12593,0.446670752,28.17849913,-8.996759087,4.653161716
4.66146,6.0002,357.416,0.48426,1.44047,0.336181941,25.5759237,-9.304660507,4.602157898
6.74608,13.227,2215.11,0.72426,0.868865,0.833570232,24.12013237,-8.575205225,5.830679076
4.42359,8.09828,2607.82,0.6967,0.85933,0.810747908,17.27150491,-8.600082756,5.747024101
5.8597,6.79191,2100.11,0.65406,0.948194,0.689795548,20.57595852,-8.642647917,5.710696506
10.86073,11.63735,1214.12,0.65836,1.22977,0.535352139,16.67221598,-8.290182873,6.178739304
10.98212,11.75163,1234.42,0.65036,1.19791,0.542912239,28.42287474,-8.365394871,5.409993921
11.03917,11.38312,1247.21,0.6341,1.17282,0.540662676,22.79669774,-8.185945346,6.074683069
11.05994,11.42805,1336.09,0.63804,1.09099,0.584826625,23.95907666,-8.346943559,5.943985501
7.7572,11.72853,2286.7,0.6749,0.760878,0.887001596,19.00431745,-8.968242841,5.380166086
7.62995,8.13936,1348.68,0.66956,1.21532,0.550933088,21.47239609,-8.782758876,5.605609574
4.04173,4.60479,130.945,0.43722,1.9832,0.22046188,31.15782237,-8.517363891,4.300945556
4.05137,4.71118,161.24,0.4462,1.96063,0.227579911,30.61785982,-8.150472433,4.669803877
3.90629,4.48519,127.724,0.44026,1.97236,0.223214829,32.32622409,-8.639637986,3.822588011
3.93912,4.45544,113.051,0.43892,1.99203,0.220338047,32.41593237,-8.661292258,3.896770465
9.31362,12.67704,2398.06,0.7234,0.655199,1.104092039,20.78277904,-8.913405228,5.36300832
3.91222,5.67083,563.649,0.49038,1.17083,0.418831086,36.38934565,-8.622631785,4.682070717
4.88116,5.59343,1371.16,0.58004,1.10464,0.525094148,21.26550312,-8.790488258,5.465512005
4.97261,5.7034,1433.79,0.58618,1.0469,0.559919763,40.51104404,-8.938881127,5.259128527
5.54904,8.76686,2604.01,0.67976,0.758956,0.895651395,19.93362159,-7.993710094,5.994964798
7.20377,7.38052,1110.14,0.60582,1.33314,0.454430892,26.50494849,-7.393588025,5.892222302
7.1769,7.28809,1079.81,0.60038,1.35972,0.441546789,26.87069829,-7.327634008,5.859944523
7.09442,7.22049,1102.15,0.608,1.32207,0.459884878,27.80816427,-7.935185542,5.248953573
4.97186,7.04903,1928.15,0.66846,1.01719,0.657163362,13.91128897,-8.951420468,5.517500312
5.10341,5.73499,868.95,0.55314,1.20537,0.458896438,24.31885317,-7.045302045,5.784196219
3.64653,5.44422,281.9,0.54788,1.30852,0.418702045,28.0881153,-8.12177365,4.926508529
3.82437,4.56896,318.261,0.41566,1.42368,0.291961677,34.95323339,-7.649731647,4.194666177
5.38811,5.97222,971.173,0.51938,1.10964,0.468061714,23.7662638,-7.533802968,5.564937771
4.56727,6.25402,4238.89,0.72984,0.748874,0.974583174,16.59907445,-8.170764238,6.098907533
4.35413,5.10968,507.864,0.45478,1.37878,0.329842324,31.12667104,-7.110358217,5.153861144
4.4456,6.19639,2275.6,0.64936,0.86834,0.747817675,20.11138793,-8.106749982,5.817730212
3.74941,4.86145,200.215,0.4876,1.24376,0.392037049,32.1441483,-6.990623488,5.249617947
8.18133,11.98894,2562.18,0.74316,0.771897,0.96277094,14.85854018,-8.649519651,5.691677147
4.29128,6.55703,1466.02,0.64516,1.17548,0.54884813,18.72694326,-8.166449222,6.034811431
5.2518,5.87924,459.011,0.43962,1.52853,0.287609664,24.39038026,-7.268961215,5.525297264
5.9765,9.58182,2648.37,0.72546,0.840674,0.862950442,15.29389521,-8.42588841,5.902084737
4.26959,8.02011,1734.38,0.64124,1.00925,0.635362893,22.12908982,-8.332099351,5.755457479
4.45129,6.37079,1125.51,0.54744,1.04803,0.522351459,24.27226312,-7.407317604,5.635241608
7.17386,7.35052,1113.64,0.60504,1.33314,0.453845808,26.03889978,-7.390225045,5.922720494
7.17038,7.33344,1105.39,0.60502,1.33826,0.452094511,26.472331,-7.422673084,5.910948665
7.28396,7.42387,1113.73,0.60704,1.32488,0.458184892,25.16272015,-7.399455088,5.92795025
7.20219,7.37728,1123.83,0.6071,1.32559,0.457984746,26.32441642,-7.432382124,5.89958057
7.21509,7.38305,1117.68,0.60596,1.32603,0.45697307,25.52736818,-7.429521019,5.929495888
7.33893,7.46814,1116.84,0.6071,1.32685,0.457549836,25.35216871,-7.410165663,6.001448494
7.33479,7.46558,1116.13,0.60854,1.3287,0.457996538,26.20177882,-7.387862539,5.963905659
7.28781,7.41619,1121.84,0.6093,1.32565,0.459623581,25.80139818,-7.352423405,5.945911973
5.34411,7.59357,4735.19,0.77128,0.655873,1.17595937,10.8693642,-8.4223151,5.831231531
5.80414,7.65948,5109.81,0.77446,0.594976,1.30166595,9.840044759,-8.498802352,5.749021424
5.28462,7.52132,4773.59,0.76688,0.654155,1.172321545,10.82942546,-8.410124801,5.823760614
5.31741,7.56107,4836,0.76632,0.643698,1.190496164,10.83358815,-8.395877718,5.834948538
5.32516,7.56218,4706.13,0.77324,0.660401,1.170864369,11.01862682,-8.443195355,5.84435178
4.45476,6.90995,3284.32,0.71432,0.826748,0.864011767,16.30709398,-8.538260138,5.81777209
4.2786,5.606,919.873,0.5269,1.14741,0.45920813,26.3966526,-8.364564736,5.171967296
5.19998,7.26534,2312.96,0.64896,0.828762,0.783047485,18.20447817,-8.40901819,5.821800873
5.18545,7.18754,2240.96,0.64394,0.839237,0.767292195,18.83895804,-8.400570455,5.808632212
4.43891,5.88824,1359.64,0.59112,1.02509,0.576651806,41.60243082,-8.089062708,5.381548184
3.89897,4.86127,496.224,0.47738,1.26008,0.378848962,26.59290164,-8.127090133,4.952679514
4.29075,5.9996,475.353,0.51132,1.32095,0.387085052,25.87051491,-7.694510178,5.048101572
13.85784,19.10077,1958.44,0.74916,0.601751,1.244966772,30.93622972,-8.699983673,5.493710594
11.95217,14.68028,1706.9,0.69464,0.792697,0.876299519,42.74054406,-8.612379697,5.025824625
7.14174,9.45168,2585.83,0.7282,0.790347,0.92136745,37.64186105,-8.731038795,5.410006316
4.80567,5.5413,918.195,0.58248,1.19582,0.48709672,31.70518169,-8.109915962,5.038370016
4.21189,5.10436,719.223,0.51582,1.19023,0.433378423,35.2341318,-8.410303364,4.625667021
4.39766,7.90411,921.201,0.60446,1.05144,0.574887773,21.22055816,-8.854874412,5.497546575
4.84046,6.75607,1702.93,0.63134,1.13784,0.554858328,18.57394793,-7.980343151,6.105350653
11.04095,11.66314,1362.13,0.6492,1.07501,0.603901359,22.19897718,-8.160773923,6.079047183
11.08852,11.77684,1364.53,0.65012,1.07383,0.605421715,21.55892566,-8.155503471,6.117902865
10.98127,11.76704,1368.99,0.6465,1.07223,0.602948994,21.00498605,-8.19117715,6.126009242
10.53212,11.30509,1104.45,0.6287,1.32172,0.475668069,21.94272873,-8.105799564,6.177599311
10.60044,11.32593,1101.05,0.6293,1.32216,0.475963575,20.53635992,-8.095530719,6.196378438
10.68224,11.42001,1104.64,0.627,1.32181,0.474349566,21.69466322,-8.036638151,6.194197983
10.585,11.34307,1108.97,0.63104,1.32207,0.477312094,22.78372786,-7.990238557,6.157285628
4.23947,6.93068,428.413,0.48152,1.54491,0.311681587,21.12664094,-9.530166368,5.052687609
5.40152,7.73062,1563.13,0.60222,0.954052,0.631223455,20.41857347,-8.15370823,5.704623556
11.23461,11.80999,791.305,0.69846,0.847503,0.824138676,16.8660578,-9.350162793,4.978937444
3.90775,5.56128,937.649,0.57918,1.25158,0.462759073,23.66270104,-8.834223746,5.181635188
5.49468,12.14001,2045.91,0.70078,0.953828,0.734702693,28.80380261,-8.363214067,5.718945631
5.62136,12.35154,2106.67,0.70198,0.923606,0.760042702,31.16030814,-8.222314743,5.667505971
4.92388,5.36231,929.173,0.5349,1.15349,0.463723136,21.4365143,-8.009226511,5.775071219
6.15293,7.0253,1368.59,0.60364,1.10438,0.546587225,20.54798972,-7.828893082,6.021782182
5.05276,7.19025,380.65,0.43228,1.91608,0.225606446,21.16994287,-8.631615499,5.478666157
4.83476,7.39284,390.61,0.44328,1.80811,0.245162075,21.63858668,-8.724349106,5.448736093
4.12844,5.05496,265.094,0.4326,1.63353,0.264825256,29.93380441,-7.07540181,5.603706395
5.18154,5.67135,826.877,0.53,1.3438,0.394403929,23.0993645,-7.281044008,5.821980764
5.18428,6.67552,1413.08,0.64578,1.17133,0.551322001,18.19928958,-8.223631382,5.966088292
4.28304,4.62483,401.92,0.465,1.33462,0.348413781,34.99475421,-5.573840365,6.07981263
6.23608,7.81335,1896.01,0.61804,0.973393,0.63493368,21.895603,-8.249660502,5.906687617
3.87145,5.21671,916.293,0.57468,1.45236,0.39568702,21.75860071,-8.534569787,5.441352587
4.5166,6.66976,419.442,0.47544,1.58721,0.299544484,23.21795327,-8.797362238,4.902108721
6.89364,9.14224,1206.55,0.68506,1.35956,0.503883609,20.03557646,-8.720563295,5.848557664
4.29599,4.63098,472.788,0.54852,1.36764,0.401070457,29.47592692,-6.772714827,5.599660993
4.30308,4.63882,479.173,0.55296,1.35126,0.409218063,29.06593559,-6.806875354,5.871965228
4.3739,4.70831,504.05,0.55312,1.34518,0.411186607,28.66349917,-6.71016601,5.659619677
4.32354,4.94837,343.374,0.4138,1.35138,0.306205508,28.23483274,-7.604952661,4.818060411
3.86596,4.87431,384.255,0.50358,1.94999,0.258247478,38.77991034,-7.45128069,4.210447942
7.93434,15.09269,3662.05,0.80844,0.589901,1.370467248,10.41087137,-8.955259797,5.280810136
8.16227,9.83364,1518.5,0.6467,1.01836,0.635040654,36.33364464,-8.490228142,5.536785784
5.47634,6.55951,887.688,0.5474,1.31717,0.415587965,39.09762656,-8.320246053,4.462612793
8.00757,9.50189,1472.54,0.6415,1.0519,0.609848845,24.03899414,-8.513665604,5.629903669
5.60789,6.70842,923.542,0.55088,1.32053,0.417165835,28.66736635,-8.609957407,4.90018952
3.89017,4.60881,358.284,0.50074,1.36646,0.366450536,26.9579306,-8.186268697,4.94555676
4.63859,5.4738,936.735,0.53538,1.20371,0.444774904,24.28310477,-8.144464783,5.351492132
3.82594,5.32552,933.983,0.63118,1.14144,0.552968181,23.58229336,-9.66036543,4.748782911
4.80371,5.79765,719.191,0.48864,1.25943,0.387985041,19.99273392,-8.551001493,5.495288516
3.67159,5.3558,868.877,0.55748,1.04887,0.531505334,23.76095289,-8.603957004,5.346967327
5.53808,6.21036,3005.53,0.70958,0.800127,0.886834215,14.72271496,-8.239679572,5.991209579
9.14394,9.7414,2685.62,0.73662,0.771129,0.955248733,15.08951121,-8.427953933,5.842325581
3.8225,5.04054,599.563,0.5377,1.26802,0.424046939,26.40287197,-8.410232454,5.215632195
4.02408,6.70856,1520.73,0.60054,0.93073,0.64523546,22.60398956,-8.370099211,5.588242861
5.65831,7.18303,2159.1,0.63818,0.833244,0.765898104,21.98492723,-8.344331365,5.779654402
5.43297,8.20333,2579.5,0.6694,0.769862,0.869506483,20.71061143,-8.217012968,5.869258323
5.26481,6.66878,2374.68,0.64048,0.823111,0.778121055,21.20097623,-8.144279035,5.906919493
3.65124,4.61976,470.375,0.5047,1.18989,0.424156855,28.1845071,-8.112683255,4.815535797
10.38341,21.55746,3407.64,0.7949,0.51708,1.5372863,16.62569625,-8.564749723,5.636594286
4.20652,5.45311,379.2,0.4955,1.21242,0.408686759,28.59162404,-8.315890813,4.585586857
3.66818,5.04305,216.324,0.44446,1.84132,0.241381183,30.67136597,-8.659157131,4.307888764
7.46673,9.06566,2614.65,0.70354,0.753022,0.934288772,18.46246865,-8.49770186,5.735666261
6.23525,7.9329,3678.83,0.74178,0.684898,1.083051783,14.39336762,-8.256460391,5.990244233
4.07497,5.51848,768.197,0.5054,1.34514,0.375722973,22.76361724,-8.504311103,5.378244202
3.65365,5.70014,427.496,0.50032,1.6367,0.305688275,42.7303814,-8.620453264,3.598600353
3.95909,5.10254,437.509,0.5031,1.42412,0.353270792,25.66330275,-8.198696042,4.900058158
6.85852,10.91726,2093.97,0.68638,1.0029,0.684395254,16.96918039,-8.38625699,5.956248615
3.85266,4.38796,227.864,0.42118,1.51141,0.27866694,32.52415757,-7.472840057,5.020165787
6.3776,6.74837,1354.57,0.612,1.05651,0.579265696,18.49103476,-7.566502106,6.257049426
6.81306,7.22831,1378.36,0.61594,1.03011,0.597936143,17.85198612,-7.72120992,6.274524479
6.39006,6.77242,1385.26,0.61286,1.04905,0.584204757,18.21386264,-7.65969438,6.227974397
5.23227,5.48105,933.84,0.56018,1.20095,0.466447396,21.41781238,-7.468777363,5.949736316
5.4678,5.99001,1068.02,0.56938,1.06078,0.536755972,28.25640855,-8.354423089,5.242222635
3.77014,4.29451,211.539,0.41956,1.52203,0.275658167,33.00765026,-7.473748691,4.916980402
7.95842,14.84843,3604.94,0.81076,0.610855,1.327254422,10.89708179,-8.864858549,5.418568759
7.78421,14.89727,3586.34,0.80204,0.605776,1.323987745,10.76764913,-8.974220677,5.264545607
7.88362,14.80942,3589.86,0.8074,0.613708,1.315609378,10.9958459,-8.907188625,5.335410249
7.11476,9.8037,1612.77,0.68664,1.04146,0.659305206,19.88396273,-9.411862599,5.09183142
7.51947,17.77125,3727.49,0.78298,0.588936,1.329482321,16.04817664,-8.36951722,5.838073241
4.38509,5.34544,595.858,0.50328,1.05997,0.474805891,33.03511436,-7.969902421,5.212490618
4.60824,5.54275,612.62,0.5036,1.0598,0.475183997,33.30101998,-7.978082604,5.185660808
4.9888,6.47723,883.154,0.5291,1.38224,0.382784466,23.91359081,-7.371282287,5.756526474
5.74582,14.84116,2081.5,0.73758,0.873426,0.844467648,13.0388009,-9.273358514,5.15586111
4.7197,5.69089,615.287,0.5014,1.0552,0.475170584,32.95898691,-8.00653649,5.169841361
10.18861,12.50562,1427.25,0.62988,0.9535,0.660597798,46.14473875,-8.224251872,5.926845633
9.87308,10.22467,1776.13,0.6437,0.904434,0.711715836,16.85249919,-8.771920164,5.570864494
5.2373,8.38892,2325.74,0.69738,0.834748,0.835437761,18.08390202,-8.768304862,5.52792029
5.19524,7.17773,1952.04,0.64908,0.956819,0.678372817,22.93323362,-8.754511766,5.544931919
4.42953,7.7619,1495.79,0.59842,1.03258,0.579538631,21.40499265,-8.718345964,5.456166888
4.28453,7.72003,1425.82,0.59674,1.05835,0.56383994,21.83068543,-8.676279838,5.444235422
4.27814,7.86707,1463.08,0.60246,1.04756,0.57510787,21.43810066,-8.57381933,5.593420886
4.65507,4.94172,341.815,0.43284,1.26035,0.343428413,26.57471428,-7.540937851,4.971551893
4.11044,4.60115,240.625,0.4126,1.31055,0.314829652,29.56670567,-7.282605493,5.012496204
4.15196,4.57237,242.657,0.42696,1.28586,0.332042369,28.91303893,-7.435452223,5.10116813
4.13429,4.52452,236.614,0.4365,1.26708,0.34449285,28.55186259,-7.528916022,5.082120563
7.69473,8.27361,982.513,0.54876,1.26901,0.432431581,38.53229457,-8.745919571,5.401792967
5.96588,14.75395,1813.85,0.66668,0.935418,0.712708116,27.5953609,-8.401528229,5.849215742
4.00789,6.12931,631.093,0.54224,1.09199,0.496561324,28.93524332,-8.352213024,4.785866421
7.67913,8.28575,1019.59,0.54822,1.27602,0.429632764,43.20826877,-8.255361246,5.690731626
7.79711,9.19593,3351.12,0.7791,0.691873,1.126073716,8.590124017,-8.908983727,5.381671096
7.61097,8.52736,2223.03,0.66938,0.846818,0.790465011,20.82118213,-8.447122676,5.769155993
3.83552,4.83068,755.439,0.49704,1.13311,0.438651146,27.46193836,-7.339863613,5.658299963
3.75473,4.77527,729.118,0.492,1.1413,0.431087357,27.63358021,-7.401891864,5.646025411
4.8111,6.00527,1836.24,0.64434,0.960875,0.670576298,19.49516815,-8.539157703,5.531868345
3.92497,4.8742,635.773,0.55464,1.75108,0.316741668,40.15972148,-7.184830206,5.027725361
4.44024,5.38703,808.639,0.53196,1.21672,0.437208232,28.27894885,-7.823985242,4.552664863
4.64481,5.69309,832.994,0.54008,1.18335,0.456399206,25.30628377,-7.64278378,5.38866822
4.45699,5.55611,826.753,0.53054,1.21017,0.438401216,27.10675833,-7.287677715,5.271213191
4.28157,5.21032,776.798,0.5272,1.2268,0.429735898,29.03489668,-7.517124592,4.852132357
4.43333,5.3818,809.029,0.53284,1.2127,0.439383195,28.13513773,-7.866889424,4.527636486
10.42713,12.46006,2936.95,0.76142,0.591905,1.286388863,13.18399797,-8.665056642,5.582012585
5.12111,6.39676,1645.65,0.6016,0.921688,0.652715453,23.87530884,-7.952853729,5.853068217
26.34739,26.52566,1356.7,0.74972,0.688685,1.088625424,14.92991996,-8.553504089,5.716803409
26.09798,26.31371,1372.03,0.75088,0.693447,1.08282248,15.17971215,-8.535271065,5.66195094
26.24063,26.43723,1351.18,0.74846,0.692567,1.080704105,14.79244924,-8.520812347,5.686159271
8.56409,18.51885,4401.09,0.81236,0.489414,1.659862611,15.63869077,-8.42726255,5.743416017
8.92625,22.31857,4755.38,0.83242,0.425765,1.955116085,16.12325375,-8.388489956,5.708323594
4.01094,5.34783,406.841,0.45396,1.28087,0.354415358,25.835617,-7.976894404,4.971666822
4.74059,6.1504,855.421,0.50512,1.21563,0.41552117,25.01049447,-7.748951024,5.593580083
3.87743,4.44927,162.75,0.50118,1.20216,0.416899581,31.05400586,-8.658154182,4.704713855
3.80347,5.16886,194.659,0.41242,2.04384,0.201786833,45.36295667,-7.943608583,3.863222918
6.20805,7.4772,2278.72,0.64536,0.784087,0.82307193,21.0682101,-8.104106269,5.91514242
8.86897,9.41867,1061.37,0.57612,1.10001,0.523740693,44.20122469,-8.778536294,5.884171964
6.82741,7.37109,983.118,0.56996,1.40599,0.405379839,18.08060486,-8.283664182,5.886567194
3.97904,4.67797,973.055,0.53454,1.06036,0.504111811,27.2661314,-7.196721454,5.843618356
4.53531,6.19197,1294.04,0.58712,1.09324,0.537045845,22.56727028,-7.824258014,5.794313712
4.2949,5.66876,1042.39,0.55906,1.05913,0.527848328,24.38990916,-7.748200521,5.626283992
4.33923,5.78991,1083.76,0.55066,1.03923,0.529873079,24.08050135,-7.743719805,5.684634721
10.79864,14.70007,4071.3,0.78818,0.483438,1.630364183,15.2936775,-8.402688826,5.762107527
4.92371,7.97392,1309.3,0.58394,0.954107,0.612027791,28.62635591,-7.734803211,5.453404573
5.77219,7.03254,1934.42,0.65152,1.04422,0.623929823,34.84130084,-8.125629407,5.681616297
4.39318,5.81593,1594.77,0.62932,0.99503,0.632463343,41.1396188,-8.173133621,5.410265273
6.23955,11.88575,2800.47,0.72192,0.709619,1.017334654,17.09352277,-8.660738432,5.65175598
6.76772,8.14998,2029,0.62938,0.920168,0.683983794,28.22115018,-8.008562166,5.75234901
8.82837,9.40538,2859.85,0.72322,0.800645,0.903296717,15.20977238,-8.553375089,5.833602
8.71365,9.30915,2668.86,0.71384,0.821567,0.868876184,16.71919786,-8.589245384,5.811795341
8.51256,9.07645,1145.21,0.57806,1.13917,0.507439627,37.77869412,-8.884132726,5.40999655
6.18953,7.62791,2803.98,0.68232,0.66886,1.020123793,20.54441029,-8.403465905,5.805341005
4.01215,7.09135,1366.41,0.61722,1.0722,0.575657527,21.5384659,-8.296872112,5.916992602
4.22996,7.80071,243.183,0.5562,1.22507,0.454014873,28.53660136,-8.795994372,4.694944119
4.10448,5.15222,361.049,0.44042,1.41779,0.310638388,26.4988041,-7.69730138,4.928848661
5.07421,5.36415,121.203,0.45784,1.50028,0.305169702,32.70059891,-9.382332042,5.213396715
5.7905,7.94569,2798.56,0.6884,0.718783,0.957729941,16.7844711,-8.526161624,5.73530656
5.21501,6.1741,1149.07,0.57204,1.07844,0.530432847,24.4257216,-7.096976784,5.710098635
6.16762,8.03037,1911.3,0.64028,0.894418,0.715862158,19.73310921,-8.60680909,5.696100657
6.84577,11.3135,2384.58,0.69446,0.847078,0.819830051,16.68176192,-8.768430408,5.466109545
5.27136,6.99943,992.972,0.53192,1.1241,0.473196335,20.7032031,-8.458256048,5.563890364
5.63231,7.1315,1089.78,0.53834,1.1056,0.486921129,20.99980588,-8.443141553,5.655016659
4.80142,6.89815,1599.81,0.6443,1.16087,0.555014773,18.73268721,-7.984214705,6.102023082
4.13535,6.70617,1111.94,0.60218,1.22084,0.493250549,20.01005403,-8.314852992,5.717951302
3.92719,5.62914,1193.76,0.60084,1.20596,0.49822548,21.92371973,-8.371031785,5.632078868
4.48921,5.82315,1521.2,0.56606,0.959455,0.58998077,23.0145628,-8.289234449,5.74629904
6.95777,8.22754,1695.34,0.64638,1.0931,0.591327417,17.40702347,-8.514176877,5.867746554
8.82117,10.50578,2260.22,0.68866,0.768678,0.895901795,21.09296836,-8.469383978,5.71648063
3.64569,4.80954,475.407,0.49036,1.26832,0.386621673,30.18876788,-8.324229162,3.846894921
3.92558,5.69776,930.686,0.58754,1.26995,0.462648136,23.18425922,-8.280123933,5.439549726
4.03981,4.83061,696.561,0.50924,1.24259,0.409821421,24.99752991,-7.800473672,5.50032992
3.68789,5.73239,580.952,0.51786,1.28608,0.402665464,28.43336881,-8.251887997,4.901933652
4.91819,5.50979,969.524,0.55132,1.14051,0.483397778,26.25629683,-7.213568378,5.27267416
6.33216,6.70975,1994.31,0.65718,1.05033,0.625689069,18.89119379,-8.029120479,5.998077532
8.39804,15.09144,4987.34,0.79742,0.46153,1.727775009,13.94894272,-8.721956965,5.455382491
4.73242,5.31645,677.414,0.5579,1.56466,0.356563087,21.34548379,-8.210480998,5.506302418
3.92708,4.58512,250.926,0.45928,1.84741,0.24860751,38.63711847,-7.389406385,4.520258901
3.95239,4.54229,237.437,0.45662,1.89145,0.241412673,43.66441376,-7.062456172,4.396959659
3.9304,4.50897,231.262,0.455,1.90926,0.238312226,41.65015159,-7.187382436,4.436721518
10.08472,12.81046,2553.75,0.7199,0.728225,0.988568094,16.80061172,-8.439182189,5.807848137
4.09874,4.99286,543.085,0.48394,1.12214,0.431265261,28.83650118,-7.294152827,5.32673565
7.32218,7.81866,1603.25,0.6327,0.998911,0.633389761,17.93624277,-7.558893141,6.382060847
6.12582,10.0961,2333.35,0.6885,0.851346,0.808719369,23.04598814,-8.416812903,5.847606923
4.75516,9.11239,2000.07,0.66122,0.990208,0.667758693,21.69800228,-8.083593968,5.935417758
3.70884,4.84641,546.569,0.54294,1.26705,0.428507162,25.18398996,-8.54925964,5.157897262
5.13874,8.55503,1707.82,0.63054,0.917905,0.686933833,19.242241,-8.478761583,5.756429273
7.79992,9.00524,2186.41,0.6719,0.836247,0.803470745,19.71226013,-8.874644545,5.463114989
4.64818,6.65732,2016.22,0.62158,0.851853,0.729679886,22.01298239,-8.11695427,5.707255611
3.85843,5.24683,652.783,0.54098,1.22144,0.442903458,24.26893903,-8.33410898,5.235935865
3.79973,4.62458,781.456,0.54626,1.37239,0.398035544,27.04461099,-7.805215497,5.435157488
6.48945,9.29834,926.462,0.54842,1.21668,0.450751225,21.46493529,-8.903133268,5.625809949
3.79672,5.10915,830.98,0.55476,1.21674,0.455939642,25.97840734,-8.002306372,4.87251754
3.80722,5.44759,843.723,0.55704,1.23164,0.452275015,26.39582847,-7.971631684,5.048020988
4.31452,5.57595,458.333,0.4806,1.46536,0.327974013,27.67856449,-7.18946793,5.2485671
4.03539,4.24654,184.465,0.37856,2.18504,0.173250833,35.80201653,-7.159676309,4.434902045
6.36836,7.14794,958.336,0.60018,1.22477,0.490034864,28.95532456,-8.897363383,5.288994783
4.74176,6.3577,865.328,0.53028,1.14455,0.463308724,27.98219668,-8.324508509,5.152319715
3.74212,6.37317,470.945,0.55304,1.3114,0.421717249,25.96183548,-9.401719027,4.473995594
5.08562,5.50168,911.011,0.53136,1.08026,0.491881584,25.24236804,-7.785535071,5.116113254
4.34847,4.67043,274.72,0.50016,1.26775,0.394525735,30.2415546,-6.950407004,5.627107656
4.867,6.2895,546.421,0.52814,1.2915,0.408935346,25.13431886,-8.946740786,5.10507472
28.26773,32.36037,3176.96,0.83118,0.473548,1.755218056,19.14204893,-8.395167991,5.626525818
3.91744,6.00756,1222.09,0.61286,0.930353,0.65873921,33.73903564,-8.567788382,5.322831218
4.69389,6.6747,513.133,0.53646,2.0556,0.260974898,36.01065209,-8.06106911,4.516781574
4.49673,7.06657,527.938,0.51922,1.70049,0.305335521,26.94699013,-9.474722145,4.935266769
4.79138,6.89128,1169.1,0.57822,1.23174,0.469433484,28.68099287,-8.18378435,5.416207934
3.94029,4.71244,282.359,0.4711,1.86641,0.252409706,25.83474522,-8.815126667,4.713822654
4.97206,6.85219,637.76,0.51858,1.41693,0.36598844,34.77792615,-7.334825389,5.684855756
8.74819,9.72743,1965.47,0.66,0.867164,0.761101706,16.87489708,-8.823020059,5.543497095
4.70307,5.97055,622.468,0.48362,1.22492,0.394817621,24.5176594,-8.839077463,4.565815828
4.33786,8.62906,1330.97,0.64206,1.28033,0.501480087,26.12738248,-8.420508005,5.830575574
4.28089,6.80431,780.842,0.52058,1.43909,0.36174249,24.0508444,-8.618674199,5.143959692
4.09777,5.33833,1086.15,0.56804,1.02323,0.555144005,24.69346351,-8.522883585,5.182944073
4.47657,6.03486,2871.87,0.70114,0.924756,0.758189187,18.57718317,-8.78466191,5.576220558
3.7868,4.21696,319.348,0.46058,1.26329,0.364587704,29.81038796,-7.17021637,5.488283666
6.37424,7.90536,1714.73,0.6371,0.88756,0.717810627,23.27878452,-8.262349846,5.678953984
5.56027,6.59159,1162.19,0.5609,1.07018,0.524117438,22.09678089,-7.952292685,5.772000957
5.54712,6.43021,962.03,0.5438,1.21213,0.448631747,22.55818129,-7.813868297,5.775713447
4.06699,4.59203,343.67,0.40144,1.55074,0.258869959,29.2492667,-6.857976966,5.693983462
5.53647,6.87756,1182.66,0.54192,1.18214,0.45842286,24.06581192,-7.640336448,5.941754927
4.53621,5.40564,976.915,0.5452,1.33406,0.408677271,40.61716319,-7.694380663,5.074276827
4.51343,5.3327,754.335,0.53998,1.68575,0.320320332,42.49151787,-7.88619644,5.00825397
8.76388,22.97967,4407.7,0.83216,0.403152,2.064134619,12.23780982,-8.568917201,5.503263581
5.65073,6.45845,906.109,0.57084,1.52092,0.375325461,33.88291426,-8.497383515,5.423605162
3.80696,7.01702,655.181,0.48474,1.33459,0.363212672,23.84655414,-8.483126352,5.172496704
3.66753,7.02176,666.215,0.49266,1.3176,0.373907104,24.15979793,-8.230180933,5.461632163
3.79079,7.01529,661.262,0.48542,1.33247,0.364300885,23.82916159,-8.197598407,5.511377959
3.70053,7.0665,664.348,0.49956,1.31094,0.381070072,23.87561558,-8.217419645,5.465477128
3.74248,7.05009,649.801,0.49406,1.31954,0.374418358,23.90973377,-8.188043022,5.515979151
3.76029,7.04216,661.931,0.48844,1.3253,0.368550517,23.8732246,-8.207488895,5.501752016
3.77448,7.03774,652.182,0.489,1.32931,0.367860018,23.90723356,-8.211653462,5.505689556
3.72352,7.07082,673.298,0.50066,1.31235,0.381498838,23.92038097,-8.206636868,5.490410271
3.81528,7.01869,654.079,0.4887,1.33794,0.365263016,23.87419973,-8.174425383,5.529906932
3.79821,7.01033,636.425,0.48328,1.33845,0.361074377,23.87718144,-8.181763795,5.542413545
3.80896,7.01042,644.352,0.48814,1.3366,0.365210235,23.94127938,-8.195328133,5.536120464
3.78553,7.0091,650.027,0.486,1.33735,0.363405242,23.96879018,-8.153772086,5.520039446
3.75717,7.01938,665.578,0.4938,1.32807,0.371817751,23.96299497,-8.171848522,5.474470425
3.79599,7.05519,661.77,0.49622,1.31521,0.37729336,23.78134694,-8.140012541,5.49523436
3.67099,7.07208,675.166,0.4953,1.31088,0.377837788,23.98277436,-8.194542558,5.483014553
3.67551,7.02333,649.214,0.49688,1.32015,0.376381472,24.07965292,-8.265802182,5.49455156
3.67778,6.30486,717.3,0.5272,1.13955,0.462638761,21.9366598,-8.558553026,5.43043792
3.82362,7.01606,660.495,0.48814,1.3363,0.365292225,23.68388006,-8.195467012,5.536233923
3.82948,7.02313,644.836,0.49026,1.33462,0.367340516,23.77908528,-8.181697297,5.534189532
3.83288,7.03275,661.004,0.49004,1.33192,0.367919995,23.74292027,-8.145655679,5.552502969
3.82338,7.04297,663.416,0.49154,1.33044,0.369456721,23.73628606,-8.194236102,5.535176222
3.82805,7.0406,655.899,0.49066,1.32731,0.369664961,23.73779842,-8.160856316,5.534969756
3.83129,7.04341,658.457,0.49186,1.32486,0.371254321,23.69963909,-8.181886194,5.538104976
3.80353,7.02932,666.492,0.49248,1.32333,0.372152071,23.71226562,-8.138471513,5.526610074
3.81631,7.03553,665.746,0.49252,1.32324,0.372207612,23.77927246,-8.158978282,5.502111312
3.79465,7.03046,665.003,0.49432,1.32008,0.374462154,23.7704629,-8.15869518,5.535175702
3.80398,7.0591,663.374,0.49546,1.31482,0.376827246,23.70451076,-8.214378109,5.512325027
3.75403,7.07034,654.4,0.49688,1.31589,0.377599951,23.8421464,-8.191324713,5.511174843
3.77871,7.01083,645.315,0.4874,1.33425,0.365298857,23.95998281,-8.167966746,5.504844333
3.76639,7.02821,649.234,0.48868,1.33237,0.366774995,23.88864169,-8.16994048,5.532893505
3.74465,7.02958,653.39,0.49138,1.32702,0.370288315,24.03004152,-8.169473973,5.482305882
3.71089,7.01624,654.224,0.4926,1.32411,0.372023472,24.02683265,-8.294747549,5.489570076
3.71586,7.02954,646.663,0.49268,1.32374,0.372187892,24.07844841,-8.167382589,5.490783127
3.71306,7.02793,648.878,0.49392,1.32259,0.373449066,24.08269776,-8.191142428,5.473892033
3.79902,7.06378,662.188,0.49534,1.31604,0.376386736,23.7979048,-8.110718359,5.507281498
4.62006,5.30234,703.25,0.55042,1.31152,0.419680981,32.36380938,-7.709370972,4.432263918
6.44372,9.67197,2959.81,0.76876,0.77122,0.996810249,17.0112112,-8.502116278,5.765305488
5.81143,6.67584,742.575,0.49274,1.12235,0.43902526,24.90115892,-8.773600627,5.31907524
4.09157,5.80501,1421.65,0.66424,1.16562,0.569859817,13.77787739,-9.355496581,5.191370187
4.07072,4.99075,787.362,0.59424,1.39072,0.427289462,25.92711587,-7.687304656,5.572950673
4.07489,5.27687,820.524,0.58692,1.3881,0.422822563,25.70786496,-7.682268686,5.565012214
3.85554,4.30865,168.58,0.36432,1.71497,0.212435203,33.29899196,-6.813812998,5.348142217
4.27265,5.73732,697.131,0.53542,1.56934,0.341175271,20.03256655,-8.162338843,5.622006828
4.20957,5.3531,1070.75,0.58134,1.08192,0.537322538,24.83347052,-8.581249509,4.752478319
4.79223,6.23329,1928.01,0.63598,0.956504,0.664900513,20.51200817,-8.088817325,5.779330832
6.8583,9.23094,2432.7,0.68082,0.756037,0.900511483,17.62729347,-8.637268516,5.661302987
6.4421,9.82138,2524.21,0.68676,0.736889,0.931972115,18.37171695,-8.472903207,5.723449406
4.8393,5.91598,2173.33,0.65366,0.946458,0.690638148,18.57965056,-8.341664085,5.774157431
5.19194,6.28295,2318.81,0.6684,0.913349,0.731812265,17.22032241,-8.454507346,5.786960219
4.848,5.8822,2016.61,0.65044,0.949674,0.684908716,18.80232078,-8.506502683,5.639318723
3.95054,4.76534,570.686,0.49664,1.34356,0.369644824,27.16200117,-8.004598657,5.16122243
5.12734,6.24349,2343.28,0.66256,0.9162,0.723160882,17.49727256,-8.430708974,5.789494409
4.91381,6.10211,2118.11,0.6547,0.939951,0.69652567,18.35233214,-8.460105524,5.727463317
4.72024,5.90984,2266.11,0.65608,0.936419,0.700626536,18.42995286,-8.439625779,5.763510005
4.86996,6.00653,2228.78,0.65828,0.931336,0.706812579,17.90861939,-8.420866229,5.766629539
4.42588,5.00224,242.639,0.38846,2.00794,0.193461956,24.19847579,-7.469268733,5.802135565
5.65156,7.05411,1777.75,0.629,0.967554,0.650092915,21.32234848,-8.611559893,5.709721503
4.15655,6.77563,1467.46,0.63808,1.06978,0.596459085,21.36213334,-8.644144006,5.464455132
6.59132,8.39175,1407.9,0.56948,0.957359,0.594844776,21.91154824,-8.383638368,5.921508746
6.73186,8.63633,1463.94,0.58242,0.935461,0.622602118,21.25607006,-8.338172577,5.920934705
5.08733,5.95986,848.321,0.55358,1.45523,0.380407221,49.21777767,-7.904959275,5.201956651
3.97327,8.08316,1385.79,0.62858,1.14357,0.549664647,45.55704215,-8.174986228,5.305117105
3.84022,6.4221,867.72,0.54454,1.13898,0.478094435,26.34456632,-8.390840244,4.947178288
5.22924,16.36508,2765.81,0.71038,0.720668,0.985724356,22.14557518,-8.52285219,5.740064718
5.24588,16.40599,2790.13,0.70928,0.71711,0.989081173,21.91335667,-8.496088666,5.730002983
5.24565,16.39933,2792.33,0.7091,0.71719,0.988719865,21.90178397,-8.518097303,5.732989973
5.24663,16.39644,2792.94,0.7091,0.717349,0.988500716,21.93438379,-8.522444576,5.721549511
5.24682,16.38928,2792.84,0.709,0.717588,0.98803213,21.93240266,-8.576333884,5.722935785
5.24265,16.3778,2792.93,0.7093,0.717908,0.988009606,21.9987907,-8.487948834,5.734833708
5.23896,16.36646,2794.94,0.7094,0.718227,0.987710014,22.04946648,-8.500324673,5.732702941
5.22933,16.34087,2797.87,0.70994,0.718946,0.987473329,22.21214481,-8.470245718,5.723937876
5.22574,16.32287,2793.86,0.70952,0.719907,0.985571747,22.23936393,-8.455735397,5.730537733
5.22559,16.31009,2787.05,0.70892,0.720949,0.983315047,22.29298725,-8.432502064,5.738248189
5.21999,16.28739,2781.62,0.7089,0.722396,0.981317726,22.43842757,-8.501634677,5.726672416
4.54109,5.80261,612.998,0.50166,1.48289,0.338298862,34.32506615,-7.147797338,4.340123363
4.6547,5.27343,743.474,0.5214,1.1624,0.448554714,27.27667405,-6.766079734,5.847199104
4.05577,4.94177,583.498,0.57376,1.11879,0.512839764,24.24157682,-8.617718239,5.117125449
8.22575,9.51217,2291.8,0.67834,0.734364,0.923710857,18.14276777,-8.350414364,5.791689987
4.72444,8.11802,568.731,0.58246,2.64249,0.220420891,21.33027802,-9.610348149,5.238463374
3.85025,7.14967,381.654,0.49564,1.8852,0.262911097,24.88132294,-8.95120877,5.330945393
5.2612,6.89833,2032.01,0.64344,0.909297,0.707623582,18.96977275,-8.273864926,5.879756094
4.81731,6.90235,2052.86,0.64848,0.908537,0.713762896,19.14520668,-8.343851893,5.850488643
7.3846,9.12367,3821.55,0.77072,0.60089,1.282630764,21.75819753,-8.509853991,5.647640042
4.47901,5.71523,1500.48,0.59364,1.04798,0.566461192,22.54767786,-7.792173625,5.692467864
5.00163,6.47963,664.18,0.5234,1.24165,0.42153586,25.19527572,-8.696965418,5.05635983
9.60437,10.29771,654.093,0.52912,1.52872,0.346119629,19.15782572,-8.236578876,6.15183095
3.70632,6.17873,921.708,0.54116,1.24989,0.432966101,20.59898961,-8.630363573,5.445096646
6.98056,7.99116,2188.16,0.66072,0.854766,0.772983483,14.29637046,-8.476516794,5.905947427
6.20959,6.49703,794.592,0.52524,1.36194,0.385655756,19.28201568,-7.576130776,6.207906469
3.72665,5.02709,378.083,0.46498,1.27657,0.364241679,27.87864022,-8.333190537,5.027589453
8.13977,8.49323,2232.73,0.67724,0.773596,0.87544403,19.20155088,-8.105073029,5.933084836
9.83513,9.92153,2194.45,0.69922,0.704734,0.992175771,14.69726181,-8.398403507,5.813410637
10.10462,10.30552,2409.66,0.7131,0.67734,1.052794756,15.22921532,-7.787457155,6.316907194
8.22981,9.66456,2371.65,0.69528,0.719522,0.966308188,17.36547073,-8.260679917,6.056635864
9.40018,9.80277,2401.38,0.70764,0.706024,1.002288874,16.98644046,-7.971337155,6.231028384
6.49649,10.06165,2902.78,0.73198,0.726621,1.007375234,17.5634549,-8.501402293,5.779786685
7.19033,9.102,1730.62,0.66528,0.965103,0.68933575,17.49997566,-8.154213711,6.071935172
4.98598,6.73488,1141.11,0.59042,1.11309,0.530433298,21.39418864,-8.152608389,5.583888136
7.4091,10.66909,4161.49,0.77696,0.565023,1.375094465,12.20050402,-8.453890601,5.72351083
4.28847,5.07067,611.931,0.51052,1.30387,0.391542102,26.39185091,-7.818811928,4.82870097
4.39215,5.89004,886.395,0.50798,1.54457,0.328881177,30.26322649,-7.508526343,5.845027834
4.35313,5.86223,881.147,0.5065,1.55825,0.32504412,30.46839709,-7.475327985,5.802108877
4.17616,5.17336,932.1,0.55168,1.33076,0.414560101,24.81166607,-8.35306934,5.440939975
8.8403,9.48553,1015.22,0.6142,1.4036,0.437589057,36.34198637,-9.419043483,5.168654798
10.00981,12.36518,2733.8,0.71686,0.715605,1.001753761,14.72498302,-8.603919866,5.677426949
5.04854,5.79552,475.902,0.4525,1.51587,0.298508447,32.84274996,-7.079458139,5.417542293
4.95466,5.08011,418.59,0.44072,1.28742,0.342328067,25.4562972,-6.933368399,6.038355196
4.80325,4.89776,375.271,0.42842,1.32249,0.323949519,27.04844307,-6.61349641,6.000025167
4.56726,5.90739,267.441,0.47372,1.28251,0.36936944,30.89857827,-7.875705994,5.003880893
5.48586,6.80616,1530.66,0.62726,1.14478,0.547930607,19.97522762,-8.566072253,5.772911394
6.57368,19.03849,3527.08,0.78152,0.594852,1.313805787,17.45591419,-8.431940763,5.812673237
4.83521,5.76966,675.983,0.49968,1.51984,0.32877145,24.66748488,-7.709697927,5.544797784
5.15091,6.16839,750.458,0.51562,1.469,0.351000681,23.5049695,-7.826783876,5.611315257
7.89234,8.57661,1426.6,0.6708,1.19439,0.5616256,21.19643628,-8.741958237,5.626641867
7.8928,8.45824,1379.58,0.66732,1.20511,0.553741982,21.34904367,-8.782794873,5.627055758
7.40998,8.39033,1379.39,0.66706,1.20923,0.5516403,21.53034953,-8.863981209,5.658782553
5.76334,6.2506,2574.73,0.70316,0.921251,0.763266471,15.51423044,-8.576623508,5.768956195
5.46808,7.32111,1661.89,0.73318,1.5718,0.466458837,11.23444561,-9.235334009,5.414450919
4.56791,5.34593,759.401,0.5018,1.18507,0.423434903,29.57976235,-7.002755563,5.071562294
3.827,4.83097,521.107,0.51232,1.13652,0.450779573,30.94099753,-8.880277522,3.442590551
3.67534,4.67476,291.415,0.44404,1.74426,0.254572139,21.94156291,-9.0104716,5.126374534
3.72801,4.69428,304.401,0.4456,1.73845,0.256320285,21.87433427,-8.978139814,5.196951703
3.78375,4.73192,329.034,0.45086,1.72801,0.260912842,21.80582274,-8.832213218,5.223298596
4.62847,5.60614,511.247,0.50278,1.77494,0.283265913,43.91506609,-7.167398704,4.886193815
4.36461,6.06205,1286.5,0.62204,1.22934,0.505995087,20.25478754,-8.191360853,5.716780298
3.68181,4.60506,257.571,0.43206,1.84577,0.234081169,23.03848936,-8.713652045,5.279127769
3.66081,4.62011,257.711,0.43416,1.84029,0.235919339,22.77546351,-8.85226308,5.259490771
3.66037,4.71394,256.594,0.44848,1.82386,0.245896067,22.76057717,-8.874476577,5.087757071
17.51395,17.92516,2638.6,0.76272,0.536552,1.42152112,24.00924614,-8.239974531,5.344092542
23.62721,24.44059,2780.42,0.7981,0.439059,1.817751145,23.57902295,-8.237772582,5.410028095
30.14408,30.70055,3030.2,0.82792,0.362219,2.285689044,24.05563802,-8.261566442,5.298574979
36.43313,36.78756,2954.66,0.85506,0.334728,2.554492005,17.53175919,-8.464615249,5.390860708
34.35542,34.85961,3369.2,0.84726,0.286106,2.961349989,21.71142682,-8.364004871,5.361125106
38.06649,38.22812,2782.7,0.83128,0.326773,2.543906626,19.74270151,-8.576638832,5.316485258
5.18923,6.59267,886.669,0.55228,1.24447,0.443787315,19.73076622,-8.974917871,5.115977402
4.95677,7.5254,3239.27,0.6945,0.75626,0.918334964,16.16181587,-8.441490239,5.882003304
4.24768,8.85312,1497.51,0.62228,0.848051,0.733776624,19.60760344,-8.764146898,5.549858023
9.45289,15.81778,1500.82,0.70398,0.959285,0.733859072,23.48767988,-9.201925793,5.263620072
10.03609,13.87561,1610.91,0.70492,0.965847,0.729846446,26.52028979,-8.89006676,5.396115375
7.36405,9.58279,1009.68,0.55554,1.02513,0.541921512,21.93130644,-8.174316125,6.055609169
7.12348,9.49471,980.542,0.55378,1.03474,0.535187583,21.97564242,-8.184900353,5.996115367
5.83066,8.94751,965.504,0.54624,1.05936,0.51563208,23.38668707,-8.299863586,5.925234281
5.70271,8.06325,967.049,0.54364,1.05948,0.513119644,25.85323876,-8.738430533,5.375601811
5.63412,8.02638,919.341,0.5422,1.06522,0.509002835,26.16263103,-8.773605175,5.343749878
5.06073,7.61203,971.021,0.53216,1.0883,0.488982817,23.59223301,-8.234574001,5.910336906
5.19617,6.83933,1022.44,0.53006,1.09861,0.48248241,23.96870427,-8.143706568,5.876073506
4.79912,6.55429,941.621,0.52844,1.10539,0.478057518,23.70465356,-8.143396967,5.754002382
4.78318,6.61361,939.715,0.52762,1.10695,0.476643028,24.1199937,-8.16088156,5.727410929
5.1443,5.22922,385.113,0.5144,1.6171,0.318100303,29.02784812,-8.184285244,5.540344652
6.20532,7.88308,1058.16,0.60308,1.40501,0.429235379,21.38754407,-8.12736975,5.947268017
5.99694,7.72531,1479.64,0.6152,1.07668,0.571386113,21.35682489,-7.727746663,6.000955649
5.30071,6.00247,524.787,0.48104,1.71779,0.28003423,23.51094226,-8.288102991,4.975458207
5.78584,6.52014,393.689,0.44588,1.60919,0.277083502,22.46466143,-8.584383235,5.442985514
4.03217,4.22072,147.752,0.37282,2.18549,0.170588747,33.45500512,-7.251916943,5.264172188
3.96956,4.19061,162.522,0.3707,2.19605,0.168803078,32.93948475,-7.303207515,5.432023783
3.75321,4.15601,136.227,0.36714,2.20306,0.166650023,31.34205672,-7.553969029,5.634443231
6.48187,7.78665,2532.4,0.71664,0.899667,0.796561394,15.19348963,-8.406463069,5.926854129
6.6287,9.2158,2675.84,0.74044,0.813635,0.910039514,15.90246098,-8.643638106,5.735585019
4.09776,5.39014,559.235,0.45538,1.21945,0.373430645,27.34808629,-7.425952584,4.692430982
4.72276,5.09966,564.892,0.46068,1.21463,0.379275994,27.20649124,-7.5637485,4.727612646
4.84916,5.1864,1076.23,0.52748,1.17199,0.4500721,27.66879195,-8.002252067,5.484129594
4.27999,7.01256,1391.99,0.56442,1.09096,0.517360856,25.2767706,-8.154713843,5.721598855
3.67275,4.89378,395.317,0.46096,1.38833,0.332024807,23.54726453,-8.641192211,4.937850819
8.07599,8.96947,1902.49,0.67526,0.97123,0.695262708,18.52266814,-8.760820786,5.698949356
3.72656,5.3045,254.282,0.42126,1.51504,0.278052065,28.91102142,-7.646615269,5.072462983
3.74229,5.33635,611.572,0.51658,1.17983,0.43784274,29.52368717,-8.39633929,4.819296582
3.74465,5.70035,503.289,0.46266,1.36188,0.339721561,25.05409563,-7.978182242,5.314076932
6.94262,18.51106,3660.84,0.78188,0.597667,1.308220129,16.63153547,-8.367789738,5.860864347
5.05884,7.20015,997.74,0.56006,1.17107,0.47824639,42.82226922,-8.739553551,5.268392825
5.70512,8.08493,1134.24,0.62502,1.37969,0.453014808,16.22285621,-8.673898718,5.791764336
5.8473,8.77219,1227.51,0.63726,1.32352,0.481488757,15.52534243,-8.76284967,5.739692218
5.56771,8.63785,1171.43,0.63032,1.36162,0.46291917,16.18068531,-8.708663148,5.797841566
5.62434,10.30851,1307.39,0.65086,1.28435,0.506762175,15.37997178,-8.815616746,5.697201195
7.09895,8.90631,1265.12,0.6509,1.2857,0.506261181,15.36199866,-8.890201667,5.655172553
6.23971,10.39698,1291.15,0.66214,1.26275,0.524363492,15.26024053,-8.873355258,5.631801334
5.67843,8.6384,1190.82,0.62544,1.35953,0.460041338,16.28785502,-8.742075849,5.717676582
6.69323,8.37909,1214.14,0.63476,1.32806,0.477960333,15.65295016,-8.793367708,5.703191542
5.96123,9.20954,1200.34,0.63452,1.33437,0.475520283,15.77121217,-8.721040996,5.755809567
6.22037,8.55578,1184.82,0.63538,1.35087,0.470348738,16.02539525,-8.729068257,5.695973571
6.18424,8.11172,1163.18,0.62748,1.35522,0.463009696,16.33927947,-8.814787957,5.672693786
6.26863,10.02209,2212.16,0.71232,0.811705,0.877560197,26.42166289,-8.3174783,5.948487746
6.59717,13.17296,2220.34,0.72244,0.883255,0.817929137,24.00571832,-8.600874522,5.834355618
5.27542,5.40721,1074.11,0.54272,1.18423,0.458289353,26.86002747,-8.045036114,5.485889324
5.0342,5.97505,2363.42,0.66762,0.92739,0.719891308,16.7853991,-8.178962895,6.029555284
5.09508,6.08901,2301.02,0.66154,0.93229,0.709586073,16.44498705,-8.135854357,6.036293086
5.01622,7.94342,2838.59,0.70966,0.877067,0.809128607,21.84362449,-7.955495074,6.101843706
5.16379,6.19817,772.834,0.50844,1.46257,0.347634643,23.79978018,-7.730939312,5.596868268
6.52783,13.18615,2245.39,0.72198,0.879718,0.820694814,23.4933371,-8.563660039,5.845760165
10.06588,11.52194,1864.44,0.65632,0.825504,0.795053688,26.71445858,-8.884354438,5.279884228
9.92431,11.74025,1927.88,0.66344,0.808668,0.820410848,26.04839346,-8.930255588,5.295682009
4.23676,5.6172,514.069,0.45784,1.93171,0.237012802,43.39455335,-8.479039817,4.486737589
4.84,12.94,2015.14,0.68168,0.716983,0.950761734,21.01751146,-8.692439246,5.575146369
4.29629,6.02864,1318.64,0.60574,1.13222,0.535002031,19.21780356,-8.379206865,5.717022398
5.17369,5.39694,291.38,0.40912,2.25257,0.181623657,25.64598098,-8.153860733,4.479685064
5.14642,6.20774,759.433,0.50616,1.46403,0.34573062,23.68287876,-7.79542533,5.589902994
4.16071,5.40468,745.81,0.516,1.54847,0.333232158,32.59413669,-8.174988133,4.788667127
4.22456,6.45985,1115.94,0.59794,1.36984,0.436503533,42.99541325,-7.288264657,5.159338027
4.17139,6.50302,1095.1,0.59726,1.38117,0.432430476,24.16923415,-8.378615115,5.576980722
4.08594,6.47601,1078.19,0.59492,1.39035,0.427892257,45.99244219,-7.309553403,5.159212678
8.27766,10.88253,1238.24,0.60742,1.009,0.602001982,21.90582876,-9.605762284,4.666647045
4.93276,8.69638,920.719,0.55316,1.22642,0.45103635,26.85247324,-9.202952569,4.974925123
3.78065,5.4733,1084.51,0.53288,1.03658,0.514075132,26.49528344,-7.73050222,5.182150665
4.56918,5.58996,755.358,0.53188,1.27653,0.416660791,27.11980009,-7.012414833,5.729197456
4.70953,5.87386,784.394,0.54114,1.30849,0.413560669,25.52943919,-7.214081972,5.70292564
10.04767,10.50032,1346.32,0.60606,0.982459,0.616880704,28.19559036,-8.491917878,5.512403074
4.61739,5.96762,840.777,0.57572,1.1098,0.518760137,21.54667955,-8.903549583,5.30440193
4.65776,6.35159,774.721,0.51056,1.14836,0.444599255,24.13162903,-8.412033947,5.070909068
7.49831,8.18384,1374.08,0.66592,1.22176,0.545049764,21.34914989,-8.802024313,5.613864033
7.80553,8.30815,1404.88,0.67156,1.20426,0.557653663,21.44708293,-8.835880351,5.601335161
7.50788,8.35741,1396.17,0.66472,1.24126,0.535520358,21.42891882,-8.611611606,5.72332241
7.50835,8.27117,1381.5,0.6644,1.23809,0.53663304,21.48736363,-8.62395499,5.708480189
4.01581,5.06604,211.642,0.44116,1.4577,0.302641147,30.81930239,-7.922567115,4.825219326
4.28854,5.6803,1812.45,0.6414,1.1313,0.566958366,18.66074516,-8.44352938,5.818578889
4.42295,5.8918,1940.34,0.64608,1.11408,0.579922447,18.14016612,-8.468562186,5.836151241
5.28492,6.78863,1760.56,0.65298,1.08447,0.602119007,17.97127065,-8.666108591,5.748697609
5.23642,6.50104,2488.12,0.68618,0.958325,0.716020139,15.85676959,-8.55097485,5.828047538
5.16908,6.74711,2564.61,0.69242,0.926118,0.747658506,15.24761349,-8.600298001,5.76469667
5.1049,7.01898,2531.04,0.6978,0.913193,0.764132007,14.9711202,-8.581174128,5.801319098
4.49108,7.26111,1332.98,0.6082,1.17019,0.519744657,26.5986859,-8.819440508,5.583008084
5.9559,15.59448,4089.7,0.78788,0.560837,1.404828854,14.57067315,-8.698454876,5.54559525
5.20454,6.54271,976.21,0.55636,1.10411,0.503899068,33.51052544,-8.911835782,5.33018905
4.36113,5.08447,450.366,0.46286,1.22435,0.378045494,29.1024227,-6.671670953,5.607135828
7.33404,8.20229,1759.08,0.66736,0.896085,0.744750777,16.47769573,-7.927981291,6.276321142
5.42977,9.60382,2479.03,0.70826,0.669195,1.058376109,16.97724619,-8.500398004,5.741675838
6.08998,6.42929,4194.52,0.70336,0.7293,0.964431647,21.72793121,-7.66042579,6.146855923
3.80406,8.78253,1370.92,0.6028,1.06098,0.568153971,23.64840436,-8.134781685,5.690053945
3.76722,8.75922,1300.98,0.59138,1.05929,0.558279602,24.49402771,-8.614775863,5.396429205
5.04516,6.65259,923.694,0.5525,1.17392,0.470645359,36.23514234,-7.810719472,5.221788433
5.14039,6.60108,918.633,0.5514,1.17875,0.467783669,34.85999447,-7.857813272,5.213988064
5.08535,6.57261,899.044,0.55196,1.19171,0.463166374,32.71878014,-8.115554339,5.253255794
4.00842,8.70379,1182.28,0.59454,1.20121,0.494950924,21.31242971,-9.373322312,5.182217875
3.818,4.40498,234.996,0.52514,2.16054,0.243059605,28.13048445,-9.134117569,4.29057141
4.21343,7.49731,574.38,0.48284,1.44845,0.333349443,22.49713931,-8.372096172,5.60692193
3.76809,5.41592,611.575,0.47728,1.32563,0.360040132,23.69071856,-8.651411918,4.872519939
5.43231,6.88401,2652.58,0.69848,0.929347,0.751581487,16.61786156,-8.288066016,6.010622347
4.58097,8.98757,1795.98,0.61762,0.876216,0.704871858,21.02700062,-8.295760955,5.828803369
3.72816,5.21341,924.828,0.5918,1.19066,0.497035258,22.96561604,-8.114411994,5.50768966
4.18889,6.51947,1345.22,0.63434,1.08279,0.585838436,19.58674097,-8.392002066,5.803030838
4.41438,5.31747,683.676,0.51526,1.35237,0.381005198,26.83508852,-8.35458076,5.25900161
7.98957,9.17489,1485.28,0.61806,0.92991,0.664644966,24.99195045,-8.512431475,5.627588177
4.62328,7.09732,1337.42,0.57534,1.00078,0.574891585,21.43041137,-8.410810719,5.584132713
8.46338,9.84183,2436.44,0.77858,0.895692,0.869249697,32.72847127,-8.799779032,5.657571491
8.76011,10.02499,2419.17,0.78066,0.882826,0.884273911,40.31810443,-8.190618341,5.640491741
8.72369,10.01133,2425.72,0.78102,0.889531,0.878013245,40.85564531,-9.348818936,5.678892818
6.27169,7.47442,997.289,0.61248,1.39226,0.439917831,18.89303883,-8.801113454,5.577917463
3.9229,15.26539,1770.44,0.66484,0.842534,0.789095752,23.78187969,-8.156436859,5.588479535
4.62926,5.8356,1011.92,0.55576,1.09463,0.507714936,25.29386532,-7.208748565,5.823107679
4.61754,13.61739,2026.62,0.69804,0.953237,0.732283787,17.70142114,-8.518725153,5.787252186
4.2385,4.46346,746.839,0.51854,1.32222,0.392173768,26.08289362,-7.004398301,5.910196962
3.76789,6.48006,949.39,0.54878,1.27344,0.430942958,46.69885219,-8.164698966,4.91468133
3.78742,6.44133,952.764,0.5484,1.2672,0.432765152,44.76546996,-8.061060053,5.037469439
7.37206,12.27489,1966.41,0.71848,0.921667,0.779544022,21.11144101,-9.013563449,5.367382164
5.67876,6.04937,1037.17,0.58178,1.13736,0.511517901,21.6943655,-6.763147592,6.291473956
3.98908,6.09913,740.584,0.5408,1.3777,0.392538288,22.81158626,-8.51363379,5.365068377
4.00559,5.12851,430.546,0.46608,1.54997,0.300702594,50.20676071,-7.972342452,4.813430298
4.0299,5.17293,466.605,0.47528,1.53238,0.310158055,32.24697243,-8.164210257,3.899725081
4.53606,5.41046,1560.69,0.58092,0.911263,0.637488848,24.63949563,-8.222654055,5.651364865
4.62746,5.2704,1532.62,0.57776,0.917142,0.629956975,25.28200258,-8.221424867,5.604837488
5.65873,6.72021,855.781,0.53676,1.01181,0.530494856,20.63462171,-8.64231589,5.622356512
6.38772,6.55761,846.242,0.52014,1.0684,0.486840135,21.25637731,-8.619922647,5.64771395
5.67424,6.65442,807.053,0.49694,1.10163,0.451095195,22.76218564,-8.432057367,5.651830151
4.37328,6.19569,1623.32,0.593,0.902331,0.657186775,24.09709872,-8.272360856,5.674887769
4.69938,6.48146,1785.17,0.59726,0.892352,0.669309869,24.50267574,-8.259513645,5.649644112
3.68772,5.71975,750.803,0.54912,1.35451,0.405401215,24.50102925,-9.180607079,5.028601202
7.35837,9.71547,1177,0.57768,1.15099,0.501898366,44.86873568,-8.542653403,5.827257458
7.37011,9.7478,1186.68,0.57946,1.14404,0.506503269,44.17207741,-8.302593274,5.848974944
7.37414,9.69288,1192.44,0.58158,1.14102,0.509701846,44.04567535,-8.358804736,5.84761068
7.47258,9.62315,1199.31,0.58264,1.13645,0.512684236,39.38711176,-7.990171438,5.902265732
7.528,9.45566,1189.56,0.57994,1.15031,0.504159748,38.75486267,-8.47415534,5.584516066
13.20205,15.8929,2126.73,0.7288,0.679059,1.073249894,17.2708991,-8.780428701,5.537886671
4.49334,5.2699,639.599,0.53502,1.45263,0.36831127,32.14621885,-8.751681532,4.414055208
4.57602,6.51796,1152.25,0.59574,1.14323,0.52110249,19.39939298,-7.660722674,6.133082536
7.63768,8.1061,1313.96,0.66608,1.2392,0.53750807,21.68245899,-8.800261242,5.629759373
7.59473,8.2086,1354.21,0.66396,1.22736,0.540965976,21.48760359,-8.829890919,5.610819476
6.48147,6.85652,861.552,0.5653,1.67165,0.338168875,24.65546333,-7.703667844,5.855396937
7.35,7.87003,1598.45,0.63556,0.987944,0.643315815,16.45640657,-7.639631405,6.439037474
6.86498,10.43035,2752.25,0.71598,0.681319,1.050873379,19.76290108,-8.432307402,5.807374514
5.98929,9.0448,1309.45,0.61784,1.10047,0.561432842,17.32367765,-8.743304368,5.720579824
4.24745,5.20099,505.741,0.48648,1.20366,0.40416729,27.17058396,-7.994853745,5.121733901
4.15651,5.19203,410.768,0.44882,1.32487,0.338765313,27.11463578,-7.610283354,5.0620033
4.11856,5.10825,614.964,0.47928,1.21472,0.394560063,27.42841661,-7.905861181,4.935205192
4.13079,5.12494,593.397,0.47774,1.21393,0.393548228,27.45380566,-7.903706886,4.913120259
7.84062,14.9462,3658.67,0.80704,0.604715,1.334579099,10.65376945,-8.926152245,5.342209427
4.12363,5.10796,463.829,0.48212,1.21487,0.396849046,27.36152154,-8.083967792,5.042955068
7.96722,15.10109,3718.36,0.81186,0.589709,1.376712921,10.40096797,-8.899426788,5.348849125
7.94906,15.11067,3699.19,0.81026,0.589088,1.37544815,10.4187213,-8.924937172,5.356805659
7.95238,15.07723,3643.91,0.80894,0.591689,1.367170929,10.38714418,-8.940296341,5.314949318
7.94526,15.08768,3667.79,0.80922,0.589511,1.372697032,10.39748108,-8.93023374,5.314319395
7.91769,15.10036,3684.86,0.81016,0.589511,1.374291574,10.38759706,-8.864203886,5.413470346
5.12904,5.58245,2038.34,0.66094,1.03675,0.637511454,17.80692236,-8.317786632,5.941689742
5.02553,5.5169,2005.01,0.66172,1.03225,0.641046258,17.68809287,-8.323116762,5.919940057
4.22373,6.03384,965.378,0.57316,1.23375,0.464567376,26.34568434,-8.545977271,5.615413145
4.58117,6.38849,1162.58,0.58826,1.19854,0.490813823,25.76405926,-8.67774586,5.567295725
4.59516,6.36899,1154.29,0.59546,1.19858,0.496804552,25.82228832,-8.667523288,5.589441657
6.98017,7.83578,1525.44,0.61456,0.980713,0.626646124,17.9818561,-8.167245629,6.111679186
4.8025,6.50583,673.201,0.51554,1.599,0.322414009,34.38926375,-7.662499587,4.929256909
4.91174,6.50945,835.098,0.51856,1.32827,0.390402554,33.13565402,-7.538610788,4.848109337
23.23987,28.19349,2993.89,0.88298,0.305679,2.888585739,11.8943903,-8.359612462,5.570423982
4.96103,5.44623,234.038,0.40304,1.63073,0.247153115,22.8717994,-8.271287143,5.273573416
4.00276,9.01794,899.793,0.55688,1.24682,0.446640253,20.08079476,-9.115779498,5.314691324
9.13273,10.62623,1789.43,0.68422,0.914395,0.748276183,31.37963434,-8.698541849,5.568023355
9.10715,10.65559,1777.69,0.68372,0.918282,0.744564306,31.02789947,-8.626928939,5.56111196
9.07282,10.68647,2078.29,0.68016,0.778283,0.873923753,25.97238626,-8.61695993,5.585401471
3.83801,5.05177,685.855,0.54018,1.20269,0.449143171,28.60554421,-7.034828138,5.614129733
10.84114,11.21149,1298.71,0.63396,1.13101,0.560525548,21.99890846,-8.141987091,6.143533184
10.99568,11.61678,1344.14,0.64782,1.13145,0.572557338,19.95411566,-8.163926791,6.158891306
10.8267,11.26396,1333.08,0.64048,1.13289,0.565350564,21.74400492,-8.031878294,6.218425003
10.94497,11.57288,1350.73,0.64468,1.13911,0.565950611,20.50238861,-8.158974963,6.176628228
6.16862,9.2766,1485.27,0.6488,1.10826,0.585422193,14.78612697,-9.186813958,5.257454044
5.38961,7.62039,483.849,0.48832,1.67019,0.292373922,24.78860273,-8.284396222,5.494221598
4.93889,7.18261,458.227,0.48322,1.60057,0.301904946,24.63740967,-8.189311182,5.435067981
10.83458,11.54579,1268.2,0.6411,1.17672,0.544819498,20.98877115,-8.199793061,6.147861332
10.82299,11.31191,1246.5,0.63556,1.17016,0.5431394,22.43014889,-8.220410842,6.046314788
4.67755,5.68214,1015.19,0.60378,1.62598,0.371332981,35.43909525,-8.613349883,5.407750246
5.22927,16.36523,2760.4,0.71038,0.720658,0.985738034,22.2648261,-8.502018605,5.738439414
5.15011,5.65834,2097.92,0.66534,1.02534,0.648896951,17.47639837,-8.421803991,5.910708376
4.63206,7.74471,600.367,0.48252,1.3092,0.368560953,20.65170592,-8.346544919,5.675295166
3.67055,11.52297,1495.4,0.64788,0.903784,0.716852699,15.31651917,-9.483060692,4.990287058
3.82499,11.61384,1502.42,0.6444,0.903214,0.713452183,16.73037195,-9.289187147,5.23253923
3.82654,11.61381,1503.47,0.64454,0.901728,0.714783172,16.69062931,-9.227799198,5.208631694
3.66396,11.60905,1465.14,0.6442,0.909829,0.708045138,21.73775843,-9.176475039,5.270967433
3.69478,11.33313,1467.87,0.65444,0.92841,0.704904083,14.66551578,-9.522728657,4.946244244
4.61822,5.47299,1382.86,0.62922,1.35698,0.463691432,32.5654161,-7.835054496,5.237155201
4.60331,5.44704,1367.15,0.62954,1.3755,0.457680843,30.78920929,-7.848724254,5.338769514
4.59352,5.41612,1289.24,0.62976,1.41024,0.446562287,27.11286767,-7.905973234,5.731410923
4.61623,5.47631,1754.71,0.63378,1.08146,0.586041093,29.37654194,-7.726351732,5.607037008
4.04304,5.72411,631.656,0.51634,1.14687,0.450216677,26.35916864,-8.194594492,5.298311606
3.84303,5.28042,474.798,0.51602,1.17037,0.440903304,29.17659078,-8.409361528,5.005448602
12.93727,30.84703,6013.66,0.9055,0.237231,3.816954782,26.34747557,-8.276812583,5.533839082
4.93164,5.53296,858.384,0.5458,1.1424,0.477766106,28.51819453,-7.736643654,4.954084677
5.53555,6.18995,1283.69,0.58934,1.00925,0.583938568,24.43465515,-7.616796622,5.450018179
5.22397,7.6925,1268.05,0.57298,0.967552,0.592195562,27.99029072,-8.192684005,5.117913914
8.02852,8.8151,894.431,0.57682,1.47492,0.391085618,29.32184131,-9.397165409,5.211870828
8.12377,8.81658,1115.57,0.58256,1.17608,0.495340453,26.7074623,-9.259875999,5.242785265
8.36992,8.94248,682.131,0.54522,1.63113,0.334259072,16.2508793,-8.89482219,5.746835997
5.32208,7.1432,2111.95,0.6522,0.951672,0.685320152,22.45002723,-8.665885585,5.695686799
3.66339,14.47047,2032,0.72416,0.794221,0.911786518,35.80621685,-8.334000307,5.059654112
4.26632,4.42679,628.494,0.52602,1.31307,0.400603167,25.79291477,-7.239722024,5.56092584
4.34625,4.49444,704.473,0.5303,1.29869,0.408334553,25.24869194,-7.241763105,5.728152232
4.22902,4.41727,599.734,0.52672,1.31505,0.400532299,25.92855823,-7.329256065,5.586812236
7.34267,7.85539,1558.53,0.63556,0.993925,0.639444626,16.52159446,-7.641045113,6.454937382
7.22608,7.76352,1527.34,0.62892,0.996606,0.631061824,16.57356599,-8.145947828,5.901720116
7.60574,8.05582,1646.37,0.63604,0.990751,0.641977651,16.48122439,-7.689094656,6.420353541
8.58608,10.19056,3037.95,0.73974,0.702208,1.053448551,24.78014817,-8.484408956,5.835944353
4.98443,6.38657,2856.74,0.68188,0.814512,0.837163848,19.62494558,-8.309133544,5.912695455
5.20358,5.89707,2250.81,0.69818,1.03265,0.676105166,12.94209731,-8.829810643,5.638955991
6.70425,10.12176,3057.45,0.74078,0.708799,1.045119985,16.3863434,-8.353083749,5.928371473
4.21433,4.92676,2110.48,0.65442,0.888887,0.736224064,19.22404674,-8.343495932,5.879176612
4.38596,4.69951,2426.46,0.66926,0.872213,0.767312572,18.75095458,-8.273409326,5.864722512
5.1936,5.99511,624.62,0.50944,1.69632,0.300320694,30.86279284,-7.835001023,4.840445282
5.21528,5.97003,660.945,0.51094,1.65966,0.307858236,41.45247145,-7.841967468,4.219141326
3.98805,5.24448,1255.43,0.61198,1.10666,0.552997307,22.45187047,-8.322495245,5.136595487
4.0676,5.24396,1160.37,0.60512,1.11955,0.540502881,22.84167094,-8.52480694,4.834164404
6.47199,8.31266,3466.08,0.75368,0.679186,1.109681295,13.39984639,-8.281439006,6.018721931
5.95196,8.43693,1052.18,0.60916,1.35381,0.449959743,19.78176871,-8.394469295,5.822985197
4.03318,4.87776,198.185,0.36024,1.72206,0.209191317,32.35361205,-7.198075522,5.014270312
4.98966,6.78942,659.571,0.47808,1.39975,0.341546705,23.01717562,-8.092226284,5.36290931
6.83328,8.71902,4053.73,0.75098,0.58944,1.274056732,14.21066982,-8.380199322,5.882137836
7.40782,9.82923,4304.34,0.78316,0.512153,1.529152421,13.18602262,-8.44999764,5.71690991
4.96284,7.94411,2747.84,0.69578,0.80119,0.868433206,16.00659807,-8.41267881,5.928479238
3.76656,4.92821,478.119,0.4979,1.39799,0.356154193,26.3061269,-8.749713118,4.553067209
5.71555,6.38354,1665.64,0.64902,1.16333,0.557898447,20.7736169,-8.233360559,5.815259847
5.25681,6.23207,783.278,0.53884,1.2688,0.424684741,22.88579621,-8.040327622,5.533733908
8.17838,9.69532,2350.29,0.69962,0.723839,0.966540902,17.20202991,-8.183420333,6.085410748
8.02301,8.65383,1417.97,0.67562,1.19399,0.565850635,21.3982253,-8.800874283,5.650156818
7.41946,8.13654,1329.86,0.65856,1.23579,0.532906076,21.55890754,-8.847101929,5.631551762
7.56134,8.20693,1374.29,0.66664,1.2172,0.547683207,21.47099859,-8.83174869,5.635380541
8.24178,8.77466,1446.44,0.67988,1.17605,0.578104672,21.2530453,-8.721155644,5.627356786
7.97366,8.72478,1424.17,0.67888,1.18471,0.573034751,21.3218895,-8.769449282,5.634642588
7.91648,8.46136,1379.13,0.66582,1.21276,0.549012171,21.34642312,-8.772258926,5.63559019
6.77563,8.78676,2257.23,0.67368,0.847279,0.795109993,28.99721206,-8.529077544,5.72359784
6.32665,6.70484,1949.79,0.64806,1.05966,0.611573524,19.01376805,-7.995518737,5.98695632
7.39172,8.11347,1343.63,0.6662,1.23046,0.541423533,21.53026159,-8.828078629,5.620317202
6.34214,6.70637,2032.5,0.65784,1.04875,0.627261025,18.82888931,-8.047329084,6.009504379
6.34258,6.71551,1962.77,0.6487,1.05531,0.614700894,18.96562367,-8.040204706,5.9791687
6.35537,6.73279,2042.84,0.65872,1.03071,0.63909344,18.49003033,-8.045807397,6.002734814
5.71334,5.97543,1104.1,0.56576,1.17893,0.479892784,21.19497606,-7.225081509,6.140360685
6.62162,13.20026,2185.7,0.72742,0.879921,0.82668785,24.00861596,-8.644285203,5.828440475
6.63983,13.19327,2182.23,0.72302,0.881013,0.820668935,24.10671159,-8.6427235,5.853059491
6.43639,7.99336,2618.98,0.6771,0.786263,0.861162232,17.85528795,-8.379183161,5.895529
7.50509,8.78838,2812.45,0.69804,0.73171,0.953984502,17.40659208,-8.403512703,5.838914518
6.85068,8.29809,2367.94,0.66012,0.790491,0.835075921,17.90626847,-8.330135615,5.949828259
4.97565,9.55153,2496.75,0.69406,0.85378,0.812926047,17.75863805,-8.91189853,5.531216884
4.76966,9.887,2373.6,0.6954,0.851934,0.816260415,17.73181547,-8.988446099,5.457022058
4.93119,10.25301,2070.74,0.68658,0.903826,0.759637364,18.57623498,-9.175463097,5.302135609
5.14189,6.12649,1490.06,0.64744,1.25484,0.515954225,34.56079116,-7.937088793,5.662767982
3.66642,4.75905,1024.07,0.61404,1.08192,0.567546584,23.92658828,-8.220640797,5.66691809
3.95878,4.93273,1310.83,0.61448,1.06916,0.574731565,23.19445703,-8.083916784,5.723567426
6.57882,13.17245,2205.4,0.72624,0.881994,0.823406962,23.86186075,-8.608524146,5.826263085
3.68852,6.42481,1061.32,0.61162,1.14433,0.534478691,22.44424652,-8.528752335,5.460544834
11.59411,12.99556,4771.76,0.83964,0.409914,2.048332089,11.06734274,-8.721626761,5.366567633
6.74513,8.35438,1218.74,0.60408,1.25512,0.481292625,19.21218874,-8.564278752,5.949103031
6.59808,7.55155,673.922,0.53124,1.24948,0.42516887,25.01492311,-8.457001445,5.506999259
10.30174,11.25061,2295.26,0.6833,0.775347,0.881282832,14.19315904,-8.751012545,5.564636745
3.79637,4.80272,932.04,0.57686,1.43298,0.402559701,38.24545069,-7.913627923,4.708368273
10.10535,14.87522,2467.99,0.73434,0.621573,1.181421973,24.66242328,-8.88072691,5.317729978
5.81764,9.82615,2428.56,0.67298,0.800346,0.840861327,16.18393401,-8.466486174,5.86578394
5.23411,7.25953,2259.19,0.6993,1.08539,0.644284543,30.12487787,-7.775370108,5.829867259
3.72635,4.38797,354.32,0.45094,1.29817,0.347365907,27.59275503,-8.784523574,4.563864736
5.46816,6.01068,430.281,0.43852,1.45362,0.30167444,21.29833676,-8.187030872,5.562312753
6.06319,6.18933,330.08,0.43072,1.70548,0.252550602,20.55256078,-7.865840588,5.587342062
5.92233,6.03338,305.661,0.42442,1.73347,0.244838388,21.02704174,-7.756112503,5.548321592
6.00668,6.11363,314.383,0.43214,1.71163,0.252472789,20.26920659,-7.880462882,5.609309107
5.83736,5.92922,299.371,0.43056,1.70704,0.252226076,19.9595057,-7.975436486,5.730958485
5.25293,6.848,3392.1,0.70984,0.694132,1.022629702,20.21820926,-7.990494649,6.028704168
5.17767,6.83932,3473.53,0.70056,0.667047,1.050240838,20.16343403,-8.04105821,6.016637454
12.22348,12.9835,1839.36,0.6619,0.782876,0.845472335,24.69233699,-8.19949756,5.285922079
12.01283,12.20204,2023.44,0.67448,0.782648,0.861792274,23.51902835,-8.042120358,5.446096201
5.4183,7.18408,3337.29,0.70438,0.735724,0.957397067,17.16011216,-8.282175834,5.933743163
5.47476,7.19373,3000.72,0.68262,0.743514,0.918099726,18.79871124,-8.33931413,5.889219041
9.55919,10.5248,746.086,0.59442,1.53175,0.388065938,35.33091074,-8.15327727,5.678548234
9.57688,10.52986,745.984,0.59654,1.52454,0.391291799,44.12576014,-7.718252358,5.675634809
6.99995,7.05969,1189.62,0.58384,1.17586,0.496521695,21.45886005,-7.433389683,6.026650235
6.93916,7.05263,1199.54,0.58244,1.17979,0.493681079,21.75428844,-7.441337865,6.01815262
7.259,11.15594,2281.39,0.72028,0.82433,0.873776279,15.34694645,-8.999432975,5.370232416
6.94851,8.92381,756.405,0.54424,1.37984,0.394422542,24.81288094,-9.106705887,5.259503757
7.41632,9.35755,1289.22,0.6152,1.16758,0.526901797,27.17508739,-8.55743312,5.590587546
3.89872,4.64123,115.402,0.45456,1.60316,0.283540008,27.02070074,-8.859595322,4.515785069
3.9752,4.69623,180.155,0.45984,1.55724,0.29529167,26.62741592,-8.782406532,4.550377414
3.93255,4.67591,113.992,0.45682,1.57743,0.289597637,28.07363877,-8.807377285,4.450815032
8.25863,8.38886,1942.74,0.70438,0.927218,0.759670326,14.89273297,-8.107743418,6.167253675
4.66211,4.98254,210.989,0.4197,1.2855,0.326487748,31.01054514,-7.27878962,4.322901782
7.45,11.94,4386.62,0.78,0.56,1.392857143,10.96661234,-8.440710882,5.780266732
10.73897,12.08735,2440.63,0.73534,0.620401,1.185265659,26.32317822,-8.622077083,5.43138319
11.20672,12.48204,2276,0.73952,0.609743,1.212838852,16.65228373,-9.00272553,5.233035877
10.9248,12.15024,3246.87,0.75918,0.559582,1.356691245,24.27069134,-8.476096805,5.580783651
6.39643,8.94506,2007.8,0.6734,0.932619,0.722052628,17.571773,-8.420816361,5.884230269
6.44823,7.27421,797.998,0.57912,0.918654,0.630400564,25.20507967,-7.861882083,5.643388668
3.94411,5.155,699.82,0.56988,1.22508,0.465177784,24.16930468,-8.687782188,4.934115057
5.36256,5.56311,718.415,0.47334,1.26306,0.374756544,23.15507192,-7.644854952,5.658367045
7.76727,8.48559,3355,0.7571,0.69107,1.095547484,11.93101576,-8.414460202,5.862098733
5.37593,14.40357,2089.1,0.69962,0.783218,0.893263434,13.84355182,-8.751990514,5.579693964
9.55228,10.05089,2141.9,0.717,0.899208,0.797368351,17.09736541,-8.942250203,5.446109785
4.62153,5.52258,365.317,0.4535,1.32625,0.341941565,29.69231443,-7.873317743,4.750390025
4.61719,8.09113,771.959,0.54146,1.43313,0.377816388,28.75926708,-9.208426839,5.276523456
6.03948,7.12468,730.309,0.49814,1.31037,0.380152171,18.78584822,-7.91558484,5.914708721
3.80073,4.65952,319.49,0.47004,1.92155,0.244615024,41.3760988,-8.340421456,4.418021604
4.97084,6.35231,1278.6,0.61446,1.25899,0.488057888,23.21421595,-8.553884135,5.784759644
4.32378,9.74723,2428.55,0.67384,0.807529,0.834446812,24.3921306,-8.740830318,5.55740735
10.86579,15.71457,2959.34,0.74806,0.592467,1.262618846,21.70525433,-8.662121715,5.478244131
4.41973,5.37557,911.572,0.55872,1.14422,0.488297705,22.91504936,-8.521910039,5.271102331
3.87866,4.96812,508.341,0.5069,1.29312,0.391997649,27.98412409,-8.160523312,4.444699948
3.70386,6.00734,934.16,0.59662,1.19067,0.501079224,24.06357371,-8.769827068,5.095495581
5.81739,6.97253,843.277,0.52428,1.26357,0.414919632,22.152326,-8.091623455,5.670988665
5.80169,6.72204,921.447,0.51564,1.15116,0.447930783,21.90576145,-7.993570894,5.717877788
3.84947,5.24315,381.844,0.4865,1.8144,0.268132716,21.35250376,-9.085530649,4.945271887
6.73057,10.62365,2452.46,0.69298,0.736025,0.941516932,18.47082136,-8.551817949,5.71916016
3.8044,5.13889,451.983,0.48024,1.3464,0.356684492,32.2709881,-9.548764524,4.915105561
3.64059,4.89772,140.985,0.46586,1.88802,0.246745268,22.62151855,-9.117620565,4.831147276
3.6521,4.84681,273.42,0.4624,1.89478,0.244038886,22.74112152,-9.076445297,4.747426597
6.73872,7.36714,802.124,0.52834,1.14671,0.460744216,49.12767591,-8.921383799,5.021389953
6.12269,7.18204,1987.51,0.62472,0.866215,0.721206629,17.43300713,-8.118069592,6.046753656
4.52304,6.18548,956.292,0.53814,1.1169,0.48181574,25.49688716,-8.521686813,5.08819245
6.90616,7.0595,1851.69,0.67238,1.03857,0.647409419,16.48209964,-8.707177943,5.770831312
4.02928,4.2096,365.104,0.58924,1.31378,0.44850736,26.37826334,-7.560534149,5.569927334
5.24575,8.69858,1773.98,0.66012,0.922778,0.715361658,18.12378229,-8.543557487,5.54572155
4.63324,6.07207,1540.89,0.6043,0.941113,0.642112052,21.26520036,-7.791834172,5.832776172
3.92478,4.31733,207.566,0.4407,1.79014,0.246181863,27.26361783,-8.134100629,5.448156841
4.01932,5.55473,214.715,0.45826,1.57489,0.290979053,27.4496188,-8.321702316,4.843062555
4.63235,7.88517,1719.26,0.61816,1.00373,0.615862832,21.17868867,-8.914808086,5.471174526
7.31301,9.31104,3126.58,0.78852,0.758181,1.040015511,8.79849912,-8.941201138,5.364173167
4.02438,5.16708,453.925,0.49008,1.34501,0.364369038,27.93375846,-8.752175628,4.775221506
5.1125,6.9378,1109.02,0.56054,1.1916,0.470409533,26.94592496,-7.943478817,5.640666652
5.02444,6.09614,1193.75,0.55906,1.07096,0.522017629,24.78377056,-7.947049658,5.588739228
4.41521,10.6324,2361.57,0.66208,0.802555,0.824965267,22.63291605,-8.050055825,5.84290798
4.56022,11.19601,1303.43,0.6639,1.01627,0.653271276,25.41009975,-9.783021438,4.649250171
4.60621,6.67033,1295.12,0.61006,1.09473,0.557269829,21.7346199,-8.588694776,5.445981118
4.20151,5.78959,206.217,0.42702,1.67755,0.25454979,32.01924467,-8.589278499,4.79988947
5.27904,6.90179,1266.7,0.56356,1.10178,0.511499573,23.51254464,-7.820995656,5.708086862
4.04507,8.51649,2329.78,0.66468,0.818285,0.812284229,22.09262561,-8.041345447,5.889690481
8.40687,9.12835,2507.28,0.68464,0.738025,0.927665052,17.50605415,-8.612113228,5.692296013
3.91911,5.07339,1147.2,0.58102,0.938456,0.619123326,27.59302789,-7.862689695,5.316085969
3.66545,4.59121,542.599,0.60216,0.929855,0.647584838,29.35021063,-8.227035235,4.60315815
3.66545,4.59128,543.093,0.60216,0.929855,0.647584838,29.36041767,-8.21604643,4.622120119
9.5428,10.72174,1430.84,0.66024,1.08933,0.606097326,37.96267124,-8.096024297,5.798907999
8.98959,10.11718,1374.14,0.64986,1.13998,0.570062633,42.73259649,-8.057318196,6.086342921
3.85298,4.70069,755.204,0.56774,1.25512,0.452339219,25.05108532,-7.986822395,5.624947336
4.18847,5.89344,1389.07,0.57098,0.984353,0.580056138,25.33911603,-8.079330271,5.426495779
6.33455,7.14824,1027.8,0.57896,1.33984,0.432111297,18.76653537,-8.194704924,6.075413908
4.54627,6.18172,1005.47,0.60372,1.23378,0.489325488,21.96456539,-8.614737251,5.446345313
4.05076,5.68269,1590.27,0.6309,1.1925,0.529056604,21.16914173,-7.978564115,5.92917628
4.00719,5.98694,1010.01,0.54588,1.17836,0.463254014,25.17591311,-8.338315507,5.127731303
4.60339,4.87462,285.35,0.37256,1.60547,0.232056656,27.48086943,-7.34979289,5.466316826
3.90104,4.69422,296.044,0.43882,1.33698,0.328217326,31.65939209,-7.482759362,4.736958481
6.43412,7.20706,2624.97,0.71492,0.83873,0.852383961,16.0123656,-8.043114839,6.238751156
6.92579,7.42094,498.884,0.46864,1.50963,0.310433682,20.72542466,-8.158127574,5.802728063
5.40906,8.4438,3284.48,0.70766,0.731873,0.966916391,17.18965872,-8.182451926,6.008679762
4.1146,4.69191,311.041,0.42404,1.30005,0.32617207,35.40370921,-6.725693189,4.175810225
4.25541,5.19491,188.393,0.43368,1.88967,0.229500389,21.62392507,-8.414007012,5.32679566
4.27967,4.42868,135.71,0.37726,1.82154,0.207110467,24.53401125,-8.883583227,4.71182319
10.37066,13.68087,4692.64,0.83192,0.399582,2.081975665,13.09892242,-8.565644522,5.504075207
8.2906,12.65101,4436.15,0.81062,0.451159,1.796750148,14.85101685,-8.557032896,5.559195951
8.36781,12.42499,4239.14,0.7967,0.470537,1.693171844,16.5684545,-8.595199239,5.571720418
5.30329,7.14215,2098.6,0.65274,0.862488,0.75681053,21.82712419,-8.745539612,5.547478856
8.94797,13.15242,3506.84,0.74066,0.566631,1.307129331,20.41377264,-8.478847003,5.735514646
5.00759,11.37766,3139.42,0.71074,0.697273,1.019313813,19.34984125,-8.307993759,5.907933687
7.77952,8.82467,2976.96,0.7072,0.718839,0.983808614,17.44313589,-8.532324348,5.758866639
4.73179,6.93499,1689.63,0.61848,1.00825,0.613419291,35.20577879,-8.384801547,5.791825351
7.97255,8.86609,1511.99,0.60424,0.87729,0.688757423,24.87281458,-8.659939913,5.36720947
4.27765,4.88487,730.364,0.49106,1.14926,0.427283643,25.65484639,-7.892148521,5.603449612
5.12266,5.62501,1157.78,0.5562,1.0421,0.533729968,24.74454897,-8.116329749,5.442197679
9.32974,13.77283,2286.62,0.72532,0.843356,0.860040125,19.67327495,-9.02207153,5.28686032
3.81365,4.71595,701.475,0.64466,1.35498,0.47577086,22.44037116,-9.252205667,5.07944506
3.84866,5.6085,427.534,0.4557,1.73795,0.262205472,25.72905999,-8.157488941,4.947876045
3.84215,5.27232,584.482,0.47752,1.23985,0.385143364,26.26476205,-7.750194419,5.53708215
3.95007,11.48833,1492.91,0.64682,0.911589,0.709552221,17.53536492,-9.027813382,5.357030511
4.43874,6.62548,2427.27,0.64624,0.811884,0.79597578,21.16171103,-8.068336804,5.983632006
3.81876,4.7672,131.656,0.41302,1.57647,0.261990396,28.97459962,-7.464433292,5.198293107
4.28444,5.65806,664.674,0.49896,1.20241,0.414966609,27.0094775,-8.766798506,4.648345327
3.75359,5.03348,826.28,0.57298,1.1597,0.494076054,27.98118978,-8.229846495,4.977796783
3.69451,4.50033,508.573,0.517,1.24564,0.415047686,30.06270719,-8.063545803,5.051601345
3.71858,4.78803,541.766,0.53652,1.19719,0.448149417,27.87054769,-8.033089594,4.871487498
3.69598,4.44242,501.786,0.50626,1.23691,0.409294128,29.9547579,-8.066259459,5.058432471
4.61369,6.14578,616.988,0.51648,1.50948,0.342157564,24.76183985,-8.31955045,5.28057336
4.35003,4.8099,444.516,0.47026,1.31666,0.357161302,29.075889,-7.337094985,4.949562684
4.36617,4.80367,469.707,0.46938,1.30952,0.358436679,28.86050085,-7.39478608,5.042868829
4.37549,4.80264,467.526,0.46958,1.30838,0.358901848,28.86626712,-7.42292959,5.023827206
4.4419,4.88368,484.71,0.47394,1.30126,0.364216221,28.36647514,-7.320167562,5.04068602
4.99633,6.92653,1215.22,0.54532,1.00914,0.540380918,22.55944981,-7.893314566,5.823957486
4.35902,6.98892,1138.69,0.53808,1.03033,0.522240447,22.76107517,-7.937220708,5.65385322
4.36886,6.62446,1144.27,0.53822,1.02982,0.522635024,22.82951341,-7.919161351,5.672039205
4.39558,6.01435,1011.23,0.5274,1.05478,0.500009481,23.14483844,-7.826978643,5.659671616
4.80527,6.77386,1210.17,0.54094,1.02251,0.529031501,23.12751875,-7.827620905,5.800220032
5.94334,7.58539,1300.06,0.56098,1.03555,0.54172179,23.98949257,-8.061904661,5.283142764
4.90874,14.98186,640.013,0.54528,1.48119,0.368136431,20.72978557,-9.456222482,5.058780489
3.8643,4.98882,625.103,0.56412,1.23289,0.457559069,34.10580092,-8.684016303,4.689316773
3.9606,4.38835,693.085,0.49638,1.21218,0.40949364,31.24817621,-8.357234966,4.423122676
22.89921,24.23226,4095.95,0.82914,0.438068,1.892719852,13.15493697,-8.546164797,5.598164891
7.55924,8.25861,1410.1,0.66728,1.22262,0.545778737,21.27326859,-8.757720713,5.646142461
4.56824,5.42772,460.817,0.54228,1.09568,0.494925526,25.68863792,-8.293075181,4.73527402
3.79898,4.65972,411.308,0.49854,1.24715,0.399743415,27.84446695,-7.399057508,5.435648558
4.83612,6.31608,826.254,0.56294,1.45624,0.386570895,41.93010995,-8.105998124,4.563675158
4.85437,6.33067,834.35,0.56262,1.46159,0.384936952,40.43819891,-8.201956566,4.576539635
4.82644,6.32321,800.893,0.55948,1.48289,0.377290291,37.47003331,-8.331986588,4.563868921
6.56871,13.17014,2198.69,0.72452,0.882705,0.820795169,23.71456743,-8.650874671,5.800498087
7.22847,8.1734,1386.22,0.66494,1.21949,0.545260724,21.69278158,-8.789936766,5.603790488
7.35206,8.09472,1311.78,0.65968,1.24694,0.529039088,21.62880387,-8.800704685,5.619531187
7.49345,7.99802,1365.52,0.66716,1.22768,0.543431513,21.51977627,-8.786588707,5.570957363
7.11073,8.11816,1374.07,0.66288,1.22088,0.542952624,21.39274345,-8.809629735,5.66630594
6.10487,6.74707,1222.91,0.57302,1.02439,0.5593768,26.5327874,-8.27794162,5.678420583
6.25774,7.86092,1727.23,0.6746,1.30122,0.518436544,26.96424975,-8.287082154,5.879072115
5.83008,6.35635,1370.15,0.63194,1.00359,0.629679451,18.86447051,-8.691852441,5.308694922
11.17997,13.79937,2249.43,0.80124,0.783809,1.022238836,23.21965108,-8.322178849,5.830544684
6.24008,6.85464,1439.89,0.6169,1.16526,0.529409745,23.29475792,-8.793334954,5.656080694
6.41478,7.19202,1165.68,0.59802,1.40092,0.426876624,18.14612017,-8.377673469,5.977096281
6.32764,7.11427,1149.29,0.59096,1.42622,0.414354027,18.52720866,-8.33127684,5.976452048
6.30763,7.09807,1135.13,0.59022,1.42891,0.413056106,18.36988442,-8.288765791,5.997143266
4.09815,5.37516,645.677,0.51398,1.22032,0.421184607,27.99608485,-7.274314683,5.527116066
4.19267,5.26486,1104.7,0.64204,1.20943,0.530861646,14.87644857,-9.905007164,4.625502527
4.04783,6.75773,1022.93,0.58036,1.05377,0.550746368,22.37275285,-8.51763007,5.513863362
4.04035,10.661,1677.69,0.62342,0.932992,0.668194368,21.213602,-8.555049886,5.678709449
3.78199,4.49854,295.342,0.44166,1.42532,0.309867258,31.69493259,-7.313867089,4.207904406
5.81733,7.38156,3090.39,0.70562,0.675677,1.044315553,17.89787652,-8.423849808,5.699009295
4.8353,6.30273,1277.49,0.6085,0.968672,0.628179611,22.03191663,-8.304969803,5.710874226
3.98171,5.44159,896.095,0.5447,1.19373,0.456300839,21.64093088,-8.069412568,5.778466544
4.73885,6.1103,1051.46,0.576,1.15278,0.499661687,24.20082754,-8.035209955,5.66524056
6.807,7.01875,207.074,0.32878,2.47032,0.133092069,41.54222524,-7.715677341,4.27350448
5.67068,6.77742,2686.05,0.71204,0.861722,0.826298969,14.27247818,-8.617837232,5.740456218
5.3119,10.2017,2648.12,0.68248,0.774012,0.881743436,16.44764539,-8.304632355,5.96455986
3.81172,5.01926,223.685,0.4194,1.35653,0.309171194,31.0296515,-7.292865055,4.914364462
4.81444,7.03658,1269.96,0.59182,1.1542,0.512753422,41.06174408,-8.318775459,5.502197054
4.78738,7.0082,1261.98,0.59226,1.16844,0.506880969,29.54349031,-8.373670742,5.535261782
10.32446,18.78161,4245.79,0.83804,0.429891,1.949424389,16.95784179,-8.898566614,5.299437627
13.79843,19.36968,1649.85,0.7522,0.712953,1.05504851,31.50582953,-9.015395633,5.516795029
7.52574,10.57455,2376.21,0.67474,0.823179,0.819675915,18.33581187,-8.466773225,5.820413855
9.63813,13.66711,3236.97,0.77846,0.628902,1.237808116,17.35778468,-8.557006387,5.720391536
4.48052,9.13035,2899.43,0.70972,0.761383,0.932145845,17.94611616,-8.38585917,5.906110815
3.99697,5.16699,516.86,0.5247,2.08607,0.251525596,26.33153061,-8.755219545,5.20410021
4.5792,7.24657,1032.81,0.55594,1.09306,0.50860886,25.99514036,-7.796477898,5.415665691
4.51731,7.20509,1108.32,0.54452,1.01682,0.535512677,26.25715675,-7.826316411,5.425927273
4.48545,7.24877,1094.73,0.53936,1.0306,0.523345624,27.08060263,-7.744794731,5.381642252
4.4286,7.2141,1047.88,0.53394,1.05667,0.5053044,27.79604885,-7.716976874,5.347310841
5.83185,7.9794,2187.08,0.63504,0.893496,0.710736254,21.22016221,-8.313321773,5.980789199
3.7748,5.00183,259.86,0.47338,1.2693,0.372945718,30.4198116,-7.831404262,4.714105463
5.40028,6.57121,1507.53,0.63392,1.35328,0.468432253,18.19423515,-8.182382696,5.994933086
6.34979,8.7673,1243.03,0.6455,1.30492,0.49466634,15.66659565,-8.829416239,5.686565979
5.90829,8.29808,1204.14,0.63394,1.34322,0.47195545,16.12819461,-8.805382534,5.72843832
6.10924,8.54677,1220.15,0.63876,1.32937,0.480498281,15.92779687,-8.820635413,5.712645959
6.43433,8.86217,1218.99,0.6429,1.31015,0.490707171,15.66531693,-8.841580546,5.700700146
4.75945,5.14269,1249.98,0.63368,1.14921,0.551404878,19.27081694,-8.407024616,5.598709779
5.22417,5.68466,1344.05,0.60904,1.23934,0.491422854,21.29538021,-8.14968013,5.729184778
4.65091,5.41853,1218.92,0.58148,1.04463,0.556637278,26.76615869,-8.047713832,5.513160515
4.63526,4.71055,359.961,0.49424,1.47308,0.335514704,30.41410987,-6.436906687,6.111052509
5.90244,8.31991,1217.75,0.63882,1.33036,0.480185814,16.07576923,-8.738938628,5.76133216
5.26943,8.20629,1192.87,0.63058,1.3504,0.466957938,16.07436196,-8.695164614,5.77895671
5.89473,8.3593,1221.37,0.63852,1.33036,0.479960311,16.03983129,-8.747119287,5.785218449
4.96773,7.1388,752.034,0.55802,1.60251,0.348216236,34.12276939,-8.16733418,4.824701706
6.09762,8.30632,3278.57,0.72956,0.751545,0.970746928,14.6445062,-8.624262859,5.717253626
4.37155,6.2978,582.065,0.57482,1.16372,0.493950435,22.09760397,-8.123360886,5.608926693
5.39006,6.29398,698.188,0.53046,1.61584,0.328287454,39.69142927,-8.019486999,4.289664327
5.04643,7.11235,728.537,0.55428,1.65932,0.33404045,27.36280507,-7.87127278,5.215131288
4.93769,7.17498,768.874,0.55424,1.56952,0.353127071,30.11533456,-8.091807767,5.134944927
4.46538,5.96732,827.695,0.53506,1.62337,0.329598305,21.77469551,-7.662416942,6.040939845
4.3172,5.93545,848.308,0.53552,1.61863,0.330847692,22.01971228,-7.647995843,6.075343612
7.15317,8.23557,1624.35,0.6312,1.10058,0.573515783,21.46927022,-8.487761565,5.851651535
5.11829,6.27903,1042.19,0.55842,1.43647,0.388744631,31.31569301,-8.261545605,5.37968161
6.04018,12.498,5222.56,0.80136,0.48038,1.668179358,13.09191597,-8.335468806,5.78653059
5.98085,11.72616,5220.51,0.79364,0.505624,1.56962486,13.8379502,-8.291089257,5.888719819
6.09657,11.74556,5207.64,0.78906,0.512375,1.540004879,14.2143892,-8.234513218,5.892585696
6.07261,11.19548,4990.44,0.77704,0.54262,1.432015038,15.31667953,-8.167306729,5.937480563
5.92931,9.82687,3933.94,0.73554,0.641251,1.147039147,20.68386719,-7.971771289,5.871828981
6.14212,9.81532,3146.97,0.71292,0.699468,1.019231759,24.03156135,-7.826756328,5.827192447
6.12776,9.73892,3092.62,0.70812,0.704912,1.004550923,24.10275842,-7.865450515,5.841885521
6.11183,9.64899,2949.59,0.7033,0.717947,0.979598773,24.42488627,-7.840593128,5.79569128
6.07844,9.5277,2899.02,0.70114,0.722374,0.970605254,24.43488199,-7.830854793,5.807562802
6.0393,9.30813,2795.16,0.69782,0.731985,0.953325546,24.44025498,-7.820830221,5.785622084
5.36113,10.95537,5056.56,0.77612,0.533113,1.455826438,14.83870518,-8.227684503,5.860293038
5.41503,11.30468,5059.07,0.7839,0.512269,1.530250708,18.84172597,-8.168680504,5.984124428
5.47188,11.81211,5105.3,0.79094,0.501768,1.576306181,13.9988591,-8.280054926,5.819579512
5.42066,11.61852,5072.49,0.78732,0.51003,1.543673902,14.63406268,-8.288927549,5.887048979
5.34922,11.36787,5067.93,0.77464,0.533932,1.450821453,14.9353825,-8.210365588,5.914457859
5.2519,11.16649,4942.47,0.76878,0.555198,1.38469519,15.76844261,-8.176518315,5.963853564
5.24933,11.33302,4884.86,0.76336,0.558087,1.367815412,15.89612916,-8.156627877,5.946054001
5.20054,7.50813,3964.6,0.72602,0.647965,1.120461753,19.87716525,-7.985798202,5.933402353
5.1021,7.58377,2988.4,0.69712,0.720299,0.967820308,23.93268603,-7.829240304,5.823151818
5.10695,8.26869,2680.8,0.68916,0.739009,0.932546153,24.5076646,-7.839762742,5.757556001
5.10678,7.88398,2556.58,0.68526,0.750929,0.912549655,24.52785565,-7.811686516,5.755760551
5.09547,7.73054,2533.94,0.68714,0.751192,0.914732851,24.31587752,-7.886682594,5.742415191
5.10727,8.08,2487.77,0.68546,0.75692,0.90559108,23.93191713,-7.856594815,5.719027563
5.34376,11.13019,5136.86,0.7746,0.540267,1.433735542,15.05758885,-8.180930346,5.882100848
5.37416,11.39121,5039.42,0.78056,0.528259,1.477608522,15.53942173,-8.160422012,5.964274312
5.98917,13.02556,5129.83,0.80308,0.473838,1.694840853,13.37482258,-8.378136152,5.760237483
5.25928,11.09362,4937.3,0.76358,0.56801,1.344307319,16.10352296,-8.129706889,5.940176492
5.35338,12.07339,5140.03,0.77692,0.527677,1.472340087,14.68446811,-8.236388407,5.916846881
5.20485,9.81757,4844.77,0.75344,0.582326,1.293845715,16.1753123,-8.136922689,5.980561987
5.23079,9.91334,4850.78,0.75556,0.575954,1.311840876,15.87305324,-8.136275461,5.939664901
5.27481,10.42971,4943.1,0.76392,0.557764,1.36961152,15.37867485,-8.174997417,5.953456069
5.34276,11.15907,5066.66,0.7739,0.535598,1.444926979,14.80260145,-8.191959992,5.922134896
5.36939,11.42851,5060.9,0.77594,0.532371,1.457517408,14.98762992,-8.200583647,5.952380963
5.20239,9.75422,4799.93,0.75062,0.581306,1.291264842,16.12323225,-8.119499504,5.976279773
5.96806,11.7936,5245.34,0.79438,0.502437,1.581053943,13.77131929,-8.25846431,5.871800912
5.68179,10.36799,5086.81,0.76794,0.557538,1.377376968,15.59016896,-8.140288913,5.939953712
5.7016,10.40783,5142.37,0.77088,0.554264,1.390817372,15.53896556,-8.142162222,5.940333158
5.82104,10.92239,5150.64,0.77616,0.537309,1.444531917,14.80476683,-8.174689394,5.924480061
6.00494,11.43321,5226.9,0.78598,0.521066,1.508407764,14.33477731,-8.2178168,5.890802664
5.66439,10.32083,5098.1,0.77,0.556946,1.382539779,15.6530151,-8.159407849,5.927534782
6.02223,12.08323,5188.58,0.79652,0.495095,1.608822549,13.60786282,-8.267480279,5.872359344
6.04966,12.44931,5190.36,0.80366,0.481059,1.670605892,13.16719182,-8.306250768,5.784768629
5.3599,9.27242,5128.53,0.76676,0.544667,1.407759236,15.35474931,-8.225936064,5.903846409
5.37054,9.75529,5062.53,0.77362,0.541661,1.42823648,15.30929314,-8.200582527,5.940396063
5.23269,10.2026,4808.21,0.7555,0.576016,1.311595511,16.17662834,-8.138106759,5.969973294
5.23581,10.24236,4774.18,0.75806,0.576725,1.314421952,16.276744,-8.154869814,5.980951828
5.29557,10.43104,4959.21,0.76224,0.565681,1.347473223,15.69166346,-8.175589045,5.965656619
5.32116,11.2434,5067.16,0.76948,0.544527,1.413116338,15.11494638,-8.201234284,5.945250423
5.21129,10.36323,4711.39,0.75674,0.581505,1.301347366,16.56310734,-8.09397387,5.940204682
4.06751,6.23381,104.47,0.42664,2.75236,0.155008792,23.96989246,-9.250474349,4.92817983
8.4757,9.49806,477.035,0.52398,2.20878,0.23722598,14.5144475,-8.533204373,6.188658568
3.87519,6.75931,1234.11,0.60784,1.24165,0.489542142,19.80108477,-8.393400015,5.881326804
6.02919,6.96079,1749.59,0.66078,0.981792,0.673034614,17.20881841,-8.408916977,5.827260381
6.04603,6.99295,1794.82,0.66298,0.980411,0.676226603,17.27952363,-8.344756999,5.83902004
6.9765,8.18788,1641.49,0.62754,1.09192,0.574712433,17.63513491,-8.546321333,5.854164386
7.00638,8.22196,1526.34,0.64046,1.18297,0.541400036,17.96433545,-8.52317573,5.877717796
7.38864,12.6211,3730.51,0.7693,0.566541,1.357889367,17.45862205,-8.352859625,5.77349753
9.18226,18.73018,3247.92,0.81648,0.559382,1.459610785,12.57760102,-8.790213236,5.451924138
4.68882,6.98697,1090.65,0.57676,1.0268,0.561706272,23.95565251,-8.248943141,5.161210276
4.03591,6.64302,1483.57,0.59698,0.939066,0.635716765,27.91066318,-8.179123332,5.529434842
3.80399,4.88677,629.912,0.54964,1.1967,0.459296398,26.66447574,-7.9364486,5.302359076
4.8019,9.59235,1945.33,0.69386,1.04942,0.661184273,17.55482236,-9.107397699,5.453679198
4.63088,5.62402,679.385,0.52362,1.0296,0.508566434,31.64171479,-7.951815932,5.365755516
7.55866,8.47123,2638.99,0.72524,0.752331,0.963990584,15.36644477,-8.411191191,5.903248235
7.85329,8.53899,2563.08,0.72192,0.74811,0.964991779,15.69501829,-8.457955212,5.801531605
4.51984,9.76128,1835.43,0.68796,1.07567,0.639564179,21.24545206,-8.576680055,5.797255338
7.29133,8.22766,1585.84,0.61644,1.01857,0.60520141,24.85375304,-8.576330025,5.371497699
5.94328,8.66526,1518.27,0.60202,1.00954,0.596331002,18.91583229,-8.612918669,5.656497687
6.59544,9.78266,1328.67,0.67156,1.19807,0.56053486,25.82629912,-8.672455208,5.808530882
5.44409,6.75938,3083.55,0.70018,0.77718,0.900923853,17.38088858,-8.377166197,5.891615824
5.32058,17.22643,1358.37,0.65368,1.04628,0.624765837,19.18771276,-9.362436805,5.195661311
5.04943,5.38089,1376.02,0.63944,1.1373,0.562243911,18.84358093,-8.322664991,5.628778766
5.71174,6.42663,1044.46,0.60638,1.58208,0.383280239,25.28544967,-8.252686992,5.748022428
6.25721,7.64843,422.397,0.50722,1.71749,0.295326319,35.29254648,-7.801947962,5.701623946
3.86427,5.06012,1477.46,0.6231,0.990442,0.629113063,21.82013171,-8.146772076,5.836863744
3.71458,5.12124,1485.68,0.61878,0.992666,0.623351661,21.92766715,-8.159201768,5.850632142
3.86236,4.33279,227.909,0.44304,1.23597,0.358455302,28.87209543,-7.302034578,5.728658753
4.8596,7.11279,525.794,0.48876,1.37449,0.355593711,21.44824058,-8.91413475,5.448783866
3.826,4.92087,387.706,0.50744,1.19226,0.425611863,30.73133707,-8.607428466,5.470905995
4.70396,5.89761,1105.65,0.54338,1.14377,0.475078031,23.89702341,-8.058020495,5.451426555
8.92731,10.28423,3392.53,0.76974,0.565579,1.360976981,14.49897166,-8.57152441,5.625549596
8.88209,10.65657,3353.08,0.7691,0.568939,1.351814518,14.45128136,-8.596173911,5.666597497
9.01667,10.80975,3121.04,0.76484,0.57877,1.32149213,12.71329248,-8.684150922,5.541638573
8.99871,11.06486,3124.19,0.76458,0.578861,1.320835226,12.78298099,-8.654740799,5.600614689
8.54355,11.63304,3288.46,0.7625,0.576845,1.321845556,14.42734331,-8.667394739,5.566669689
8.06777,8.57419,1698.02,0.60346,0.978062,0.616995651,22.29690653,-9.046045344,5.328319545
4.57547,5.99371,1838.85,0.6336,0.952092,0.665481907,22.0068893,-7.826150703,5.825964799
5.06853,6.59983,702.589,0.52188,1.38828,0.375918403,45.39454526,-7.565868813,5.705797113
4.14635,5.4452,849.289,0.55878,1.16308,0.480431269,26.82812974,-8.030591167,5.137126458
4.66623,6.1259,1537.3,0.59642,1.0094,0.590865861,25.5202972,-8.003382492,5.70659039
5.04349,5.3893,367.239,0.48644,1.74291,0.279096454,42.02760051,-8.798611111,4.160437205
5.01707,5.25063,235.092,0.45496,1.46007,0.311601499,18.15582049,-8.774194835,5.262635417
4.81637,6.08949,1401.4,0.5839,0.94328,0.619010262,23.19372439,-8.162193217,5.336004238
7.04787,7.1779,1294.2,0.59806,1.13503,0.526911183,18.82859475,-7.678224216,6.203451626
6.69761,13.20708,2195.32,0.72346,0.878357,0.823651431,24.2619775,-8.586174551,5.829641628
5.79316,7.36512,3073.49,0.70376,0.678518,1.037201666,18.04141046,-8.378959039,5.686263166
5.78241,7.33818,3087.38,0.7054,0.675641,1.04404558,18.01605998,-8.381171565,5.678409863
5.72246,7.3374,3227.75,0.7052,0.669934,1.052641006,17.89401736,-8.375397948,5.719469781
4.23256,11.10172,1859.66,0.64436,0.888211,0.725458253,19.83706657,-8.613744657,5.731288306
5.3716,7.19018,576.154,0.46366,1.13147,0.4097855,21.10999824,-8.13847857,5.511832759
5.62836,7.13781,576.757,0.46362,1.22808,0.377516123,20.65424054,-8.155947601,5.6511966
4.47342,6.5158,2588.28,0.69076,0.877848,0.786878822,19.834402,-8.047842421,6.095512601
6.05766,14.24977,1944.96,0.74626,1.03274,0.72260201,14.06123094,-9.077494975,5.43128125
4.77135,5.69712,753.147,0.52992,1.53417,0.345411525,23.66954424,-8.459498591,5.358403409
6.80377,7.04016,2238.38,0.66554,0.930569,0.715196831,23.80818859,-8.053520808,5.81576062
6.75464,6.9686,1918.86,0.6558,0.970836,0.67550029,25.11795987,-7.991494689,5.851613873
8.34107,8.50715,820.492,0.52252,1.18054,0.442611009,16.46392883,-8.324059735,5.983644085
8.3704,8.53124,820.299,0.54676,1.18192,0.462603222,17.03103413,-8.206782192,6.064723464
6.46187,10.7636,2491.22,0.70284,0.754034,0.93210651,17.57472877,-8.531455093,5.75882085
11.11801,25.84424,2993.2,0.83732,0.527457,1.587465898,17.72906165,-8.498201074,5.639021392
4.8127,6.05449,485.792,0.47448,1.78797,0.26537358,30.81317355,-8.24604256,4.882747973
3.8221,5.4847,212.345,0.44154,1.96889,0.224258338,44.74448584,-8.440563421,3.652508709
9.48231,10.23495,723.644,0.58966,1.57268,0.374939594,22.93978407,-8.390584352,5.626047945
13.26042,14.92091,5206.98,0.85268,0.364732,2.33782613,11.03157289,-8.532237797,5.539536276
14.48863,15.28058,5143.11,0.8575,0.352218,2.434571771,10.9994394,-8.51964158,5.476690893
3.89316,6.4105,580.433,0.5786,1.19065,0.485953051,25.97391543,-9.080994171,4.526535568
3.72145,4.59496,456.908,0.49376,1.21451,0.40655079,30.15880607,-8.525162943,5.258522806
4.4159,5.81668,594.288,0.48732,1.29937,0.37504329,24.40690215,-8.53269779,5.183985795
4.40654,5.75711,573.233,0.48078,1.31802,0.364774434,24.67897496,-8.479887768,5.129869849
4.86854,6.23826,632.895,0.52482,1.64521,0.31899879,31.5233281,-7.936132126,4.6179454
4.28071,5.21348,593.651,0.50806,1.82071,0.279044988,29.73309188,-8.454063708,4.502266903
5.58858,10.47061,1822.57,0.68036,0.777087,0.875526164,16.99856515,-8.284703128,5.903712132
10.81985,11.37157,1235.41,0.63864,1.17979,0.541316675,22.18523246,-8.125168581,6.127640206
5.78406,7.70786,884.827,0.5531,1.38137,0.400399603,17.07834348,-10.01278787,4.599753678
10.83475,11.48256,1245.45,0.64072,1.17217,0.546610133,21.34926939,-8.139621646,6.134513679
10.84702,11.49062,1254.53,0.64058,1.17541,0.544984303,21.32758528,-8.167809708,6.164228283
6.00066,8.56369,2472.15,0.64792,0.853114,0.759476459,20.45367352,-8.349623026,5.910827548
4.69235,5.56221,299.897,0.41664,1.46678,0.284050778,24.38633544,-8.268429626,4.833319326
4.26843,7.50874,2202.49,0.63334,0.807576,0.78424817,20.05362902,-8.087048429,5.985377919
6.48381,8.3742,1634.54,0.69526,1.28778,0.539890354,29.51743039,-8.785113431,5.592341056
5.01575,5.55628,825.183,0.56068,1.55799,0.35987394,25.72366222,-8.93636286,4.995195107
6.17315,8.62656,1467.01,0.62022,1.08027,0.574134244,21.98561686,-8.791920966,5.56837842
4.56068,6.24288,1670.72,0.62264,1.07396,0.579760885,28.675214,-8.057558679,5.493259993
4.15949,4.41725,794.762,0.53562,1.15817,0.462470967,24.237342,-7.888545416,5.471780186
4.79302,6.85041,748.712,0.5169,1.28666,0.401737833,21.53502373,-8.31020298,5.480574336
4.81417,6.86024,753.138,0.52028,1.27918,0.406729311,21.38293439,-8.376877111,5.458161856
4.67285,5.69723,1043.32,0.60696,1.60096,0.379122526,35.37879491,-8.699202011,5.413441628
4.67382,5.86599,1122.63,0.61658,1.53817,0.400852962,32.62980775,-8.784399926,5.405699891
8.86133,13.45467,3849.89,0.8106,0.559007,1.450071287,11.68538192,-8.713770855,5.498896073
4.5915,5.03461,548.837,0.45434,1.23766,0.367095971,26.82219178,-7.999510941,4.587196186
7.93969,15.08014,3713.28,0.80784,0.589901,1.369450128,10.39163881,-8.982530297,5.333300958
7.93508,15.07409,3656.32,0.80886,0.591689,1.367035723,10.40555269,-8.935097955,5.308440197
9.82354,17.30249,3818.7,0.8459,0.511068,1.655161348,10.03416597,-8.759454199,5.435187596
7.36025,9.10711,995.031,0.66538,1.61302,0.412505735,19.30809178,-8.633260718,5.964184126
7.43469,9.28653,1214.19,0.68896,1.34679,0.51155711,19.28892303,-8.688386909,5.917346486
3.88211,5.03386,185.767,0.49382,1.55505,0.317558921,27.67875149,-8.204782153,4.980045273
4.07874,6.01158,1355.5,0.58196,1.03866,0.560298847,22.00892926,-8.23048677,5.653372314
3.96749,5.91977,1213.69,0.57476,1.05921,0.542630829,22.614863,-8.483346343,5.380347667
3.89416,5.7298,1161.84,0.57036,1.06894,0.533575318,22.97151887,-8.494667402,5.356475256
4.06358,5.93857,1276.04,0.57496,1.05075,0.547190102,22.1907131,-8.436504784,5.386836866
4.00314,5.95596,1251.36,0.57552,1.05093,0.547629243,22.03795169,-8.300476832,5.610642409
3.83278,5.63762,1133.51,0.56848,1.07445,0.529089302,22.90799969,-8.538899604,5.323090942
4.12997,5.91912,1246.73,0.5761,1.04225,0.552746462,22.14564271,-8.303173389,5.58047616
4.12403,5.91757,1214.32,0.57642,1.04313,0.552586926,22.17755679,-8.434530697,5.410861786
9.06734,26.2956,3025.59,0.82684,0.576598,1.433997343,16.92297186,-8.727725204,5.5055348
8.97115,26.23164,2337.02,0.82642,0.749461,1.102685797,14.76336659,-8.930255114,5.449849319
5.14986,6.85321,1044.34,0.5355,1.08872,0.491862003,24.90010694,-8.425664294,5.419749487
5.05601,6.64353,997.163,0.51948,1.10291,0.471008514,23.90844745,-8.576893207,5.373239578
5.1354,6.79283,1010.69,0.54426,1.12265,0.484799359,26.91184914,-8.582235221,5.214669027
5.14759,6.84998,1016.08,0.5421,1.11831,0.484749309,27.00453871,-8.568320228,5.245841882
5.14075,6.86758,1033.82,0.54564,1.11182,0.490762893,27.06173705,-8.617028333,5.230988712
5.16192,6.89118,1046.18,0.55016,1.10372,0.498459754,27.3631958,-8.654976045,5.243215423
5.12762,6.87389,1009.78,0.54626,1.11455,0.490117088,27.32346709,-8.556979721,5.230490437
8.73086,10.09778,2158.69,0.70838,0.852582,0.830864363,16.1158164,-8.646532451,5.731472207
4.50888,13.77124,1987.24,0.69716,0.959384,0.726674616,18.10074704,-8.531038363,5.772185254
7.39464,11.89701,2132.79,0.68086,0.776883,0.876399664,24.82422694,-8.832806445,5.54462693
5.72913,6.28215,744.007,0.50794,1.2974,0.391506089,16.37029851,-8.603114802,5.677564485
4.02227,8.79809,1718.25,0.6939,1.10229,0.629507661,33.9932246,-8.421571714,5.417915901
5.28654,6.4229,1923.24,0.66882,0.928973,0.719956339,17.49681103,-8.404332956,5.699558736
5.0687,6.55973,1938.53,0.67428,0.921332,0.731853447,17.24373658,-8.44414793,5.674127037
5.69683,8.47376,2047.38,0.6845,0.880009,0.777832954,22.93203987,-8.677545739,5.390716597
4.41454,5.87539,642.835,0.52,1.26001,0.412695137,25.95082109,-8.690150983,4.938498657
13.16757,14.01468,2268.33,0.7446,0.723032,1.029829938,19.5032896,-8.725541926,5.57097792
3.64573,5.13248,324.87,0.55012,1.27033,0.433052829,25.58704346,-8.236785893,5.28754139
3.68593,5.11588,667.721,0.54848,1.26749,0.432729252,25.6148775,-8.191205413,5.275388143
3.85549,5.12179,836.799,0.5506,1.24019,0.443964231,24.63881216,-7.881597686,5.541003007
4.921,6.52238,824.364,0.54514,1.46143,0.373018208,20.12481188,-8.601036199,5.75226695
3.86113,5.42382,484.606,0.45198,1.28962,0.350475334,28.36843643,-8.485573444,5.080662661
9.22489,11.97495,2250.76,0.7649,0.937417,0.815965573,14.80537156,-9.034581664,5.385948944
4.58543,5.90319,2248.59,0.65716,0.850194,0.772952997,21.80140877,-8.084915602,5.867744487
5.86323,9.7712,2566.11,0.67434,0.773292,0.872037988,17.20181956,-8.51167328,5.771389191
4.08181,4.65057,563.912,0.5178,1.14596,0.451848232,28.78815785,-7.7990957,4.577257176
6.2427,7.38415,847.428,0.53642,1.11891,0.479413,23.44531455,-9.089298316,5.328386554
4.09789,5.30875,1085.41,0.56096,1.03603,0.541451502,24.23392016,-8.316256338,5.465488481
5.04479,6.16109,725.101,0.56428,1.68509,0.334866387,34.8683829,-8.202010282,4.343628542
4.59016,5.3607,875.531,0.5299,1.2053,0.439641583,27.99666893,-8.141518394,4.78814042
7.30655,9.39066,1474.49,0.62894,1.12702,0.558055758,22.43484177,-8.534886938,5.615970959
7.27933,9.98256,2532.7,0.7429,0.808976,0.918321434,12.17757547,-9.000347062,5.361231128
3.89151,4.56016,371.847,0.4509,1.54463,0.291914569,35.72819006,-7.802789207,4.344849055
3.89522,4.62845,767.567,0.53092,1.17508,0.451816047,31.35891714,-7.333634607,5.094876888
4.39323,4.98641,572.466,0.5217,1.53429,0.340026983,27.0585456,-8.015562675,5.138809532
5.56303,6.07104,999.988,0.57246,1.4189,0.403453379,22.50255929,-8.408983617,5.718540357
5.80939,6.97691,820.153,0.52362,1.4748,0.355044752,39.75073381,-7.760917099,5.111396628
5.69177,6.87611,788.589,0.5194,1.52398,0.340818121,33.42743325,-7.936995511,5.004014402
5.9564,7.42228,1164.71,0.55142,1.07433,0.513268735,19.61924693,-8.337845737,5.732064784
4.97595,6.49065,932.568,0.56124,1.07139,0.523842858,22.70656036,-8.510019587,5.53407801
4.15157,6.64322,1130.23,0.63196,1.41271,0.447338803,18.41286419,-8.862977404,5.627073623
6.90793,10.93877,3249.33,0.76476,0.690693,1.107235776,18.08587552,-8.490158553,5.793247093
3.76231,5.10341,707.215,0.53974,1.31458,0.410579805,26.73520133,-7.860781277,5.368030451
3.87051,5.13433,739.328,0.54742,1.31108,0.417533636,26.54536863,-7.847776051,5.380219434
3.73927,5.08356,692.591,0.5431,1.32275,0.410584011,27.03209699,-7.823075387,5.331430029
4.30274,5.68782,235.111,0.42452,1.59459,0.266225174,23.34026931,-8.382760579,5.212799709
7.42233,10.03238,2862.97,0.73598,0.749914,0.981419203,13.66839922,-8.568508771,5.739675723
6.34609,8.73473,1242.74,0.636,1.3133,0.484276251,15.78629739,-8.804348378,5.733177789
4.43575,5.5254,1139.51,0.59884,1.26722,0.472561986,26.96825577,-9.032696943,5.401150847
5.40039,7.36413,2459.37,0.65382,0.881375,0.741818182,20.60710052,-8.589397166,5.76895588
3.73408,4.95925,466.033,0.45906,1.25635,0.36539181,28.35189186,-7.559783146,5.371559244
3.74227,4.92905,465.188,0.46038,1.262,0.364801902,28.44260907,-7.554746534,5.348554154
4.92239,7.53158,2887.73,0.67898,0.767101,0.885124645,17.76790953,-8.286122808,5.947632297
5.31352,6.19077,1727.81,0.63064,0.976178,0.64602972,21.32597939,-7.880462268,5.89418665
4.04163,4.89933,216.658,0.47074,1.32671,0.354817556,32.22882281,-8.439548372,5.106661335
4.53976,5.98429,826.9,0.52448,1.20437,0.435480791,25.98451612,-8.394446125,5.202203697
4.28901,6.72543,1695.44,0.64424,1.05647,0.609804348,18.02984101,-8.546314779,5.766711222
8.75374,11.11495,2552.05,0.72914,0.70291,1.037316299,21.01773541,-8.74808511,5.511812379
4.78872,5.31005,518.016,0.50396,1.60595,0.313808026,26.60064869,-7.09887959,5.623945074
3.83588,4.67576,664.962,0.55334,1.22348,0.452267303,27.48834447,-7.924784893,5.188685251
3.78769,5.75088,754.46,0.5659,1.21298,0.466536959,23.05983592,-8.131640935,5.436346084
6.93403,7.54626,1509.25,0.61762,1.01005,0.611474679,19.14502548,-8.01903611,6.152833564
6.29263,8.28524,1966.04,0.71834,1.28416,0.559385123,21.9506254,-8.538901777,5.957198174
5.99619,7.75927,1005.44,0.6128,1.41123,0.434231132,17.92146204,-8.860864811,5.648517916
5.57973,8.9147,1154.77,0.63252,1.34608,0.469897777,15.90103783,-8.784988117,5.69060411
4.82237,6.32363,825.723,0.5615,1.49229,0.376267347,29.01276363,-8.205510078,4.794877579
8.38587,10.29567,2330.86,0.73422,0.842606,0.871368113,35.59542764,-8.541485474,5.650247957
6.35433,7.83796,1068.35,0.57012,1.04646,0.544808211,36.61236532,-8.360886224,4.942019665
6.24667,7.74052,1017.2,0.56666,1.0594,0.534887672,41.84817307,-8.411093072,4.860981902
6.40337,7.90027,991.924,0.56592,1.10679,0.51131651,30.27170373,-8.461230828,5.378332819
6.54413,7.99474,986.026,0.56588,1.10841,0.510533106,30.65960747,-8.534954566,5.413003053
6.23818,7.72851,965.563,0.56578,1.11585,0.507039477,30.57807951,-8.402486019,5.488773987
5.15951,10.15164,1301.72,0.6518,1.26924,0.513535659,16.11650551,-8.93955011,5.536794072
5.89781,7.31308,2659.22,0.71266,0.83597,0.852494707,16.5037156,-8.349085373,5.964235816
13.81107,14.72034,873.984,0.62692,1.23894,0.506013205,31.93294887,-9.336035434,5.142826103
4.59937,5.74617,1578.55,0.62932,1.07923,0.583119446,18.71413132,-8.589399,5.708364891
4.32231,5.58633,523.648,0.5044,1.41396,0.35672862,37.02681903,-8.149657625,4.550600842
5.30461,6.57621,806.558,0.53756,1.34132,0.400769391,43.28528992,-8.298741596,4.871689656
4.46067,5.85201,642.541,0.49984,1.35895,0.367813385,36.34839358,-8.232963472,5.475247883
3.95686,5.01507,426.288,0.45316,1.39517,0.324806296,30.20874393,-8.674892729,4.029765975
10.23371,11.32335,2017.01,0.67262,0.790589,0.850783403,27.52425555,-7.954707895,5.64916155
10.26466,11.32844,2019.15,0.67224,0.790589,0.850302749,27.63437266,-7.95386212,5.585106767
4.46098,5.04139,1165.6,0.57368,1.00728,0.569533794,27.15272925,-8.007197295,5.4003333
4.24964,4.81422,925.936,0.55468,1.04625,0.530160096,28.12759712,-8.071382905,5.304813599
4.31451,4.89363,1001.96,0.56294,1.033,0.544956438,27.61767233,-8.046276966,5.319859429
6.45196,13.72369,3187.14,0.78164,0.685669,1.139966952,11.96339384,-8.866092884,5.416506345
7.97019,14.98828,3682.42,0.80746,0.594675,1.357817295,10.53698806,-8.892159152,5.376204644
7.99679,14.99758,3687.31,0.80722,0.594675,1.357413713,10.57186332,-8.896874294,5.433133347
5.28078,7.56763,2812.41,0.68548,0.714751,0.959047277,18.83078812,-8.159718856,5.976482264
4.28251,5.93486,1486.61,0.65396,1.19094,0.549112466,14.58925064,-9.236888411,5.257912291
4.42797,9.48082,1345.28,0.65362,1.193,0.547879296,12.24150594,-9.795050206,4.802792881
10.73402,16.87141,4551.51,0.8305,0.438341,1.894643668,11.62238462,-8.656285454,5.416096824
7.16155,16.20891,3399.7,0.75108,0.580972,1.292798964,22.89812266,-8.471484398,5.715161544
6.79866,15.95836,4261.5,0.77286,0.49512,1.56095492,16.60259988,-8.40516041,5.693241932
6.94786,16.02728,3228.98,0.74998,0.608079,1.233359481,21.33730519,-8.425839498,5.720964518
7.17077,16.15521,4046.29,0.77204,0.498613,1.548375193,16.94624293,-8.418458534,5.705056281
3.84924,5.21911,256.221,0.46326,1.302,0.355806452,26.39417483,-8.990203105,4.233800491
3.92758,4.73309,213.55,0.50726,1.16625,0.434949625,32.25788656,-8.780612917,3.818449244
7.338,8.53929,2632.28,0.67244,0.746473,0.900822937,20.67496438,-8.447259255,5.834965318
10.49353,15.93828,3621.79,0.78274,0.575196,1.360823093,16.02937468,-8.522787542,5.715124985
5.74338,7.37329,1462.04,0.59142,0.949012,0.623195492,20.87913337,-7.068532321,6.266558374
6.51318,7.20791,1493.63,0.59392,0.94264,0.630060256,20.98216526,-7.075863232,6.275229707
6.19052,9.96907,2822.92,0.6843,0.69348,0.986762416,17.38139675,-8.431485601,5.813660056
6.43178,8.54706,4018.59,0.75936,0.665022,1.141856961,14.39423517,-8.27441888,5.978823173
5.62341,6.17335,698.514,0.48236,1.2809,0.376578968,26.17020084,-8.802907186,5.399328117
5.38886,6.27516,1308.38,0.64512,1.20156,0.536902027,34.17453531,-8.57010542,5.314953225
4.61939,10.60263,3171.54,0.70852,0.666978,1.062283913,19.06162935,-8.373980023,5.893836392
4.21913,10.8507,3454.99,0.7136,0.655054,1.089375838,19.64644153,-8.31219881,5.94536785
8.55453,10.29437,2648.08,0.72168,0.6883,1.048496295,14.8994847,-8.730346595,5.567291109
3.73544,4.81498,589.836,0.53362,1.62849,0.327677787,47.60563357,-7.939030282,4.968999822
4.47781,7.91312,1014.79,0.61066,1.01651,0.600741754,20.94046933,-8.918013083,5.483259486
7.91531,18.88525,3681.19,0.78614,0.52911,1.485778005,14.73671682,-8.437530077,5.738545205
7.24737,10.46531,2859.54,0.7172,0.692819,1.035191009,23.18244753,-8.491724166,5.758210287
4.50294,6.51263,572.589,0.52224,1.437,0.3634238,25.95005137,-8.71198203,4.743375816
3.78553,5.39661,585.923,0.47734,1.22212,0.390583576,28.46397013,-7.871497823,4.240296116
4.33861,6.503,2870.26,0.71038,0.992115,0.716025864,11.91845596,-8.802533083,5.690019008
3.71197,4.70975,328.352,0.5152,1.52733,0.337320684,25.42876034,-8.337097947,5.273093151
4.48422,5.13884,569.753,0.4925,1.20369,0.409158504,25.96216395,-8.370363843,4.997599357
3.69787,4.19243,205.428,0.43992,1.32337,0.332424039,32.41583172,-7.82878366,3.844273297
4.05801,5.21223,358.865,0.4294,1.45552,0.29501484,25.74577715,-7.945659792,4.950717877
4.18257,5.20127,503.392,0.47642,1.3,0.366476923,27.04707243,-8.496525152,4.351567653
5.04903,5.5219,1771.73,0.634,0.826455,0.767131907,22.87159543,-7.863661631,5.842655427
4.78997,6.73931,1190.66,0.56306,1.07497,0.523791362,21.30019098,-8.183229081,5.740248533
5.36003,6.68828,1239.23,0.57056,1.06163,0.537437714,21.07553454,-8.256233006,5.757098641
3.90561,4.85962,314.475,0.45496,1.68872,0.269411152,28.49244433,-8.070753517,4.758619688
3.88578,4.84334,326.855,0.45414,1.72479,0.263301619,28.73884616,-8.115229264,4.830644653
6.78698,10.89625,2386.84,0.71854,0.812812,0.88401746,26.16730054,-8.461056021,5.842583483
6.72932,10.711,2382.92,0.71766,0.81633,0.879129764,25.97589184,-8.499939471,5.853103518
6.69089,10.86494,2454.07,0.7228,0.80874,0.893735935,25.55379056,-8.511075763,5.851396155
6.87066,11.37189,2404.78,0.71932,0.813465,0.884266686,26.44319557,-8.472675682,5.849420396
5.77138,11.11094,2943.86,0.7482,0.73357,1.019943564,14.81174987,-8.421229121,5.870044925
5.64839,11.74533,2791.67,0.73744,0.778372,0.947413319,14.95146298,-8.497500277,5.866295795
4.5881,6.00938,1721.63,0.60096,0.954156,0.629834115,21.47207133,-7.824239955,5.802792418
4.30379,4.83761,1129.02,0.60654,1.70777,0.355164923,41.39612918,-8.694348855,5.551764098
4.27369,4.83981,1111.5,0.59754,1.75476,0.3405252,39.15229403,-8.504807029,5.576395844
4.37647,4.90097,1253,0.60948,1.61335,0.377772957,38.76237922,-8.696687195,5.627986741
4.34946,4.85948,1170.75,0.60586,1.66666,0.363517454,44.68061842,-8.304829196,5.593433857
4.33226,4.8612,1151.46,0.60372,1.68559,0.35816539,42.36331029,-8.651400954,5.585599325
3.86158,4.6267,416.346,0.48114,1.41831,0.339234723,26.74002807,-8.082495544,5.284347261
5.67945,6.24089,319.417,0.44108,1.51264,0.29159615,25.52994145,-8.718525811,5.050836367
3.83478,4.91533,496.319,0.50726,1.40969,0.359837979,28.58611879,-7.566176985,5.320731074
5.77431,7.34523,278.941,0.44896,1.55847,0.288077409,46.36848675,-10.08867702,5.471313021
5.78969,7.43383,334.176,0.44634,1.58521,0.281565218,48.81733343,-8.750912251,4.649380199
5.80961,7.45284,330.247,0.44732,1.59702,0.28009668,49.21927319,-9.050781974,4.697787314
3.68584,4.51815,929.536,0.57294,1.14062,0.502305764,23.8933295,-8.027910498,5.765049034
3.78626,4.54995,1074.52,0.57834,1.12516,0.514006897,23.53713554,-8.01817492,5.786850633
3.64175,4.49445,868.609,0.5704,1.14735,0.497145596,24.09801661,-8.04146278,5.728269564
3.69835,4.52093,951.615,0.57368,1.13868,0.503811431,23.87196762,-8.065828602,5.762886862
3.75106,4.54619,1029.16,0.5766,1.13112,0.509760238,23.74520469,-8.012518828,5.777699208
3.77222,4.54883,1093.52,0.57822,1.12759,0.51279277,23.64898737,-8.026501881,5.793238784
3.80687,4.54974,1105.83,0.57982,1.12252,0.516534227,23.55206954,-8.213308962,5.621602969
4.06891,4.986,443.031,0.47702,1.61194,0.295929129,20.73153455,-8.806665592,5.340370643
7.11755,7.60111,1510.38,0.62938,1.01218,0.621806398,17.62893059,-7.640908904,6.348692086
4.06866,4.98172,451.66,0.47772,1.61186,0.296378097,20.7328595,-8.79898965,5.297698892
4.03769,4.98664,442.657,0.47288,1.60991,0.293730705,20.4662724,-8.78207756,5.319877834
7.22908,9.73279,2565.36,0.70494,0.781161,0.902426004,21.75289968,-8.14994813,5.960769314
5.50308,6.7427,826.369,0.53606,1.44712,0.370432307,19.36316463,-7.866336462,6.041967664
6.80397,10.21317,2632.14,0.7091,0.728441,0.973448776,16.68252951,-8.37476773,5.846304311
11.55698,14.24395,3601.66,0.82726,0.475086,1.741284736,11.86189799,-8.659188449,5.523443181
3.92787,7.61954,2253.29,0.72672,0.877202,0.828452284,14.04338386,-9.220604461,5.187296954
4.025,5.04706,692.8,0.57794,1.31109,0.440808793,25.65163067,-8.556840408,4.624412153
4.0796,4.65234,421.426,0.497,1.34338,0.369962334,29.62576208,-7.754286358,4.46667466
10.3413,12.50789,3455.23,0.76192,0.505152,1.508298492,13.37666961,-8.562285018,5.576723516
3.74279,4.81894,890.726,0.56508,1.18861,0.475412457,24.79903842,-8.160226237,5.324331912
4.84274,5.45688,1147.79,0.55356,1.09301,0.506454653,25.72058267,-7.525820125,5.693723146
3.74409,5.3857,564.532,0.49394,1.51731,0.325536641,26.00088391,-8.258636962,5.184585175
7.15186,7.75334,1003.98,0.55812,1.04071,0.536287727,35.54270463,-8.601951254,5.53311245
4.39834,6.21484,1294.79,0.58908,1.03298,0.570272416,27.52013855,-8.463124887,5.623590738
4.95547,5.88607,1653.19,0.6024,1.02366,0.588476643,21.89514924,-8.076149879,5.717490113
3.91658,4.43775,308.006,0.44264,1.45026,0.305214237,28.77535257,-7.52859163,5.249499432
6.13483,9.09166,2832.53,0.71798,0.794129,0.904110038,19.35234122,-8.837124406,5.566299957
10.95027,11.54524,1261.27,0.63702,1.17224,0.543421142,20.57188673,-8.172029453,6.159016261
10.51295,11.388,1155.64,0.64282,1.29023,0.498221247,16.2372874,-8.305970002,6.137233812
4.22892,6.09672,1813.53,0.63336,0.908366,0.697251989,24.44319829,-7.840558,5.835704168
6.6809,12.96894,2930.92,0.7393,0.722585,1.023132227,16.07536044,-8.966411228,5.417852394
6.70087,12.99921,2934.44,0.73956,0.720044,1.027103899,16.01831998,-8.971013999,5.440025617
6.71578,13.01322,2931.41,0.74,0.720774,1.026674103,16.09984704,-8.910756008,5.442105416
6.69479,12.97792,2912.5,0.73832,0.724595,1.018941616,16.10660398,-8.953993741,5.448507446
6.65215,12.91792,2904.58,0.7369,0.727849,1.012435272,16.08900529,-8.975359751,5.443828466
6.67,12.93895,2894.84,0.73686,0.728362,1.011667275,16.13896456,-8.961868552,5.438646028
6.65994,12.9296,2898.42,0.73692,0.728191,1.01198724,16.1192531,-8.938230162,5.440642941
6.66027,12.93472,2893.82,0.73698,0.7293,1.010530646,16.17344048,-8.971802931,5.440665032
6.68384,12.97087,2910.19,0.73894,0.725786,1.0181238,16.14617267,-8.948369257,5.430224543
11.04159,11.82299,1199.36,0.65944,1.21909,0.540928069,16.90451682,-8.175141117,6.195636116
10.6155,11.39724,1249.15,0.66122,1.22811,0.53840454,16.87611085,-8.424619745,6.102475524
10.81312,11.57654,1197.73,0.65704,1.26388,0.51985948,16.67126154,-8.179911892,6.275116326
10.75539,11.55274,1213.49,0.65842,1.25102,0.526306534,16.57643417,-8.164942969,6.278544067
10.81121,11.63688,1246.22,0.66284,1.22145,0.542666503,16.30606601,-8.192352494,6.273161159
10.78465,11.59848,1223.91,0.66046,1.22698,0.538280983,16.41884394,-8.21984496,6.224353804
10.84815,11.68121,1265.68,0.66724,1.21577,0.548820912,16.21449054,-8.15927886,6.303761748
5.29156,5.74395,1915.85,0.65078,1.06237,0.612573774,18.79371721,-8.296864298,5.913028577
5.50482,5.80963,593.723,0.46118,1.36819,0.337073067,21.24728633,-8.129665764,5.475888397
3.69918,4.42221,211.114,0.41068,1.50844,0.27225478,32.95459725,-6.98186841,5.135286791
5.49412,5.78942,609.696,0.46268,1.35545,0.341347892,21.00238743,-8.134305791,5.497536735
4.44331,5.72419,1472.03,0.70078,1.42898,0.490405744,16.58619624,-8.857320751,5.683794082
12.38023,13.08079,1871.54,0.68884,0.690785,0.997184363,21.68896909,-8.765443845,5.454277997
7.44682,7.57197,928.686,0.55172,1.26544,0.435990644,16.03121415,-8.593136919,5.804616406
4.03658,5.48028,272.189,0.44028,1.20981,0.363924914,37.38544454,-8.969047778,4.488596171
10.95208,11.66235,1296,0.6417,1.12361,0.571105633,19.5169145,-8.245872141,6.148294858
10.87886,11.61446,1309.26,0.64116,1.12308,0.570894326,19.92214093,-8.263479168,6.135606775
10.70959,10.90023,1241.6,0.6254,1.18162,0.52927337,23.38698556,-7.980686073,6.129736134
4.08598,5.25085,312.091,0.4448,2.1223,0.209583942,29.10201752,-8.792677839,4.215178478
4.44781,6.86807,971.089,0.60056,1.54228,0.389397515,14.52107369,-9.601259246,5.032025315
5.799,7.74164,714.571,0.51428,1.37569,0.373834221,15.72982251,-9.604086113,5.049263084
5.64741,8.46756,2063.92,0.6713,0.942685,0.712114863,21.27383228,-8.764657169,5.664779117
5.76979,7.54466,3591.92,0.72434,0.764767,0.947138148,17.95376401,-8.163026167,6.104235215
5.14016,6.27181,971.491,0.52384,1.1,0.476218182,43.81095016,-8.419642825,5.077016509
5.48815,7.0777,1127,0.5663,1.07806,0.525295438,27.93072042,-8.799833364,5.255798411
4.12484,5.16081,365.45,0.45722,1.1814,0.387015405,27.56264436,-8.357310543,4.443691946
4.87372,5.63894,2069.3,0.6643,0.95923,0.692534637,21.4902985,-8.220368141,5.737564939
4.01485,5.23028,364.22,0.45192,1.22139,0.370004667,28.8645149,-8.756333751,3.951139763
5.47406,6.39935,515.087,0.43064,1.41166,0.305059292,22.67283181,-7.697422056,5.418560594
5.92239,12.04583,2762.74,0.726,0.785656,0.924068549,19.54740647,-8.657841909,5.75016401
5.95231,12.32799,2594.38,0.71734,0.80227,0.894137884,20.84770952,-8.705324763,5.701610192
5.76234,12.52097,2508.84,0.71186,0.820913,0.867156447,22.77334986,-8.46446139,5.882714607
4.78582,8.72596,2384.43,0.66754,0.69846,0.95573118,20.15992202,-8.500727964,5.517484936
7.15944,9.13832,499.523,0.47466,1.55974,0.304319951,25.59019268,-9.314839477,4.997519515
3.81301,4.31723,185.205,0.3811,1.71018,0.22284204,36.02683725,-7.53559611,4.204508164
7.68463,7.8028,814.357,0.54896,1.45973,0.376069547,19.8330296,-8.820016276,5.763939868
6.81683,7.50178,395.705,0.4596,1.3921,0.330148696,30.18062295,-8.065492259,5.331745549
5.28356,11.03405,2333.08,0.69982,0.906784,0.771760419,17.20234604,-9.14774266,5.350634927
7.53577,10.93441,2715.93,0.68178,0.740914,0.920187768,18.98917964,-8.452247492,5.823907036
8.76145,9.24219,1380.13,0.63232,0.965643,0.654817567,26.59658762,-8.118428948,5.828253649
6.60038,20.08743,3677.13,0.78218,0.594513,1.315665091,16.78260431,-8.575830724,5.651716847
6.68289,13.2528,2185.95,0.71868,0.879538,0.817110801,24.39852273,-8.70091118,5.779526387
5.79444,7.08547,1778.89,0.6586,0.976074,0.674743923,17.7099937,-8.343661757,5.888925114
4.2579,5.0116,470.669,0.4846,1.20953,0.400651493,28.31210032,-8.013463486,4.926121638
4.25936,5.00556,468.83,0.48448,1.20903,0.400717931,28.35502134,-8.014196088,4.919133708
4.0295,4.93904,440.32,0.4749,1.22564,0.387471036,28.29384973,-8.146063173,4.939440556
4.11529,5.12194,438.131,0.44056,1.33232,0.33067131,27.74310223,-7.913410369,4.790635953
4.13298,5.09877,620.308,0.48494,1.20829,0.401344048,27.45535315,-7.882740775,4.959513197
4.11717,5.08559,437.222,0.48464,1.2088,0.400926539,26.76355018,-7.973494085,5.043343273
4.16376,5.11473,690.156,0.52056,1.08866,0.478165819,27.25255923,-7.907153712,5.271190308
4.13393,5.10474,678.725,0.51758,1.0969,0.471857052,27.4305248,-7.891042166,5.2230722
4.17716,5.08733,684.692,0.51694,1.08852,0.474901701,27.11728491,-7.905821761,5.301816232
4.14711,5.04996,661.113,0.51562,1.09607,0.470426159,27.30117312,-7.906247858,5.234032406
4.17789,5.07875,688.887,0.51816,1.09375,0.473746286,27.26817397,-7.878657257,5.284083818
4.15379,5.09924,461.087,0.48606,1.2063,0.402934593,27.12947446,-8.053023168,5.06564093
4.11967,5.0609,464.77,0.48082,1.21644,0.39526816,27.3829834,-8.045499045,5.060185132
4.1998,5.13748,696.774,0.5208,1.08542,0.479814265,27.17420393,-7.860893858,5.318518513
4.10802,5.06256,686.43,0.51804,1.09653,0.472435775,27.41301635,-7.869740683,5.284100683
13.73176,19.34742,1960.16,0.75234,0.60242,1.24886292,31.51329042,-8.462265287,5.481478078
3.71152,5.06349,554.497,0.53296,1.47923,0.360295559,26.76055607,-8.282730245,4.978651377
4.86396,6.32965,1492.67,0.61994,0.999228,0.620418963,24.49876168,-8.335615493,5.516070464
6.59227,6.92026,712.37,0.48076,1.32896,0.361756562,18.6409679,-7.95430426,5.962333385
6.12459,8.48774,1512.12,0.5888,0.953346,0.617614172,20.78322085,-8.54276259,5.72547605
5.0967,7.39924,411.897,0.4521,1.7772,0.254388926,20.48138954,-8.629356579,5.52911423
12.45148,12.65678,2169.1,0.7441,0.754809,0.985812305,14.2794272,-8.004572643,6.221252696
4.98444,7.17175,375.502,0.4289,1.90997,0.224558501,21.51882524,-8.627575406,5.550513224
5.15143,7.46533,456.074,0.45878,1.74528,0.262868995,20.13275762,-8.724140292,5.554882829
4.98308,7.16776,371.863,0.43518,1.90582,0.228342656,21.47929179,-8.566797385,5.55730597
5.42795,6.86556,687.824,0.55866,1.72448,0.323958527,16.20194948,-8.701607745,5.84083832
5.07183,7.99773,2066.13,0.65016,0.876448,0.741812406,20.73019429,-8.500443738,5.757110407
5.82003,9.10759,2406.25,0.68434,0.79426,0.86160703,18.35180474,-8.705155687,5.620475673
6.19333,8.78773,2587.48,0.66756,0.743413,0.897966541,18.93530836,-8.683804443,5.634528874
7.061,9.29397,2320.29,0.6692,0.804304,0.832023712,48.41768351,-8.031612525,5.67144525
5.17643,9.05505,2435.36,0.66936,0.759045,0.88184495,19.09472871,-8.779424828,5.572442031
6.95652,9.26232,2221.17,0.66544,0.838222,0.793870836,42.30120097,-8.748217753,5.670021934
6.23369,8.73316,2616.75,0.67104,0.740492,0.906208305,20.3891109,-8.578636801,5.69030158
4.20385,5.93429,777.517,0.57266,1.95218,0.293343851,20.68586255,-8.495017859,5.872597002
5.71888,9.03956,2260.26,0.66964,0.818305,0.818325685,18.82461359,-8.628784108,5.708677423
4.62391,5.6865,195.07,0.44346,2.0702,0.214211187,21.163333,-8.422394475,5.469644771
4.49569,5.90641,661.045,0.49602,1.1598,0.427677186,24.30202176,-8.538931286,5.110952564
7.2431,10.60893,751.774,0.59994,1.18823,0.50490225,23.08462399,-9.545290813,5.075065789
13.85413,14.13574,1462.4,0.68312,0.869053,0.786051023,24.72753913,-7.38296812,6.108084381
6.65907,13.23644,2244.38,0.72884,0.875752,0.832244745,23.83214169,-8.550652309,5.822815642
6.64739,13.24642,2249.68,0.72852,0.87412,0.833432481,23.73301979,-8.628265837,5.83916188
4.25664,5.56472,1190.5,0.55888,1.21878,0.458556918,23.30823385,-8.669644392,5.443158482
5.36376,6.46377,1568.86,0.58616,1.13461,0.516618045,21.85459609,-8.448134505,5.676279049
3.68033,4.46675,446.729,0.5608,1.46572,0.382610594,28.62735373,-7.486812561,5.684362448
13.24304,14.91316,5187.81,0.84834,0.365184,2.323048107,10.98426843,-8.508035699,5.510519571
13.28886,14.21921,5145.67,0.85124,0.359874,2.36538344,11.01130353,-8.512281863,5.53082109
13.19368,14.22916,5318.4,0.84786,0.358398,2.365694005,11.13220225,-8.53981938,5.507473913
13.174,14.83912,5164.09,0.85136,0.366991,2.319838906,11.35208995,-8.509991956,5.522892688
10.86748,12.36916,5129.09,0.84754,0.374438,2.263498897,12.96664748,-8.498851713,5.55349325
13.37952,14.31673,4665.87,0.86194,0.356183,2.41993582,12.59473242,-8.462412959,5.542630614
21.60719,23.03533,6237.79,0.92452,0.170429,5.424663643,8.888220509,-8.176120741,5.531927193
7.19596,7.98338,3462.05,0.73634,0.722195,1.019586123,15.70954672,-8.151560797,6.099034878
4.27878,6.07415,1288.34,0.59516,0.965162,0.616642595,24.73624378,-8.286656894,5.29319786
7.75873,12.06174,1536.01,0.6201,0.881143,0.703745022,26.92240043,-8.519485665,5.10898285
8.02038,12.23219,1678.62,0.64588,0.853098,0.757099419,26.88323017,-8.657166372,5.094355911
8.09448,12.1779,1677.3,0.64182,0.853016,0.752412616,26.46658094,-8.443482376,5.146026618
7.7394,12.14685,1533.52,0.6251,0.885336,0.70605962,26.74553621,-8.454946839,5.122895828
7.83288,12.38727,1559.49,0.626,0.880388,0.711050128,27.442263,-8.622490202,5.13531433
7.5095,12.14021,1527.51,0.619,0.892504,0.693554315,27.22893405,-8.470254559,5.111060277
7.67742,12.0955,1551.09,0.61846,0.88783,0.696597322,26.73728017,-8.492664009,5.145114038
3.86123,8.90504,152.106,0.55022,1.0015,0.549395906,30.71140852,-8.221295347,4.627020894
3.95645,8.97205,165.293,0.55542,0.992163,0.559807209,30.33825652,-7.988568928,4.613918206
3.77258,8.8251,136.746,0.55056,0.998614,0.551324135,30.70907154,-8.095564666,4.658815539
9.04409,11.1437,3356.64,0.76018,0.650684,1.168278304,22.28291207,-8.64201804,5.569122934
3.86749,8.72809,153.906,0.55358,0.991405,0.55837927,30.23905129,-8.277659492,4.622545764
8.99249,10.30936,2803.79,0.70596,0.734436,0.961227391,19.30343043,-8.558803713,5.750631591
8.16544,13.39679,4629.3,0.80466,0.453203,1.775495749,11.49925005,-8.358621639,5.784410858
4.28729,7.85407,1959.89,0.65022,0.974318,0.667359117,23.65240389,-8.246578748,5.915593194
9.17237,18.68299,3246.01,0.80774,0.551216,1.465378363,12.77526843,-8.709560154,5.466304076
6.6292,16.29659,2227.69,0.72672,0.78852,0.921625323,21.08644614,-8.668048458,5.706725045
6.69779,16.53276,2255.65,0.7309,0.78335,0.933043978,21.00901049,-8.640313789,5.734232583
6.72961,13.20706,2159.04,0.72344,0.879722,0.822350697,24.5488656,-8.609800456,5.816736018
6.72456,13.18662,2147.96,0.72276,0.882605,0.818894069,24.77685769,-8.627397188,5.846152898
6.71826,13.17767,2159.63,0.7232,0.884458,0.81767591,24.64990867,-8.644840896,5.837652057
6.69067,13.16192,2147.35,0.72224,0.887821,0.813497315,24.73996533,-8.572242253,5.802911874
6.40333,12.94074,2126.79,0.71524,0.919994,0.777439853,24.91479681,-8.552831455,5.905482101
6.61787,13.11018,2166.03,0.72106,0.895381,0.805310812,24.38084556,-8.476574449,5.805672425
6.64621,13.1663,2158.78,0.72228,0.88326,0.81774336,24.25206077,-8.569050597,5.809238798
6.65907,8.47788,1652.79,0.61964,0.938367,0.660338652,22.29420634,-8.233015455,5.715983567
4.4748,6.14583,2626.37,0.65502,0.794677,0.824259416,21.75816272,-8.119129133,5.880087287
4.49275,6.11311,2656.81,0.65592,0.785206,0.835347667,21.44388045,-8.170409628,5.877019668
9.2255,13.12173,3818.7,0.80414,0.567489,1.41701425,11.77975096,-8.731336886,5.51302419
5.66055,6.91782,1234.64,0.58368,1.1601,0.503129041,23.22310926,-8.124286603,6.03748018
7.45425,8.13608,1347.71,0.6626,1.22623,0.540355398,21.80680953,-8.841126776,5.592476019
7.02354,7.18852,1310.73,0.59522,1.11226,0.53514466,24.04619355,-7.545792533,6.002721474
7.1276,7.3057,1289.27,0.59548,1.11442,0.534340733,22.93617997,-7.497810178,6.090908712
7.12733,7.30662,1275.54,0.5947,1.1168,0.532503582,22.83921289,-7.463643294,6.07956956
7.15837,7.31075,1274.72,0.59404,1.119,0.530866845,22.78604505,-7.475973121,6.064382627
7.11813,7.30941,1266.4,0.5935,1.12085,0.529508855,23.01936267,-7.477145465,6.068993287
7.2403,7.33092,1284.09,0.59614,1.11449,0.534899371,22.56623417,-7.407179655,6.085330637
7.26133,7.33103,1265.95,0.59476,1.11607,0.532905642,22.44802083,-7.44636667,6.089877331
7.08591,7.31581,1291.79,0.597,1.1114,0.537160338,22.85431823,-7.582726819,6.047855977
7.71066,8.23812,1389.57,0.66636,1.2095,0.550938404,21.41955012,-8.834627518,5.581609972
7.85452,8.43698,1402.46,0.67264,1.19984,0.560608081,21.39180443,-8.763708088,5.614016468
8.63887,10.47318,1561.13,0.7394,1.31181,0.563648699,20.12917535,-8.740393615,5.788421215
5.09614,6.36937,1642.89,0.65938,0.987749,0.667558256,17.68612616,-8.2351663,5.941928346
4.76389,5.46139,1733.14,0.64174,0.955004,0.671976243,18.30415737,-8.376792317,5.825808942
4.77674,7.01351,811.368,0.55298,1.46731,0.376866511,27.85970337,-8.150763057,5.107616992
7.66141,7.93575,798.747,0.50276,1.31784,0.381503066,15.62235036,-8.978845548,5.449497365
4.58024,13.51875,1942.33,0.69308,0.967914,0.716055352,17.98664021,-8.557376383,5.78099504
6.97386,8.21663,1594.67,0.6443,1.11162,0.579604541,17.73640849,-8.498868938,5.876217887
5.82023,8.52599,2463.1,0.67906,0.788781,0.860898019,20.72140367,-8.231041935,5.820243236
7.29552,7.82348,1652.21,0.63258,0.99494,0.635797133,30.69041397,-7.957084685,5.893456817
12.51,15.63,3344.03,0.78,0.53,1.471698113,20.87670222,-8.494073808,5.665579994
9.22291,10.78711,4691.09,0.81336,0.464213,1.752126718,12.27644585,-8.537473126,5.627764301
9.91355,12.08201,4611.13,0.81672,0.465059,1.756164272,12.479607,-8.559508334,5.563354678
8.43628,10.92065,1227.21,0.6186,1.03509,0.597629192,22.22033265,-9.172307557,4.922402442
3.94171,4.84924,331.977,0.50006,1.78705,0.279824291,25.38568509,-7.564629686,5.600990414
4.32366,7.48304,1453.09,0.63988,1.13521,0.563666634,21.78822491,-8.192635508,5.783001678
4.32331,6.8392,1207.46,0.60904,1.14242,0.533113916,40.20315241,-8.589266826,5.262978355
4.32814,6.83643,1216.77,0.60882,1.14242,0.532921342,41.25733645,-8.340728188,5.285534543
5.65574,8.03848,1658.18,0.63976,1.06612,0.600082542,36.73368335,-8.45321658,5.531488292
4.89988,7.4125,1491.51,0.62534,1.09762,0.569723584,37.6207261,-8.503136513,5.445713137
4.94122,7.81736,1911.18,0.64802,1.03321,0.627190987,34.8818934,-8.665766075,5.607874999
5.69274,8.23995,1694.89,0.64122,1.05735,0.60644063,36.12172093,-8.617325672,5.584774304
5.85838,6.60096,1768.99,0.65076,1.03463,0.628978475,31.69751694,-8.544047862,5.590965129
3.73804,4.75094,372.546,0.45474,1.40294,0.324133605,23.79441977,-8.506243874,5.125301055
3.65952,4.88109,397.878,0.45904,1.39164,0.329855422,23.4333207,-8.692742892,4.918299797
3.85188,5.24127,507.794,0.48134,1.33454,0.360678586,22.41352164,-8.73196511,4.864562634
3.64676,4.81303,360.639,0.4535,1.40908,0.321841201,23.70703834,-8.592158389,5.092378085
3.78928,4.73753,421.635,0.46116,1.38845,0.332140156,23.75562181,-8.509596974,5.067895175
4.91006,5.88115,2281.03,0.61914,0.940943,0.657999475,23.21754407,-7.73149508,5.931085978
4.93297,5.91545,2278.96,0.61868,0.930696,0.664749822,22.79631081,-7.782348875,5.945391409
3.92805,4.48007,348.006,0.47474,1.14958,0.412968214,27.70307546,-8.750716442,4.338755248
4.60933,5.51146,496.677,0.4519,1.37083,0.329654297,24.4861533,-8.110476981,5.248729176
9.29464,9.85685,1124.24,0.56974,1.10591,0.515177546,25.87749617,-8.920195411,5.186168711
9.36477,9.9038,1085.47,0.54844,1.10837,0.494816713,21.7676762,-9.037631483,5.29357649
8.12641,8.87023,823.158,0.52878,1.28139,0.412661251,19.20501308,-8.781758983,5.651911234
8.01633,8.64993,1205.47,0.55746,1.0685,0.52172204,18.00025966,-8.379334101,5.920970804
7.40132,8.01945,1045.37,0.56394,1.23661,0.456037069,17.92294671,-8.431995621,5.90661037
8.14175,8.72919,1132.89,0.5682,1.12133,0.506719699,21.5083948,-8.827684796,5.52895727
8.06353,8.3881,1168.89,0.5633,1.12082,0.502578469,21.2706353,-8.873500392,5.50003324
8.85338,9.62722,1257.88,0.59276,1.05458,0.562081587,18.75767408,-8.568216744,5.852408075
4.79076,6.22077,1423.73,0.65614,1.34353,0.488370189,21.66395588,-8.529247424,5.592660566
4.63591,6.9167,2142.22,0.6505,0.936691,0.694465944,30.76739742,-7.980688656,5.825016297
4.99085,5.89843,804.948,0.51824,1.17751,0.440115158,27.83244695,-8.73111738,4.867589253
6.71064,19.61611,1999.56,0.74706,0.903297,0.827036955,19.60616952,-8.721885323,5.638640451
6.85327,19.50435,1988.95,0.74544,0.908856,0.820195939,19.56587399,-8.708503159,5.656798028
6.72401,19.59015,2000.87,0.7463,0.902602,0.82683176,19.16088324,-8.737710262,5.639304714
4.07005,6.23549,861.503,0.6016,1.80747,0.332840932,22.28250648,-9.118531039,5.495714812
4.02189,6.2924,1203.3,0.60374,1.33234,0.453142591,25.54873986,-8.797850761,5.407257058
6.64584,19.52135,1442.82,0.74532,1.26176,0.590698707,17.25604534,-9.049054477,5.52156046
6.25511,7.40475,1054.18,0.56562,1.09542,0.516349893,22.15798267,-8.086756881,5.689114977
18.72951,18.90864,1895.21,0.7607,0.692037,1.099218683,18.10626698,-8.927313488,5.310980245
6.02587,9.42856,1288.35,0.64688,1.28204,0.50457084,15.12081061,-8.798493168,5.698973207
6.0394,9.46287,1307.42,0.64616,1.26391,0.511238933,14.9016297,-8.811714333,5.717117566
6.40194,9.11851,1235.01,0.64552,1.31172,0.49211722,15.38174505,-8.796967018,5.750468037
4.0122,6.08478,1429.16,0.5961,1.01421,0.5877481,23.175015,-8.274823363,5.556890002
3.99073,5.98845,1315.26,0.5931,1.03053,0.575529097,23.60018526,-8.263049918,5.510087132
3.87826,5.63541,951.587,0.56598,1.09092,0.518809812,25.85633204,-8.174657565,5.297191578
3.8792,5.64298,912.43,0.56488,1.08478,0.520732314,25.5932267,-8.205413338,5.29402109
6.48918,8.02024,2942.07,0.70094,0.699116,1.002609009,23.03648837,-8.30877182,5.785532955
4.10207,5.41924,372.542,0.4435,1.543,0.28742709,44.10748323,-7.784395143,3.002708136
5.88361,7.72889,1927.82,0.64718,0.997869,0.648562086,24.66823569,-8.887856806,5.584980649
4.28799,6.28616,1690.65,0.66686,1.09832,0.607163668,16.02412519,-8.814566417,5.64825135
4.38224,5.58391,458.434,0.55488,1.48991,0.37242518,26.02707287,-7.478782642,5.75243463
5.37633,10.81376,1816.67,0.66394,0.944323,0.703085703,23.23470089,-8.411505452,5.708170351
3.94718,5.04407,958.047,0.61434,1.1747,0.522976079,23.2264979,-7.937784903,5.881207374
5.01855,11.26084,2215.18,0.68342,0.828925,0.824465422,25.69722066,-8.274064273,5.958438622
8.23246,8.54513,3154.74,0.78998,0.722133,1.093953607,7.422583199,-8.978876187,5.406383794
3.92662,4.90564,397.838,0.4682,1.62483,0.288153222,20.75203265,-8.847888609,5.252658248
4.69494,6.47036,1655.93,0.65096,1.17962,0.551838728,20.494523,-8.517318349,5.799754898
4.56445,5.26222,425.333,0.49962,1.41259,0.353690738,26.6374625,-8.890722511,3.581062162
4.56509,7.01927,1128.7,0.59534,1.20631,0.493521566,20.79262378,-8.656643629,5.761364657
6.17461,9.34169,1819.53,0.6259,0.826436,0.757348421,31.21704924,-8.459835823,5.63268087
3.64387,4.8748,312.996,0.49664,1.12809,0.440248562,30.19424336,-7.363471499,4.591886538
3.77279,6.09418,332.371,0.51666,1.21681,0.424602033,31.4162957,-7.636180756,4.669573596
5.3332,7.50726,1919.66,0.61788,0.991241,0.623339834,22.92078823,-8.253965482,5.85908294
4.66605,6.63855,1358.78,0.55586,1.06117,0.52381805,20.0692162,-8.231113462,5.814900929
4.25341,5.56779,1329.89,0.55018,1.05181,0.523079263,22.15942905,-8.297956933,5.654465396
9.77333,11.45503,5009.73,0.83686,0.404958,2.066535295,11.22377266,-8.571390647,5.535976644
5.59779,6.57595,1622.97,0.6601,1.07267,0.615380313,22.02494991,-8.627404467,5.672816309
6.17876,11.92741,2371.28,0.7151,0.841842,0.849446808,20.11675479,-8.185979995,5.870767749
4.59264,5.25566,333.099,0.48248,1.60312,0.300963122,36.60238913,-7.623069309,4.199426128
5.04991,6.34584,1667.15,0.64294,1.10902,0.579737065,19.38269578,-8.361602794,5.755947974
5.48654,5.92099,577.281,0.54654,1.63199,0.334891758,35.35924306,-7.903190188,4.795186364
8.18722,9.12848,2295.48,0.70662,0.813283,0.868848851,14.8638858,-8.530002036,5.780677955
4.60613,16.80237,3248.18,0.72262,0.589197,1.226448879,18.94865823,-8.403529801,5.648188416
4.66019,5.27863,478.355,0.5029,1.38078,0.36421443,23.64292232,-8.269164909,5.141261975
4.02795,6.57261,967.327,0.52992,1.02982,0.514575363,26.00157652,-8.207642851,5.039072883
4.51142,5.84221,930.373,0.52716,1.25506,0.420027728,22.62840554,-7.670811294,5.702742628
4.75213,5.88914,960.198,0.53232,1.23811,0.429945643,22.15903815,-7.661537611,5.765279813
3.76094,5.22333,791.139,0.5576,1.23729,0.450662335,25.0737962,-7.964333278,5.564416515
3.75063,5.23926,789.596,0.56116,1.23622,0.453932148,25.02012714,-7.991872049,5.594523265
4.22176,5.94415,815.38,0.54272,1.20125,0.451796046,24.11801344,-8.642449482,4.90438014
3.79987,5.87516,316.79,0.49086,1.26294,0.388664545,30.23116073,-8.169890657,4.902309872
10.75846,13.17229,6362.13,0.87062,0.287208,3.031322247,9.241880868,-8.461204399,5.454684139
3.69297,5.24244,339.628,0.46572,1.21845,0.382223317,29.55026138,-7.497734784,5.003670882
5.1227,5.4813,1399.64,0.61972,1.25424,0.494100013,37.43582559,-7.711887965,5.250320733
5.10748,5.48445,1394.43,0.61942,1.24179,0.498812199,38.36729145,-7.78250211,5.191367603
4.1864,7.71161,806.505,0.54296,1.34841,0.402666845,23.4408615,-8.497635448,5.378719842
13.13968,15.07113,4398.63,0.79872,0.479637,1.665259352,16.03720477,-8.528942714,5.597177134
5.41115,6.21978,1103.1,0.57316,1.07724,0.532063421,23.83625048,-8.325646881,5.357921611
4.17994,6.70721,699.97,0.48666,1.11065,0.438175843,29.18198214,-8.956408722,4.889182377
5.22151,8.57387,1250.32,0.57448,0.997477,0.575933079,20.31889155,-8.395263485,5.649074645
3.80283,4.42154,196.362,0.42662,1.51094,0.282354031,28.52162807,-8.643434087,4.706777741
4.83031,5.29133,231.626,0.39082,1.86031,0.210083266,25.59234712,-7.989216883,4.891795099
5.50957,5.63288,1260.43,0.56064,1.07586,0.521108694,24.86138312,-8.140163314,5.614801549
3.93575,6.77398,1514.31,0.57252,1.0241,0.559046968,21.02038929,-8.261207696,5.71591108
5.37055,7.89334,2375.09,0.66676,0.873402,0.763405625,27.21679657,-7.88697283,5.890405921
3.79831,4.9541,364.623,0.46386,1.76383,0.262984528,22.06921804,-8.858404398,5.077077072
3.70971,4.64582,282.029,0.4443,1.82012,0.244104784,22.82820803,-8.90943549,5.047641328
3.83765,4.9953,367.354,0.46728,1.73124,0.269910584,21.50641106,-8.905754714,5.067059728
3.74,4.71059,296.424,0.45152,1.80873,0.249633721,22.69745002,-8.852494068,5.027796384
6.77808,8.749,1726.73,0.65022,0.964207,0.67435727,17.14509691,-8.4901761,5.707255397
7.54223,9.23645,1882.66,0.6629,0.838059,0.790994429,16.41594471,-8.603398392,5.625492406
4.8964,5.17779,106.371,0.44726,1.52841,0.292630904,32.83185927,-9.188423342,5.095403301
3.81567,4.45066,547.736,0.5457,1.13709,0.479909242,33.46166119,-7.626576863,5.250074913
4.18958,4.87973,339.865,0.4278,1.91746,0.223107653,42.98176456,-6.551659801,3.392650372
9.67182,10.70302,1359.19,0.62264,0.961173,0.647791813,18.24800172,-8.161900786,6.121294571
4.0341,5.07878,499.226,0.48888,1.22095,0.400409517,29.11647928,-8.044957802,4.756954953
3.98181,5.25265,1489.77,0.6386,0.962764,0.663298586,21.59435539,-8.031104007,5.897194663
3.94642,5.04398,517.986,0.47294,1.29452,0.365340049,29.89487024,-8.531199285,4.484253165
6.03691,11.27088,2592.34,0.69578,0.827082,0.841246696,17.7311465,-9.054321614,5.326849714
5.74685,9.16363,2390.02,0.72964,0.890102,0.819726279,12.5282843,-8.739544789,5.643696199
13.61044,15.13602,2024.71,0.67406,0.799776,0.842810987,24.73488782,-8.948475146,5.263166498
6.62234,15.48597,2730.48,0.74196,0.747785,0.992210328,20.81816159,-8.470103334,5.845643903
4.91496,9.86186,2055.95,0.65798,0.854434,0.770077033,28.38076817,-8.589366704,5.753081441
5.38349,5.80792,1114.07,0.58698,1.12998,0.519460521,19.79664975,-7.829474239,5.840044368
5.25433,6.10819,2752.3,0.68602,0.863424,0.794534319,18.24048843,-7.844322329,6.123883261
4.19832,4.58853,221.351,0.46036,1.42471,0.323125408,23.96699261,-8.441921335,5.050210786
6.14414,6.81519,743.097,0.55158,1.60609,0.343430318,15.226324,-9.226445086,5.221923429
4.83808,7.31661,689.204,0.5669,1.36986,0.41383791,26.20850559,-9.223318178,5.286754649
3.97085,13.71017,1104.43,0.60978,1.23134,0.495216593,24.42242265,-8.791491806,5.482687255
5.02363,6.4533,2164.99,0.65096,0.985188,0.660746984,18.06716016,-8.348622638,5.862174799
9.23203,10.20016,2709.66,0.72104,0.804003,0.896812574,16.06936195,-8.555708007,5.801546619
5.92083,7.62702,1882.36,0.61826,0.977291,0.632626311,20.36213793,-8.247008519,5.897050806
6.86281,7.55002,1995.51,0.63226,0.941882,0.671273047,18.87442741,-8.240687491,5.998195087
6.50668,6.87778,871.167,0.56924,1.59244,0.357464017,30.52297291,-7.536027931,5.520275746
5.80783,6.12904,158.862,0.33394,1.94195,0.171961173,23.04942026,-7.624695135,5.521299045
4.55241,6.25531,531.652,0.5372,1.60942,0.333784842,22.69886746,-8.215649073,5.374605216
4.14157,6.98334,1659.49,0.65496,1.19557,0.547822378,30.69508667,-8.119309604,5.735811802
3.74817,6.3078,474.137,0.54284,1.59431,0.340485853,21.83691925,-9.173073894,4.966000439
3.87237,7.76134,1145.56,0.58388,1.15876,0.503883462,19.19842063,-9.066049894,5.354731294
5.57464,5.84848,680.184,0.55766,1.84239,0.302682928,24.69263671,-7.531001133,5.567923959
4.04226,9.06042,1132.56,0.64424,1.25445,0.513563713,22.64089994,-8.972958613,5.445881596
4.23883,8.98552,1142.26,0.6443,1.25419,0.513718017,23.00822004,-8.94942737,5.514246512
5.99614,9.10869,2819.55,0.72198,0.787709,0.916556749,18.96760898,-8.909644614,5.505705444
4.23928,6.47025,1536.56,0.608,1.06649,0.570094422,20.94395793,-8.332804608,5.68407479
4.24175,5.89247,1597.85,0.61858,1.04927,0.589533676,21.42694419,-8.368592438,5.679125027
8.23796,9.47139,3394.1,0.79736,0.666821,1.195763181,11.64213207,-8.741004071,5.540999759
6.03269,7.03393,986.368,0.54102,1.11887,0.48354143,22.94179644,-7.755126403,5.8440262
5.89758,7.14406,965.371,0.5477,1.11162,0.492704341,22.14599455,-7.823947659,5.825251709
5.89697,7.13405,965.057,0.5478,1.11162,0.4927943,22.16857462,-7.859876576,5.857894168
3.86327,4.15669,125.199,0.42266,3.23985,0.130456657,29.7351639,-9.546037997,4.83012888
3.94622,5.41707,524.319,0.56354,1.08258,0.520552754,27.9310138,-8.047900035,5.33094585
4.5627,6.22226,1108.74,0.55016,1.01998,0.539383125,21.95118314,-8.653288365,5.342932701
7.36677,7.99703,545.12,0.4705,1.64643,0.285769817,20.86858017,-8.189752723,5.859199557
7.27239,7.93236,511.848,0.46456,1.6586,0.280091644,20.82261098,-8.204274639,5.819834806
3.97105,5.13693,821.636,0.56084,0.982113,0.571054451,26.59186255,-8.201019247,5.08422542
5.18062,6.8059,660.34,0.52096,1.41637,0.367813495,35.28345669,-7.478162635,5.707405123
6.65727,13.16813,2177.53,0.72264,0.881908,0.819405199,24.29106214,-8.606757856,5.808835655
6.67449,13.22354,2217.12,0.7237,0.8764,0.825764491,24.14684996,-8.630026544,5.791190457
4.86667,7.27536,1374.32,0.61122,0.966335,0.632513569,22.21055828,-8.396931624,5.594701767
4.78135,5.41632,739.92,0.50606,1.32576,0.381713131,29.64460949,-7.345184937,4.961717952
9.41793,10.82894,1493.76,0.64298,0.926286,0.69414846,18.26481357,-8.416025471,5.918376479
3.70978,4.47915,210.322,0.47194,1.38219,0.341443651,28.54914186,-8.375094858,4.650906252
9.23374,9.74389,890.547,0.55512,1.05908,0.524153038,17.78511453,-8.324937872,5.969930193
8.95969,9.35578,872.356,0.55088,1.07347,0.513176894,18.4940491,-8.402990001,5.943123575
4.1401,6.37722,904.33,0.57846,1.48117,0.390542612,18.31340401,-9.06936043,5.284118256
3.94305,7.44579,1293.18,0.57794,1.00681,0.57403085,26.73462082,-8.302029768,5.567685085
5.53792,6.06957,1665.63,0.62224,0.892995,0.696801214,19.89419354,-8.633694484,5.469367598
4.74264,7.16525,2062.49,0.61754,0.861413,0.716891897,23.9231098,-8.109915043,5.89349923
5.58315,6.53052,677.25,0.5027,1.14575,0.438751909,30.95210468,-8.991671701,5.065989525
5.45199,6.55588,674.392,0.50086,1.14259,0.438354965,31.34679134,-9.006668778,4.986134769
5.84937,6.69444,710.088,0.50328,1.13629,0.442915101,30.79245676,-8.970040558,5.14029806
5.82012,6.69706,714.516,0.50676,1.12302,0.451247529,30.36916277,-8.990793118,5.133937015
5.79486,6.7589,729.019,0.50762,1.1199,0.453272614,30.73637779,-9.083887281,5.089785089
5.88003,6.823,725.198,0.50986,1.1136,0.45784842,30.5798088,-9.109946151,5.0688682
5.08469,6.62212,670.362,0.50502,1.12644,0.448332801,31.78051031,-9.088062308,4.878965491
4.79784,6.67565,774.417,0.52464,1.08038,0.485606916,30.71458139,-9.137457068,4.988748995
4.04722,6.44081,711.265,0.51294,1.09379,0.468956564,31.82247977,-9.153796264,4.868690657
5.14118,6.73531,690.944,0.51818,1.08477,0.477686514,31.46917373,-9.084626,4.894009477
6.25516,7.09133,814.658,0.52622,1.0672,0.493084708,29.58077136,-9.189131402,5.140105624
6.3252,7.29129,857.019,0.53342,1.04682,0.509562293,29.65479318,-9.193831217,5.078969321
5.2818,6.79198,699.176,0.51986,1.07942,0.481610495,31.24560189,-9.110441162,4.940696159
9.47922,10.46203,1040.35,0.6072,1.13142,0.536670732,15.92945272,-9.39938672,5.118064315
4.85597,5.21744,502.716,0.48678,1.23316,0.394741964,24.30942025,-7.80662063,5.278442803
6.70029,13.27907,2173.74,0.72136,0.882932,0.81700516,24.30548773,-8.651227808,5.802813053
8.89146,13.27914,2632.02,0.75028,0.6982,1.074591808,14.19551041,-8.782250166,5.487781783
12.00951,13.97996,2843.51,0.78658,0.61183,1.285618554,12.57631642,-8.707237793,5.559180534
7.35004,8.32775,1549.58,0.6404,1.04928,0.610323269,18.21936843,-8.212408727,5.954764558
4.94745,8.69265,1075.16,0.60728,1.19814,0.506852288,18.88809665,-8.343011975,5.794292627
4.13008,5.81942,876.934,0.51738,1.08758,0.475716729,26.0022908,-7.940208774,5.396692743
3.91982,4.78325,1090.54,0.5598,1.01421,0.551956695,28.36407597,-8.252987403,5.323801602
4.53676,6.78829,1136.61,0.60594,1.15506,0.524596125,40.26576776,-8.473743786,5.306516935
6.24399,7.42167,1637.92,0.62492,1.08555,0.575671319,30.73501411,-8.31624905,5.667629075
6.34458,7.64047,1673.55,0.63374,1.05425,0.601128765,30.74743483,-8.399662592,5.647065638
4.9062,6.09359,2473.64,0.673,0.831336,0.809540306,26.18376653,-7.728210625,5.916523092
6.77637,10.89993,3083.82,0.75168,0.718001,1.04690662,18.25581962,-8.471488319,5.835881384
8.94015,11.91055,4875.01,0.8048,0.448758,1.793394212,13.55593298,-8.553880456,5.56492807
4.49111,5.98412,867.092,0.54292,1.61045,0.337123164,21.55138485,-7.682423862,6.139338152
4.34741,5.85992,1246.22,0.521,1.1473,0.454109649,21.28178184,-7.934897292,5.918646619
6.65142,6.81125,1220.26,0.61322,1.26369,0.485261417,21.60175666,-8.04210092,5.920943038
3.98756,5.44503,318.222,0.4934,1.47604,0.334272784,45.47409385,-8.115163093,3.825043065
7.11095,9.13708,2263.13,0.67358,0.82221,0.819231097,22.93155699,-8.42225238,5.761977497
4.61021,5.52019,341.771,0.44928,1.65801,0.270975446,19.22454903,-8.943644024,5.161093536
8.47609,13.69253,2840.61,0.75202,0.683521,1.100214917,15.91928885,-8.753702005,5.553523475
7.52617,8.234,2684.93,0.7102,0.858047,0.827693588,37.54672575,-8.213026478,5.848684569
3.71515,4.4966,297.12,0.43452,1.44519,0.300666348,27.49190177,-8.433091974,4.983422227
13.01,37.34,4170.37,0.83,0.4,2.075,17.79291992,-8.44259135,5.593309857
4.45966,5.40391,883.786,0.5578,1.61347,0.345714516,36.12966319,-8.207848831,5.059702821
4.77812,5.63795,939.666,0.56304,1.59088,0.353917329,29.57665514,-8.244436865,5.204572887
4.58752,5.76004,899.505,0.54104,1.23436,0.438316212,20.95296945,-8.883110345,5.263312331
4.63008,4.9883,533.788,0.4817,1.28691,0.37430745,27.53271246,-7.346464419,5.110476204
14.41981,17.65359,2507.2,0.7468,0.688928,1.084002973,16.2836267,-8.842319692,5.468083539
5.76726,7.81236,2249.44,0.66866,0.879883,0.759941947,16.17497244,-8.383419256,5.943794083
4.56878,5.00131,481.095,0.49172,1.44177,0.341053011,25.08342515,-7.964264867,4.91923614
4.47094,5.37118,678.242,0.52104,1.34967,0.386049923,26.19116837,-8.315673027,5.278275126
4.3746,5.22265,659.957,0.51326,1.35436,0.378968664,25.81311075,-8.379376986,5.30676785
4.25116,5.28891,677.435,0.52228,1.21408,0.43018582,24.27520009,-8.336727385,5.270387508
9.22584,21.49816,4397.57,0.8236,0.4666,1.765109301,15.46207266,-8.574735082,5.564253502
10.2733,24.28264,4718.11,0.84228,0.405541,2.076929336,15.65157071,-8.516232745,5.524775152
6.66271,20.08724,3621.71,0.78226,0.597835,1.308488128,16.3493479,-8.602846962,5.629217813
5.00118,7.04018,993.397,0.5278,1.11887,0.471725938,28.56268164,-8.566845507,5.301208797
4.99085,7.11877,1000.3,0.52832,1.11442,0.474076201,28.5187773,-8.557824809,5.360555392
5.15865,7.26305,1108.03,0.53866,1.0949,0.49197187,26.0455706,-8.641104984,5.440201841
3.71285,5.15837,381.708,0.47198,1.26263,0.373807054,27.62826533,-8.473578315,5.038248237
6.50331,13.14331,2183.01,0.71832,0.890304,0.806825534,23.80931268,-8.626992102,5.86282716
4.19176,4.51112,558.895,0.5126,1.1607,0.441630051,39.6377597,-7.193988012,3.648080665
6.88405,13.38268,2599.37,0.74416,0.804279,0.925251063,40.83377728,-9.276197301,5.438626962
3.78386,5.87604,1194.61,0.62304,1.04183,0.59802463,23.09318653,-8.070066389,5.696223825
7.05231,10.69503,1559.11,0.6553,0.975433,0.671804214,19.74187197,-8.509579112,5.578525441
3.64959,4.16883,199.881,0.54562,1.16973,0.466449523,25.55265831,-8.574714719,5.011686349
6.49977,8.08211,1022.26,0.60514,1.60695,0.376576745,14.74108307,-9.159816101,5.535571532
3.95101,5.22384,532.984,0.47686,1.32405,0.360152562,33.5500705,-7.571926486,4.558904704
8.06587,8.3258,952.915,0.5303,1.20593,0.4397436,18.18283226,-8.428612916,5.960058218
3.95884,5.34498,586.029,0.48884,1.23434,0.396033508,31.47901321,-8.397559675,4.328998198
4.48097,5.33865,1010.19,0.56926,1.32498,0.429636674,42.57422821,-7.399519292,4.336366214
4.48289,5.30607,1009.61,0.56666,1.35411,0.418474127,34.38349728,-7.986641317,4.795894792
4.52403,5.30653,971.658,0.56692,1.36913,0.414073171,38.27150713,-7.734706368,4.642488078
4.57646,5.32227,965.763,0.57162,1.37671,0.41520727,37.73062811,-7.67759118,4.661638142
4.55872,5.30179,939.764,0.5688,1.39948,0.406436676,36.71860499,-7.950126284,4.79056002
8.28295,10.33934,3457.73,0.78204,0.62663,1.248009192,17.51982272,-8.625105741,5.583028132
7.75871,10.01013,3208.81,0.76924,0.671545,1.145477965,16.95986014,-8.505309961,5.711291026
4.32637,5.3293,400.24,0.4537,1.33144,0.340758878,27.09544843,-9.24854603,4.583038055
4.41255,5.28683,416.394,0.45598,1.35718,0.335976068,27.51050673,-9.08708293,4.538384978
11.06843,16.90888,4987.42,0.86814,0.361932,2.398627366,9.886860797,-8.698304481,5.303422048
3.89595,5.1171,651.502,0.53102,1.10157,0.482057427,27.29067706,-8.09244941,4.133093581
3.95776,5.19184,685.492,0.53212,1.08691,0.489571354,26.6885694,-8.063975049,4.241264294
6.73421,7.4185,882.806,0.51014,1.13583,0.449134113,19.66810135,-7.928807362,5.720839062
4.11889,5.43641,1055.38,0.51632,1.10203,0.468517191,24.33394958,-8.576048039,5.049428434
4.73515,6.86808,1109.09,0.57404,1.25879,0.456025231,35.89621575,-8.25846837,5.20721263
4.77027,6.82109,1103.25,0.57436,1.2492,0.459782261,30.32514128,-8.239798455,5.246732361
6.84646,12.82981,2426.47,0.71776,0.799058,0.898257698,22.92780353,-8.594947911,5.776041606
6.57481,11.59694,2074.45,0.68832,0.866393,0.794466253,28.4584771,-8.223488501,5.865639563
5.58584,7.07783,2925.33,0.7039,0.782965,0.899018475,20.1234221,-8.270600269,6.006322086
3.9573,5.81598,1683.97,0.63652,0.969805,0.65633813,25.46088983,-8.059443053,5.637245085
4.28704,4.9863,759.342,0.54882,0.999721,0.548973164,25.67785005,-8.382359892,5.17690552
3.8062,4.97187,833.619,0.56414,0.952981,0.591974027,27.13831104,-8.172530368,5.373238795
5.88445,9.14666,1441.13,0.58864,0.927388,0.634728938,20.48358213,-7.800686277,5.937431158
7.96955,9.30653,3725.15,0.75678,0.639421,1.183539483,17.82734714,-8.407159948,5.823170672
4.17837,8.81434,1700.55,0.7024,1.15604,0.607591433,24.54501269,-8.634788184,5.560750914
4.17886,8.8325,1746.77,0.70274,1.13678,0.618184697,26.85333625,-8.458629716,5.497575254
6.7436,16.39277,2266.17,0.73098,0.781296,0.935599312,18.80984473,-8.693724282,5.629384603
6.72913,9.10665,3267.6,0.72394,0.629598,1.149844822,17.78997957,-8.623058252,5.620737925
4.0904,4.87799,607.065,0.51416,1.19653,0.429709243,29.13963878,-8.871849045,3.553834247
4.91539,5.9099,778.768,0.52664,1.28892,0.408590137,24.6810887,-7.547409895,5.652198635
4.53903,7.47107,1136.56,0.58078,1.09467,0.530552587,23.40372752,-8.395149018,5.532745165
3.81576,4.39347,284.731,0.42546,1.76923,0.240477496,28.87045131,-7.588005943,5.158839602
4.01306,9.64217,1518.61,0.60408,0.962992,0.627294931,19.64954358,-8.547410251,5.660285675
6.60227,9.41161,3568.49,0.74736,0.678974,1.100719615,17.73531625,-8.244586777,5.959377328
4.54083,6.0596,1007.99,0.57734,1.15823,0.498467489,36.75509949,-8.123952779,4.44986141
4.62522,6.19749,1077.49,0.585,1.13009,0.517657886,36.96357369,-8.205802557,4.649250586
3.75238,4.77881,256.281,0.42338,1.43383,0.295279078,36.40231059,-8.968062861,4.180806861
4.0026,5.10912,898.115,0.56728,1.07778,0.526341183,26.26663297,-8.502030704,5.301976584
4.03954,6.93984,1902.96,0.6427,0.864343,0.74357055,23.93964577,-8.068673588,5.794415751
4.16129,6.81689,858.215,0.54328,1.34232,0.404732106,28.01087785,-9.015358667,4.78427077
5.11086,7.30118,725.718,0.61272,1.04457,0.586576295,19.92657271,-8.273904195,5.596616787
6.83417,7.97254,870.173,0.54492,1.12239,0.485499693,36.54055553,-7.95259681,5.143729165
6.01065,7.7256,1350.37,0.59506,1.03826,0.573131971,19.10558825,-8.982617917,5.332294546
4.22172,5.40132,710.914,0.5336,1.52696,0.349452507,26.67262211,-7.612224479,4.905981403
5.4291,5.81277,1258.22,0.58546,1.09047,0.536887764,19.62937991,-7.735923267,5.824459398
4.23405,6.48565,1081.65,0.56556,1.20859,0.467950256,28.89659835,-8.284178499,5.368109758
4.91611,6.99233,1727.16,0.61002,0.880805,0.692571,29.81779431,-8.362026873,5.631937019
10.68501,11.21967,2579.13,0.77842,0.962771,0.808520406,15.39100817,-8.721823732,5.728990397
3.97231,6.12654,1214.84,0.5539,1.08189,0.511974415,23.34820274,-8.386152236,5.535257802
5.54572,6.25511,2625.19,0.70148,0.917254,0.764760906,15.83582383,-7.93907054,6.22515773
6.59647,8.11138,3012.51,0.6908,0.733886,0.941290609,17.04826516,-8.310761917,5.934334517
5.26139,8.12213,541.231,0.5283,2.03901,0.259096326,16.68566248,-9.055411842,5.729467348
6.8566,12.38418,2122.63,0.72552,0.903178,0.803296803,18.54686734,-8.605063755,5.784539696
