PLD,LCD,ASA,Porosity,Density,Pore volume,Qst H2,log_P_0(H2),log_P(H2)
4.3226,11.39486,1334.33,0.66554,0.949126,0.701213538,3.926129976,-9.88603923,4.557424281
4.5108,11.27344,1339.03,0.6655,0.979267,0.679589938,3.955907716,-9.775939797,4.722579288
7.83744,9.47418,3724.87,0.73276,0.597233,1.226924835,3.130916308,-8.678710141,5.523005408
13.71867,18.8079,2380.22,0.75256,0.674371,1.115943598,2.915032541,-8.689198075,5.531096662
3.9715,4.73097,316.992,0.47138,1.90641,0.247260558,5.19319661,-9.715857358,5.214087053
3.92183,4.69665,272.424,0.46724,1.96962,0.237223424,5.243914814,-9.756304638,5.098042968
3.82431,4.33176,290.352,0.44506,1.34661,0.330504006,6.256120367,-9.562762999,4.972112829
4.03039,5.07969,988.368,0.61912,1.15833,0.534493624,5.135335529,-9.361793692,5.293690162
8.27985,8.50423,977.119,0.58898,1.12072,0.525537155,3.495379991,-9.184367937,5.257206497
6.10482,6.86398,840.2,0.51508,1.21871,0.422643615,4.609724325,-9.415386563,5.015139454
4.17956,5.49574,753.406,0.53518,1.31333,0.407498496,4.314803319,-9.883276762,4.626514378
7.03071,8.25776,1635.07,0.64752,1.10094,0.588151943,3.772789444,-9.224872185,5.259320415
4.65537,7.1439,1317.57,0.60312,1.14924,0.524798998,4.605382761,-9.492775389,5.072348208
3.89327,5.20085,919.536,0.5576,1.15458,0.48294618,5.76727531,-9.460103534,4.977476329
3.94888,5.20115,859.911,0.55324,1.25952,0.439246697,5.806399866,-9.429344022,5.193131582
5.53552,8.42183,2318.74,0.68256,0.863411,0.790538921,3.607345351,-9.109900501,5.436916972
4.98474,7.43431,1258.54,0.5899,1.08434,0.544017559,4.698387304,-9.548307902,4.997714806
10.4443,11.38761,982.267,0.57586,1.02785,0.560256847,4.758668038,-9.162577388,5.274862457
5.80535,7.28268,601.112,0.50044,1.16215,0.430615669,4.745423033,-9.692017677,4.554972064
4.59021,6.64699,929.278,0.5298,1.10689,0.478638347,5.892652575,-9.247479123,5.194098831
5.43889,6.29847,664.428,0.50736,1.11326,0.455742594,4.088996897,-9.976597418,4.461099603
6.88163,13.37732,2601.94,0.74408,0.804279,0.925151595,2.781205886,-9.066059984,5.293274171
5.0609,12.13124,2130.9,0.69536,0.908718,0.765209889,3.611754359,-9.148425714,5.22949486
8.11021,14.70209,3347.01,0.81698,0.628556,1.299772813,1.824916442,-8.783300798,5.562042331
15.85622,20.5205,4866.62,0.89086,0.295002,3.019843933,1.116161533,-8.070248282,5.856699054
10.92309,21.62414,4183.97,0.85002,0.435607,1.951346053,1.770427192,-8.434033195,5.843440904
6.60024,18.23438,3371.44,0.76974,0.629251,1.223263849,2.70116007,-8.769100514,5.506633673
6.71346,18.07263,3391.08,0.77286,0.63164,1.223576721,2.784352766,-8.737476741,5.56401204
13.33904,27.33782,6255.09,0.89344,0.238777,3.741733919,1.215807978,-7.926980058,5.931541523
12.17426,24.55082,4551.51,0.87,0.377577,2.304165773,1.497375271,-8.288741486,5.829227945
9.07611,10.5421,3367.6,0.73488,0.632077,1.162643159,3.160065427,-8.847034081,5.462440132
8.80719,10.21446,3268.72,0.72402,0.655338,1.104803933,3.309280036,-8.903010147,5.336342543
8.70819,10.15021,3321.14,0.72628,0.656268,1.106682026,3.338800149,-8.881967576,5.381609702
4.10445,5.76724,869.785,0.50398,1.26343,0.398898237,5.83813188,-9.146908102,5.346786811
5.00855,5.72682,774.948,0.49644,1.28062,0.387655979,5.508314748,-9.706426584,4.920365942
3.91364,4.43355,405.691,0.48232,1.23763,0.389712596,7.794556584,-9.057185244,5.703477387
3.86825,5.46006,183.716,0.45158,1.70055,0.265549381,5.524622603,-9.834351243,4.859217579
3.85093,5.42762,187.69,0.45174,1.70055,0.265643468,5.528817395,-9.851904911,4.865985987
4.9065,10.017,1816.8,0.67828,1.03876,0.65297085,3.155985177,-9.321702122,5.254912655
5.30365,5.97541,753.379,0.53846,1.21661,0.442590477,5.405509125,-9.281542095,5.101126024
5.31331,5.9443,687.652,0.52528,1.28796,0.407838753,5.529942802,-8.925087286,5.630017663
5.29096,5.93338,677.01,0.52144,1.31573,0.396312313,5.594191229,-8.918233185,5.686213197
17.12424,25.68553,3165.13,0.84016,0.402567,2.087006635,1.451472615,-8.137354322,5.937167782
5.37167,7.3314,1146.88,0.55594,1.01683,0.546738393,4.876867197,-9.448394067,4.963047463
5.08524,7.14066,876.407,0.5421,1.32285,0.409797029,4.736381802,-9.5648567,5.008124797
4.52097,6.3306,965.88,0.55848,1.12223,0.497651996,4.617418245,-9.814257419,4.547627109
4.7481,6.43864,1003.43,0.5662,1.12574,0.502958054,4.602370986,-9.679092515,4.745421802
6.81408,8.80212,1422.51,0.62122,1.05969,0.586228048,4.440902781,-9.30759919,5.202722746
6.54754,8.32882,1419.5,0.61562,1.04077,0.591504367,4.538883594,-9.31869216,5.179951245
6.74118,8.79334,1353.64,0.61642,1.0948,0.563043478,4.507944244,-9.289277696,5.156645428
8.61929,9.08566,2493.39,0.71372,0.761887,0.936779339,3.404247096,-8.858841282,5.391725243
4.95529,7.35231,1409.83,0.58552,0.959143,0.610461631,4.627249552,-9.483133548,4.927501591
4.7743,5.96671,1528.32,0.58902,0.9597,0.613754298,5.168713801,-9.391921986,5.232417945
4.58891,5.43312,1352.46,0.62754,1.38641,0.452636666,4.229030345,-9.224554703,5.479612067
6.25183,6.77693,648.222,0.51648,1.77195,0.291475493,3.999302201,-9.127428027,5.54343788
6.85619,10.92956,2101.19,0.68816,0.99837,0.689283532,3.459202513,-9.04653943,5.372064532
8.71559,12.6138,3274.82,0.75884,0.583675,1.30010708,2.562387346,-8.711439256,5.475239229
4.90729,5.63222,794.401,0.55474,1.43768,0.385857771,4.560947018,-9.199479787,5.402195445
5.90611,6.16099,1902.44,0.66248,1.08253,0.611973802,3.51289116,-9.042004184,5.428312798
8.64841,12.48057,3204.15,0.7613,0.64221,1.185437785,2.907593364,-8.840562068,5.500685133
8.32661,13.59793,2502.53,0.73366,0.746106,0.983318724,3.430400341,-8.978935432,5.3807294
4.54136,8.31511,870.726,0.62074,1.19036,0.521472496,4.907031248,-9.623977395,4.912749178
4.11181,6.0722,1071.12,0.59632,1.16455,0.512060453,4.504663136,-9.97940346,4.548244634
3.90831,4.44036,156.183,0.40324,2.24993,0.179223354,6.112327259,-9.388638299,5.318250345
4.32303,5.2765,619.682,0.51092,1.36723,0.373689869,5.469979415,-9.771145552,4.768686749
4.89301,7.12611,357.969,0.42696,1.98392,0.215210291,5.410922722,-9.638895995,5.316724946
4.85632,5.15455,288.927,0.42748,1.95651,0.218491089,5.084634016,-9.673847091,4.757951782
9.1997,9.48255,928.923,0.5582,1.14308,0.488329776,3.497407961,-8.731856147,5.553272293
5.31262,5.94406,1651.78,0.585,0.925851,0.631851129,4.922852358,-8.790866249,5.626882609
3.80044,4.84557,634.174,0.49344,1.15061,0.428850783,6.208879535,-9.629633654,5.03776647
4.38484,5.04792,636.56,0.50342,1.30477,0.385830453,5.899507432,-9.630369343,4.899420645
14.56862,19.86541,5239.13,0.8979,0.274675,3.268954219,1.273645207,-7.984251683,5.959150647
7.13825,18.06508,3583.27,0.78558,0.600782,1.307595767,2.575264987,-8.685770761,5.551732098
5.01976,7.8603,1901.19,0.63848,0.979833,0.651621246,3.571592596,-9.180333026,5.379520606
13.37911,18.75501,3444.39,0.83558,0.425946,1.961704066,1.471282564,-8.330480649,5.863163707
6.0951,6.93247,581.981,0.45062,1.45916,0.308821514,5.145825351,-8.931674938,5.652359714
9.17864,11.03089,1154.62,0.60242,1.00746,0.597959224,4.263442593,-8.856698274,5.507780766
11.07263,11.39418,1175.97,0.6096,0.982365,0.620543281,4.063360466,-8.773815355,5.373416916
9.50667,11.07211,1172.55,0.60696,0.988926,0.613756742,4.104135647,-8.801677013,5.821255589
10.87494,11.21563,1159.15,0.60852,0.985981,0.617172136,4.088222889,-8.750067038,5.653890149
4.48972,4.82905,521.72,0.46842,1.16972,0.40045481,6.0731118,-9.058949672,5.422724683
8.78636,9.98598,3028.97,0.7058,0.771567,0.914761777,3.458547076,-8.779597722,5.564294334
6.10595,6.92762,1008.65,0.59186,1.43826,0.411511132,4.216565774,-9.085157876,5.496052116
4.44244,5.09322,299.59,0.40752,1.49981,0.271714417,5.777124925,-10.19381021,4.343289471
4.98752,7.28969,2849.13,0.69504,0.833729,0.833652182,3.727095319,-8.9930633,5.317155347
5.88473,7.80429,2759.46,0.70156,0.800823,0.876048765,3.445217522,-8.945581067,5.403186526
7.08849,11.39005,4048.27,0.7795,0.58467,1.333230711,2.744141829,-8.666242209,5.586584651
7.02092,8.26528,3489.57,0.744,0.68036,1.093538715,3.243345805,-8.608567495,5.728525055
4.07573,5.65344,1053.2,0.62164,1.00727,0.617153296,5.215486643,-9.268036619,5.230371788
11.06312,12.00094,993.47,0.5942,0.965457,0.615459829,4.476901814,-9.223605553,5.160683161
4.06272,5.40727,791.432,0.50734,1.31041,0.38716127,5.64164955,-9.219620023,5.249437274
3.80274,4.93858,458.737,0.48374,1.49581,0.323396688,5.734633455,-9.936166377,4.66199853
5.37606,5.6853,1420.93,0.60772,1.07587,0.564863785,4.150908217,-9.204382853,5.542203017
5.13016,6.30636,1365.99,0.6208,1.10057,0.564071345,4.190555397,-9.216778539,5.318443456
6.30843,7.60741,2136.04,0.66196,0.861714,0.76818991,3.691743721,-8.982205033,5.355485355
9.80847,15.56875,1591.32,0.71824,0.777237,0.924093938,3.309517365,-8.882945486,5.58233323
5.59471,9.38154,1604.12,0.68288,1.04219,0.65523561,3.293435259,-9.416683835,5.051235221
10.59979,11.41407,1224.38,0.64844,1.19971,0.540497287,3.135818864,-8.648642379,5.720466353
10.7235,11.51533,1224.91,0.65144,1.1988,0.543410077,3.138440827,-8.543531012,5.689371115
5.62446,9.38408,1646.23,0.68264,1.03958,0.656649801,3.287297202,-9.378118059,4.988120791
10.54479,11.3608,1223.85,0.64786,1.19943,0.5401399,3.12871225,-8.706541545,5.691436622
5.3868,5.98273,1847.56,0.6472,1.18176,0.547657731,4.204582757,-9.040001019,5.49545025
4.26368,5.82193,729.385,0.50118,1.16598,0.429835846,6.844010502,-8.923611389,5.578206032
4.05664,5.44423,634.137,0.49082,1.19946,0.409200807,7.10747885,-8.926252848,5.568118364
4.25745,5.78749,712.146,0.50502,1.1858,0.425889695,6.876084744,-8.985354867,5.454287154
5.15676,8.28593,2399.39,0.68804,0.856166,0.803629203,3.5963311,-9.122472768,5.314814185
5.0837,6.42024,468.517,0.45748,1.7783,0.257256931,4.766620986,-9.270305952,5.466959325
4.61254,5.76705,732.709,0.51364,1.521,0.337698882,4.996460518,-9.545009264,5.064774333
7.73483,9.7655,2462.86,0.6857,0.727417,0.942650502,3.433067359,-9.013287209,5.368559933
4.32918,9.00116,2201.56,0.67476,0.897328,0.751965836,4.207633677,-9.161570897,5.329280619
5.9183,9.52144,2338.43,0.67852,0.828676,0.81880011,3.838145304,-9.288163784,5.161627804
4.73321,7.16113,802.611,0.52734,1.15085,0.458217839,5.106187995,-9.902297537,4.656902971
5.70377,6.40025,1486.93,0.63598,1.21508,0.523405866,3.921080051,-9.091601585,5.566542795
5.8507,10.41989,2819.8,0.72036,0.781859,0.921342595,3.515369196,-8.963249612,5.46512098
5.75428,10.54748,2566.31,0.70918,0.825883,0.858693059,3.612865067,-8.98222581,5.496545594
8.16815,10.52737,3199.82,0.73192,0.722386,1.01319793,3.425745015,-8.781948379,5.542776493
8.1108,10.25531,3116.86,0.72418,0.751133,0.964116874,3.560250755,-8.799330802,5.596688173
7.74023,10.53968,3229.25,0.74936,0.687634,1.089765777,3.039853266,-8.727347889,5.627653331
4.08689,4.75983,427.97,0.50594,1.55048,0.326311852,6.106102977,-9.709773297,4.987839584
5.06381,7.08528,939.267,0.5264,1.11276,0.473057982,5.071258615,-8.94264089,5.633299111
13.69556,13.96867,1519.32,0.68178,0.861632,0.791265877,3.73081195,-8.306393216,6.145478497
7.69493,9.54888,1932.37,0.6774,0.866747,0.781542942,3.515513547,-9.209454713,5.277316456
7.73922,9.60606,1897.81,0.677,0.865497,0.782209528,3.467331366,-9.196178191,5.334826352
4.20115,4.7399,246.312,0.39348,1.75805,0.22381616,6.782494793,-9.39703092,5.212898995
7.17951,9.42302,4347,0.78436,0.556224,1.410151306,2.683865371,-8.569900684,5.742133721
4.68679,4.84155,444.782,0.46642,1.40449,0.332092076,5.60410879,-10.24478758,4.331888659
4.57423,4.8139,437.041,0.4677,1.40471,0.332951285,5.697581905,-10.21946373,4.457244043
4.26622,4.77305,588.744,0.4922,1.33788,0.367895476,5.528201101,-9.813235071,4.76869158
19.54,37.53,6207.17,0.93,0.16,5.8125,0.864114211,-7.513707944,6.1613011
4.98141,8.08398,1687.67,0.61126,0.915242,0.667867078,4.095406268,-9.15692442,5.289299159
4.88927,8.10638,1730.84,0.60644,0.902679,0.671822431,4.14530893,-9.171359846,5.162932322
4.97897,7.89565,1727.98,0.60914,0.907269,0.671399552,4.16471899,-9.183082957,5.350059294
6.22752,7.54994,2625.77,0.71052,0.801255,0.886758897,3.438142044,-8.854259596,5.47174814
6.80894,7.00959,793.947,0.59612,1.69759,0.35115664,3.940789078,-9.311565536,5.169305921
4.28231,5.87217,2218.57,0.65652,0.954537,0.687788949,4.723181169,-8.877822729,5.550988591
4.06042,6.33732,1600.82,0.62358,1.18458,0.526414425,4.432538248,-9.028125912,5.554335445
6.45442,6.88379,867.384,0.5708,1.62124,0.352076189,4.441538564,-9.029890744,5.697886227
10.76844,25.42698,2429.07,0.83658,0.654082,1.279013946,1.707941007,-8.550258712,5.75182585
5.68454,5.83174,345.079,0.41258,1.51867,0.271671923,4.938942074,-9.441943242,5.103359622
5.25081,7.26399,1762.91,0.59932,0.96381,0.621823803,4.213901497,-9.057560094,5.42860679
5.5873,6.57451,1582.38,0.60734,0.939158,0.646685648,4.353393843,-9.387545615,4.975833326
6.93274,11.69294,2124.14,0.69224,0.710904,0.973746104,4.127638543,-9.181011252,5.122670679
7.39815,11.84006,2048.29,0.70204,0.73653,0.953172308,3.963577626,-9.147500982,5.212196084
7.36492,11.84801,2067.8,0.70488,0.733043,0.961580699,3.960316225,-9.179703418,5.165585765
6.70311,11.79938,2122.86,0.70388,0.734288,0.958588456,3.916510794,-9.195074367,5.12103172
7.13512,11.94166,2232.87,0.71434,0.709142,1.007329985,3.776810912,-9.14423728,5.150910225
6.91892,12.04076,2134.58,0.70596,0.729779,0.967361352,3.90903156,-9.191482608,5.082263134
4.52481,10.64181,2211.32,0.67086,0.89363,0.750713382,3.811570298,-9.074131149,5.487694351
7.28684,8.54501,1113.55,0.59522,0.99094,0.600661998,4.137378798,-9.325994531,5.245313955
4.40002,8.03493,573.552,0.48206,1.14872,0.419649697,5.65570846,-9.614552377,5.030891226
4.27216,9.42427,1474.96,0.61826,0.982453,0.629302369,3.706179453,-9.590901084,4.862209013
4.5072,7.01648,804.887,0.5435,1.06034,0.512571439,4.544683937,-9.634902147,4.772480737
10.50387,10.88001,981.784,0.59548,1.19375,0.498831414,4.360416607,-8.686234081,5.80791712
5.9875,6.82031,825.578,0.5077,1.17466,0.432210171,4.705451826,-9.357087721,5.12135795
6.12106,6.83308,793.258,0.50646,1.18929,0.425850718,4.820708498,-9.281866075,5.308989266
8.80996,17.2872,4741.45,0.84252,0.383391,2.197547673,1.843500669,-8.333234174,5.693627971
5.62993,8.06476,2869.72,0.70336,0.749362,0.938611779,3.597826342,-9.104517901,5.212000624
8.65235,9.6188,2701.78,0.67854,0.750661,0.903923342,3.789186449,-8.884459018,5.506949597
3.94175,6.41608,692.797,0.58084,1.68088,0.345557089,4.66873565,-9.840819134,4.743360398
4.3641,6.81111,1052.63,0.61502,1.50078,0.409800237,4.154925405,-9.568530911,5.181738595
4.2994,7.85983,896.656,0.6021,1.05112,0.572817566,4.712756328,-9.686090912,4.840900069
7.33698,11.74827,1972.76,0.71176,0.9638,0.738493463,2.861602327,-8.994225615,5.427550449
11.51164,12.50781,1917.32,0.73012,0.899872,0.811359838,2.718811598,-8.895056789,5.462288027
11.17828,12.20276,1798.43,0.71436,0.934439,0.764480078,2.795030613,-8.897490763,5.557304761
6.87343,12.16451,2800.76,0.71512,0.774775,0.923003453,3.204821545,-8.92761916,5.448056656
5.4451,6.31092,645.76,0.49582,1.11362,0.445232665,4.084422711,-9.952442612,4.401687546
4.93668,5.48228,785.597,0.53086,1.18498,0.447990683,5.631531018,-9.023694857,5.647250164
4.89759,5.65614,913.914,0.55704,1.11309,0.500444708,5.330052059,-8.901540279,5.507762655
4.51467,5.44142,500.175,0.5001,1.81828,0.275040148,5.454231349,-9.063004661,5.640572103
4.88169,5.99991,1468.41,0.61502,1.10463,0.556765614,4.445936875,-9.525624752,5.064110572
4.20229,5.16583,602.813,0.51252,1.16624,0.439463575,5.945334666,-9.824316386,4.744453458
5.24025,7.13491,1971.32,0.64884,0.961266,0.674984864,3.881956679,-9.17367449,5.36464544
6.30914,7.54763,1344.47,0.61346,1.01674,0.603359758,4.010580846,-9.230751023,5.092188476
5.41267,6.44764,2206.57,0.63174,0.918977,0.687438315,4.241281991,-9.129688052,5.215664184
5.21845,6.19215,1780.51,0.62202,0.959339,0.648383939,4.878778858,-8.988675098,5.463931602
5.72948,7.70901,1552.97,0.59466,1.0049,0.591760374,4.230303868,-9.211499481,5.257753374
6.19226,7.11646,1324.79,0.57908,1.03097,0.561684627,4.496546058,-8.812510976,5.659865983
5.75134,6.79615,1173.51,0.5675,1.10764,0.512350583,4.278226651,-9.15068144,5.411653722
5.81846,6.76349,1181.72,0.56678,1.11335,0.509076211,4.36969055,-9.123451397,5.173617868
8.81485,9.37681,1034.7,0.62004,1.01975,0.60803138,3.223546838,-9.172878715,5.325037768
11.54677,12.36039,1097.12,0.6806,1.38142,0.492681444,2.951098063,-8.582056385,5.847354558
4.59142,5.47244,1247.91,0.55474,1.03022,0.538467512,4.995671028,-9.447092706,5.083131324
9.13066,13.54985,3063.99,0.77418,0.629882,1.229087353,2.443345687,-8.805431076,5.405545512
5.06628,5.31376,500.296,0.43594,1.49933,0.290756538,5.317850906,-9.470689905,5.171576565
8.54605,20.14565,5410.53,0.8642,0.342062,2.526442575,1.629023721,-8.245295338,5.750018701
7.46421,8.75902,2449.21,0.68932,0.770453,0.89469442,3.541938545,-8.897885254,5.38436665
4.41775,4.76295,485.717,0.47632,1.31454,0.362347285,8.052717823,-8.114357863,6.382390111
4.56338,5.47883,348.291,0.45418,2.08888,0.217427521,3.794698486,-10.0749747,4.738081851
4.1969,5.64744,1024.7,0.56064,1.08566,0.516404768,5.146750103,-9.744245533,4.825219786
10.45745,10.54661,1438.1,0.66182,0.882268,0.75013488,3.245856544,-9.269896539,5.107167563
10.23297,10.35764,1390.52,0.65554,0.893987,0.733276882,3.350850518,-8.941354815,5.280389248
10.09526,10.20776,1062.17,0.6163,1.01266,0.608595185,2.945488351,-9.124338972,5.117194969
9.95473,10.07029,1045.07,0.61098,1.02149,0.598126267,2.932998949,-9.045446858,5.264570143
10.23127,10.36311,1409.99,0.6572,0.890303,0.738175655,3.252025323,-9.018491349,5.429389744
10.2098,10.32563,921.145,0.6122,1.16569,0.52518251,3.101541409,-8.94062907,5.569891337
9.78954,9.9082,1055.67,0.6064,1.03173,0.587750671,2.937271375,-9.120693127,5.328771588
9.63706,9.77409,1141.74,0.59722,0.990438,0.60298575,3.738614402,-8.958768513,5.541795097
9.89092,10.03622,1208.74,0.6104,0.960732,0.63534888,3.733813114,-8.970598618,5.417820368
5.16047,6.75364,2935.51,0.6548,0.798706,0.819826069,4.625824882,-8.817410885,5.521886098
5.02845,6.64209,2823.58,0.65108,0.808218,0.805574734,4.722016307,-8.839077542,5.590189596
5.44633,7.19383,3056.13,0.67,0.766283,0.874350599,4.33911658,-8.80734426,5.542134443
5.16957,6.75186,2939.45,0.65506,0.798706,0.820151595,4.623888542,-8.799381236,5.56220028
6.03558,10.21454,2563.33,0.68238,0.764371,0.892734026,3.695054413,-9.055285409,5.339807831
5.96794,8.00306,3061.76,0.68974,0.730038,0.944800134,3.829505895,-8.86573986,5.482737687
7.20236,7.55271,545.57,0.44976,1.44288,0.311709914,4.574188088,-9.432035498,5.081722908
10.44621,10.53908,645.574,0.5418,1.07568,0.503681392,3.489274263,-9.160471845,5.290491969
4.09504,5.33845,174.546,0.60088,1.50799,0.398464181,5.687399642,-9.909845337,4.699968486
9.65919,15.53135,1705.48,0.73432,0.735216,0.998781311,2.698118742,-8.989020067,5.573038275
4.72091,7.75357,1299.21,0.55784,1.06732,0.522654874,4.873054386,-9.38257758,5.110344149
8.28637,10.23635,3308.72,0.7734,0.717556,1.077825285,1.654933173,-8.802541056,5.523929351
7.89385,9.01955,3220.74,0.77522,0.713962,1.085800085,1.594313075,-8.834824018,5.493426795
5.82599,6.17717,4176.69,0.70416,0.749009,0.940122215,3.87893624,-8.582516469,5.633093278
6.15688,9.97626,2854.51,0.73308,0.782835,0.936442545,3.215097908,-8.939166096,5.482823166
4.74798,5.61731,1045.48,0.54568,1.17978,0.462526912,4.631630305,-9.778909776,4.83941417
5.12647,14.73899,2592.56,0.71414,0.739806,0.965307121,3.198445342,-9.172198002,5.063350364
9.90606,13.79678,3776.02,0.8154,0.543859,1.49928566,2.222439852,-8.555800537,5.764217261
10.18096,11.98539,4102.78,0.77866,0.581652,1.338704242,2.944852011,-8.662653222,5.629954857
20.98793,21.72315,4580.18,0.89992,0.308304,2.918937153,1.00941549,-8.044568778,5.908865607
10.23686,21.31368,3650.11,0.78646,0.503862,1.560863887,2.627743284,-8.596690985,5.684741384
10.09364,21.10286,3623.14,0.78424,0.511736,1.53250895,2.676744117,-8.625965573,5.626664391
9.52705,21.88013,3907.44,0.79112,0.471575,1.677612257,2.439967428,-8.550359356,5.548109974
5.75458,7.36646,1405.71,0.59344,1.07595,0.551549793,3.656592584,-9.410580007,5.111172933
16.92881,18.61448,4498.68,0.83828,0.43749,1.916112368,1.831647778,-8.404324148,5.801251112
4.86094,6.48832,816.468,0.51428,1.33798,0.384370469,4.764575356,-9.495246373,5.072618038
4.74657,6.37536,775.425,0.5131,1.3786,0.372189177,4.949077095,-9.552152265,5.05769156
7.50799,8.31867,1042.15,0.5793,1.3283,0.436121358,3.639737668,-9.438807225,5.056623658
6.38588,6.55466,655.426,0.53696,1.38595,0.387431004,4.329842495,-9.568043903,5.111545011
5.70379,7.95789,1708.74,0.61892,1.02105,0.606160325,3.614278431,-9.070002744,5.570832731
7.16704,7.9618,973.163,0.56886,1.42154,0.400171645,3.745899795,-9.525096515,5.068293648
6.80286,8.39634,1923.66,0.64358,0.891254,0.722106156,4.166560509,-9.193600451,5.288846656
6.8904,8.30709,1894.26,0.64216,0.897695,0.715343184,4.183233935,-9.196171432,5.255506808
6.3971,8.11197,2096.97,0.65336,0.849879,0.76876826,4.180739529,-9.135545464,5.32076548
6.47185,8.33004,2086.19,0.65498,0.855248,0.765836342,4.187899263,-9.094864778,5.279985079
6.36998,8.09188,2057.4,0.65232,0.865187,0.753964172,4.23405464,-9.131858689,5.353752673
6.66,13.15,2177.31,0.72,0.89,0.808988764,3.361554178,-9.052990096,5.324096096
4.49353,7.07757,989.762,0.54344,1.32957,0.408733651,3.639214976,-9.5964196,4.863038133
5.10301,7.91374,1994.19,0.64696,0.900168,0.718710285,4.224693249,-9.278274548,5.126771439
4.28567,5.96735,1013,0.53236,1.1236,0.473798505,5.262241683,-9.438798675,5.084277678
5.02673,6.20221,2051.65,0.63816,0.856325,0.745231075,4.900187805,-9.11395783,5.261346768
5.27399,6.55516,1959.6,0.6337,0.85763,0.738896727,4.860527888,-8.89198739,5.511519651
5.24121,6.90751,1037.8,0.57342,1.23618,0.463864486,4.781607712,-9.41470203,5.190278362
4.21234,5.96594,260.353,0.4552,1.37246,0.331667225,6.063100373,-9.729216974,4.936861857
4.22597,5.76843,735.503,0.531,1.21128,0.438379235,6.347433655,-9.145663137,5.331752153
4.61744,7.01096,1015.75,0.59098,1.0069,0.586930182,4.958240601,-9.528025843,5.021604474
9.99848,15.52711,1685.96,0.74322,0.770284,0.964864907,2.778614664,-8.829708413,5.629700265
7.81351,8.36121,1307.06,0.60632,0.894084,0.678146572,4.315541791,-9.236313513,5.162448071
6.12785,12.37213,3656.28,0.76108,0.613909,1.239727712,3.049511672,-8.709512856,5.433792403
4.59373,4.92609,329.359,0.42358,1.2701,0.333501299,6.421801901,-9.42236962,5.110932519
6.48081,9.47252,1271.45,0.58954,1.142,0.516234676,3.390413132,-9.302053287,5.214446502
4.75385,5.87158,1483.35,0.59392,1.05542,0.562733319,4.985430411,-9.402174136,5.062327284
4.04185,5.27797,1042.87,0.59626,1.27879,0.466268895,4.497381165,-9.587947568,5.015454933
4.1432,4.67913,546.6,0.5207,1.68326,0.309340209,4.763559427,-9.604803431,5.370947376
4.18275,4.72751,582.465,0.52418,1.638,0.32001221,4.694760301,-9.570320925,4.978306194
4.73838,5.90111,3224.14,0.7112,0.853512,0.833263036,3.489102115,-9.080240597,5.3920989
5.09371,10.84979,2242.39,0.73102,0.987627,0.740178225,2.877328784,-9.326821178,5.100360153
5.10475,10.83424,2220.75,0.7295,0.990811,0.736265544,2.891309686,-9.330666684,5.119859767
5.15775,10.83211,2228.38,0.73028,0.991313,0.736679535,2.892141909,-9.293850604,5.023819903
36.09316,38.39638,4256.39,0.86952,0.330751,2.628926292,1.556148374,-8.032061943,5.9359553
5.89987,7.33941,703.164,0.50038,1.15869,0.431849761,4.405196808,-9.486136318,4.901523593
5.43293,7.07895,551.249,0.45578,1.23597,0.368762996,5.068456762,-9.361302074,5.28577593
5.51917,6.9387,1279,0.56722,1.06823,0.530990517,4.834173184,-9.415336394,4.943127739
5.38791,7.02744,557.072,0.47072,1.22872,0.383097858,4.715746874,-9.604944745,4.911842502
5.70931,7.08217,593.246,0.4914,1.19421,0.411485417,4.927834949,-9.630928855,4.728532781
5.20998,6.82532,521.764,0.45816,1.26745,0.361481715,4.904378689,-9.67548303,5.175753508
5.43055,7.07901,578.494,0.47396,1.22579,0.386656768,4.700064822,-9.550646134,5.082846315
5.55881,7.01349,564.084,0.48404,1.21167,0.399481707,5.045993156,-9.687977593,4.957194413
8.55613,10.88811,2713.4,0.69748,0.702067,0.993466436,4.105305058,-9.063049285,5.193137621
8.62628,10.81747,2981.53,0.70756,0.682989,1.035975689,3.918227483,-8.994742345,5.364602324
5.51512,5.77667,548.02,0.464,1.43835,0.322591859,4.577032815,-9.462162586,5.241492073
5.83562,6.37209,886.13,0.51612,1.3312,0.387710337,4.025314584,-9.135647366,5.268598133
31.81617,33.37685,2501.76,0.83682,0.55548,1.506480881,1.931778139,-8.37573482,5.777375249
3.8396,6.40626,1013.26,0.59228,1.22785,0.482371625,5.429940711,-9.662060542,4.872749099
3.96851,4.621,1398.72,0.56826,0.918673,0.618566127,5.504620054,-9.349523532,4.983474356
4.99124,7.04652,1034.51,0.53774,1.10591,0.486242099,4.857162671,-9.336968652,5.159516074
5.95944,6.92785,1516.95,0.59038,0.95198,0.620160087,4.613134174,-9.283555934,5.088465932
4.08235,8.5781,1113.76,0.59616,1.22102,0.488247531,4.517676498,-9.772819127,4.837681193
7.22422,12.70758,2296.11,0.73656,0.840959,0.875857206,2.610498471,-8.988597468,5.508550512
4.48945,5.4044,686.609,0.52304,1.33709,0.391177856,5.417518962,-9.683215585,4.996661566
5.55178,6.21978,2629.43,0.7017,0.911359,0.769949054,3.660413977,-8.85841994,5.513285843
10.48758,11.72847,1451.86,0.65056,1.03086,0.631084725,2.820389429,-8.87922663,5.535604582
4.44258,5.67441,835.09,0.54036,1.13028,0.478076229,6.018701385,-8.917937617,5.700457854
8.33336,9.56221,2471.49,0.69308,0.705297,0.982678219,3.49177224,-9.044317628,5.33110813
7.41464,12.56279,2899.59,0.74308,0.699904,1.06168846,2.790397531,-8.841562553,5.466112553
6.18664,12.83222,2224.88,0.70894,0.918215,0.772084969,3.547668214,-9.093023282,5.418560432
4.31087,7.7671,1487.68,0.61816,1.11145,0.556174367,4.584468253,-9.276198311,5.20395874
9.88681,11.25321,2525.06,0.72208,0.655086,1.102267489,2.423255009,-8.702481654,5.678465317
8.23046,13.93661,2673.77,0.75038,0.705662,1.063370282,3.261892339,-8.848116583,5.538700823
4.146,5.27667,728.873,0.52182,1.23845,0.421349267,6.721978116,-9.28517853,5.309568761
4.56478,7.19069,939.672,0.55654,1.30979,0.42490781,4.891965449,-9.367457223,5.159939455
4.43531,6.98874,1837.37,0.60518,0.861557,0.702425957,4.608707983,-9.259133045,5.098780059
4.21694,6.93935,1637,0.59946,0.944373,0.634770371,4.544075304,-9.307035488,5.137701277
5.67839,6.29148,758.172,0.52096,1.73371,0.300488548,5.218598669,-8.578263065,5.955037766
5.45003,6.08438,746.235,0.51598,1.74666,0.295409524,5.320100243,-8.683720786,5.97936212
9.36955,10.28847,1288.78,0.5922,0.959454,0.617226047,4.167216457,-9.045974647,5.288760755
4.75286,5.24143,387.193,0.41706,1.73091,0.240948403,5.166094373,-9.037887656,5.372185699
7.75151,19.92035,4661.65,0.8176,0.416148,1.964685641,2.037223498,-8.508680631,5.619637126
6.42877,8.06449,1735.19,0.64948,0.994088,0.653342561,4.192923813,-9.752828972,4.650887961
5.30054,7.18071,1772.64,0.63984,1.02665,0.623230897,4.308696339,-9.839154649,4.688227807
6.17686,8.70352,1314.29,0.63354,1.10684,0.572386253,3.977650462,-9.282301303,5.328572608
13.27334,13.47664,2034.15,0.69836,0.710309,0.983177744,3.553762347,-8.773345753,5.406750342
10.7455,11.47981,1344.75,0.63868,1.14506,0.557769899,3.017581172,-8.581861453,5.909204245
10.74209,11.51419,1347.31,0.64112,1.143,0.560909886,3.031151029,-8.593016668,5.794672593
5.54947,9.21896,1451.9,0.58362,0.933786,0.625004016,4.692895198,-8.888222295,5.738626227
5.43687,9.32301,1385.03,0.58002,0.950981,0.609917548,4.776654342,-8.907866913,5.605161954
4.06161,5.32548,476.164,0.50186,1.49426,0.335858552,5.389861133,-9.80028041,4.663088544
4.88565,5.0519,345.654,0.46146,1.50882,0.305841651,5.106345176,-9.613811245,4.964223801
4.94322,5.11017,348.373,0.46644,1.49623,0.311743515,5.034871675,-9.61063352,5.015933396
5.02601,5.1864,383.441,0.46914,1.4827,0.316409253,4.988196062,-9.636803549,4.928971973
5.00326,5.16234,384.303,0.4668,1.49169,0.312933652,5.015341977,-9.60222861,4.87751727
5.02281,5.18598,383.829,0.46988,1.483,0.316844235,4.983912121,-9.599167725,4.736281111
4.99439,5.14847,403.219,0.46774,1.4815,0.315720553,4.974012785,-9.603017768,5.162626618
4.91671,5.07682,365.373,0.46468,1.49643,0.310525718,5.061905519,-9.629083079,5.047240466
5.01099,5.19048,388.112,0.4702,1.4743,0.318931018,4.952007648,-9.641221,4.948569909
4.98367,5.16273,379.738,0.46598,1.48699,0.313371307,4.994547401,-9.585788559,5.089554672
4.99038,5.16264,390.564,0.46744,1.48759,0.314226366,5.005366924,-9.564104629,5.001333884
4.35949,5.09274,532.704,0.47664,1.47774,0.322546591,5.680534055,-9.344763752,5.279444548
4.99057,7.01369,516.603,0.47134,1.16777,0.403624001,4.611593768,-9.811347547,4.581927399
5.08651,7.10061,559.058,0.47504,1.15597,0.410944921,4.628402181,-9.791151625,4.651976656
5.22809,7.23384,575.002,0.484,1.1195,0.432335864,4.406379842,-9.704733978,4.717737655
5.09264,6.26427,2411.6,0.65386,0.832059,0.785833697,4.065550828,-9.0875138,5.357525306
7.67167,10.27831,2922.27,0.70564,0.69448,1.016069577,3.553143349,-8.930900383,5.3365773
6.03194,8.49795,3283.08,0.735,0.769652,0.954977055,3.043686412,-9.015858509,5.348474806
4.94828,5.4924,1400.28,0.6196,1.21421,0.510290642,4.225017384,-9.389066581,5.168743173
4.36372,7.19009,1236.06,0.55574,1.03983,0.534452747,5.283171678,-9.511254154,5.117133237
4.52273,5.3255,561.466,0.5167,1.62985,0.317023039,4.70008777,-9.675091647,4.95390089
6.38689,7.02334,777.944,0.53406,1.685,0.316949555,4.96948399,-8.673959097,5.89567837
4.03981,8.5056,782.841,0.57816,1.2776,0.452536005,4.613589353,-10.00946491,4.547531623
4.12189,8.21931,773.642,0.58244,1.27633,0.456339661,4.569701106,-9.912610424,4.6493939
7.35018,9.71439,1525.51,0.68302,1.06464,0.641550195,3.022210824,-9.195435912,5.35073476
3.93376,5.7859,1061.51,0.55152,1.09699,0.502757546,5.283775678,-9.605029471,4.968156549
3.83237,5.36995,636.727,0.51436,1.20669,0.426256951,6.564829893,-9.222052449,5.508588599
5.51273,6.23351,2602.63,0.70158,0.921282,0.761525787,3.717757157,-8.848174382,5.731979325
4.11195,4.69664,1240.58,0.59184,1.09749,0.539266873,5.15845955,-9.283146352,5.117579785
4.62513,5.76822,1093.55,0.56466,1.11065,0.508404988,4.895110419,-9.544863914,5.063914903
6.53639,8.26997,2774.46,0.72522,0.770939,0.940696994,3.379831152,-8.772717197,5.602971704
6.61957,8.20931,2763.89,0.71726,0.786825,0.91158771,3.41084335,-8.794365489,5.503654438
5.53828,7.03754,2279.26,0.65416,0.930114,0.703311637,3.706942036,-9.056778114,5.40155661
9.90922,20.37708,3587.2,0.828,0.51525,1.6069869,2.006457402,-8.540051394,5.72555988
9.49767,11.24994,3709.73,0.79266,0.554498,1.429509214,2.396249518,-8.548586408,5.655688681
5.07098,10.40468,2268.58,0.66682,0.834367,0.799192681,3.602840065,-8.993798014,5.614420026
4.82619,7.16379,1243.97,0.59762,0.994067,0.601186842,4.863573125,-9.42713651,4.984946939
7.18297,17.06774,2104.22,0.69226,0.779609,0.887957938,3.796960432,-8.971912105,5.359644013
4.86183,6.41301,601.77,0.49572,1.15346,0.429767829,6.69539383,-9.810094005,4.715558509
7.52711,9.02632,3201.03,0.76362,0.738263,1.034346838,1.683202569,-8.828409927,5.66771753
8.21137,10.58889,3667,0.8007,0.621509,1.288316018,1.362798631,-8.677104458,5.523838651
10.84338,15.26084,2079.12,0.72518,0.834696,0.868795346,3.522879614,-9.20983694,5.311978808
9.2554,11.07723,1264.7,0.62052,0.942046,0.658693949,3.750977578,-8.802450791,5.43121716
4.03207,5.56405,1542.83,0.60148,0.979977,0.613769507,4.536956208,-9.407261743,5.017325605
4.13005,6.0819,1487.3,0.59992,0.982136,0.610831901,4.466107576,-9.483490072,5.016474253
5.16856,5.80851,1029.51,0.54928,1.17303,0.468257419,4.952638972,-9.128402818,5.392408709
7.98095,9.37773,2417.23,0.68628,0.746179,0.919725696,3.511893978,-9.081558521,5.206701468
6.44934,7.90061,1584.9,0.62044,1.08801,0.570252112,3.784054317,-9.213605889,5.262270335
4.74475,6.7857,1024.9,0.56918,1.24631,0.456692155,4.557405951,-9.744560143,4.855447413
4.40026,5.67314,1337.13,0.68924,1.44318,0.477584224,3.454939797,-9.377185425,5.097639643
4.43683,5.72943,1445.99,0.69446,1.42641,0.486858617,3.407924541,-9.345690382,5.445685236
7.15132,15.60203,4009.59,0.7783,0.583758,1.33325796,2.843585064,-8.606382509,5.653432122
4.73452,5.76312,1864.99,0.64784,0.963118,0.672648627,4.225215379,-9.338098333,5.152853878
4.01709,5.3881,833.666,0.55242,1.06088,0.520718649,5.482339256,-9.85734896,4.740312897
7.32788,8.13471,1328.07,0.66578,1.23149,0.540629644,4.130541763,-9.490597718,5.008957804
7.41537,8.18288,1340,0.66352,1.23146,0.538807594,4.144424881,-9.50095233,5.241646481
7.67164,8.21788,1397.34,0.67178,1.21042,0.554997439,4.036788633,-9.318607702,5.266245428
7.79985,8.32352,1312.52,0.66686,1.23467,0.540111933,4.058134875,-9.310361876,5.253100591
7.62763,8.30771,1338.91,0.66736,1.22175,0.546232863,4.033284133,-9.288813308,5.245482279
4.57125,7.106,784.155,0.52752,1.41213,0.37356334,4.571307916,-9.806863074,4.876831127
7.52386,8.16009,1339.59,0.66272,1.22695,0.54013611,4.094710886,-9.478187774,5.112014849
7.79803,8.41278,1368.5,0.67308,1.20596,0.558127964,4.007903873,-9.250586995,5.292949086
4.91458,6.80411,2524.6,0.68262,0.777083,0.878438983,4.597722868,-9.103057969,5.262606069
5.8505,6.03686,1132.86,0.58636,1.12119,0.522980048,4.475256782,-8.740654533,5.707950197
6.70407,7.25727,787.458,0.47158,1.2275,0.384179226,4.810107084,-8.218235738,5.976419687
5.06719,7.09965,1675.11,0.61886,1.05656,0.585731052,4.243269526,-9.201230218,5.243020485
6.68961,13.2781,2162.49,0.7225,0.886331,0.81515822,3.361739198,-9.051486684,5.429893379
6.5701,13.193,2210.71,0.72222,0.888496,0.812856783,3.397707057,-9.049039429,5.610220259
6.64275,13.20287,2201.29,0.7231,0.881027,0.820746697,3.354986609,-9.038694848,5.470871409
6.60546,13.18132,2181.3,0.72282,0.885001,0.81674484,3.375898415,-9.066632981,5.515278312
6.68183,13.19195,2171.13,0.72382,0.878773,0.823671187,3.343067775,-9.028929972,5.342245054
6.69993,13.19966,2167.39,0.7232,0.880672,0.82119109,3.346484707,-9.014187332,5.459076031
6.66924,13.25601,2229.54,0.7244,0.875822,0.827108705,3.326634126,-9.038811267,5.492084281
8.27815,8.89284,2880.12,0.75336,0.8398,0.897070731,2.571227926,-8.956603775,5.455395575
4.70156,5.98836,1367.97,0.5669,1.13574,0.499145931,4.82068858,-9.285133194,5.258663966
7.94447,8.29761,1902.31,0.65206,0.865148,0.753697633,4.130100805,-9.177506412,5.09712429
7.94315,8.31402,1905.69,0.65228,0.865148,0.753951925,4.128660582,-9.176291568,5.350802185
10.90273,11.49614,1285.96,0.63924,1.13639,0.56251815,3.040229455,-8.58700087,5.688624412
10.75448,11.457,1248.66,0.63676,1.17248,0.543088155,3.069919584,-8.681369047,5.755749125
10.64671,11.40307,1079.51,0.62802,1.32388,0.474378342,3.183852731,-8.643493329,5.940460527
10.95857,11.78987,1368.61,0.64822,1.07449,0.603281557,2.878036348,-8.655657042,5.733226849
10.75702,11.6018,1231.33,0.65904,1.22798,0.536686265,3.268455812,-8.605971947,5.604917934
10.64506,11.38518,1074.64,0.62758,1.32314,0.474311108,3.171043065,-8.634919726,6.036077719
10.62301,11.39174,1088.8,0.62762,1.32036,0.475340059,3.145155939,-8.589710724,5.85032776
10.57016,11.32953,1110.12,0.62972,1.32131,0.476587629,3.170870046,-8.673394141,5.690767499
11.06125,11.7757,1356.1,0.64684,1.07581,0.601258587,2.878133631,-8.558011546,5.827550868
11.07374,11.88903,1359.45,0.65134,1.07591,0.605385209,2.903086927,-8.547899205,5.843769273
10.82581,11.40668,1294.75,0.63544,1.13771,0.558525459,3.057338819,-8.598626554,5.852524601
10.79186,11.55541,1238.1,0.64,1.17423,0.545038025,3.094923549,-8.621952665,5.885886255
10.81874,11.57951,1222.22,0.6622,1.23248,0.537290666,3.301234902,-8.653548982,5.863063619
10.88858,11.43729,1264.74,0.63788,1.1695,0.545429671,3.077495265,-8.623330564,5.738533999
11.05538,11.52097,1296.77,0.63882,1.12778,0.566440263,3.005007882,-8.574430373,5.925466128
10.88298,11.69077,1217.22,0.66136,1.22651,0.539221042,3.291078594,-8.578920893,5.863906481
6.46655,11.06918,3361.09,0.75462,0.744735,1.013273178,3.002436849,-8.875443301,5.5183409
7.45633,8.75515,2583.43,0.70352,0.883978,0.79585691,3.895888197,-8.97044692,5.484436732
4.24065,5.14726,733.99,0.52196,1.08125,0.482737572,6.368583901,-9.569289657,4.922802745
4.31105,5.20924,720.06,0.52204,1.08343,0.481840082,6.406949754,-9.579045824,4.950832632
4.15335,5.06649,698.549,0.51966,1.08454,0.479152452,6.482578531,-9.627549935,4.930804234
7.84231,9.63817,1856.81,0.68382,0.968257,0.706238117,2.968470495,-9.074372224,5.332832771
4.95411,5.58641,247.714,0.42952,1.71799,0.250013097,5.154712681,-9.676764412,4.805644059
5.57745,6.73617,1558.49,0.64406,1.22293,0.526653202,3.550144485,-9.359217818,5.217767625
5.52931,6.74228,1541.66,0.64732,1.23822,0.522782704,3.57733033,-9.380519966,5.042686844
5.5633,6.72492,1533.55,0.6466,1.24692,0.518557726,3.568671285,-9.341233441,5.205150183
8.38156,8.70899,3336.55,0.78544,0.6876,1.14229203,1.484145567,-8.777113261,5.540071007
8.24745,8.57279,3231.08,0.78816,0.705939,1.116470403,1.531194327,-8.820220929,5.469299868
8.47314,8.79766,3470.84,0.78884,0.659131,1.196787892,1.442146659,-8.74696942,5.438564591
8.34849,11.31649,2932.93,0.73996,0.659609,1.121816106,2.757834111,-8.76080773,5.525225304
4.35736,7.59167,874.592,0.55396,1.4363,0.385685442,4.071554079,-9.588081129,4.996665125
5.53023,6.24795,2618.01,0.70226,0.917942,0.765037442,3.706584755,-8.833041893,5.626783166
5.43307,6.88574,2564.42,0.69694,0.934938,0.745439805,3.804537387,-8.863747245,5.625074229
5.58095,6.84864,2641.33,0.70248,0.914088,0.768503689,3.693440447,-8.81191451,5.476111399
5.54383,6.2822,2635.62,0.7047,0.913502,0.771426882,3.687443792,-8.828453641,5.569559404
5.52998,6.2305,2607.18,0.702,0.917281,0.765305288,3.699503137,-8.826243027,5.545105865
4.08035,8.60996,1751.77,0.62412,0.892149,0.699569242,4.71074387,-9.280944628,5.126621407
5.84334,7.60651,2298.34,0.66298,0.89237,0.74294295,3.662755556,-9.109542689,5.357173304
4.10064,4.8322,679.338,0.532,1.27011,0.418861358,6.027884394,-9.905995624,4.841716769
4.25829,5.05781,262.756,0.3907,2.01174,0.194209987,6.65790994,-9.181050538,5.549932314
4.11246,5.10711,256.607,0.41838,2.00854,0.208300557,5.487102084,-9.605209571,5.225650249
3.97439,5.66406,1511.69,0.63118,1.2172,0.518550772,4.668060701,-9.024553112,5.477581601
4.80162,6.76874,1763.4,0.6401,1.07493,0.595480636,4.315782261,-9.191960298,5.240534088
5.76711,8.64942,964.048,0.63514,1.65261,0.3843254,2.824873492,-9.442652628,5.413133532
4.45617,4.94603,588.67,0.51764,1.56048,0.331718446,4.406903874,-9.324950366,5.239573253
4.50865,5.05516,509.707,0.55578,1.94091,0.286350217,4.478413985,-9.419764336,5.017100745
6.48549,7.09668,847.573,0.52214,1.23144,0.424007666,4.462742282,-9.265421536,5.304049622
5.41366,7.45968,3082.43,0.70364,0.680928,1.033354481,4.068654276,-9.189038734,5.101994216
4.57463,5.69204,1094.95,0.566,1.10643,0.511555182,5.553117595,-9.710722223,4.904994124
5.3048,8.5131,3919.89,0.7317,0.597247,1.225121265,3.51409971,-8.964577748,5.198093587
4.00763,8.23055,1725.06,0.6435,0.791399,0.813117024,4.226777524,-9.657402279,4.852416254
9.16908,11.02009,1137.17,0.58894,1.0226,0.575924115,3.901422377,-8.747387416,5.603155789
6.77493,8.38862,1397.17,0.5852,0.882886,0.662826231,3.391849511,-9.388704996,4.956032263
4.12404,5.46793,580.8,0.50342,1.18663,0.424243446,6.255109087,-9.560622096,4.802674661
10.88335,11.49174,1241.27,0.64072,1.17569,0.54497359,3.072856006,-8.559674644,5.952670775
4.77619,6.50652,1370.96,0.57322,1.06179,0.539861931,4.50157931,-9.366166097,5.132457779
4.76212,7.16308,1563.98,0.59774,1.01279,0.590191451,4.280140833,-9.578872921,4.893485498
4.09689,5.39541,1002.02,0.50016,1.23338,0.405519791,5.604376375,-9.264185173,5.414918461
4.58604,7.47672,1763.41,0.62816,0.942864,0.666225458,5.083046881,-9.222976583,5.201867323
3.83367,5.04944,835.247,0.57222,1.16048,0.493089067,6.075983506,-9.520301317,4.948448239
3.82141,5.05464,837.919,0.57504,1.16139,0.495130835,6.066982527,-9.513492026,5.059851862
6.40353,7.28891,1568.32,0.61566,0.848239,0.725809589,4.902816014,-9.051495867,5.326925222
6.771,9.5833,1825.57,0.68152,0.919899,0.740863943,3.441372349,-9.285934115,4.949095552
6.45176,9.80418,1963.35,0.67426,0.880896,0.765425203,3.32697053,-9.304126749,5.313338234
4.95704,6.0526,720.619,0.49142,1.09523,0.448691142,4.766144496,-9.670038026,4.705339953
4.69208,8.09916,912.99,0.52074,1.04866,0.496576583,4.583250789,-9.905323682,4.506302593
3.81491,8.83929,1463.71,0.59704,0.983115,0.607294162,4.904816579,-9.392457989,5.157582947
4.57898,8.75163,2495.83,0.64868,0.791151,0.819919333,4.446301587,-9.053984071,5.19861576
3.8004,8.91057,1543.25,0.60862,0.944674,0.644264582,4.678969925,-9.418328628,5.059791074
3.82289,8.8152,1561.09,0.60764,0.954752,0.636437525,4.767689273,-9.398471731,4.943742365
4.59038,8.8603,2453.17,0.66052,0.835338,0.79072184,4.217048075,-9.030476071,5.303890497
6.13062,13.83308,889.461,0.57056,1.06916,0.533652587,3.981837229,-9.595834424,4.706513334
5.75649,10.56447,2067.12,0.71746,0.937929,0.76494063,3.603928794,-9.072655664,5.370151147
7.58192,8.31671,1452.39,0.67452,1.19599,0.563984649,3.852541157,-9.26606169,5.353208846
8.74362,10.02859,2361.15,0.71526,0.833317,0.858328823,3.417903062,-9.031454003,5.435153787
8.829,10.07569,2412.57,0.7208,0.816116,0.883207779,3.355674982,-8.963603177,5.337279224
5.1267,11.12385,1394.76,0.6626,0.988754,0.670136353,3.905958017,-9.642774161,4.984321916
4.39114,10.03517,1274.04,0.5942,1.07113,0.554741255,4.182753377,-9.581749893,4.845674025
4.52398,7.17145,1523.19,0.60376,1.00634,0.599956277,4.620723961,-9.381883147,5.212858899
4.42397,7.1893,1256.77,0.5928,1.19701,0.495233958,4.752868022,-9.496649335,4.972941545
4.47496,7.10811,1245.71,0.5954,1.19501,0.498238508,4.717550792,-9.485648784,5.147197006
4.61334,7.43495,1424.59,0.61094,1.10002,0.555389902,4.472434557,-9.381739498,5.077578946
4.54841,7.33279,1374.02,0.60744,1.11524,0.544671999,4.51848868,-9.447104838,5.059535766
4.51709,7.56073,1331.16,0.60318,1.13544,0.531230184,4.52778635,-9.480510345,5.066991652
4.58286,7.31141,1377.3,0.60742,1.12856,0.538225704,4.541674386,-9.426306754,5.145278745
4.46533,7.29188,1308.26,0.59566,1.16787,0.510039645,4.638687285,-9.475551743,5.061130231
4.4641,7.3373,1275.03,0.5942,1.17666,0.504988697,4.635827455,-9.53694366,5.069181716
4.44483,7.25725,1279.54,0.59316,1.1848,0.500641458,4.669173779,-9.481997232,4.995178559
3.89955,5.07471,258.176,0.49194,1.37071,0.358894296,6.157832609,-9.592580893,4.760620528
4.41246,5.52672,557.463,0.47838,1.33702,0.357795695,6.033720397,-9.099437368,5.369184465
4.3714,5.49841,614.56,0.48644,1.35332,0.359441965,6.101213979,-9.136838082,5.215377615
5.54367,7.07962,1686.38,0.63618,0.995326,0.639167469,4.533187701,-9.297318773,5.168900977
4.38111,6.44243,1584.65,0.59318,0.976829,0.607250604,5.19183573,-9.419086792,4.987179514
6.92477,7.62222,2200.35,0.66538,0.882059,0.754348632,3.639421296,-9.154401738,5.215775642
6.96811,7.67683,2172.38,0.66442,0.883035,0.752427707,3.647584689,-9.14995903,5.21455931
6.78537,7.50015,2253.99,0.66724,0.876532,0.7612272,3.627190282,-9.147802939,5.196138018
6.81104,7.57949,2172.13,0.66514,0.890235,0.747151033,3.684968938,-9.168539691,5.202958654
4.38331,6.74211,1002.39,0.56112,1.12027,0.500879252,4.571724495,-9.754967203,4.550037934
7.46506,15.39913,3516.88,0.75948,0.573362,1.324608188,2.12967374,-8.878006044,5.404747918
8.6308,15.82486,4194.59,0.81936,0.47623,1.720513197,1.869777723,-8.509444302,5.691367406
5.14242,9.6589,1977.4,0.65304,0.852469,0.766057182,3.174852659,-9.38117207,5.001933574
9.8601,17.02678,4791.8,0.82956,0.403171,2.057588467,1.614649961,-8.419746957,5.688506867
11.04076,18.83776,5179.17,0.84878,0.353647,2.400076913,1.424077164,-8.331162259,5.642298377
5.49118,9.43325,2682.59,0.68322,0.740208,0.923010829,3.252431134,-9.194019033,5.101739446
5.66915,8.39488,1840.05,0.65236,0.894966,0.728921546,3.380095628,-9.31482297,5.234599841
6.61649,9.97603,2716.73,0.70778,0.724807,0.976508229,2.939410785,-9.16056186,5.266761957
6.24123,8.23227,872.412,0.59654,1.25167,0.476595269,3.888140485,-9.737469225,4.823446721
8.23621,13.74339,4005.21,0.79656,0.552289,1.442288367,1.961969443,-8.634658786,5.588214858
12.08403,12.38134,2036.14,0.744,0.807511,0.921349678,2.07249427,-8.963816851,5.337398467
7.81628,14.53341,3043.22,0.76952,0.695195,1.106912449,2.248386075,-8.824100668,5.498284479
6.78856,10.21096,2739.44,0.7235,0.763158,0.948034352,2.644201552,-9.013466554,5.288117065
5.03586,8.49984,1561.97,0.61898,0.992818,0.623457673,3.687581189,-9.534050605,4.937653299
4.31366,9.21841,1338.02,0.60768,1.01282,0.599988152,3.544069106,-9.641935063,4.800767465
8.02745,11.1208,2681.31,0.71352,0.717116,0.99498547,2.838434573,-9.003401621,5.281924319
7.63358,14.04257,1861.17,0.73444,1.01271,0.725222423,2.196552405,-9.091557522,5.396788244
8.937,13.6058,4228.68,0.80374,0.478064,1.681239332,2.206029986,-8.536543965,5.625199539
4.56707,7.42185,1082.29,0.60242,1.36262,0.442104182,3.876941971,-9.736346428,4.87676431
8.37226,15.73732,4255.86,0.81496,0.464521,1.754409381,1.961698567,-8.503977074,5.645883719
9.85657,15.58677,4270.1,0.82504,0.45483,1.813952466,1.576710205,-8.468941541,5.594788473
9.22072,13.79662,4969.05,0.83554,0.423428,1.973275268,1.56540241,-8.394500461,5.707416006
7.30038,14.83508,4016.09,0.7845,0.502676,1.560647415,1.992064147,-8.709921121,5.481403593
6.25609,11.01021,2884.91,0.72392,0.729943,0.991748671,2.400631558,-9.008167231,5.178984611
4.41471,6.44862,1249.83,0.6082,1.04938,0.579580324,4.208417282,-9.647627532,4.756768715
9.60592,14.23114,4256.65,0.82006,0.476229,1.721986691,1.801436747,-8.49373355,5.642311627
11.7071,16.19958,5218.06,0.84086,0.366097,2.296822973,1.588744431,-8.305162852,5.763562839
6.75446,11.71753,1926.52,0.70588,1.00479,0.702514953,2.684314581,-9.244989652,5.193409341
8.81282,15.66291,3979.57,0.78914,0.507854,1.553871782,2.085918802,-8.600761,5.621861257
4.94512,9.10223,1318.07,0.62584,1.17121,0.534353361,3.054843946,-9.562949151,4.903914288
7.16817,14.65581,2599.61,0.74408,0.774734,0.960432871,2.346253077,-8.989478757,5.451465215
5.68768,9.0278,2490.35,0.69172,0.835284,0.828125524,3.116176451,-9.023602878,5.339155777
6.30052,11.77104,2437.28,0.70068,0.773282,0.906111871,2.443907394,-9.179216284,5.236211891
6.35167,11.21522,2722.28,0.72062,0.740531,0.973112537,2.76408902,-9.035290528,5.268950011
5.30279,9.89667,1932.04,0.6658,0.92074,0.723114017,3.232858148,-9.376031131,4.997648293
29.81855,30.86782,6693.84,0.9347,0.153624,6.084335781,0.697262033,-7.510520844,6.268456834
12.29107,19.85841,6376.09,0.88944,0.257791,3.45023682,1.119172356,-7.987685798,5.947405075
9.23847,16.71115,4155.55,0.81764,0.454115,1.800513086,1.878433071,-8.486096893,5.659796318
8.24032,14.04283,3965.21,0.78636,0.546412,1.43913384,2.266802093,-8.664906116,5.557777761
13.99286,21.25617,6110.66,0.90248,0.224884,4.013091194,0.972627803,-7.876138371,5.960672991
9.20227,16.15304,4280.76,0.81586,0.453417,1.799359089,2.011772761,-8.471186416,5.603055143
7.0521,13.97259,2503.66,0.70966,0.795792,0.891765688,2.803382406,-9.046624441,5.286928671
5.32756,11.63552,2165.86,0.69384,0.85491,0.811594203,2.841051171,-9.231270742,5.171755291
9.00297,16.22184,4295.79,0.82444,0.448365,1.838769752,1.643037007,-8.447787476,5.532669059
7.96989,12.71714,2645.69,0.71704,0.733033,0.978182428,2.817541018,-8.929596323,5.371591306
16.89053,18.49241,1574.71,0.77368,0.988418,0.782745761,1.582213887,-8.974942168,5.526935879
6.81833,10.67091,3448.55,0.75032,0.635313,1.181024157,2.327691547,-8.905529633,5.515365637
8.18408,16.08754,3894.78,0.80064,0.514769,1.555338414,1.806728494,-8.621654022,5.553505878
4.04868,8.03932,769.499,0.59676,1.12675,0.529629465,3.65773803,-9.931852284,4.58691499
5.28696,8.43931,2164.61,0.6738,0.861215,0.782383029,3.158328156,-9.139114503,5.296226299
11.99886,20.55663,5841.38,0.87984,0.278152,3.163162587,1.195705884,-8.07397437,5.855025776
12.12997,17.5124,4888.33,0.8535,0.352051,2.424364652,1.364002623,-8.282202301,5.758895317
8.28353,11.34384,4241,0.78912,0.560799,1.407135177,2.017023199,-8.636722759,5.518406009
6.71112,12.03359,2516.12,0.71434,0.786562,0.908180156,2.951559362,-8.933478045,5.427763306
11.99899,17.72882,5202.83,0.85818,0.325258,2.638459315,1.364598383,-8.184895063,5.798398603
6.74592,11.52912,3031.91,0.73552,0.663959,1.107779245,2.64847466,-8.83042514,5.469356497
7.61337,15.88492,4109.11,0.79612,0.506618,1.571440415,1.972323786,-8.663088398,5.571305268
4.03989,8.87659,1259.56,0.63032,1.22822,0.513197961,3.484101069,-9.708775254,4.951434915
4.21044,9.82617,1055.87,0.62788,1.27691,0.491718289,3.521814128,-9.89179786,4.664819128
5.1846,9.52956,1160.93,0.63842,1.31122,0.486890072,3.290955499,-9.783224697,4.829538072
10.87819,15.78123,4784.18,0.85456,0.371162,2.30239087,1.346283961,-8.306554365,5.743699631
9.21752,17.37293,4306.96,0.82444,0.459053,1.795958201,1.516511854,-8.446372208,5.591435091
3.96751,6.1889,502.036,0.53098,1.12334,0.472679687,5.185251153,-10.01385167,4.503009274
7.58589,10.76138,2805.72,0.76036,0.757529,1.003737151,2.001841898,-8.859299891,5.436311258
17.53921,21.685,5565.94,0.90078,0.241479,3.730262259,1.049061549,-7.889329246,6.020387229
13.5586,18.28784,5351.35,0.88796,0.291753,3.0435334,1.137701457,-7.988857787,5.900908331
19.07381,21.17046,4567.55,0.8921,0.32077,2.781120429,1.060187559,-7.999986337,6.017696484
17.31443,20.77643,5132.19,0.89952,0.264331,3.403006079,0.978859733,-7.92019849,6.051225448
16.61296,19.62649,4749.43,0.89526,0.287683,3.111966991,0.991107261,-7.948519612,6.042697555
10.46009,12.77927,4415.15,0.82784,0.442888,1.869185889,1.548251951,-8.462665028,5.599049822
11.72979,15.03194,3939.93,0.86008,0.46756,1.839507229,1.281865,-8.359288629,5.828594723
16.6109,21.20738,5219.95,0.9015,0.27266,3.306315558,1.027127529,-7.870538696,6.023601157
14.75528,17.08535,5277.08,0.85996,0.345716,2.487475269,1.2513444,-8.296620789,5.657822758
8.30186,11.93121,3753.83,0.76562,0.591951,1.293384081,2.133941877,-8.842064049,5.387852242
16.92765,21.83544,5176.41,0.90816,0.246562,3.68329264,0.919024074,-7.813394104,5.941997402
11.07962,15.63188,4420.14,0.84344,0.423823,1.990076046,1.465890516,-8.366931552,5.67041023
16.51265,21.70721,5328.41,0.90298,0.259736,3.476530015,0.912756647,-7.896725263,6.002191808
17.63026,21.33243,5362.11,0.90106,0.252348,3.570703949,0.934569115,-7.946611713,5.990075467
13.6746,19.06072,5062.48,0.85866,0.344603,2.491736868,1.187013916,-8.288232224,5.679686024
21.54787,24.40483,6241.82,0.91272,0.20854,4.376714299,0.852390515,-7.798167032,6.030260959
19.37232,22.75672,6655.65,0.92444,0.187935,4.918934738,0.734709025,-7.652575689,6.145863832
12.38391,14.90552,4652.36,0.85478,0.384574,2.222667159,1.303560418,-8.278098804,5.773196084
16.28042,20.90483,5794.97,0.91332,0.220875,4.135008489,0.928293817,-7.763107937,6.001124717
18.39779,20.91569,6255.19,0.915,0.202881,4.510032975,0.846112192,-7.742305061,5.976911006
11.10404,14.77469,4738.43,0.82764,0.428553,1.931243043,1.638920173,-8.45228829,5.654367046
17.9321,19.43069,5055.44,0.87902,0.334857,2.625060847,1.119846672,-8.122812667,5.816504761
8.53808,15.43687,5068.5,0.84012,0.399394,2.103486782,1.569303252,-8.431989531,5.688727256
22.18311,25.4917,6486.13,0.93178,0.165062,5.645030352,0.70889908,-7.496354442,6.145602379
13.12754,16.12696,5062.68,0.86892,0.346696,2.506287929,1.286650816,-8.2271554,5.793890215
16.31977,21.42107,4702.53,0.89746,0.29065,3.087768794,0.911020157,-7.964031804,6.001335684
16.23565,20.18755,3811.21,0.87706,0.414073,2.118128929,1.116551637,-8.222787656,5.78082684
19.66276,22.68177,6082.77,0.91874,0.200424,4.583981958,0.787691567,-7.66787711,6.077372246
29.16322,30.56541,3602.09,0.84756,0.460716,1.839658271,1.45776719,-8.398050546,5.646229634
11.58139,14.60536,4390.56,0.84078,0.405325,2.07433541,1.36052108,-8.354760097,5.709680052
12.31316,15.85097,4761.94,0.86062,0.370269,2.324310164,1.293906251,-8.266899241,5.795845807
10.84509,13.78108,2896.09,0.80736,0.692293,1.166211416,1.720764161,-8.752556167,5.538965414
8.8183,13.43902,4421.9,0.82556,0.456678,1.807750757,1.78223885,-8.475167545,5.63282406
27.64341,30.01445,7481.49,0.95072,0.11246,8.453850258,0.513292282,-7.192569133,6.424487584
19.35806,22.55489,6319.36,0.91516,0.214985,4.256855129,0.828437087,-7.754394249,6.070556902
11.89898,14.66389,4706.14,0.85322,0.393952,2.165796848,1.218465608,-8.322930671,5.626317822
17.60073,20.34931,5657.05,0.90082,0.23964,3.75905525,0.943660987,-7.918177433,5.870097951
15.34453,19.36442,4603.08,0.88264,0.319438,2.763102699,1.300061885,-8.013234042,5.933051521
27.40034,29.51798,7559.14,0.94848,0.117213,8.091935195,0.540720953,-7.297955046,6.360466613
16.55917,21.24827,4991.85,0.90276,0.275005,3.282703951,0.831992623,-7.916148714,5.966073389
14.45104,16.53606,5225.27,0.88542,0.29787,2.972504784,1.12553384,-8.065784604,5.902096374
15.88302,20.00354,4061.15,0.88486,0.381553,2.319101147,1.080674245,-8.211554943,5.895922327
15.48115,18.95443,5435.73,0.86232,0.316485,2.724678895,1.347177404,-8.218139428,5.640666729
16.41064,23.25432,6182.2,0.91232,0.208534,4.374922075,0.876316639,-7.813933324,6.055901753
9.06095,11.38834,3585.93,0.80024,0.593316,1.348758503,1.826931893,-8.691520941,5.551318759
15.33085,20.38896,6031.86,0.89774,0.243159,3.691987547,0.935925825,-7.92471881,6.008243803
15.78499,19.74192,5901.54,0.89142,0.255916,3.483252317,1.055971697,-7.976029819,5.885030877
25.20215,29.22667,6895.62,0.93932,0.137914,6.810911148,0.640421097,-7.381906063,6.136228789
7.33296,11.41636,3245.61,0.75642,0.685872,1.102858842,2.067050351,-8.890609006,5.482954129
11.39135,15.37414,4539.32,0.84728,0.403539,2.09962358,1.366837098,-8.354029217,5.69675838
22.14481,26.00631,6078.21,0.92902,0.176141,5.274297296,0.688506487,-7.554661992,6.125037026
16.46001,23.56753,5118.52,0.91036,0.247669,3.675712342,0.761527552,-7.870435003,5.99532897
15.24795,19.14273,5273.06,0.89424,0.279161,3.203312784,1.113889152,-7.982393689,5.907489303
10.15489,13.49645,3475.9,0.8047,0.554618,1.450908553,1.82981243,-8.70155345,5.517381217
16.28244,22.12328,5743.77,0.91478,0.218528,4.186099722,0.873192193,-7.759118076,6.060800488
10.67357,13.25723,4013.2,0.82186,0.469527,1.750399871,1.58444629,-8.518534876,5.670229147
16.04687,18.57018,5161.83,0.8799,0.332297,2.647932422,1.229060638,-8.098045804,5.850210733
27.18524,30.25469,7054.53,0.94246,0.131705,7.155840705,0.598090162,-7.367245257,6.156925138
8.01975,9.73587,3034.34,0.74174,0.72814,1.018677727,2.217949303,-8.984957168,5.327160103
16.94091,19.70884,5630.35,0.89926,0.255787,3.515659514,0.952460208,-7.94544797,5.814597481
18.91713,21.19624,6444.31,0.92314,0.184564,5.001733816,0.763304003,-7.669669723,6.090514501
19.3466,23.95685,6682,0.9306,0.170642,5.453522579,0.694958641,-7.585118104,6.16114639
15.46386,16.64269,4028.36,0.81898,0.42819,1.912655597,2.012151016,-8.542738197,5.650357277
13.59268,17.49532,3543.84,0.8299,0.514631,1.612611755,1.339388961,-8.544650627,5.581437966
25.10797,27.44335,6316.67,0.93124,0.163616,5.691619402,0.681218147,-7.514117624,6.106125442
22.404,26.27861,6489.05,0.93198,0.163315,5.706640541,0.717089672,-7.535591385,6.118566845
14.48543,19.12007,5842.89,0.88752,0.270163,3.285127867,1.094411645,-8.034654927,5.906435958
11.85148,14.30148,4004.44,0.84248,0.446536,1.886701184,1.391213758,-8.427358877,5.666502596
18.03522,21.08674,5162.7,0.8726,0.317505,2.748303176,1.451884211,-8.105876671,5.812954658
13.99609,20.49043,4361.82,0.8646,0.383239,2.256033441,1.13674938,-8.252318963,5.81850412
26.49021,29.33065,7197.76,0.94354,0.128683,7.332281653,0.604168276,-7.364441423,6.025805949
24.36234,27.12063,5942.94,0.91722,0.207017,4.430650623,0.872018429,-7.785061777,6.106807358
16.49129,20.16987,4946.04,0.89236,0.294252,3.032638691,0.92636106,-8.019683365,5.975441164
21.96735,25.0397,6588.63,0.92554,0.180082,5.139547539,0.767711065,-7.603798368,6.113627445
14.8097,21.5337,5646.34,0.89354,0.247639,3.608236183,0.87392354,-7.911812913,5.866082269
21.87676,25.29948,6772.26,0.929,0.165444,5.615193056,0.735741745,-7.56987252,6.129910198
15.53851,17.96398,4847.44,0.87738,0.327322,2.680479772,1.205001931,-8.120835662,5.934503925
15.03687,20.97881,6025.83,0.9022,0.230315,3.917243775,0.900576156,-7.882821684,6.000534232
11.79407,14.05525,3827.04,0.84908,0.475301,1.786404826,1.316356096,-8.431056491,5.743366731
8.8261,13.70298,4017.36,0.81348,0.513416,1.584446141,1.734572206,-8.616925356,5.655652144
17.06903,22.55048,5687.48,0.91454,0.219704,4.16260059,0.802750392,-7.767618517,5.910788687
26.64962,29.97281,7020.34,0.94402,0.126601,7.456655161,0.570342819,-7.313358975,6.334712668
22.29958,24.26332,5165.48,0.91088,0.248734,3.662064696,0.8839895,-7.8261535,6.063371687
17.63342,22.68288,6410.54,0.92094,0.183275,5.024907925,0.81107762,-7.682856506,6.075514361
22.06864,26.65095,6938.53,0.93716,0.147328,6.361044744,0.64483737,-7.449867263,6.234419493
15.48548,17.88276,5507.95,0.90178,0.261728,3.445485389,0.903892073,-7.917399998,5.884704334
16.28042,20.90483,5794.97,0.91332,0.220875,4.135008489,0.916561648,-7.761469287,6.025165804
27.0488,31.14541,7435.49,0.9482,0.117091,8.097975079,0.543243123,-7.276156413,6.215252026
19.56061,24.99167,6838.06,0.93778,0.151834,6.176350488,0.627674928,-7.482528522,6.096701947
15.93293,19.34519,5957.7,0.89082,0.256995,3.466293119,1.009302741,-7.984931869,5.794862661
21.89661,25.32153,6969.86,0.93296,0.153892,6.062433395,0.689201905,-7.514770173,6.088998695
16.01775,19.77157,5197.65,0.89726,0.271547,3.304253039,0.976842812,-7.971378403,5.936692385
24.97789,26.4471,5349.42,0.914,0.228109,4.006856371,0.880382429,-7.801732757,5.967422526
16.98563,20.63761,4930.43,0.8913,0.300782,2.963275728,1.117316945,-7.942412993,5.926239737
16.31834,19.9916,5287.77,0.8887,0.288631,3.079017846,1.065530822,-8.069542548,5.918870216
13.38175,16.23178,3274.53,0.85714,0.539987,1.58733451,1.244309341,-8.43237591,5.799811918
16.72908,17.20935,3574.77,0.8458,0.474633,1.782008415,1.384522369,-8.344979943,5.696529319
11.30103,14.62035,3435.72,0.82166,0.578983,1.419143567,1.482811992,-8.587193941,5.570896562
21.33052,23.61732,6233.98,0.9105,0.212868,4.277298608,0.925508141,-7.790046245,5.982743509
11.73185,14.66698,4835.06,0.854,0.37793,2.259677718,1.378336455,-8.27370374,5.64917747
22.32692,26.28608,6720.02,0.93142,0.160484,5.803818449,0.736017474,-7.531568343,6.121189492
17.76006,20.4248,5286.4,0.88542,0.285965,3.096253038,1.239831438,-8.042057944,5.884982953
12.90186,14.14048,4424.32,0.88572,0.382668,2.314591238,0.910113114,-8.189785613,5.821886778
9.52047,16.03225,5068.12,0.83912,0.385546,2.176445872,1.555951183,-8.384488846,5.701629015
11.65009,13.60732,3008.69,0.81192,0.654579,1.240369764,1.536828381,-8.637301292,5.724724048
16.94453,19.70275,3902.55,0.86988,0.424612,2.048646765,1.063064316,-8.291386523,5.861412211
21.08391,23.98497,6518.41,0.92964,0.177845,5.227248447,0.701045982,-7.593205487,6.151578595
9.41003,11.98011,3610.5,0.79986,0.603381,1.325630075,1.679604092,-8.699591551,5.505949248
14.43781,17.59692,4702.09,0.84892,0.40278,2.10765182,1.225115905,-8.357820278,5.709913791
12.23026,14.44637,4161.68,0.85086,0.42545,1.999905982,1.286157529,-8.368380914,5.800407697
17.72589,23.61011,6136.35,0.92486,0.176784,5.231582044,0.817651285,-7.614133198,6.145775575
11.30831,14.47659,3241.75,0.82036,0.601294,1.364324274,1.532553385,-8.60329848,5.674913851
10.48571,16.50519,4299.6,0.8302,0.399696,2.07707858,1.692457543,-8.377456787,5.718946707
16.59805,18.33156,5380.77,0.87114,0.32068,2.716539853,1.426348911,-8.108010215,5.881948899
14.47429,17.68599,4190.23,0.84228,0.447854,1.880702193,1.305916841,-8.393845477,5.696819283
8.6424,14.74526,3952.07,0.81742,0.530571,1.540642063,1.525353888,-8.577711783,5.657460132
10.12021,12.0301,3196.27,0.81258,0.67525,1.203376527,1.626275657,-8.695670709,5.611755893
24.80463,29.23944,6494.75,0.93288,0.154206,6.049570056,0.690872454,-7.510294555,6.1032077
14.77482,21.51579,5280.85,0.89574,0.268559,3.335356477,0.880399126,-7.991918494,5.91259693
16.61102,20.02644,4852.04,0.88828,0.322803,2.751771204,0.906386465,-8.082165844,5.909025542
15.80943,20.80539,4226.77,0.9001,0.32731,2.749992362,0.911280083,-8.042425119,5.955413911
22.11262,24.87361,6041.82,0.91266,0.212027,4.304451792,0.860324501,-7.775064765,6.07916383
15.9927,19.54995,5211.91,0.88162,0.284094,3.103268636,1.108083811,-8.0743659,5.890344649
19.20144,22.47499,5089.63,0.90754,0.272994,3.324395408,0.864624563,-7.932495218,6.025923561
16.40643,20.53514,5066.62,0.8982,0.271602,3.307044867,0.9880102,-7.916503853,6.065659417
14.3654,18.48736,5350.03,0.88992,0.277945,3.201784526,1.107716083,-7.98633096,5.92377151
15.17557,19.07015,5360.05,0.89346,0.282771,3.15965923,1.155898116,-8.01157398,5.960908281
17.55269,20.34201,4176.8,0.88176,0.363719,2.42428908,1.195954292,-8.142836975,5.938639174
16.4778,18.22015,3234.5,0.85146,0.528877,1.609939551,1.390359866,-8.480587365,5.723877511
16.3496,19.53268,4785.63,0.87892,0.324586,2.707818575,1.226351282,-8.067062698,5.981108114
16.318,21.12145,5478.63,0.89616,0.250884,3.572009375,1.10633789,-7.878618614,5.914221722
15.84638,18.45379,3785.4,0.84016,0.408426,2.057067865,1.528772471,-8.330260756,5.763663269
15.5404,19.18316,5110.47,0.87674,0.304763,2.876792787,1.046958679,-8.108217016,5.887359836
12.28091,15.03566,4605.05,0.84758,0.384969,2.201683772,1.43765353,-8.310249639,5.722644029
11.05946,13.28419,3208.42,0.8194,0.594279,1.378813655,1.601471954,-8.613334998,5.543900884
8.82514,12.25523,4587.94,0.83622,0.449861,1.858840842,1.629311232,-8.360626523,5.743798435
18.136,21.47404,4966.6,0.87414,0.320091,2.730910897,1.362089968,-8.07765308,5.912614535
22.22275,26.3352,6376.53,0.92696,0.17331,5.348566153,0.743893144,-7.606540709,6.070075717
12.49233,14.26911,4926.25,0.84906,0.375512,2.261072882,1.445369421,-8.32985172,5.547573275
23.18313,24.25468,6121.82,0.91144,0.21272,4.284693494,0.880030701,-7.770885015,6.081668233
16.18303,20.69461,5029.52,0.87452,0.31267,2.796942463,1.356473084,-8.035116663,5.788698513
17.27579,20.00048,5826.12,0.88874,0.279658,3.177953071,1.140429087,-8.057242846,5.881186614
9.42102,13.67473,3646.52,0.79602,0.519625,1.531912437,1.640581783,-8.633975323,5.510039005
16.65039,20.73293,6310.98,0.91716,0.203567,4.505445382,0.828775439,-7.753628158,6.083464107
14.99243,16.89559,4119.77,0.83456,0.464165,1.797981321,1.401811019,-8.482463745,5.65491991
15.80961,20.80575,4227.08,0.90008,0.327312,2.749914455,0.912828014,-8.033128245,6.033995383
26.00532,29.88397,6925.59,0.9404,0.137784,6.825175637,0.604523409,-7.393702728,6.170010353
26.58409,28.15548,6604.49,0.92758,0.173997,5.331011454,0.733027412,-7.619945828,6.132206446
24.82604,28.32057,6719.07,0.93142,0.157222,5.924234522,0.720154061,-7.516939875,6.206062761
16.41457,22.51189,6087.8,0.9119,0.204318,4.46314079,0.88811157,-7.789049669,5.920211153
15.45106,19.34531,5466.56,0.895,0.261769,3.419045036,1.094239728,-7.976665877,5.943692177
26.64057,30.35991,6953.22,0.94302,0.133838,7.045980962,0.606491901,-7.352359715,6.337460258
13.11916,14.94998,4833.88,0.86568,0.357543,2.421191297,1.298540983,-8.263425561,5.677424938
12.58163,14.30445,3561.09,0.83616,0.50514,1.65530348,1.458846358,-8.471519904,5.68354957
16.50764,21.87518,4996.79,0.90194,0.273064,3.303035186,0.82893829,-7.92407272,5.92612948
11.084,13.54617,4329.69,0.83554,0.447939,1.865298623,1.377773586,-8.459945638,5.584822912
18.34881,22.52873,5809.49,0.90674,0.226293,4.00692907,1.044175963,-7.780735199,5.959121826
21.87418,27.32376,6975.29,0.94078,0.134478,6.995791133,0.620857766,-7.396262917,6.189719527
26.73396,28.45884,5634.93,0.92688,0.197831,4.685211115,0.736496044,-7.608950945,6.209545943
26.25487,29.79611,7324.57,0.94536,0.126498,7.473319736,0.567551705,-7.3054514,6.204332067
16.13681,18.40095,5048.16,0.88188,0.309954,2.845196384,1.182831749,-8.074804303,5.915331667
15.32621,17.92894,5030.64,0.86432,0.352722,2.450428383,1.319387327,-8.250250218,5.684021647
16.38061,22.59232,5498.34,0.90274,0.245043,3.68400648,1.10611069,-7.826794417,5.973814158
10.92278,15.23895,4383.74,0.84804,0.42067,2.015926974,1.447014312,-8.368146978,5.627445567
14.43924,17.08029,5502.32,0.89748,0.271482,3.305854532,0.906742312,-7.974991647,5.952071018
10.42481,12.46916,4227.44,0.82184,0.463054,1.774825398,1.548534836,-8.537488391,5.685203802
19.24221,23.12463,6118.87,0.92236,0.197997,4.658454421,0.714842543,-7.704656767,6.115075276
10.62085,14.45907,4713.18,0.83742,0.402031,2.082973701,1.526076493,-8.407507898,5.614061222
21.90037,24.81575,6222.05,0.91656,0.208226,4.401755785,0.840923399,-7.764973568,6.02786822
16.67687,20.73716,4601.14,0.8913,0.312618,2.851083431,0.863549757,-8.045752015,5.914190936
19.36203,23.90077,6421.03,0.9281,0.181786,5.105453665,0.691971248,-7.640928643,6.117470591
16.60452,18.77941,4956.31,0.87872,0.336117,2.614327749,1.158787273,-8.150890228,5.815316697
16.45741,22.06497,5113.46,0.90906,0.25077,3.62507477,0.768324345,-7.861980525,5.974457153
26.38234,28.77719,6712.28,0.93126,0.162584,5.727869901,0.702332354,-7.509425207,6.160351291
21.85158,24.10045,6402.51,0.9141,0.204466,4.47066994,0.886434835,-7.747752219,6.076126671
16.65806,20.10498,5112.03,0.90102,0.273661,3.292467688,1.000382356,-7.988045691,5.943864249
14.17121,18.62105,5560.76,0.8917,0.275332,3.238635538,1.113405478,-7.984008523,6.008231968
14.04233,17.91278,5040.38,0.863,0.328939,2.623586744,1.116332835,-8.228376403,5.772679439
18.35074,23.99504,6450.69,0.92946,0.167092,5.562564336,0.729789613,-7.559194205,6.201101193
21.29212,25.56929,4704.5,0.91624,0.248381,3.688848986,0.802498205,-7.826964918,5.956245847
21.20313,24.59611,6484.48,0.9225,0.179485,5.139705268,0.788846184,-7.650924821,6.03053801
15.15779,20.27893,6057.76,0.90262,0.233844,3.85992371,0.983691181,-7.899567089,6.003384944
22.50637,24.91783,6399,0.91712,0.200548,4.573069789,0.870234799,-7.751238971,5.996668138
11.96965,15.45074,4707.06,0.85424,0.380999,2.242105622,1.388942728,-8.276259635,5.689510915
11.35675,13.63064,3433.54,0.8007,0.564021,1.419627993,2.017462,-8.756415835,5.383625929
15.65365,20.39032,5349.83,0.89454,0.270166,3.311075413,1.106209265,-7.95167099,5.94985041
18.31807,21.14163,5168.99,0.87732,0.304828,2.878082066,1.376959635,-8.079646742,5.899877562
11.0978,15.08043,3516.25,0.83164,0.546985,1.520407324,1.541909191,-8.496452327,5.759880345
14.42779,22.23403,5468.03,0.88228,0.274901,3.20944631,0.978085625,-8.044335633,5.840149016
14.21545,15.69477,4962.09,0.8749,0.33353,2.62315234,1.238865245,-8.124002994,5.818164956
11.56393,13.09519,4785.66,0.86166,0.400729,2.150231204,1.251569527,-8.29079136,5.789171357
16.17921,20.32107,4117.38,0.89692,0.347593,2.580374173,0.935416261,-8.06598333,5.921555179
14.49519,16.80014,2351.56,0.8148,0.77808,1.047193091,1.523097424,-8.769014286,5.53234637
14.79554,19.84987,5710.98,0.88846,0.269926,3.291494706,1.011134503,-8.040931875,5.928214339
16.89306,19.40592,3756.25,0.87976,0.40578,2.168071369,1.029347453,-8.240595386,5.828619547
11.47073,14.50583,4840.39,0.85634,0.374238,2.288223002,1.382469964,-8.310201565,5.713699101
12.29506,14.60251,4330.96,0.84052,0.439844,1.910950246,1.455276826,-8.414913708,5.649136863
15.50418,19.02295,3476.05,0.8569,0.51472,1.664788623,1.304581343,-8.436320087,5.801551471
8.84652,13.31927,4324.46,0.82218,0.493138,1.667241218,1.585042255,-8.514609493,5.505837558
19.29732,25.19835,6809.34,0.93508,0.158601,5.895801414,0.646994847,-7.482258839,6.163093643
22.20304,26.25917,7031.72,0.93732,0.146653,6.391413745,0.648011419,-7.472035361,6.167352889
22.43177,27.47156,6921.74,0.93948,0.140015,6.709852516,0.635588723,-7.430563838,6.172844226
23.91053,28.87107,4802.37,0.92498,0.214742,4.30740144,0.727323079,-7.671407912,6.141034545
19.30876,23.88619,6488.27,0.92882,0.176348,5.266972123,0.7199228,-7.590913902,6.171988147
19.40281,21.53548,5601.41,0.91194,0.227033,4.016772892,0.882241604,-7.745032725,5.919425573
17.03611,22.48361,5140.64,0.90494,0.255396,3.543281806,1.024160541,-7.866861123,6.066256507
22.12353,24.53577,6303.54,0.9163,0.202573,4.523307647,0.862032814,-7.752433296,6.037435795
19.39465,22.54853,6294.91,0.9146,0.214391,4.266037287,0.845301526,-7.769229576,6.038229362
17.89197,22.56147,6103.03,0.91458,0.203314,4.498362139,0.914166581,-7.729555491,5.99194272
21.31996,24.33664,6021.19,0.91934,0.190792,4.818545851,0.763902263,-7.652863323,6.126074095
24.20367,27.00561,6372.64,0.9178,0.191312,4.797399013,0.856266688,-7.686385395,5.885844612
11.86193,15.40735,4911.77,0.86338,0.344978,2.502710318,1.251236655,-8.206224734,5.765751718
18.08135,23.67267,6727.28,0.92938,0.160424,5.793272827,0.731369663,-7.524869304,6.121014829
14.5405,22.21993,5520.47,0.88234,0.273149,3.230251621,0.950189348,-8.065159978,5.961142981
26.67482,28.7454,6852.71,0.93098,0.165065,5.64008118,0.703185471,-7.525318097,6.139697318
16.67104,21.64685,5055.04,0.89488,0.267994,3.339179235,1.029664416,-7.912022663,6.04199422
10.32572,13.98778,5023.1,0.84758,0.391428,2.165353526,1.439459532,-8.346922395,5.648675659
26.06312,29.04918,6260.26,0.92852,0.173817,5.341940086,0.710307118,-7.546367583,6.133110331
15.06645,20.37893,5255.59,0.895,0.272915,3.27940934,1.100403718,-7.931105146,5.915156613
16.41662,21.57458,4893.12,0.897,0.290453,3.088279343,0.870672935,-8.016032848,5.904541858
18.01153,23.27993,5722.06,0.91998,0.197735,4.652590588,0.852271298,-7.653787691,6.064903037
14.77835,20.03417,4435.97,0.86852,0.360377,2.410031717,1.087929955,-8.221128353,5.834556574
16.37579,20.98291,4375.72,0.89212,0.336387,2.652064438,0.902432106,-8.082058211,5.859376706
10.27324,12.99056,3213.22,0.82838,0.588824,1.406838036,1.46676535,-8.574419467,5.690577696
19.36306,23.00438,6293.02,0.9139,0.213525,4.280060883,0.857585631,-7.74261038,6.053113194
21.23375,25.14072,4631.23,0.91608,0.251759,3.63871798,0.808918614,-7.846045879,6.141010425
15.8388,19.66508,5791.61,0.91048,0.22211,4.099230111,0.938708721,-7.800386032,6.012462638
16.70577,20.05185,5415.18,0.89916,0.278239,3.231610234,0.929440617,-7.971187427,5.91632644
19.35919,22.38954,6067.04,0.91446,0.224362,4.075823892,0.813246436,-7.805887965,6.003361122
15.80201,18.06567,6253.55,0.91978,0.20641,4.456082554,0.756484403,-7.772581932,5.992889941
16.16657,19.00399,4505.07,0.8692,0.36778,2.363369406,1.275564129,-8.26116138,5.810831636
17.40933,20.16624,6274.19,0.91786,0.198274,4.629250431,0.816099383,-7.712021628,6.059035335
14.95862,20.19423,5930.88,0.89028,0.261056,3.41030277,1.043142208,-7.989086979,5.880262523
16.12149,20.64827,4970.78,0.87732,0.310122,2.828951187,1.305903701,-8.080090674,5.940565239
14.42566,21.07135,5487.21,0.87628,0.290916,3.012140962,1.013513243,-8.121825516,5.824167886
15.12681,17.49959,3378.51,0.85616,0.537469,1.592947686,1.298439195,-8.458530284,5.655504142
21.87649,25.88239,6582.05,0.93012,0.168125,5.532312268,0.744538764,-7.570020311,6.061284867
15.52664,18.33929,5301.3,0.86506,0.328881,2.630313092,1.360299828,-8.215811558,5.752444651
19.04546,20.92727,4681.2,0.88964,0.298893,2.976449766,1.17029705,-8.046046036,5.919045762
21.08432,24.98399,6902.95,0.93592,0.156054,5.997411153,0.645819519,-7.504242277,6.117633256
17.49757,23.03077,6236.31,0.91992,0.189198,4.862207846,0.818442085,-7.676944163,6.134104926
16.62707,19.66519,5262.38,0.8851,0.309041,2.864021279,1.065382743,-8.11178389,5.869349099
26.45987,28.61818,6405.9,0.93704,0.15293,6.12724776,0.609919603,-7.459623606,6.220171639
21.93275,26.48721,6948.58,0.93952,0.139767,6.722044546,0.631904492,-7.440009303,6.203169059
11.54767,16.58914,5572.14,0.8735,0.326031,2.679193083,1.183087904,-8.15714664,5.782530057
16.68025,19.59253,4114.15,0.88234,0.36868,2.393240751,1.190440877,-8.112589887,5.897259654
18.3169,22.11393,4793.84,0.87814,0.325538,2.697503824,1.341338369,-8.112280058,5.805880068
15.8473,21.062,5622.82,0.89436,0.264186,3.385342145,1.165174908,-7.894984173,5.916380409
14.99583,17.5114,2646.87,0.83212,0.691822,1.202794939,1.388198516,-8.637085557,5.663834814
19.76403,24.20799,6808.58,0.93516,0.158812,5.888471904,0.640282048,-7.513649384,6.182557288
21.62877,26.06876,6224.46,0.9253,0.174402,5.305558422,0.739611077,-7.568306886,6.076923321
10.09302,14.12994,4595.17,0.8153,0.407171,2.00235282,1.794029562,-8.480883169,5.710781846
18.82201,20.61594,5546,0.88626,0.280135,3.163688936,1.242421575,-8.044580739,5.895752203
11.9896,13.45261,3999.22,0.81494,0.488938,1.666755294,1.555077314,-8.473036377,5.710280744
17.48979,20.83639,6483.2,0.92492,0.186411,4.961724362,0.757137168,-7.652524211,6.077117332
15.56951,21.1764,6160.76,0.8924,0.239003,3.733844345,1.119133172,-7.93869007,5.826930937
21.07582,24.11694,6545.88,0.91152,0.214622,4.247094892,0.936761029,-7.799334333,6.03210269
17.89089,23.51466,6069.59,0.92014,0.189563,4.85400632,0.896071911,-7.67872811,6.061467144
11.60409,15.44497,2303.91,0.8202,0.796562,1.029675028,1.385474823,-8.742954876,5.632601102
17.58895,22.01071,5894.76,0.92052,0.202649,4.542435443,0.844141297,-7.68716613,5.933402567
13.7003,17.36806,4215.16,0.82274,0.435815,1.887819373,1.462818098,-8.552779087,5.469409219
16.69815,20.74953,4658.52,0.9009,0.294484,3.059249399,0.986755316,-7.954707572,6.029168554
17.49633,19.34351,4354.45,0.87044,0.36396,2.391581492,1.379280194,-8.204888433,5.798296949
26.93396,29.16873,6625.05,0.93038,0.164111,5.669211692,0.718369281,-7.553872694,6.175233599
21.80729,25.18474,6474.04,0.92264,0.181946,5.070955119,0.752547734,-7.641110843,6.10011514
14.63909,19.39999,4024.43,0.8868,0.383097,2.31481844,1.032842034,-8.146581658,5.868220238
26.48383,29.13825,7042.28,0.93794,0.145017,6.467793431,0.630923485,-7.455204163,6.209073469
17.43048,23.00609,5914.74,0.91056,0.218892,4.159859657,0.996850459,-7.739165079,5.915625649
11.99538,14.7662,3466.13,0.84754,0.521342,1.625689087,1.382519845,-8.442243873,5.637307585
17.07841,20.60307,5343.26,0.89816,0.26495,3.389922627,0.910586125,-7.978186167,5.91539964
17.62078,20.46557,5663.19,0.89468,0.26288,3.403377967,1.065147313,-7.972404357,5.83042125
16.96352,18.98097,5127.61,0.88246,0.308793,2.857772035,1.238205546,-8.103262283,5.882960936
15.88578,18.33825,5059.89,0.87158,0.328129,2.656211429,1.309138657,-8.166788093,5.76594445
22.20894,26.77475,6368.67,0.92746,0.174065,5.328239451,0.767313533,-7.587879716,6.115215616
15.50108,20.03698,5373.54,0.90194,0.265451,3.397764559,1.013889113,-7.923057911,5.96489848
21.87702,25.29858,6772.32,0.92902,0.165446,5.615246062,0.737424583,-7.567051405,6.138257557
20.78465,25.39987,7155.52,0.9414,0.136613,6.89099866,0.59231176,-7.406975827,6.226929517
13.82012,15.81587,5651.28,0.89192,0.277676,3.212088909,1.073796639,-7.984906565,5.965334766
16.37772,18.33149,4664.86,0.85054,0.396817,2.143406154,1.250158295,-8.36270569,5.714399168
18.20639,22.88957,6270.56,0.91466,0.200311,4.56619956,0.82355413,-7.718384838,6.0841354
27.25458,30.16259,7188.32,0.9434,0.130456,7.231557,0.596038884,-7.345177237,6.138478881
17.60309,20.20401,5636.94,0.89312,0.263128,3.394241586,1.101020305,-7.986554711,5.946728602
10.63457,12.43264,4394.88,0.84564,0.453681,1.863952866,1.420574006,-8.394788446,5.651869672
25.83107,28.81921,7341.38,0.93894,0.143734,6.532483616,0.638924266,-7.4458301,6.106545985
13.96221,17.39865,4651.33,0.83174,0.405138,2.052979479,1.373922413,-8.493248463,5.552338118
19.13401,21.90663,6098.12,0.91252,0.22635,4.03145571,0.836840855,-7.837624076,6.050387529
11.21281,13.86573,3984.69,0.83884,0.466562,1.797917533,1.29206513,-8.459082673,5.696053816
13.75819,18.84573,4619.98,0.85412,0.361698,2.361417536,1.125754073,-8.317018293,5.800020526
22.13702,25.47048,6650.91,0.92752,0.175962,5.271138087,0.766443313,-7.608046568,6.094668797
18.09131,21.59107,6185.61,0.91346,0.20866,4.377743698,0.868499265,-7.77078678,6.095928753
12.27204,13.18849,3787.94,0.82526,0.50892,1.62159082,1.472455271,-8.539956225,5.563572273
16.03982,18.55882,5364.84,0.86092,0.316927,2.71646152,1.383275949,-8.208419799,5.759641296
12.07717,15.71333,4555.94,0.85376,0.385408,2.215210893,1.358374559,-8.291428006,5.786695576
11.45676,15.88972,4449.58,0.8503,0.418531,2.031629676,1.414834052,-8.349525231,5.741416879
18.68492,21.35826,5918.21,0.92452,0.212344,4.353878612,0.722539306,-7.767396521,6.032276682
16.14092,18.34744,4624.15,0.8556,0.384296,2.22640881,1.390934857,-8.305936999,5.664000283
9.62616,11.80403,3825.21,0.8125,0.524881,1.547969921,1.471493828,-8.580032756,5.701507079
26.24887,29.43728,7380.54,0.94446,0.125964,7.49785653,0.584505796,-7.320600927,6.239848009
16.7611,22.64907,5176.06,0.90934,0.248826,3.654521634,0.972566964,-7.795181534,6.005215576
17.12122,20.79492,4602.64,0.9025,0.289749,3.114764848,1.000155313,-7.942445953,5.997789706
13.85297,17.52858,5040.59,0.85356,0.391957,2.177687859,1.539192988,-8.321935591,5.7319898
17.43987,22.56098,5645.75,0.91892,0.209393,4.388494362,0.86499273,-7.708195683,6.067176408
22.01456,26.01478,5708.33,0.9223,0.192972,4.779449868,0.729304403,-7.664168118,6.08285906
14.36927,21.23724,4735.67,0.89014,0.298397,2.983072886,0.929715208,-7.994656295,5.913117764
14.42011,17.96016,3548.27,0.85674,0.506,1.693162055,1.284875961,-8.443309395,5.700573359
15.9122,20.05983,6073.13,0.88146,0.270415,3.259656454,1.17453582,-8.030038588,5.829723751
22.31609,27.76019,6887.75,0.9391,0.139838,6.715628084,0.638289687,-7.397748335,6.138413415
18.17171,23.57574,6661.5,0.92642,0.173045,5.353636337,0.742263328,-7.594256939,6.046842745
11.72896,15.15005,4761.5,0.85516,0.371153,2.304063284,1.311168101,-8.273196463,5.742754303
15.17934,20.02189,5667.1,0.9063,0.235004,3.856530102,0.989084118,-7.819935817,5.982909271
10.72172,14.8716,4019.53,0.8251,0.454635,1.814862472,1.5068419,-8.434099096,5.659677782
16.59542,21.33711,6101.64,0.91032,0.211586,4.302364051,0.902722569,-7.81738138,5.944495222
10.79794,13.51834,2952.94,0.82848,0.628304,1.318597367,1.365547794,-8.573937598,5.71807323
14.50887,19.18033,5017.67,0.87758,0.325965,2.692252236,0.970693836,-8.127447549,5.864864252
14.196,18.37025,5156.14,0.85132,0.358723,2.373196031,1.190679806,-8.307341397,5.705582171
14.84295,20.08075,5810.82,0.90298,0.23952,3.76995658,0.9642365,-7.903713816,6.072542332
14.37948,17.94405,3733.39,0.8251,0.497037,1.660037382,1.428479905,-8.516749869,5.618361611
14.87789,18.42276,5636.37,0.85996,0.319262,2.693587085,1.451089567,-8.233736749,5.749305481
17.65103,22.66866,6190.67,0.92108,0.184799,4.984226105,0.798934131,-7.668203943,5.99218213
21.9224,25.03958,5695.27,0.92668,0.196593,4.713697843,0.7392977,-7.679684392,6.08903831
15.4082,20.26157,5372.03,0.8954,0.270867,3.305681386,1.074535097,-7.904834486,6.014440484
18.64796,23.18843,5968.67,0.9159,0.198642,4.610807382,0.918522706,-7.673064256,6.121772813
21.88058,24.12703,5291.11,0.91068,0.246768,3.690429877,0.890447335,-7.856380432,5.995373517
10.67158,14.71961,4822.97,0.85848,0.370662,2.316072325,1.384640185,-8.277389159,5.799788845
22.53175,25.22455,6343.55,0.91674,0.200873,4.563779104,0.858836796,-7.760423575,6.046110093
11.18017,15.39746,4947.27,0.83322,0.414727,2.009080672,1.609029181,-8.419120235,5.626064714
21.8828,28.25845,7212.22,0.94524,0.126187,7.490787482,0.575723227,-7.307812934,6.188768479
18.51016,22.67417,5587.03,0.9185,0.210344,4.366656525,0.851283409,-7.71652006,6.186644748
26.65522,32.27873,7508.48,0.95426,0.101752,9.378292319,0.468785596,-7.109318023,6.304418445
18.25779,20.56757,5445.47,0.90358,0.264665,3.414051726,0.964077522,-7.934709001,5.949273538
6.87859,10.87754,3108.07,0.74794,0.72417,1.032823784,2.324300799,-8.880529819,5.438115878
15.70215,17.95874,5058.15,0.88938,0.288737,3.080242574,0.969405546,-8.000059658,5.978171735
15.19961,20.33353,4175.58,0.89844,0.346661,2.59169621,0.931432953,-8.078468669,5.90968187
11.6538,13.74171,4386.7,0.83108,0.450384,1.845269814,1.628393844,-8.499703473,5.789351182
12.11266,14.09858,3453.27,0.84384,0.519076,1.6256579,1.288342933,-8.479705407,5.70485671
16.82899,21.22465,5294.42,0.90184,0.255016,3.536405559,1.034593901,-7.931692134,5.984066645
16.00839,19.57353,5516.9,0.88694,0.269722,3.288348744,1.041771354,-8.026013653,5.823049815
26.21171,28.40695,6808.29,0.92882,0.170015,5.463165015,0.726441755,-7.599556146,6.137725301
21.68676,24.19312,6511.88,0.91572,0.201308,4.548850518,0.874139521,-7.753985771,5.964611451
14.8194,18.91409,5075.15,0.87972,0.309055,2.846483636,1.012751465,-8.115751264,5.75626567
18.14368,23.5539,6393.11,0.9193,0.191631,4.79724053,0.840796608,-7.664186989,5.948609742
11.54339,14.09225,2605.5,0.81282,0.696008,1.167831404,1.59492059,-8.713207989,5.689028344
19.31594,24.57614,6847.55,0.93174,0.164195,5.674594232,0.689782145,-7.557844169,6.122127416
11.90918,15.31251,4673.11,0.85338,0.391092,2.182044123,1.417829743,-8.277532088,5.778285709
15.9579,18.21627,4691.52,0.85076,0.401095,2.121093507,1.266252133,-8.376836999,5.768089622
15.74752,18.64427,4824.79,0.8784,0.327935,2.678579597,1.22855384,-8.091608746,5.900982633
10.82558,12.32041,3263.4,0.81292,0.609816,1.33305784,1.581930202,-8.625320962,5.562488776
9.88262,12.71813,4120.35,0.8147,0.467528,1.742569429,1.694084971,-8.502214652,5.643852997
19.07281,21.5006,5496.38,0.88262,0.289422,3.0495954,1.327834969,-8.009486889,5.883453503
19.46707,23.33941,6470.68,0.92284,0.184712,4.99610204,0.741882414,-7.646777664,6.113446096
22.29775,25.57737,6404.31,0.9312,0.168278,5.533700187,0.695590205,-7.573971612,6.088432219
15.36533,18.77424,4703.1,0.88052,0.344668,2.554690311,1.252015095,-8.083344383,5.864450766
17.72717,20.51547,4843.54,0.86356,0.340664,2.53493178,1.569558352,-8.202089326,5.871048805
15.21659,22.62667,5747,0.91198,0.218116,4.181169653,0.879607838,-7.812272384,5.914795206
9.37555,11.21862,4248.09,0.8357,0.504241,1.657342422,1.415827178,-8.514119411,5.743019705
14.89526,18.88612,4693.36,0.89124,0.323058,2.758761585,1.053998366,-8.067541232,5.886894475
9.56567,11.34488,4598.62,0.83516,0.45993,1.815841541,1.534025726,-8.465050035,5.65827204
24.95289,28.72789,5900.06,0.92718,0.177288,5.229795587,0.704607939,-7.5980234,6.098587615
22.25006,24.28585,5927.04,0.91012,0.219279,4.150511449,0.88828951,-7.81011008,6.029389418
10.477,14.02655,4082.42,0.83682,0.475989,1.758065838,1.537193325,-8.447379781,5.70336552
14.73117,18.92469,4096.5,0.85864,0.397681,2.159117484,1.0912572,-8.261351184,5.866373801
9.58973,12.10597,3598.31,0.80888,0.585276,1.382048811,1.650224759,-8.666116746,5.594111176
18.83539,19.99314,4511.88,0.88116,0.320144,2.752386426,1.307162628,-8.067070207,5.936532727
19.48286,23.66615,6798.05,0.92768,0.177785,5.217988019,0.728564532,-7.634532968,6.10638891
15.01747,17.54724,4101.68,0.84342,0.452315,1.864673955,1.286632614,-8.435461058,5.718725924
10.13508,12.64353,2934.28,0.7804,0.626211,1.246225314,2.195969334,-8.856906658,5.335719246
15.02764,17.94872,5465.15,0.88344,0.27862,3.170770225,1.201183663,-8.061782312,5.887511232
16.44586,19.4107,5024.85,0.8808,0.329684,2.671649216,1.254183016,-8.050892598,5.922645569
17.57032,21.69198,5727.26,0.9059,0.230407,3.931738185,0.939895499,-7.877776306,5.92600856
14.6418,20.30595,2800.32,0.85054,0.581489,1.462693189,1.135913364,-8.474502714,5.798727335
14.60355,17.52308,5082.95,0.86924,0.347973,2.498009903,1.063749864,-8.185386526,5.845963342
14.60056,18.80054,2899.46,0.85678,0.562204,1.523966389,1.170949121,-8.407454592,5.749536287
16.96688,20.71961,5661.85,0.90156,0.246834,3.652495199,0.96341522,-7.897170372,5.941073512
22.05778,24.12654,6326.3,0.91756,0.202777,4.524970781,0.841102678,-7.733033169,6.034705277
27.18903,29.15383,7500.81,0.94614,0.123516,7.660060235,0.566203819,-7.306579201,6.222706796
13.60749,17.31227,4190.83,0.82096,0.434748,1.888358313,1.457113966,-8.581718336,5.512239826
12.37343,16.01966,5137.24,0.86764,0.336894,2.575409476,1.249264302,-8.172021552,5.991672831
15.7166,19.51701,5319.73,0.90042,0.26603,3.384655866,1.025475521,-7.918615449,5.958631825
22.05974,25.23584,6117.79,0.92122,0.183744,5.013605886,0.741574529,-7.647888625,6.125858396
28.9615,32.09205,7930.55,0.9367,0.137545,6.810134865,0.604946214,-7.449244817,6.197545263
15.15875,18.23996,2896.96,0.8582,0.578213,1.48422813,1.14528887,-8.431933106,5.836092809
17.69809,20.414,5398.48,0.89362,0.271048,3.296906821,1.038792811,-7.979214806,5.912668307
17.67556,19.75453,5450.26,0.88696,0.27865,3.183061188,1.10254643,-8.011715052,5.833945656
14.51942,19.21666,5396.08,0.87612,0.292616,2.99409465,0.987145763,-8.102141616,5.964519411
26.88763,30.28878,7041.75,0.94366,0.1291,7.309527498,0.598744946,-7.30272782,6.241744592
14.40871,22.53061,5485,0.88728,0.261798,3.389177916,0.960279171,-8.022498168,5.872703048
11.0351,12.87807,4267.43,0.8377,0.48202,1.737894693,1.428722167,-8.4506791,5.618678312
8.77025,16.03404,3887.72,0.82332,0.499641,1.647823137,1.428169219,-8.532549551,5.686268595
16.32783,20.4668,6138.51,0.91758,0.205815,4.458275636,0.82060049,-7.74279615,6.062833803
19.2309,22.50817,4550.9,0.91574,0.269325,3.400129955,0.751143584,-7.849534141,5.985016678
16.69275,20.92248,4892.91,0.89396,0.291205,3.069864872,0.920930586,-8.022596679,5.953698024
15.71712,17.89798,5114.94,0.85624,0.348844,2.454506886,1.285697502,-8.267726325,5.713239531
18.17757,22.00173,5478.35,0.88784,0.277594,3.198340022,1.215814657,-8.016278426,5.936320375
19.04893,22.20656,6008.3,0.92338,0.193054,4.783014079,0.809048749,-7.64618951,6.083625946
17.04416,20.93358,5953.85,0.91046,0.223348,4.076418862,0.838190466,-7.847346357,6.03475497
19.34034,21.12256,6315.47,0.92418,0.185575,4.980088913,0.748593929,-7.641017284,6.109751293
22.0765,24.89079,5647.62,0.92612,0.198475,4.66617962,0.737614987,-7.653784936,6.047369197
14.1969,20.23531,5451.43,0.89306,0.26873,3.323261266,1.136215039,-7.945711544,6.06635514
17.01292,19.01097,5357.46,0.88068,0.308568,2.854087268,1.142613744,-8.157905796,5.886475782
21.87942,25.42328,6611.02,0.93032,0.165587,5.618315447,0.713095482,-7.55835756,6.099705989
14.83872,19.12972,2867.08,0.85656,0.559611,1.530634673,1.180429523,-8.402191302,5.802876477
15.11493,21.50875,5980.85,0.90344,0.228615,3.951796689,0.898850318,-7.89323597,5.906942021
27.16182,30.35527,6682.38,0.94254,0.138397,6.81040774,0.568145025,-7.373053524,6.364803678
15.05237,16.92938,5011.25,0.88698,0.310746,2.854356935,1.07081046,-8.122294453,5.731661516
18.89406,23.1897,5816.78,0.91876,0.213867,4.295940935,0.749869116,-7.762076218,6.075511809
12.67382,16.04533,4484.37,0.86402,0.386207,2.237194044,1.251665069,-8.272794853,5.81046668
18.44369,22.45049,5505.7,0.90126,0.245544,3.67046232,1.077306732,-7.862587123,5.986571255
10.4537,12.28241,3871.26,0.8305,0.560859,1.480764328,1.509010685,-8.513090829,5.666766237
26.58569,29.76517,7144.14,0.9417,0.134757,6.988134197,0.599374153,-7.395170299,6.247694668
17.65423,22.44589,6253.82,0.92172,0.185036,4.981300936,0.796774482,-7.628808314,6.092095517
19.88383,23.43102,4641.31,0.88036,0.29723,2.961881371,1.122923773,-8.088920061,5.902004284
21.57005,25.1666,6516.44,0.92532,0.175851,5.261954723,0.774424288,-7.593159829,6.091379922
11.27084,14.1751,3621.01,0.81354,0.538881,1.509683956,1.650032134,-8.579914083,5.718144939
16.93003,19.39141,5320.62,0.88162,0.308176,2.860767873,1.139049161,-8.116325474,5.831224884
21.93242,24.9308,6403.28,0.91162,0.215374,4.232730042,0.917917028,-7.802916397,6.007749918
14.53981,22.21277,5519.35,0.8823,0.273035,3.231453843,0.952399067,-8.064895013,5.808869474
14.86325,19.86117,5959.6,0.90852,0.229712,3.955039354,0.899545337,-7.816622899,6.084916725
14.85852,20.62731,4531.67,0.87542,0.347663,2.518013133,1.188353226,-8.183575887,5.808184962
8.66567,14.65216,4467.11,0.81888,0.435792,1.879061571,1.781970993,-8.520024148,5.650838929
22.19492,24.87168,6709.41,0.92624,0.175641,5.273483982,0.781230986,-7.606921344,6.110958941
11.69604,18.29844,5878.87,0.88538,0.286239,3.093149431,1.105922168,-8.068514428,5.886414043
16.23564,20.53504,5240.79,0.89704,0.276525,3.243974324,1.097375616,-7.912325517,5.932412007
12.51026,15.52489,3810.09,0.85932,0.44773,1.91928171,1.263313314,-8.351681698,5.696713269
10.98009,14.25846,4240.07,0.83208,0.442085,1.882171981,1.406839022,-8.464309181,5.79115035
14.93496,16.22558,3804.53,0.82108,0.467795,1.755213288,1.810727598,-8.513838618,5.623961142
22.04316,24.18716,6414.15,0.91614,0.201876,4.538132319,0.860746241,-7.740227223,6.069609148
10.5545,13.98913,4005.94,0.84606,0.479397,1.764842083,1.405332245,-8.462621559,5.725339506
4.52274,7.29369,985.536,0.60902,1.41473,0.430484969,3.532507468,-9.851082084,4.754524074
16.64465,21.78461,5823.05,0.90632,0.232796,3.893194041,1.025360072,-7.82210216,5.942894915
15.04018,17.97823,5147.54,0.8799,0.303749,2.89679966,1.156246714,-8.100473262,5.899101244
27.06742,28.86271,6768.54,0.93046,0.164557,5.654332541,0.731683844,-7.574080057,6.065764165
16.47099,18.54818,5884.34,0.8914,0.271184,3.287067084,1.082854595,-8.054029846,5.799837116
19.06062,21.30077,5286.36,0.89052,0.259839,3.42719915,1.144272778,-7.959703709,5.911750992
22.37416,26.16801,6542.82,0.92708,0.169136,5.481269511,0.735651729,-7.626036415,6.01980831
15.00541,17.32343,4939.52,0.88564,0.334691,2.646142263,1.070526531,-8.120483675,5.883158686
11.40756,14.11041,3722.17,0.8309,0.525465,1.581266117,1.502264479,-8.550597356,5.727163968
19.11965,22.32451,5775.95,0.90886,0.237407,3.82827802,0.856664519,-7.852687335,6.032977941
10.55154,12.93182,4775.39,0.85842,0.407849,2.104749552,1.335077899,-8.272932049,5.849670286
16.39228,21.02307,6215.58,0.9157,0.209664,4.367464133,0.832354899,-7.769891915,6.056828092
12.99803,16.9401,4935.07,0.87584,0.343252,2.551594747,1.031650215,-8.146969918,5.790363955
21.97285,25.30627,5545.14,0.92586,0.199062,4.651113723,0.733459337,-7.650162352,6.071365503
9.28206,11.56741,3140.61,0.78988,0.672208,1.17505296,1.727382076,-8.755956508,5.532342263
18.50152,21.77681,4894.52,0.89,0.280285,3.175339387,1.129176409,-7.941014018,5.900383283
26.71551,28.89089,6870.01,0.9313,0.160176,5.814229348,0.720769402,-7.547703011,6.270420053
10.94385,12.59376,5030.05,0.8614,0.385283,2.235759169,1.297376736,-8.275013937,5.774357265
11.69169,13.53128,3382.98,0.81382,0.583381,1.395006008,1.712181474,-8.669179265,5.547583051
14.30512,21.43221,4299.27,0.86532,0.380701,2.272964873,1.053060265,-8.286076214,5.717701537
11.89098,14.91638,2934.69,0.79326,0.63618,1.246911252,1.616074276,-8.839400341,5.487411879
16.21715,20.10541,5538.46,0.89596,0.261036,3.432323511,0.990122142,-7.974509986,5.901961222
15.18554,17.20225,4710.83,0.85518,0.382825,2.233866649,1.579985384,-8.334965613,5.759661227
5.24685,9.61645,1093.72,0.64532,1.51482,0.42600441,2.934909981,-9.633854223,5.09972956
22.1668,25.76537,6725.43,0.92686,0.164228,5.643739192,0.759654586,-7.608123921,6.149810567
17.65234,21.49575,5692.05,0.91596,0.219688,4.169367467,0.880329781,-7.727564257,6.046760606
15.26847,19.34465,5066.35,0.89876,0.27416,3.27823169,0.984957897,-7.944696859,6.016439394
11.79982,15.32515,4618.23,0.84228,0.393157,2.142350257,1.538030095,-8.334792188,5.756751455
14.52992,22.54506,4752.66,0.89674,0.275981,3.249281653,0.84705404,-7.94655142,5.951455475
16.43891,19.22847,5119.38,0.8776,0.320121,2.741463384,1.121396358,-8.16391845,5.761508839
11.225,18.1985,4859.66,0.84262,0.348534,2.417612055,1.644983898,-8.327319733,5.743755348
14.52681,21.09801,3011.29,0.88326,0.451254,1.95734553,0.957448554,-8.223143664,5.860252842
10.86528,14.27546,4261.58,0.83704,0.45135,1.854525313,1.36819416,-8.395312794,5.632703059
22.15577,26.19702,6721.09,0.9277,0.165557,5.603508157,0.742707179,-7.569894394,6.118764504
15.62477,19.83024,5923.2,0.88536,0.253023,3.499128538,1.116629448,-8.012931863,5.889726561
10.18273,12.85291,4041.7,0.8077,0.54898,1.471273999,1.770518994,-8.541513911,5.616231713
14.16331,19.39692,5654.02,0.898,0.254271,3.531665035,1.051847183,-7.967222333,5.901232463
15.93726,18.96401,5717.71,0.87952,0.292725,3.004594756,1.217102573,-8.132277787,5.850278749
16.36915,20.52539,4238.03,0.8871,0.348166,2.547922543,0.981098706,-8.131487199,5.818136232
22.16085,26.78392,6925.19,0.9395,0.140832,6.671069075,0.628711616,-7.399259777,6.151538375
16.4562,18.61618,3728.87,0.86286,0.481481,1.792095638,1.27743282,-8.378759403,5.709710294
15.70359,18.39371,4223.91,0.87236,0.385775,2.261318126,1.290251607,-8.171801186,5.87936039
10.825,12.85131,2658.15,0.81744,0.720342,1.134794306,1.54700723,-8.668334791,5.583567097
16.57572,19.20607,5174.46,0.88448,0.293035,3.018342519,1.203829001,-8.035925633,5.861451543
17.13008,22.17367,6014.07,0.90426,0.238999,3.783530475,0.980730681,-7.897550123,5.933011444
21.56579,24.24993,6356.87,0.907,0.224056,4.048095119,0.984614029,-7.873157905,5.946121325
11.50353,12.61407,3659.79,0.80622,0.546469,1.475326139,1.787350113,-8.624196017,5.555340236
15.74755,19.51656,4142.96,0.87978,0.375953,2.340132942,1.170392205,-8.105508321,5.848185223
16.33805,18.77543,3708.03,0.86166,0.476349,1.808883823,1.273507882,-8.399445217,5.775864749
14.10022,20.30745,6393.75,0.90208,0.232421,3.881232763,0.955941538,-7.878845421,5.959017737
10.09785,13.80804,4147.29,0.82632,0.477661,1.729929804,1.474209139,-8.537934773,5.662773693
10.47704,13.3302,4389.11,0.83078,0.462417,1.796603499,1.623993356,-8.489464501,5.669182181
18.53749,23.50538,5877.84,0.91062,0.211672,4.302033335,1.002264981,-7.727698121,6.024857307
15.97887,19.91934,5337.94,0.89968,0.258449,3.481073635,0.969412513,-7.923209971,5.944968978
17.55189,22.89908,6220.72,0.91944,0.193026,4.763296136,0.808996511,-7.689337691,6.033649465
10.94865,14.31708,3605.83,0.83474,0.528015,1.580902058,1.538081868,-8.499158364,5.605709515
16.0158,21.99668,5797.42,0.91324,0.225573,4.048534177,0.908113716,-7.787489813,6.007235162
17.6065,22.35806,6286.77,0.91646,0.198302,4.621536848,0.862566845,-7.741261399,6.106338991
13.94041,16.88796,5021.66,0.87222,0.334393,2.608367998,1.286241967,-8.116845173,5.928317833
11.8892,14.82646,4583.35,0.86222,0.389312,2.214727519,1.230987894,-8.275686528,5.783838389
10.07184,13.19419,3095.18,0.80368,0.647401,1.241394437,1.713061004,-8.698212955,5.641349314
15.46447,18.70511,5513.65,0.89564,0.26682,3.356719886,1.071737903,-7.965578179,5.912408627
10.34785,14.45733,4320.5,0.8367,0.441885,1.893479073,1.422324844,-8.418125286,5.821900835
8.7413,15.77896,4039.86,0.8112,0.49065,1.653317028,1.752218425,-8.588215457,5.505503499
15.02755,20.99669,4222.46,0.90188,0.325507,2.770693103,0.901948735,-8.026198457,5.97027595
26.0233,28.19417,7067.19,0.93076,0.163821,5.681567076,0.714855669,-7.577642097,6.225723379
23.09142,23.86114,6263.34,0.899,0.249993,3.596100691,1.106188158,-7.971505585,5.945555857
14.49292,19.32409,5848.86,0.88496,0.276824,3.196832645,1.144203482,-8.042144142,5.905940696
13.91814,16.09669,3373.24,0.80218,0.523521,1.532278552,1.603673756,-8.676960518,5.472443837
16.48355,20.89125,5609.82,0.9075,0.245093,3.702676127,0.87134507,-7.865665936,5.950733084
19.22744,23.00274,6291.58,0.9146,0.215485,4.244378959,0.845012444,-7.75986052,6.027082867
16.39172,21.08529,5515.69,0.90636,0.239451,3.78515855,0.965885274,-7.840771719,5.995100544
26.28237,28.69642,6572.85,0.91976,0.187322,4.910047939,0.854091532,-7.741863313,5.90637211
9.70589,12.10053,2582.28,0.8021,0.769002,1.0430402,1.691263279,-8.807490712,5.663634076
10.07871,14.49356,3886.4,0.82972,0.48582,1.707875345,1.495823917,-8.494317968,5.779507982
16.99024,20.53036,3983.41,0.89228,0.356474,2.503071753,0.948273478,-8.110427019,5.99599814
15.2191,21.28945,5582.02,0.89762,0.258071,3.47819011,0.998439951,-7.946499364,5.914694379
10.92749,14.96018,4501.99,0.84196,0.409003,2.058566808,1.502545703,-8.301568884,5.854922884
9.48999,16.39022,4280.55,0.84134,0.439234,1.915471025,1.458057982,-8.415954572,5.695621947
11.66352,15.5622,4625.68,0.86006,0.378251,2.273781166,1.352396281,-8.26073818,5.761630185
14.56712,20.98056,5429.73,0.87894,0.278918,3.151248754,0.975397153,-8.078462987,5.820658032
26.88373,29.28148,6503.17,0.9268,0.168425,5.502746029,0.723182314,-7.607942044,5.968110823
14.98958,21.47436,3089.51,0.89102,0.423177,2.105549215,0.891393295,-8.128724155,5.976821592
14.7872,18.16248,5517.96,0.90282,0.262251,3.442579819,0.897847591,-7.900797417,6.061372119
11.05144,15.42888,6178.01,0.87448,0.291656,2.998326796,1.309571375,-8.133739368,5.837133449
19.29703,22.2306,6528.33,0.91806,0.208445,4.404327281,0.809091894,-7.758600545,6.06729646
8.79032,11.5785,4017.31,0.82094,0.528702,1.552746159,1.642965134,-8.59413727,5.779410761
10.88898,13.42667,3762.16,0.83144,0.503102,1.652627101,1.336882284,-8.508733005,5.63109153
10.16112,15.71785,3738.32,0.8295,0.514158,1.613317307,1.594106254,-8.589507228,5.668732348
15.80014,20.80932,5907.26,0.89404,0.25464,3.510995916,1.045824795,-7.979827315,5.884652826
17.5324,22.2026,5920.54,0.91182,0.21733,4.195555147,0.910916605,-7.771012397,5.995276601
16.21033,18.0751,3859.31,0.87662,0.436827,2.006789873,1.107718485,-8.265621573,5.931845211
16.12887,21.17734,5466.39,0.8933,0.266924,3.346645487,1.018752119,-7.991140038,5.888523663
18.95374,22.86895,4630.59,0.9161,0.267341,3.426709708,0.772796878,-7.833404556,6.033892624
10.6213,13.79663,3850.73,0.81822,0.489711,1.670822179,1.406795405,-8.551082275,5.670126576
10.95802,12.38401,5345.79,0.86738,0.350878,2.472027314,1.255482919,-8.21667278,5.782677525
11.11483,13.90084,2702.03,0.82298,0.676057,1.217323391,1.534090297,-8.603264306,5.707836711
17.6329,22.40995,5919.62,0.90096,0.240831,3.741046626,0.990034645,-7.879385012,5.924923492
18.46311,22.34121,5617.58,0.91746,0.218653,4.195963467,0.79090609,-7.778094563,6.054329842
15.94693,21.4851,5607.49,0.90514,0.232027,3.90101152,0.937041196,-7.86245934,5.971256331
11.685,14.12024,4064.96,0.82872,0.444373,1.864919786,1.474220306,-8.474919189,5.715585714
16.24405,18.32856,5286.06,0.8709,0.324775,2.681548765,1.250340454,-8.211828627,5.784188381
16.62931,18.964,5205.72,0.8818,0.311487,2.830936765,1.098216916,-8.101055841,5.85490707
14.91433,17.85185,5430.24,0.8836,0.304178,2.904878065,1.098061082,-8.122517285,5.698789248
21.55558,23.88743,5957.55,0.92748,0.189316,4.899110482,0.724631877,-7.623092004,6.065933869
19.53124,24.34877,6573.1,0.92552,0.17812,5.196047608,0.742581824,-7.596585161,6.04685199
10.5276,12.10492,4387.97,0.8462,0.46306,1.827408975,1.311260017,-8.40881563,5.712233073
14.50107,20.05552,2834.79,0.86108,0.562858,1.529835234,1.083996265,-8.404012071,5.826045525
16.37924,19.48503,4374.37,0.87294,0.386015,2.261414712,1.046309278,-8.224325898,5.771244699
19.26226,22.34037,6192.14,0.91336,0.222009,4.114067448,0.852686815,-7.798919371,6.065621106
19.51722,21.97426,6383.55,0.912,0.227086,4.016099627,0.869699975,-7.85055412,5.955856173
17.63558,23.43143,6343.74,0.92078,0.18648,4.937687688,0.820628465,-7.696637248,6.005841238
10.18721,12.29804,3888.72,0.8097,0.49489,1.636121158,1.482281418,-8.569493819,5.665009374
14.379,17.85154,5789.93,0.90788,0.24619,3.687720866,0.819487692,-7.839756303,6.0557043
5.77092,10.69227,2525.46,0.71134,0.796001,0.893642093,2.634521849,-9.142994139,5.094220332
14.98361,18.5665,5077.8,0.86242,0.349878,2.464916342,1.349063378,-8.250005636,5.738013174
11.40609,13.95433,4678.97,0.84998,0.40367,2.105630837,1.266725356,-8.338557336,5.682497215
16.05247,20.71221,6127.06,0.9074,0.221083,4.104340904,0.926568063,-7.871131052,5.979610065
9.32356,12.40166,4897.31,0.84194,0.434798,1.936393452,1.419424869,-8.421615414,5.703549756
16.53187,20.01431,4909.24,0.88968,0.313085,2.841656419,0.940802422,-8.047731515,5.844884472
5.74192,9.61066,1359.85,0.65638,1.26583,0.518537244,2.94588341,-9.648106757,4.986054902
22.73521,25.99472,4703.22,0.88268,0.274409,3.216658346,1.159519058,-8.007639559,6.007461874
26.59035,28.85043,7382.11,0.94538,0.124916,7.568125781,0.561159349,-7.32288716,6.334859531
17.99714,20.76882,5446.79,0.90542,0.245616,3.686323367,0.871883457,-7.894795598,6.009426026
9.03064,14.05914,3906.31,0.80376,0.526482,1.52666188,1.90510318,-8.62885275,5.647304484
10.24762,12.80773,4298.42,0.819,0.469514,1.744356931,1.768917795,-8.567069734,5.655300171
14.08562,16.37545,5212.25,0.87672,0.314002,2.792084127,1.160097765,-8.152361206,5.841315707
11.09413,12.81085,4349.9,0.84708,0.452397,1.87242621,1.335757264,-8.449954656,5.751480824
15.47282,22.1515,5956.45,0.90562,0.220196,4.112790423,0.870877102,-7.839847815,6.025562528
21.85743,24.50917,6548.2,0.91792,0.195101,4.704845183,0.846083753,-7.730143761,6.067835731
17.24277,19.45903,4913.3,0.888,0.30524,2.909186214,1.130817504,-8.022187989,5.992567502
14.46574,19.94563,5416.34,0.87154,0.298751,2.917278938,1.021099172,-8.098725939,5.772490576
15.40704,19.66784,5642.58,0.8785,0.277492,3.165857034,1.166252211,-8.075267223,5.796877937
15.57368,18.65806,4741.31,0.8539,0.391194,2.18280444,1.197067734,-8.311118745,5.720910541
21.28541,26.0598,5544.14,0.92328,0.205392,4.495209161,0.784114922,-7.710626471,6.124439904
16.98428,19.16233,5368.86,0.88214,0.305928,2.883488925,1.128456262,-8.106476444,5.878383619
11.19152,12.68743,4554.18,0.8604,0.422341,2.037216373,1.271765703,-8.266750663,5.808393477
19.1702,22.22692,6061.09,0.91074,0.225938,4.030928839,0.853148946,-7.820772831,6.050271681
16.55509,20.4391,5092.9,0.90126,0.271262,3.322470527,0.869110923,-7.934723198,6.090529229
9.76034,11.77659,3475.62,0.7928,0.604618,1.311241147,1.811469088,-8.698224456,5.568900677
21.42291,24.32976,5907.67,0.90798,0.222933,4.072882884,0.924225954,-7.814243411,6.007767485
12.42581,16.25096,4114.58,0.84584,0.429791,1.96802632,1.167904658,-8.362282826,5.764267134
10.2014,12.84067,3501.56,0.80862,0.577608,1.399945984,1.804714582,-8.638191592,5.845967436
14.65325,19.68967,3004.71,0.87464,0.504537,1.733549769,1.013219726,-8.290776909,5.863201767
11.23403,13.37232,2996.84,0.81264,0.678091,1.19842322,1.691103182,-8.744269796,5.577950128
26.60005,28.09238,5851.65,0.92766,0.197263,4.702655845,0.720211584,-7.663694907,6.147127752
16.09928,18.17332,5970.63,0.91224,0.23196,3.932747025,0.791566158,-7.823098694,6.001184149
11.73748,16.16742,5213.13,0.85592,0.355885,2.405046574,1.533950782,-8.209188198,5.875874164
22.16543,24.03538,6355.46,0.91472,0.204881,4.46464045,0.865718749,-7.76437165,6.028459627
11.47955,14.25874,4186.75,0.82442,0.447481,1.842357553,1.36136036,-8.562979688,5.560381012
15.4907,18.85324,5425.63,0.88884,0.278263,3.194244294,1.161136817,-8.019545545,5.940078718
13.67051,15.73865,3025.97,0.85554,0.530222,1.613550551,1.234521465,-8.409048403,5.803159755
9.29743,12.29443,4856.7,0.84326,0.440895,1.912609578,1.375157175,-8.405968274,5.683581677
11.93577,13.67133,4425.29,0.82076,0.445042,1.844230432,1.749125308,-8.514959545,5.649760416
9.18859,11.86852,4701.91,0.8407,0.451119,1.8635881,1.489420772,-8.444963561,5.682442858
24.23315,27.90404,6720.86,0.92782,0.164174,5.651442981,0.772453464,-7.611745173,6.198836104
10.59283,16.67793,5583.72,0.86358,0.322623,2.676746543,1.387842187,-8.251473331,5.76970486
16.58889,23.23769,6049.72,0.91534,0.203949,4.488082805,0.910446092,-7.682956172,6.051218542
24.74153,27.69258,6691.58,0.93218,0.154174,6.046285366,0.724219567,-7.507121552,6.069593437
11.65615,15.57023,4031.34,0.85134,0.448209,1.899426384,1.299647109,-8.364383247,5.678597485
10.12711,14.74879,4766.85,0.82204,0.414043,1.985397652,1.740132403,-8.47622927,5.647066273
14.28446,17.09421,5602.65,0.8968,0.268159,3.344284548,0.933040585,-7.936380114,5.883717757
25.42691,27.93724,6623.74,0.93344,0.15366,6.0747104,0.71831938,-7.473477931,6.121510717
11.76948,13.71799,3942.93,0.81904,0.493333,1.660217338,1.583129889,-8.522405662,5.559014993
14.5552,20.83469,5378.03,0.8792,0.280699,3.132180735,0.995937537,-8.069155024,5.851768341
19.19222,23.92025,6536.31,0.92806,0.181108,5.124345694,0.73410912,-7.628980537,6.005116835
17.59438,20.49565,5600.36,0.89512,0.264318,3.386526835,1.053140597,-7.974874708,5.997093436
11.68169,13.20057,3826.97,0.81074,0.525402,1.543085104,1.741366507,-8.625069209,5.617770821
15.32054,17.58003,5136.34,0.85422,0.354028,2.41286,1.334649036,-8.291844249,5.74674229
21.81941,24.78741,5976.92,0.91208,0.215904,4.224470135,0.869211384,-7.78603412,6.049666665
18.3148,22.17563,6374.29,0.91484,0.195631,4.676354974,0.845636663,-7.742505581,5.959047325
14.59248,17.29075,5455.98,0.86424,0.332129,2.602121465,1.250869182,-8.231657749,5.792412923
11.77331,13.20341,5089.86,0.87272,0.360961,2.417768125,1.167983503,-8.206089978,5.707233785
18.15451,23.40602,6193.61,0.91918,0.198204,4.637545155,0.835942216,-7.695075706,5.978863173
14.06888,18.32042,5058.3,0.8709,0.333518,2.611253366,1.336440644,-8.139266476,5.815251711
22.12165,24.86643,5628.31,0.91014,0.23129,3.935059882,0.927185546,-7.894270876,5.952116815
17.03517,18.86638,5154.2,0.88118,0.320593,2.748594012,1.103935496,-8.149096823,5.832410477
17.59137,21.55059,5694.25,0.90842,0.230583,3.939665977,0.882412872,-7.82533008,5.975122398
17.53807,22.52219,6030.56,0.91208,0.215789,4.226721473,0.916835824,-7.800007198,5.952996236
14.84931,21.73937,4695.91,0.89686,0.278338,3.222197472,0.845574311,-7.930836314,6.014642383
21.83842,24.83278,6262.59,0.9286,0.176196,5.270267202,0.700604193,-7.604382985,6.168102878
22.01534,24.96146,6619.92,0.92754,0.169854,5.460807517,0.730145003,-7.603978715,6.165657865
14.97859,18.09086,4465.63,0.86524,0.37794,2.289358099,1.101610592,-8.257935515,5.83670258
15.83907,19.66027,5802.24,0.91052,0.222134,4.09896729,0.946317694,-7.799802171,5.992999155
18.79228,22.95764,5809.44,0.92516,0.189231,4.889050948,0.774757328,-7.617059382,6.087442988
16.69108,20.16892,5229.63,0.896,0.275459,3.252752678,0.922836748,-7.994508295,5.830578544
19.69919,23.32705,6624.04,0.92508,0.187869,4.924069431,0.742488802,-7.646458138,6.034689531
17.0445,22.67185,5725.76,0.90408,0.23179,3.900427111,1.029975894,-7.825557556,6.0631433
22.28754,25.12813,6176.61,0.91644,0.205865,4.451655211,0.84763595,-7.762704832,6.078199396
16.44089,19.12698,4592.61,0.87674,0.361657,2.424230694,1.032652378,-8.21022896,5.822965811
10.08563,13.71991,3669.03,0.8162,0.519506,1.571107937,1.545115266,-8.545823558,5.533412367
21.88216,26.00372,4868.64,0.9216,0.235437,3.914422967,0.750587109,-7.742780888,6.097000567
16.47056,21.09262,4418.32,0.89202,0.333515,2.674602342,0.893347958,-8.090974649,6.03221002
14.51847,18.83895,5142.32,0.86168,0.319703,2.69525153,1.134562709,-8.195383101,5.81312201
19.55638,20.91688,4868.35,0.89726,0.298898,3.001893623,0.950510343,-8.011358784,5.875198428
14.15328,17.59506,5118.86,0.88548,0.317839,2.785938793,1.011171869,-8.068365305,5.75584251
15.69354,19.20559,4357.33,0.8795,0.349676,2.515185486,1.163063713,-8.172321923,5.791235284
16.47704,20.96454,5695.58,0.9003,0.250087,3.599947218,0.964713434,-7.956001431,5.915575516
15.15179,20.66357,6133.12,0.90318,0.227343,3.972763621,0.900848591,-7.887200331,5.955496027
14.41106,17.67846,5202.55,0.89296,0.306409,2.914274711,0.945613622,-8.051936897,5.891825277
12.10127,15.36328,4680.64,0.86076,0.364502,2.361468524,1.271992454,-8.282011401,5.762594339
27.2542,30.71814,7236.34,0.94374,0.125527,7.518223171,0.582241143,-7.338552264,6.25148356
21.88714,25.03531,6370.33,0.92252,0.183838,5.018113774,0.745390972,-7.683362883,6.088561041
11.60119,14.44233,3534.45,0.8396,0.520074,1.614385645,1.512034754,-8.45314966,5.685685118
11.16452,14.80058,4360.21,0.84106,0.448682,1.874512461,1.492021831,-8.453926373,5.721174243
11.45835,15.03476,4192.76,0.8477,0.423959,1.999485799,1.297763427,-8.350449939,5.668806821
13.93358,16.90755,5507.1,0.89798,0.271803,3.303789877,0.909502432,-7.979747086,5.749745876
21.54252,26.08296,6610.67,0.92856,0.165696,5.603997683,0.75319446,-7.559765103,6.092834699
14.75116,21.29529,6043.54,0.90198,0.227924,3.957371755,0.891256271,-7.846779806,5.867281186
18.4439,22.44763,6039.17,0.9059,0.22343,4.054513718,0.995965127,-7.859355829,5.985908006
15.32943,18.0896,4853.65,0.87658,0.336231,2.607076682,1.226054894,-8.156230893,5.928548974
11.45982,14.79417,4376.73,0.8457,0.386946,2.185576282,1.32897791,-8.276821714,5.724387837
21.23862,26.71497,6656.99,0.93562,0.144697,6.466063567,0.662884128,-7.444820999,6.188272731
15.7686,19.18805,5192.14,0.88294,0.304501,2.899629229,1.222824688,-8.052392236,5.831758194
21.87418,27.32376,6975.29,0.94078,0.134478,6.995791133,0.615603383,-7.386995376,6.160074071
9.60167,14.20074,4048.74,0.8017,0.509374,1.57389266,2.055832082,-8.570809685,5.545193782
21.27132,25.71082,5985.17,0.929,0.1743,5.329890993,0.724162148,-7.538565703,6.077778635
27.12549,30.34669,6970.59,0.94376,0.132455,7.125136839,0.58236064,-7.36557797,6.249098427
21.46881,26.18832,6412.45,0.924,0.172745,5.348924716,0.802687623,-7.607353311,6.077862223
14.67985,18.28194,4066.43,0.84554,0.430945,1.962060124,1.6348168,-8.337976879,5.763650096
24.48449,26.54983,6016.27,0.93334,0.167928,5.557977228,0.700672808,-7.531012011,6.20773199
8.01733,12.06142,4784.38,0.80566,0.460852,1.748196818,2.014980948,-8.55997625,5.485108776
16.75168,22.22741,5291.11,0.90334,0.251111,3.597373273,0.997479851,-7.878070687,5.94958577
13.74379,15.89557,5424.68,0.88344,0.295192,2.992764032,1.143207517,-8.081484318,5.789367726
11.02865,12.7021,4223.18,0.84098,0.482803,1.741869872,1.387550504,-8.44265027,5.727993676
14.97462,20.23914,3575.01,0.88222,0.42597,2.071084818,1.038365883,-8.250826155,5.838625251
14.80456,19.37084,5845.4,0.90182,0.250275,3.603316352,0.931723392,-7.926291335,6.057537191
15.88587,19.73001,5097.45,0.90406,0.266067,3.397865951,0.925364738,-7.880052021,6.026462973
10.8843,13.94059,3988.18,0.81352,0.514716,1.580522074,1.557299129,-8.602048512,5.578444884
13.9365,16.02465,4917.18,0.87112,0.340328,2.559648339,1.303360582,-8.174671681,5.815090297
13.62354,15.54384,4871.27,0.86856,0.349432,2.485633829,1.136748823,-8.205340889,5.605633308
19.3899,24.26649,6506.74,0.92758,0.180122,5.149731848,0.710096115,-7.61579389,6.040036327
32.86475,33.43567,3637.93,0.86984,0.411617,2.113226616,1.22387693,-8.251822827,5.895634195
16.47373,23.56982,5206.7,0.91726,0.223025,4.112812465,0.700503366,-7.753654905,6.003521804
11.03311,16.86769,5704.18,0.877,0.309776,2.83107794,1.173226655,-8.137763965,5.783580817
17.59783,20.69509,5800.01,0.89872,0.249083,3.608114564,1.079022574,-7.930273694,5.930216438
16.53375,20.36398,4596.97,0.8873,0.327756,2.707196817,0.9183602,-8.070683253,5.90602465
17.59752,21.34514,5991.36,0.90854,0.2191,4.146691009,0.915274246,-7.811571397,6.039137213
21.74486,24.08231,5822.79,0.91072,0.221563,4.110433601,0.885033975,-7.808829455,6.053483826
13.89977,20.61416,2834.5,0.85808,0.571131,1.502422386,1.15008067,-8.452890944,5.823008597
14.81255,16.79413,4916.16,0.87238,0.340729,2.560333872,1.258092964,-8.206761948,5.818724311
27.22358,29.93626,7589.85,0.9491,0.117088,8.10586909,0.528615845,-7.279316897,6.23647484
14.77018,19.38588,4997.98,0.88088,0.312577,2.818121615,0.989044017,-8.06885016,5.79651067
17.55596,22.81664,5899.66,0.92236,0.199545,4.622315768,0.734877283,-7.697189549,6.021889074
20.09532,24.15224,6651.61,0.93014,0.166756,5.577850272,0.707313652,-7.585640683,6.138419214
14.85674,21.15474,4624.43,0.88264,0.314093,2.810123116,0.956666191,-8.056083641,5.932238732
14.70022,16.63609,4055.61,0.85894,0.425124,2.020445799,1.41097661,-8.339292921,5.757583507
10.44024,12.6819,3409.03,0.78394,0.557511,1.406142659,1.813879368,-8.706773454,5.572192652
26.36056,29.4251,7267.67,0.93968,0.143981,6.52641668,0.619164212,-7.459249526,6.142249594
18.29768,21.52235,5973.03,0.90408,0.236498,3.822780742,0.974803361,-7.880376037,5.943606621
16.65239,22.07369,5723.73,0.91636,0.216084,4.240758224,0.792516785,-7.781074793,5.952610459
15.04434,19.96612,6040.24,0.9083,0.227297,3.996093217,0.913688565,-7.844536816,6.013231452
12.01534,14.54118,4441.78,0.8461,0.406646,2.08067951,1.479869193,-8.362567557,5.701863516
15.96609,20.82549,5376.81,0.88834,0.284786,3.119324686,1.095168251,-8.021719996,5.934432197
19.52589,25.07134,6958.07,0.93696,0.150801,6.213221398,0.644473134,-7.483980037,6.124708536
22.35476,28.30382,7036.44,0.94482,0.125888,7.505242755,0.585230592,-7.313206715,6.221072237
14.61792,21.77109,4864.3,0.89668,0.279164,3.212018742,0.854763482,-7.952524188,5.956779222
15.5393,17.17668,5613.34,0.85792,0.327199,2.622012903,1.472922836,-8.251010926,5.805508644
11.81696,12.57368,3580.26,0.82562,0.540991,1.526125204,1.580762304,-8.513613425,5.674112117
16.52245,20.7555,5678.88,0.89864,0.250541,3.586798169,1.039965808,-7.910529478,5.92066933
22.66661,24.41213,5214.61,0.91094,0.246977,3.688359645,0.90124256,-7.879564028,6.016423076
17.63282,23.40794,6241.8,0.9203,0.200613,4.587439498,0.819001952,-7.692734477,6.063001029
15.42526,20.49406,5010.62,0.87956,0.30739,2.861381307,0.959811596,-8.120589618,5.834168746
14.37125,16.67523,4932.7,0.86856,0.344616,2.520370499,1.301355451,-8.197994053,5.833772299
12.51883,14.64783,4427.75,0.8466,0.403176,2.099827371,1.395005542,-8.346496816,5.690269242
15.66581,20.99707,5279.25,0.88722,0.292553,3.032681258,1.141119538,-8.051327506,5.80689309
15.92024,20.76548,6026.78,0.89176,0.242355,3.679560975,1.125470621,-7.958271967,5.961622215
9.11983,13.9637,4489.21,0.8064,0.461164,1.748618713,1.80052795,-8.53748133,5.513844256
9.61559,12.13132,3396.77,0.822,0.633999,1.296532013,1.33158714,-8.608876889,5.727454682
14.63176,17.04041,4393.05,0.83168,0.431396,1.927880648,1.381689568,-8.48844063,5.596007525
18.16364,22.00216,5313.14,0.88878,0.280335,3.170421103,1.20432102,-8.015107025,5.846758628
19.34029,23.57438,6751.32,0.92748,0.177436,5.227124146,0.728055364,-7.600549454,6.081059128
11.83536,14.47749,4252.67,0.8203,0.453765,1.807763931,1.733249847,-8.527835334,5.596543801
12.35816,16.09363,4581.17,0.86354,0.383526,2.251581379,1.232852468,-8.263757955,5.767606737
15.24696,17.72646,5487.42,0.86296,0.330859,2.608240973,1.280526812,-8.247993339,5.780789638
26.618,31.32895,7297.6,0.94922,0.114828,8.266450691,0.524502343,-7.235382497,6.424790781
18.3546,22.10999,6295.49,0.91642,0.197758,4.634047674,0.865073532,-7.677886889,6.003455736
19.29631,23.16298,6342.95,0.9146,0.213066,4.292566623,0.83846793,-7.742319646,6.084255299
18.13209,21.1609,5793.75,0.9037,0.243625,3.70938943,0.943396813,-7.87236945,5.963020913
9.90919,14.00936,3696.39,0.82536,0.540655,1.526592744,1.460906207,-8.604960913,5.704403436
12.13349,15.46146,4546.32,0.85638,0.385487,2.221553515,1.25648529,-8.308216687,5.765460477
15.55291,18.44822,3948.64,0.84432,0.428521,1.97031184,1.736707701,-8.428529774,5.710393917
11.95993,13.34112,4576.67,0.86296,0.415253,2.078154763,1.174213377,-8.294858403,5.877444516
10.47405,13.45967,4053.47,0.81352,0.467015,1.741956896,1.560576455,-8.518425259,5.558611394
9.35292,11.29089,3923.2,0.79924,0.583283,1.370243947,1.766046566,-8.667314994,5.514812614
27.19813,32.02998,7517.79,0.95436,0.101041,9.44527469,0.474049559,-7.124528057,6.286720553
16.12741,20.53823,5304.85,0.8801,0.298462,2.9487841,1.343029018,-8.044972902,5.828671675
15.74257,20.99964,6016.28,0.89226,0.241713,3.691402614,1.11118235,-7.960611841,5.925563661
19.51235,25.33444,7015.62,0.93478,0.157235,5.945114001,0.653609349,-7.516074824,6.13856187
12.18987,15.17017,2959.46,0.81864,0.61651,1.327861673,1.41053076,-8.688560169,5.606578013
10.04786,14.00743,3248.59,0.81556,0.585195,1.393655106,1.502784063,-8.622642373,5.62265663
21.40326,25.11145,6219.58,0.91242,0.210471,4.335134056,0.898378154,-7.839558184,6.100897007
12.11704,13.94182,4005.45,0.84296,0.455521,1.85054037,1.326791841,-8.43014969,5.701457657
15.74343,21.79233,5635.82,0.90258,0.241998,3.729700245,0.958388663,-7.88689925,5.867902989
10.99152,12.37232,4525.5,0.85542,0.439797,1.945033731,1.355289667,-8.342337641,5.729581508
26.10317,28.26705,7060.67,0.93052,0.162649,5.721031178,0.720342144,-7.579535798,6.194034743
14.75985,19.2013,2709.62,0.85178,0.58956,1.444772373,1.138435114,-8.463670938,5.783237697
9.82571,17.19552,4877.41,0.8436,0.389621,2.165181035,1.452737431,-8.396718372,5.677340491
14.75878,20.66282,5800.66,0.90626,0.241194,3.757390317,0.928672872,-7.887637726,5.950984351
17.68875,21.21797,5910.48,0.91012,0.218252,4.17004197,0.889457523,-7.800862597,6.029917631
13.32152,16.74574,5099.62,0.86564,0.329764,2.625028808,1.326465795,-8.22895743,5.79218198
14.58285,16.85905,4381.96,0.83116,0.434674,1.912145654,1.40068358,-8.524662601,5.547484067
9.51862,12.93275,3693.69,0.80898,0.564159,1.433957448,1.742173697,-8.641217148,5.653528585
15.08441,16.92554,5496.35,0.89306,0.272265,3.280113125,1.047233069,-8.015646672,5.872069438
11.50695,14.23603,4387.38,0.84146,0.421915,1.994382755,1.552963557,-8.353030103,5.707329294
25.22784,27.82144,6812.65,0.93064,0.152975,6.083608433,0.738861595,-7.54189366,5.960502422
14.98255,19.22627,4416.41,0.8686,0.361111,2.405354586,1.105754812,-8.166276363,5.746589955
10.72241,14.41762,3887.61,0.82794,0.482461,1.716076533,1.491881773,-8.478467167,5.518748433
11.43423,14.06565,3314.34,0.81314,0.583601,1.393314953,1.545447655,-8.62830512,5.798399499
17.05307,20.78613,4974.64,0.89142,0.288683,3.087885328,0.97331544,-7.993860796,5.93442225
22.59321,24.22024,6214.93,0.91422,0.205988,4.438219702,0.890631013,-7.805256462,5.991009107
16.52482,19.90194,3759.56,0.8796,0.401773,2.189295946,1.017044971,-8.227960714,5.871128873
9.28555,12.10697,4113.94,0.83102,0.508706,1.633595829,1.520595925,-8.497185173,5.747924353
18.44256,21.72889,5331.34,0.87842,0.297577,2.951908246,1.383512065,-8.078585135,5.78522476
6.03889,9.74109,2413.64,0.70776,0.844304,0.838276261,2.547398955,-9.181717774,5.258302614
15.76311,20.57743,5435.75,0.9049,0.249156,3.631861163,1.011482125,-7.864952666,6.100952464
16.44753,21.106,4896.56,0.89854,0.285692,3.145135321,0.903031861,-7.969390829,5.953959731
12.07105,14.74985,4542.33,0.84896,0.388472,2.18538273,1.43903828,-8.314929492,5.636354229
15.68266,23.45344,6251.37,0.90506,0.209729,4.315378417,0.967754966,-7.846644429,5.96674127
18.21138,21.57245,5997.27,0.9056,0.236241,3.833373547,0.955400994,-7.833812637,6.039933771
14.70643,21.97818,3151.67,0.89192,0.419044,2.128463837,0.870473856,-8.130712254,5.99103771
16.18528,18.30046,5241.32,0.86596,0.34323,2.522972934,1.340266805,-8.243873477,5.738297463
15.76936,18.56547,5293.35,0.86634,0.324018,2.673740348,1.305281967,-8.239225763,5.795265718
18.21503,21.13006,5931.89,0.90104,0.248606,3.624369484,0.974494854,-7.952431185,5.865876107
21.67068,25.47338,6460.43,0.92566,0.173848,5.324536377,0.77931135,-7.642321274,6.097469296
8.91398,10.58359,4528.19,0.82644,0.483135,1.710577789,1.628246044,-8.503478946,5.544937599
11.10547,14.58181,4313.63,0.834,0.441071,1.89085204,1.443306643,-8.432600353,5.804310016
5.55912,10.84376,2454.25,0.71028,0.829215,0.856569165,2.543045998,-9.187442156,5.275560918
20.96143,23.11671,5827.87,0.8936,0.260837,3.425894332,1.17028688,-8.002251561,5.901562902
16.58003,20.79627,4734.74,0.89516,0.294171,3.042992001,0.896761469,-7.975551623,5.971215095
18.55155,23.10737,5927.42,0.91372,0.207175,4.4103777,0.972282442,-7.711803949,6.048033872
22.07082,26.39861,6521.14,0.92992,0.164631,5.648510912,0.747106305,-7.527309843,6.13871596
15.51519,19.76434,5950.78,0.88636,0.25532,3.471565095,1.120360093,-8.003915444,5.885799757
22.18606,25.23277,6429.47,0.92544,0.176702,5.237292164,0.774815619,-7.626358912,6.214905271
17.08224,21.45735,5886.69,0.90808,0.230351,3.942157837,0.886954005,-7.846290879,5.924958481
16.69148,19.87879,4820.9,0.88676,0.313678,2.826975433,1.130797328,-8.041051013,5.927723386
22.16604,25.35437,6670.27,0.92916,0.166848,5.568901036,0.730778177,-7.567072906,6.184035557
16.15092,19.7893,5653.65,0.89544,0.260498,3.437416026,1.068621071,-7.98940936,5.872869387
10.86764,13.85765,4076.35,0.80882,0.47716,1.695070836,1.776063757,-8.551481405,5.555866201
19.28313,23.15744,6209.8,0.9216,0.196655,4.6863797,0.732256601,-7.721612466,6.095060526
12.79396,15.61163,4376.09,0.85824,0.390258,2.199160555,1.331316548,-8.326990465,5.765990235
15.12802,18.74753,4485.53,0.86428,0.37646,2.29580832,1.098530668,-8.197173182,5.799722359
23.38892,25.6978,6632.14,0.93068,0.164757,5.648803996,0.745582777,-7.530906553,6.176551922
14.54493,18.34733,5010.07,0.87524,0.326082,2.684110132,1.025055328,-8.147816916,5.82637279
10.24329,12.38075,4218.43,0.83342,0.475806,1.751596239,1.495780468,-8.482326075,5.621697718
19.25488,23.98368,6523.82,0.92766,0.178091,5.208910052,0.755445397,-7.590951235,6.078560046
13.00488,15.60005,5109.21,0.87612,0.316898,2.764675069,1.228510408,-8.102716304,5.854908998
14.41418,16.45019,3974.55,0.8742,0.398603,2.19315961,1.142121179,-8.202090794,5.788519469
17.65282,20.80247,5987.65,0.90592,0.224751,4.030771832,0.922615932,-7.851386065,5.937346284
13.87723,18.48138,4828.48,0.8625,0.352557,2.44641292,1.363914399,-8.240005183,5.901546742
13.26154,15.83515,4986.27,0.8737,0.340408,2.566625931,1.162630412,-8.194517892,5.767588082
11.60096,13.92238,4180.3,0.8314,0.447025,1.859851239,1.425647388,-8.474302514,5.842649641
16.88842,20.8595,5492.34,0.9055,0.245064,3.694953155,0.881781749,-7.882565015,5.98396677
10.00459,12.83225,3781.4,0.7952,0.581027,1.368611097,1.91879947,-8.686269382,5.58740045
10.01754,13.12579,4630.52,0.83592,0.425295,1.965506296,1.487426347,-8.449875182,5.630314281
14.96509,22.25131,5349.9,0.89402,0.26618,3.358704636,0.868876468,-7.984519926,5.892360527
25.11041,28.27978,6589.9,0.93452,0.154508,6.048359955,0.709217864,-7.491206231,6.110877557
12.99448,17.34521,4935.33,0.87338,0.334392,2.611844781,1.236348264,-8.192402668,5.963988385
8.27976,10.29854,3958.74,0.8047,0.580456,1.386323856,1.635947203,-8.641223649,5.543469558
15.19156,21.27737,5719.67,0.9017,0.242108,3.724370942,0.967453101,-7.918005986,5.885517938
16.88311,20.70298,4383.93,0.8804,0.347083,2.536569063,1.255655061,-8.13426481,5.88378189
17.40649,21.29841,5985.27,0.90536,0.238218,3.800552435,0.945342712,-7.88212702,6.014150221
17.55833,22.26359,5126.38,0.90684,0.258571,3.507121835,0.942332622,-7.880841046,6.001777946
18.40497,23.52802,6619.45,0.93016,0.161065,5.775059758,0.706644768,-7.543719945,6.061915251
11.80693,13.62721,4388.25,0.8407,0.428606,1.961475108,1.362181349,-8.413015459,5.584316757
11.31593,13.19421,4711.09,0.85994,0.404469,2.12609619,1.312344653,-8.295214007,5.797785201
14.69776,17.79846,5502.82,0.88788,0.28646,3.09949033,1.090515853,-8.048559431,5.875301748
22.06701,25.02145,6357.8,0.9265,0.174749,5.30189014,0.744968237,-7.614498944,6.07311515
22.971,25.33161,6632.27,0.92984,0.163749,5.678446891,0.758791564,-7.554470054,6.069423676
16.57012,20.81989,5784.94,0.90114,0.245457,3.671274398,0.972001902,-7.931041016,6.004457632
17.51054,19.60501,5293.75,0.8864,0.287671,3.081297732,1.197863832,-8.047712495,5.848280139
11.02548,14.21527,2712.55,0.81794,0.684096,1.195650903,1.528894131,-8.684407573,5.666180276
10.79809,13.76905,4775.5,0.8272,0.412677,2.004473232,1.90523033,-8.413707428,5.671091214
11.46736,14.93017,4571.74,0.85126,0.392297,2.169937573,1.391222797,-8.323628177,5.658884674
10.24913,14.1211,3868.22,0.82268,0.494133,1.664895888,1.549729759,-8.478378721,5.58159757
17.44172,20.72288,5023.97,0.89018,0.295277,3.014728543,1.164367231,-8.000714784,6.004021261
19.0468,22.61666,6378.2,0.91318,0.213598,4.275227296,0.849664921,-7.79862528,6.03468409
11.3192,13.97255,3407.33,0.8287,0.557361,1.486828106,1.429431902,-8.566916142,5.672711565
16.99958,21.83111,5795.55,0.91824,0.215546,4.260065137,0.864884166,-7.744089771,6.102474167
13.79658,17.4385,5167.58,0.8762,0.321562,2.724824451,1.2915395,-8.142159549,5.997726136
13.80964,16.54363,3928.26,0.87524,0.402038,2.177008144,1.141868042,-8.177263537,5.97061416
11.29157,15.03099,4754.51,0.8563,0.376065,2.276999987,1.395190101,-8.310987426,5.706008835
12.85273,16.87192,4582.16,0.84062,0.388396,2.164337429,1.477061045,-8.427311047,5.725644433
11.16593,14.88153,2949.72,0.84164,0.585082,1.438499219,1.365414185,-8.479918125,5.761136913
14.83145,19.44515,5647.62,0.89868,0.255329,3.519694198,0.988901219,-7.963302119,5.969127657
22.00272,24.18512,5956.84,0.92148,0.195236,4.719826262,0.752373583,-7.666975505,6.031263733
14.88135,19.60383,3789.95,0.87314,0.407035,2.145122655,1.070598535,-8.262030624,5.809373277
17.1035,21.72415,5825.13,0.9124,0.215436,4.235132476,0.832970642,-7.786056774,5.968761789
16.38922,20.51732,4755.09,0.88556,0.313213,2.827341138,0.897450002,-8.100980789,5.91373445
14.54561,20.08452,2829.25,0.85968,0.559587,1.536275861,1.071554134,-8.408766405,5.842001066
11.0696,13.11081,3384.02,0.81088,0.550351,1.473386984,1.577172985,-8.588529984,5.594939648
18.03744,22.42472,6155.97,0.9158,0.203529,4.499604479,0.819826914,-7.75513433,6.037791249
5.46321,10.30844,2608.24,0.70402,0.799276,0.880822144,2.748127847,-9.148239984,5.124842345
10.24524,14.09249,4214.94,0.82686,0.463479,1.78402905,1.624939394,-8.487622479,5.688116593
14.60722,17.6609,4553.92,0.86694,0.373965,2.318238338,1.340021275,-8.225764867,5.933666267
16.76192,19.06735,6129.87,0.92146,0.208497,4.419536013,0.732682217,-7.741184088,6.089068865
18.01803,22.77948,6090.91,0.92086,0.193332,4.763101814,0.754960847,-7.679578921,6.047157492
12.38143,15.44555,4902.11,0.86536,0.34311,2.522106613,1.235254049,-8.206285444,5.756475539
12.59928,20.33137,5681.69,0.88782,0.266295,3.333971723,1.097315559,-8.025565522,5.870387371
23.73521,25.93121,6952.49,0.93716,0.145253,6.451914935,0.646625043,-7.455938165,6.180031195
16.67665,19.29625,3917.75,0.88842,0.388047,2.289464936,1.060285435,-8.181684558,5.856727711
21.8887,26.1238,6763.52,0.9312,0.160347,5.80740519,0.731324298,-7.552795853,6.170597462
15.93548,19.26145,3674.09,0.8757,0.422258,2.073850584,1.07183517,-8.243291771,5.719839791
26.63312,30.31024,6915.31,0.9429,0.132604,7.110645229,0.59491005,-7.365596122,6.049430883
25.16456,28.90092,6972.5,0.94192,0.130514,7.21700354,0.624170158,-7.375515863,6.203190257
22.23952,25.96923,6794.93,0.92976,0.166784,5.574635457,0.735307726,-7.582352868,6.093533473
21.81482,26.34256,6788.01,0.9337,0.153702,6.074742033,0.698372114,-7.529474097,6.127089281
26.46414,28.12754,6543.39,0.92956,0.175945,5.283241922,0.714259814,-7.608950294,6.070260486
16.55,20.20363,5092.64,0.89154,0.280493,3.178475042,0.935919581,-8.031130139,5.873512135
21.07582,24.11694,6545.88,0.91152,0.214622,4.247094892,0.932917298,-7.80749873,6.000920607
14.82292,19.66452,4644.48,0.88396,0.318813,2.772659835,0.968061626,-8.087693347,5.927623608
11.96124,21.71035,5228.82,0.87724,0.307428,2.85348114,1.233154486,-8.154941472,5.813518191
17.84292,22.33813,5709.82,0.90606,0.227152,3.988782841,1.046302909,-7.803054874,6.012275161
21.87479,24.10252,6534.21,0.91416,0.200984,4.548421765,0.895379921,-7.749944865,5.967339308
16.56145,20.69287,4874.19,0.89384,0.299424,2.985198247,0.876445567,-7.99095414,6.050077397
15.63931,18.12851,3887,0.82858,0.439672,1.884541203,1.671140336,-8.51830181,5.680449602
19.29771,23.67986,6373.23,0.92722,0.180829,5.127606744,0.705252751,-7.638718679,6.149123791
15.60451,22.64579,4301.44,0.90838,0.294178,3.087858371,0.826070146,-7.922047306,6.064759546
13.0529,15.53462,5245.85,0.86766,0.31919,2.718318243,1.321597717,-8.137726207,5.720159131
14.83356,18.34722,4001.12,0.88964,0.366961,2.424344821,0.962630741,-8.123581028,5.99836812
9.93027,13.07579,3824.16,0.81864,0.51131,1.601063934,1.506418353,-8.591638372,5.703154411
16.93716,21.42454,5401.57,0.88834,0.279452,3.178864349,1.19149115,-7.972921177,5.868805751
9.76446,12.55242,2878.03,0.76406,0.618764,1.234816505,2.388305091,-8.907825155,5.32812584
12.20198,14.99425,4058.87,0.84346,0.450961,1.870361295,1.323263623,-8.380418941,5.745733621
9.74984,14.93047,2649.22,0.8097,0.736735,1.099038324,1.647435288,-8.758321904,5.498126171
17.63342,22.68288,6410.54,0.92094,0.183275,5.024907925,0.811358882,-7.705674668,6.05652151
11.6331,14.84166,4631.04,0.84282,0.399292,2.110786091,1.546244149,-8.347076333,5.814222025
16.4933,18.78296,4589.49,0.8739,0.362184,2.412861971,1.061382804,-8.168485031,5.831104953
8.94544,10.8629,3924.74,0.80484,0.570503,1.410755071,1.732426757,-8.671024562,5.527238248
18.37391,22.29805,5899.75,0.91496,0.21328,4.289947487,0.793697888,-7.751211496,6.046301465
18.47122,22.65952,5714.19,0.90062,0.246382,3.655380669,1.124057292,-7.925971669,5.95080578
11.64513,13.46476,3645.71,0.80638,0.550066,1.465969538,1.558768089,-8.629086085,5.523157068
9.61757,16.88687,4578.82,0.82348,0.415303,1.982841443,1.766922043,-8.484693865,5.614107746
13.34876,15.78377,4976.89,0.873,0.33293,2.622172829,1.192780419,-8.160861785,6.038240987
17.41957,22.92915,6238.78,0.91928,0.192479,4.776001538,0.826405311,-7.737093746,5.977613132
15.78401,19.97173,5799.47,0.90322,0.241702,3.736915706,1.009025478,-7.920634661,5.975963652
17.60096,21.07871,4259.56,0.89766,0.316953,2.832154925,0.955606706,-8.058217474,5.907903028
15.62663,19.58409,3953.98,0.88306,0.390681,2.260309562,1.07201109,-8.201160975,5.805367743
12.73568,15.45175,5124.83,0.8716,0.33261,2.620486456,1.250746728,-8.15723999,5.660341138
15.86233,18.08007,4816.75,0.85622,0.344977,2.481962566,1.120963945,-8.250027627,5.789501217
9.23519,11.51819,3641.85,0.80246,0.638836,1.256128333,1.819470158,-8.659709409,5.681160135
16.68689,20.53445,6178.28,0.91566,0.205693,4.451585615,0.815711891,-7.738418394,6.00050079
13.79297,19.66634,5973.51,0.90102,0.238747,3.773953181,0.987255383,-7.865132012,5.895922788
13.63518,15.63991,5025.76,0.87248,0.333119,2.619124097,1.245420594,-8.175726309,5.818664166
19.37513,22.393,6269.29,0.916,0.215971,4.241310176,0.814712085,-7.787070982,6.063977746
16.27242,21.89496,4900.24,0.89038,0.283421,3.141545616,1.129649356,-7.963607744,5.926280888
18.39154,22.33703,5294.01,0.89936,0.25753,3.49225333,1.073322659,-7.90058704,6.047141103
10.82465,12.55814,5021.4,0.86234,0.386362,2.231948276,1.305531191,-8.299562241,5.754832872
14.9493,20.19313,5762.72,0.8885,0.271645,3.27081301,1.089313186,-8.027160737,5.940693344
11.19605,14.1486,4268.77,0.83626,0.436881,1.914159691,1.558761748,-8.406332082,5.646237025
19.25398,22.77768,6433.99,0.91204,0.213861,4.264639182,0.876385395,-7.774447898,6.013620606
20.33739,23.36816,4885.74,0.87622,0.297282,2.947437114,1.281662616,-8.133042138,5.868683046
18.04635,22.64363,6438.51,0.91912,0.195863,4.692667834,0.828691605,-7.700562785,6.026998155
18.22582,22.43193,5913.91,0.91888,0.209618,4.383593012,0.802119229,-7.706782121,6.06428302
10.89633,13.01258,4192.92,0.81966,0.482249,1.699661378,1.663171585,-8.55219148,5.719708918
16.25378,18.79534,5926.99,0.89022,0.268714,3.312890285,1.083014165,-8.016075286,5.78671018
16.48515,18.74037,4540.28,0.87234,0.367543,2.373436577,1.059502963,-8.213626933,5.759068511
17.86495,20.06356,5508.59,0.89928,0.249385,3.605990737,1.024722952,-7.93777909,5.979833966
16.82334,21.95224,5485.73,0.9019,0.242685,3.716340112,1.046750419,-7.878065811,6.02676239
20.17235,24.93574,6886.35,0.93728,0.148125,6.327628692,0.629335564,-7.471799397,6.149999349
27.09995,33.23281,7460.89,0.95528,0.100553,9.500263543,0.47446156,-7.11628006,6.261122833
19.07292,23.4176,5837.02,0.91842,0.213261,4.306553941,0.771415985,-7.739413637,6.019722633
16.50185,20.86958,4983.96,0.90188,0.274175,3.289431932,0.986994794,-7.892274682,6.073840884
16.2031,17.9934,5487.88,0.87444,0.307959,2.83946889,1.296253141,-8.149338556,5.767255927
16.33726,19.75426,5304.44,0.89732,0.260565,3.443747242,1.052396613,-7.922311167,5.965740538
15.5602,20.86061,6126.47,0.90714,0.223931,4.050979989,0.923803619,-7.862674149,6.022646458
21.67115,23.29142,6185.63,0.90874,0.216629,4.194913885,0.944086428,-7.867848348,6.004166986
14.84873,22.14442,5016.93,0.89314,0.286164,3.121077424,1.182463649,-7.977139111,5.928684144
10.41651,19.12073,5421.21,0.85652,0.332439,2.576472676,1.425033743,-8.255595575,5.727821813
16.39755,21.22404,4926.96,0.89444,0.29259,3.056973923,0.91803691,-8.004060412,5.947126689
22.12242,27.08701,6777.05,0.93634,0.148195,6.318296839,0.650011777,-7.45796216,6.202828688
10.24282,13.35234,3840.13,0.82572,0.502227,1.644117102,1.465457848,-8.535380262,5.64556294
19.9892,24.9963,6855.26,0.93318,0.162724,5.734741034,0.681577582,-7.531429864,6.119693017
21.93284,26.48833,6948.33,0.93956,0.139763,6.722523128,0.630614358,-7.399885466,6.222487629
17.61828,22.52274,5511.55,0.91282,0.226961,4.021924472,0.928596904,-7.787375099,6.10883599
18.65855,23.62106,5462.93,0.90252,0.241644,3.734915827,1.098147597,-7.867239452,6.01242916
16.5371,21.64566,5699.43,0.90464,0.232291,3.894425527,1.011226876,-7.861565213,6.058018858
10.40469,13.95463,4203.64,0.83556,0.457517,1.826292793,1.356343049,-8.486286151,5.562180185
14.54668,22.42335,5489.47,0.88712,0.259152,3.423164784,0.927017243,-7.977935556,5.816622362
5.61701,9.01599,2078.46,0.6782,0.946019,0.716898921,2.815375986,-9.172764055,5.186528256
26.44319,28.85204,7248.8,0.942,0.132578,7.105251248,0.592481214,-7.365046193,6.23402458
8.54229,14.815,3922.3,0.7978,0.523275,1.524628541,1.6805579,-8.654528866,5.48239017
16.28967,17.75053,4782.74,0.84966,0.394547,2.153507694,1.265706913,-8.317700349,5.711266195
5.86064,10.5397,2832.33,0.72358,0.77608,0.932352335,2.567665234,-9.082824393,5.270745578
14.78563,17.50924,5298.16,0.86314,0.340466,2.535172381,1.217676487,-8.224345236,5.755073428
19.2756,22.38657,6499.16,0.91718,0.20908,4.386741917,0.820467252,-7.728135191,6.105725315
11.27444,16.284,3988.26,0.85,0.46522,1.827092558,1.408359128,-8.416165409,5.708243204
26.69963,30.91897,7209.14,0.95034,0.112501,8.447391579,0.517689022,-7.207025516,6.23369051
16.86017,22.11642,5372.17,0.90724,0.248822,3.646140615,0.96023137,-7.794313829,6.115471869
16.45878,21.96111,6041.51,0.91602,0.203361,4.504403499,0.809624078,-7.784960249,5.972564762
17.65817,21.59648,5656.09,0.90414,0.235329,3.84202542,0.912124847,-7.895279251,5.895460677
15.13615,19.16963,5152.06,0.85908,0.33508,2.563805658,1.13895792,-8.231995773,5.825061001
26.98078,30.45183,7122.55,0.9405,0.131517,7.151166769,0.622097993,-7.408664561,6.122175367
14.99656,17.86934,5970.13,0.9123,0.225334,4.048656661,0.813969502,-7.809237807,6.070645925
9.87362,12.41213,3751.65,0.81136,0.540462,1.501234129,1.817658145,-8.621381834,5.588713058
27.16953,30.83927,7274.29,0.94968,0.111725,8.500156635,0.521923297,-7.216992447,6.211215531
18.65662,18.88651,4449.82,0.89556,0.341825,2.619937102,0.8137016,-8.058544396,5.933248677
24.56092,26.8659,6233.12,0.91614,0.197546,4.637603394,0.855326591,-7.753416783,5.999059957
22.32918,24.20735,6009.52,0.92202,0.193145,4.773719226,0.753072763,-7.668891505,6.10494786
22.11223,25.7963,6682.53,0.93172,0.158783,5.867882582,0.69603312,-7.509398134,6.132095671
19.26206,23.93507,6573.61,0.92792,0.178618,5.194997145,0.738198484,-7.609933978,6.156646447
15.82787,20.66279,4186.17,0.90008,0.329264,2.733611934,0.906149245,-8.026893504,5.926996139
10.5939,12.76817,3714.51,0.80108,0.547003,1.464489226,1.828673909,-8.66221391,5.370695874
15.35559,20.8629,5735.93,0.91016,0.232988,3.906467286,0.942007284,-7.789812381,6.012782708
16.50283,18.69327,5259,0.87604,0.318048,2.754427005,1.129357901,-8.17191226,5.743059407
12.19279,15.26957,4617.58,0.85178,0.394697,2.158060487,1.402773148,-8.330361566,5.690620766
21.3864,23.88918,6070.47,0.9134,0.210076,4.347950266,0.84772655,-7.797003387,6.008308316
15.25096,16.90556,4030.47,0.84232,0.457446,1.841353952,1.288461179,-8.443613984,5.745886408
14.70894,19.17312,5812.89,0.88034,0.284764,3.091472237,1.108674773,-8.113099175,5.809539198
14.57598,18.0904,2577.42,0.8261,0.704037,1.173375831,1.418168223,-8.680154105,5.635192737
11.16795,13.45388,3846.54,0.80842,0.536308,1.507380088,1.559661078,-8.63246378,5.483005439
21.97566,24.29431,6098.85,0.91692,0.192499,4.763245523,0.801696248,-7.734589015,5.991676374
21.08874,24.62813,6444.85,0.92004,0.189475,4.855732946,0.804425422,-7.668775405,6.074112232
26.53643,29.19758,7199.92,0.94392,0.129034,7.315281244,0.587039602,-7.348136723,6.270882127
11.76128,14.06783,4146.31,0.83206,0.467331,1.780451115,1.468450341,-8.49890333,5.730940014
13.75536,16.01606,4486.8,0.87178,0.361828,2.409376831,1.104611089,-8.177090527,5.872471636
19.42697,22.61105,5502.36,0.92402,0.219749,4.204888304,0.741815755,-7.714801215,6.114830513
15.80027,18.43344,5267.5,0.86286,0.340211,2.536249563,1.275975742,-8.272728599,5.726312376
15.7084,19.33237,3900.85,0.88082,0.385761,2.283330871,1.01921523,-8.190562444,5.840082374
10.44588,13.42781,2669.87,0.8145,0.701092,1.161759084,1.676212902,-8.609383288,5.857898504
10.4714,12.95377,4883.46,0.85618,0.403179,2.123572904,1.386933915,-8.28895968,5.795832109
21.90037,24.81575,6222.05,0.91656,0.208226,4.401755785,0.834951656,-7.764120943,6.089860575
8.99461,14.92578,3793.26,0.80658,0.509744,1.582323676,1.654357269,-8.628996804,5.563248044
16.7761,18.7709,5307.24,0.87786,0.312038,2.813311199,1.175329194,-8.149919068,5.800695494
12.31103,14.42607,4332.73,0.83858,0.405928,2.065834335,1.352922655,-8.320388135,5.698035668
16.41184,22.21268,5640.85,0.91608,0.21536,4.25371471,0.859479284,-7.728757118,6.153296735
16.43081,18.42764,5186.99,0.88992,0.278383,3.196746928,1.033538597,-7.987152433,5.911488058
25.20509,29.08932,6905.14,0.94254,0.130913,7.199743341,0.621160206,-7.334509422,6.148670863
17.0129,19.99626,4846.04,0.88532,0.313393,2.824951419,1.152220162,-8.060886246,5.872607959
26.56679,29.09793,6179.5,0.9363,0.153418,6.102934467,0.606554452,-7.450348995,6.225379296
16.63801,18.61345,4555.23,0.87338,0.362934,2.406443045,1.062408755,-8.240460235,5.713425298
15.84263,20.7547,6410.01,0.90212,0.221694,4.069212518,1.01390094,-7.890000726,5.924644044
16.07119,18.89388,2840.36,0.85762,0.552176,1.553164209,1.159943162,-8.444311752,5.814314914
24.73822,30.26157,7084.37,0.94558,0.118805,7.959092631,0.568295035,-7.294110669,6.384655381
11.17681,14.31991,3993.49,0.8209,0.459428,1.786787048,1.505028887,-8.487029387,5.733521009
21.87737,25.52725,6858.65,0.92926,0.166514,5.580671895,0.733614172,-7.608893234,6.199836284
22.06854,26.65115,6938.85,0.93714,0.147328,6.360908992,0.643653136,-7.44314869,6.16284857
10.47776,12.04675,3220.95,0.80978,0.644491,1.256464404,1.490011705,-8.671635074,5.570047897
8.77687,11.33248,3892.43,0.7929,0.589819,1.344310712,1.863999768,-8.689621226,5.533692946
12.15007,14.97481,4230.11,0.8573,0.406491,2.109025784,1.219158368,-8.334864795,5.682387742
14.46096,18.71413,5656.77,0.88196,0.276909,3.185017461,1.103727228,-8.028769746,5.905537055
8.94031,10.34464,4407.6,0.82402,0.497759,1.655459771,1.63541128,-8.537798091,5.734498927
19.67803,24.7967,6778.18,0.93342,0.164934,5.659354651,0.672513993,-7.533573472,6.14762558
15.59034,19.28469,5398.58,0.88938,0.282241,3.151136794,1.146828713,-8.044633445,5.777692496
24.72442,26.89253,6400.35,0.91888,0.190882,4.813864063,0.857305325,-7.69228552,6.236454508
13.03133,17.658,4176.41,0.85468,0.412416,2.072373526,1.143094369,-8.370664148,5.708979894
13.20403,15.72615,5477.91,0.88352,0.302176,2.923858943,1.166897383,-8.089202345,5.937109495
12.82285,16.34693,4503.5,0.86448,0.381994,2.263072195,1.249591366,-8.221350752,5.736060678
11.01016,16.49811,5121.56,0.86154,0.340832,2.52775561,1.36457482,-8.221193193,5.796495367
14.29428,21.87942,4616.79,0.88606,0.312589,2.83458471,0.93762689,-8.036717101,5.922678698
10.06913,11.88469,3354.73,0.82098,0.646228,1.27041849,1.36730125,-8.635224151,5.661420493
14.35763,15.79235,4306.1,0.86288,0.388981,2.218308863,1.201911579,-8.312012683,5.845903683
22.68765,25.63599,4681.87,0.92122,0.23611,3.901656008,0.753461658,-7.772847553,6.075399737
16.8928,20.26214,5773.25,0.90556,0.233751,3.874036903,0.995011592,-7.82605825,5.987166463
11.01531,14.38872,2711.86,0.82396,0.658182,1.251872582,1.547927359,-8.557406536,5.69027881
11.18612,12.6716,3580.96,0.8028,0.550945,1.457132745,1.664202573,-8.628853114,5.582444406
19.42074,23.91897,6671.29,0.92884,0.173452,5.355026174,0.744934905,-7.595834138,6.112108123
10.35895,12.38686,3841.64,0.82446,0.541551,1.522405092,1.613949334,-8.557002548,5.606622953
19.10775,23.00775,5797.61,0.91786,0.214097,4.287122192,0.753424848,-7.755498009,6.115095284
11.24578,12.78376,2308.94,0.77438,0.860496,0.899922835,1.887806149,-8.929047366,5.540274534
9.01542,11.2368,4116.53,0.82192,0.526371,1.5614842,1.508815179,-8.552044392,5.569332721
16.58713,20.327,5270.01,0.88142,0.29587,2.979078649,1.247314459,-8.0625592,5.853414453
16.64323,19.96519,5258.84,0.9048,0.26341,3.434949319,1.032364278,-7.876970961,6.036507351
22.18499,25.35241,6706.63,0.92956,0.1675,5.54961194,0.722612602,-7.570098151,6.05822843
17.60886,22.27697,5805.85,0.91286,0.219275,4.163082887,0.853720917,-7.817930405,6.011602359
16.26741,20.31613,5157.92,0.88694,0.296171,2.994688879,1.173638318,-8.014930786,5.788979975
24.79685,27.33761,6808.72,0.92674,0.1686,5.496678529,0.76644904,-7.592193965,6.085289116
16.11443,21.7122,5310.64,0.8964,0.254303,3.524928923,0.856034799,-7.905241493,5.894989894
15.07372,18.65701,2980.44,0.86962,0.524606,1.657663084,1.070084524,-8.347974344,5.843357942
23.32763,26.39045,6937.67,0.93816,0.143089,6.556478835,0.651901363,-7.419167234,6.284336921
16.24679,22.14611,5309.88,0.89798,0.260244,3.45053104,1.081189968,-7.904596145,6.120925469
17.0349,20.28799,4489.69,0.88852,0.326776,2.719049135,0.972666502,-8.081707605,5.899391322
13.81287,17.06689,4587.4,0.83036,0.41121,2.019308869,1.354055743,-8.515364774,5.601878176
8.41552,10.60626,4463.58,0.81304,0.518307,1.56864561,1.631204618,-8.599707738,5.536494433
14.78514,22.62847,6449.51,0.90826,0.213488,4.254384321,0.897096917,-7.783521578,6.015825994
15.21082,17.9098,6182.18,0.92068,0.208333,4.419271071,0.73584706,-7.749225119,6.051087403
15.82918,20.10497,5907.86,0.88724,0.248329,3.572840868,1.132188558,-7.978485576,5.837845243
21.33892,23.67795,5715.96,0.90574,0.230777,3.9247412,0.93416673,-7.798703404,6.08573804
12.27362,15.5313,4938.54,0.87272,0.338116,2.581126004,1.194425996,-8.195954983,5.726151526
22.79589,25.18371,5674.91,0.91366,0.223476,4.088403229,0.869500995,-7.809680721,6.08205812
13.82871,15.54225,5303.49,0.88262,0.309334,2.853291264,1.120927988,-8.105840279,5.963494619
25.26609,28.25495,7020.55,0.93918,0.137293,6.84069836,0.641342153,-7.39466073,6.216587084
15.94396,23.0269,5044.44,0.89094,0.292917,3.04161247,1.08222542,-8.085607259,5.873495324
10.30053,13.62413,4308.52,0.83562,0.460097,1.81618224,1.511842823,-8.484009017,5.495632035
17.55589,23.17073,5536.52,0.91698,0.212758,4.309967193,0.890021827,-7.713270453,5.981646162
15.80588,23.05531,5814.77,0.91058,0.218125,4.174578797,0.875615395,-7.779629874,5.985859011
17.16235,19.33503,5065.48,0.88354,0.316978,2.787385875,1.228560836,-8.04833517,5.936397843
24.67052,26.55956,5429.03,0.91426,0.227248,4.023181722,0.89367635,-7.792324129,6.087676054
9.28949,13.47623,4666.77,0.82456,0.429274,1.920824462,1.752534872,-8.471217789,5.605846339
16.39094,19.74437,4030.91,0.85832,0.396513,2.164670515,1.065610686,-8.361381699,5.691315212
17.39944,19.84177,4719.94,0.89498,0.283684,3.154848352,1.005461583,-7.957775532,5.973595611
25.32634,28.11524,6734.2,0.93112,0.157292,5.919690766,0.729540404,-7.547164234,6.121614986
19.30413,21.83442,6477.19,0.91022,0.22516,4.042547522,0.886939641,-7.783524513,5.983411591
15.10964,21.23967,3102.61,0.8921,0.426706,2.090666642,0.895305817,-8.150715109,5.97486633
15.08418,21.17996,5666.33,0.89698,0.255174,3.515170041,0.985852339,-7.980019269,5.869646598
17.97449,21.77769,5533.66,0.88584,0.300162,2.951206349,1.17728228,-8.069917497,5.8620897
24.70363,27.1669,6450.35,0.91704,0.19044,4.815374921,0.872766124,-7.71748555,6.059825389
15.05393,18.58341,5508.31,0.86396,0.331971,2.602516485,1.244390311,-8.244104849,5.846704083
14.6571,20.79018,3249.93,0.8723,0.484738,1.799528818,1.120510462,-8.381237514,5.754309457
15.7368,20.41305,3922.54,0.88544,0.399304,2.217458378,1.042270362,-8.18743077,5.796989002
22.29311,28.09509,7089.83,0.94522,0.126771,7.456121668,0.573604422,-7.323860064,6.196552555
21.1625,22.85867,6112.79,0.90898,0.217486,4.179487415,0.933674651,-7.817773755,6.020311961
15.39478,17.36091,4751.48,0.85884,0.381461,2.251449034,1.508351635,-8.264719632,5.768202582
11.82721,14.01842,3511.78,0.84264,0.529527,1.591306959,1.43974504,-8.42547017,5.835610289
3.91173,7.08498,1029.87,0.60318,1.13886,0.529634898,3.753304186,-9.898113726,4.691336836
11.73795,12.48825,3019.62,0.81396,0.659492,1.234222705,1.469788647,-8.697512314,5.517462337
16.51006,19.67725,4133.11,0.8907,0.364388,2.444372482,0.999969713,-8.109912847,5.894996714
11.29565,14.17803,3593.62,0.81856,0.544863,1.502322602,1.461807999,-8.606500187,5.499175212
16.81366,22.70457,5111.28,0.9119,0.235827,3.866817625,0.758501202,-7.790387212,6.034783965
28.19328,29.2693,2937.14,0.82528,0.546284,1.510716038,1.399567081,-8.540866024,5.66422274
13.49628,15.91493,4565.76,0.86666,0.379072,2.286267516,1.317498746,-8.235921418,5.862401426
26.28607,28.83612,6688.02,0.9305,0.162722,5.718341712,0.707099395,-7.552571923,6.226540972
15.89499,21.26531,5820.77,0.89634,0.246812,3.631671069,1.041738459,-7.948925476,5.930143801
16.68161,21.45661,5667.75,0.90996,0.236288,3.851063109,0.853577729,-7.835728319,5.95354833
27.81292,29.94386,3290.34,0.83612,0.508358,1.644746419,1.570809461,-8.474592494,5.748587866
14.70788,19.57384,4073.18,0.88784,0.380316,2.334479748,1.026040849,-8.18062098,5.793730205
25.96246,28.57485,7062.13,0.92668,0.173586,5.338448953,0.787433072,-7.619271836,6.135045493
26.30174,28.21328,7187.9,0.92932,0.160493,5.790408304,0.734133086,-7.569152488,6.205951483
11.62079,15.24327,4897.17,0.85926,0.366832,2.342380163,1.318916617,-8.270071071,5.649781011
13.97357,16.99144,5172.88,0.87618,0.308462,2.84047954,1.182869625,-8.122558639,5.805507946
29.3798,30.75291,3461.33,0.83612,0.482994,1.731118813,1.4548198,-8.432135706,5.732520372
10.68312,13.87641,4018.94,0.81988,0.467317,1.754440776,1.531608923,-8.504017915,5.697098314
12.29235,13.72672,4053.68,0.8258,0.474527,1.740259248,1.607545458,-8.527734141,5.628938876
21.53913,23.02686,5192.54,0.88488,0.287464,3.078228926,1.218272215,-8.082790663,5.804424916
21.58161,25.70535,4759.36,0.92048,0.236639,3.889806837,0.743876349,-7.736419696,6.13800737
19.4385,22.53927,6138.04,0.9141,0.22199,4.117753052,0.832233709,-7.806364917,6.068693682
17.51178,19.91658,5278.79,0.8874,0.286957,3.092449391,1.097085939,-8.01021654,5.875463816
15.43843,20.30349,5393.58,0.88794,0.278938,3.183288043,1.137435577,-8.029197752,5.822218924
16.79229,21.619,5802.57,0.90788,0.221524,4.098336975,0.994195777,-7.806290363,6.055057951
5.1718,8.91802,1755.08,0.66274,1.11867,0.59243566,3.275788865,-9.31651903,5.096218844
16.72391,18.5016,5599.97,0.87494,0.304685,2.871621511,1.269005329,-8.156492571,5.824796122
22.1869,26.34789,6501.84,0.9309,0.166388,5.594754429,0.709681186,-7.5634578,6.112180288
17.18972,23.55916,6296.27,0.91932,0.189825,4.842986962,0.819601252,-7.735632964,5.978317722
11.17281,13.9408,3241.34,0.82064,0.596239,1.376360822,1.549575461,-8.614794407,5.597504583
8.8431,14.54847,5215.83,0.83298,0.391196,2.129316251,1.730534014,-8.411965598,5.736617376
11.7788,13.82621,3244.18,0.8216,0.607367,1.352724135,1.582414852,-8.612330455,5.671921058
19.45585,23.78783,6476.06,0.92424,0.186262,4.962042714,0.726206077,-7.681345764,6.073579878
15.75681,18.61603,2828.62,0.85728,0.558744,1.534298355,1.18372212,-8.44806747,5.811365816
16.11243,20.09758,4174.61,0.87882,0.371749,2.364014429,1.188138729,-8.127062379,5.943628722
22.06863,25.72801,6599.05,0.93064,0.166788,5.579777922,0.704727732,-7.540141428,6.100795555
17.44658,20.75417,5403.36,0.90856,0.236331,3.844438521,0.979342505,-7.829247533,6.033733045
11.74951,14.28602,4793.42,0.85042,0.38055,2.234712916,1.398743651,-8.327643481,5.670672417
15.85918,21.76153,5679.5,0.90492,0.230168,3.931563032,0.937221261,-7.853119954,5.861422793
18.28391,22.15257,5811.97,0.91966,0.199945,4.59956488,0.84378101,-7.658672699,5.983638562
10.41326,13.06477,3523.07,0.80002,0.573776,1.394307186,1.646726126,-8.706554827,5.5017698
16.49929,20.95147,5698.14,0.91092,0.228315,3.989751002,0.916734412,-7.785017842,6.020571146
11.96591,15.52855,4859.35,0.86502,0.347306,2.490656654,1.234454054,-8.182928417,5.864148672
18.90133,21.46608,5643.82,0.88398,0.296462,2.981764948,1.234202138,-8.104233868,5.825382565
20.52476,24.43781,6201.93,0.91194,0.213094,4.279519836,0.916635037,-7.798879151,6.033593735
16.1301,20.31643,5557.39,0.8898,0.26836,3.315695335,1.031141193,-8.002592677,5.799271408
11.554,14.07275,3259.24,0.8079,0.589431,1.370643892,1.757891339,-8.735009322,5.576990657
14.76215,18.12098,5244.63,0.87216,0.324634,2.68659475,1.32350776,-8.178107807,5.746713628
9.29156,16.22431,4179.79,0.83246,0.459337,1.812307739,1.452299062,-8.465818212,5.656517836
11.32306,13.48943,3779.34,0.81884,0.538952,1.519318975,1.460993859,-8.548785623,5.591480359
22.08337,24.90713,6674.74,0.92582,0.178953,5.173537186,0.743947601,-7.588143032,6.086668189
10.80472,12.95327,3332.26,0.80162,0.611765,1.310339755,1.843819305,-8.767123479,5.51578726
18.53075,20.62081,5344.28,0.90564,0.256369,3.53256439,0.891564913,-7.878144852,5.94112826
17.43793,22.95259,5898.13,0.9143,0.200285,4.564994882,0.952256364,-7.659401074,6.076380374
24.59687,27.09777,6025.07,0.9163,0.206115,4.445576499,0.874669899,-7.772065434,6.124516737
15.99798,20.86544,5544.8,0.90256,0.256601,3.51736743,1.009933147,-7.868603506,6.10847942
22.11949,24.16439,6447.37,0.9166,0.201122,4.557432802,0.856619868,-7.734320907,5.991390843
17.98953,23.63541,6303.39,0.92444,0.177162,5.218049017,0.829201035,-7.61005561,6.094307785
26.80972,30.78525,6520.12,0.93936,0.143671,6.538271467,0.579943862,-7.389652372,6.047966946
21.63714,24.05291,5920.94,0.9124,0.219109,4.164137484,0.899596162,-7.805928573,6.079453066
18.33678,20.92087,5099.6,0.87666,0.300767,2.914747961,1.217860831,-8.126904016,5.852345276
18.43645,22.53001,6462.76,0.9206,0.18631,4.941226987,0.806326625,-7.688101773,5.977079118
12.73947,16.32003,4900.24,0.87002,0.345161,2.520620812,1.26333728,-8.199856613,5.76309286
21.16438,24.24407,6264.14,0.91266,0.207781,4.392413166,0.906407328,-7.737481229,6.071762367
14.96653,22.88348,6023.73,0.90598,0.217469,4.166019065,0.874172585,-7.802666325,5.942248148
18.43897,22.89227,6116.59,0.92136,0.189419,4.864137177,0.749343953,-7.700952884,6.167275415
10.81192,12.88199,3953.42,0.80368,0.531401,1.51237954,1.645147111,-8.636722748,5.617444272
19.0436,21.99113,6406.75,0.90482,0.244554,3.699878146,0.980360531,-7.880316659,5.890188614
20.15789,22.38899,6196.54,0.91832,0.198116,4.635264189,0.795003316,-7.713611943,5.991707886
17.61225,20.48311,5715.04,0.89378,0.26144,3.418681151,1.085231872,-7.974510085,5.831414716
22.34684,24.5914,5176.65,0.9112,0.248331,3.669296222,0.876906237,-7.835797385,5.979785434
15.2589,21.34867,6628.22,0.9146,0.201401,4.541188971,0.859867659,-7.760380616,6.070471069
15.0281,19.4406,5649.84,0.90504,0.245565,3.685541506,0.888138947,-7.878808771,6.117676311
15.90379,20.29013,5676.57,0.88774,0.260907,3.402515072,1.132521604,-8.016504119,5.865101106
18.01134,23.07065,6300.71,0.91774,0.196674,4.666300579,0.83478893,-7.735588075,6.00523927
17.52803,22.00755,5070.33,0.90584,0.261171,3.468378955,0.926634294,-7.90000145,5.980117759
14.40153,18.33735,4810.76,0.85718,0.357453,2.398021558,1.398501919,-8.260205576,5.810517259
15.71279,20.3633,6011.18,0.89438,0.257784,3.46949384,1.046371304,-7.935365719,5.938997055
22.22904,24.37849,6371.94,0.9146,0.200575,4.559890315,0.890720801,-7.76328319,5.948189272
11.00552,14.18857,2660.8,0.81766,0.695757,1.175209161,1.548175455,-8.665430379,5.562249927
14.2823,20.52219,5183.9,0.86736,0.308225,2.814048179,1.069538022,-8.177487045,5.790794049
19.30547,24.07049,6586.61,0.92676,0.176492,5.251002878,0.769369953,-7.584945253,6.11562898
13.22654,15.60476,5270.44,0.87518,0.318285,2.749674034,1.16374693,-8.174328256,5.792321776
18.79134,23.40052,6284.18,0.92444,0.178436,5.180793113,0.823183297,-7.608614689,6.154539079
22.43177,27.47156,6921.74,0.93948,0.140015,6.709852516,0.646888164,-7.429043821,6.1286446
9.50354,16.81784,4425.99,0.83046,0.421645,1.969571559,1.803882287,-8.404460603,5.676720376
16.79909,21.41388,5176.77,0.90528,0.256159,3.534055021,0.99606583,-7.874551196,5.967251515
14.1953,17.94484,5392.44,0.89854,0.279636,3.213248652,0.913474407,-7.937807596,5.972190518
15.92669,20.36009,5641.82,0.89696,0.253571,3.537313021,0.996195896,-7.961566501,5.947738701
19.16124,23.2003,6310.94,0.9141,0.214507,4.261399395,0.838785553,-7.783779209,6.058148882
11.36863,14.53136,3844,0.82062,0.495353,1.656636782,1.521557139,-8.515101306,5.641213701
10.00412,14.3107,4007.52,0.81652,0.508137,1.606889481,1.805293905,-8.538800564,5.643778406
16.20228,22.89713,5563.92,0.90058,0.242605,3.712124647,1.149715357,-7.80345845,6.072630086
22.17527,26.65829,6932.3,0.93876,0.140444,6.684230013,0.643808846,-7.417044764,6.177866454
17.12574,20.55109,5622.95,0.89896,0.25122,3.578377518,0.93526933,-7.933732612,5.965801687
12.61026,15.23716,3868.34,0.86132,0.444071,1.939599749,1.266101555,-8.33131392,5.71485108
15.58186,18.2009,5769.07,0.86816,0.300251,2.891447489,1.327103756,-8.138567598,5.854392976
16.29648,22.77961,5688.34,0.90314,0.234013,3.859358241,1.079926344,-7.816559467,6.118194123
11.49812,14.23995,5553.69,0.85988,0.336281,2.5570282,1.366329189,-8.191605015,5.790505579
25.23708,28.32546,6497.09,0.93424,0.15569,6.000642302,0.685836028,-7.499285142,6.100883805
22.06863,25.72801,6599.05,0.93064,0.166788,5.579777922,0.703202058,-7.572229888,6.154038457
15.59752,20.69335,5465.16,0.9023,0.258536,3.490036204,0.989456733,-7.889721522,6.042935693
16.71748,20.52068,6178.6,0.9155,0.205195,4.461609688,0.81142392,-7.76049435,5.985319228
26.58185,31.11101,7606.86,0.9555,0.100406,9.516363564,0.473988513,-7.105971588,6.313557028
10.49795,12.98846,3729.39,0.79792,0.53104,1.502561012,1.744360838,-8.626099769,5.451765198
19.46941,23.48439,6593.56,0.92652,0.177551,5.218331634,0.767340589,-7.600204776,6.119689207
8.62884,14.31456,4610.46,0.81516,0.455139,1.791013295,1.79102713,-8.521043237,5.632735856
8.87612,10.64214,3594.07,0.78762,0.593178,1.327797052,1.977338401,-8.747434657,5.622497988
12.40234,14.48294,4142.07,0.8349,0.48408,1.724714923,1.462991666,-8.528983173,5.658904566
11.31288,13.23855,3143.57,0.8304,0.590577,1.406082526,1.397962487,-8.590252973,5.730333087
13.10949,16.65295,4225.25,0.83586,0.417051,2.004215312,1.279022567,-8.429271335,5.579082247
16.5673,20.88805,4811.91,0.89716,0.292178,3.070593953,0.847589058,-7.979580023,5.905725115
26.50331,28.63151,6770.5,0.93146,0.16639,5.598052768,0.693220495,-7.553285223,6.185488068
24.1918,28.5459,6653.25,0.93248,0.157659,5.914537071,0.725012947,-7.499552722,6.182558454
21.15183,25.90395,6845.69,0.93818,0.150079,6.251241013,0.649880755,-7.494974487,6.037466836
19.09956,22.06123,6392.73,0.90376,0.243547,3.710823783,0.985398288,-7.89243417,5.842444691
26.5429,29.10999,7207.87,0.94326,0.131473,7.17455295,0.613575513,-7.358071798,6.248880071
12.22152,14.37488,3989.61,0.83808,0.475217,1.763573273,1.389931544,-8.446286396,5.684512964
6.20961,10.29122,2672.66,0.7165,0.83991,0.853067591,2.439780493,-9.070661362,5.284885564
11.18777,18.95079,5625.12,0.87032,0.299706,2.903912501,1.392550689,-8.16522094,5.755708587
21.91805,25.95427,6490.87,0.92694,0.17258,5.371074284,0.742189795,-7.612328486,6.147322302
19.37373,24.93812,6834.86,0.9354,0.154775,6.043611694,0.641684168,-7.490177639,6.166676436
19.43056,23.24373,6125.32,0.91446,0.222513,4.109692467,0.834961923,-7.786314761,6.055915547
21.99837,24.69379,6464.44,0.91898,0.196758,4.670610598,0.840355452,-7.724857472,6.030463185
6.48935,11.28012,3095.63,0.72502,0.679998,1.066209018,2.246855253,-9.0651706,5.215439473
16.14714,18.96353,4803.26,0.85492,0.378913,2.256243518,1.192777405,-8.329600232,5.700728958
19.33084,22.37393,6212.71,0.91306,0.219811,4.153841255,0.866657994,-7.80731149,6.007815146
19.43271,21.77625,6317.76,0.91152,0.213999,4.259459156,0.885561313,-7.840022757,6.044503322
20.52719,25.73202,7128.51,0.94172,0.137702,6.83882587,0.581774954,-7.408174158,6.299775165
17.28216,19.40742,5528.12,0.87972,0.295919,2.972840541,1.305804668,-8.103454046,5.839087144
21.63381,25.68519,4764.06,0.9204,0.236379,3.893746906,0.733491048,-7.742027943,6.104342532
10.07391,11.60141,3624.29,0.7977,0.576196,1.384424744,1.919042397,-8.68560694,5.61304152
16.42033,19.0028,5256.15,0.87812,0.312207,2.812621114,1.157720721,-8.156301025,5.881420082
17.63613,21.70216,6120.14,0.90992,0.216551,4.201873923,0.919289092,-7.810398246,6.081976706
14.4513,17.69342,4473.28,0.83426,0.406293,2.053345738,1.325098688,-8.461736836,5.535193539
15.81088,18.45842,5464.78,0.86364,0.316181,2.731473428,1.33669432,-8.212278744,5.757532174
15.30087,19.57348,5470.07,0.88884,0.278669,3.189590518,1.126199444,-7.995155319,5.93284482
16.07587,23.29068,5950.41,0.9103,0.218391,4.16821206,1.003896043,-7.73933224,6.018759505
11.63652,15.4719,3387.12,0.8446,0.565223,1.49427748,1.175657714,-8.511051669,5.752855996
9.62964,13.78899,4445.03,0.82704,0.45045,1.836030636,1.625853479,-8.480397477,5.643940215
11.27528,12.61517,4565.61,0.82596,0.424089,1.947610054,1.550980382,-8.453500997,5.707874767
14.81982,19.17614,4943.56,0.87922,0.314976,2.79138728,0.973294153,-8.135236449,5.883382106
17.67618,21.52646,6095.09,0.9128,0.205605,4.439580749,0.89231219,-7.781630854,6.073176634
13.94699,18.40197,4573,0.83508,0.402217,2.076192702,1.365491362,-8.467431264,5.554385058
11.08949,14.28103,3625.82,0.83434,0.524675,1.590203459,1.538773716,-8.503094582,5.645622436
22.43015,23.77831,6229.02,0.9107,0.211613,4.303610837,0.886104754,-7.794422398,5.95176765
26.57669,29.39421,6419.44,0.92816,0.17258,5.37814347,0.719653399,-7.575017957,6.101805741
10.75074,14.01078,3921.07,0.84668,0.470519,1.799459746,1.365827132,-8.448207949,5.651761414
8.47806,9.56369,3077.52,0.7884,0.739376,1.06630456,1.695039198,-8.820181241,5.566951493
28.01826,29.80435,6878.27,0.92986,0.160468,5.794675574,0.711648492,-7.583831392,6.086027173
10.57428,12.27271,4650.06,0.8419,0.434478,1.937727572,1.535677167,-8.361193761,5.698300552
10.26181,12.0695,5090.72,0.85818,0.382005,2.246515098,1.349227727,-8.288911014,5.821556987
21.37691,25.72883,6510.62,0.92776,0.171552,5.408039545,0.782693347,-7.581614219,6.093654842
11.44254,14.17323,3998.48,0.8438,0.448122,1.88296937,1.388724123,-8.386878571,5.769645867
11.62517,14.1624,4653.93,0.84096,0.387183,2.171996188,1.518700386,-8.360490497,5.544748971
29.7526,31.46845,3388.73,0.85482,0.462918,1.846590541,1.311838256,-8.385879197,5.750145658
18.3089,22.13011,5940.94,0.92322,0.196369,4.701454914,0.803039937,-7.677676227,6.035254266
11.91485,14.86072,3297.46,0.80838,0.562743,1.436499432,1.649174577,-8.677380691,5.587495038
16.74796,20.58132,5037.66,0.89058,0.297,2.998585859,1.14146719,-7.983768441,5.897531769
15.20644,17.98123,4358.4,0.86866,0.366395,2.370829296,1.234585582,-8.256341144,5.780513614
9.4926,11.16269,3049.37,0.78912,0.744759,1.059564235,1.893509213,-8.802632329,5.589656705
17.62117,21.12561,6060.51,0.90582,0.230094,3.936738898,0.948799311,-7.860307059,5.920348514
16.4628,22.02037,5924.76,0.91204,0.216166,4.219164901,0.852094107,-7.800566768,6.027099452
11.38014,12.7119,4728.42,0.85802,0.418433,2.050555286,1.325676956,-8.320305994,5.828713595
11.93343,15.15336,4291.25,0.84094,0.404381,2.079573472,1.387671791,-8.285709757,5.822234332
14.92491,17.60901,4669.6,0.88168,0.348777,2.527918985,1.151869339,-8.148579529,5.822753103
11.82977,14.60798,4814.49,0.84382,0.379824,2.221607903,1.551210194,-8.313516797,5.483385741
18.23089,21.3138,5082.69,0.8741,0.311779,2.803588439,1.375153666,-8.093943622,5.814691181
17.40157,18.41707,5935.92,0.91634,0.231924,3.951035684,0.780463654,-7.832880863,6.019369589
26.46835,28.51482,7123.38,0.93076,0.160504,5.798983203,0.725027527,-7.548322742,6.099321379
13.77235,15.61674,4954.37,0.86604,0.348956,2.481802863,1.354241164,-8.204188257,5.790104814
12.64741,15.14773,5291.31,0.86588,0.335333,2.582149684,1.303744257,-8.228455569,5.899405087
10.93492,13.63539,4565.51,0.83978,0.426652,1.968302035,1.43944595,-8.420969488,5.713814298
14.25359,18.91839,4824.93,0.87692,0.330796,2.650938947,0.973247752,-8.135531591,5.884932485
21.87894,23.38605,5120.36,0.90574,0.259847,3.485666565,0.950957778,-7.913307359,5.954263856
13.26005,20.59075,6066.2,0.88942,0.248006,3.586284203,1.14196551,-8.000415939,5.882785549
12.1463,14.62683,4398.97,0.84652,0.416878,2.030618071,1.441994959,-8.365378497,5.78221421
11.71452,13.61606,4416.07,0.83096,0.466466,1.781394571,1.669448702,-8.493763919,5.71458864
27.48589,30.29303,7092.33,0.9435,0.128427,7.346585998,0.597128539,-7.329382319,6.157276543
21.74773,25.90871,6377.95,0.92564,0.175312,5.279958018,0.781447664,-7.616893656,6.033176183
15.77957,20.46736,5329.93,0.8987,0.266302,3.374739957,1.018122863,-7.90754324,5.985563401
10.56936,14.10966,5037.66,0.83936,0.384597,2.182440321,1.736529165,-8.36917752,5.729951159
27.00872,28.93976,5718.07,0.92706,0.19622,4.724594843,0.740880937,-7.655015022,6.209121711
18.13879,21.50117,5238.42,0.89312,0.264078,3.382031067,1.112476142,-7.971383398,5.954766307
24.7549,28.20395,6803.91,0.93394,0.148054,6.3081038,0.702326607,-7.488823852,6.126869932
16.64471,21.23369,5322.9,0.9044,0.254684,3.551067205,1.011253301,-7.867287165,6.024842827
14.29428,21.87942,4616.79,0.88606,0.312589,2.83458471,0.952105339,-8.061580876,5.882498724
15.03675,19.89397,3025.16,0.88156,0.476362,1.85060941,1.011103176,-8.221798816,5.786262286
16.97345,20.66765,5765.82,0.89622,0.257211,3.48437664,1.064145203,-7.966301238,5.825903521
13.73591,16.38727,5611.9,0.89304,0.283879,3.14584735,0.93568871,-7.998173487,5.89925015
14.3875,18.44957,4877.23,0.87996,0.326387,2.696063262,1.187171441,-8.146985288,5.875579395
16.40615,20.19866,5633.15,0.8958,0.266185,3.365328625,1.009324368,-7.976145496,5.946484111
16.97104,20.31303,5765.05,0.8994,0.253034,3.554463037,0.954975642,-7.956425287,5.94803156
11.22128,13.36546,3971.29,0.8316,0.479575,1.734035344,1.441585217,-8.455920611,5.702041062
15.87599,16.78369,3175.21,0.83222,0.536398,1.551497209,1.374967246,-8.447528899,5.762511727
16.72692,21.13332,5583.9,0.90686,0.229121,3.957995993,1.009132711,-7.810351951,6.006073313
7.87527,13.95218,2454.28,0.77586,0.836267,0.927765893,1.727891585,-8.877830317,5.643608104
20.27434,25.63032,7053.73,0.94104,0.136858,6.876032092,0.594394731,-7.423087478,6.153486124
16.92963,20.10816,5059.76,0.8961,0.269543,3.32451594,0.994166383,-7.937996794,5.915518047
21.98918,25.22186,5910.82,0.91242,0.217576,4.193569144,0.859599869,-7.774293376,6.100454467
14.52358,19.51283,5369.28,0.8847,0.293687,3.012390743,0.950884989,-8.053237464,5.889778544
19.3891,24.53408,6822.93,0.93296,0.165132,5.649783204,0.674628818,-7.495744337,6.076089196
13.29258,15.50154,4548.68,0.85574,0.389684,2.195984439,1.254419307,-8.325064296,5.742712584
15.59756,18.14275,3720.55,0.86164,0.479051,1.798639393,1.239298158,-8.403965857,5.83901712
24.44442,26.84576,6235.7,0.91852,0.19472,4.717132293,0.842141225,-7.69486964,6.024166032
17.56256,21.00618,5960.75,0.90626,0.232664,3.89514493,0.93633269,-7.899313294,5.883598248
26.43899,28.62178,6837.42,0.931,0.160985,5.783147498,0.719488473,-7.525088825,6.193655509
24.02461,27.50304,3262.75,0.84068,0.409825,2.051314585,1.451518214,-8.318025536,5.827206781
29.09948,31.5638,4777.85,0.89668,0.261798,3.425083461,1.027540433,-7.844545503,5.995920227
37.58527,40.87415,3559.12,0.9564,0.152698,6.263343331,0.380085915,-7.167892934,6.557224291
11.71093,19.55677,4578.5,0.86904,0.371674,2.338178081,1.229466352,-8.209443051,5.831120802
33.26008,40.4499,4827.72,0.93376,0.170812,5.466594853,0.667421018,-7.433042692,6.260847395
19.27005,20.84026,2393.68,0.78264,0.614745,1.273113242,1.801872961,-8.667795244,5.353920016
40.27187,45.93717,4197.12,0.96824,0.108077,8.958797894,0.33772047,-6.879939036,6.559839819
34.30052,38.28348,3844.84,0.94768,0.166018,5.708296691,0.477481527,-7.277773136,6.403774948
38.94432,46.00985,4780.07,0.96096,0.105064,9.146425036,0.350882151,-6.908893602,6.566209831
10.61705,15.38008,4835.87,0.82286,0.40412,2.036177373,1.756871028,-8.452674886,5.618236028
34.16756,38.04426,4363.1,0.94396,0.150573,6.269118633,0.460239973,-7.238764791,6.270362979
21.64681,23.72432,2325.46,0.81182,0.578566,1.403158844,1.584542427,-8.590784345,5.721128066
24.51849,28.65973,2256.22,0.80716,0.538338,1.499355424,1.491550994,-8.500856695,5.61810031
34.10503,38.48573,3921.47,0.94836,0.162315,5.842713243,0.486340516,-7.23948836,6.312718877
30.32085,31.22149,3444.35,0.87546,0.352893,2.48080863,1.145712479,-8.052445307,5.956358657
31.48256,35.46368,4396.81,0.90456,0.241056,3.752489048,1.066877725,-7.770061506,6.037488621
31.51019,37.43248,4993.61,0.9436,0.132484,7.122369494,0.551114846,-7.225476908,6.397629656
33.57233,35.89518,2836.98,0.87984,0.393303,2.237053874,1.070246556,-8.132289214,5.950090755
27.30067,29.95727,3704.78,0.86268,0.335627,2.570353398,1.158226172,-8.129176946,5.954572169
30.54052,34.22639,4671.06,0.90964,0.229279,3.967393438,0.915057643,-7.725298135,6.147471246
34.30355,36.6978,3932.18,0.8898,0.287053,3.099776,1.090338808,-7.916952222,6.166438241
39.56575,44.62964,2754.44,0.95186,0.192702,4.939543959,0.375106224,-7.252346012,6.523428057
29.38648,30.76996,3421.35,0.8608,0.350679,2.454666518,1.21705985,-8.074460925,5.969413993
30.93895,36.47714,4518.24,0.94526,0.15023,6.292085469,0.497508373,-7.262653275,6.328178321
23.73271,25.12034,2931.05,0.82528,0.480659,1.716976068,1.44652324,-8.40500105,5.717254439
25.40334,31.31604,6290.24,0.94884,0.128802,7.366655797,0.55408046,-7.250866164,6.313822317
27.21709,30.94397,3676.24,0.86474,0.342996,2.521137273,1.173076877,-8.120221789,5.848803259
33.09194,37.51237,4550.9,0.94694,0.142159,6.661132957,0.463961127,-7.218905739,6.360675988
32.75663,37.16115,4711.46,0.90978,0.222791,4.083558133,1.026312232,-7.69783097,6.113878664
38.04667,44.75881,5705.64,0.96942,0.0811065,11.95243291,0.361495627,-6.787259431,6.60189162
9.37787,15.86037,3930.4,0.83188,0.489989,1.697752399,1.412754723,-8.506284222,5.620142548
24.47676,28.44483,4940.17,0.9236,0.194049,4.75962257,0.758477586,-7.570803547,6.131690165
31.36875,36.81142,4809.11,0.95096,0.135008,7.043730742,0.50412502,-7.219166301,6.485796678
10.10065,15.11852,4022.56,0.82966,0.490209,1.692461787,1.460397032,-8.494049408,5.680265243
31.42322,33.65842,2885.02,0.8805,0.391841,2.247084915,1.014976529,-8.095419511,6.0554996
25.76811,28.10783,3590.45,0.86636,0.362455,2.390255342,1.162642959,-8.129895152,6.000997705
39.34474,41.98919,4189.79,0.91336,0.235173,3.883779175,0.787550307,-7.705892441,6.078929736
30.84556,37.07235,4875.56,0.95242,0.133005,7.160783429,0.5119798,-7.191000967,6.377308185
18.06632,19.1665,2411.05,0.77452,0.603365,1.283667432,1.941284072,-8.723323529,5.541884829
35.03669,38.25325,4665.1,0.9471,0.137846,6.870710793,0.457243577,-7.210942035,6.406199309
30.67827,35.18819,4439.64,0.94218,0.159745,5.898024977,0.489689098,-7.306987127,6.342904591
39.80204,45.97636,4501.01,0.96222,0.112853,8.526312991,0.364511481,-6.971280596,6.53496664
29.62342,31.60867,3861.1,0.88022,0.311363,2.826989719,1.050302433,-7.965191495,5.999224649
31.86938,37.64627,5109.47,0.94944,0.12636,7.51377018,0.542033033,-7.150291245,6.44827928
25.18671,31.35855,4478.45,0.92818,0.186436,4.978544916,0.595844431,-7.488083716,6.274554592
24.76315,25.68864,2808.47,0.82606,0.465075,1.776186637,1.440180436,-8.444773467,5.624541516
41.32298,44.64291,5056.25,0.95838,0.10246,9.353699004,0.391550841,-6.948948171,6.456273593
16.53649,20.39452,4908.43,0.90118,0.261501,3.44618185,0.986971834,-7.898946976,5.938541412
28.4862,30.24529,3944.63,0.87208,0.311528,2.799363139,1.139027131,-8.076881414,5.897360757
26.8622,32.15233,5342.96,0.94852,0.131972,7.187282151,0.572866153,-7.201011444,6.370128122
12.55372,16.20632,1701.29,0.71984,0.994813,0.723593278,2.582002732,-9.096005129,5.438442112
22.04397,22.73883,2930.3,0.8212,0.484662,1.6943767,1.672049375,-8.470226768,5.754283518
20.82103,22.84235,2920,0.81794,0.484283,1.688971118,1.586032251,-8.495816524,5.52606377
34.68964,37.6833,3224.81,0.88612,0.307131,2.885153241,1.004237717,-7.954088868,5.92864971
26.24405,29.23504,2712.31,0.8328,0.461267,1.805461913,1.510707221,-8.401786499,5.668204597
32.04673,33.97212,3511.29,0.88466,0.331294,2.670316999,1.188645045,-7.993586785,5.998852144
38.02645,42.22554,5610.26,0.95746,0.111246,8.606691477,0.425602158,-7.051987569,6.530343918
31.63286,35.56422,4447.02,0.89874,0.25954,3.462818833,1.025243387,-7.87050143,6.022641843
32.99296,37.74189,4978.7,0.95238,0.1275,7.469647059,0.513930098,-7.163942852,6.366389627
23.09253,24.44927,4367.83,0.8937,0.289318,3.088988587,1.001503994,-7.950172837,6.033466405
37.2963,44.00818,5629.98,0.967,0.0829595,11.65629012,0.37050321,-6.78807015,6.576964437
30.24209,32.13756,3672.37,0.87876,0.31973,2.748444,1.015168223,-8.034263864,6.027931529
31.78102,33.49842,3882.78,0.87646,0.310308,2.824484061,1.075281996,-8.034640422,5.980399675
37.41192,38.20734,4002.68,0.9003,0.271631,3.314422875,0.898006836,-7.872784417,6.026316557
20.90069,22.84228,2158.22,0.77284,0.59039,1.309033012,2.016444942,-8.7119699,5.603348501
24.76802,26.79925,2925.44,0.8273,0.448691,1.843807877,1.494387047,-8.404760728,5.682909022
40.58596,44.17945,4578.1,0.95694,0.113003,8.468270754,0.374621816,-6.982177869,6.483683893
24.95128,25.88067,2499.13,0.82556,0.515526,1.601393528,1.396364022,-8.449068556,5.726224599
34.5455,42.82617,4475.9,0.95882,0.119035,8.054941824,0.371766431,-7.016157411,6.564640384
26.29312,33.75133,5217.41,0.94668,0.149205,6.344827586,0.580612722,-7.301719368,6.447384869
32.2573,35.24927,3817.29,0.88666,0.298464,2.97074354,0.984075912,-7.944779638,5.951292865
19.30132,20.81668,2463.82,0.78582,0.577629,1.360423386,1.752178757,-8.684525194,5.606681055
23.94407,28.34652,4697.93,0.94168,0.164718,5.716922255,0.516898399,-7.364903677,6.477565528
22.85767,27.80463,4532.68,0.91254,0.215524,4.23405282,0.715345125,-7.657778416,6.211818437
33.45003,39.11232,5052.02,0.95286,0.11943,7.978397388,0.53996243,-7.09807363,6.439397868
42.08167,45.50777,4101.05,0.94144,0.178534,5.273169256,0.54135681,-7.350511098,6.308329482
32.82242,35.77184,4512.59,0.92464,0.199024,4.645871855,0.646261316,-7.516073688,6.262251917
25.49062,26.0321,2336.37,0.82292,0.54644,1.505965888,1.480889186,-8.484744673,5.949953625
21.86554,23.43689,3489.66,0.84126,0.416929,2.017753622,1.530490221,-8.333066204,5.800246175
28.14988,31.87923,4907.07,0.93674,0.170667,5.488700217,0.727100199,-7.419756683,6.298579839
19.54382,25.99258,6229.15,0.91172,0.211294,4.314935587,0.960815479,-7.754608759,6.023789313
27.3232,31.00421,4746.81,0.93386,0.176523,5.290302114,0.677341106,-7.45791196,6.336386659
24.58614,27.14808,3994.08,0.87004,0.353363,2.462170629,1.223327268,-8.097399541,5.870412831
33.97258,36.01515,3639.56,0.90548,0.276377,3.276249471,0.865159956,-7.812440692,6.132292438
21.11144,23.0005,3156.76,0.81148,0.476765,1.702054471,1.952201193,-8.459091788,5.717246174
31.69131,36.29505,4413.22,0.95036,0.143264,6.633627429,0.439076989,-7.211042433,6.297124771
32.69651,35.19795,2674.89,0.93444,0.256555,3.642259944,0.510598422,-7.54645369,6.312847405
27.491,30.59189,4245.87,0.88394,0.296895,2.977281531,1.117701051,-8.02988723,5.938136718
26.75622,32.15597,4367.25,0.93882,0.176165,5.329208413,0.546837108,-7.382111679,6.280315475
29.49165,31.58794,4169.52,0.8827,0.30023,2.940079273,1.286913174,-7.965453253,5.938305839
36.09277,37.55207,4012.66,0.88556,0.274799,3.22257359,1.116151127,-7.915370221,6.015842407
37.49101,44.54123,4568.78,0.96336,0.109601,8.789700824,0.363415117,-6.902626621,6.522962491
22.437,26.43852,4594.84,0.91914,0.218792,4.20097627,0.7733429,-7.64978662,6.162105722
35.87214,39.63883,5092.11,0.9593,0.107038,8.96223771,0.384001396,-6.9849909,6.471640226
34.96753,44.11335,5861.96,0.96162,0.0955787,10.06102824,0.442920734,-6.924198353,6.512268488
31.69391,35.645,4816.13,0.95078,0.131793,7.214191953,0.494207935,-7.156137446,6.440273116
29.44337,32.71646,3668.6,0.89314,0.318978,2.800005016,1.039420752,-7.929241213,6.181923105
31.38441,36.5597,5983.99,0.96362,0.0931565,10.34409837,0.389733341,-6.955341198,6.523847525
28.66129,33.94611,3940.95,0.94088,0.189284,4.97073181,0.560496455,-7.427643254,6.391820797
35.21651,36.87232,2795.59,0.87618,0.377965,2.318151152,1.102183825,-8.091062377,5.937514555
22.63544,24.05514,3661.76,0.8487,0.410586,2.067045637,1.425141696,-8.224465007,5.850610043
19.07281,21.23754,3211.82,0.81788,0.498881,1.639429042,1.676975002,-8.452328477,5.600724672
31.17198,33.05248,3506.08,0.90518,0.287324,3.150380755,0.853163519,-7.848380298,6.009177847
13.11852,16.39554,3560.25,0.83092,0.464936,1.787170707,1.504525737,-8.431455179,5.739556151
23.65088,25.86624,3974.7,0.85468,0.363656,2.350243087,1.348265142,-8.235820154,5.728631106
22.54209,26.20435,3973.29,0.86282,0.361363,2.387682192,1.345356262,-8.170365092,5.868586023
25.24664,26.7942,2748.55,0.83416,0.464427,1.796105739,1.381582955,-8.388756371,5.767102216
28.93206,31.95037,2867.49,0.87626,0.411559,2.129123649,0.997726475,-8.145137019,5.93632544
26.54905,29.45229,3803.41,0.87174,0.335565,2.597827545,1.156808584,-8.076651341,5.863656618
28.39992,29.86695,2686.81,0.83338,0.438342,1.901209558,1.378075254,-8.360429402,5.717584148
31.04975,32.77047,4327.92,0.88608,0.274879,3.223527443,1.082371686,-7.975493241,6.064423914
22.96471,29.65323,5227.81,0.94258,0.154329,6.107601293,0.599781744,-7.337726432,6.255238471
31.32411,33.8621,4265.13,0.89316,0.258738,3.451986179,0.986766821,-7.833690502,6.006642382
24.10673,25.93587,3537.63,0.8544,0.370916,2.303486504,1.300399537,-8.175553965,5.918982403
29.7086,31.3974,3154.14,0.85352,0.397875,2.145196356,1.306629244,-8.26317091,5.873615475
32.31644,34.29812,3719.45,0.87504,0.319315,2.740366096,1.111006152,-8.047789816,5.957530991
31.60938,34.76445,3701.8,0.87618,0.324451,2.70050023,1.201882411,-8.08550996,5.871026336
27.74657,29.79707,3212.56,0.8589,0.384348,2.234693559,1.275430897,-8.275663848,5.782015412
40.67306,46.88216,5573.01,0.9626,0.0868061,11.08908245,0.37032035,-6.866838089,6.560042027
36.11159,40.81563,4390,0.95368,0.128613,7.415113558,0.398104678,-7.101644175,6.55760485
21.0377,22.15099,2759.31,0.80752,0.516808,1.562514512,1.677634648,-8.570090829,5.685794054
22.18262,25.84402,3132.92,0.84028,0.443443,1.894899683,1.35902495,-8.307597749,5.729392254
29.35857,31.8094,5159.35,0.91226,0.215726,4.228790225,0.834291184,-7.698254406,6.199834812
26.51614,28.58742,2073.75,0.82882,0.609612,1.359586097,1.319761204,-8.420959103,5.711325857
14.11419,16.3396,4322.65,0.85888,0.387383,2.217133948,1.24464936,-8.291832755,5.749785232
34.86548,37.54439,4110.29,0.9433,0.156737,6.018361969,0.467701165,-7.270616175,6.469590071
31.17357,32.61267,2736.61,0.87358,0.393677,2.219027274,1.038029216,-8.103665354,5.906361569
20.67212,22.69041,3674.96,0.83682,0.422049,1.982755557,1.519620079,-8.308849625,5.85150711
27.11191,28.64285,4097.64,0.87068,0.336943,2.584057244,1.252009953,-8.129647334,5.961926278
38.62026,44.39725,4856.55,0.96122,0.105424,9.117658218,0.383812199,-6.975261098,6.562790856
34.30115,40.32475,5259.83,0.95758,0.11185,8.561287439,0.460924099,-7.047699527,6.465982689
28.58192,32.3732,4464.95,0.92412,0.216132,4.275720393,0.744510679,-7.581781049,6.280073767
33.80165,36.06883,3020.9,0.8645,0.359728,2.403204644,1.195254509,-8.084149225,5.924564639
23.01421,25.37232,3182.99,0.8341,0.441546,1.889044403,1.375303999,-8.380725038,5.736796689
28.27809,32.64433,4256.67,0.8885,0.288379,3.081014914,1.088296285,-7.995323984,5.99209515
37.15585,42.81791,4141.24,0.93168,0.202877,4.592339201,0.660748681,-7.512414753,6.269901636
26.33704,28.37063,2732.99,0.84676,0.506751,1.670958715,1.348026072,-8.409489556,5.748648067
26.36711,33.48361,6368.57,0.94978,0.120287,7.895948856,0.570454748,-7.183043363,6.360883631
29.55695,35.36732,4796.59,0.9452,0.149748,6.311937388,0.567493372,-7.281411327,6.272956424
35.65815,38.52996,4112.48,0.94498,0.151187,6.250405127,0.448916128,-7.243356661,6.416675883
37.01544,41.16387,5240.78,0.94594,0.136519,6.928998894,0.590500017,-7.213513407,6.364014789
27.61664,29.36869,3344.88,0.86282,0.372521,2.316164726,1.286498749,-8.155252707,5.80917981
24.09143,25.00907,3026.34,0.84674,0.461921,1.833084012,1.311187893,-8.32258366,5.757113543
21.18419,23.77682,2653.65,0.81434,0.520569,1.564326727,1.53558983,-8.552055359,5.608675582
23.42115,26.84368,4598.95,0.91992,0.210298,4.374363998,0.902904871,-7.609713948,6.159324326
31.03178,36.44788,4945.88,0.95226,0.128922,7.386326616,0.460523884,-7.16951229,6.435900589
36.65717,43.48724,4373.03,0.96362,0.112966,8.530177221,0.376021098,-6.960048971,6.620716024
28.28611,34.82049,5324.35,0.94994,0.132459,7.17157762,0.550899313,-7.198647297,6.413445902
28.47261,30.51931,3994.47,0.87518,0.317701,2.754728503,1.250390163,-8.012729664,6.017146708
25.15391,28.96484,3635.58,0.90218,0.271502,3.322922115,0.92233944,-7.783483483,6.219520401
35.88565,39.37048,5714.21,0.96276,0.0949836,10.13606559,0.400080793,-6.924011862,6.490125611
31.81217,36.62661,4750.8,0.94796,0.137928,6.872861203,0.505315091,-7.208099807,6.416020798
24.21898,27.17764,4213.87,0.87026,0.33166,2.62395224,1.307435164,-8.079154125,5.904262373
23.44634,26.95393,4068.83,0.91402,0.240433,3.801558022,0.718457093,-7.700024875,6.140474295
43.03382,46.22313,3283.1,0.95776,0.146321,6.545608628,0.375206594,-7.075063692,6.514681454
35.11755,37.03043,4775.48,0.92224,0.20068,4.595575045,0.790398706,-7.553559843,6.239914275
31.93326,38.29896,4942.1,0.94876,0.12641,7.505418875,0.549626894,-7.175335105,6.451125343
23.63688,26.36914,3597.47,0.85432,0.395975,2.157509944,1.38812731,-8.234551675,5.864345562
33.09639,35.83925,5046.67,0.92116,0.198796,4.633694843,0.815239114,-7.609496466,6.112488481
36.62742,41.27969,4784.12,0.95936,0.111911,8.572526383,0.379414726,-6.998799372,6.492143165
35.52632,36.44577,3812.87,0.89664,0.292021,3.07046411,0.918544383,-7.874317751,6.020797129
24.24315,26.67025,3990.55,0.87218,0.354863,2.457793571,1.249149658,-8.092475633,5.877569952
41.02134,47.15163,5181.81,0.96482,0.0941318,10.24967121,0.361740914,-6.866334089,6.621369496
34.19138,39.50032,5121.61,0.9507,0.120153,7.912411675,0.479141165,-7.132513549,6.499800974
38.22279,40.51292,4276.17,0.92906,0.193757,4.794975149,0.640466712,-7.480615196,6.222314926
31.39726,34.63355,3934.45,0.8812,0.297068,2.966324209,1.163083862,-7.962850682,5.786466782
24.47967,25.99983,2554.32,0.82752,0.521443,1.586980744,1.419413318,-8.45324276,5.718219112
27.43199,28.90279,3464.34,0.87346,0.364956,2.393329607,1.159664919,-8.074882903,5.882515366
34.81304,39.93905,4825.34,0.95372,0.122714,7.771892368,0.450132651,-7.085270425,6.510338796
42.35121,48.65366,5168.8,0.96748,0.0854942,11.31632321,0.318327178,-6.7928285,6.661601315
29.19691,31.42825,3207.61,0.87978,0.354476,2.48191697,1.094624003,-8.041168453,6.016467933
5.17734,8.26686,1081.47,0.58068,1.04787,0.55415271,4.022133824,-9.717759609,4.845394343
32.05042,36.25515,5297.01,0.95836,0.110999,8.633951657,0.443843988,-7.03261922,6.500950343
10.84513,19.2477,5516.35,0.86806,0.30681,2.829308041,1.418888722,-8.139722076,5.813685252
26.16518,29.07332,3219.97,0.86682,0.403833,2.146481343,1.212240903,-8.196714134,5.892445561
38.44296,43.65893,5375.67,0.96486,0.0931861,10.35411934,0.385708558,-6.873204623,6.543165386
30.17004,32.2095,2975.85,0.85526,0.395102,2.164656215,1.29553152,-8.261242047,5.796918474
34.92277,35.61399,4048.94,0.88804,0.27766,3.198300079,1.063007688,-7.884897748,6.010515567
27.20196,28.60728,2825.73,0.83672,0.436298,1.917771798,1.446080912,-8.351539774,5.806766471
30.92692,37.24908,4873.22,0.92052,0.191371,4.810133197,0.838638096,-7.559681503,6.187551458
27.42735,31.54506,4190.75,0.89412,0.270501,3.305422161,1.085782547,-7.837030287,6.056099447
19.54538,24.67312,5510.59,0.90786,0.236457,3.839429579,1.026378923,-7.79902414,6.005120178
21.62516,23.80894,1994.18,0.8088,0.720686,1.122264065,1.570988215,-8.63275796,5.625658216
20.70617,22.49304,1898.64,0.78534,0.758851,1.034906721,1.774919564,-8.751388332,5.642166559
25.18613,29.24186,4382.5,0.91912,0.214667,4.281608258,0.703061294,-7.64198719,6.246551025
36.19487,37.4871,3288.33,0.89348,0.323839,2.759025318,0.953009276,-7.960881024,6.013039744
35.11849,38.42756,4526.77,0.94338,0.140488,6.715021924,0.437391101,-7.237362077,6.368295033
38.83659,44.46676,4325.04,0.95428,0.12287,7.766582567,0.349286213,-7.039712707,6.563662248
31.15536,35.16008,3798.13,0.89042,0.285907,3.114369358,0.929704478,-7.88179012,6.046028964
33.30253,38.31139,4670.79,0.94544,0.139506,6.777056184,0.503828681,-7.216161918,6.34234395
10.78502,15.21939,4452.48,0.82748,0.403655,2.049968414,1.68906774,-8.434428991,5.535580018
31.71081,35.72046,4563.41,0.94982,0.141776,6.699441372,0.445749586,-7.204890813,6.372937295
24.03949,25.57053,2872.35,0.83518,0.471232,1.772332949,1.6010256,-8.386167277,5.893242825
30.31821,31.9668,3431.7,0.88216,0.348712,2.529766684,1.062421534,-8.033378702,5.971665015
31.63518,34.14695,3968.74,0.88022,0.296969,2.964013079,1.162430613,-8.008081286,5.930767756
26.54838,34.94628,5340.77,0.95112,0.137051,6.939898286,0.527778215,-7.184771638,6.421337248
38.73094,43.75799,5474.85,0.96604,0.0867033,11.14190579,0.38313222,-6.797284431,6.557248139
9.97997,13.92779,4993.79,0.84258,0.408938,2.060410136,1.455961741,-8.358156509,5.659545951
30.21096,32.93677,4613.64,0.9384,0.164006,5.721741887,0.612140416,-7.352873102,6.27578653
25.83595,27.50059,2727.99,0.83136,0.456755,1.820144279,1.389541143,-8.39661543,5.763234755
38.00017,39.21097,3573.96,0.88922,0.287348,3.094575219,0.946385575,-7.922808583,6.085584092
22.18452,24.36933,3696.65,0.91394,0.281002,3.252432367,0.75550516,-7.767901226,6.214186242
26.71729,28.58914,4270.45,0.8767,0.313983,2.792189386,1.151173621,-8.032037833,5.828423944
28.53572,32.18019,3842.13,0.87854,0.321805,2.730038377,1.053243669,-8.025509683,5.957146881
24.25434,30.11947,4699.93,0.9304,0.182129,5.108467076,0.685869412,-7.529981363,6.251269188
34.80957,41.21094,6307.2,0.9578,0.101684,9.41937768,0.4871645,-7.004989949,6.501153532
43.26402,47.02587,4380.92,0.9615,0.106129,9.059729197,0.317808786,-6.894561407,6.628822363
26.95195,29.24638,3290.32,0.8507,0.392082,2.169699196,1.383730533,-8.218432008,5.834976884
25.1144,27.9436,3827.71,0.8638,0.349327,2.472754754,1.11631946,-8.167439294,5.783158729
37.80535,41.55282,4576.11,0.95834,0.11666,8.214812275,0.356215878,-7.012756105,6.571201026
30.25824,34.25832,4381.39,0.94436,0.15387,6.137388705,0.476453182,-7.28020147,6.4348494
34.27258,40.27715,4557.75,0.95214,0.133434,7.135662575,0.451596493,-7.159294029,6.423034771
33.73366,38.93815,5671.32,0.96334,0.0928636,10.3737094,0.41606269,-6.904952502,6.564917067
25.7401,29.84372,5193.01,0.9418,0.148957,6.322630021,0.667966154,-7.350031818,6.267111986
34.05412,37.57092,4603.11,0.9409,0.145422,6.470135193,0.477977038,-7.231252304,6.387777061
27.40575,28.53811,4128.37,0.87146,0.319876,2.724368193,1.2675714,-8.036409323,5.814749789
44.7995,46.02337,3972.6,0.92034,0.219059,4.201333887,0.711662767,-7.575610036,6.222820507
33.92821,40.16802,5059.4,0.95626,0.115412,8.285620213,0.49476557,-7.058252573,6.486367571
19.63473,22.12538,3155.08,0.81214,0.471573,1.722193595,1.621987315,-8.494247908,5.595206641
19.7937,21.64896,2832.4,0.80314,0.498863,1.609941006,1.768989917,-8.53229062,5.69534751
30.41622,35.19337,4240.04,0.93668,0.168995,5.542649191,0.522244034,-7.338060839,6.394129059
34.98345,37.80584,4583.41,0.94804,0.137171,6.911373395,0.433919411,-7.183709061,6.45584837
20.08079,21.54166,2888.21,0.80844,0.51361,1.574034773,1.656484466,-8.543513914,5.668521369
28.07128,29.62163,3365.03,0.88388,0.325307,2.717064189,1.037076294,-7.921112881,6.022125698
28.41248,34.14048,3653.81,0.93524,0.20334,4.599390184,0.583280388,-7.487734615,6.299455287
25.24692,27.36944,3671.57,0.87274,0.377175,2.313886127,1.248779295,-8.127086307,5.878694177
33.52259,38.12734,5670.44,0.95278,0.116362,8.18806827,0.489039138,-7.071545374,6.484088437
36.96661,39.60508,5251.44,0.96018,0.103186,9.305332119,0.383670295,-7.000555752,6.538909519
34.04019,38.97935,4829.81,0.94838,0.127774,7.42232379,0.452872344,-7.159917986,6.41458005
21.68948,23.99895,2278.91,0.81698,0.580351,1.407734285,1.516460752,-8.557967247,5.649678515
10.95263,16.11532,4114.66,0.83404,0.417058,1.999817771,1.628497924,-8.377536004,5.647015855
37.48205,44.46704,6061.87,0.96492,0.0859769,11.22301455,0.370666612,-6.853223016,6.649908438
30.29037,31.78269,3467.38,0.85922,0.355764,2.415140374,1.09995276,-8.13864006,5.802991936
24.14539,30.79168,6217.75,0.94166,0.142031,6.629961065,0.632323272,-7.35380399,6.280468323
20.78641,23.12555,3479.01,0.82296,0.433531,1.898272557,1.84777171,-8.417834076,5.775495938
32.85983,38.66557,5239.33,0.95192,0.119866,7.941534714,0.528086801,-7.094574864,6.327218052
19.77536,22.05378,2725.09,0.80234,0.543037,1.477505216,1.654568415,-8.56952333,5.660513494
17.36764,23.26994,4460.07,0.88974,0.281969,3.155453259,0.983888283,-7.970231224,5.872883969
32.62036,34.65438,3549.5,0.9431,0.192857,4.89015177,0.477649847,-7.361158496,6.338500436
33.89278,40.49819,5153.82,0.95328,0.119742,7.9611164,0.501491714,-7.108985758,6.451535981
24.30035,28.74297,5456.69,0.94312,0.152115,6.200046018,0.612105936,-7.372928567,6.323965876
19.93147,21.32989,2937.73,0.8088,0.518199,1.560790353,1.650674169,-8.579272298,5.613191152
7.49049,10.05922,3055.59,0.75844,0.748041,1.013901644,2.339014042,-8.922973243,5.414050966
21.32118,22.42159,2952.88,0.81534,0.498834,1.634491634,1.625359629,-8.516959918,5.755517563
31.91276,34.62334,3020.3,0.87566,0.380227,2.302992686,1.128028217,-8.09578378,5.967160324
27.35094,28.48678,2487.47,0.81282,0.486116,1.672070041,1.448393727,-8.473810809,5.631868681
7.43452,11.00596,3307.59,0.75634,0.670849,1.127437024,2.371531092,-8.885435536,5.486681834
30.03969,31.50321,3529.12,0.87912,0.346274,2.538798755,1.154823481,-8.039112275,5.902170943
36.46444,40.71925,5254.87,0.96262,0.0963437,9.991519944,0.367579215,-6.889568463,6.47406389
31.74349,35.51058,4780.54,0.94814,0.135276,7.008929891,0.468114315,-7.177468257,6.37243056
42.88501,49.69914,6746.06,0.97414,0.0636868,15.29579128,0.288207601,-6.588764979,6.666011909
33.2136,34.0199,3212.38,0.86078,0.352153,2.444335275,1.283361991,-8.13932033,5.908130946
23.82474,25.53853,2082.54,0.82364,0.60702,1.356858094,1.524170376,-8.531792933,5.702742955
30.83895,32.83245,2173.83,0.86276,0.528448,1.63262989,1.059299225,-8.286359798,5.93777422
40.33255,46.99824,4918.19,0.9634,0.0945742,10.18671054,0.349297336,-6.848800911,6.537606529
28.74849,29.82052,3121.85,0.8409,0.39665,2.120005042,1.443700466,-8.256443776,5.824117618
39.0901,44.28901,5353.03,0.96544,0.0883611,10.92607494,0.374428507,-6.813856812,6.561324307
25.90163,30.8702,3427,0.9104,0.27713,3.285100855,0.718906936,-7.739153717,6.136522768
30.16772,35.71257,4747.77,0.94376,0.143888,6.558990326,0.504975285,-7.269724335,6.318339134
36.12237,43.12648,4250.52,0.96184,0.116792,8.235495582,0.352414511,-6.985863253,6.540987496
17.46723,21.8195,2696.36,0.81166,0.543214,1.494180931,1.548730815,-8.52860182,5.666646284
29.7481,31.93503,2961.66,0.88016,0.408413,2.155073418,1.022324106,-8.105515712,5.98251468
37.39914,40.56543,4971.38,0.96388,0.102894,9.367698797,0.395948053,-6.957917089,6.581111828
33.99009,35.84024,4775.93,0.91994,0.212125,4.336782557,0.679248504,-7.571470939,6.254205571
27.07248,32.70623,4899.05,0.94054,0.155969,6.030300893,0.557699807,-7.31737974,6.25135885
38.58771,44.05628,5018.69,0.96016,0.102154,9.399142471,0.401308535,-6.94601283,6.646929638
23.16763,25.88335,4149.24,0.85926,0.333567,2.575974242,1.322143134,-8.18835766,5.921365721
43.04386,49.50497,6291.69,0.97034,0.071276,13.61383916,0.326158341,-6.69406197,6.688312431
33.09757,39.00903,4049.03,0.95292,0.144255,6.605802225,0.414716538,-7.164288625,6.49589805
33.44742,38.86566,4787.5,0.95072,0.133036,7.14633633,0.513758829,-7.204284568,6.42220279
21.7675,26.36773,6085.34,0.93758,0.161493,5.805700557,0.692393618,-7.449404807,6.177416971
25.71832,32.14112,4048.21,0.9422,0.186013,5.065237376,0.54910722,-7.386353693,6.384166763
30.28379,40.95801,5814.08,0.94558,0.136921,6.906026103,0.562681759,-7.24789026,6.291694268
34.38425,39.35987,4583.49,0.95268,0.133497,7.136340142,0.470177352,-7.158557689,6.425295011
38.47493,42.97854,5361,0.96474,0.0904452,10.66656937,0.374473792,-6.815845406,6.511988845
26.24234,32.44192,4976.38,0.93316,0.160497,5.814189673,0.643611542,-7.365981634,6.312422684
29.22066,31.20773,2426.83,0.86498,0.484297,1.786052773,1.120157236,-8.202572633,5.859045372
31.27745,35.88262,4677.26,0.95064,0.137317,6.922959284,0.448655851,-7.174040326,6.450059509
31.10248,36.23136,4341.42,0.94818,0.150565,6.297479494,0.433855169,-7.224865044,6.369509108
29.78402,31.90316,3441.82,0.87012,0.350291,2.483991881,1.206621611,-8.099751637,5.946397769
21.44309,27.25121,4466.46,0.91336,0.225797,4.045049314,0.704350742,-7.695803098,6.181647164
24.38274,27.28498,3660.35,0.85586,0.364324,2.349172714,1.174158637,-8.203972161,5.812076179
26.18179,32.20097,5101.82,0.94218,0.149069,6.320428795,0.59296475,-7.357027214,6.322591015
30.99106,32.4524,2661.49,0.86972,0.44686,1.946291904,1.130562845,-8.199333357,5.986125001
34.42815,40.14888,4879.08,0.95216,0.122674,7.761709898,0.52964673,-7.103069939,6.5219858
21.01869,24.67304,4078.16,0.9124,0.259556,3.515233707,0.747876047,-7.782753459,6.106732151
15.99179,21.9766,5010.88,0.89978,0.26936,3.34043659,1.117521442,-7.861612456,6.050096213
43.23392,48.43183,6348.03,0.96908,0.0731089,13.2552945,0.346474179,-6.706770422,6.580114681
22.74498,29.73905,4309.31,0.92666,0.198574,4.666572663,0.61309458,-7.534187233,6.200482639
32.61838,36.15599,4747.83,0.94658,0.138405,6.839203786,0.477785366,-7.209869332,6.400943427
32.62062,38.18275,4997.16,0.95426,0.122721,7.775849284,0.484612088,-7.111952723,6.328708162
38.03912,41.65264,5270.17,0.96514,0.0923422,10.45177611,0.393784892,-6.855647629,6.610751488
19.3272,21.34484,2835.73,0.80444,0.526989,1.526483475,1.728180734,-8.516535397,5.680422633
26.63082,28.93688,3404.32,0.86174,0.378964,2.273936311,1.246960334,-8.158296075,5.924955256
29.98846,34.52589,5005.47,0.95526,0.127428,7.496468594,0.508131539,-7.172629905,6.450013748
29.18552,34.20409,4815.31,0.94062,0.15075,6.23960199,0.530569282,-7.27354382,6.342678327
26.35554,28.48861,2704.4,0.8356,0.478846,1.745028673,1.479398875,-8.392124753,5.692779129
46.61259,48.61963,5499.29,0.95158,0.116046,8.200024128,0.520530949,-7.098128473,6.411660935
22.12986,24.70803,3032.97,0.83264,0.457599,1.819584396,1.322670699,-8.429437483,5.795240731
28.25178,30.25609,3005.31,0.83048,0.428691,1.937246175,1.52661124,-8.309193324,5.849673773
32.96547,38.4495,5075.95,0.95274,0.122332,7.78815028,0.509327916,-7.119936409,6.504186202
30.50539,33.35081,3494.51,0.87778,0.333183,2.634528172,1.017593564,-8.000692926,6.010169614
39.11258,47.31353,5789.99,0.96658,0.0876201,11.03148707,0.389734185,-6.802971362,6.529764957
19.5897,22.69612,3994.69,0.8277,0.395158,2.094605196,1.698812695,-8.40146005,5.688345032
26.39035,28.72182,1975.02,0.80836,0.587101,1.376867013,1.348285041,-8.530200156,5.701076349
10.10931,16.17446,4351.26,0.83868,0.447712,1.873257809,1.650299333,-8.420056865,5.726018984
7.90673,12.3318,3934.35,0.78232,0.554281,1.411414066,1.932195148,-8.740196152,5.497681267
5.50305,9.49165,2399.34,0.68462,0.824392,0.830454444,2.561977102,-9.215099282,5.190118999
27.02506,28.31531,2641.77,0.82712,0.475068,1.741056017,1.427235923,-8.439055447,5.63175196
35.288,37.27867,4647.76,0.94436,0.136408,6.923054366,0.445710154,-7.194729355,6.380725445
38.28317,44.36385,6401.96,0.96834,0.0822507,11.7730305,0.347581869,-6.781644518,6.534439541
21.8068,23.44441,3636.44,0.84012,0.414332,2.027649325,1.452460642,-8.309116997,5.759184762
34.01296,39.16628,5291.59,0.95444,0.113764,8.389648747,0.514683426,-7.079442995,6.507725357
17.6604,19.8403,3345.16,0.80634,0.507334,1.589367162,1.931908756,-8.526490069,5.693645745
26.16905,27.7332,2410.3,0.8127,0.483993,1.679156517,1.597383367,-8.443035188,5.730800234
39.02915,42.29821,4390.71,0.95426,0.12281,7.770214152,0.382027217,-7.050363609,6.523902145
40.32744,43.61744,4147.28,0.96308,0.119594,8.052912353,0.36015226,-6.948316552,6.584626046
37.34341,41.32109,5037.48,0.95938,0.104494,9.181197007,0.444963274,-6.937067582,6.537650812
24.95566,29.15112,4329.2,0.88092,0.29297,3.006860771,1.258870923,-7.979588297,5.870323113
22.85159,28.35443,2982.09,0.91232,0.324046,2.815402751,0.705754066,-7.859093802,6.193557985
39.26385,40.94448,3264.86,0.8853,0.304341,2.9089081,0.968468847,-7.96143793,6.038472206
37.42229,41.39822,5438.7,0.9646,0.0923121,10.44933438,0.385094407,-6.881026592,6.550199699
33.44905,38.63223,4476.35,0.94826,0.142744,6.64308132,0.466382441,-7.198516726,6.415791466
27.87382,29.55899,3471.26,0.86874,0.374586,2.319200397,1.155933488,-8.122741026,5.923775033
28.5743,30.63416,4460.9,0.92548,0.195076,4.74420226,0.701756494,-7.531722202,6.219520253
32.1368,36.09581,4925.54,0.9512,0.137513,6.917164195,0.540430718,-7.183857927,6.383424151
25.09618,28.23915,3110.91,0.86228,0.422719,2.03984207,1.17799644,-8.21043798,5.896678995
23.21343,30.50249,6369.87,0.94612,0.136696,6.921343712,0.585552585,-7.322801671,6.300870916
8.87449,15.13619,3793.39,0.8088,0.530795,1.523752108,1.659549612,-8.642344952,5.53654328
27.7443,29.41145,2555.44,0.82796,0.445705,1.857641265,1.594837758,-8.345739874,5.732801215
24.67798,32.69664,4950.66,0.92304,0.19448,4.746194981,0.69567158,-7.556075576,6.21723989
23.37492,25.3251,3948.68,0.86274,0.37002,2.331603697,1.371731334,-8.149920363,5.846172768
30.55199,34.0401,4106.14,0.94534,0.171118,5.524491871,0.478225236,-7.337479901,6.469625161
29.7281,33.99097,4722,0.95378,0.138735,6.874833315,0.446185098,-7.185080523,6.399297788
25.81172,27.55096,2720.48,0.85396,0.457284,1.867460921,1.200958899,-8.242536545,5.816070596
19.92791,21.48082,2818.6,0.8119,0.50858,1.596405679,1.687900439,-8.538516021,5.621927142
34.11178,37.43986,4180.44,0.94346,0.155402,6.071093036,0.48019099,-7.285288152,6.410209715
29.65415,31.62504,3301.31,0.87822,0.360711,2.434691484,1.087182649,-8.053880894,5.929440999
33.25005,38.78592,3588.76,0.95296,0.162456,5.865957552,0.435340758,-7.209557798,6.425169264
40.32801,45.58422,5151.17,0.96214,0.0929453,10.35167997,0.370454866,-6.888535721,6.574985984
27.65171,31.82375,4116.47,0.88974,0.279437,3.184045062,1.0651618,-7.872599204,6.143841392
18.95795,23.80335,4241.58,0.8929,0.284835,3.134797339,0.906404424,-7.916548573,5.95018731
30.58977,36.66121,5175.45,0.94526,0.130206,7.259726894,0.557660609,-7.21054713,6.428052257
33.41237,35.89892,5515.81,0.93442,0.162758,5.741161725,0.664436399,-7.465744694,6.187994545
8.34272,11.36458,3845.44,0.7868,0.576545,1.364680988,2.024776171,-8.713384224,5.465835613
33.33803,39.99718,5619.85,0.95466,0.119813,7.96791667,0.497012278,-7.154302535,6.405109342
25.65461,31.5305,4119.38,0.93848,0.191244,4.90723892,0.633758202,-7.479932352,6.277612145
28.8602,30.48211,3620.79,0.9265,0.23763,3.898918487,0.677582285,-7.606272427,6.123055189
33.60915,38.42043,3346.42,0.94652,0.191781,4.935421131,0.483634222,-7.353839842,6.37756017
28.24589,31.10851,4730.1,0.89154,0.273428,3.260602426,1.1875526,-7.915453433,5.957782433
30.6305,32.99812,3249.04,0.8742,0.349902,2.498413842,1.034090464,-8.069081881,5.918137774
17.67755,19.43946,3003.76,0.80396,0.522984,1.537255442,1.8310181,-8.575072974,5.743327773
41.81458,45.14695,4526.71,0.95662,0.113315,8.442130345,0.355213278,-6.969898139,6.529670528
20.56633,22.0213,3752.63,0.8498,0.378063,2.247773519,1.396930464,-8.208356923,5.872905183
37.89098,43.87712,5555.47,0.96728,0.0846565,11.42593894,0.381238599,-6.788651319,6.594387652
33.95303,37.86665,4161.21,0.9459,0.156324,6.050894296,0.499455183,-7.267424042,6.438358395
17.57439,19.67795,3043.04,0.7912,0.553959,1.428264547,1.821330097,-8.618578577,5.689976877
31.65422,37.21966,5551.2,0.95802,0.105812,9.053982535,0.459304815,-6.992664934,6.46931603
27.38222,31.76193,4243.29,0.92456,0.199049,4.644886435,0.606912785,-7.52947806,6.220347434
23.84309,25.41354,2223.35,0.80942,0.583702,1.386700748,1.640724683,-8.54209244,5.787825069
25.94728,32.01046,5028.47,0.93968,0.15647,6.005496261,0.589618046,-7.352878624,6.373646508
24.74469,28.34597,2211.68,0.84432,0.598987,1.409579841,1.326314666,-8.400629864,5.89412587
27.11439,28.83168,3843.32,0.86598,0.329345,2.62940078,1.252651985,-8.14001304,5.788884888
22.10072,23.95655,2443.77,0.80028,0.525845,1.521893334,1.687740701,-8.599276471,5.641963333
23.64554,25.98223,4244.36,0.91564,0.237157,3.860902271,0.697671149,-7.706342108,6.146847323
37.87788,43.98447,5860.79,0.96874,0.0792883,12.21794388,0.343825416,-6.797411782,6.562168972
33.99246,35.93709,3055.78,0.88044,0.371577,2.369468509,1.05723591,-8.045824137,5.977922596
33.1177,35.42665,3004.59,0.88044,0.382213,2.303532324,1.021606286,-8.0534397,6.016925949
40.14726,47.7092,5125.06,0.9679,0.0908711,10.6513512,0.339312628,-6.844309797,6.610512924
33.55554,35.35494,3267.13,0.8722,0.337659,2.583079379,1.184293013,-8.085920303,5.977839172
24.13938,28.84474,4487.24,0.89508,0.277349,3.227269613,1.00300746,-7.939077501,6.060754718
33.87449,37.66185,4184.15,0.9068,0.241952,3.747850813,0.928752347,-7.783425585,6.074062058
36.71659,39.86267,5855.81,0.96418,0.0903768,10.66844588,0.386212702,-6.88906261,6.657530771
23.79602,26.30783,4324.9,0.91918,0.22865,4.020030614,0.736279763,-7.671313253,6.069466276
24.61847,27.51912,3875.1,0.86014,0.348132,2.470729493,1.413961421,-8.129216384,5.95023384
31.98662,34.37781,3228.86,0.86258,0.35826,2.407692737,1.266880106,-8.12737393,5.991840079
33.72577,39.29574,6152.35,0.95888,0.10635,9.016267043,0.442440331,-7.046404691,6.471379343
35.0267,40.3471,3791,0.94876,0.159829,5.936094201,0.445074176,-7.23653487,6.381640166
35.71042,42.34591,5308.79,0.96126,0.0986499,9.744155848,0.422603423,-6.938789998,6.510446677
34.06233,39.28166,4944.08,0.95156,0.12184,7.809914642,0.533416581,-7.094233094,6.454179235
25.14067,29.01838,5435.61,0.94298,0.144739,6.515037412,0.58073056,-7.303399125,6.259582867
21.77876,23.82997,2652.7,0.8309,0.529122,1.570337276,1.473674355,-8.486324461,5.729545485
28.94641,34.26356,3045.4,0.92866,0.250868,3.701787394,0.562486523,-7.583983962,6.367546289
19.85563,21.42393,2879.85,0.8048,0.518314,1.552726725,1.74805833,-8.550451917,5.653187013
41.68848,45.00774,4672.95,0.95914,0.105462,9.094650206,0.328518687,-6.937239865,6.539971077
21.97037,24.13387,2045.92,0.8086,0.634321,1.274748905,1.466681168,-8.597885214,5.637217356
30.38826,32.48595,4762.03,0.90286,0.240644,3.751849205,1.021637984,-7.784998558,6.073110086
35.19854,39.17236,5054.85,0.95844,0.11049,8.674450176,0.382631933,-7.030694858,6.425286921
25.12564,27.62595,4475.16,0.92166,0.213296,4.321037432,0.686799036,-7.576545716,6.204444927
33.26399,38.13864,4152.31,0.94148,0.157708,5.969766911,0.481212252,-7.302034376,6.404448791
22.30855,24.60875,3409.51,0.84808,0.384049,2.208259884,1.370726366,-8.268236032,5.774947664
39.58014,45.012,5444.54,0.9638,0.0881575,10.93270567,0.422695747,-6.855448075,6.526327361
28.2531,30.51938,3480,0.86282,0.355455,2.42736774,1.284608788,-8.114052349,5.997981982
22.00117,24.96879,3650.1,0.84646,0.412618,2.051437407,1.476201766,-8.272087272,5.810221958
30.82239,32.00222,3977.12,0.8757,0.298692,2.931782572,1.078831005,-7.953580957,5.990687407
23.19893,26.76478,3912.41,0.84726,0.356876,2.374101929,1.55455369,-8.180527743,5.840593945
26.97993,35.8382,4518.05,0.91836,0.2099,4.375226298,0.807341974,-7.596010041,6.205465918
25.03339,32.34365,3016.99,0.92044,0.294213,3.128481746,0.665166076,-7.756924733,6.201808177
6.63974,10.59641,1433.37,0.6704,1.18699,0.564789931,2.95086113,-9.406821385,5.205508324
31.56621,37.51561,4925.3,0.9505,0.13091,7.260713467,0.497586034,-7.204459501,6.463929514
36.27747,41.43917,5237.83,0.9619,0.100557,9.565718945,0.360433528,-6.928553048,6.472850251
28.97013,30.90377,3871.46,0.87336,0.320673,2.723522093,1.319321951,-8.067015532,5.963828478
38.12106,39.17734,3574.49,0.88794,0.294787,3.01214097,1.052352818,-7.925061205,6.040959504
22.68735,28.58339,4578.62,0.92702,0.197303,4.698458716,0.73012861,-7.57057699,6.252149869
30.95137,32.20691,4308.85,0.89634,0.253608,3.534352229,0.981767898,-7.79349744,6.024752112
23.7134,25.6133,2596.65,0.81706,0.496814,1.644599387,1.513165043,-8.477893234,5.728892674
40.48074,43.44092,4211.14,0.96232,0.116706,8.245677172,0.369676428,-6.979893393,6.604008295
12.52819,19.50964,5638.5,0.87484,0.280261,3.12151887,1.262703852,-8.085687042,5.837221234
33.37854,38.45696,4571.95,0.9507,0.138097,6.884291476,0.453919539,-7.186976128,6.448094169
3.98798,6.52728,335.972,0.50454,1.72521,0.292451354,5.000289958,-10.12223393,4.654847642
15.60914,20.43328,2517.55,0.8558,0.552421,1.549180788,1.208450165,-8.362341672,5.91220948
27.6885,30.04794,3549.2,0.86306,0.348725,2.474901427,1.087955602,-8.134159467,5.92275082
19.78627,25.16809,4674.14,0.9122,0.230713,3.953830083,0.84312191,-7.72702866,6.105387127
39.21324,45.01841,5784.56,0.96872,0.0787694,12.2981767,0.33881621,-6.766395604,6.559398805
31.67753,33.89269,3603.94,0.87818,0.31782,2.763136366,1.007878011,-8.049801373,6.013872076
28.65969,30.98761,3448.95,0.86816,0.367952,2.359438188,1.194279763,-8.120203613,5.910708312
36.12601,37.96955,3857.37,0.88296,0.277962,3.176549312,1.128526232,-7.9208225,6.003698696
23.24702,24.56812,2608.45,0.81088,0.489046,1.658085333,1.547494945,-8.463817871,5.601882361
24.29533,26.33592,3771.56,0.84766,0.386008,2.19596485,1.317820844,-8.262182089,5.865263528
13.37154,15.7018,3678.48,0.84796,0.456229,1.858628014,1.200434359,-8.380898437,5.809572409
28.13501,33.88392,4482.18,0.94452,0.16078,5.87461127,0.539070409,-7.312237749,6.298836047
41.19107,46.10451,5680.68,0.97224,0.0712102,13.65310026,0.33759116,-6.641675466,6.660102185
35.44807,43.32332,5513.56,0.96268,0.10008,9.619104716,0.391624111,-6.932238857,6.565618211
22.85203,24.02313,2200.36,0.8039,0.620258,1.296073569,1.646941612,-8.63884434,5.629244052
29.79386,35.23715,5091.92,0.94872,0.131136,7.234626647,0.519566088,-7.181180001,6.362693196
29.66803,31.64393,4054.58,0.87544,0.30444,2.875574826,1.351659682,-8.009059674,6.021494607
31.5827,34.24855,3447.66,0.87862,0.33315,2.637310521,1.045300278,-8.025192118,5.840597263
34.4615,36.08993,4567.57,0.94194,0.142936,6.589942352,0.482965263,-7.263792477,6.386253678
24.23006,25.85044,2248.21,0.82424,0.56891,1.448805611,1.433109871,-8.488052964,5.881074727
32.64442,37.72866,4794.3,0.94816,0.13641,6.950810058,0.580987087,-7.182001335,6.421362218
35.21564,39.27062,4724.64,0.94886,0.133571,7.103787499,0.493517139,-7.208118703,6.427195224
39.48376,45.44974,3896.52,0.95658,0.129509,7.38620482,0.390043532,-7.030657386,6.428966113
31.29878,33.78461,4172.59,0.89658,0.261333,3.430795192,1.045144154,-7.83073034,6.064455694
37.06746,38.37497,3404.32,0.88362,0.31167,2.835114063,0.980980624,-7.945743645,6.02676273
31.38358,33.15222,3417.3,0.89168,0.296244,3.009951256,0.946364643,-7.899884599,6.07239973
31.83496,33.65193,3633.82,0.87912,0.30608,2.872190277,1.098720509,-8.001318435,5.918485333
33.65523,37.01836,2949.87,0.93778,0.22865,4.101377651,0.486514412,-7.478199098,6.340169283
19.49177,21.66948,3029.62,0.8251,0.525035,1.57151428,1.427268775,-8.45558357,5.700223484
31.16971,35.38144,4303.75,0.89546,0.270848,3.306134806,1.164180956,-7.909360136,5.927957786
36.71407,40.79442,4911.8,0.95696,0.110926,8.627012603,0.376213743,-7.012228481,6.488214316
23.9425,26.48823,3141.63,0.84338,0.435788,1.935298815,1.30726955,-8.310455063,5.910683502
38.72483,43.20966,5634.99,0.96938,0.0803563,12.06352209,0.369277919,-6.748988732,6.585645941
26.69527,28.10248,3933.18,0.8767,0.334356,2.622055534,1.200424685,-8.097258572,5.972793623
24.94685,27.63876,4035.44,0.867,0.326613,2.654517732,1.234298288,-8.090710399,5.887215567
8.78722,14.50671,4107.66,0.81122,0.493821,1.642740993,1.819832495,-8.557518171,5.576515421
23.69818,26.16896,3421.31,0.85032,0.404567,2.101802668,1.253944394,-8.261163326,5.776522165
39.13075,44.03852,5567.67,0.9706,0.077891,12.4610032,0.346983345,-6.680470252,6.579517499
38.14224,39.45324,4193.58,0.89828,0.261961,3.429060051,1.07913286,-7.834812278,6.098736485
21.01504,25.81976,6572.69,0.93172,0.153351,6.075734752,0.731751851,-7.498164852,6.129594064
17.03355,20.18979,6015.13,0.90356,0.216686,4.169904839,1.071393856,-7.777728179,6.04495477
12.30861,17.14799,5501.48,0.88306,0.279793,3.156118988,1.132400281,-8.035484699,5.91630889
16.59494,17.71892,3958.37,0.8108,0.407902,1.987732347,2.002969836,-8.418325066,5.760758039
13.29457,17.78376,5051.67,0.8734,0.338796,2.577952514,1.295602283,-8.137486355,5.779782572
6.51096,10.72143,848.769,0.5977,1.36581,0.437615774,3.697453195,-9.662395056,4.938151434
8.96965,11.08195,4304.61,0.79948,0.518103,1.543090853,1.969161413,-8.609178582,5.578523855
8.74924,13.6224,2990.03,0.76108,0.669126,1.137424043,2.251388887,-8.829667718,5.412466611
8.80902,12.4581,3393.03,0.73836,0.557133,1.325284986,2.634600627,-8.789498147,5.359482196
19.98928,23.95877,4210.41,0.88684,0.292284,3.034172243,1.08436991,-7.976837926,5.986225862
8.63075,11.44124,3748.32,0.74808,0.5411,1.382517095,2.528071015,-8.771158061,5.463533526
12.53223,15.50198,3417.78,0.80148,0.485921,1.649403915,1.912413337,-8.521419066,5.592602652
20.44958,22.48208,5661.88,0.91458,0.20806,4.395751226,0.912607383,-7.702425857,6.05204232
20.0553,25.50369,5812.69,0.92926,0.173777,5.347428026,0.74832892,-7.580385878,6.108839279
10.3308,16.89648,3578.94,0.8074,0.481521,1.676770068,1.841203596,-8.521069118,5.640677697
20.25274,24.50231,5741.32,0.92376,0.19327,4.779634708,0.81720252,-7.637254123,6.053165076
10.29462,21.35318,5056.37,0.8514,0.336179,2.53257937,1.570399553,-8.200086974,5.767901897
15.61752,19.29841,5885.01,0.89162,0.23446,3.802866161,1.106277976,-7.898341507,5.877512396
18.23565,24.35173,6246.35,0.9267,0.170968,5.420312573,0.797383866,-7.556780268,6.129146979
20.73262,23.3993,5686.16,0.89658,0.24955,3.592787017,0.966833243,-7.920968885,5.909983953
10.47742,13.046,4622.21,0.8451,0.402728,2.098438648,1.459161889,-8.349713711,5.795689981
16.36145,19.26908,3940.69,0.8783,0.365445,2.403371232,1.176917712,-8.125192337,5.958542941
5.52385,9.01053,2643.59,0.69804,0.793678,0.879500251,3.288385924,-9.151610732,5.225515575
24.85211,27.38776,5004.97,0.90002,0.246601,3.649701339,1.05886154,-7.876307107,5.937110722
20.70132,21.44594,3227.87,0.83224,0.38486,2.162448683,1.611309991,-8.314645259,5.738039291
21.81906,22.80877,4893.83,0.8702,0.319739,2.721594801,1.415289682,-8.190619238,5.847713811
9.16063,12.43277,5393.77,0.82224,0.419393,1.960547744,1.90729594,-8.427203522,5.620464263
22.99199,28.37229,6482.55,0.9436,0.131964,7.150434967,0.604623854,-7.337119998,6.190788659
10.86602,14.52597,3716.18,0.80848,0.494657,1.634425471,2.000582855,-8.54672675,5.696734632
11.8867,18.10771,5305.29,0.87636,0.305901,2.864848431,1.355583876,-8.059328477,5.898973042
17.84008,20.74149,4017.44,0.83638,0.349102,2.395804092,1.597261809,-8.202083248,5.832813809
20.27399,21.74581,3132.91,0.85066,0.504297,1.686823439,1.511952498,-8.42845713,5.661251364
17.20043,20.16907,4412.15,0.89238,0.310945,2.869896606,1.139549022,-7.997766014,5.969432279
22.2434,28.26668,5502.47,0.92162,0.175841,5.241212232,0.75605105,-7.603753384,6.132162111
19.13213,23.16302,4902.71,0.87918,0.273947,3.20930691,1.228704559,-8.039240378,5.869382204
8.88093,13.63271,3022.97,0.78598,0.645113,1.218360194,1.77685441,-8.814709914,5.575437049
20.58924,26.39008,6746.1,0.9331,0.144131,6.473971595,0.729332838,-7.432984292,6.228567819
10.80625,14.01954,2737.39,0.7809,0.692786,1.127187905,2.144064052,-8.846440162,5.532147715
15.3408,19.07566,4895.11,0.86742,0.297444,2.916246419,1.316437767,-8.076031215,5.8314403
16.37824,19.19758,5290.06,0.88476,0.264104,3.350043922,1.156644654,-7.973629799,5.921510389
12.3932,16.59947,5612.12,0.87434,0.300335,2.911215809,1.300531231,-8.108503422,5.77617071
26.11716,30.24144,6749.51,0.94486,0.125299,7.540842305,0.5994631,-7.26419905,6.200035435
18.45706,21.48293,5503.67,0.89672,0.251327,3.567941367,1.012856207,-7.926033002,5.978456027
21.79443,24.12692,4510.71,0.91118,0.256136,3.557407003,0.854069967,-7.833661532,6.137700327
7.89341,10.61114,3692.23,0.76622,0.601477,1.273897423,2.239919183,-8.821740913,5.538263153
24.96454,27.60145,5855.95,0.9268,0.181716,5.10026635,0.772050839,-7.576536914,6.174934206
9.47263,16.58254,4342.67,0.84186,0.435346,1.933772218,1.421433096,-8.426172106,5.693943069
20.90762,24.66172,5909.08,0.93792,0.163775,5.726881392,0.642704084,-7.476507611,6.184928107
8.82431,14.01116,3636.54,0.80188,0.539819,1.485460867,1.811130861,-8.614404965,5.646897179
19.00155,23.33955,4766.4,0.87922,0.266981,3.293193149,1.101026837,-7.96973114,5.936615117
8.68369,11.65907,4944.96,0.80624,0.454834,1.772602752,2.079842949,-8.545010315,5.599073062
11.10246,15.35644,5076.57,0.84386,0.396466,2.128454899,1.567363657,-8.325087677,5.773896039
11.67768,14.04348,5446.03,0.8317,0.351987,2.362871356,1.743824493,-8.358607553,5.675986565
20.32761,24.73465,5451.19,0.89958,0.212408,4.235151218,0.957295611,-7.760566261,5.931867265
10.6982,15.12403,4763.18,0.83752,0.404067,2.072725563,1.693462671,-8.341435978,5.614689699
11.92958,19.20031,4571.3,0.84456,0.366119,2.306790961,1.541797468,-8.265011112,5.6593559
9.30752,10.98905,4534.43,0.82076,0.486888,1.685726492,1.720878445,-8.521258829,5.702858363
14.05074,17.64079,5484.56,0.87234,0.332487,2.623681527,1.309286431,-8.121948663,5.81548289
14.48778,21.32562,6124.97,0.90946,0.223553,4.068207539,0.922765913,-7.801273798,6.017529265
10.68538,15.66948,3908.8,0.80064,0.455758,1.756721769,1.849485965,-8.446728445,5.648508159
18.90421,23.63574,6069.97,0.91592,0.180877,5.063772619,0.861509538,-7.652983132,6.016642333
12.47082,15.33586,4746.05,0.83748,0.421678,1.986065197,1.688710661,-8.371880444,5.713478735
15.25055,17.25693,5058.79,0.86276,0.343492,2.511732442,1.324425396,-8.179882976,5.795005823
16.22087,20.37933,5909.24,0.90788,0.221648,4.096044178,1.038952957,-7.784337273,5.977689699
15.11992,18.14271,6054.5,0.88042,0.274027,3.21289508,1.207587039,-8.057939574,5.918179899
17.86469,19.80907,6262.72,0.91098,0.204871,4.446602984,0.882607125,-7.782052038,6.00145164
16.85662,20.27083,5900.65,0.8956,0.22615,3.960203405,1.149048074,-7.872512375,6.043215372
11.42473,15.07627,4680.48,0.84458,0.420689,2.007611323,1.619051164,-8.363062889,5.736144168
10.2182,12.91531,4589.75,0.83784,0.405396,2.066719948,1.616771931,-8.380073989,5.711898562
8.55869,12.85402,5092.58,0.81116,0.408796,1.984265991,1.960082138,-8.459778187,5.608570454
26.04217,28.19967,4915.15,0.8956,0.230669,3.882619684,1.023554089,-7.837882154,5.914973708
31.26144,34.58791,7796.73,0.9486,0.110183,8.609313596,0.580740367,-7.254641597,6.346395345
10.82186,12.89297,4753.52,0.81246,0.426098,1.906744458,1.885910766,-8.548313921,5.600197325
10.39869,14.3225,5060.88,0.84874,0.404783,2.09677778,1.548388373,-8.330262241,5.814338557
14.31862,20.6313,5471.45,0.89088,0.278957,3.193610485,1.167686002,-7.96576046,5.933360895
26.84589,28.96644,6480.35,0.93388,0.160211,5.829062923,0.69489602,-7.456684374,6.081601427
11.00904,14.11647,4592.15,0.82654,0.439518,1.880560068,1.617935354,-8.445656893,5.646553501
11.29465,14.04508,5562.51,0.87408,0.312626,2.795928682,1.322960496,-8.141163613,5.905604623
17.3473,20.08507,5776.21,0.89752,0.23061,3.891938771,1.122947163,-7.89653632,5.996789885
22.92027,26.4844,6257.47,0.94492,0.138593,6.817948958,0.602274242,-7.320735165,6.217756614
20.81038,26.76624,6583.59,0.92632,0.153,6.054379085,0.792803981,-7.538385841,6.107422546
9.2436,13.35802,4245.08,0.8258,0.47589,1.735274958,1.594007598,-8.458074311,5.596439379
18.98454,22.16384,6922.48,0.92552,0.159425,5.805363023,0.830650252,-7.559398777,6.205181431
8.59858,12.33921,2802.74,0.73496,0.721683,1.018397274,2.462886749,-8.852369172,5.479463279
20.48459,27.40823,6548.84,0.93588,0.147087,6.362764894,0.703370859,-7.484875566,6.174636485
13.44426,16.30762,4259.47,0.8153,0.465433,1.751702178,1.741223719,-8.528677315,5.550005372
6.91923,14.25935,3279.8,0.71174,0.583732,1.219292415,2.850612408,-8.892893887,5.392610707
19.65678,25.65252,6381.24,0.9325,0.152507,6.114473434,0.725676198,-7.462670862,6.173896176
22.14446,24.58519,5918.59,0.91982,0.179445,5.125916019,0.801641717,-7.613842295,5.962536381
9.49631,13.8011,4126.22,0.8084,0.498311,1.622280062,1.794355031,-8.564280905,5.597521783
5.37841,8.5162,1989.53,0.6724,1.02282,0.657398174,2.776564803,-9.293434083,5.181592411
21.42141,25.65605,6227,0.92328,0.176379,5.234636776,0.849732329,-7.584241458,6.051273174
21.72513,25.07508,6891.12,0.92328,0.165214,5.588388393,0.808448509,-7.60418435,6.144896923
20.85796,24.90813,5388.5,0.90856,0.202758,4.481006915,0.854039798,-7.720777971,6.060895519
11.05166,15.55354,4746.12,0.84236,0.393611,2.140082467,1.551910673,-8.354521024,5.656903538
16.3004,18.29049,5671.12,0.8713,0.269345,3.234884628,1.382106679,-8.077175925,5.929383787
10.02544,14.90171,4002.95,0.80058,0.487476,1.642296236,1.966617627,-8.54839371,5.54880135
7.1604,9.70064,2997.17,0.7398,0.74285,0.995894191,2.576161552,-8.877685737,5.498861301
11.03067,15.07548,5198.9,0.8449,0.384513,2.197324928,1.580227201,-8.319780017,5.801275435
6.24572,8.85441,2417.3,0.68736,0.863833,0.795709356,2.904523738,-9.16814154,5.28075906
8.6935,12.90646,4163,0.80356,0.486436,1.651933656,1.791743067,-8.55395822,5.623505038
11.44044,14.99033,3755,0.80006,0.500753,1.597713843,1.918991951,-8.531442891,5.651578954
12.1058,20.37315,5240.81,0.87256,0.317154,2.751218651,1.24861479,-8.146020482,5.90074054
25.11728,28.62824,5319.76,0.9125,0.217875,4.188181297,1.010007598,-7.725962696,6.096736807
5.4691,12.18771,2359.97,0.678,0.68812,0.985293263,3.106842926,-9.455298338,4.887203992
20.97612,25.50685,6135.85,0.9368,0.152864,6.128323215,0.682729341,-7.428459923,6.287457412
22.41965,28.0857,6817.79,0.9468,0.118024,8.022097201,0.601012235,-7.231403905,6.355353349
23.25171,26.73724,6012.05,0.93196,0.150376,6.197531521,0.676897626,-7.48115681,6.253345703
15.83507,17.46831,3527.72,0.81522,0.396672,2.055148838,1.626144453,-8.373794291,5.654492191
11.92441,16.97215,4072.1,0.80422,0.462081,1.74043079,2.04843314,-8.491561895,5.663145707
9.71333,13.33321,4253,0.8442,0.489398,1.7249764,1.367007165,-8.451505919,5.672298688
14.85631,19.34069,5553.07,0.8865,0.265447,3.339649723,1.145324299,-7.964860586,6.000686386
23.40982,25.06837,4152,0.8919,0.296402,3.009089007,1.184910639,-7.988860345,5.879975222
14.25123,17.18601,5399.12,0.86362,0.289047,2.98781859,1.363141862,-8.133011309,5.802581893
12.69112,17.78721,4606.71,0.84368,0.351455,2.400534919,1.555136393,-8.215531537,5.774606387
16.0131,20.22409,5544.17,0.89728,0.235476,3.810494488,1.050018938,-7.870734084,5.992114586
15.86841,20.10175,5149.69,0.873,0.29233,2.986351042,1.337579294,-8.104953802,5.878115293
22.98435,26.90816,5167.11,0.90244,0.244109,3.696873118,1.081006329,-7.84859112,6.026880297
4.93745,8.77107,1850.72,0.65422,0.932884,0.70128762,3.471259568,-9.539267349,5.057069374
23.62472,26.9993,5999.97,0.9279,0.150041,6.184309622,0.72860055,-7.472189519,6.227938154
18.46236,19.75964,3813.7,0.84574,0.384149,2.201593652,1.385520593,-8.281273889,5.743777127
15.18749,21.26862,6016.54,0.91592,0.199143,4.599308035,0.808343313,-7.711238518,6.055079024
7.48498,13.22051,3178.19,0.7695,0.656279,1.172519614,1.845905847,-8.849710651,5.464964586
7.80133,10.19083,4182.81,0.7919,0.55532,1.426024634,2.147388736,-8.645130372,5.593855388
24.20888,29.1992,6062.9,0.93836,0.13575,6.912412523,0.611863064,-7.334505522,6.205753074
7.94566,11.11157,3186.53,0.74282,0.69962,1.061747806,2.28093888,-8.830997816,5.541487293
12.7292,17.50296,4355.11,0.88068,0.369026,2.386498512,1.025883074,-8.156219625,5.9305581
19.37878,21.72601,3883.45,0.87052,0.368612,2.361616008,1.274377719,-8.102462659,5.896058146
19.00834,20.84521,4416.08,0.861,0.377242,2.282354563,1.507937644,-8.277691861,5.804471204
9.43244,12.31049,5173.85,0.84576,0.377462,2.24064939,1.581718287,-8.329647479,5.741267551
17.75346,24.38508,6048.96,0.92046,0.177988,5.171472234,0.87285221,-7.583573689,6.110340737
17.30694,20.71539,4632.85,0.86236,0.331705,2.599779925,1.325314628,-8.21653897,5.672197803
19.63894,22.40044,4494.61,0.90722,0.273164,3.321155057,0.975278309,-7.860255105,6.062891028
14.76706,20.06075,6438,0.89944,0.225575,3.98732129,1.031312401,-7.844264949,5.981249574
19.77591,21.6421,4370.98,0.83822,0.345024,2.429454183,1.682362446,-8.241686116,5.771510851
11.39125,13.65896,3453.87,0.79598,0.570574,1.395051299,1.80515517,-8.582013973,5.5945341
16.60828,18.8637,5554.62,0.88192,0.252975,3.486194288,1.189123826,-8.045935687,5.785812396
22.18866,24.9065,6647.46,0.91192,0.183824,4.9608321,0.892077679,-7.699244085,5.919427739
21.13072,22.64021,4684.38,0.8635,0.29259,2.951228682,1.304066593,-8.13561852,5.8317188
24.20734,28.50592,6266.93,0.9355,0.133092,7.02897244,0.643323752,-7.324142384,6.155853328
25.50134,30.10236,6820.42,0.92696,0.152274,6.087447627,0.77726013,-7.506325856,6.188325616
22.92675,27.28733,6531.3,0.94252,0.135285,6.966921684,0.639335985,-7.351111844,6.204577761
11.5414,13.2156,3667.9,0.8131,0.517678,1.570667481,1.744174533,-8.570229166,5.623006342
8.9177,14.53863,3888.78,0.80968,0.535302,1.512566738,1.804125252,-8.595617589,5.530108131
22.06506,23.47009,5520.73,0.88084,0.267905,3.287881898,1.227564712,-7.993100004,5.824678527
20.37574,23.02357,6207.33,0.91712,0.189746,4.833408873,0.877677516,-7.696366212,5.991654944
16.12666,19.43528,3912.38,0.8572,0.430179,1.99265887,1.46873268,-8.267969853,5.813998035
19.73789,23.76765,6035.29,0.9133,0.200995,4.543894127,0.959385279,-7.748146366,5.965943591
13.10059,15.51473,5084.42,0.85578,0.396282,2.159522764,1.467384732,-8.323816475,5.719619401
17.19894,20.20025,5525.26,0.8991,0.241632,3.720947557,1.094801442,-7.855500705,6.118925231
24.09294,27.25744,5420.97,0.93394,0.159519,5.854725769,0.604896467,-7.449229154,6.228145438
21.61244,24.0193,5603.33,0.91332,0.208217,4.386385358,0.849950839,-7.706271783,5.913904537
6.00392,10.37236,2355.9,0.70364,0.89722,0.784244667,2.457178811,-9.151084346,5.470196757
14.01886,16.67374,5450.36,0.85646,0.347464,2.464888449,1.455731077,-8.248018474,5.76704997
19.27328,25.56787,6390.64,0.92862,0.159092,5.836999975,0.791385226,-7.513749798,6.191340673
20.03431,21.75429,4994.8,0.86084,0.335105,2.568866475,1.566145227,-8.182727878,5.797927616
12.84473,17.14444,6002.48,0.8661,0.315608,2.744227016,1.462647252,-8.14293578,5.755916179
10.5632,15.98446,3471.05,0.8058,0.52018,1.549079165,1.802066438,-8.538887591,5.699453126
9.46023,11.82165,4354.28,0.81176,0.475162,1.708385772,1.993599586,-8.56037533,5.666598191
10.83826,17.26891,3534.01,0.80844,0.484542,1.668462177,1.774855674,-8.496487394,5.618554644
9.64841,12.91961,4652.49,0.82774,0.455175,1.818509365,1.713540706,-8.457880109,5.699079851
8.40302,13.50578,3921.99,0.80614,0.535227,1.506164674,1.715936719,-8.597844794,5.681239762
18.91538,20.77335,3954.93,0.84194,0.408279,2.062168272,1.481370672,-8.355584762,5.842876571
21.05972,24.56187,4130.98,0.90096,0.277774,3.243500112,0.933672306,-7.921388675,6.083200626
20.54964,26.67345,6256.07,0.9293,0.154772,6.004316026,0.753430852,-7.48406147,6.211050398
5.53473,8.63628,2554.88,0.67716,0.7899,0.857273073,3.402251474,-9.148192482,5.186188605
20.86674,24.30639,6859.47,0.90232,0.192898,4.677705316,1.018401679,-7.778450355,6.106208062
10.51247,18.02428,5339.57,0.87588,0.322823,2.713189581,1.199070375,-8.164995584,5.920095404
17.47967,20.37965,5005.89,0.8986,0.253099,3.550389373,1.047753246,-7.859761797,5.9409694
17.62626,20.49289,5221.45,0.90122,0.247085,3.647408786,0.975997365,-7.859440477,5.95084584
20.22949,23.64726,6519.48,0.92604,0.16587,5.582926388,0.848166091,-7.563941399,6.039969663
7.05614,9.84356,2144.78,0.69802,0.911564,0.765738884,2.420981725,-9.163753118,5.26700179
18.46905,23.29286,4346.92,0.88134,0.365462,2.411577674,1.015462735,-8.173785116,5.759901772
11.8115,15.12558,4815.45,0.8485,0.389396,2.179015706,1.440653606,-8.299972014,5.764024646
9.75982,15.60764,4525.87,0.83518,0.421572,1.981108802,1.531824336,-8.445862997,5.610501532
16.59922,18.22341,4965.7,0.87152,0.296743,2.936952177,1.288192124,-8.107455171,5.810753668
6.5213,10.48752,1735.96,0.63652,0.899666,0.707507008,4.118023525,-9.460222333,4.959332111
7.99297,11.60238,4886.8,0.81154,0.474554,1.710110967,1.973973769,-8.557310357,5.618270784
21.90817,23.60354,5174.28,0.86992,0.272255,3.195239757,1.338208363,-8.023992765,5.880951105
19.30206,22.49817,4208.94,0.85554,0.344107,2.486261541,1.367170287,-8.265650191,5.661961855
4.42981,6.94884,1236.81,0.5983,1.20937,0.494720392,3.624459289,-9.54726278,4.882862501
16.78475,20.07178,5294.79,0.89708,0.258911,3.464819957,1.116521939,-7.914434423,6.103268626
28.56952,29.85587,5766.14,0.91244,0.21947,4.157470269,0.943578448,-7.714910157,5.993518253
9.604,11.62828,3109.09,0.80352,0.64162,1.25233004,1.917306428,-8.707013712,5.627506491
10.58741,13.31465,4885.73,0.8249,0.433036,1.904922454,1.684654205,-8.464177012,5.708684237
20.22013,22.77142,4742.9,0.86468,0.288952,2.992469337,1.334352758,-8.143236689,5.793996538
12.32229,16.59858,5274.24,0.86246,0.312589,2.759086212,1.416803299,-8.177665469,5.716029341
17.78385,20.97769,5752.59,0.9101,0.212567,4.281473606,0.974565052,-7.769248266,5.976854848
9.48703,12.4226,3575,0.78832,0.595978,1.322733389,2.053219134,-8.730010922,5.601673945
8.40065,10.65067,3119.22,0.73324,0.652729,1.123345217,2.670534061,-8.885221119,5.358370955
21.63901,25.93741,5862.86,0.92908,0.167512,5.546348918,0.73814272,-7.547572118,6.153090903
11.91872,15.3096,4438.25,0.86416,0.410522,2.105027258,1.17930459,-8.287914403,5.847793591
13.13181,22.50104,4679.08,0.8646,0.311101,2.779161751,1.323383369,-8.130744895,5.878649694
16.88391,20.06979,5620.64,0.8933,0.24652,3.623641084,1.146423862,-7.920490058,5.987978428
21.19413,22.03032,4682.8,0.86754,0.287223,3.020440564,1.243020332,-8.066805688,5.814932071
25.404,31.27302,6507.42,0.9331,0.149857,6.226602695,0.695658931,-7.452601765,6.177834737
18.17006,23.66056,6279.66,0.9311,0.162792,5.719568529,0.759051615,-7.521150708,6.06994529
9.9562,16.53924,5545.95,0.86088,0.339215,2.53785947,1.350819654,-8.250071621,5.838677966
11.71671,16.84633,4550.18,0.85778,0.382341,2.243494681,1.411172327,-8.260880493,5.725809032
28.00743,30.18619,6920.75,0.93572,0.147475,6.34493982,0.668971682,-7.42814672,6.297133139
20.70424,24.96769,3972.67,0.89816,0.292894,3.066501874,0.918314034,-7.938909643,5.964769646
19.71478,25.97381,6370.15,0.92522,0.158899,5.822692402,0.772907742,-7.507978245,6.167267944
13.42827,16.75604,5476.32,0.89578,0.267059,3.354240074,1.138712178,-8.001024743,5.823125271
11.52014,16.33183,4959.23,0.86404,0.346433,2.494104199,1.283518206,-8.194105914,5.715732157
20.0638,23.74438,6138.94,0.92546,0.176389,5.246699057,0.807245344,-7.600041605,6.061818376
11.13153,13.39867,4906.48,0.81838,0.419337,1.951604557,1.836055582,-8.452737511,5.706388702
20.99163,24.66959,6191.7,0.91998,0.186239,4.939781678,0.801655721,-7.652693448,6.127353931
17.40816,20.43231,5924.18,0.89552,0.227766,3.93175452,1.170926035,-7.889083928,5.988431505
22.73155,24.97533,5986.02,0.89616,0.238914,3.750973154,1.050164911,-7.913374519,5.952083127
18.34639,21.39008,5368.74,0.8994,0.245259,3.667143713,0.997269428,-7.861175717,5.984810699
19.71812,25.1878,5835.16,0.93112,0.163868,5.682134401,0.754821744,-7.481223836,6.153968143
12.77517,20.13494,4665.68,0.86276,0.330226,2.612634983,1.373961081,-8.174429009,5.768420637
12.16002,21.18589,5533.17,0.8769,0.295292,2.969602969,1.230905324,-8.129286048,5.831251018
19.41973,24.61019,5124.87,0.88654,0.235358,3.766772321,1.087698372,-7.886084161,5.991031555
21.52303,27.02935,5025.12,0.93388,0.190093,4.912753231,0.752005535,-7.50383036,6.185490652
13.47142,16.6863,5931.78,0.87148,0.270783,3.218370429,1.271812856,-8.066734327,5.680420295
7.59661,11.80613,3187.09,0.73814,0.597928,1.234496461,2.571400785,-8.850406686,5.3910767
10.73155,16.21646,4338.83,0.8231,0.417374,1.972092176,1.804529362,-8.424431666,5.649240561
22.79459,27.11689,6379.91,0.93296,0.135968,6.861614498,0.68692012,-7.401425175,6.129996776
13.76532,15.40232,4441.97,0.8084,0.406552,1.988429524,1.916663247,-8.525325416,5.550129722
17.15158,20.13356,4295.41,0.89578,0.307981,2.908556047,1.112624957,-7.986719384,6.00174541
9.67257,13.48791,4106.61,0.79,0.474123,1.666234289,2.079883919,-8.574498986,5.549165031
9.89338,12.95462,4279.89,0.80898,0.49194,1.644468838,2.080468535,-8.54357239,5.794390262
23.39559,26.2303,5948.97,0.92204,0.182153,5.061898514,0.811030984,-7.635929523,5.971481845
27.69453,44.17516,5568.41,0.91956,0.196381,4.682530387,0.81030438,-7.660608379,6.123667138
15.35387,18.23941,5824.85,0.87416,0.306284,2.854083139,1.256159405,-8.094788387,5.82949716
20.33568,22.40989,5335.48,0.86874,0.282973,3.070045552,1.369983488,-8.10508989,5.849562749
21.28222,25.43032,4762.01,0.9087,0.224997,4.038720516,0.800895597,-7.800970107,6.038924841
11.69887,15.3237,4321.03,0.79118,0.426085,1.856859547,2.167034539,-8.609562672,5.550302875
8.73051,14.60365,4117.28,0.812,0.499367,1.62605859,1.791455925,-8.560540698,5.547313436
9.31234,17.29159,4566.28,0.84108,0.399113,2.1073731,1.690208921,-8.338101882,5.723910358
17.23849,23.69031,5694.75,0.89824,0.226673,3.962712807,1.04895179,-7.826494284,5.909928873
15.7729,18.49031,4832.13,0.85658,0.317793,2.695402353,1.446594324,-8.177046692,5.747725334
20.43989,21.95573,3911.38,0.85748,0.348972,2.457159887,1.234958862,-8.22065314,5.932075773
6.87046,11.2834,2500.95,0.73744,0.841745,0.8760848,2.243308407,-9.033147186,5.387853836
9.91572,13.9975,4362.42,0.81244,0.437402,1.857421777,1.614687468,-8.508241294,5.652477044
19.96789,24.04615,5469.39,0.9152,0.208886,4.381337189,0.824060632,-7.691398402,6.093798081
17.94882,21.64325,5351.42,0.91226,0.220971,4.128415041,0.959093682,-7.753361028,6.077722932
17.41984,22.81908,5753.88,0.90988,0.206979,4.396001527,0.980798588,-7.749772951,6.081276778
7.87152,15.43807,4289.87,0.80632,0.481508,1.674572385,1.916443422,-8.54431108,5.59417584
21.54721,24.58361,5861.92,0.92278,0.180342,5.116833572,0.752468131,-7.609676544,6.193144368
20.45374,24.71124,5085.65,0.8897,0.241216,3.688395463,1.023893374,-7.892932766,5.984371724
18.95379,23.17611,5078.31,0.88924,0.242018,3.674272162,1.071232459,-7.878194564,5.914190986
27.01514,28.94676,6062.49,0.90958,0.219837,4.137520072,1.006796518,-7.75640012,5.899662557
17.20635,19.81541,5774.66,0.89762,0.228475,3.928744939,1.117738349,-7.877448171,5.98104084
8.08496,11.68739,3185.51,0.7955,0.68101,1.168117942,1.702992253,-8.72152673,5.542991231
21.3203,24.62432,5754.34,0.9125,0.184796,4.937877443,0.865107255,-7.652163175,6.023994015
8.22331,13.14374,3776.83,0.79044,0.597749,1.322361058,1.992898489,-8.692189544,5.591968106
9.16824,14.49366,5266.83,0.8411,0.365802,2.299331332,1.643896096,-8.324618728,5.663570599
17.84084,20.22571,5786.95,0.87342,0.301171,2.900080021,1.347166714,-8.081174434,5.774357674
19.43958,23.35068,4524.92,0.87266,0.287664,3.033608655,1.276427108,-8.092459575,5.825430647
4.13631,11.15937,890.159,0.5794,1.24668,0.464754388,3.51524266,-10.25344457,4.257659106
6.41673,10.21831,4293.48,0.77294,0.605887,1.275716429,2.45195873,-8.725393425,5.541604598
12.27892,20.76595,5304.28,0.86874,0.315204,2.756119846,1.215580926,-8.15268824,5.76571846
15.73017,18.38588,4383.64,0.87284,0.336371,2.594872923,1.301161575,-8.125271278,5.886923631
15.77602,20.64014,6437.08,0.90456,0.216154,4.184794175,1.020103394,-7.792181711,5.911826968
8.16141,11.57636,3527.51,0.78054,0.616103,1.266898554,1.918238672,-8.754775249,5.574376497
20.34871,23.29977,4653.34,0.883,0.294472,2.998587302,1.077632936,-8.060638575,5.906170352
11.22883,15.12819,3570.62,0.80082,0.522766,1.531889985,1.841991164,-8.568446776,5.566763355
7.94102,11.14573,2670.75,0.7044,0.726794,0.969187968,3.325992418,-9.035744462,5.277987575
20.41436,22.97788,4618.66,0.8557,0.314699,2.719106194,1.487469912,-8.198221186,5.88180892
26.50098,32.09668,6957.9,0.94392,0.122425,7.710189912,0.597571723,-7.301719161,6.194544671
20.9216,26.86533,6404.19,0.93582,0.14706,6.363525092,0.715120588,-7.421061486,6.081566618
15.93331,28.55077,6186.72,0.91292,0.198004,4.610613927,0.850872211,-7.74221571,5.944664637
21.23832,27.05437,6408.65,0.93088,0.151894,6.128484338,0.753467742,-7.470845675,6.177914997
21.97539,24.83169,4642.88,0.88988,0.292719,3.040048647,1.23988783,-7.977748828,6.091195984
24.71646,27.66213,7068.28,0.91994,0.176294,5.218215027,0.879980148,-7.636636423,6.165197249
16.02552,19.72071,3619.78,0.84012,0.408271,2.057750857,1.363610125,-8.327872832,5.740205285
18.04624,20.20806,2979.18,0.81762,0.435306,1.878264945,1.694830901,-8.361632276,5.693019865
11.74166,15.44254,4808.7,0.8442,0.42295,1.995980612,1.612122106,-8.36622525,5.742221724
20.80204,23.98052,4267.65,0.89938,0.277636,3.239421401,0.960365434,-7.893900775,6.107810051
17.07007,20.05998,3813.8,0.90186,0.333302,2.705834348,1.02276164,-7.988349183,5.872341058
8.62496,13.49869,5181.72,0.8273,0.397217,2.082740668,1.708222663,-8.414167869,5.614838564
20.45622,26.32503,6031.92,0.93334,0.159681,5.845028526,0.764441617,-7.464236579,6.099442873
10.9095,17.62883,5985.84,0.88006,0.290574,3.028694928,1.235691673,-8.123083046,5.854660122
21.2674,22.82572,2300.61,0.83972,0.559753,1.500161678,1.372011104,-8.430631139,5.786218922
21.18405,24.54497,5462.81,0.91136,0.207506,4.391969389,0.858846413,-7.713760926,5.987620445
18.42709,30.83975,4183.88,0.8577,0.365533,2.346436573,1.365127593,-8.281349448,5.789743833
20.11627,25.47401,5920.79,0.92284,0.173377,5.322736003,0.762049597,-7.519738535,6.115101481
5.05932,10.79118,2225.18,0.69272,0.868923,0.797216784,2.861748056,-9.29219174,5.190812581
15.96457,19.61475,4334.16,0.88114,0.323465,2.724065973,1.195353039,-8.097188974,5.884070759
23.59401,27.07465,6211.41,0.94608,0.136498,6.931090565,0.580695673,-7.314502796,6.318708433
25.0306,28.2361,5571.97,0.90108,0.222337,4.052766746,1.040217571,-7.807124406,5.905473182
15.79416,18.49933,4810.95,0.86352,0.303902,2.841442307,1.282412567,-8.120952346,5.881403843
9.90367,14.54657,4163.53,0.8435,0.439448,1.919453496,1.619287222,-8.396535911,5.732233425
19.75213,22.87103,4671.06,0.85718,0.304873,2.81159696,1.406400978,-8.204192639,5.781113922
15.00967,22.32491,5119.31,0.87184,0.289117,3.015526586,1.271081301,-8.057892413,5.856021758
16.78859,20.93926,5523.05,0.90402,0.234506,3.854997314,1.011541819,-7.844004561,6.038782939
11.84001,17.46259,4128.19,0.83246,0.400667,2.077685459,1.677671771,-8.34410198,5.767721291
9.86494,14.23152,4148.43,0.8103,0.486285,1.666306795,1.851148411,-8.545105213,5.671396181
11.24139,16.81715,4163.41,0.82344,0.439276,1.874539014,1.857232291,-8.408722465,5.681093099
24.79258,26.16031,5046.76,0.88712,0.252627,3.511580314,1.112698134,-7.934963801,5.822561952
14.93169,18.51568,4710.65,0.85816,0.31417,2.731514785,1.441239343,-8.16673321,5.758457939
8.9786,16.87982,4102.25,0.82478,0.474418,1.738509078,1.610070865,-8.525121143,5.706606244
6.33847,10.1987,2351.15,0.67978,0.774166,0.878080412,3.348361934,-9.202035705,5.222098566
8.18838,12.0265,4119.26,0.79978,0.50653,1.578939056,1.871760193,-8.538526043,5.614713662
12.97088,15.87648,5791.33,0.85034,0.34312,2.478258335,1.578415007,-8.216660164,5.825295371
5.12616,9.91815,2242.57,0.69374,0.909254,0.762977122,2.841767428,-9.214882163,5.103528722
11.70649,14.58199,4918.27,0.79802,0.412731,1.933511173,2.199504147,-8.590467378,5.636186378
20.52157,23.32172,4794.43,0.87628,0.280065,3.12884509,1.241894861,-8.048405525,5.920194405
10.82786,13.58842,4627.63,0.84738,0.394005,2.150683367,1.472735838,-8.310742438,5.69194001
18.77781,20.853,4295.69,0.83674,0.360162,2.323232323,1.705686592,-8.273655573,5.753245644
16.83949,20.83233,5464.15,0.89972,0.232244,3.874029038,0.977092399,-7.804560507,5.938119514
6.482,8.74998,2589.91,0.67968,0.721704,0.941771142,3.368242658,-9.224374483,5.12689027
21.0434,22.83382,4430.24,0.86214,0.3152,2.735215736,1.326694288,-8.208332041,5.819270691
19.73574,22.07268,5899.59,0.92002,0.198473,4.635491981,0.901816295,-7.708620563,6.118777793
5.16302,9.78202,1997.05,0.65876,0.885001,0.744360741,3.508382635,-9.462855765,4.938712898
16.90835,21.7222,6297.4,0.89124,0.223748,3.983231135,1.135952983,-7.905157015,5.885718119
17.75945,20.72426,5909.15,0.90686,0.208378,4.351994932,1.000844486,-7.786804304,6.023804562
12.36403,15.53535,5335.05,0.88596,0.299547,2.957666076,1.171591427,-8.023942719,5.849204961
21.9455,22.78232,4785.42,0.85526,0.291538,2.933614143,1.501776862,-8.204239854,5.811365293
22.2392,27.31706,6281.9,0.93126,0.157205,5.923857384,0.742109029,-7.472497704,6.1069088
16.4057,19.1911,5377.71,0.88334,0.261839,3.373599808,1.165794132,-7.97579371,5.89620708
11.93922,17.31657,5265.58,0.8677,0.327187,2.652000232,1.429225498,-8.159099332,5.832898417
21.48586,23.70808,5696.07,0.88758,0.265481,3.343290104,1.122071127,-7.990529541,5.990917327
11.67666,13.50706,3445.66,0.78272,0.541983,1.444178138,1.873839682,-8.6724599,5.532843466
11.55391,13.92176,5673.59,0.87462,0.310724,2.814780963,1.317393814,-8.116259956,5.810567049
8.88533,11.47589,3653.23,0.7819,0.555119,1.40852682,2.170950637,-8.630995338,5.611887123
12.05579,16.38225,5057.48,0.8723,0.334507,2.607718224,1.333244512,-8.149131163,5.827769831
17.36039,29.39611,3163.79,0.83466,0.487205,1.713159758,1.342273779,-8.443570337,5.66612796
20.89817,24.21133,5743.03,0.926,0.183407,5.048880359,0.832724451,-7.559579747,6.113534417
9.64579,13.06033,3603.84,0.8028,0.53512,1.500224249,1.773790389,-8.585425177,5.608422177
12.40067,20.68184,5532.88,0.87198,0.293155,2.974467432,1.327409421,-8.107602016,5.775066864
4.77462,9.33011,1751.34,0.64772,0.984519,0.657905028,3.303324891,-9.36680661,5.224144595
7.73137,9.56658,2958.72,0.76006,0.776924,0.978293887,2.090899118,-8.881041727,5.573473297
4.69966,9.04593,1669.88,0.62564,0.892945,0.700647856,3.92648759,-9.627121662,4.861122986
8.18429,11.53039,2987.37,0.76784,0.741831,1.035060546,2.179104009,-8.869066626,5.493866068
4.53279,8.27382,1756.07,0.64396,0.925107,0.696092452,3.752134377,-9.553367192,4.727865434
20.30851,23.99104,5559.18,0.89202,0.222487,4.009312904,1.070966807,-7.90597201,5.891836862
10.96709,16.55535,4074.85,0.8234,0.438129,1.879355167,1.805838396,-8.416992115,5.71075903
21.5572,26.9761,6591.01,0.92124,0.165224,5.575703288,0.852048454,-7.572790663,6.105062528
21.1316,27.40237,6386.62,0.93618,0.146697,6.381725598,0.750739542,-7.410878466,6.251857639
22.79219,25.52997,5301.9,0.91966,0.188485,4.879221158,0.754582723,-7.634429346,6.042425548
10.77626,15.96697,4774.87,0.83282,0.399341,2.085485838,1.710020731,-8.369032485,5.731811494
5.99793,10.39096,2787.83,0.71604,0.737961,0.970295178,2.48863125,-9.10343832,5.206446502
19.87379,24.47626,5441.34,0.91534,0.213068,4.295999399,0.842203905,-7.715926336,6.125751945
21.69207,25.34123,5522.18,0.92888,0.186831,4.971765927,0.754942801,-7.568884384,6.132873664
16.2917,19.68339,5593.73,0.88626,0.252183,3.514352672,1.172905078,-7.923896915,5.878792322
21.85569,24.03449,6641.12,0.91712,0.187045,4.903205111,0.858315705,-7.676405872,6.117875119
17.51037,22.98382,5523.33,0.91546,0.206833,4.426082878,0.900156795,-7.734389068,6.08755111
17.94407,20.4016,4659.5,0.89686,0.269626,3.326311261,1.009601491,-7.855716301,6.106534534
17.04313,19.38216,3213.97,0.83066,0.491524,1.689968343,1.772582816,-8.374972096,5.837491392
22.26413,28.04034,6519.75,0.9366,0.139556,6.711284359,0.740997781,-7.381304714,6.242278258
17.50476,19.58193,5765.97,0.88634,0.245385,3.612038226,1.222853587,-7.961546434,5.965186552
9.44086,13.01994,2782.33,0.74954,0.591313,1.267585864,2.27468876,-8.981092655,5.13313464
20.43359,26.49825,6379.31,0.92428,0.162895,5.674084533,0.857250903,-7.532170606,6.13440814
18.15035,20.11225,3408.97,0.83002,0.4127,2.011194572,1.404303559,-8.370656934,5.773424885
16.22479,20.39932,6224.88,0.91648,0.191472,4.786496198,0.942855777,-7.647480309,6.071495717
14.43494,19.71845,4502.58,0.84028,0.394068,2.13232234,1.723120692,-8.30969985,5.81706585
20.16294,22.24101,5424.45,0.8811,0.28462,3.095706556,1.137754217,-8.04713203,5.883536563
30.96836,34.0533,7320.19,0.93934,0.131087,7.165775401,0.670900383,-7.39822819,6.193799723
14.50923,17.59427,5719.3,0.87076,0.314948,2.764773867,1.351049164,-8.120672296,5.797260242
14.59656,17.99633,5504.25,0.87518,0.326665,2.679136118,1.256903024,-8.143347864,5.790239389
12.25896,15.0372,3088.14,0.77072,0.665479,1.158143232,2.217950995,-8.849869095,5.471955743
22.56319,24.79485,6291.93,0.91912,0.192908,4.764550978,0.795802966,-7.706089001,6.102867576
8.64999,10.56394,2545.32,0.69576,0.658035,1.057329777,2.91677116,-9.259661804,4.911449702
24.7027,26.03941,4776.81,0.88862,0.277889,3.19775162,1.152701408,-7.976898613,5.836384754
7.73859,11.86784,2666.78,0.76834,0.821709,0.935051216,2.256904622,-8.894725965,5.400121237
23.96689,27.60067,4951.84,0.89856,0.259953,3.456624851,1.093464186,-7.862084032,5.996522152
17.21239,20.40666,5360.31,0.87058,0.290932,2.9923831,1.363023843,-8.109570753,5.76139006
12.01888,14.02896,3184.06,0.77544,0.557183,1.39171511,1.935671824,-8.745506492,5.500530876
21.38414,27.14492,6362.76,0.93018,0.163619,5.685036579,0.789452959,-7.551325952,6.15814483
19.12258,21.67977,4521.58,0.88202,0.311761,2.829154384,1.352027771,-8.005337561,5.905118972
19.90087,21.90669,6099.86,0.91894,0.192697,4.768833973,0.92032596,-7.707840395,6.016218236
17.38453,20.94579,5123.16,0.90112,0.257089,3.505089677,1.028451353,-7.882957469,6.084367753
8.08912,10.87821,3263.16,0.74306,0.624231,1.19036062,2.65379082,-8.826145579,5.507981507
11.75388,13.8858,2842.22,0.79586,0.672345,1.183707769,1.940827656,-8.752479747,5.452589993
9.23952,11.77333,4104.01,0.7902,0.516649,1.529471653,2.196556752,-8.574030218,5.655886543
5.59071,9.03181,1345.35,0.65924,1.43254,0.460189593,2.902974724,-9.502380198,5.100023825
23.29218,26.91348,6533.88,0.93636,0.143227,6.537594169,0.687665015,-7.387641575,6.139653176
19.96465,22.77028,5717.79,0.90118,0.225571,3.995105754,1.088958481,-7.843193411,6.015376292
11.15724,14.42884,5088.03,0.873,0.331962,2.629819076,1.344017541,-8.114407467,5.848658197
17.27512,19.64427,3515.37,0.88532,0.394277,2.245426439,1.176129053,-8.13357864,5.901786108
11.35508,22.37544,3627.3,0.83554,0.461219,1.811590589,1.621151711,-8.460394289,5.712710268
19.5522,22.97411,6109.8,0.91242,0.195024,4.678501108,0.937512973,-7.70096121,5.946618993
17.40192,23.192,5999.72,0.91726,0.190695,4.81008941,0.906700265,-7.670831643,6.05583546
8.92064,12.81346,3669.05,0.80054,0.566329,1.413559962,1.852748374,-8.678258897,5.626552119
24.01614,26.19947,5824.12,0.9319,0.151248,6.161403787,0.644179207,-7.471856901,6.193771949
24.0579,26.68053,6826,0.92342,0.17132,5.390030353,0.828990263,-7.608742534,6.096963258
18.41292,21.39458,6118.09,0.91146,0.204423,4.458695939,1.01759222,-7.754893449,6.154240829
10.78071,18.86968,5155.18,0.83916,0.343276,2.444563558,1.603291924,-8.297147637,5.774009937
9.63061,14.27301,4539.5,0.84108,0.401392,2.09540798,1.676232995,-8.380823326,5.75591241
8.31051,12.11819,2974.92,0.74628,0.624482,1.195038448,2.311315656,-8.948388515,5.384972732
9.63039,15.22767,5252.6,0.84018,0.365449,2.299034886,1.605945572,-8.30669022,5.744154735
25.27434,27.96352,5356.01,0.90546,0.206402,4.386876096,0.968753136,-7.744672248,6.124526495
28.53461,32.00528,6766.01,0.95692,0.103358,9.258306082,0.511328069,-7.095997063,6.432686225
9.3251,10.58683,2895.04,0.71594,0.648253,1.10441448,2.62176179,-8.911669572,5.373848748
11.64882,13.32474,3042.74,0.8293,0.592397,1.399905806,1.61055327,-8.529901616,5.688080543
19.97679,21.60057,6104.42,0.90662,0.20238,4.479790493,0.990901813,-7.763618114,5.972899426
11.71839,16.99633,4115.77,0.83664,0.439781,1.902401423,1.589796207,-8.386360812,5.720827548
9.81088,13.31775,3002.93,0.77934,0.61969,1.257628814,1.88994512,-8.728940271,5.441639318
12.04906,15.80417,4871.77,0.8418,0.421113,1.998988395,1.667845521,-8.374825851,5.825491401
11.18882,14.15611,5497.23,0.84582,0.362801,2.331360718,1.621665351,-8.27726653,5.864328891
10.9365,14.78744,3541.34,0.80602,0.503765,1.59999206,1.86542858,-8.551358929,5.612053579
10.66698,15.00859,4420.81,0.82792,0.454533,1.821473908,1.562262299,-8.518249182,5.561957038
9.04421,12.47724,4570.22,0.81574,0.459823,1.774030442,1.845850511,-8.442497393,5.644098768
20.18712,24.09754,6328.57,0.92814,0.167839,5.529942385,0.799562766,-7.567719761,6.13565879
15.65408,19.71662,6687.32,0.90766,0.208943,4.344055556,0.988796632,-7.803695761,5.960882854
5.51702,10.84525,2371.14,0.69264,0.872956,0.793442052,2.680707793,-9.223560875,5.246438657
12.0635,15.30968,4677.72,0.86014,0.349307,2.462418446,1.393405078,-8.252427377,5.65195396
21.763,24.84278,4852.77,0.89114,0.270314,3.296684596,1.21242377,-7.920134993,5.897521445
19.97149,23.67476,6420.11,0.9132,0.182566,5.002026664,0.935441649,-7.669033081,6.062842321
17.31141,20.29006,4225.74,0.90256,0.298344,3.025232617,1.006777549,-7.931397937,5.997150325
12.66944,17.75121,4961.27,0.87444,0.319931,2.733214349,1.198775843,-8.115699722,5.839485632
5.75269,8.35583,2214.92,0.6706,0.903949,0.741856012,3.324266053,-9.232579604,5.174587217
18.55098,20.21402,3244.64,0.84344,0.45404,1.857633689,1.485969136,-8.384007984,5.72016852
11.03687,16.4941,4955.29,0.8518,0.381473,2.232923431,1.38563654,-8.337803473,5.775974846
21.89178,24.94467,4889.4,0.89064,0.258836,3.4409433,1.020832804,-7.944149371,5.990053294
13.35787,16.89525,5045.2,0.84522,0.374171,2.258913705,1.57485037,-8.273040057,5.729863644
25.52137,29.30106,6816.97,0.95122,0.113398,8.388331364,0.598050181,-7.172688639,6.370934051
13.16103,17.66918,4798.18,0.8522,0.367913,2.316308475,1.531982289,-8.255377852,5.829841722
21.12042,26.90792,6205.96,0.93132,0.159973,5.821732417,0.721278579,-7.513290363,6.123047011
19.91243,22.15277,5425.29,0.87014,0.285366,3.049206983,1.378249498,-8.072139282,5.953012915
14.6908,20.94384,5936.85,0.91174,0.215105,4.238581158,0.873370135,-7.802152947,6.004730504
21.87557,24.65028,6039.32,0.92478,0.17483,5.289595607,0.81502136,-7.567966441,6.166459792
26.18409,30.37077,4900.03,0.91292,0.228053,4.003104541,0.944347437,-7.739305049,6.018480125
20.75565,25.98542,6714.48,0.92206,0.159721,5.772941567,0.847247677,-7.556735239,6.096481949
25.25533,31.88815,6738.33,0.93118,0.144517,6.443394203,0.707303246,-7.469479091,6.106340728
12.7185,18.32348,4552.51,0.86046,0.374304,2.298826622,1.349541852,-8.27920287,5.721594795
15.91872,18.60448,5178.44,0.8906,0.276065,3.226051836,1.082959171,-7.977254421,5.861089945
17.26153,19.72422,4105.58,0.89258,0.329392,2.709780444,1.083154033,-8.024212352,5.96471079
6.20399,11.0234,2296.61,0.72278,0.942692,0.766719141,2.51852638,-9.101261883,5.454637601
22.72428,25.09154,5714.21,0.91814,0.175487,5.231954504,0.794470322,-7.610839277,6.088702221
17.55474,20.1881,4352.81,0.85642,0.348928,2.45443186,1.387359741,-8.226983546,5.79378528
29.43875,30.93321,7050.56,0.95466,0.101017,9.450488532,0.535191064,-7.073383606,6.307944599
11.87666,17.24342,4847.34,0.8529,0.366733,2.325670174,1.528926881,-8.290226095,5.824276076
22.4642,26.5482,6433.54,0.92318,0.164002,5.629077694,0.866269112,-7.553061329,6.055693422
17.80808,20.48051,5053.74,0.89616,0.25111,3.568794552,1.039987775,-7.86585653,6.032119169
16.07974,18.93723,5403.91,0.88552,0.252255,3.510416047,1.158913625,-7.968201907,5.904703366
24.10901,30.1163,6449.21,0.94218,0.123916,7.603376481,0.603735372,-7.288790608,6.199514251
17.18944,18.41369,3769.47,0.82846,0.391962,2.113623259,1.662131209,-8.34697258,5.696568925
23.90156,28.06624,6315.92,0.9257,0.166399,5.563134394,0.747291463,-7.569136739,6.14298466
14.62913,17.46142,6103.82,0.86284,0.298615,2.889473067,1.475681866,-8.155048353,5.801437882
20.3406,21.56051,3777.46,0.87076,0.358571,2.428417245,1.321733021,-8.066733912,5.933439219
8.38931,16.72769,3006.43,0.78892,0.611103,1.290977135,2.123664837,-8.760905317,5.595672417
16.86643,21.39293,5847.43,0.89246,0.235487,3.789848272,1.18494308,-7.911615783,6.017298289
16.98817,17.97533,2725.96,0.82152,0.579883,1.416699576,1.936976049,-8.502888865,5.68636817
11.57288,14.97532,5362.32,0.87764,0.307823,2.851118987,1.284434927,-8.153867174,5.925601482
16.20945,20.70016,6044.94,0.89482,0.223422,4.005066645,1.081793703,-7.885699772,6.077871531
10.1707,15.32345,3232.67,0.78826,0.544365,1.448035785,1.869949547,-8.579157829,5.559218948
7.91731,9.91536,4016.41,0.77426,0.572383,1.35269566,2.379208436,-8.751190169,5.515714627
21.00788,24.57751,5541.74,0.90026,0.209595,4.29523605,0.959073811,-7.783667506,5.952724842
7.58144,10.44534,4351.14,0.78928,0.547881,1.440604803,2.036076682,-8.630414773,5.582308249
6.68889,9.34736,3937.62,0.76318,0.633343,1.20500266,2.515600877,-8.800359853,5.560754551
11.45667,15.15172,5335.88,0.84872,0.380434,2.230925732,1.589007127,-8.345159831,5.774049186
11.19817,13.7953,4195.13,0.8349,0.437524,1.908238177,1.647732793,-8.411862607,5.63104025
8.87355,15.12905,3978.11,0.80998,0.480075,1.687194709,1.719254097,-8.565786905,5.624554324
29.79675,31.70822,5055.89,0.90762,0.199792,4.542824538,0.920265532,-7.684760064,6.130308199
9.27996,14.76162,4019.7,0.81296,0.518134,1.569014965,1.781358731,-8.57593857,5.572908465
16.18068,18.93937,5889.59,0.88006,0.2481,3.54719871,1.26468541,-8.001264862,5.9032752
10.36753,13.71702,4971.21,0.81,0.416868,1.943061113,1.933958077,-8.478130786,5.601580369
19.6175,23.7137,6149.83,0.91546,0.189746,4.824660335,0.874007878,-7.677053848,6.057913816
16.32618,20.40071,2511.17,0.83848,0.577706,1.451395693,1.475084451,-8.505058121,5.547927051
18.0476,20.1236,3744.27,0.85182,0.393628,2.164022885,1.469757183,-8.248253809,5.760602681
9.57228,12.48282,4531.18,0.80556,0.464623,1.733792774,1.954495074,-8.53553843,5.542554757
26.26183,28.83333,5223.31,0.90088,0.22522,4,0.958857604,-7.826194205,5.987413091
11.08572,16.15082,4412.52,0.84478,0.400628,2.108639436,1.399773604,-8.330394134,5.780867527
8.28459,11.6574,4323.53,0.80186,0.515637,1.555086233,2.089490445,-8.617727481,5.535669799
9.00993,13.45893,3566.81,0.82646,0.560179,1.475349844,1.690719244,-8.553791415,5.574563994
27.52302,28.89023,5654.39,0.90718,0.214693,4.225475446,0.952411167,-7.763332183,6.012476243
10.27105,13.79205,5112.03,0.84152,0.37214,2.261299511,1.622934889,-8.347029432,5.676288252
8.91975,14.08566,4750.34,0.83286,0.413591,2.013728539,1.688423711,-8.391481731,5.697636422
22.0064,27.05135,5206.62,0.93052,0.188941,4.924923653,0.741418218,-7.561587434,6.10387945
16.61186,20.7758,5623.35,0.89628,0.233889,3.832074189,1.063881439,-7.866278361,6.036768696
18.58582,21.00735,5545.45,0.90692,0.222127,4.082889518,1.077756795,-7.829991596,6.034554528
8.57735,11.60109,4316.51,0.81178,0.513011,1.582383224,1.769459037,-8.55843177,5.599506031
20.79498,27.29305,7232.17,0.94324,0.122983,7.669677923,0.630282334,-7.358201698,6.085872073
15.82049,18.28876,5704.26,0.88686,0.275307,3.221349257,1.047581353,-8.017164956,5.931883913
13.48257,15.44978,4100.06,0.80194,0.446142,1.797499451,1.983512582,-8.599069982,5.507320981
11.26247,15.36003,5027.58,0.8523,0.336626,2.531889991,1.49195998,-8.279410132,5.767643608
19.04383,24.42543,6048.11,0.91896,0.176684,5.201150076,0.867869969,-7.611256259,6.09834045
7.58991,10.83154,3151.92,0.75508,0.699397,1.079615726,2.473548526,-8.936207897,5.306228633
16.06178,20.12787,5835.12,0.89838,0.237993,3.774816906,1.085848208,-7.903849487,5.923023693
9.25132,12.26652,3024.29,0.77878,0.66674,1.168041515,1.906600883,-8.801050651,5.496154634
20.8429,21.88504,4615.9,0.84844,0.310594,2.731668996,1.508708008,-8.336973667,5.615603254
18.36487,21.31795,4458,0.91146,0.269857,3.377566637,0.983432619,-7.827755276,6.123045886
8.86426,13.31668,3132.47,0.76918,0.640338,1.201209361,2.101527219,-8.830864675,5.429171174
15.27053,25.89619,3232.11,0.8083,0.469483,1.721681083,1.765545655,-8.588733179,5.54692557
27.32248,31.24242,5983.09,0.92438,0.184036,5.022821622,0.770135877,-7.615564624,6.115103256
15.36935,18.76315,4753.55,0.86322,0.317292,2.720585454,1.386311874,-8.144332533,5.872778319
16.56712,19.43941,4206.36,0.88284,0.333653,2.645982503,1.216917981,-8.10488865,5.943234624
6.83704,10.81669,2565.84,0.72818,0.828828,0.878565879,2.615318934,-9.069188839,5.372368687
12.00029,14.72643,4543.24,0.82662,0.438415,1.885473809,1.812157217,-8.423095632,5.733216412
17.29736,21.44817,5908.57,0.90558,0.207692,4.36020646,1.05001379,-7.769063921,5.983709935
17.80284,23.34769,6099.95,0.93256,0.171574,5.435322368,0.683101489,-7.567963237,6.081729297
11.2897,16.2393,5011.49,0.84844,0.377699,2.246339016,1.61911585,-8.258393003,5.717391879
25.17059,33.31571,5811.23,0.93964,0.134219,7.000797205,0.57280536,-7.328724668,6.322690885
19.11558,21.05514,4680.32,0.83672,0.334999,2.497679098,1.758265707,-8.314250923,5.752310763
10.82596,15.22417,4957.01,0.83364,0.388138,2.147792795,1.75270402,-8.358026402,5.695584479
20.90772,23.49379,5177.51,0.8671,0.277701,3.122423038,1.410226226,-8.160379311,5.798348461
24.42816,28.32938,6660.85,0.92804,0.155039,5.985848722,0.756409954,-7.511956799,6.112471441
18.0402,24.94369,6512.35,0.9286,0.161726,5.741810222,0.822270692,-7.505283578,6.095882799
9.98441,17.10999,4480.51,0.83398,0.420328,1.984117166,1.690291464,-8.411831781,5.648304082
23.23313,26.3828,5780.62,0.9239,0.160658,5.750725143,0.712948808,-7.509228241,6.033751576
20.08357,27.80207,6613.65,0.93386,0.15052,6.204225352,0.729931241,-7.467152362,6.051399071
11.27514,16.08823,3599.44,0.84788,0.493412,1.71840166,1.436856129,-8.399382158,5.780455894
20.69229,24.65552,5253.03,0.89576,0.225914,3.965048647,1.006685925,-7.823636102,6.107950913
8.88711,11.19985,2508.16,0.73544,0.829193,0.886934646,2.458065529,-9.077122168,5.371362841
18.11,20.13974,5250.74,0.8627,0.322213,2.677421457,1.415773249,-8.205202687,5.83918529
16.94611,20.68822,4466.11,0.90092,0.292771,3.077217347,1.055448673,-7.935229518,5.883204153
22.56587,26.22104,7098.12,0.92254,0.162206,5.687459157,0.824476485,-7.622501979,6.055274168
8.11813,11.77751,4566.21,0.80612,0.490658,1.642936628,2.002680317,-8.537432154,5.645363661
11.36713,20.0873,5514.27,0.85786,0.298328,2.875559787,1.442371858,-8.147196602,5.70004199
20.82036,22.07419,5653.87,0.88456,0.272922,3.241072541,1.160720739,-8.043103982,5.809208681
19.88194,24.74475,5696.18,0.8958,0.247509,3.61926233,1.092083354,-7.90933181,5.94303362
7.22424,9.73378,3061.13,0.725,0.720028,1.006905287,2.532676229,-8.970840122,5.349731945
11.2752,14.97727,5112.88,0.85312,0.361818,2.357870532,1.470355507,-8.262246416,5.697804969
10.93723,14.38287,5327.28,0.8335,0.389239,2.14135788,1.714219026,-8.336669127,5.717115344
20.0712,24.71814,5243.74,0.8967,0.226167,3.964769396,0.960663586,-7.835405718,6.065585629
19.95548,21.62613,4829.79,0.84076,0.313148,2.684864665,1.622699168,-8.272282981,5.654121637
20.28691,25.22949,5432.87,0.91262,0.197395,4.623318726,0.831276806,-7.693727379,5.979053181
21.59472,24.33064,4256.12,0.89964,0.270221,3.329274927,0.946160683,-7.898085878,6.034708574
13.64842,16.1005,2744.8,0.7769,0.564748,1.375657816,2.02566967,-8.611601573,5.660541911
20.25601,22.53773,6242.18,0.91606,0.186425,4.913825935,0.892998009,-7.661177439,6.010421113
9.03098,14.05314,5286.68,0.8369,0.373518,2.240588138,1.70180371,-8.361708612,5.728353348
13.90018,17.08591,5745.24,0.89638,0.252857,3.545007653,1.134479469,-7.946005143,5.981242546
19.99531,25.18785,5094.66,0.9015,0.2203,4.092147072,0.890951994,-7.821306988,6.055157782
23.06092,26.21543,6246.44,0.91208,0.178866,5.0992363,0.915795884,-7.702922066,6.059499493
10.99695,15.69688,4961.24,0.8548,0.369765,2.311738537,1.36808395,-8.302450627,5.720123882
18.72938,23.57896,6329.33,0.92428,0.172586,5.355474952,0.809863132,-7.547169753,6.098432272
22.93599,26.87343,6205.56,0.92794,0.164148,5.653069181,0.738000815,-7.530524122,6.181762001
20.23318,22.31921,3256,0.85794,0.427411,2.007295086,1.330591362,-8.261382734,5.837449034
11.30647,14.90289,5501.35,0.84888,0.368199,2.30549241,1.561486268,-8.296841488,5.700638465
11.44679,14.10808,4350.38,0.82194,0.464648,1.768951981,1.730763098,-8.466684899,5.654480203
19.08246,21.37227,5549.97,0.90982,0.221715,4.103556367,0.951531693,-7.770198312,6.006969582
10.38047,14.77307,4698.2,0.8501,0.425546,1.997668877,1.522797905,-8.340560782,5.702188308
10.59805,15.08794,4732.08,0.83208,0.441415,1.885028828,1.490320321,-8.463062265,5.729822583
14.34218,17.93391,5561.78,0.87506,0.324244,2.698770062,1.288038311,-8.102823585,5.820252134
13.26997,17.80978,5122.05,0.87266,0.311093,2.805141871,1.33910468,-8.12070389,5.825609887
30.29414,34.98953,6828.67,0.93396,0.141095,6.619369928,0.723482891,-7.446410526,6.131803168
12.85149,16.89972,4738.16,0.8487,0.341766,2.483278032,1.50754442,-8.220635841,5.783623711
16.63966,20.02901,5825.77,0.89244,0.226247,3.944538491,1.1182624,-7.891074009,5.933991426
10.55761,15.64607,5263.84,0.84744,0.348543,2.431378625,1.496389904,-8.294722894,5.772569477
30.27388,31.76203,5029.32,0.91136,0.200106,4.554386175,0.863113863,-7.667868479,6.125892536
7.42212,10.60714,2861.81,0.73216,0.752631,0.972800748,2.898884024,-8.84450923,5.542683106
21.28448,22.29565,4371.29,0.86414,0.319221,2.70702742,1.398089293,-8.136520788,5.749388
19.4867,22.39479,6040.3,0.9164,0.198372,4.619603573,0.94979903,-7.675272061,6.092752932
8.09993,12.25134,4876.95,0.79328,0.435794,1.820309596,2.087307099,-8.552923629,5.522625831
14.32691,16.96972,5644.5,0.85752,0.333497,2.571297493,1.529247416,-8.210513113,5.811711439
5.94545,11.26505,2650.05,0.74092,0.818636,0.905066476,2.069475958,-9.052157575,5.331404488
23.51194,30.14187,6779.57,0.9429,0.129124,7.302283077,0.669292708,-7.32870766,6.176329575
21.08353,23.78785,4628.57,0.87078,0.301786,2.88542212,1.232446342,-8.1308122,5.902253701
21.96588,26.04703,6161.17,0.91712,0.189563,4.838074941,0.797928827,-7.683725499,6.09610282
17.8958,24.88568,6012.27,0.93176,0.166487,5.596593127,0.737190204,-7.481221429,6.136094153
11.36478,14.77488,5353.75,0.87162,0.305244,2.855486103,1.315474412,-8.137171883,5.856146825
21.34252,28.91791,6215.82,0.94388,0.138071,6.836192973,0.634634385,-7.3119073,6.265724983
8.71648,13.77042,4273.67,0.80298,0.474397,1.692632964,1.933848427,-8.567042143,5.593939792
8.36728,10.99396,3282.43,0.73282,0.599697,1.221983768,2.550912229,-8.881261054,5.354536448
4.74687,10.51279,1593.06,0.60666,0.855858,0.70883254,4.09265381,-9.530482461,4.870397913
15.78517,17.51654,2385.21,0.75448,0.560098,1.347049981,2.146139872,-8.744909925,5.432983388
23.4765,26.69159,6804.64,0.9324,0.147114,6.337942004,0.741931914,-7.47475845,6.218824109
12.48285,15.54226,6041.06,0.88268,0.267412,3.300824196,1.255076945,-8.020905631,6.093621161
6.14113,8.45028,2930.77,0.7116,0.778505,0.91405964,3.001757128,-9.048752285,5.358518474
23.8656,28.54537,6506.59,0.93514,0.131809,7.094659697,0.664640887,-7.38249996,6.266478232
21.66237,24.27108,4854.7,0.9214,0.224856,4.097733661,0.847450065,-7.729779109,6.070829362
27.83244,30.09135,5860.81,0.90498,0.201152,4.498985842,1.017456123,-7.760877086,6.075541976
9.11307,13.54158,5113.11,0.83348,0.377312,2.208994148,1.687252933,-8.358807049,5.657634804
28.74359,29.63938,5046.23,0.90548,0.229988,3.937074978,0.996972398,-7.818708064,5.836905574
17.51017,22.6296,5881.45,0.908,0.206355,4.400184149,1.023120386,-7.769042203,6.084703069
17.09403,19.06239,5352.38,0.8817,0.259667,3.395502702,1.155293822,-7.959491495,5.989975599
6.86045,8.98089,2820.58,0.72844,0.803405,0.906690897,2.358942673,-8.999060525,5.427420808
20.7123,22.46908,4977.9,0.85416,0.304717,2.803125523,1.550786252,-8.212816813,5.783534511
11.97504,17.35576,5599.11,0.86262,0.337139,2.558647917,1.479195256,-8.21439682,5.868714859
7.73474,10.54357,3614.32,0.77396,0.634733,1.219347348,2.193588978,-8.771471668,5.468413967
7.3704,10.39953,4660.15,0.80646,0.524373,1.537951039,2.053559312,-8.548219367,5.585490422
8.62326,12.55557,2755.47,0.7208,0.69408,1.038497003,2.766523339,-8.956959486,5.281057121
17.55901,20.01776,4266.6,0.89408,0.314622,2.841759318,1.139756939,-7.999039914,5.877027912
19.87988,28.34061,6143.82,0.9357,0.154403,6.060115412,0.677526657,-7.453143014,6.169815787
17.21861,21.3052,5752.25,0.90242,0.211823,4.260255024,1.028941881,-7.753968184,5.903602913
21.42752,22.48451,5112.06,0.86776,0.318548,2.724110652,1.489206957,-8.157800535,5.789587351
10.79361,15.13231,5634.21,0.86198,0.31859,2.70560909,1.46285965,-8.216019076,5.750234943
8.7836,12.9465,4332.75,0.82988,0.465015,1.784630603,1.713912561,-8.484582655,5.696072458
20.71015,23.29007,3534.83,0.85606,0.383756,2.230740366,1.383890004,-8.232843197,5.711863894
18.12638,20.22506,5593.51,0.89864,0.231942,3.87441688,1.064735761,-7.844192407,5.979219577
7.20659,10.0327,3254.43,0.73708,0.631308,1.16754421,2.401437571,-9.005286819,5.355349151
20.91599,24.23025,4207.37,0.89844,0.273373,3.286498667,0.973102887,-7.885796969,5.812003685
17.49748,20.50288,5828.33,0.90978,0.208701,4.359250794,0.957159921,-7.719774122,6.032026007
30.8544,31.87356,5995.61,0.91206,0.179935,5.068830411,0.923532851,-7.664173547,6.017525776
27.45412,29.96801,6795.76,0.95186,0.113051,8.419739763,0.550684004,-7.188769147,6.202559642
17.98019,20.57293,3872.74,0.84626,0.373748,2.264252919,1.592415683,-8.160253394,5.781254933
8.71414,11.53538,3817.14,0.7846,0.571524,1.372820739,2.244175146,-8.670136141,5.57996105
21.93655,22.94019,5507.95,0.88664,0.276415,3.207640685,1.12110008,-8.015430522,5.773805196
20.05087,21.44293,2922.88,0.83176,0.461457,1.802464802,1.42690028,-8.363009344,5.691494328
15.41595,16.76479,5764.14,0.87218,0.324086,2.69119925,1.337142083,-8.152745633,5.964365562
18.40507,20.44612,3381.03,0.87208,0.45103,1.93352992,1.241776297,-8.313916358,5.773237844
10.96021,13.89197,4176.32,0.80236,0.451601,1.776701114,1.956579715,-8.510219078,5.554420297
11.14423,16.39927,4756.4,0.8422,0.372913,2.258435614,1.599204365,-8.313143407,5.726662637
13.25069,15.95337,5558.53,0.85434,0.353105,2.419506946,1.467086035,-8.224581406,5.797997232
11.5551,20.95912,3079.46,0.82954,0.554853,1.495062656,1.707334338,-8.527918357,5.666608134
11.64519,18.10662,2887.97,0.81864,0.617945,1.324778095,1.850605941,-8.565434976,5.708113914
20.61713,23.94532,4989.21,0.87598,0.28089,3.118587347,1.205172453,-8.029734916,5.929706656
24.39979,28.89943,5833.34,0.92168,0.18139,5.081206241,0.770398065,-7.596049333,6.053852057
7.04684,11.03146,2259.7,0.6805,0.856528,0.794486578,3.507176867,-9.12233104,5.354265961
7.14603,11.42731,2994.76,0.75852,0.722044,1.050517697,2.158773115,-8.851998397,5.428622166
14.0996,17.52227,6217.17,0.89156,0.238805,3.733422667,1.120989604,-7.953384329,5.951386761
19.97078,21.90562,4273.3,0.86546,0.320258,2.702383703,1.2533243,-8.225586497,5.859245534
12.71966,16.0253,5956.29,0.84786,0.342881,2.472752938,1.648755957,-8.263002986,5.70522462
18.25384,24.48157,5664.89,0.91742,0.193096,4.751108257,0.826475879,-7.685955298,6.069677542
11.62428,14.32035,5290.08,0.84874,0.382331,2.219908927,1.542055848,-8.337554046,5.815368787
17.45484,20.04017,4732.85,0.85958,0.325379,2.641780816,1.406899186,-8.204085254,5.685942692
27.65204,28.91864,5861.88,0.9409,0.155798,6.039230285,0.608407537,-7.401076897,6.157623337
17.41724,22.09965,5736.95,0.9062,0.204594,4.4292599,0.952512485,-7.74101845,6.035676312
9.86133,13.39032,3832.43,0.8043,0.505456,1.591236428,1.768398335,-8.586710092,5.543710589
16.20282,18.29637,5381.5,0.87978,0.272632,3.226987294,1.238121055,-8.046112697,5.843217042
19.62622,23.72834,4614.15,0.87476,0.291178,3.004210483,1.271231872,-8.069728652,5.831650629
12.21504,15.71837,3688.95,0.85764,0.461342,1.859011319,1.42581367,-8.378302584,5.836830032
17.45396,20.64269,5293.92,0.89486,0.252138,3.549088198,1.060730977,-7.928093655,5.8935281
12.62845,15.19592,4088.14,0.81096,0.447593,1.811824582,1.845487601,-8.541488049,5.744083136
8.22658,11.63097,3937.65,0.78374,0.54774,1.430861358,2.092103063,-8.635846998,5.582439208
11.1019,13.87379,5516.05,0.84238,0.386322,2.180512629,1.705501415,-8.360093697,5.80789709
19.33226,23.57708,6736.01,0.89972,0.213042,4.223204814,1.024987182,-7.838834714,5.966366987
8.51011,14.1241,4147.9,0.7722,0.49079,1.573381691,2.41286071,-8.648367449,5.483202307
9.59935,15.07039,3170.13,0.81382,0.621917,1.308566899,1.664714032,-8.692865356,5.607582895
17.86255,20.04728,2701.32,0.83654,0.582971,1.434959887,1.635157265,-8.482464409,5.823932196
27.12844,29.59597,4271.73,0.88712,0.278649,3.18364681,1.126060682,-8.040564527,5.935283568
14.47394,18.02269,6141.16,0.88748,0.259426,3.420936992,1.167914959,-8.021395504,5.898647506
18.62928,20.14992,5092.64,0.87312,0.302759,2.883877936,1.28582899,-8.138050542,5.821742875
21.26785,22.50578,4889.63,0.86086,0.308387,2.791492508,1.449612717,-8.237894433,5.730856885
17.35824,20.44591,4727.42,0.86126,0.354409,2.43013016,1.493887751,-8.214226198,5.903501833
8.06729,15.38736,3683.29,0.74862,0.524724,1.42669289,2.598639796,-8.786790424,5.442058048
25.58158,27.91385,4685.82,0.89872,0.236004,3.80807105,0.909219459,-7.825839879,5.954941747
24.49348,27.54071,6712.29,0.94354,0.126839,7.438879209,0.640980846,-7.295920147,6.153049236
10.22905,13.35329,5247.06,0.85786,0.357705,2.398233181,1.466478328,-8.271412361,5.77866625
6.96931,10.5921,2447.43,0.7035,0.81536,0.862809066,2.87929324,-9.254268138,5.20736381
23.34774,27.77825,4821.51,0.90936,0.251173,3.620452835,0.946516858,-7.84334809,5.962537205
20.6259,27.53418,4351.1,0.88062,0.285338,3.086234571,1.288175093,-7.960352688,5.944663108
15.93568,19.03505,5508.27,0.89762,0.251354,3.571138713,1.095530089,-7.893173478,6.022166423
9.28487,11.21288,2513.04,0.76374,0.816009,0.935945559,2.316064145,-8.878069977,5.443709296
17.23212,19.42182,5150.61,0.88362,0.274561,3.218301215,1.158597756,-7.996677702,5.853937415
10.29717,14.2829,3170.24,0.82654,0.594842,1.389511837,1.696830019,-8.52343768,5.782392139
18.9568,22.57498,6082.04,0.90664,0.204749,4.428055815,0.958096198,-7.798882263,6.111961404
20.51664,24.46809,5549.44,0.89312,0.215793,4.138781147,1.020873748,-7.824784813,5.877054726
14.26095,16.01584,5530.61,0.87812,0.293359,2.993328993,1.174458377,-8.082813155,5.806977416
24.92274,28.00678,5926.85,0.93044,0.169777,5.480365421,0.676784912,-7.507397472,6.178927425
24.97086,29.63427,5371.51,0.91244,0.217557,4.194027312,0.875738261,-7.758862068,6.122852788
20.61506,22.45773,3304.82,0.811,0.414373,1.957173851,1.773868281,-8.492694713,5.682151475
6.34404,8.75671,2260.77,0.68788,0.893354,0.769997112,2.98391869,-9.172180283,5.314964728
19.49566,22.18171,6037.81,0.90162,0.220657,4.086070236,1.081065655,-7.806140619,5.97842491
10.126,14.17633,5477.96,0.8491,0.356443,2.382148057,1.564268513,-8.315419895,5.738177577
7.9362,10.76257,2670.54,0.77024,0.807327,0.954061985,2.321978156,-8.8534108,5.550625646
16.18703,19.45768,5807.28,0.88564,0.243644,3.63497562,1.169597885,-7.968396368,5.925716685
10.60895,14.5869,5298.07,0.83902,0.350555,2.393404744,1.645666081,-8.362870775,5.689230334
21.9008,24.78091,5566.85,0.8956,0.2187,4.095107453,1.089110475,-7.817210858,5.891018927
19.77673,23.5906,4349.03,0.88996,0.279323,3.186132184,1.04308411,-7.957283866,5.978058629
19.97672,23.3121,5942.67,0.92368,0.186848,4.943483473,0.783268387,-7.596804019,6.145345945
17.44625,21.1683,5044.23,0.90218,0.255961,3.524677588,0.974814293,-7.865255847,6.009071065
19.20527,20.71323,4416.36,0.82786,0.349898,2.366003807,1.76263113,-8.373321077,5.709440141
7.45262,11.96997,3174.94,0.76356,0.687068,1.111331047,2.2526646,-8.859588733,5.531859562
16.62424,20.12783,5473.73,0.88862,0.252132,3.524423715,1.168503354,-7.968210159,6.00423598
20.23261,21.42473,5589.59,0.88246,0.275916,3.198292234,1.184478926,-8.046483391,5.850452747
16.08393,19.51378,5580.86,0.87942,0.256413,3.429701302,1.2376639,-8.001199691,5.775606236
21.39821,24.48522,4129.47,0.90312,0.273844,3.297936051,0.920864054,-7.888381661,5.956360559
18.42859,21.99364,5949.27,0.91696,0.192791,4.756238621,0.872532991,-7.674064533,6.022451714
31.09958,34.37978,6726.66,0.95,0.11633,8.166423107,0.55745583,-7.212973544,6.34024476
16.85221,20.39066,5971.53,0.90504,0.215162,4.20631896,1.075337739,-7.814105305,5.972940957
12.03711,14.94581,5469.94,0.85206,0.370151,2.30192543,1.529972617,-8.293138441,5.757544538
8.84334,12.17258,4918.16,0.81768,0.409243,1.99803051,1.847210817,-8.437654873,5.553321268
8.70697,12.27989,3450.61,0.74732,0.552195,1.35336249,2.422973449,-8.805495284,5.443374647
16.09675,18.59374,5338.33,0.86936,0.336151,2.586218693,1.354439973,-8.177655211,5.845761738
11.79914,16.24684,5326.33,0.86112,0.347675,2.476795858,1.310134632,-8.228137309,5.761444887
8.8128,12.5954,5087.25,0.8129,0.406939,1.997596691,1.903635645,-8.46275509,5.494952858
17.09305,19.88673,5212.76,0.90234,0.250585,3.600933815,1.015269225,-7.798766017,6.017274881
16.04815,19.57613,5789.13,0.8961,0.247004,3.627876472,1.135440578,-7.908173711,6.011428572
19.54856,23.62625,6865.99,0.90926,0.18236,4.986071507,0.960031997,-7.739525588,5.824886427
22.99235,25.60837,6219.01,0.9185,0.179732,5.110386576,0.847062245,-7.635569918,6.11268252
8.96044,12.77529,3476.67,0.81262,0.597896,1.359132692,1.887084362,-8.633467089,5.620978048
10.76357,13.7852,3888.59,0.82266,0.478591,1.718920749,1.607407014,-8.44103357,5.711210826
21.67963,23.17665,5023.32,0.87166,0.289172,3.014330571,1.273501404,-8.085909506,5.836604625
16.92886,19.23011,5264,0.8838,0.265161,3.333069343,1.159799434,-7.984551523,5.932762572
12.2801,20.70202,5845.05,0.8913,0.262861,3.390765462,1.046412075,-7.993420827,5.938990585
20.42566,26.67433,6707.43,0.93592,0.142849,6.551813453,0.730967934,-7.407600625,6.225299922
25.93199,30.20686,5857.1,0.92284,0.185814,4.966471848,0.754171388,-7.663301191,6.027306917
26.41648,28.4355,4378.07,0.90444,0.257323,3.514804351,0.888282608,-7.84554918,6.151996123
16.79488,20.10221,5896.91,0.90704,0.213336,4.251696854,0.965999549,-7.792299663,5.892111778
16.14437,20.61217,6032.76,0.91346,0.20021,4.562509365,0.962173034,-7.70538377,6.140751004
14.52802,20.5416,6275.64,0.91048,0.209106,4.354155309,0.952438797,-7.799941164,5.946294273
10.27513,16.38982,4188.25,0.81748,0.445249,1.836006369,1.890253094,-8.47550101,5.690185541
20.25991,26.14368,5111.43,0.92336,0.212199,4.351387141,0.820594891,-7.711133089,5.980183473
11.20251,15.89263,5231.92,0.85074,0.346236,2.457110179,1.481446029,-8.281054007,5.812642883
17.59465,20.9775,5307.57,0.89962,0.237697,3.784734347,1.050632096,-7.836099917,6.001088881
20.11797,21.00101,4564.17,0.84596,0.351087,2.409545212,1.626019951,-8.337096026,5.748131968
21.41741,27.16284,6660.71,0.93066,0.153905,6.046977031,0.77311652,-7.510461789,6.002260566
11.51296,14.2625,5265.17,0.8424,0.377374,2.232268254,1.631321505,-8.324672862,5.746645306
18.45586,21.22654,4512.63,0.84928,0.350526,2.422873054,1.616859253,-8.262656468,5.678893571
7.62298,11.33433,2827.56,0.73472,0.701944,1.046693184,2.655745979,-8.906420364,5.453881978
8.1167,16.32725,4269.87,0.7996,0.45265,1.766486248,2.168726483,-8.465822862,5.584313895
17.33791,20.12894,4955.19,0.89924,0.260782,3.448244127,0.975398547,-7.928692715,6.107638498
4.60402,8.13943,1755.85,0.63042,0.920909,0.684562753,3.789157852,-9.495859706,4.876086234
19.60777,21.52727,3114.42,0.83848,0.414925,2.02079894,1.597257323,-8.350393397,5.894511401
13.33408,21.77085,4517.69,0.8629,0.329435,2.619333101,1.396492372,-8.087052706,5.769156753
8.26814,11.65453,4258.54,0.80048,0.50597,1.582070083,2.062061982,-8.576282362,5.488669321
14.23302,18.95216,4733.33,0.8659,0.333969,2.592755615,1.445019716,-8.122211444,5.92696339
17.52124,23.94771,6218.94,0.91786,0.176507,5.200133706,0.910685794,-7.639178199,6.071382344
14.26778,20.96083,4701.41,0.86044,0.31398,2.740429327,1.341690451,-8.133177185,5.792754231
21.71183,26.60305,6685.26,0.92512,0.161873,5.715097638,0.857088064,-7.562527911,6.008092009
19.12065,24.53357,6289.46,0.92084,0.173445,5.309118164,0.833110592,-7.612597041,6.185266103
15.55541,22.14898,5091.8,0.90148,0.275873,3.267735516,0.831675131,-7.937840878,5.998405503
21.17793,27.57796,6786.01,0.94124,0.130594,7.20737553,0.65480709,-7.332008858,6.276207328
8.04915,11.21902,4795.79,0.79458,0.472776,1.680669069,2.176562982,-8.585236496,5.556472739
30.01178,33.32975,7105.98,0.94416,0.121167,7.792220654,0.602905862,-7.294122231,6.271257481
25.08576,26.62096,5808.78,0.89902,0.217428,4.134794047,1.078564983,-7.88209384,5.968410989
18.61709,24.63862,5936.91,0.92496,0.177184,5.220335922,0.802458425,-7.591307339,6.017729303
15.96868,18.27186,5516.01,0.8766,0.257391,3.405713486,1.238395863,-8.03191101,5.835805531
10.16401,11.32422,4426.92,0.81878,0.499441,1.639392841,1.773295477,-8.537888133,5.650710334
23.91174,26.93124,5810.25,0.93056,0.153067,6.07942927,0.685679611,-7.428020335,6.1223435
19.47424,25.15462,4633.4,0.92584,0.224254,4.128532824,0.781840811,-7.685105102,6.145834692
16.87139,19.63737,5638.5,0.88002,0.255218,3.448111027,1.267808784,-7.975963603,5.869139742
18.20157,20.43005,5712.28,0.88244,0.263703,3.346340391,1.208446561,-8.003085052,5.892579627
20.14244,21.47194,3078.24,0.8129,0.408485,1.990036354,1.725024167,-8.39682849,5.666757501
12.99833,18.05584,4036.46,0.82652,0.401832,2.056879492,1.68796894,-8.346080412,5.763605533
16.67501,20.1216,5714.73,0.91038,0.22465,4.052437124,0.975013147,-7.75372651,6.067398623
26.60173,29.15437,7045.57,0.9465,0.113849,8.31364351,0.588607485,-7.213273776,6.249884765
21.82183,26.45678,5084.41,0.92798,0.19998,4.640364036,0.774967892,-7.653121427,6.100826583
20.88353,23.57637,4422.91,0.88808,0.316634,2.80475249,1.26122564,-7.986172702,5.997278548
15.56421,20.39982,3959.77,0.84782,0.355601,2.384189021,1.421259233,-8.189955805,5.724291763
27.47194,30.81852,7386.28,0.95214,0.101401,9.389848226,0.537076718,-7.129328697,6.286986641
17.20288,20.54001,5331.47,0.89526,0.249539,3.587655637,1.063434973,-7.877921296,5.989230895
30.50684,33.59403,7342.07,0.94542,0.118607,7.971030378,0.607550263,-7.262425032,6.108504725
9.17234,11.10794,4764.55,0.82604,0.471852,1.750633673,1.737405948,-8.477609279,5.613142396
19.28218,24.76115,6380.82,0.92346,0.16734,5.5184654,0.862658232,-7.577717528,6.057065897
17.4217,20.82765,5441.11,0.90158,0.236138,3.818021665,1.058191101,-7.841667408,6.029467523
7.28838,11.26201,2938.33,0.73762,0.77181,0.955701533,2.731248443,-8.876736919,5.491271115
15.37754,17.8671,5548.64,0.86986,0.268978,3.233944784,1.314318291,-8.021209838,5.783084154
15.93613,19.57737,5341.87,0.88764,0.267175,3.322316834,1.138348697,-7.952633931,5.88997825
23.76241,26.96404,5624.99,0.93236,0.157203,5.930930071,0.662134593,-7.453011186,6.1777687
20.37345,22.13933,4821.36,0.8488,0.30013,2.82810782,1.560546546,-8.232602193,5.699453608
10.98451,14.4927,4971.36,0.86622,0.373806,2.317298278,1.326197918,-8.241752825,5.812195311
13.0091,15.02809,3362.83,0.78866,0.545683,1.445271339,1.872256552,-8.679978766,5.469948453
11.16287,15.23283,5159.77,0.84938,0.363745,2.33509739,1.511270738,-8.30868893,5.901793719
7.71686,10.93969,3632.02,0.78256,0.619249,1.263724285,1.999224226,-8.708265699,5.5164317
19.61335,24.32052,5203.52,0.87928,0.243191,3.615594327,1.136443766,-7.906611552,5.940973898
19.97947,25.73187,5607.2,0.92996,0.179294,5.18678818,0.717127636,-7.547099864,6.202292069
7.01298,9.62498,2138.37,0.67364,0.811217,0.830406661,3.35598306,-9.386466647,5.028208102
6.92375,11.21048,2878.93,0.70278,0.651259,1.079109847,2.953848506,-9.02816497,5.237566212
20.59691,23.5246,5157.27,0.89838,0.22917,3.920146616,0.972686547,-7.849920493,5.916976476
20.89156,23.64817,5714.34,0.91632,0.20104,4.557898926,0.875760785,-7.685033866,6.034028952
31.89357,33.11669,5538.63,0.91232,0.182632,4.995400587,0.914805146,-7.667739863,6.172768903
20.33077,22.76479,4872.45,0.86322,0.329423,2.620399911,1.411999296,-8.19730452,5.681844738
6.09937,8.87089,2081.41,0.708,1.07625,0.657839721,2.87842818,-9.165617156,5.366597876
12.09647,15.17935,4996.12,0.85088,0.390564,2.178593009,1.441386692,-8.316637469,5.76995879
29.55337,36.33889,6336.54,0.9483,0.110051,8.616913976,0.518473236,-7.163092881,6.469886673
8.82791,15.80407,3950.59,0.81482,0.494485,1.647815404,1.70757438,-8.579188451,5.563672815
23.8242,25.35287,5505.21,0.89286,0.235298,3.794592389,1.094108692,-7.891116062,5.9824194
19.73356,25.48727,5853.64,0.9282,0.171503,5.412150225,0.749511548,-7.566247525,6.141675735
11.84206,17.76298,4239.52,0.81062,0.436535,1.856941597,1.953103887,-8.496810028,5.623062902
22.22522,23.05736,5023.75,0.87234,0.278741,3.129571896,1.287308926,-8.062064429,5.754803582
8.45313,10.98979,3740.05,0.77026,0.569666,1.352125632,2.314982781,-8.74609733,5.51663377
11.12767,14.13264,4457.3,0.7916,0.429362,1.843665718,2.202607827,-8.644583331,5.415486827
20.4184,21.42966,4632.63,0.86162,0.297577,2.895452269,1.403123544,-8.119176994,5.79215681
26.65324,30.77288,5521.92,0.91514,0.202074,4.528736997,0.917125149,-7.674422982,6.10723396
18.4598,22.95896,4960.9,0.88498,0.249943,3.540727286,1.094948906,-7.945194202,5.977923443
10.89923,12.55236,4635.64,0.79122,0.444004,1.782010973,2.265624693,-8.625598809,5.479652902
16.50823,18.79516,3061.64,0.85878,0.517307,1.660097389,1.34256513,-8.435051297,5.71415523
25.83949,29.8315,6907.32,0.9542,0.106983,8.919174074,0.474801337,-7.14735444,6.335388343
23.6878,25.24702,5824.59,0.9228,0.184036,5.014236345,0.77381803,-7.647184907,6.106194484
20.48874,24.82877,4854.62,0.89388,0.242008,3.693596906,0.950501844,-7.879506792,6.013239144
25.37006,29.91202,6535.66,0.95254,0.116374,8.185161634,0.556813883,-7.193734912,6.356151976
19.4709,20.7568,4570.41,0.85862,0.307892,2.78870513,1.349551622,-8.161423906,5.822198847
14.87773,22.02325,6457.89,0.9181,0.185616,4.946233083,0.896386152,-7.714698106,6.051088146
20.80588,24.99894,5225.01,0.90702,0.214668,4.225222204,0.860636681,-7.771278988,5.956897636
13.16842,17.82456,5200.76,0.85792,0.347545,2.468514869,1.394595341,-8.246905004,5.72402356
8.90472,15.61753,4169.82,0.80808,0.491071,1.645546163,1.681371066,-8.609092739,5.58303448
20.77047,24.17152,5967.38,0.93098,0.175631,5.300772643,0.747220144,-7.569199287,6.19118339
19.0847,21.33155,3203.24,0.85182,0.442272,1.926009334,1.388613109,-8.342832762,5.830117568
18.27392,21.09779,5207.13,0.9026,0.235408,3.83419425,1.002779084,-7.828401918,5.865878634
20.73699,23.85772,4912.85,0.91732,0.228463,4.015179701,0.862438421,-7.76857115,6.036013874
14.7941,20.54552,6270.11,0.9053,0.212943,4.251372433,0.981805972,-7.828139595,5.931472487
13.77672,16.82038,5829.04,0.85658,0.313065,2.736109115,1.412159535,-8.217605314,5.89068601
6.71578,10.53015,1330.13,0.6384,1.09016,0.585602113,3.595140944,-9.489857643,5.051946357
10.33318,13.25462,5660.91,0.84304,0.371892,2.26689469,1.671613199,-8.354724019,5.787633706
12.34043,19.8323,5138.97,0.87276,0.316763,2.755246036,1.190577848,-8.12719825,5.859612087
10.36828,14.83606,2989.8,0.80288,0.631189,1.272012028,1.871291237,-8.694494031,5.587972521
19.04645,20.79384,4578.96,0.84864,0.307659,2.758378594,1.455587387,-8.273156094,5.6565843
9.70653,16.0781,4119.81,0.8077,0.44928,1.797765313,1.97016625,-8.515118918,5.587581396
31.11696,33.71361,5042.78,0.91408,0.193057,4.734767452,0.836033526,-7.649840037,6.104942239
9.31748,11.7468,4208.37,0.8079,0.517564,1.560966373,1.882165989,-8.566856065,5.562780089
20.07677,21.24863,4930.83,0.84032,0.325332,2.582961406,1.684153747,-8.259070578,5.669047958
10.74848,14.81727,5112.5,0.83386,0.393745,2.117766575,1.740118789,-8.406560589,5.68870739
20.27748,24.23106,6124.17,0.9266,0.177953,5.206992858,0.808442986,-7.614425024,6.078900876
24.90389,27.74886,5678.52,0.89942,0.217645,4.132509362,1.037484704,-7.801307372,6.004297878
18.92324,20.5027,3614.44,0.83032,0.437366,1.898455756,1.604845432,-8.387981924,5.578998103
5.64774,7.48692,1757.71,0.62616,0.896981,0.698074987,3.954599329,-9.422610663,4.992267662
4.18016,7.59478,1066.02,0.55046,1.12641,0.488685292,4.194081358,-9.835149578,4.833021928
12.46177,19.6413,4294.13,0.86912,0.398792,2.179381733,1.102380506,-8.235123538,5.675663764
11.18938,14.61923,4966.56,0.84586,0.401328,2.107652593,1.538489631,-8.299971172,5.668822581
17.39449,20.17213,5143.48,0.8962,0.250588,3.576388335,1.040974997,-7.901151199,5.968597649
12.75201,19.40639,5966.28,0.893,0.263111,3.394004812,1.046704658,-8.000614619,5.878639002
18.12398,21.25654,5532.41,0.90656,0.225995,4.011416182,1.036745607,-7.837363278,5.984167101
18.35142,20.0972,3139.75,0.83054,0.46805,1.77446854,1.436958042,-8.448024453,5.721466215
13.79739,16.86928,6039.4,0.8762,0.289354,3.028124719,1.284297509,-8.083557776,5.801528466
29.01843,34.14523,6774.37,0.93272,0.142971,6.523840499,0.710134107,-7.462478185,5.990283109
20.11574,23.93186,5488.45,0.8913,0.219673,4.0573944,1.062252673,-7.83759856,5.937699696
7.73965,11.89444,5145.26,0.82258,0.445997,1.844362182,1.894756263,-8.459188715,5.532870683
6.11719,9.57919,2261.35,0.68696,0.813688,0.8442548,3.183261575,-9.338130045,5.083677586
18.71949,25.58452,5986.74,0.92556,0.177354,5.218715112,0.833499467,-7.613635989,6.081957788
16.62623,19.9341,5522.17,0.89372,0.237942,3.756041388,1.041489242,-7.89380618,5.948412156
20.5596,24.15256,6059.22,0.92922,0.168665,5.509263926,0.779096002,-7.562436194,6.280247196
7.19557,9.93028,3546.51,0.76006,0.6697,1.134926086,2.418307111,-8.767766185,5.536670176
15.06432,16.24985,4434.26,0.8366,0.380681,2.197640544,1.55850655,-8.392983712,5.613020993
11.17877,14.4303,3626.72,0.80558,0.514829,1.564752568,1.932620445,-8.56940351,5.691146066
17.13968,20.62656,5811.06,0.906,0.217476,4.165976935,1.039905512,-7.813483681,5.995139203
28.50555,31.69252,5154.63,0.90436,0.213178,4.242276408,0.953538731,-7.785238659,6.032575835
7.32594,9.98914,3819.35,0.75958,0.570838,1.330640217,2.431939542,-8.764791288,5.355906417
8.76536,12.11424,2486.97,0.76622,0.838981,0.913274556,2.228298528,-8.911148482,5.523301511
21.4654,23.86692,3964.01,0.87132,0.353252,2.466567776,1.408439749,-8.094653209,5.829644231
15.16328,20.60925,4712.31,0.87732,0.298,2.944026846,1.31694598,-8.069456957,5.935673877
20.67058,23.33222,6365.06,0.91694,0.178448,5.138415673,0.881888706,-7.638746548,6.021136168
8.96308,15.88859,4432.85,0.82568,0.443959,1.859811379,1.660664481,-8.531819725,5.674578836
16.3805,19.96396,5302.15,0.89144,0.253329,3.518902297,1.071918569,-7.922741451,5.901431712
10.27695,15.10836,3938.58,0.82492,0.511358,1.61319467,1.437499164,-8.507825683,5.690107146
11.78526,14.19441,4174.36,0.85066,0.416474,2.042528465,1.50646741,-8.362093567,5.830251452
20.4903,23.5243,6472.42,0.91108,0.186825,4.876649271,0.979098876,-7.703635417,6.071222397
19.44859,22.07278,3194.78,0.85572,0.437262,1.956996034,1.351258137,-8.383441122,5.672879594
20.04354,26.99004,6700.45,0.91886,0.169652,5.416145993,0.897132863,-7.613955522,6.004602469
8.2883,11.04614,4398.43,0.7948,0.514589,1.544533599,2.222151605,-8.589289986,5.573673496
10.45199,14.77118,3105.55,0.80742,0.664711,1.214693303,1.897222504,-8.643784093,5.619555294
4.76695,8.95998,1256.36,0.62578,1.2001,0.52143988,3.816478914,-9.532861152,5.126734532
11.77284,14.36093,5292.91,0.86318,0.318825,2.707378656,1.410036951,-8.167397382,5.773430094
15.36812,20.44846,6014.9,0.89348,0.244039,3.661218084,1.09556183,-7.94336845,6.065389933
8.5844,11.82717,4204.43,0.79442,0.526773,1.508087924,2.114377886,-8.6339286,5.532391238
21.30924,24.17639,5879.35,0.90894,0.201532,4.510152234,0.900084785,-7.783724893,5.997171216
16.5865,21.59321,3706.5,0.83142,0.496892,1.673240865,1.31486861,-8.487440285,5.646598747
26.1844,29.53452,4857.39,0.87942,0.316225,2.780994545,1.189543142,-8.077445413,5.923191416
6.40366,10.56635,3110.9,0.72012,0.719624,1.000689249,2.932846362,-8.991205087,5.337666565
19.06215,21.40567,3519.58,0.80502,0.567464,1.418627437,1.961886714,-8.626641726,5.54407761
10.16501,18.19793,5426.31,0.85904,0.338496,2.537814332,1.52854058,-8.267948502,5.751664828
11.1959,19.36366,5103.38,0.86268,0.32625,2.644229885,1.376803309,-8.152671263,5.952996024
33.2727,36.41606,7280.35,0.95314,0.099024,9.625343351,0.515041669,-7.113802891,6.269588588
23.3839,28.7604,6800.13,0.94982,0.116465,8.155411497,0.555505993,-7.191635148,6.321654319
8.94389,13.11282,4470.28,0.82408,0.442549,1.862121483,1.686961593,-8.404836091,5.542874537
16.86337,22.24239,5578.49,0.91206,0.213387,4.27420602,0.948495998,-7.750422032,6.04962409
9.22187,13.52432,3636.1,0.7911,0.556067,1.42267029,1.933854025,-8.59655151,5.594375456
8.05896,10.76511,4148.72,0.79336,0.541838,1.464201477,2.137040545,-8.610638442,5.526507954
12.5219,15.64711,4467.96,0.83914,0.372592,2.252168592,1.612474253,-8.3012735,5.716374614
24.79923,28.4702,6584.2,0.93374,0.150138,6.219211659,0.69846547,-7.434779359,6.150449149
18.02677,21.60324,5713.61,0.9162,0.208555,4.393085757,0.886088293,-7.707664224,6.029212965
17.19999,21.22135,5455.17,0.89548,0.249173,3.593808318,1.123449112,-7.932541842,5.977676837
31.82826,33.00797,5105.61,0.91118,0.208314,4.374069914,0.913450526,-7.763536959,6.087361065
20.54813,26.75375,6017.68,0.9327,0.1608,5.800373134,0.742258131,-7.463196237,6.267354969
8.78188,16.78847,3927.49,0.80842,0.504021,1.603941106,1.831096771,-8.557911454,5.583939733
23.18906,25.51349,6432.24,0.93592,0.148777,6.290757308,0.736267069,-7.419384484,6.337110661
15.09269,17.69212,6083.39,0.86742,0.298733,2.903663137,1.403092046,-8.114382088,5.838933805
10.77023,14.87717,3935.1,0.82888,0.503499,1.646239615,1.611543851,-8.493599154,5.756735327
29.56243,34.05615,6491.98,0.9339,0.147177,6.34542082,0.738959349,-7.435391729,6.25413965
11.05406,14.34607,5137.86,0.8474,0.350891,2.41499497,1.54326189,-8.278816118,5.757961215
11.26667,14.18891,2701.63,0.78602,0.688947,1.140900534,2.033707896,-8.837115824,5.384989437
22.78873,24.7238,4272.93,0.89024,0.333805,2.666946271,1.097965473,-8.067018586,5.869666781
11.01327,17.17384,4188.61,0.82104,0.415412,1.976447479,1.785672566,-8.440515973,5.738134805
20.3586,24.04343,4986.13,0.87902,0.292752,3.002609717,1.267375932,-8.079266389,5.79642828
13.86624,18.63404,3422.2,0.82624,0.478351,1.727267216,1.772009664,-8.411982571,5.802937862
11.10563,15.1411,3739.25,0.80882,0.46525,1.738463192,1.692984949,-8.452145432,5.632960522
8.92553,12.51792,3377.53,0.80584,0.608431,1.324455854,1.914561576,-8.672807527,5.611477273
10.54429,13.38695,5175.91,0.834,0.362596,2.30008053,1.669133786,-8.343530414,5.673779812
10.89202,14.13126,5683.59,0.85702,0.364799,2.349293721,1.490174255,-8.255979568,5.637654269
11.07547,15.57526,5817.86,0.87124,0.297631,2.927248842,1.395712863,-8.164271328,5.7767359
10.63859,16.12447,4449.02,0.83276,0.400751,2.077998558,1.700289904,-8.389705315,5.7635168
16.73046,20.16603,5942.09,0.89872,0.227172,3.956121353,1.117189706,-7.889945262,5.981997933
11.53246,15.67282,5127.36,0.85994,0.359271,2.3935692,1.427385795,-8.261319697,5.748189675
9.64064,14.5743,4764.78,0.81582,0.394239,2.069353869,1.801635719,-8.435694519,5.70703981
22.11137,23.76905,6505.31,0.90182,0.214266,4.20888055,0.989584114,-7.864628304,6.065462185
19.70344,20.69166,4291.17,0.83688,0.325757,2.569031517,1.582300859,-8.270948532,5.582408481
9.25424,14.46377,5028.54,0.83012,0.383217,2.166187826,1.653566725,-8.344490213,5.537132343
14.6887,17.36878,5548.5,0.87192,0.284082,3.069254652,1.351361203,-8.053187091,5.873510109
19.06597,23.90483,6013.97,0.92418,0.18171,5.08601618,0.768094832,-7.605455963,6.181615352
16.53238,19.19297,5313.69,0.88258,0.258293,3.416972198,1.209557634,-7.982084312,5.778706037
12.54454,15.84164,5376.85,0.8577,0.366629,2.339422141,1.571201939,-8.226968577,5.831516598
20.99161,23.84146,6158.8,0.92192,0.17897,5.1512544,0.810670732,-7.573912599,6.095696466
16.73827,20.13518,4118.62,0.88992,0.326355,2.726846532,1.052807975,-8.023835963,5.783883039
14.36227,18.10371,3738.17,0.87134,0.412151,2.114128074,1.276987382,-8.233790114,5.808275898
11.97743,14.61113,5041.39,0.8353,0.381093,2.191853432,1.637882104,-8.353531387,5.681791962
12.80502,16.95411,5851.52,0.86246,0.327065,2.636968187,1.431949762,-8.218869416,5.74564125
10.62707,16.0728,5279.82,0.85022,0.366857,2.317578784,1.456970462,-8.313303848,5.730976097
11.84554,14.7072,3586.09,0.80572,0.472285,1.70600379,1.799664715,-8.513248002,5.669741476
11.04371,13.68137,5098.26,0.80782,0.427872,1.88799454,2.052292247,-8.596626152,5.599910842
17.5167,23.51143,5699.75,0.92164,0.19207,4.798458895,0.832454325,-7.634350454,6.157325066
25.24992,27.4649,5058.89,0.89364,0.245947,3.633465747,1.0589237,-7.909291559,5.931275268
27.67103,31.87501,5530.73,0.91944,0.19315,4.760238157,0.858654151,-7.640776515,6.194226307
15.5503,19.11992,4277.25,0.86532,0.361592,2.393083918,1.372822341,-8.198085502,5.848098623
22.4117,25.46733,6150.26,0.93698,0.1569,5.971829191,0.69405458,-7.458065627,6.328545662
16.95526,20.74545,5465.34,0.90304,0.235467,3.835102159,1.059960973,-7.873007207,6.020192574
11.56884,15.07776,4782.99,0.82988,0.417969,1.985506102,1.825396214,-8.386184557,5.662427478
10.31385,12.96127,2725.19,0.76902,0.642479,1.19695741,1.948550161,-8.907373141,5.314362586
19.30967,20.84028,4691.65,0.88566,0.308284,2.87287047,1.076947804,-8.057642085,5.895032486
15.72,18.71053,5939.2,0.86718,0.307075,2.824000651,1.39466401,-8.139461699,5.832713576
13.30814,18.3911,5383.9,0.89128,0.291459,3.057994435,1.084019406,-8.019620211,5.879634596
21.7488,24.34472,6405.94,0.92634,0.166333,5.569189517,0.825123395,-7.544012814,6.148814768
14.88775,17.31506,5264.91,0.8706,0.333352,2.611653747,1.383422382,-8.144365501,5.913263586
16.91424,19.25851,5600.81,0.8886,0.24085,3.689433257,1.141460636,-7.945326902,5.935356291
11.14905,14.17996,5078.16,0.8325,0.407583,2.042528761,1.713664253,-8.392015983,5.754973497
5.83076,9.35338,2352.77,0.69466,0.862641,0.805271254,2.810957754,-9.096866913,5.336828057
8.38381,11.04706,4514.51,0.81322,0.499721,1.62734806,1.910824209,-8.520552569,5.641029105
24.65837,27.1806,4925.53,0.90814,0.244866,3.708722322,1.062711272,-7.817340874,5.81728489
10.25917,15.95468,3767.67,0.80522,0.515983,1.56055529,1.892210521,-8.559002144,5.587211217
9.68307,13.39344,5247.94,0.83202,0.399693,2.081647665,1.731017237,-8.391287086,5.742102236
18.11718,21.45871,5946.74,0.89174,0.250336,3.56217244,1.075759562,-7.941660041,5.857408734
16.76438,20.93479,5637.45,0.90694,0.213351,4.25092922,0.98422689,-7.781505625,5.954759804
6.38304,9.72569,2175.19,0.68988,0.924724,0.746038818,2.849040681,-9.136722773,5.288539001
15.55386,20.72575,4764.46,0.85054,0.35208,2.415757782,1.525037425,-8.223833305,5.86078063
27.3679,30.13045,6807.82,0.95132,0.111915,8.500379752,0.534333295,-7.204107215,6.328253818
25.92741,29.18289,6018.84,0.9341,0.161455,5.785512991,0.631785931,-7.491151268,6.1562101
16.38831,20.21324,5792.21,0.89344,0.236746,3.77383356,1.14947767,-7.910591113,5.918192823
20.33516,25.27402,4685.01,0.92748,0.218505,4.244662594,0.751949507,-7.687558044,6.194396443
17.64501,20.51841,5255.85,0.90786,0.235648,3.852610674,0.935178149,-7.834561412,6.001014885
16.28883,20.32512,5252.04,0.88928,0.260944,3.407934269,1.083686564,-7.940424919,5.980521056
11.82316,16.19276,3843.4,0.81014,0.48379,1.674569545,1.894610228,-8.541859156,5.577791157
17.01606,20.45246,5418.4,0.89996,0.24263,3.709186828,1.037457681,-7.873374057,5.919891941
16.79021,20.22359,5518.83,0.90266,0.234567,3.84819689,1.07286057,-7.826248088,5.996550999
11.49316,15.75483,4963.78,0.85928,0.350453,2.451912239,1.524974937,-8.234447099,5.77582484
8.1071,10.88288,3316.09,0.75128,0.588744,1.276072453,2.432676806,-8.805999334,5.424034902
19.34376,25.03638,6000.16,0.92626,0.175721,5.271196954,0.784150132,-7.569456737,6.178300273
15.84065,19.10552,5936.16,0.8969,0.220826,4.061568837,1.138088865,-7.859410475,5.803541275
19.33419,20.48935,2474.68,0.8245,0.518996,1.588644228,1.549515719,-8.421693743,5.691232489
17.63551,20.64173,4107.15,0.85174,0.351113,2.425828722,1.427916637,-8.256050483,5.792662879
18.78353,20.90916,4618.55,0.90308,0.277217,3.257664573,0.987455387,-7.864042788,6.056894026
21.16985,22.36524,5203.22,0.86866,0.273201,3.179563764,1.352724121,-8.057444024,5.897214837
11.15457,16.01991,4909.58,0.8594,0.35041,2.452555578,1.37651983,-8.220838893,5.70342943
8.31981,12.25376,3507.39,0.77862,0.622986,1.249819418,2.036125351,-8.745371529,5.552442763
17.84585,19.62854,4847.7,0.86376,0.314421,2.747144752,1.370445586,-8.178548129,5.754678008
18.19119,22.42794,4500.62,0.9145,0.255255,3.582691818,0.955377861,-7.795152125,6.039507512
16.44082,19.85851,5955.12,0.89506,0.23502,3.808441835,1.148841971,-7.898454656,5.862365608
21.75248,22.52642,4682.83,0.85682,0.305386,2.805695088,1.432735351,-8.183372492,5.756911357
17.45527,20.80222,5162.72,0.90358,0.245022,3.687750488,0.982016492,-7.866445125,6.0147378
12.31921,16.12656,5336.61,0.88812,0.299972,2.96067633,1.136104906,-8.025520833,5.905517839
17.61194,20.99735,6103,0.9058,0.207752,4.360006161,0.956842249,-7.760761942,6.145736486
15.73234,19.02663,6347.27,0.89814,0.237357,3.783920424,1.084939579,-7.935560392,5.937579266
10.29717,14.73053,4613.97,0.80882,0.437676,1.847988009,1.929942732,-8.516497458,5.619144072
19.59995,21.26295,2837.33,0.84036,0.538066,1.561815837,1.57473693,-8.418230124,5.834802593
18.62111,21.61718,4742.87,0.8558,0.298198,2.869905231,1.441910788,-8.206176935,5.69339889
17.04338,20.1798,4171.88,0.8849,0.329101,2.688840204,1.172113483,-8.095627374,5.943062807
9.91482,16.26449,3652.18,0.80184,0.500061,1.603484375,1.853722986,-8.571824306,5.678026669
17.98444,21.33983,5020.44,0.88298,0.268649,3.28674218,1.169754343,-7.990865829,5.914802696
19.50205,20.61703,3500.47,0.84392,0.412455,2.046089876,1.352220082,-8.34629357,5.747089315
16.09202,22.68939,5944.16,0.91986,0.197434,4.659075944,0.897991549,-7.667351373,6.060993376
7.3369,11.81286,3189.13,0.76016,0.692816,1.097203298,2.441551997,-8.920396267,5.434164961
12.27745,13.53398,3463.83,0.77654,0.547344,1.418742144,2.102297324,-8.792147422,5.391488054
6.49868,11.13066,2545.44,0.68882,0.673941,1.0220776,2.971436748,-9.229345354,5.033117974
27.85461,31.94456,5815.68,0.92828,0.172694,5.375288082,0.815847137,-7.549470867,6.059014847
17.6428,24.66179,6342.95,0.9304,0.164793,5.64587088,0.800078877,-7.523392609,6.196663201
6.503,9.78296,3008.15,0.7197,0.742758,0.968956241,3.044602764,-9.005103452,5.403381743
9.03513,14.44105,4431.06,0.82658,0.463481,1.783417227,1.670493925,-8.463578136,5.69769087
13.82912,16.65844,4621.74,0.83496,0.415229,2.01084221,1.50419756,-8.393728427,5.725432228
21.5107,26.82135,5951.21,0.92584,0.174266,5.312797677,0.767939663,-7.581204012,6.112504899
17.4532,19.5692,3741.66,0.82998,0.436718,1.90049414,1.776556753,-8.417598684,5.688112031
11.99493,16.81484,5933.82,0.87492,0.292358,2.992632321,1.336840274,-8.091795241,5.879885639
14.72279,17.24905,4339.66,0.88566,0.35647,2.484528852,1.002803361,-8.117116186,5.9362544
31.37653,32.92112,5985.05,0.91516,0.182121,5.025010844,0.909500249,-7.644430967,6.062864732
20.04564,22.01303,5498.13,0.87024,0.296729,2.932777046,1.446938165,-8.185432272,5.789364514
16.71263,19.96758,4402.2,0.88764,0.310688,2.857014111,1.119236098,-8.018201807,5.99712863
9.15679,12.96069,5024.91,0.81904,0.412924,1.983512705,1.841519811,-8.446488597,5.628478737
19.59617,23.50089,4642.73,0.86606,0.317192,2.730396731,1.292455037,-8.15568546,5.835296599
8.89539,13.72689,4375.15,0.80286,0.481808,1.666348421,2.031361393,-8.55075005,5.567594902
19.12146,24.57859,5949.63,0.93024,0.172905,5.380064197,0.735947137,-7.539088609,6.252476042
8.1148,12.24502,4976.71,0.82262,0.454258,1.810909219,1.874887835,-8.484069346,5.824480327
21.8767,25.55813,6222.48,0.93624,0.154073,6.076600053,0.723557513,-7.47589874,6.272389714
20.52056,21.53778,5054.2,0.87142,0.281541,3.095179743,1.293352283,-8.133672416,5.849224767
10.6425,14.28319,4396.28,0.81506,0.461536,1.765972752,1.841831976,-8.556446989,5.593683712
28.83607,30.84377,5290.58,0.90654,0.21098,4.296805384,0.90815633,-7.765225805,6.160867927
10.62931,16.435,5485.51,0.86076,0.332303,2.590286576,1.47401809,-8.229114065,5.802348719
21.20763,21.97378,4538.44,0.86662,0.296103,2.92675184,1.242035897,-8.131773758,5.83925522
15.8586,21.66851,4292.84,0.84392,0.424252,1.989195101,1.362290115,-8.378438316,5.727198621
22.26421,27.20176,6610.5,0.9242,0.158158,5.843523565,0.787974374,-7.542631119,6.135859932
17.6251,23.68141,4689.76,0.886,0.29405,3.013093011,1.16694949,-7.999121691,5.864714717
17.08665,23.22498,5926.17,0.91658,0.192042,4.772810114,0.905287342,-7.682302447,5.952497708
8.95367,12.66518,4267.62,0.80048,0.523133,1.530165369,2.106654875,-8.627087518,5.657809016
23.20719,25.28223,4672.62,0.89548,0.262889,3.406304562,1.148751375,-7.877370663,6.076270743
9.67697,16.51791,4345.48,0.84102,0.437244,1.923456926,1.574421882,-8.399598529,5.622247042
6.01879,9.40682,1893.61,0.64688,0.844658,0.765848426,3.510768203,-9.461813822,4.996631161
5.2784,7.99484,1736.66,0.62816,0.862389,0.728395191,4.108592855,-9.418065715,4.884804426
22.49879,27.21202,5994.06,0.92472,0.176482,5.239741163,0.775837053,-7.566813211,6.076724109
17.10893,19.68904,5364.05,0.88924,0.252409,3.523012254,1.171491802,-7.965667557,5.814516904
10.10342,13.75218,5341.88,0.84616,0.368252,2.29777435,1.622037838,-8.294857236,5.643831213
7.79685,10.18404,1513.53,0.70038,1.28481,0.545123403,2.751075494,-9.362720654,5.260579339
9.12713,11.3522,2032.26,0.70164,0.778435,0.901346933,3.053691346,-9.09512563,5.251553911
7.01872,9.58942,2759.02,0.7284,0.795212,0.915982153,2.61526029,-8.984880519,5.317688579
19.88142,21.96893,5101.48,0.8618,0.282433,3.05134315,1.485072105,-8.151796267,5.786418951
7.09957,11.41445,2679.6,0.74964,0.806765,0.929192516,2.261910873,-8.955112758,5.500672371
14.22252,16.84734,4659.1,0.83922,0.405065,2.071815635,1.540962695,-8.393188198,5.662332428
18.11027,20.71688,3357.07,0.84998,0.458049,1.855652998,1.410027425,-8.40512726,5.754729129
4.44571,8.56032,909.271,0.62878,1.62156,0.387762402,3.810346102,-9.817429146,4.81442839
17.30971,19.55109,4988.07,0.88456,0.277514,3.187442796,1.150170183,-8.033536657,5.946605662
18.77134,21.03291,5422.71,0.89192,0.263703,3.382289925,1.14960994,-7.956387986,6.023237421
5.45965,8.37697,1864.4,0.64574,0.899465,0.71791565,3.480720771,-9.359801998,5.094108537
15.75071,20.76882,5793.41,0.89994,0.223766,4.021790621,1.075000265,-7.870881823,5.969434017
19.37631,24.70018,6363.09,0.9323,0.157197,5.93077476,0.78400312,-7.465316072,6.211947214
24.62855,28.4663,6386.46,0.93778,0.129698,7.230489291,0.626926821,-7.316554478,6.198650339
20.14191,23.96734,4685.46,0.86662,0.2923,2.964830653,1.325939572,-8.154396479,5.757334715
17.41687,20.87718,5483.24,0.90424,0.234299,3.859342123,1.011071546,-7.848947258,6.006145554
22.8915,28.96873,6379.8,0.95138,0.120671,7.884081511,0.517080698,-7.21251895,6.342132503
16.20664,20.12374,5920.03,0.9211,0.199686,4.612742005,0.855056834,-7.658557961,6.006279175
12.68051,15.05685,2754.5,0.80822,0.653351,1.237037978,1.770265823,-8.717340618,5.537200968
21.86535,27.56884,6354.35,0.93202,0.153248,6.081775945,0.725331234,-7.514205577,6.124275328
14.3181,21.20131,5970.51,0.91416,0.211973,4.312624721,0.878673289,-7.783282818,6.026494757
12.34569,16.64567,2966.16,0.79608,0.606939,1.311630988,2.082948692,-8.564627555,5.656497096
9.92741,13.13681,3664.87,0.77808,0.521641,1.491600545,2.20267887,-8.68948285,5.369569357
13.04596,19.03645,6007.56,0.88362,0.264561,3.339948065,1.202506617,-8.059922119,5.867429828
11.18427,16.30665,4521.77,0.85322,0.388398,2.196767234,1.469978739,-8.271223794,5.738339434
6.36904,10.21541,3090.27,0.72496,0.71011,1.020912253,2.895003281,-9.023255895,5.251299387
17.69292,23.84922,6042.3,0.9278,0.176962,5.242933511,0.763194241,-7.553915122,6.139807604
17.1766,20.0995,5576.18,0.90088,0.231325,3.894434238,1.052122526,-7.828107092,5.981857356
16.92264,20.12635,4986.21,0.88452,0.274162,3.226267681,1.140121222,-8.023890501,5.937891951
6.7941,9.84871,3321.4,0.73764,0.689456,1.069886983,2.684757484,-8.901929771,5.543547011
11.68133,15.50661,4261.7,0.8533,0.393086,2.17077179,1.399062777,-8.268506556,5.759396916
27.49809,31.2586,6250.68,0.93518,0.150692,6.205903432,0.691296774,-7.465173027,6.126935765
14.46799,18.10476,5472.53,0.8729,0.331035,2.636881297,1.31353707,-8.138509913,5.847002717
21.17766,23.91387,5975.8,0.90346,0.206309,4.379159416,0.984534615,-7.78925693,6.081935929
10.71898,14.11047,4899.21,0.8315,0.44971,1.848969336,1.788508686,-8.409290052,5.706178703
15.18639,21.56166,6431.2,0.9133,0.191284,4.774576023,0.892681506,-7.73748071,6.02110384
15.16868,16.5181,2782.24,0.77792,0.525561,1.480170713,2.2610824,-8.666159082,5.501748125
18.18814,25.53851,6183.32,0.93098,0.162322,5.73539015,0.734211127,-7.474649313,6.182957226
23.89419,26.34754,4221.05,0.87112,0.305432,2.852091464,1.27172344,-8.119815376,5.802366149
20.98502,24.86973,5137.74,0.90432,0.219416,4.121486127,0.877776556,-7.797626759,5.993879278
20.19527,24.14368,5107.82,0.90018,0.221896,4.056765332,0.951257508,-7.797805222,5.843603833
8.45805,12.57373,4519.75,0.8015,0.477346,1.679075555,2.091451999,-8.58376394,5.578561439
11.05204,14.11703,3034.68,0.80854,0.659319,1.226325951,1.881938026,-8.632268375,5.647292639
15.45091,25.60278,3279.08,0.80244,0.465165,1.725065299,1.878544593,-8.6450624,5.542884336
18.86189,23.08752,6768.27,0.92418,0.163164,5.664117085,0.839101767,-7.566777295,6.0333033
11.29634,14.41978,3891.76,0.8046,0.464753,1.731242187,1.980190458,-8.515670965,5.53263009
19.46122,23.51128,5008.86,0.87978,0.292873,3.003964176,1.303032292,-8.034602733,5.763908165
20.3245,22.91711,6012.55,0.93122,0.17545,5.307609005,0.747796479,-7.569816421,6.153462001
10.52984,13.33282,4629.04,0.8242,0.454466,1.81355701,1.816179755,-8.451074758,5.666912718
8.97315,12.7159,3182.93,0.81894,0.63878,1.282037634,1.780179604,-8.622695736,5.682753508
22.23499,25.71608,5432.63,0.91352,0.213626,4.276258508,0.9128339,-7.754569986,6.096675974
11.7527,15.59677,5512.66,0.85964,0.325918,2.63759596,1.434436007,-8.266324773,5.815556916
8.44438,11.80497,4412.12,0.80528,0.498354,1.615879475,2.120715406,-8.534236442,5.609055011
16.36142,21.83661,4184.86,0.91188,0.2849,3.200702001,0.905082053,-7.887079646,5.959180015
20.81322,22.05183,4526.07,0.8758,0.310874,2.817218552,1.273300643,-8.127368546,5.815367805
21.54003,26.94123,6479.63,0.92718,0.157362,5.892019674,0.776218527,-7.554281446,6.105249274
24.60174,28.5035,6931.97,0.93012,0.150565,6.177531299,0.730109001,-7.49777322,5.90775198
15.76066,18.3773,5829.39,0.86904,0.316888,2.742420035,1.455084923,-8.130761367,5.91711701
21.52851,24.72866,5445.69,0.88476,0.267324,3.30969161,1.155686,-8.011498121,5.884782814
11.35704,15.42623,5207.35,0.85006,0.344746,2.465757398,1.538637157,-8.297088579,5.82641638
5.38882,8.91146,1064.82,0.63208,1.54121,0.410119322,2.839760844,-9.657172189,4.997386021
9.29167,10.48038,3062.37,0.76278,0.652343,1.169292841,2.025529433,-8.909936335,5.394321437
16.37018,20.29835,5724.88,0.90536,0.24105,3.755901265,0.955630641,-7.846738355,6.103063804
24.30297,27.03611,5640.51,0.93188,0.155409,5.99630652,0.645682425,-7.487404954,6.120142505
10.14368,14.04068,4694.05,0.8132,0.428233,1.898966217,1.872819368,-8.498780315,5.575671772
8.46703,13.18305,4855.76,0.79474,0.432797,1.836288144,2.095264819,-8.516489289,5.580352194
16.51647,20.1183,5623.49,0.89954,0.269526,3.337488777,1.039171923,-7.947421206,5.956311942
24.07936,30.32071,6346.56,0.9405,0.142054,6.620721697,0.693638164,-7.358624511,6.151954295
21.7191,22.96283,5070.89,0.8732,0.273175,3.196485769,1.300278587,-8.082437708,5.937667653
9.05126,16.36312,4046.06,0.82152,0.476687,1.723395016,1.770694929,-8.528574304,5.602676984
20.7914,22.66609,6049.08,0.88312,0.266737,3.310826769,1.282857437,-8.03217922,5.768698442
8.50338,16.34146,3863.56,0.79936,0.510609,1.565503154,1.685135766,-8.658208984,5.57107203
23.2354,26.84866,6140.07,0.9316,0.145657,6.395847779,0.68740086,-7.429455134,6.294863252
13.79169,18.69696,5874.14,0.8821,0.272708,3.234595245,1.217610505,-8.084325833,5.87376452
14.14505,20.09929,4501.09,0.83638,0.374763,2.231757137,1.709044158,-8.321854728,5.796105316
10.6772,15.57478,4316.28,0.83306,0.475974,1.750221651,1.506245771,-8.502975515,5.692541476
17.51214,25.82127,5715.49,0.91614,0.208606,4.391724111,0.892307361,-7.741484782,6.009915603
16.89642,22.93182,5536.13,0.91594,0.199582,4.589291619,0.888841466,-7.664368018,6.15450734
27.88094,31.02165,6973.28,0.95442,0.110376,8.646988476,0.519576187,-7.178692558,6.29744678
12.24696,16.17667,3862.21,0.84412,0.496696,1.699470098,1.341099547,-8.441852265,5.620981892
11.52146,19.50616,5479.62,0.8756,0.306972,2.852377416,1.247793373,-8.19674509,5.789736489
13.29112,18.49328,6033.24,0.89004,0.256906,3.464457817,1.192096062,-7.958973297,5.906992394
8.49338,10.35501,3579.08,0.7731,0.611789,1.263670972,2.262734974,-8.790093297,5.472502354
6.66726,9.9984,1673.47,0.62312,0.868374,0.717571001,3.690246439,-9.454336611,5.028588912
25.52107,28.40792,6212.11,0.94712,0.134459,7.043931607,0.573193024,-7.311225032,6.248063309
18.80316,24.68558,6090.12,0.92316,0.192574,4.793793555,0.806496553,-7.7090151,6.139478032
14.63523,24.53954,5735.28,0.90954,0.225531,4.032882398,0.95027539,-7.866826539,5.935558207
27.69601,34.22945,7521.35,0.95698,0.0943076,10.14743244,0.47286285,-7.056922041,6.39553727
16.57984,19.58553,5190.84,0.87324,0.302134,2.890240754,1.279442151,-8.095005097,5.87296342
15.59992,17.55587,5944.46,0.8931,0.281595,3.1715762,1.065376746,-7.991335647,5.863887361
7.92113,10.75453,4465.83,0.81732,0.497729,1.642098411,1.732052442,-8.600243335,5.602923911
10.57638,19.38142,5576.78,0.8833,0.308185,2.8661356,1.160543862,-8.160430373,5.741138771
24.55786,29.22405,5518.76,0.93712,0.164099,5.710699029,0.680110902,-7.443621993,6.22641679
12.33609,16.59133,5437.98,0.8823,0.315529,2.796256446,1.125428766,-8.108690143,5.883476719
14.66499,17.95426,5199.09,0.87212,0.323759,2.693732066,1.316346174,-8.154404045,5.814591096
11.53974,16.71756,5681.88,0.88386,0.302804,2.918917848,1.147736932,-8.096214159,5.89048049
9.7434,13.4426,5293.19,0.81686,0.443378,1.842355733,1.900481293,-8.444477767,5.614426396
10.96117,14.05929,5477.82,0.85994,0.346045,2.485052522,1.473952371,-8.255699275,5.751088622
23.24884,32.52568,7594.97,0.94416,0.121755,7.754589134,0.587007162,-7.323528053,6.230737292
40.53604,46.69477,6658.42,0.97084,0.0668282,14.52740011,0.348853225,-6.650077028,6.657927016
14.92515,17.56223,5724.54,0.89166,0.26171,3.407053609,1.163678737,-8.007883006,5.842725141
9.9318,15.90926,4481.03,0.83208,0.413756,2.011040323,1.684422671,-8.444692639,5.719924484
22.12449,26.66438,6822.41,0.94226,0.136189,6.918767301,0.62516711,-7.394525321,6.268274273
11.94023,27.52307,3955.42,0.86564,0.367789,2.35363211,1.285953837,-8.20778612,5.837149146
15.12783,21.84759,5547.77,0.88354,0.284664,3.103799567,1.19251253,-8.046525332,5.921163467
9.28372,15.04881,4180.86,0.82112,0.497724,1.64974966,1.609294361,-8.57628973,5.636492832
13.19525,16.94027,6107.37,0.9014,0.23124,3.898114513,1.065741502,-7.895039365,5.977399397
18.75481,26.91779,5910.45,0.91584,0.202782,4.516377193,0.919394744,-7.764955082,5.9853082
15.29084,19.74285,4731.83,0.86388,0.351094,2.460537634,1.291014332,-8.196961065,5.883647253
29.75916,35.7619,7149.46,0.95664,0.0975074,9.810947682,0.500680133,-7.084108297,6.363099062
12.89523,18.44236,6235.12,0.89562,0.253173,3.537581022,1.087174196,-7.915242996,5.931672605
7.66657,9.51204,3469.3,0.74396,0.676011,1.100514637,2.652881498,-8.876223461,5.498866218
15.94711,22.57217,6591.42,0.89984,0.24458,3.679123395,1.069047139,-7.951010953,5.834147825
11.70373,14.59043,5799.46,0.87386,0.324337,2.694296365,1.193791678,-8.155727314,5.870250437
18.08854,22.30384,5850.9,0.91754,0.192581,4.764436782,0.872210502,-7.69496748,6.086415518
19.90282,21.73432,3489.62,0.849,0.384863,2.20597979,1.44301395,-8.239777591,5.786822624
14.78062,20.58186,4150.19,0.87044,0.36168,2.406657819,1.246383928,-8.20349128,5.829027106
20.51951,26.26137,6019.77,0.91634,0.207478,4.416564648,0.877797359,-7.720878492,6.097356984
27.27603,33.83759,5359.23,0.9231,0.174337,5.294917315,0.957110534,-7.494560242,6.14812612
11.95333,14.36861,5002.49,0.87962,0.357893,2.457773692,1.04858272,-8.185547222,5.879609511
33.37727,40.73475,6370.76,0.9514,0.119867,7.937130319,0.579090545,-7.205058495,6.52427869
26.05079,34.87807,6723.54,0.9461,0.119998,7.884298072,0.615670973,-7.28569047,6.325764999
15.14977,20.8008,5041.12,0.87994,0.299808,2.935011741,1.193460722,-8.057325008,5.914622311
12.09613,15.29148,5854.29,0.87842,0.294915,2.978553142,1.189679051,-8.09155264,5.815634969
27.40868,35.58698,7002.83,0.95324,0.10849,8.786431929,0.523902068,-7.153746348,6.346401765
15.24215,20.90093,3735.84,0.8596,0.368673,2.331605515,1.324182398,-8.167289718,5.970392679
7.78261,9.4568,4514.93,0.8004,0.546812,1.463757196,1.770021906,-8.642778831,5.490065863
6.19708,11.15197,2914.93,0.74134,0.752991,0.984527039,2.576504614,-9.042148666,5.381723486
10.67201,12.51089,3694.09,0.784,0.55708,1.407338264,2.057994928,-8.630074787,5.581298569
21.81017,26.89211,6070.42,0.93498,0.15855,5.897067171,0.691304541,-7.448052372,6.288267839
26.42983,29.35601,6914.35,0.9489,0.120248,7.891191537,0.553574349,-7.246515635,6.297030328
25.70428,28.5401,6794.95,0.94702,0.123466,7.670289796,0.579749229,-7.300957258,6.263779795
21.48575,25.94802,5964.89,0.93422,0.161939,5.768962387,0.691719532,-7.500290424,6.377827537
9.3317,12.49562,2656.53,0.74476,0.640301,1.163140461,2.591889801,-8.874335355,5.39030341
11.16592,17.17663,5860.02,0.88446,0.287908,3.072023007,1.108125083,-8.061413961,5.930857534
23.55186,30.76766,6040.29,0.939,0.141316,6.644682838,0.67831031,-7.36485956,6.243610138
17.86063,20.17506,4802.18,0.87596,0.298976,2.92986728,1.313137105,-8.049204601,5.836325057
6.08229,12.53451,2714.09,0.73968,0.771525,0.958724604,2.499186004,-9.04791714,5.283321832
20.10621,21.46479,2829.32,0.80112,0.44541,1.798612514,1.646737353,-8.366773723,5.902451215
18.48876,26.83374,5876.46,0.9207,0.177845,5.176979954,0.884678262,-7.545418866,6.065102454
26.4476,34.07391,6711.15,0.9489,0.118149,8.0313841,0.60008403,-7.229635692,6.177129242
14.85007,20.65263,6010.95,0.90992,0.217414,4.185195066,0.952139521,-7.809145452,5.980603628
9.25459,15.43898,4382.04,0.82724,0.445186,1.858189611,1.614523717,-8.493077276,5.620932951
7.676,9.34164,2941.02,0.73958,0.750821,0.985028389,2.570832794,-8.940682467,5.403377718
28.37351,34.12039,6702.72,0.9519,0.111755,8.517739698,0.588382426,-7.196290166,6.323960092
9.99476,13.3502,3092.62,0.78386,0.593541,1.320650132,2.225961143,-8.788632908,5.636080738
24.4586,29.93609,6247.6,0.94856,0.120118,7.89690138,0.591551937,-7.191489738,6.294240341
25.45307,29.61872,6243.07,0.9373,0.145523,6.440906248,0.744279896,-7.406691638,6.284704258
36.94018,37.75735,5207.31,0.94382,0.133068,7.092764602,0.550267622,-6.933491472,6.480524139
14.60634,22.08797,5617.7,0.88836,0.277057,3.206416008,1.112808296,-8.002173655,5.935753902
24.6863,28.78951,7055.64,0.94448,0.13329,7.085902918,0.602796077,-7.342756995,6.16507478
14.97041,22.42915,5900.44,0.90024,0.24378,3.692837805,1.009175634,-7.891589608,5.896569419
7.97629,12.26961,4113.05,0.80494,0.529898,1.519047062,1.894547469,-8.675647479,5.684575779
16.62136,20.40167,5725.81,0.89914,0.237617,3.783988519,1.095075493,-7.894621556,5.989763159
14.33963,21.3709,5992.67,0.88336,0.269212,3.281280181,1.241501204,-8.03685001,5.931679416
19.8002,21.91774,5207.52,0.88096,0.298232,2.953941898,1.287567148,-8.043425293,5.853179192
10.45057,12.14902,5408.09,0.833,0.392922,2.120013641,1.809969566,-8.389453014,5.693169445
23.4811,27.26249,7191.69,0.9397,0.138199,6.799615048,0.629989281,-7.405688407,6.215937711
14.96878,20.18374,3780.47,0.82494,0.412508,1.999815761,1.652682358,-8.388270493,5.773200684
5.70544,7.43065,1668.31,0.64612,0.966995,0.668173052,3.82355446,-9.485375277,4.956887777
22.65596,25.51383,6263.22,0.92786,0.175498,5.287011818,0.787968865,-7.563919957,6.183256352
24.91917,28.26528,6237.21,0.94512,0.129404,7.303638218,0.630025438,-7.290474816,6.233561972
13.23659,15.24576,3764.9,0.81968,0.474734,1.726609006,1.812387026,-8.509003425,5.789227102
13.60567,17.69299,4186.81,0.81422,0.434913,1.872144544,1.869660248,-8.503478092,5.629822108
14.32242,19.51659,5218.71,0.87968,0.309707,2.84036202,1.186184779,-8.117763273,6.026814116
31.41894,41.19416,6936.34,0.9497,0.112077,8.473638659,0.580283508,-7.161537706,6.258970705
10.05738,14.13772,4628.93,0.83502,0.431346,1.935847324,1.622177309,-8.442769202,5.736204493
9.6049,10.97701,3661.64,0.77896,0.633224,1.230149205,1.975326884,-8.768963645,5.470766034
18.38338,22.26141,3224.1,0.86302,0.381894,2.259841736,1.566114764,-8.130295795,6.070353264
14.53753,21.7259,6228.64,0.89534,0.241082,3.713840104,1.143447235,-7.939946022,5.902817839
24.41785,27.63456,5911.63,0.93788,0.15099,6.211537188,0.65675182,-7.43436085,6.221621885
14.54181,18.68675,4340.26,0.85528,0.358828,2.383537517,1.424481831,-8.219797296,5.697855859
14.30135,20.78624,4197.05,0.82988,0.371893,2.231502072,1.703213161,-8.338765242,5.630397381
19.79551,23.68895,3355.69,0.8671,0.380533,2.278646004,1.472101173,-8.097877885,5.987498143
13.4753,20.5072,3897.7,0.8278,0.395902,2.090921491,1.735284946,-8.403109206,5.740913207
26.82128,30.39175,6517.82,0.94952,0.121158,7.837039238,0.590872956,-7.22930132,6.147801129
23.5259,30.19965,6104.86,0.9268,0.179168,5.172798714,0.808905485,-7.566863444,6.159989897
21.72352,29.63384,7140.57,0.93596,0.145829,6.418202141,0.670978052,-7.427308719,6.277465865
20.00893,26.66216,5862.88,0.92084,0.187342,4.915288617,0.873862717,-7.629257001,6.114335765
12.50257,14.6185,5471.39,0.88226,0.31927,2.76336643,1.147953808,-8.158937679,5.859932139
12.0777,13.42295,3317.67,0.79252,0.570947,1.388079804,2.007474866,-8.664557888,5.511432209
14.78954,21.75967,5641.98,0.89166,0.267874,3.328654517,1.116317344,-7.963862807,6.022780412
13.82952,18.58688,5833.1,0.88268,0.274029,3.221118933,1.19641388,-8.042292594,5.855169746
7.44859,13.35268,3356.74,0.784,0.669225,1.171504352,2.069160177,-8.760032302,5.509996759
19.90299,25.17089,5191.43,0.91046,0.25076,3.630802361,0.961175439,-7.813386984,6.079529019
12.69886,15.81072,5328.29,0.88702,0.313868,2.826092497,0.968584841,-8.144413197,5.834831231
5.40352,11.19528,811.993,0.6037,1.53068,0.394399875,3.375673366,-9.768366412,4.946235037
8.08002,14.28019,3352.44,0.78402,0.599876,1.306970107,1.856098897,-8.740108122,5.528931758
18.86611,25.18401,5209.94,0.9138,0.245896,3.716205225,0.923215014,-7.777811758,6.107655672
14.62418,18.53365,5719.48,0.8938,0.274491,3.256208765,1.05817643,-7.968018462,5.942823761
10.37335,13.66274,4035.13,0.81074,0.494248,1.640350593,2.01532636,-8.555541549,5.636104645
15.82487,22.25964,5461.28,0.90466,0.236454,3.825945004,1.005262598,-7.83640253,5.991744394
7.0359,10.11745,3560.39,0.74766,0.676874,1.104577809,2.619510563,-8.930341788,5.293303999
9.2258,11.46184,4057.92,0.80418,0.536558,1.498775528,1.947084637,-8.613452002,5.662641086
19.30631,26.20427,5842.07,0.92378,0.18462,5.003683241,0.793033294,-7.610333216,5.99912038
14.83963,21.36509,5901.61,0.89834,0.245859,3.653882917,1.032618518,-7.917511705,6.031805291
14.69314,20.29239,4709.38,0.87058,0.339182,2.566704601,1.268899371,-8.17191869,5.867272259
23.54156,25.76233,6681.97,0.93912,0.143893,6.526516231,0.67247131,-7.415248422,6.082553188
20.31341,23.72928,3002.6,0.86462,0.423385,2.042160209,1.397705126,-8.135470399,5.980584385
10.75041,13.98309,3737.02,0.80544,0.519811,1.549486256,2.049222831,-8.658641872,5.562317736
8.12839,11.30822,3925.36,0.78572,0.588917,1.334177821,2.101199433,-8.735476478,5.531298091
14.03155,16.45541,6550.49,0.88054,0.279186,3.153954711,1.281405859,-8.06109611,5.726613041
27.23066,33.0888,4848.59,0.92222,0.193438,4.76752241,0.992723742,-7.531327658,6.246171752
29.92386,30.60983,5366.67,0.9365,0.16365,5.722578674,0.645316736,-7.186525326,6.605511151
14.51288,19.91003,5294.15,0.8929,0.282216,3.163888653,1.03067536,-8.014603767,5.987939195
7.98186,9.67962,798.179,0.57824,1.48004,0.390692143,3.058041656,-9.286342452,5.198091166
11.63563,15.49928,5292.4,0.85792,0.360636,2.378908373,1.35210175,-8.278578298,5.754252875
11.11199,14.73542,3666,0.82846,0.460817,1.797806939,1.875284655,-8.493214483,5.654926886
29.08196,32.24375,7212.1,0.95596,0.101696,9.400173065,0.505122362,-7.10965047,6.306517327
38.52663,40.32609,5384.56,0.94622,0.124985,7.57066848,0.560623864,-7.031998698,6.579716048
14.91472,20.28577,5006.05,0.88182,0.299373,2.945556212,1.214975908,-8.067336267,5.905297782
15.08575,30.33656,4321.78,0.87522,0.316293,2.767117831,1.264972339,-8.085725269,5.775572683
14.51946,21.2809,5770.58,0.90072,0.251293,3.584341784,0.956861257,-7.909236563,5.916154798
21.52095,24.38299,6048.85,0.93224,0.167753,5.557218053,0.725814257,-7.556217254,6.08940741
10.15029,17.73177,4601.68,0.83768,0.414228,2.02226793,1.713925158,-8.406241251,5.721626001
15.67755,25.39794,5635.5,0.90418,0.228439,3.958080713,1.001775289,-7.840730018,5.997070829
27.48878,30.79558,6951.53,0.95374,0.108172,8.816884221,0.512372221,-7.156449124,6.219688898
8.2314,12.17828,3807.86,0.7955,0.563036,1.412875908,1.90429128,-8.712510757,5.545668911
20.46457,22.43127,5311.54,0.89226,0.240972,3.702753847,1.070903691,-7.879503688,6.101390464
10.71493,12.06861,3211.29,0.78238,0.600382,1.303137003,2.167433168,-8.718257717,5.589917567
12.25028,15.19597,4835.39,0.85236,0.349457,2.439098373,1.686820012,-8.246920264,5.749233449
26.05845,31.37597,5529.44,0.93048,0.18124,5.133966012,0.810560176,-7.515674647,6.191067727
26.26725,27.26563,3334.48,0.91064,0.261278,3.485329802,0.756526081,-7.535700957,6.364448507
14.61122,19.13894,4238.95,0.85958,0.344278,2.496761338,1.340258762,-8.164319358,5.800965623
11.37635,24.03762,3951.41,0.8426,0.420013,2.006128382,1.525277275,-8.386839507,5.701997394
25.94374,28.60467,6836.1,0.95054,0.117253,8.106743537,0.514120753,-7.220403727,6.388806291
20.17405,31.41053,5925.16,0.9303,0.161485,5.760906586,0.75069979,-7.495838375,6.210510315
14.1529,21.83539,4876.83,0.87848,0.310602,2.828314048,1.231506051,-8.086268952,5.831453973
4.89818,10.31943,1850.33,0.66168,0.92632,0.714310389,3.288237845,-9.418755734,5.095441194
9.42648,15.05883,4635.71,0.83022,0.446435,1.859666021,1.628610686,-8.464028733,5.597317053
14.10688,18.59142,3321.62,0.83258,0.435622,1.911244152,1.466190895,-8.32776422,5.783392468
10.57918,14.80707,5142.45,0.82912,0.408288,2.030723411,1.961966911,-8.385871546,5.826203504
12.93636,26.22554,4142.9,0.87286,0.375692,2.323339331,1.291050002,-8.256225049,5.956018561
15.15096,20.58618,4634.42,0.86842,0.331416,2.620332151,1.317344798,-8.160961739,5.79308132
17.95244,26.76626,5836.14,0.90878,0.215001,4.226864061,0.959900727,-7.783326156,6.024475042
10.75155,14.55022,5185.72,0.86176,0.351579,2.451113406,1.331894881,-8.293007338,5.743818231
15.44474,18.69776,3032.91,0.83066,0.484693,1.71378584,2.09862854,-8.392925825,5.696615442
14.75714,20.91984,4542.61,0.87442,0.334301,2.61566672,1.24779217,-8.137045303,5.931872512
14.73134,18.86557,4581.8,0.84748,0.339664,2.495053936,1.558515452,-8.222529254,5.819827344
25.18561,28.33898,6008.99,0.94362,0.137365,6.869435446,0.63588581,-7.31766477,6.219904819
46.82316,52.84322,5763.64,0.959,0.097753,9.8104406,0.490110564,-6.950605256,6.51844217
19.37664,24.31849,3214.92,0.85578,0.37389,2.288855011,1.543667105,-8.11842945,5.979389436
15.01331,21.37588,3416.54,0.84118,0.367284,2.290271289,1.528823022,-8.178829133,5.828368701
30.03974,36.25216,6959.21,0.95678,0.0991772,9.647176972,0.48995108,-7.067462594,6.386879947
8.63648,13.40838,2810.81,0.78708,0.753097,1.045124333,1.734613079,-8.78182227,5.642229619
11.02572,15.03841,4158.53,0.81734,0.470222,1.738200254,2.007233081,-8.51732921,5.678204215
7.97431,12.02291,4355.61,0.80526,0.527126,1.527642347,1.980522855,-8.66098555,5.640139356
15.74857,22.04718,5643.18,0.90168,0.228597,3.944408719,1.027411988,-7.791089321,6.026340579
6.9107,11.75378,2613.37,0.75402,0.762757,0.9885455,2.241330999,-8.943373973,5.468061897
13.27067,17.68638,5791.16,0.88916,0.284079,3.129974409,1.097299988,-8.012628912,5.733196246
21.78355,25.00078,6010.74,0.922,0.186332,4.948157053,0.846420453,-7.63655834,5.894491291
14.50134,22.50233,5667.7,0.90806,0.227208,3.996602232,0.930928311,-7.83505294,5.972092249
17.69988,23.09043,4991.83,0.88674,0.259102,3.422358762,1.249280076,-7.935782676,6.101100204
12.31926,15.80397,4939.49,0.86058,0.336867,2.55465807,1.626024437,-8.20336427,5.801113279
10.33081,16.53741,5884.48,0.87134,0.31468,2.768971654,1.238841773,-8.19323504,5.805641702
6.96261,9.68992,2597.23,0.7385,0.826604,0.893414501,2.655339099,-8.983916484,5.456100226
6.84044,10.84549,3365.39,0.75792,0.674861,1.123075715,2.520430714,-8.935266556,5.31784135
16.33147,21.9611,5838.57,0.89446,0.251542,3.555907165,1.117507144,-7.903078625,5.983071905
21.86759,25.19674,5547.83,0.90726,0.21285,4.262438337,0.973546764,-7.743625244,5.959278992
23.92697,24.27345,5796.81,0.90606,0.242308,3.73929049,0.930059697,-7.888717176,6.029586368
21.07389,24.01159,5758.05,0.92166,0.184129,5.00551244,0.878458127,-7.590716951,6.101712928
14.06341,16.45201,3213.58,0.79034,0.530768,1.48904983,2.171510549,-8.583434237,5.644845327
7.4101,12.53717,3911.28,0.80214,0.585931,1.369000787,1.896716609,-8.705916516,5.630939562
15.24036,19.32457,6615.05,0.90554,0.213872,4.23402783,0.979291278,-7.843043537,5.962319726
14.27937,21.32589,4923.61,0.88692,0.307515,2.884151993,1.144134207,-8.056349263,5.861967287
31.34977,32.20469,4377.74,0.92538,0.179466,5.156297014,0.876388815,-7.204872945,6.502974719
14.56033,17.99969,5862.08,0.88998,0.259884,3.424527866,1.181995985,-7.986288593,5.960867448
15.95449,19.36563,5214.11,0.88744,0.290363,3.056312271,1.214799555,-7.994742563,5.964070464
16.0805,17.30634,4016.83,0.82958,0.493088,1.682417743,1.613158129,-8.540646711,5.667639244
11.02601,20.09261,4874.12,0.8651,0.337609,2.562431689,1.508112345,-8.185486601,5.658043366
20.96438,25.1027,3548.13,0.86302,0.322163,2.678830282,1.451572742,-8.019080747,5.897611508
9.71735,15.51357,1917.58,0.75736,0.780544,0.970297639,1.947306222,-8.818430277,5.589274163
28.13241,35.75322,6502.21,0.9475,0.121731,7.783555545,0.61115314,-7.259664766,6.255038838
11.49454,13.35709,3570.32,0.8031,0.533317,1.505858617,1.926154577,-8.625399805,5.591467212
27.54073,31.79877,7180.8,0.9523,0.111671,8.527728775,0.533053343,-7.181779379,6.38515678
22.39106,26.10479,6138.6,0.92632,0.17997,5.147080069,0.778941482,-7.630722679,6.17097405
8.70117,15.03119,3937.8,0.80578,0.501846,1.605632007,1.81796194,-8.604555899,5.602246238
12.77414,14.65395,3389.42,0.7984,0.525772,1.518528944,1.964340441,-8.578016174,5.714197997
14.17639,19.70353,4395.77,0.86758,0.372212,2.330875952,1.317568014,-8.216997061,5.806570494
13.82645,20.17888,4530.27,0.85828,0.365969,2.345225962,1.40758613,-8.237947535,5.834470473
22.58163,25.24193,6045.22,0.92736,0.167926,5.5224325,0.780491858,-7.539186923,6.169722263
11.76597,18.46666,5777.54,0.88356,0.279078,3.165996603,1.147210288,-8.064094955,5.907473737
11.88407,19.36333,5365.76,0.87662,0.305505,2.869412939,1.189210759,-8.146824074,5.860216113
19.9576,22.60251,5999.32,0.91788,0.201124,4.563751715,0.835430604,-7.72873438,5.946992434
9.38747,14.50153,3721.38,0.8061,0.538802,1.496096896,2.029598858,-8.572386883,5.628469418
14.24308,19.56082,4408.36,0.85688,0.36947,2.319214009,1.397874864,-8.278135924,5.74794239
12.16467,22.02234,5466.06,0.88296,0.297712,2.965819315,1.198393749,-8.088985967,5.863414246
11.5959,19.48729,5557.88,0.88188,0.304953,2.891855466,1.231001633,-8.143743115,5.802923653
27.82511,34.85056,5838.93,0.9354,0.154403,6.058172445,0.721447759,-7.429024703,6.206000416
6.60501,8.28257,2386.43,0.69408,0.840742,0.825556473,3.238591336,-9.176590997,5.126337252
22.84407,28.28563,5505.42,0.9403,0.15251,6.165497344,0.632496795,-7.381655665,6.27354788
24.66725,27.45916,7143.73,0.94834,0.119178,7.95734112,0.55732031,-7.273951927,6.297591976
22.61653,25.96108,5107.88,0.926,0.200372,4.621404188,0.848577823,-7.604033864,6.067255847
18.94666,35.11492,5880.16,0.91622,0.197951,4.628519179,0.79896056,-7.699265609,5.988172959
25.03964,30.69803,7218.53,0.94568,0.127758,7.402119632,0.605422867,-7.339426201,6.271790759
10.48756,14.97241,4626.48,0.83594,0.448716,1.862960091,1.62757122,-8.507473086,5.73653258
12.60426,18.03847,5738.69,0.88632,0.277423,3.19483244,1.118915053,-8.023742719,5.824979178
25.87198,31.71538,6026.66,0.94824,0.118806,7.98141508,0.560989346,-7.193470265,6.347195774
26.11926,36.86564,6406.48,0.94344,0.128668,7.33235925,0.64395592,-7.257739169,6.252541529
11.48374,14.59999,4924.53,0.83814,0.400401,2.093251515,1.55474356,-8.400511366,5.652338366
19.93218,23.56098,5331.74,0.92098,0.207596,4.436405326,0.882740249,-7.696407576,6.201085797
20.09682,21.94786,1686.49,0.84808,0.544406,1.55780796,1.126759945,-8.10770579,6.051082362
12.25034,19.82732,5772.5,0.89186,0.265418,3.360209179,1.13092936,-7.971594627,5.791609513
16.46266,22.70543,5867.46,0.91226,0.210335,4.337176409,0.917712049,-7.738757418,6.060593771
9.40378,12.18368,3776.21,0.78576,0.575634,1.365034032,2.174717291,-8.685196431,5.501935689
10.78411,14.60227,4417.34,0.8298,0.434718,1.908823651,1.675855348,-8.451696621,5.650986005
12.77851,17.54902,6017.87,0.88826,0.262948,3.378082358,1.162865447,-8.007881843,5.732050138
23.96485,24.14101,5029.19,0.89074,0.29546,3.014756651,1.127081225,-8.06803272,5.927363424
11.32964,19.21982,5898.82,0.88222,0.288934,3.053361667,1.191829305,-8.120621209,5.798277696
14.58048,21.54175,5957.99,0.88398,0.270749,3.264942807,1.226637616,-8.026287502,5.900211227
15.26711,21.44035,5920.15,0.90228,0.237932,3.792175916,0.977535776,-7.865326377,5.896731185
10.508,14.18505,4923.28,0.85364,0.374523,2.279272568,1.413593821,-8.313632215,5.764125706
9.8004,12.23267,3799.74,0.79126,0.549635,1.439609923,1.968183743,-8.709339833,5.457767058
13.74625,16.72998,5394.08,0.84604,0.348117,2.430332331,1.656985962,-8.291265565,5.672040687
9.07506,12.43085,1522.52,0.6327,0.895782,0.706310241,3.192154266,-9.359453332,5.175317864
14.50123,20.03839,5401.56,0.8804,0.293833,2.99625978,1.246567083,-8.075926963,5.882770625
26.57424,28.72224,7628.57,0.95258,0.104721,9.096360806,0.508893262,-7.148207798,6.337272246
11.09281,16.47548,5700.95,0.88388,0.298082,2.965224334,1.051614694,-8.075220905,5.850158442
5.84418,11.7939,2441.53,0.72108,0.841148,0.857256987,2.714167219,-9.12842552,5.234862598
10.58324,14.54681,3961.56,0.81196,0.483212,1.680339064,1.834062606,-8.511323537,5.605563312
9.04871,14.96816,3759.76,0.79576,0.538667,1.477276314,1.868811717,-8.648603329,5.511881641
40.13071,46.4508,5596.4,0.94998,0.123598,7.6860467,0.571796869,-7.171363122,6.271092575
23.86118,27.72162,7145.21,0.94606,0.125168,7.558321616,0.59085921,-7.291514377,6.25492538
11.67072,15.6977,5920.72,0.8628,0.324403,2.659654812,1.42062695,-8.217237856,5.80017063
5.50929,11.69963,2632.66,0.71664,0.786578,0.911085741,2.672356571,-9.081858243,5.374186869
26.70915,28.85082,6967.36,0.95278,0.11218,8.493314316,0.512420461,-7.174501873,6.392355972
24.71959,25.67759,2374.48,0.87998,0.358117,2.457241628,0.980951803,-7.714479105,6.271884706
10.25644,15.90925,4740.86,0.82858,0.435608,1.90212301,1.711603263,-8.473014632,5.656609403
25.0165,27.99629,6122.76,0.94274,0.13581,6.941609602,0.653551786,-7.347790574,6.284075715
6.69623,8.67483,2412.68,0.70244,0.843598,0.832671486,3.033432761,-9.072707796,5.429749595
23.24793,27.24026,6185.77,0.94102,0.137847,6.826554078,0.670568239,-7.333291078,6.249412036
14.7388,20.30847,4192.02,0.83576,0.388157,2.15314937,1.665554721,-8.324056066,5.678520327
14.82357,21.85384,5084.95,0.89274,0.287364,3.10665219,1.104895244,-7.962177736,6.013405336
11.52974,14.94584,5778.75,0.85784,0.354241,2.421628214,1.473097129,-8.244374035,5.739196303
11.81041,20.72534,5681.06,0.88966,0.28912,3.077130603,1.155901507,-8.065240157,5.809912508
21.71762,24.53159,6070.47,0.92918,0.171972,5.403088875,0.742549162,-7.565708816,6.094276542
13.0401,18.38483,5943.79,0.89072,0.268476,3.317689477,1.180601841,-8.019971586,5.915937559
10.05377,14.72674,4358.19,0.81866,0.447301,1.830221708,1.888229147,-8.4587944,5.654936987
10.92584,14.5114,4572.54,0.8312,0.457446,1.817045072,1.698764181,-8.528076191,5.723046329
9.57217,13.40424,4471.4,0.83148,0.470033,1.768982178,1.652807704,-8.498294475,5.68524172
16.80499,21.6041,6102.01,0.90682,0.227614,3.984025587,0.98666746,-7.787798256,5.958866481
11.13361,14.14988,4082.83,0.80916,0.48267,1.676424887,2.085315341,-8.524668384,5.626990267
15.38824,28.05161,4568.57,0.86852,0.3156,2.751964512,1.390003229,-8.05358534,5.862514266
15.8917,21.1684,6397.57,0.89822,0.240278,3.73825319,1.078113727,-7.929684569,5.965997289
19.09885,25.21187,6518.88,0.93228,0.171228,5.444670264,0.721748249,-7.576737832,6.244601113
14.29954,21.10765,5879.02,0.9025,0.230554,3.914484242,1.008730609,-7.849940601,5.930647042
8.4815,14.04199,2898.36,0.7727,0.669371,1.154367309,2.092909228,-8.824075048,5.617317089
22.57285,25.16112,6171.95,0.92922,0.175675,5.289426498,0.752427291,-7.624350976,6.163031278
10.73729,14.84138,4576.12,0.83358,0.439421,1.896996275,1.566999503,-8.462296609,5.596882358
24.56473,34.33923,7587.16,0.94764,0.113489,8.350060358,0.557100494,-7.244506245,6.232079426
14.12488,17.19961,6556.46,0.90264,0.225504,4.002767135,1.041704644,-7.892326079,5.852424799
6.19267,9.10662,1343.68,0.5965,0.933466,0.639016311,3.92060617,-9.416967918,4.913859774
14.64873,20.47838,4049.85,0.82996,0.387559,2.141506196,1.671839411,-8.357730235,5.788375023
19.72852,23.04214,2743.84,0.8611,0.464849,1.852429499,1.489258576,-8.223362625,5.938657986
28.91502,44.11156,6695.8,0.9565,0.0995651,9.606779886,0.501549159,-7.015881293,6.353417703
24.91345,28.17152,6218.46,0.93628,0.148713,6.295885363,0.685255704,-7.404862971,6.23146669
13.90574,16.45675,3433.52,0.81396,0.46036,1.768094535,1.701657339,-8.485778821,5.664035412
10.78563,18.41851,5429.11,0.88066,0.329344,2.673982219,1.181146144,-8.191477961,5.910419668
12.17625,16.96203,5844.61,0.8817,0.291478,3.024928125,1.319090269,-8.064896554,5.82293026
6.56489,12.02421,936.78,0.64318,1.51999,0.423147521,3.292823256,-9.537620821,5.150907077
10.30368,12.8893,3203.48,0.79664,0.555676,1.433641187,2.072719538,-8.659374391,5.534876867
15.8805,20.54311,5769.84,0.90282,0.24245,3.723736853,0.976124173,-7.880153635,6.01583312
27.85767,31.05142,7631.18,0.95902,0.0949278,10.10262536,0.469747869,-7.079864295,6.415785462
18.57964,24.41757,5713.54,0.91464,0.212599,4.302183924,0.880068558,-7.71797029,6.106099198
12.94714,20.16081,5196.46,0.868,0.324923,2.671402148,1.270054626,-8.201817119,5.837080297
6.26887,12.93319,2808.1,0.7485,0.77013,0.971913833,2.364482549,-8.991271906,5.468207875
15.3114,16.48385,5890.59,0.89174,0.287631,3.100291693,1.094469305,-8.015749049,5.926211527
9.4936,12.98092,4554.41,0.83182,0.458118,1.815733064,1.654979601,-8.46417705,5.609624556
21.50394,24.93692,6649.97,0.93702,0.153236,6.114881621,0.690650496,-7.498311807,6.155272474
10.28659,14.17429,4755.04,0.81978,0.456399,1.79619149,1.67179134,-8.569101375,5.565500474
13.7731,14.95537,3669.95,0.81628,0.501442,1.627865237,1.894875007,-8.51704424,5.575647725
15.30307,20.35644,4155.88,0.855,0.393269,2.174084405,1.337152556,-8.271951331,5.739967621
6.70344,10.81316,2647.97,0.72348,0.794285,0.910856934,2.462136505,-9.067753932,5.403897002
23.58981,29.67086,7216.49,0.94038,0.134631,6.984869755,0.636660743,-7.392740621,6.150566472
11.23019,15.12444,4720.42,0.83732,0.415302,2.016171364,1.538674992,-8.439628144,5.685674826
10.75176,14.72388,4299.72,0.8353,0.440077,1.898076927,1.560071836,-8.422205643,5.706189131
13.28603,17.6433,6076.85,0.88778,0.263008,3.375486677,1.170691958,-7.986824048,5.94218812
15.57685,18.46789,2910.05,0.8438,0.496811,1.698432603,1.498275593,-8.374499983,5.758151821
15.39461,20.25817,4181.59,0.87396,0.363861,2.401906222,1.2793212,-8.183596658,5.78025322
16.84024,22.61046,5267.69,0.88388,0.287791,3.071256572,1.171358023,-8.013985949,5.814879363
12.73904,17.03603,5664.68,0.88432,0.298077,2.966750202,1.193661805,-8.03478359,5.836628871
23.25508,25.71565,5829.69,0.92722,0.173339,5.349171277,0.817267444,-7.553081824,6.054753855
13.27454,19.83405,6114.89,0.89996,0.244933,3.674310934,1.048878486,-7.884957907,5.984924414
12.08399,16.13392,5135.97,0.83438,0.396234,2.10577588,1.795435354,-8.347043424,5.727716421
22.12847,25.25849,6093.89,0.92616,0.18312,5.057667104,0.825084721,-7.651580232,6.160284373
5.58194,9.14859,1341.45,0.63886,1.27839,0.499737952,3.276801467,-9.47763655,5.141055848
5.69458,6.8509,2144.57,0.6707,0.94266,0.711497252,3.431729973,-9.191300021,5.204576446
14.11828,20.1712,4871.92,0.86586,0.337447,2.565914055,1.344307914,-8.197391234,5.744543573
9.45636,14.97405,4654.9,0.82982,0.444376,1.867382577,1.641549776,-8.522835791,5.697381558
10.67916,18.5381,4961.93,0.87142,0.336156,2.592308333,1.373255662,-8.204245546,5.768784437
27.47087,30.11576,6808.88,0.95474,0.109821,8.693601406,0.488479247,-7.168237565,6.293136729
22.63466,26.62917,5932.13,0.93432,0.157807,5.920649908,0.711095731,-7.436251986,6.291103034
32.54485,39.5419,6091.43,0.95126,0.120502,7.894142836,0.572520009,-7.198100678,6.26702799
32.33412,42.39807,6642.79,0.96144,0.0861575,11.15909816,0.440478807,-6.899517326,6.51135013
12.95461,18.00439,5767.78,0.89056,0.281792,3.160345219,1.08886637,-8.012117437,5.934113922
4.27244,7.70824,1243.57,0.59872,1.01504,0.589848676,4.323597423,-9.756479609,4.713669033
6.07597,13.25241,1038.46,0.66214,1.34555,0.492096169,3.020480837,-9.425068278,5.326979273
17.44669,21.87127,4884.32,0.8903,0.283382,3.141695662,1.181802337,-7.988210839,6.016140082
19.76068,24.29682,5889.35,0.9107,0.210451,4.327373118,0.999501596,-7.761304981,6.084155739
6.04516,6.64175,1053.53,0.5585,1.27895,0.436686344,3.618602639,-9.088124916,5.37348191
21.10107,24.63154,6230.05,0.9291,0.172631,5.381999757,0.753352149,-7.560403605,6.089217085
8.35212,10.4637,3648.07,0.80712,0.587383,1.374094926,1.878728637,-8.578996161,5.483650746
21.99523,26.39127,6622.73,0.94158,0.140469,6.70311599,0.616808516,-7.370045609,6.275095747
20.65662,25.41893,5039.8,0.91582,0.189176,4.841100351,0.852355323,-7.536975825,6.204193243
8.19707,11.43972,3115.38,0.7495,0.663706,1.129265066,2.290116925,-8.801729084,5.421970852
22.61031,29.81956,5783.69,0.94302,0.1398,6.745493562,0.601900184,-7.344713926,6.328262771
10.4201,15.88448,4687.41,0.83038,0.437342,1.898697129,1.701901416,-8.51449478,5.675409608
6.55845,9.40116,2315.56,0.6748,0.796306,0.847412929,3.075834613,-9.18467808,5.311201906
8.55445,11.86791,3056.16,0.76186,0.673005,1.132027251,2.3392627,-8.806389385,5.445306393
5.15444,10.41287,2666.57,0.72064,0.819434,0.879436294,2.529994365,-9.08146236,5.409442433
21.13778,23.01538,2568.2,0.86348,0.379867,2.273111378,1.156902195,-7.955066837,5.814410885
15.47827,20.89773,5086.6,0.8724,0.302191,2.886915891,1.437287301,-8.098677414,5.860571233
12.81868,16.19216,5573.34,0.8611,0.326249,2.639395063,1.429037727,-8.195219845,5.873796526
12.87304,17.93529,5823.24,0.89428,0.275228,3.249233363,1.06107241,-7.963069837,5.973857385
22.2954,23.52099,2619.08,0.87474,0.359756,2.431481337,1.092926122,-7.762660957,6.212239763
23.55495,26.4269,5717.74,0.92856,0.177399,5.234302335,0.829268341,-7.571330841,6.220036195
14.54981,20.04507,4227.85,0.86454,0.363534,2.37815445,1.36120069,-8.206503322,5.827784147
28.46411,39.78072,6812.47,0.95438,0.102342,9.325399152,0.513194636,-7.120348984,6.335978464
27.19689,29.1642,6966.92,0.95272,0.113387,8.40237417,0.522284972,-7.190791314,6.259645156
17.33446,17.54985,2218.93,0.73994,0.720049,1.027624509,2.317389382,-8.912622914,5.465149497
24.16274,29.22072,5914.5,0.94346,0.138513,6.811346227,0.629447894,-7.313529974,6.307844889
15.95482,20.7617,4047.8,0.86374,0.396264,2.179708477,1.329225371,-8.254047083,5.690207091
6.39154,12.5546,3516.46,0.7797,0.628631,1.24031427,2.141364362,-8.787996426,5.462996331
6.46299,10.47228,2857.53,0.73346,0.764422,0.959496195,2.618636262,-8.908443523,5.404035465
20.97363,22.1093,2213.5,0.85476,0.43755,1.953513884,1.070021238,-7.994577956,6.059790629
25.41532,28.30539,7294.11,0.9489,0.119625,7.932288401,0.5654537,-7.276896691,6.241685175
21.94878,26.92271,5530.74,0.92644,0.188022,4.927295742,0.759704922,-7.57811647,6.20860659
14.2808,21.53963,5583.47,0.879,0.289059,3.040901684,1.254884323,-8.066306743,5.894042561
8.66016,10.49665,4742.04,0.83624,0.448638,1.863952675,1.541467875,-8.460520428,5.658578697
24.84915,28.22171,5273.27,0.93652,0.169216,5.534464826,0.658856648,-7.47367266,6.172197272
13.12597,22.2703,5763.75,0.90114,0.246825,3.65092677,1.053872273,-7.938639332,5.947094907
13.27886,14.77024,4569.77,0.84824,0.397494,2.133969318,1.517236028,-8.346348492,5.755320298
24.15697,26.1697,6265.47,0.9379,0.149689,6.265657463,0.676797689,-7.456230071,6.171199964
17.01823,21.30993,4839.97,0.88178,0.270636,3.258177035,1.181631606,-7.880263541,6.031389916
19.84194,24.55556,3792.77,0.8717,0.333016,2.617591948,1.499703415,-8.017057126,5.840105724
54.23558,56.61026,5633.41,0.96494,0.0790323,12.20943842,0.386314923,-6.497189235,6.897758999
10.34727,15.7065,4390.76,0.84126,0.461253,1.823858056,1.434420937,-8.434470572,5.676235574
15.78271,22.264,6738.24,0.90782,0.214331,4.23559821,0.962566007,-7.816354792,5.997074276
10.41133,18.30139,5273.87,0.87498,0.352402,2.482903048,1.178047863,-8.19548809,5.787815707
24.1015,26.188,5720.36,0.93582,0.165847,5.642670654,0.697324241,-7.487361284,6.091530252
20.61669,29.78936,7189.98,0.9364,0.143556,6.522890022,0.68326167,-7.443677012,6.181624352
3.85731,7.32616,1194.09,0.59822,1.11775,0.535200179,3.394708158,-9.807303832,4.724195534
10.76806,14.36481,3217.98,0.77954,0.563955,1.382273408,2.091470308,-8.684941683,5.466379102
11.34603,14.79124,4543.31,0.83684,0.445213,1.879639633,1.57610201,-8.44568613,5.684383339
10.97315,12.55613,5541.17,0.83672,0.383947,2.179259116,1.811123935,-8.375969765,5.704321417
15.52745,22.15876,5280.82,0.88408,0.280256,3.154544417,1.189529075,-7.986365243,5.736942972
6.97835,11.87518,2441.02,0.73906,0.772762,0.956387607,2.334774447,-9.045886763,5.13392443
12.41914,18.58992,5571.14,0.88734,0.295075,3.007167669,1.109068638,-8.097816768,5.888110828
19.324,24.61697,5732.96,0.9209,0.205776,4.475254646,0.788717279,-7.713743018,5.907308224
22.38431,26.9294,5447.2,0.91938,0.214518,4.285794199,0.905001802,-7.702835614,6.158820275
22.86513,25.74141,5320.32,0.92604,0.207625,4.460156532,0.792548913,-7.680994985,6.189718386
15.20557,19.42498,6043.06,0.89966,0.239374,3.758386458,0.97890191,-7.92572791,5.886859806
17.38692,24.36269,5518.29,0.90244,0.234386,3.850229963,1.040577048,-7.842722146,5.988243527
14.18524,22.62039,5785.2,0.90836,0.2241,4.053369032,0.923361358,-7.808980202,5.9272138
15.38393,19.03992,2864.82,0.83002,0.505185,1.643002069,1.835699653,-8.396357876,5.823798202
9.24256,14.0309,4923.12,0.8249,0.419571,1.966055805,1.967713459,-8.393636031,5.742415099
14.80048,22.09373,5073.88,0.8738,0.306306,2.852702853,1.33854547,-8.058779553,5.836972217
28.98757,30.18897,5026.88,0.93654,0.179224,5.225527831,0.572628179,-7.256521495,6.376113882
15.45021,19.65931,4323.43,0.85206,0.383604,2.221196859,1.399849294,-8.295894497,5.656684766
13.72997,16.56134,2610.72,0.74912,0.562638,1.331442242,2.071319395,-8.645302872,5.608884646
7.00267,10.18703,2422.6,0.69118,0.785904,0.879471284,2.870076928,-9.159218293,5.183349298
15.02847,20.59137,5013.02,0.87858,0.305863,2.872462508,1.249806126,-8.087953218,5.764402043
5.65865,8.0326,1415.83,0.60286,0.968988,0.622154248,4.092177835,-9.67808039,4.862807382
12.95968,21.65502,5690.72,0.89322,0.26844,3.327447474,1.114758113,-8.007755644,6.02354639
22.98632,30.66841,6077.22,0.92996,0.175038,5.312903484,0.769052749,-7.532642573,6.207134079
29.54921,30.98046,4804.9,0.9286,0.17226,5.390688494,0.689260316,-7.323594078,6.559949444
11.65692,16.45079,4283.63,0.84704,0.438059,1.933620814,1.342757234,-8.376372967,5.766685958
11.01238,15.02056,3799.69,0.82074,0.515232,1.592952301,1.573270268,-8.583260151,5.682068182
21.917,25.70381,6055.38,0.92986,0.16151,5.75729057,0.783768632,-7.510910497,6.28467243
5.78131,9.89708,1729.9,0.68606,1.10173,0.622711554,2.704459174,-9.342155568,5.110965114
20.76154,23.12371,6087.96,0.92502,0.188481,4.907762586,0.782122534,-7.643027618,6.114611062
14.41927,21.42576,5740.44,0.89522,0.268241,3.33737199,1.004075276,-7.983248518,6.006737768
14.90933,19.96718,4363.16,0.87228,0.316465,2.756323764,1.288340545,-8.058059829,5.833683081
34.15598,37.83342,6697,0.9618,0.0891688,10.78628399,0.432569371,-6.954472835,6.484951299
14.7132,20.99212,4934.14,0.88092,0.303684,2.900778441,1.189137967,-8.09103688,5.659517046
12.47915,16.64889,5686.94,0.88978,0.297809,2.987753896,1.054817632,-8.065507303,5.913180722
9.02049,15.88836,3784.62,0.81152,0.496166,1.63558164,1.697327154,-8.563938724,5.692102748
14.67428,21.58176,5916.62,0.90532,0.24008,3.770909697,0.992723611,-7.870612563,5.984394784
14.85776,20.98686,5107.42,0.86554,0.326388,2.651874456,1.340069349,-8.172283488,5.836742387
23.77009,32.44375,6720.77,0.93736,0.140293,6.681445261,0.703536835,-7.382119562,6.163488898
11.94867,19.57258,5117.17,0.87416,0.321878,2.715811581,1.375717479,-8.143020901,5.869045188
18.70758,20.80531,2986.69,0.85858,0.437912,1.960622225,1.560978639,-8.205810892,5.755881361
10.69287,14.27343,4477.19,0.82866,0.470508,1.761202785,1.657486259,-8.545162127,5.590348296
19.95164,24.04688,4974.67,0.90662,0.215242,4.212096152,0.920041422,-7.680402769,6.12359003
28.6014,30.29074,4735.31,0.88492,0.279705,3.16376182,1.290056215,-7.907904418,5.972502499
11.09504,16.29202,4933.62,0.84658,0.411163,2.058988771,1.517630987,-8.360883213,5.658831845
17.20047,22.76371,6080.07,0.90796,0.207663,4.372276236,0.977453511,-7.784807235,6.073401096
24.9577,29.71426,5958.66,0.9365,0.152496,6.141144686,0.675812612,-7.443042146,6.224874292
18.05942,25.07794,5557.04,0.90716,0.221178,4.101492915,1.061120285,-7.779012468,6.047215614
5.87108,11.56426,2647.71,0.72312,0.769201,0.940092382,2.634380656,-9.089458809,5.320879931
11.91894,20.3789,3686.78,0.8571,0.457917,1.871736581,1.256311906,-8.354552202,5.79257223
15.08355,29.90743,5381.39,0.8929,0.25611,3.486392566,1.068463454,-7.952510968,5.882502939
23.08758,25.15408,5684.12,0.92732,0.192757,4.810823991,0.780739307,-7.65496153,6.069075093
10.48944,13.90094,4365.99,0.8378,0.432107,1.938871622,1.557026283,-8.452192023,5.680263412
23.02797,24.25508,5154.31,0.89092,0.298771,2.981949386,0.941413896,-8.040152414,5.778084282
19.97286,22.25948,3390.69,0.86,0.369204,2.329335543,1.415361218,-8.116764924,5.879276966
11.19409,15.52102,4658.93,0.84018,0.437002,1.922599897,1.532511448,-8.40475691,5.694553484
6.37408,10.27259,2884.65,0.74632,0.80901,0.922510229,2.041520328,-8.96725052,5.352232007
15.00762,22.08694,6121.51,0.89812,0.241876,3.713142271,1.054465635,-7.880802442,5.978814133
10.85178,15.10746,4307.25,0.80666,0.465232,1.733887609,1.894248113,-8.574093689,5.624018492
24.05584,25.92878,6222.99,0.93832,0.149921,6.258762948,0.66705204,-7.431403468,6.138317942
9.6943,13.35248,3954.58,0.79604,0.51688,1.540086674,1.963805897,-8.581731779,5.675544436
14.31499,20.1361,5103.34,0.86502,0.32528,2.659308903,1.513945639,-8.186557326,5.764006413
6.42145,10.71563,2627.79,0.72562,0.80073,0.906198094,2.688365505,-9.106257076,5.250536654
14.6129,20.90909,4605.37,0.86868,0.335103,2.592277598,1.31187409,-8.151839938,5.745616072
8.73705,10.26494,2008.97,0.70862,0.938597,0.754977909,2.865707833,-9.110593758,5.361145852
22.82791,25.64485,5842.34,0.9257,0.189813,4.876905165,0.78555081,-7.625730797,6.190584759
9.01282,19.8429,2592.43,0.81754,0.70054,1.167014018,1.639426211,-8.766453045,5.562750204
15.1979,22.00434,6973.37,0.92026,0.180744,5.091510645,0.860153431,-7.666029535,6.054938917
9.59199,14.01616,3925.77,0.8013,0.481856,1.662944946,1.949773464,-8.591148752,5.544363533
25.01205,34.44594,7159.13,0.94456,0.12577,7.510217063,0.622444532,-7.304465558,6.192425716
14.13376,27.66171,4769.85,0.89092,0.299726,2.972448169,0.830181778,-8.034070856,5.991092052
4.59725,6.75731,558.082,0.59312,1.08262,0.547856127,4.594647321,-9.802224574,4.579194045
23.82659,27.03647,6257.65,0.93276,0.158169,5.8972365,0.737832467,-7.487472002,6.128338111
21.79906,25.20166,5602.63,0.91952,0.188679,4.873462336,0.914536541,-7.651899851,6.010094677
7.96103,12.7883,2813.43,0.7531,0.686385,1.097197637,2.431869718,-8.947757775,5.286156605
12.22266,21.99114,5747.4,0.89374,0.272969,3.274144683,1.110951961,-8.048591092,5.893405587
28.16229,32.11069,7578.29,0.95836,0.0938528,10.21130963,0.460226261,-7.048913161,6.342443681
13.35258,20.32132,5274.72,0.88334,0.282857,3.122920769,1.319680161,-8.005598659,5.951119053
11.35325,14.39586,4220.53,0.81434,0.45933,1.772886596,1.793456481,-8.474114046,5.644408702
15.7461,20.71777,5851.29,0.911,0.207391,4.39266892,1.011229065,-7.714314572,6.082920463
21.44486,23.95238,5894.2,0.92432,0.176486,5.237355938,0.799543781,-7.617945078,6.129276856
10.65694,19.25323,5428.22,0.87558,0.329501,2.657290873,1.281908244,-8.166390274,5.713718742
13.3099,28.25695,5094.61,0.87288,0.306649,2.84651181,1.16970874,-8.109217159,5.871560181
11.83677,16.107,4275.29,0.85078,0.435602,1.953113163,1.282233037,-8.385578142,5.840031049
24.1939,27.99506,7180.52,0.94652,0.126087,7.50688017,0.590158051,-7.294649975,6.251582274
8.56715,11.09363,5208.81,0.82418,0.444817,1.852851847,1.873896226,-8.465097355,5.593297636
12.78201,15.99249,3619.04,0.81084,0.444019,1.826138071,1.869131971,-8.486176684,5.619840143
10.50774,14.52619,5562.18,0.87186,0.31793,2.742301765,1.317838057,-8.170153687,5.795047875
6.28426,10.25044,1856.95,0.70382,1.08357,0.649538101,2.626317357,-9.228479529,5.216151489
13.68547,24.27351,5430.29,0.89952,0.251494,3.576705607,1.069299239,-7.924353221,5.90896211
9.28759,21.06987,3720.35,0.83492,0.47671,1.751421199,1.549273339,-8.513775483,5.669432183
20.63863,25.27871,6140.89,0.93598,0.151117,6.19374392,0.675753797,-7.415180834,6.254967129
26.16368,31.81587,7009.05,0.9503,0.116036,8.189699748,0.541305321,-7.230208769,6.259575108
12.88666,21.75453,5389.68,0.8804,0.291656,3.018624681,1.23195483,-8.083447269,5.875301426
35.86608,41.20987,6636.47,0.96692,0.0768963,12.57433713,0.391781071,-6.801889329,6.584887061
19.0108,22.98624,5813.05,0.92348,0.186199,4.959639955,0.810545113,-7.617654815,6.027482231
24.95244,30.8096,7195.88,0.95086,0.117705,8.078331422,0.5704595,-7.239655294,6.213621078
8.8384,12.43174,4087.45,0.79758,0.494749,1.612090171,2.072498609,-8.597128675,5.624854094
6.72168,11.38611,3450.42,0.77836,0.660094,1.179165392,2.047157878,-8.81615202,5.631359644
8.19028,12.41037,2428.69,0.7596,0.816296,0.930544802,2.335189548,-8.989742968,5.437024209
15.2285,21.39243,6067.63,0.91,0.211518,4.302234325,0.9261956,-7.803358255,6.082598495
11.6034,14.63826,4336.12,0.81404,0.450078,1.808664276,1.825742084,-8.431471424,5.679667666
7.87913,10.59349,3434.59,0.76184,0.650248,1.171614522,2.547822846,-8.812116363,5.494467072
17.09209,19.98427,5518.65,0.88944,0.27491,3.235386126,1.216390331,-8.045431503,5.880757152
25.95833,29.25012,7154.44,0.94998,0.118096,8.044133586,0.572370516,-7.240279908,6.265710064
16.27987,21.15162,4382.77,0.87478,0.316983,2.759706356,1.453733416,-8.044008996,5.999791393
28.33305,38.91508,5969.88,0.94462,0.13216,7.147548426,0.647984223,-7.266293132,6.274040709
21.46897,25.05537,5988.76,0.91882,0.188984,4.86189307,0.862611342,-7.677526786,6.045160373
10.39133,13.15968,5094.46,0.81674,0.420407,1.942736443,1.85782796,-8.464604387,5.665378587
20.34721,23.08995,6270.65,0.92054,0.191574,4.805140572,0.829313383,-7.671968062,5.910597507
32.51619,34.06113,5518.05,0.91702,0.206112,4.449134451,0.825574579,-7.690127913,6.047443204
11.47188,14.60078,5673.49,0.85808,0.335521,2.55745542,1.442876094,-8.273229193,5.832532802
12.15221,18.56256,5553.15,0.8773,0.30056,2.918884748,1.194242029,-8.113286445,5.830089716
10.54855,17.41497,2166.64,0.77342,0.653253,1.1839517,1.871209538,-8.689878685,5.673091028
27.60434,31.11021,7020.31,0.95492,0.107238,8.904679311,0.507740628,-7.154125941,6.264454849
8.72055,10.7591,3197.74,0.75652,0.707098,1.069894131,2.444301878,-8.871733482,5.307842191
15.04085,25.95811,5588.9,0.91052,0.223697,4.070327273,0.935146284,-7.792711953,6.061266636
15.42651,20.67704,5315.71,0.89374,0.266509,3.353507761,1.021403056,-7.973899842,5.921140842
11.14094,13.98998,3514.12,0.80206,0.50884,1.576251867,2.001053613,-8.58159419,5.578480064
4.5079,6.77787,1145.41,0.59008,1.09809,0.537369432,4.366596827,-9.682426724,4.82648507
8.27915,14.02453,3688.95,0.76858,0.557152,1.379479926,2.40220303,-8.718042774,5.516966392
22.7212,24.05549,2054.69,0.86582,0.44617,1.940560773,1.029408673,-7.941319074,6.114875679
6.72782,13.28108,3435.91,0.7845,0.644578,1.217075358,2.022534659,-8.816270013,5.484834333
25.29258,28.49752,6777.17,0.94914,0.121941,7.783600266,0.553020265,-7.240930741,6.339245624
12.95779,15.27602,5487.8,0.86218,0.323445,2.665615483,1.44142688,-8.25132837,5.738495757
15.43959,16.90804,2288.59,0.76132,0.686989,1.108198239,1.918733082,-8.907908113,5.411602828
24.13222,30.45445,7144.26,0.94182,0.135891,6.930701812,0.640798446,-7.363253864,6.188355938
9.55931,19.2248,2365.18,0.77274,0.63151,1.223638581,1.790534612,-8.794428978,5.357852896
34.06183,36.9871,5841.1,0.93474,0.161221,5.797879929,0.713970847,-7.472204466,6.177998125
8.39309,11.34269,4367.27,0.80446,0.48182,1.669627662,1.932558415,-8.560994604,5.558159247
17.31972,22.142,4999.23,0.87986,0.307369,2.862552827,1.333159338,-8.078384032,5.888644267
11.18117,13.87155,4302.84,0.80268,0.470582,1.705717601,1.893780959,-8.552634908,5.627723251
10.52591,15.36127,5266.46,0.84374,0.376865,2.238838841,1.576054464,-8.307527875,5.790262195
14.60092,17.01314,6409.1,0.87892,0.28178,3.119170984,1.255707011,-8.049277096,5.771353039
12.6775,22.36456,5237.43,0.89156,0.275911,3.231331843,1.133158181,-8.022371323,5.828571016
12.17302,16.62079,5937.69,0.884,0.285701,3.094143878,1.14301844,-8.06983544,5.836846526
5.25359,7.80829,1659.61,0.6326,0.952019,0.664482537,3.869887276,-9.422001778,5.062394218
23.22865,25.30381,7013.35,0.93838,0.145792,6.436429982,0.6341436,-7.455597957,6.128461356
11.50894,13.72725,3903.38,0.80942,0.495693,1.632905851,1.830069036,-8.507017286,5.710048294
11.0582,18.91949,4991.87,0.85968,0.352753,2.437059359,1.443043098,-8.280094739,5.749158443
5.83827,12.79598,986.617,0.6502,1.37858,0.471644736,3.245371913,-9.458638317,5.069389262
14.93453,20.45883,4943.01,0.89462,0.29782,3.00389497,1.06441916,-8.032496915,5.960529848
14.25183,17.18833,5313.44,0.88208,0.313866,2.810371305,1.200813724,-8.132194893,5.886374452
38.76444,45.1332,5958.79,0.95058,0.114814,8.279303918,0.570396608,-7.125061669,6.298778271
11.43201,15.17775,4286.31,0.8367,0.442528,1.890727818,1.620454726,-8.431906799,5.720327323
14.86093,19.81698,4157.79,0.87194,0.370863,2.351110788,1.263801933,-8.184318121,5.831946334
22.62572,23.18238,5841.63,0.89076,0.267199,3.333695111,1.112840303,-8.005383865,5.986157891
10.79063,14.45428,4556.74,0.83766,0.425384,1.969185489,1.58683405,-8.413936762,5.73717494
11.56226,18.39865,5105.78,0.87016,0.356772,2.438980637,1.22900194,-8.272422282,5.705156798
18.44098,24.73501,6084.64,0.9257,0.193299,4.7889539,0.79467823,-7.678890589,6.08550759
9.38498,15.80212,4839.99,0.82472,0.407573,2.02349027,1.68850793,-8.474647088,5.696581494
21.1812,24.78501,5820.84,0.91656,0.204689,4.477817567,0.896626219,-7.682763174,6.092351947
6.62989,12.5115,2879.37,0.77,0.766883,1.004064505,2.156141428,-8.915956567,5.404481889
21.6597,25.17287,5352.2,0.90256,0.217511,4.14949129,0.988004585,-7.770754079,5.960305409
19.73273,23.58826,4882.8,0.91024,0.240851,3.779266019,0.98116093,-7.795704969,5.989938009
16.04734,21.6908,6050.4,0.89928,0.244052,3.684788488,1.069730117,-7.922412699,5.961201164
11.76878,15.17902,4884.75,0.85414,0.373104,2.289281273,1.656556746,-8.227574047,5.714859526
29.332,38.26726,7258.75,0.96102,0.0902393,10.64968367,0.438486221,-6.993980696,6.375727006
11.54862,14.57939,3750.09,0.79532,0.505974,1.571859424,2.003092029,-8.561676248,5.678677804
6.32288,11.35835,2805.32,0.73744,0.766589,0.961975713,2.625976034,-9.056298465,5.222120619
15.11213,22.10804,4788.78,0.88324,0.288627,3.060143368,1.284338745,-8.023372008,5.850042185
25.19151,27.32213,6060.37,0.9354,0.148022,6.31933091,0.718160598,-7.398419643,6.159189722
20.532,22.50465,5340.92,0.92502,0.214221,4.318064055,0.774896694,-7.719961261,6.108904099
8.60674,10.35283,2069.44,0.71918,0.958927,0.749984097,2.648718999,-9.139741774,5.312779605
8.75752,11.66472,4531.5,0.79886,0.485062,1.646923486,2.299250734,-8.586862222,5.640645347
24.94932,34.43649,7116.67,0.9424,0.127477,7.392706135,0.632077318,-7.31703923,6.293488236
24.68367,29.73588,6209.91,0.948,0.121527,7.800735639,0.595114955,-7.224615659,6.3779212
25.60881,29.05739,6833.06,0.94738,0.124112,7.633266727,0.571583755,-7.283255467,6.245665517
13.64821,16.87128,4289.02,0.85952,0.390596,2.200534568,1.450269826,-8.24050472,5.775031205
24.44635,32.29241,6760.32,0.94204,0.127845,7.368610427,0.647886675,-7.307399062,6.31370734
6.79788,10.21289,2425.84,0.6858,0.781596,0.877435401,2.8918914,-9.159521401,5.31591275
6.03247,12.02271,2375.88,0.71746,0.858482,0.835730976,2.633014891,-9.131327418,5.32972839
9.03807,15.99443,3869.97,0.82904,0.497369,1.66685097,1.40059367,-8.510192961,5.650799908
24.60183,28.99843,6788.29,0.951,0.119957,7.92784081,0.517507268,-7.221191949,6.320482197
17.21973,23.5683,5508.72,0.90852,0.224893,4.03978781,0.970174946,-7.805095046,6.0488376
14.74165,21.54219,6331.96,0.90584,0.21183,4.276259265,0.973633179,-7.82663641,5.929742545
11.53473,15.54171,4282.64,0.81704,0.448356,1.822301921,1.890397589,-8.458713276,5.672747616
24.95961,27.84903,7279.33,0.94832,0.119274,7.950768818,0.561140437,-7.263865525,6.320382616
9.28158,14.22708,4383.22,0.83638,0.464043,1.802376073,1.389496111,-8.480834047,5.705150238
23.65374,25.83706,6521.92,0.94276,0.139372,6.76434291,0.654729348,-7.316981963,6.241732784
21.82392,23.11854,2234.54,0.86586,0.389765,2.221492438,0.933092845,-7.692738617,6.323043559
26.13493,29.57368,6978.38,0.95332,0.112971,8.438625842,0.514343027,-7.244705178,6.413848061
11.24109,14.70539,4386.82,0.8391,0.44486,1.886211392,1.555816735,-8.423900154,5.713383038
15.6678,20.1039,5063.62,0.88802,0.294157,3.018864076,1.147681328,-8.035210507,5.849976951
6.82518,11.04665,1726.73,0.68544,1.01885,0.672758502,2.740305264,-9.246844318,5.318627752
10.65223,14.52794,4580.21,0.8334,0.460763,1.808738983,1.652890416,-8.489455623,5.666415046
5.24059,10.16182,1358.2,0.63136,1.14749,0.550209588,3.545235542,-9.578123164,4.75184537
20.80117,26.51938,6245.81,0.93012,0.165892,5.606780315,0.755956094,-7.51484747,6.132117397
25.09775,25.29915,5390.82,0.88894,0.266949,3.329999363,1.042975915,-7.996506878,6.006796728
7.60832,9.65517,4798.03,0.79088,0.494897,1.598069901,2.197000945,-8.637038415,5.527430564
9.62207,14.7311,4417.44,0.82162,0.472358,1.739401048,1.693649667,-8.515755705,5.607542973
10.06618,14.45959,3939.45,0.80034,0.526394,1.520420066,1.815918389,-8.636871818,5.531452849
11.47318,13.5486,3445.55,0.80118,0.544857,1.470440868,1.945928063,-8.618985872,5.613793144
31.50534,34.11249,6650.2,0.96018,0.0954246,10.06218522,0.453560454,-7.01201618,6.378605136
23.22368,30.88145,7120,0.93812,0.135696,6.913394647,0.657741548,-7.409221483,6.210424079
11.79973,13.97662,2860.56,0.75546,0.670724,1.126335124,2.549107315,-8.959335564,5.345483637
12.53132,20.07816,6230.17,0.8993,0.256861,3.501115389,1.033119866,-7.970484014,5.849051748
14.10351,20.2134,4991.26,0.87946,0.303507,2.897659692,1.24178563,-8.095443303,6.01825021
12.83714,16.34307,6200.77,0.89608,0.240736,3.722251761,1.084762077,-7.951277371,5.96551685
9.74017,14.22064,5334.89,0.8525,0.39168,2.17652165,1.45890804,-8.350881328,5.712373112
19.70009,23.20835,5687.93,0.91232,0.209815,4.34821152,0.969134427,-7.714413411,6.130274127
4.69158,8.24419,1576.17,0.61548,0.931737,0.660572672,4.005205844,-9.548395159,4.828365292
20.74094,24.51819,6304.31,0.92456,0.17597,5.2540774,0.808775487,-7.572284341,6.192728487
14.73674,20.77847,4133.04,0.86448,0.357718,2.416652223,1.276457638,-8.212614191,5.779808203
23.14744,26.69644,5452.76,0.93322,0.180831,5.160730185,0.719461899,-7.543008211,6.072337387
29.6656,34.77471,7614.55,0.96174,0.0888402,10.82550467,0.447952747,-6.979448908,6.336275802
6.8331,10.12143,2830.73,0.73466,0.741431,0.99086766,2.28978833,-8.952366383,5.471237515
12.91375,14.7076,3530.69,0.80712,0.496077,1.627005485,1.893168295,-8.571676454,5.58874195
11.17776,19.20456,5488.83,0.88196,0.307012,2.872721587,1.200694798,-8.168971151,5.814982694
13.71126,19.6183,5556.97,0.889,0.27726,3.206376686,1.102318033,-8.01730927,5.886422355
6.27636,18.41528,3197.7,0.78852,0.562155,1.40267364,2.030801481,-8.79304569,5.444223425
7.5647,12.51395,2087.16,0.7542,0.972335,0.775658595,2.037273028,-9.020055903,5.432861101
35.27982,45.86668,6640.13,0.96414,0.0804926,11.97799549,0.41082158,-6.827184184,6.572851595
4.61023,8.08019,1588.98,0.6472,1.05451,0.613744772,3.783849538,-9.433365311,5.15966904
10.14056,13.26938,4844.81,0.80674,0.477881,1.68816086,1.952442665,-8.550642547,5.673715593
14.52338,18.88074,5765.93,0.8905,0.257568,3.457339421,1.11515657,-8.01193237,5.831855822
14.23486,20.67302,3701.23,0.86944,0.418649,2.076775533,1.287824777,-8.253103236,5.92164227
6.57625,10.39233,3203.28,0.74802,0.663644,1.127140455,2.598749871,-8.879512475,5.335155988
10.53423,17.93584,5461.26,0.88282,0.324193,2.723130974,1.135507126,-8.168982703,5.843785977
23.20494,23.45234,4890.09,0.89894,0.299817,2.998295627,0.876665258,-7.958680472,6.07100832
8.24541,12.2155,3790.81,0.79106,0.569625,1.388738205,1.916806045,-8.710122832,5.501100814
7.8602,12.48079,3775.31,0.78538,0.577483,1.360005403,2.032844638,-8.723932002,5.613963006
14.30886,19.8663,5879.3,0.89188,0.267066,3.339549025,1.041231827,-7.99530088,5.86042745
13.8401,20.13526,5422.43,0.89364,0.277919,3.215469255,1.077426217,-7.988029922,5.94779601
21.84308,24.56124,6246.14,0.93214,0.162446,5.738152986,0.72349635,-7.50600255,6.048274988
15.73233,21.43029,5267.09,0.8894,0.285113,3.119464914,1.179653048,-7.993302053,5.960681163
21.16662,30.02024,6912.6,0.93718,0.146221,6.409339288,0.652456729,-7.415136104,6.136192931
11.64986,17.10509,5771.12,0.87368,0.296213,2.949499178,1.335701308,-8.111776359,5.823356765
17.3726,28.78983,5709.08,0.92028,0.193976,4.744298264,0.864133868,-7.656932285,6.03758669
14.94536,23.12924,6052.51,0.90862,0.217685,4.174012909,0.964504182,-7.820826466,5.991316862
31.72546,39.49264,5916.2,0.94356,0.132592,7.116266441,0.64183544,-7.259875155,6.390937428
14.21048,19.77483,6116.91,0.90058,0.231967,3.882362577,1.052209976,-7.89335725,5.926915783
25.84902,32.31403,5551.64,0.93334,0.174459,5.349910294,0.788497079,-7.511748966,6.175290796
10.61177,18.65614,5283.51,0.88014,0.331162,2.657732469,1.130207992,-8.168661025,5.823298422
11.90832,16.47557,4056.15,0.8425,0.464491,1.8138134,1.319579241,-8.446635874,5.682973031
10.53458,11.86525,3080.63,0.75894,0.626364,1.211659674,2.221824977,-8.8115622,5.433707632
24.93474,29.73427,6255.71,0.94788,0.120201,7.8857913,0.594509552,-7.174825342,6.393665074
14.61351,17.13896,5354.78,0.89328,0.274968,3.248668936,1.073171502,-7.991612251,5.932360662
10.43627,12.1993,2086.96,0.7517,0.846922,0.887566978,2.479102431,-8.985499182,5.410601447
10.4217,14.89983,4886.2,0.85308,0.387118,2.203669165,1.449881942,-8.336225387,5.666463209
11.22958,14.50079,4306.39,0.83444,0.449027,1.858329232,1.59620653,-8.434525395,5.684161983
12.01831,14.03273,3233.31,0.8042,0.595824,1.349727436,2.019908274,-8.66956941,5.48036517
24.79467,27.98637,7050.06,0.9501,0.116743,8.138389454,0.536847743,-7.223527278,6.347971821
7.69929,10.48113,3149.16,0.75584,0.701406,1.077606978,2.409420978,-8.902585829,5.278892638
16.21437,33.05862,4330.07,0.89814,0.275657,3.258179549,1.143451537,-7.884615499,6.024162963
18.2799,23.76102,6049.31,0.9217,0.182599,5.047672769,0.84454743,-7.641349333,6.017095206
9.92053,12.44112,3797.07,0.79446,0.527558,1.505919728,1.974018453,-8.588238373,5.547536182
15.17515,21.05081,5952.67,0.89066,0.26665,3.340183761,1.136606668,-7.97017513,5.924066972
10.20997,15.19982,4686.11,0.8548,0.4249,2.011767475,1.302469268,-8.404845659,5.71711095
20.36442,25.77619,5647.5,0.90818,0.221996,4.090974612,1.077810707,-7.789270794,5.970092164
8.42351,12.89604,4212.86,0.80616,0.515242,1.564624002,1.952691142,-8.582775074,5.667368626
10.30651,18.27059,5750.6,0.87406,0.31972,2.733829601,1.234289054,-8.209806092,5.770227188
11.55999,15.73013,4276.6,0.81294,0.452565,1.796294455,1.808006777,-8.501465356,5.632656591
15.39068,21.35626,4743.61,0.86206,0.332681,2.591251078,1.469701248,-8.173406816,5.843939417
16.3324,21.18149,4372.93,0.8542,0.329374,2.593404458,1.37874156,-8.176054343,5.666612875
23.05079,28.59644,5504.76,0.92316,0.203231,4.542417249,0.866012759,-7.667235444,6.030271767
15.85804,20.33426,5777.56,0.89624,0.253263,3.538771949,1.048449616,-7.917052819,5.974502381
35.69167,36.76279,5479.51,0.92814,0.175688,5.282887847,0.750588347,-7.50708008,6.18771015
15.0558,20.68074,4756.86,0.8647,0.331841,2.605766014,1.396082926,-8.194950078,5.676242228
18.24183,22.726,6030.27,0.9201,0.191435,4.806331131,0.850376764,-7.682073218,6.137082549
17.02711,19.32924,4854.4,0.86246,0.321521,2.682437539,1.54014558,-8.165745854,5.777394683
11.14167,14.40037,4017.03,0.80946,0.491727,1.646157319,2.028310618,-8.489134903,5.588503683
10.21848,13.48499,4702.81,0.81248,0.456432,1.780068006,1.767742163,-8.547983506,5.617478522
13.85562,20.43698,4761.91,0.8724,0.322574,2.704495713,1.285657854,-8.131915932,5.793940029
10.49172,15.08894,3827.55,0.81216,0.50032,1.6232811,2.019941167,-8.561681664,5.647309731
24.73978,29.11512,5590.71,0.92388,0.190615,4.846837867,0.862958704,-7.589101099,6.192488937
11.72746,16.43287,3419.29,0.8031,0.475754,1.688057273,1.86556672,-8.479407949,5.648525126
10.94832,14.71047,4451.74,0.83196,0.440976,1.886633286,1.696362603,-8.446494201,5.665484607
15.35199,23.5566,4201.32,0.84558,0.367816,2.2989212,1.509636138,-8.250394246,5.883814155
14.81572,16.7181,5275.91,0.85092,0.352511,2.41388212,1.481928205,-8.268189923,5.757150926
19.32375,22.58175,5109.49,0.8943,0.251455,3.556501163,1.262952882,-7.883613108,5.874520692
24.9093,32.58152,7202.18,0.94488,0.126089,7.493754412,0.610612611,-7.296974769,6.293775148
44.0308,48.05963,5690.72,0.95466,0.109879,8.688284386,0.535258872,-7.035455163,6.413114187
13.72049,20.35415,5677.47,0.90092,0.247135,3.645456936,0.964650472,-7.916373322,5.894102026
14.15113,21.93634,6128.48,0.88776,0.266615,3.329745138,1.205198715,-7.999765764,5.976576147
20.34767,24.04278,5919.89,0.9162,0.200722,4.564522075,0.867742374,-7.712667146,6.029862783
19.07062,24.48966,5939.71,0.92446,0.19542,4.73063146,0.790242826,-7.644080174,6.11183563
11.81175,13.61218,4820.8,0.82822,0.413569,2.00261625,1.774269088,-8.425614349,5.631010172
10.44461,12.75782,3018.25,0.7743,0.630811,1.227467498,2.337356599,-8.833962076,5.346149465
9.98891,13.96786,4182.48,0.78338,0.512447,1.528704432,2.074390022,-8.63115155,5.64085518
8.14134,10.12638,4812.61,0.82662,0.464841,1.778285478,1.686647463,-8.505977197,5.567327949
10.71029,14.94542,4434.8,0.81818,0.463644,1.764672896,1.741717085,-8.56592816,5.633631
11.23494,21.39088,5126.06,0.87052,0.324866,2.679627908,1.40521147,-8.16925962,5.783723608
10.47388,14.84993,3563.7,0.77804,0.531927,1.462681909,2.31843739,-8.668734846,5.613886991
13.18582,16.35903,5728.64,0.88364,0.276058,3.200921545,1.22558813,-8.080868662,5.811783944
10.8238,16.04542,4773.35,0.84502,0.42171,2.003794076,1.531871314,-8.378775316,5.710826813
11.34712,14.95217,4880.87,0.84498,0.393846,2.145457869,1.477071865,-8.362771427,5.772690304
13.55084,16.76499,5812.01,0.85402,0.333354,2.561901162,1.575627121,-8.257995014,5.690106794
8.78652,18.79789,3189.48,0.81164,0.587809,1.380788658,1.61797709,-8.73417561,5.566599465
14.93487,17.12874,5697.72,0.88634,0.271449,3.265217407,1.177436005,-8.011718473,5.813115434
7.46084,10.67367,3984.38,0.77938,0.603801,1.290789515,2.29196413,-8.746965649,5.537799379
10.12229,13.76972,4509.56,0.83038,0.432426,1.920282314,1.690198472,-8.453685103,5.634194582
13.15563,18.55916,5923.51,0.89996,0.261737,3.438413369,0.97749217,-7.966422892,5.944586139
10.35351,14.20737,4500.78,0.8341,0.462591,1.803104686,1.577336582,-8.476320486,5.712643063
10.70106,16.36516,5779.12,0.86948,0.305003,2.850726058,1.318885132,-8.17938582,5.739316337
21.3774,24.49004,5899.31,0.91452,0.200425,4.562903829,0.97921967,-7.730501922,5.909080772
8.12285,12.31198,4312.67,0.80818,0.522476,1.546827031,1.885723405,-8.613317153,5.580576536
14.87255,18.6768,5905.1,0.89254,0.259208,3.443335082,1.125024087,-7.966240633,6.005384311
36.75682,40.98154,5534.92,0.94414,0.139906,6.748388204,0.629084543,-7.280058852,6.281423504
9.65516,14.01866,2824.95,0.77894,0.615973,1.264568415,2.169606234,-8.773293111,5.559289425
4.80849,7.77653,2237.83,0.67324,0.916887,0.734267145,3.465910819,-9.295325426,5.041048545
27.08476,31.21513,6735.73,0.94748,0.124263,7.624795796,0.618515621,-7.276207507,6.288689753
9.25845,13.55213,3653.55,0.80908,0.565088,1.431776998,1.814960094,-8.655170511,5.415907989
18.58719,20.59534,5529.43,0.90808,0.222389,4.083295487,0.965331058,-7.79846611,5.954139189
15.49709,20.2679,5282.19,0.89392,0.280459,3.187346457,1.122208088,-7.991136958,5.934274936
14.28379,20.43069,4601.52,0.87186,0.331182,2.632570611,1.229420112,-8.106378536,5.865164956
34.49931,40.65858,6711.71,0.96506,0.0793947,12.15521943,0.396820402,-6.857083948,6.608108774
11.58451,14.88893,3190.01,0.80538,0.534607,1.506489814,1.98633876,-8.702219476,5.607130086
6.78527,9.58038,3378.89,0.74884,0.685349,1.092640392,2.356844813,-8.906180269,5.545645713
24.98142,25.19483,5204.43,0.90446,0.267141,3.385702681,0.795129356,-7.914362154,5.994983643
7.52228,12.85823,3712.43,0.79508,0.579741,1.371440005,1.790578585,-8.707493982,5.685749665
12.93142,21.41382,5840.02,0.89696,0.256837,3.492331712,1.05706058,-7.951195472,5.846005298
14.51023,19.65756,4949.93,0.8731,0.312514,2.793794838,1.325735451,-8.1146862,5.871874398
22.44763,22.84023,5752.52,0.8986,0.264663,3.395261143,1.065924739,-8.017234861,5.90788258
9.84891,17.00745,4439.04,0.84246,0.420271,2.004563722,1.413877564,-8.410481486,5.715643388
14.76754,20.95577,6219.89,0.90232,0.217576,4.147148583,1.031833223,-7.842104152,6.050958196
10.8553,16.51385,4444.96,0.82812,0.401167,2.06427747,1.774629036,-8.402659738,5.652228052
11.53888,17.98905,6200.87,0.89192,0.266579,3.345799932,1.122883664,-7.970213063,5.879188994
24.48828,30.12593,6202.41,0.94384,0.129981,7.261368969,0.592381958,-7.303648993,6.333932356
16.22568,18.90952,3709.93,0.83458,0.407499,2.048054106,1.896463308,-8.311624124,5.679762033
14.01629,22.9646,5651.83,0.901,0.243438,3.701147725,1.025657103,-7.88829108,5.94071508
18.25776,21.58987,5842.84,0.89976,0.231761,3.882275275,1.050274253,-7.855896036,6.017579055
22.88475,27.30582,7063.95,0.93608,0.145004,6.455546054,0.668545217,-7.457679924,6.072617896
20.65941,28.55079,7072.66,0.94312,0.140655,6.705200668,0.584765345,-7.376467155,6.158171455
19.54488,22.65152,5169.56,0.89718,0.232068,3.866022028,1.104463676,-7.794825987,5.916251845
28.96052,31.95486,7193,0.95006,0.1094,8.684277879,0.542969128,-7.170799546,6.321820165
9.05531,15.53203,4642.55,0.82362,0.418891,1.966191682,1.760722162,-8.500558919,5.578255453
9.03819,12.11556,4489.72,0.80902,0.480496,1.683718491,1.813739674,-8.537410222,5.548227212
13.27226,20.39496,5954.78,0.89468,0.247893,3.609137813,1.04138199,-7.952559494,5.990358045
14.52035,18.30561,5952.64,0.88568,0.260473,3.400275652,1.196202245,-8.023924209,5.89030506
8.83138,13.68652,4071.07,0.80168,0.50952,1.573402418,2.071160998,-8.574443623,5.575628351
15.28004,19.19565,5450.69,0.88508,0.281434,3.144893652,1.106456448,-8.052705167,5.826591884
6.59048,11.69941,1402.97,0.67536,1.29324,0.522223253,2.512882507,-9.362711651,5.134948125
7.52568,10.92661,3782.45,0.78394,0.599355,1.307972737,2.021666154,-8.706265627,5.657008975
9.59074,14.43792,4005.34,0.81252,0.483551,1.680319139,1.828510875,-8.558948855,5.66315362
7.1391,9.7092,2510.02,0.7212,0.815653,0.884199531,2.221647073,-9.127315303,5.332526763
8.40314,13.68507,4349.95,0.80252,0.477497,1.680680716,2.13058452,-8.530653251,5.591131958
8.19405,15.12904,4178.45,0.81418,0.478608,1.701141644,1.903580427,-8.530252698,5.603387944
6.01138,9.52346,2644.42,0.69882,0.776085,0.900442606,2.749823898,-9.150302511,5.210157287
12.64889,18.5952,5373.98,0.87066,0.30866,2.820773667,1.278153757,-8.171429181,5.799180431
8.44981,12.86956,3540.82,0.77124,0.600024,1.285348586,2.202898946,-8.809595724,5.478248383
8.2115,13.18197,2107.2,0.74676,0.955102,0.781864136,2.194561619,-9.092968551,5.41894218
15.97915,20.91409,6212.9,0.90836,0.219396,4.140276031,0.893528719,-7.815350342,6.043300344
13.3924,18.24902,4405.59,0.86142,0.396969,2.169993123,1.306105532,-8.276536371,5.864355802
16.34199,22.7831,6097.22,0.90984,0.21322,4.267141919,0.888440266,-7.841324594,6.025569049
11.35892,18.1944,5332.66,0.87508,0.325046,2.6921728,1.201410548,-8.164228206,5.762918173
9.59825,17.62466,4695.07,0.844,0.395781,2.132492464,1.563460658,-8.37654488,5.715200146
9.4196,13.32139,5425.12,0.85026,0.382016,2.225718295,1.425272748,-8.299808586,5.773905351
9.60469,15.08588,3307.27,0.82342,0.587589,1.401353667,1.556184003,-8.63784051,5.653695702
12.58541,20.43867,5685.21,0.88712,0.269087,3.296777622,1.109282956,-8.055189589,5.864559689
7.79048,14.16004,2001.58,0.75634,0.942543,0.802446148,1.812913696,-9.050633546,5.450031035
7.47406,11.20532,3174.33,0.7583,0.676533,1.120861806,2.036598184,-8.876687063,5.540857628
12.16002,21.18589,5533.17,0.8769,0.295292,2.969602969,1.229255378,-8.134663259,5.812029044
9.05339,14.45995,4377.87,0.83314,0.469859,1.773170249,1.41955635,-8.449970865,5.771847106
19.33056,21.83146,6059.63,0.91432,0.199151,4.591089174,0.886897002,-7.746032733,5.974394651
12.16641,14.87442,3987.24,0.82928,0.447068,1.854930346,1.624719661,-8.451353935,5.692161259
15.58045,20.52037,4431.12,0.8461,0.407257,2.077557906,1.523183503,-8.356153404,5.748365597
9.32797,13.24877,3400.61,0.79346,0.621702,1.276270625,1.635048181,-8.734571895,5.549729116
13.77401,16.40445,4532.49,0.85504,0.364903,2.343198055,1.632427782,-8.246642629,5.768989569
11.04773,14.96946,4492.21,0.82396,0.472855,1.742521492,1.570587227,-8.504164252,5.574941847
10.57302,18.40529,5393.1,0.8743,0.323789,2.700215264,1.207504955,-8.160640655,5.781100318
5.54034,10.23187,1971.23,0.67616,0.939428,0.719757129,2.664932515,-9.392345068,5.115920408
8.15613,16.35735,2985.09,0.80228,0.658123,1.219042641,1.674062487,-8.732638548,5.576306349
12.59731,18.24915,5396.11,0.86832,0.322495,2.692506861,1.287513114,-8.194514408,5.811172573
10.344,16.79584,5108.78,0.8594,0.354204,2.426285417,1.367684215,-8.262117885,5.758971583
10.64607,16.26747,4716.24,0.8504,0.392646,2.165818574,1.528163219,-8.336675778,5.786799027
6.45866,10.21257,2338.7,0.73156,0.912811,0.801436442,2.288419166,-9.085143816,5.285533317
5.58637,11.08967,2244.07,0.69672,0.880633,0.791158178,2.761986545,-9.232047468,5.198710244
14.61652,20.07987,5509.26,0.88226,0.27925,3.159391226,1.232171756,-8.065344006,5.92159047
8.77439,12.4007,3439.76,0.77434,0.601368,1.287630868,1.71199959,-8.811156028,5.528532711
9.17267,16.98894,4355.22,0.82586,0.441275,1.871531358,1.827950539,-8.467532563,5.584640302
8.5885,15.81993,4110.61,0.8055,0.468374,1.719779492,1.782113377,-8.547480626,5.576462294
9.27755,13.94041,4207.72,0.82008,0.454093,1.805973666,1.735743633,-8.508105432,5.607228542
9.54459,14.30515,4330.85,0.8121,0.443926,1.829358947,1.982002442,-8.482623015,5.619996844
8.68185,13.42776,3388.66,0.78068,0.608034,1.283941359,1.873410097,-8.724578828,5.501548217
6.76596,10.44202,3422.36,0.75688,0.680517,1.112213214,2.257508489,-8.863816586,5.46713083
11.20284,14.58847,4900.82,0.8374,0.411795,2.033536104,1.527352037,-8.368766269,5.690360744
10.92128,14.36738,5023.95,0.83546,0.409936,2.038025448,1.603669397,-8.398752061,5.737085023
8.52701,16.0962,4594.6,0.82436,0.430248,1.916011231,1.631521483,-8.480388266,5.731630345
6.14698,10.15185,2711.53,0.71952,0.774118,0.929470701,2.565569048,-9.026954641,5.15029053
11.30558,17.00932,4650.23,0.8548,0.366028,2.335340466,1.455055927,-8.266363284,5.722164583
9.14981,14.35363,3960.57,0.7947,0.525376,1.512630954,2.169231318,-8.605048746,5.662406504
10.96857,17.03943,4298.74,0.85472,0.439763,1.943592344,1.32450754,-8.382695333,5.656855273
6.90458,11.84769,3333.03,0.76406,0.685621,1.114405772,2.111592077,-8.858284382,5.457999934
10.46259,14.75594,3524.12,0.8317,0.552581,1.505118707,1.537011413,-8.551578381,5.656453689
12.03731,20.14092,5735.2,0.8859,0.276839,3.200054906,1.109698273,-8.032749263,5.88651983
13.00661,18.53585,5737.69,0.8866,0.270397,3.278882532,1.124563212,-8.026243226,5.888712565
8.00072,11.57623,3841.98,0.7769,0.57826,1.343513299,2.158776459,-8.727492991,5.460862681
8.269,11.33491,4077.4,0.79534,0.553167,1.43779365,1.93815962,-8.657474583,5.676765424
5.72893,9.68191,1734.34,0.6859,1.10411,0.621224335,2.676998728,-9.38761623,5.070710327
4.88663,9.94755,1816.11,0.67312,0.976338,0.689433372,2.831890115,-9.425667035,5.140808058
12.04663,15.14446,5313.97,0.84122,0.387751,2.169485056,1.562666751,-8.358587427,5.795037122
9.87932,17.61363,4958.38,0.84446,0.367718,2.29648807,1.42699703,-8.348835872,5.758976026
13.15094,19.36713,6031.38,0.8981,0.242467,3.704009205,1.017562405,-7.965467008,5.917840037
5.919,10.83796,2781.49,0.73234,0.781386,0.937232047,2.40340964,-9.034403639,5.410607932
9.07136,15.08419,4492.91,0.81868,0.433652,1.887873226,1.752004971,-8.498221727,5.688998094
12.1058,20.37315,5240.81,0.87256,0.317154,2.751218651,1.248634034,-8.169013213,5.728894237
8.36997,13.02938,2320.75,0.7087,0.826246,0.857734863,2.308055379,-9.167304902,5.064927969
9.17818,12.42238,2923.38,0.74888,0.703121,1.065079837,2.338697591,-8.955436817,5.484958169
10.11076,17.08221,4432.01,0.84248,0.424148,1.986287805,1.594908722,-8.363540595,5.673604396
7.48074,11.67775,2562.38,0.72048,0.798914,0.901824226,2.237496195,-9.014860853,5.188090439
8.02502,15.16479,3528.53,0.80038,0.552386,1.448950553,1.548732212,-8.701381958,5.473159623
12.90842,21.02114,5318.77,0.87632,0.298908,2.931738194,1.227461851,-8.116363632,5.85193127
12.87077,16.96038,5384.82,0.86916,0.323044,2.690531321,1.360117113,-8.149935863,5.788446538
11.45128,13.87132,6315.52,0.86088,0.307683,2.797944638,1.372851209,-8.174685073,5.822479222
8.85999,12.24613,1989.45,0.7683,0.951047,0.80784651,1.762599214,-9.00588896,5.447667536
8.06315,12.17338,4826.72,0.8082,0.446362,1.810638002,1.910070406,-8.494690408,5.533045346
11.25742,14.86582,6316.26,0.87572,0.272643,3.211965831,1.30652679,-8.08995447,5.770405155
6.98279,9.7079,3654.88,0.75268,0.620892,1.212255916,2.445004017,-8.800465131,5.416092361
8.14922,16.48432,3006.89,0.80012,0.648941,1.232962627,1.905050442,-8.720699662,5.463300016
12.09542,15.94847,5533.54,0.87766,0.316688,2.771371192,1.228847073,-8.136937031,5.861988348
6.93267,10.88134,4510.12,0.78682,0.553506,1.421520273,2.283445287,-8.593461652,5.590430357
10.34882,13.4966,4387.08,0.83056,0.435557,1.906891635,1.555433398,-8.424955152,5.672309484
8.59316,11.30816,3656.75,0.78458,0.599601,1.308503488,2.022195419,-8.729855031,5.472092852
9.77715,12.57598,6024.66,0.8193,0.428728,1.911001847,1.89271222,-8.460091533,5.703679023
10.57604,13.22258,6244.76,0.83656,0.356016,2.349782032,1.723535037,-8.316403757,5.667552951
6.62157,10.42184,3793.28,0.75808,0.606287,1.250364926,2.406799824,-8.846185945,5.396594169
7.38629,10.94309,3743.96,0.77758,0.617973,1.258275038,1.881527084,-8.730002271,5.46118693
10.09769,14.4357,6214.86,0.85074,0.332314,2.560048629,1.565959326,-8.223890457,5.752722454
11.57279,15.6011,6220.66,0.87734,0.278677,3.148232542,1.241646394,-8.060590865,5.867466203
10.76554,15.19075,6157.9,0.86534,0.301873,2.866569716,1.373740964,-8.185628459,5.822228364
9.94447,12.53714,4298.35,0.81746,0.460689,1.77442917,1.77034269,-8.525526527,5.600720417
11.18435,14.69009,6126.09,0.86752,0.291137,2.97976554,1.332706408,-8.126573656,5.809227329
10.72403,14.88328,5866.45,0.8655,0.307315,2.816328523,1.299688702,-8.166954707,5.80750676
9.16945,11.09041,3172.45,0.7542,0.692053,1.089800926,2.101285977,-8.900388343,5.310540133
9.09558,16.03929,4467.8,0.82616,0.431942,1.9126642,1.730499344,-8.502355136,5.586393961
10.99131,14.01656,4831.21,0.85212,0.390242,2.183568145,1.298414894,-8.33290883,5.647247587
10.23376,12.44887,4636.22,0.82378,0.428329,1.923241247,1.726496726,-8.489296108,5.707073623
11.63304,14.12623,4902.04,0.85692,0.38139,2.24683395,1.270935218,-8.292421235,5.863101146
12.66181,14.11068,4106.03,0.82386,0.432605,1.904416269,1.711049701,-8.442218313,5.577644911
12.72141,14.69073,3801.1,0.8174,0.475688,1.718353206,1.650524209,-8.531533814,5.606479885
12.67012,14.88775,4684.29,0.84136,0.382381,2.20031853,1.677531355,-8.321305724,5.728770103
10.00357,12.57706,4260.23,0.82216,0.468518,1.754809847,1.662267129,-8.524420792,5.609024151
8.11443,11.16373,4434,0.79204,0.510341,1.55198191,1.988386028,-8.646004752,5.624712719
11.23814,14.0973,5120.75,0.84412,0.370788,2.276556954,1.460519576,-8.346645162,5.732431561
9.6432,10.92789,1853.43,0.73826,1.01546,0.727020267,2.124459104,-9.14523615,5.300923401
11.58191,13.47969,3741.92,0.79156,0.494964,1.599227419,2.097245073,-8.585076429,5.41442857
9.82289,11.85305,3602.24,0.79454,0.554538,1.43279631,1.824639228,-8.67438552,5.483766106
7.08346,11.85876,4670.08,0.7848,0.497922,1.576150481,2.324627338,-8.580555924,5.60710842
8.1238,11.09973,2844.38,0.74178,0.718505,1.032393651,2.339252129,-9.038815048,5.300973803
10.34674,12.71299,4624.06,0.8228,0.43241,1.902823709,1.676771552,-8.477804007,5.60959746
6.0928,9.76056,3565.68,0.73654,0.642672,1.146058954,2.577092098,-8.910142211,5.479807234
6.9522,9.65115,2962.22,0.7061,0.688741,1.025203959,2.412403776,-9.132553117,5.131839604
10.19492,15.16149,5919.36,0.86578,0.306757,2.822364282,1.316534108,-8.176234743,5.832426704
8.71135,12.75058,5005.43,0.82262,0.417796,1.968951354,1.878125739,-8.416569342,5.754044063
10.77186,13.5187,3130.59,0.81126,0.650924,1.246320615,1.713274293,-8.668264373,5.607047159
6.67442,9.6728,4280.9,0.74518,0.557602,1.336401232,2.682916604,-8.824645464,5.494491418
11.89233,16.68214,6737.17,0.88858,0.244842,3.629197605,1.136045878,-7.988890805,5.952911395
9.96826,13.70374,6049.1,0.8414,0.348832,2.412049353,1.61564246,-8.303442374,5.637109045
11.2963,13.8859,4900.31,0.83362,0.365545,2.280485303,1.673891017,-8.395768707,5.506429445
9.96444,13.97751,4476.08,0.82018,0.422344,1.941971473,1.962115246,-8.437933805,5.64567545
10.43191,13.59592,4257.75,0.83376,0.452561,1.84231518,1.6920096,-8.439160418,5.722056735
4.29985,8.07644,1914.47,0.64886,0.933341,0.695201432,3.684257334,-9.465423087,4.91571618
10.45455,14.22497,3661.46,0.8149,0.507005,1.607281979,1.944192754,-8.494731027,5.69245292
5.45342,8.78733,2125.95,0.66926,0.924166,0.724177258,2.832071056,-9.337754112,5.139756223
6.95641,10.69804,4170.44,0.76446,0.602938,1.267891558,2.276163828,-8.714304067,5.627135738
11.95119,15.39612,5188.14,0.85558,0.331852,2.57819751,1.551451373,-8.196119195,5.752219832
12.04581,15.65671,6239.11,0.87736,0.281699,3.114530048,1.23725811,-8.085953872,5.927611721
12.28485,14.18971,3694.2,0.79136,0.506333,1.562924005,1.974218485,-8.682300783,5.451326496
10.69021,14.9419,6827.56,0.86672,0.295582,2.932248919,1.400694162,-8.13971445,5.812844042
12.54347,13.92519,3805.88,0.81208,0.474742,1.710571216,1.791105765,-8.548036882,5.646924916
6.74065,10.73224,4255.11,0.75836,0.56576,1.340427036,2.505739942,-8.77117672,5.545767439
7.29484,11.11525,4515.6,0.77828,0.534879,1.45505806,2.131274552,-8.69558352,5.467906389
7.12749,10.80472,3635.08,0.7546,0.611245,1.234529526,2.391663949,-8.8525633,5.336526091
11.21241,15.43407,6213.59,0.87396,0.278817,3.1345291,1.334075921,-8.093972214,5.817558427
9.22997,15.14553,4491.55,0.83046,0.431369,1.925173112,1.634511845,-8.469439289,5.645831769
11.96459,15.12268,6228.99,0.87978,0.276998,3.176124015,1.253177059,-8.066281922,5.82582728
8.72309,12.29384,3789.8,0.78816,0.533518,1.477288489,1.671753793,-8.711231488,5.557545993
9.02078,12.19417,5896.27,0.81074,0.436072,1.859188391,2.057959985,-8.524926364,5.709815
6.04934,8.60601,2056.3,0.67526,0.943969,0.715341288,2.764800214,-9.334230269,4.956943114
5.93955,9.69733,2892,0.71836,0.736664,0.975152851,2.800291432,-9.067450966,5.277582193
8.85075,13.16883,4741.63,0.82976,0.436571,1.900630138,1.620831819,-8.431758435,5.67580637
9.74008,13.00085,4293.27,0.81598,0.480145,1.699444959,1.880693223,-8.507377045,5.687303288
10.28848,17.4787,4860.78,0.85554,0.376598,2.271759276,1.352014415,-8.319195173,5.827874268
7.72608,11.02545,2966.53,0.7446,0.706565,1.053830858,2.065692755,-8.933238024,5.340411508
13.40867,15.71399,5162.07,0.86626,0.342581,2.528628266,1.224212938,-8.193216756,5.838198639
8.13254,12.93067,4546.67,0.80546,0.457643,1.76001818,2.052578017,-8.467268188,5.559987504
10.47106,13.63735,4227.13,0.82404,0.490662,1.679445321,1.852582469,-8.487774186,5.581062475
7.32246,10.85775,3532.44,0.76876,0.647326,1.187593268,1.913104952,-8.808143014,5.487844436
7.1561,9.83498,3106.21,0.73366,0.678578,1.081172688,2.627389084,-8.92845411,5.557794263
9.08727,11.38312,2804.03,0.74652,0.673497,1.108423646,2.116748797,-8.895645356,5.391395515
10.60414,18.08012,5489.71,0.87564,0.312113,2.805522359,1.183176841,-8.177926054,5.872502848
6.33565,9.26021,2911.38,0.70464,0.690474,1.020516341,2.396956327,-9.111271612,5.138549201
9.85661,13.12328,3873.36,0.81816,0.506572,1.615091241,1.485216519,-8.53755676,5.665152374
13.49534,18.36678,5365.66,0.87806,0.303159,2.896367913,1.220354316,-8.102211898,5.812881312
11.0612,13.88073,4362.76,0.83174,0.42659,1.949740969,1.686835041,-8.434120817,5.637683048
11.33612,15.57757,6295.34,0.87996,0.275086,3.198854177,1.247597346,-8.058869899,5.837148125
10.46533,13.08202,3523.97,0.808,0.543855,1.48569012,1.904952186,-8.597216731,5.629766593
9.41512,13.06764,5886.42,0.83864,0.364567,2.300372771,1.613886371,-8.339417539,5.735431164
9.0251,12.01133,3218.72,0.78,0.623702,1.25059724,1.703236249,-8.796593959,5.548808648
21.40818,25.43803,5785.36,0.8871,0.25119,3.531589633,1.228328144,-7.940701472,5.894666778
12.24309,14.38201,3510.93,0.80042,0.534364,1.497892822,1.769220826,-8.599785451,5.415571803
10.8964,13.98412,4977.85,0.84896,0.387711,2.189672204,1.371977914,-8.310747915,5.722013247
10.04806,12.88591,4524.87,0.8222,0.443832,1.852502749,1.670628174,-8.506500438,5.637172886
8.46905,12.05917,4593.63,0.80278,0.456517,1.758488731,1.790584753,-8.597593907,5.511347775
8.0148,14.3639,3082.85,0.76922,0.659923,1.165620838,2.117466106,-8.870312912,5.468438266
9.45246,13.62508,6308.93,0.8558,0.328065,2.608629387,1.453843492,-8.212451705,5.713261364
11.41339,13.87312,5610.9,0.85926,0.328747,2.613742483,1.456569606,-8.217668644,5.841221771
11.05762,13.97634,5167.72,0.85012,0.358372,2.372171933,1.464357908,-8.319710146,5.787056098
19.97509,23.9267,4066.5,0.85628,0.338407,2.530325909,1.325569325,-8.163721876,5.969822993
7.27308,10.71923,2778.68,0.71914,0.691239,1.040363753,2.354468841,-9.071942667,5.079533227
5.67412,10.07006,2360.51,0.6816,0.791555,0.86108988,2.634675869,-9.340669017,5.11470294
7.46894,12.62333,2851.44,0.74216,0.688377,1.078130153,2.598775852,-8.901112626,5.422634704
9.90442,12.98402,5106.7,0.83162,0.391203,2.125801694,1.831068779,-8.369511975,5.693492654
9.1527,11.99778,4558.43,0.79766,0.45878,1.738654693,1.788814569,-8.600171666,5.569601098
8.61692,12.04198,3030.01,0.75156,0.647095,1.161436883,2.532688674,-8.914801422,5.325560549
13.44945,16.26388,6385.3,0.88492,0.26336,3.360115431,1.15590848,-7.974855753,5.876909557
12.10543,14.43677,3904.96,0.80336,0.461662,1.740147554,1.914002191,-8.552128431,5.523411639
8.89577,11.78731,3848.58,0.78108,0.553694,1.410670876,1.787002685,-8.712975898,5.539353747
13.74324,17.93002,6385.14,0.89794,0.229972,3.904562295,1.041928484,-7.901557403,5.950114923
7.56874,11.13345,2850.62,0.72294,0.672059,1.075709127,2.397206799,-9.019890175,5.25227896
9.80493,11.54737,3926.83,0.7951,0.510365,1.557904637,1.899971769,-8.629193665,5.481022291
9.56878,12.71897,4100.69,0.8006,0.50044,1.599792183,1.967471765,-8.627344762,5.631844836
6.16994,12.44029,2239.83,0.70008,0.801421,0.87354836,2.764251784,-9.342913369,5.125106476
12.87515,16.49198,6444.07,0.88826,0.255272,3.479660911,1.168491704,-7.958816286,5.966028917
11.62033,16.22707,6944.74,0.88958,0.240666,3.696326029,1.128601361,-7.981653374,5.850675441
21.30383,25.75181,6045.94,0.89836,0.225719,3.979992823,1.094915717,-7.875027775,5.951847413
26.29034,31.81498,6617.62,0.92142,0.167426,5.503446299,0.860927531,-7.583140487,6.173026288
10.13321,13.27895,5286.44,0.8388,0.375903,2.231426724,1.672995038,-8.362842674,5.638629752
9.96134,16.95189,4349.72,0.84316,0.43094,1.956560078,1.594031141,-8.379014903,5.71402294
11.29486,14.56367,6058.21,0.86462,0.309861,2.79034793,1.326160769,-8.147756608,5.825088769
12.45428,15.56554,5874.62,0.8712,0.297922,2.924255342,1.234304494,-8.153919797,5.782503761
20.81239,24.39445,4803.68,0.88236,0.293446,3.006890535,1.229511584,-8.059660639,6.031652358
8.3051,16.04006,3742.39,0.79476,0.501668,1.584234992,1.996728088,-8.622623949,5.518559097
9.9713,12.62054,4790.28,0.81954,0.422541,1.939551428,1.786964863,-8.448603303,5.655273226
7.71246,10.92374,4326.01,0.78932,0.523557,1.507610442,1.995027591,-8.676456464,5.573297475
11.39532,13.30613,2046.56,0.76068,0.909362,0.836498556,2.065034697,-8.954744807,5.432801289
8.92193,11.9621,4670.42,0.81664,0.467229,1.747836714,1.969026632,-8.468221611,5.73385139
6.53456,9.55877,1345.5,0.6717,1.33145,0.504487589,2.652209014,-9.46998167,5.000112606
9.74382,12.13697,2724.47,0.7598,0.729158,1.042023814,2.285311284,-8.89739945,5.417187212
7.70919,11.4874,4670.55,0.79272,0.487554,1.625912207,2.244720552,-8.573934515,5.652133143
9.32554,12.98489,4582,0.82418,0.451579,1.825107013,1.866021725,-8.407567375,5.721275337
6.68072,9.27005,2921.23,0.70932,0.713125,0.99466433,2.693493175,-9.088877394,5.225705637
10.36083,13.29625,4021.21,0.82422,0.484011,1.702895182,1.462860508,-8.53728757,5.661579408
5.0533,8.25723,1124.28,0.62336,1.44267,0.432087726,3.156492333,-9.643336398,5.039610875
23.09628,25.30603,4027.71,0.8609,0.329461,2.61305587,1.347938157,-8.191296957,5.744395638
12.25657,16.45657,5151.85,0.8608,0.331589,2.595984788,1.44884904,-8.184276125,5.850752502
8.09721,9.95691,2929.05,0.74704,0.688509,1.085011234,2.259687163,-8.876146958,5.337186365
9.23548,12.33037,4631.81,0.81624,0.44653,1.827962287,1.742247164,-8.465534139,5.563417055
9.41624,12.66737,3832.78,0.81836,0.519418,1.575532615,1.529174109,-8.564192853,5.611711592
8.01139,11.70551,4662.17,0.80262,0.484318,1.657216952,1.850100492,-8.594992662,5.511951549
11.86169,14.15683,3930.54,0.81288,0.46215,1.758909445,1.477601706,-8.562290239,5.676514807
12.69503,15.10624,5843.34,0.87284,0.289565,3.014314575,1.287424831,-8.093991951,5.794799614
22.93744,26.81747,6679.72,0.91262,0.198953,4.587113539,0.947615592,-7.727153694,6.10423623
12.12859,14.40711,5143.7,0.85192,0.352905,2.41402077,1.426064861,-8.260330412,5.724143257
11.91301,20.62785,3407.56,0.81774,0.477868,1.711225694,1.746347332,-8.449236862,5.805021043
11.34146,14.33439,4803.73,0.84514,0.388232,2.176894228,1.427810505,-8.336518352,5.725321212
6.26318,8.45103,2680.6,0.69072,0.725572,0.951966173,2.576826121,-9.211751902,5.264197295
10.72748,14.15193,3628.36,0.801,0.504428,1.587937228,1.891047521,-8.627030196,5.596207289
10.74312,13.81771,5822.6,0.84504,0.352297,2.398657951,1.602515697,-8.314044146,5.68412406
7.2298,9.68486,3028.64,0.7254,0.684748,1.059367826,2.486472122,-9.018288824,5.367369982
10.68723,13.33688,4740.56,0.82726,0.409012,2.022581245,1.847325691,-8.410438905,5.655531678
20.9652,24.23824,3919.69,0.85758,0.356536,2.405311105,1.397311894,-8.192539767,5.783935364
9.42861,12.17997,4674.84,0.80482,0.424599,1.895482561,1.961616592,-8.572336471,5.540662285
7.80564,10.31614,3106.28,0.74614,0.678803,1.099199621,2.332780609,-8.903964891,5.418909408
4.35347,7.52588,1055.05,0.61978,1.53103,0.404812447,3.375836758,-9.807900925,4.845534619
7.69666,15.91939,3347.55,0.79424,0.542103,1.465109029,1.948450794,-8.711409882,5.572997665
8.79327,13.68499,3835.04,0.7744,0.533382,1.451867517,2.183266777,-8.726839051,5.438874936
6.93982,9.29201,2355.95,0.67424,0.747071,0.902511274,2.516372496,-9.280175892,4.975372294
8.47503,11.05968,3462.18,0.77516,0.573863,1.350775359,2.131193297,-8.790055379,5.383262603
13.32428,14.84069,4758.17,0.83928,0.369062,2.274089448,1.455196878,-8.350931907,5.563909068
12.51611,23.56796,3776.49,0.8564,0.422263,2.028119916,1.063243711,-8.339843196,5.771916217
7.44309,15.4149,3078.75,0.7664,0.580289,1.320721227,2.202197454,-8.933592285,5.270335903
17.92654,21.14327,3988.88,0.8335,0.41195,2.023303799,1.354290516,-8.376758701,5.7488495
10.7607,13.85522,4053.84,0.81432,0.472675,1.722790501,1.490293745,-8.561163834,5.53539427
10.16764,12.9661,4566.98,0.83224,0.420353,1.979859785,1.548118204,-8.421141296,5.728086794
6.0694,9.00577,2958.88,0.69804,0.728121,0.958686812,3.050542667,-9.086144183,5.187723084
10.89717,17.01091,5039.04,0.85794,0.34908,2.457717429,1.44669861,-8.234981733,5.763705257
7.28157,9.08345,1644.78,0.68996,1.21049,0.569984056,2.772548683,-9.32858015,5.195337535
11.92149,15.91705,6278.07,0.87694,0.281089,3.119794798,1.287698946,-8.076747087,5.852028724
8.54783,11.21149,4222.88,0.78508,0.500095,1.569861726,1.931040752,-8.717566129,5.563120766
10.82225,12.90365,4138.91,0.82842,0.469725,1.763627654,1.560755392,-8.463631451,5.68002096
18.70331,23.08851,4236.87,0.8492,0.360349,2.356604292,1.488307237,-8.257145614,5.757706897
17.89265,20.29452,3915.4,0.8381,0.395655,2.118259595,1.688678161,-8.362093207,5.781837173
7.53076,14.60347,3129.15,0.7634,0.648779,1.176671871,1.849250214,-8.89260962,5.351122034
9.88654,12.33604,4083.47,0.79762,0.494519,1.612920838,1.93042782,-8.624443469,5.568980546
5.66502,8.04576,2244.67,0.65642,0.857195,0.765776749,2.96197046,-9.257150211,5.106217762
7.31841,13.27819,2962.8,0.7626,0.666604,1.144007537,2.087920368,-8.87781829,5.340464932
19.42706,22.77015,5199,0.86454,0.303622,2.847422124,1.427640993,-8.149485589,6.032295089
8.40421,13.55573,3065.64,0.748,0.679182,1.101324829,1.954618784,-8.934619474,5.398646735
10.5435,12.33312,4658.59,0.80658,0.419026,1.924892489,1.875768745,-8.506377444,5.545688543
8.78985,12.51479,5562.85,0.83576,0.372587,2.243127109,1.628794047,-8.372492011,5.707296958
11.86899,13.75544,6791.91,0.85646,0.316259,2.708096845,1.478908578,-8.225159485,5.754836649
10.55314,13.78895,3002.33,0.80982,0.632984,1.279368831,1.677798759,-8.684354987,5.611343327
11.18033,13.68367,5276.17,0.8515,0.349422,2.436881479,1.529034512,-8.270232806,5.657646839
9.80851,14.41297,6083.11,0.85982,0.334768,2.568405582,1.380666481,-8.227306169,5.732038863
9.39684,11.15331,3685.08,0.77984,0.556752,1.400695462,1.74059664,-8.757550923,5.479221883
8.84641,11.52951,3231.95,0.74812,0.617471,1.211587265,2.26966517,-8.892662985,5.328819829
9.81815,12.33968,4898.03,0.82644,0.433574,1.906110606,1.795714809,-8.428957581,5.696261287
5.9608,8.15066,2343.2,0.67038,0.812614,0.824967328,2.696351728,-9.284986942,5.132579619
19.57416,22.50123,4422.72,0.88702,0.307448,2.885105774,1.048231106,-8.051939687,5.970244884
23.05094,25.62724,4444.42,0.85992,0.301751,2.849766861,1.465781806,-8.077664422,5.766087273
11.42073,13.92024,5634.61,0.85614,0.326327,2.623564707,1.478790022,-8.210478286,5.687236482
11.6535,16.42866,4747.73,0.85716,0.379554,2.258334782,1.305177924,-8.304682743,5.694167794
8.73149,11.22872,1931.19,0.73254,1.00548,0.728547559,2.441510293,-9.131009325,5.237663282
11.84022,13.8494,6255.84,0.86414,0.305519,2.828432929,1.344034547,-8.186631759,5.76331957
12.61881,15.26012,5589.96,0.86252,0.308019,2.80021687,1.413099707,-8.165752966,5.727714606
10.02984,15.49239,4800.83,0.83734,0.383839,2.181487551,1.624173039,-8.385586624,5.625070719
12.03148,17.23729,4787.6,0.85226,0.375622,2.268929935,1.56376601,-8.279236234,5.764564166
9.25612,12.2285,4682.49,0.82142,0.437334,1.878244088,1.706587711,-8.429761091,5.706357315
8.92293,14.17531,6196.96,0.85394,0.335374,2.546231968,1.483633669,-8.23610804,5.728591981
12.0599,16.64812,6239.53,0.87804,0.276514,3.175390758,1.24969224,-8.074784559,5.854645739
12.19707,17.55938,5618.22,0.87532,0.307166,2.849664351,1.242717506,-8.130866858,5.770923977
18.61421,20.68334,4910.39,0.8686,0.32628,2.662130685,1.469349571,-8.133067585,5.860167877
12.30556,14.04384,3241.22,0.80208,0.543192,1.476604957,1.698014237,-8.623435217,5.694184443
25.14305,29.14432,6057.74,0.90658,0.206494,4.390345482,0.994200248,-7.827936242,6.142553768
12.80052,15.32152,5118.49,0.85832,0.36158,2.373803861,1.326587595,-8.257812664,5.861133658
9.32082,11.16014,3258.25,0.76686,0.636246,1.20528852,2.098725122,-8.813026674,5.517409633
14.13516,18.84697,6490.68,0.9034,0.214754,4.206673682,1.03379865,-7.837871428,5.92179425
7.39276,12.52026,3360.51,0.7554,0.61589,1.226517722,2.300887055,-8.861118009,5.43542417
11.66389,15.12609,5685.23,0.86094,0.317573,2.710998731,1.391833288,-8.228908352,5.765336608
12.09086,16.76551,6175.8,0.87822,0.281099,3.124237368,1.269664265,-8.062084814,5.852901606
7.51751,9.77049,2531.4,0.7342,0.801508,0.916023296,2.354621436,-9.075170708,5.297884203
6.15356,9.22596,2741.67,0.69232,0.723937,0.95632631,3.049979623,-9.139646725,5.121769356
10.22388,13.52073,4571.3,0.82036,0.430506,1.905571583,1.843186801,-8.446253989,5.778815564
11.52489,15.87595,6070.07,0.8698,0.290342,2.995777394,1.353139299,-8.132492279,5.796356658
9.31745,14.63208,5795.69,0.85098,0.351283,2.422491268,1.527488638,-8.267405729,5.697223863
12.15769,15.70638,5975.84,0.87788,0.29253,3.000991351,1.181381976,-8.121724147,5.833692798
6.25961,9.58567,2537.37,0.69826,0.790678,0.883115503,2.813267735,-9.212638696,5.123723667
9.57693,13.91617,6138.49,0.84868,0.342474,2.478085928,1.558373861,-8.276010852,5.678857681
7.82902,11.45341,3258.44,0.7645,0.640462,1.19366957,1.872697016,-8.816833759,5.478016411
7.98116,12.85445,4530.48,0.80374,0.464106,1.731802649,2.08327262,-8.530932249,5.611931899
9.19965,10.98905,2882.31,0.74396,0.687904,1.081488115,2.369851808,-8.916008468,5.353558225
11.01821,13.05228,4320.89,0.83576,0.433624,1.927384093,1.510216814,-8.429304275,5.709622504
11.33012,13.82491,5538.78,0.85612,0.329714,2.596553377,1.497924213,-8.216836241,5.823656785
6.80508,11.85183,4290.19,0.77012,0.566158,1.360256324,2.220733572,-8.765135529,5.422561924
9.78864,13.25999,3750.56,0.81548,0.542891,1.502106316,1.871775598,-8.545457631,5.65063652
11.66114,14.67558,6192.23,0.87502,0.286885,3.050072329,1.263472687,-8.048923114,5.812314348
7.25608,11.30434,3596.33,0.7733,0.641093,1.20622125,1.896898923,-8.784074576,5.548359712
8.75181,11.56214,3111.95,0.74972,0.654735,1.145073961,2.395312719,-8.889891901,5.513178196
9.59824,13.65978,4068.63,0.81788,0.483263,1.692411792,1.59416865,-8.485244705,5.666113194
9.63647,12.85227,2948.45,0.8043,0.672861,1.195343466,1.750735316,-8.736058136,5.563307266
10.60319,16.45169,4896.4,0.85244,0.377231,2.25972945,1.425158951,-8.319896727,5.788044012
10.91568,12.75312,3690.43,0.79952,0.547567,1.460131819,1.793814644,-8.745462895,5.592360941
11.291,14.89288,6702.8,0.86666,0.297878,2.909446149,1.353509187,-8.131496838,5.830283367
7.74784,12.30337,4417,0.8036,0.512613,1.567654351,1.815380318,-8.593450883,5.584532825
10.97503,14.07088,4185.71,0.81414,0.450914,1.805532762,1.775172697,-8.539716104,5.548605563
7.85413,11.36179,4036.7,0.79042,0.539768,1.464369877,2.157726437,-8.649736724,5.559720103
12.34343,18.18019,5568.82,0.87962,0.299426,2.937687442,1.161258094,-8.107343835,5.853224913
12.84178,15.63783,5122.93,0.86066,0.352744,2.439899757,1.309148186,-8.244543789,5.868131918
9.51356,16.11373,3922.98,0.81154,0.470116,1.726254797,1.710892504,-8.56251269,5.627754675
5.62994,10.52801,2139.39,0.68508,0.891297,0.768632678,2.923280811,-9.327712862,5.043738358
26.97546,29.78923,6240.28,0.91682,0.199482,4.596003649,0.887517531,-7.695910998,6.13393356
15.17812,18.90197,6923.78,0.91596,0.186349,4.915293347,0.863726948,-7.700292994,6.041007495
12.32703,17.00774,6768.68,0.89082,0.242724,3.670094428,1.149927281,-7.957730332,5.939059738
11.24257,14.25412,4970.62,0.86034,0.358298,2.401185605,1.369489703,-8.261248628,5.796547967
7.7881,11.89276,4115.22,0.79048,0.546347,1.446846052,1.91381196,-8.64804189,5.593146224
11.94486,15.35772,5665.1,0.86368,0.312645,2.762494203,1.383645043,-8.194109059,5.744667705
8.60279,11.42392,2692.86,0.75086,0.791981,0.9480783,2.19389255,-8.977685336,5.502099811
8.03303,12.59833,5058.49,0.81698,0.42547,1.920182387,1.855982761,-8.467518804,5.665639919
8.03696,11.84927,4344.48,0.80254,0.491037,1.634377857,2.027781781,-8.576168928,5.602926829
6.78038,8.78083,2533.27,0.69656,0.810463,0.859459346,2.617875892,-9.172101301,5.25791175
10.80349,12.41387,3153.64,0.78274,0.592642,1.320763631,2.038141179,-8.770930731,5.390715532
29.01298,34.8959,7100.13,0.93702,0.133189,7.035265675,0.667775159,-7.39061867,6.162169636
10.53763,15.12697,5923.75,0.8507,0.334321,2.544560467,1.538140377,-8.264933012,5.760780646
12.03766,20.24987,5040.93,0.86602,0.332001,2.608486119,1.298066237,-8.198613265,5.766853707
9.66969,12.83644,4743.33,0.81248,0.43741,1.857479253,1.73600945,-8.57392875,5.489307739
23.94508,26.89991,5855.55,0.90806,0.214193,4.239447601,0.988611867,-7.794797888,6.024715321
8.27548,10.80994,4369.35,0.78654,0.513297,1.532329236,2.025237034,-8.670035625,5.477159836
11.99037,15.85303,6042.77,0.87818,0.286302,3.067320522,1.219025211,-8.07685855,5.829510339
9.55317,13.12792,5742.43,0.83954,0.369579,2.271611753,1.59811484,-8.337367567,5.629112175
5.44682,8.99293,2265.15,0.66048,0.781202,0.845466345,2.7562271,-9.397113632,4.9461018
6.90087,8.94506,2405.33,0.70102,0.815093,0.860049099,2.632428592,-9.171822534,5.073277411
6.85238,10.44498,3945.12,0.74944,0.585092,1.280892578,2.303494262,-8.874334764,5.414206956
10.36689,14.61184,5152.18,0.84032,0.396793,2.117779296,1.606790411,-8.376014157,5.693047136
11.03397,14.71635,4488.7,0.82498,0.416467,1.980901248,1.955544813,-8.384183325,5.60592245
9.83134,14.17206,4872.84,0.84058,0.406694,2.06686108,1.674486077,-8.395133015,5.7467632
8.69079,10.83488,3176.85,0.75152,0.618434,1.215198388,2.30969156,-8.881117808,5.327831818
8.83586,13.86917,6087.22,0.84666,0.366305,2.311352561,1.516837604,-8.300554616,5.690307126
11.57736,15.18423,6246.31,0.87952,0.268908,3.270709685,1.259525388,-8.062807171,5.754875717
11.11374,13.93509,4709.01,0.83958,0.403833,2.079027717,1.665041729,-8.368863222,5.725541204
10.4477,13.13322,4386.3,0.83134,0.445959,1.864162401,1.518424638,-8.444575088,5.666235329
9.47389,12.46122,3342.19,0.76852,0.60183,1.276971902,2.221570835,-8.760142922,5.477603674
9.53003,12.5674,4823.11,0.81186,0.419227,1.9365642,1.895311571,-8.491477578,5.545248834
6.54606,10.29103,3272.44,0.72756,0.632053,1.151105999,2.222592124,-9.007813922,5.235784588
7.07674,9.26842,3110.96,0.72142,0.693233,1.040660211,2.788252135,-8.993232087,5.316949443
8.25627,11.7471,4462.52,0.80822,0.483773,1.670659586,1.965127357,-8.532078495,5.59140281
10.7012,14.49545,4610.3,0.83078,0.411052,2.021106819,1.770642575,-8.3787704,5.758476204
11.00248,15.65428,5358.84,0.85262,0.343082,2.48517847,1.463113121,-8.271214017,5.817570453
9.49603,12.58939,4455.87,0.81304,0.448366,1.813339995,1.980254573,-8.464339215,5.663777071
10.09013,12.15133,4694.03,0.81488,0.429209,1.898562239,1.81888639,-8.477989853,5.60991077
12.88204,20.22895,6533.87,0.89792,0.230817,3.890181399,1.094914342,-7.907717129,5.889562909
6.22185,8.9427,2067.66,0.70478,1.00842,0.698895302,2.783840326,-9.218086425,5.221634908
8.33885,10.6456,3291.74,0.76944,0.625068,1.23097007,2.121749884,-8.829737248,5.44705677
17.5637,21.59827,5084.42,0.87504,0.309743,2.825051736,1.226749233,-8.038384623,5.828057371
10.55751,13.51204,4795.11,0.81928,0.409238,2.001964627,1.647361748,-8.480265866,5.60899873
5.41121,8.36662,1936.8,0.64684,0.818071,0.790689317,3.038422052,-9.579809725,4.763301504
11.35636,14.44646,4434.87,0.84442,0.428394,1.971129381,1.4348923,-8.336970216,5.754618609
11.88621,15.17856,6359.28,0.87704,0.277324,3.162510277,1.269431085,-8.082455447,5.836740254
12.37388,16.15623,6289.4,0.88362,0.256431,3.445839232,1.20298824,-7.979282443,5.86554071
12.9038,16.69233,6587.52,0.8929,0.235936,3.784500882,1.14465556,-7.901733152,5.912824666
9.8977,12.47438,4524.38,0.83084,0.448516,1.852419981,1.462175667,-8.395839866,5.809433522
10.46376,13.21235,4352.75,0.82478,0.446071,1.848988166,1.539531646,-8.480024843,5.693600794
11.12263,15.15808,4440.39,0.82386,0.453357,1.817243365,1.647948399,-8.464421179,5.48247929
6.76238,9.12709,2438.54,0.69884,0.84108,0.830884101,2.549037206,-9.176130505,5.235085923
9.18162,12.02965,3743.21,0.78462,0.526147,1.491256246,2.182244397,-8.662712822,5.575674581
19.83481,23.46749,4953.75,0.86926,0.296538,2.931361242,1.537216,-7.996530022,5.969748399
8.79752,14.82655,2116.83,0.72466,0.778366,0.931001611,2.306369108,-8.907196029,5.429712769
12.26884,16.72766,7259.33,0.9012,0.218102,4.132011628,1.013825777,-7.858895459,6.005749914
12.00828,13.75871,6550.22,0.86188,0.302531,2.848898129,1.397319658,-8.173774898,5.763800784
25.29727,29.25394,6599.98,0.91742,0.181319,5.05970141,0.914300256,-7.638822932,6.035623419
11.54391,16.90246,5142.97,0.85862,0.346871,2.475329445,1.393476065,-8.279522975,5.840501542
9.47799,12.44028,5196.44,0.83882,0.400902,2.092331792,1.554364281,-8.381613753,5.730945112
8.55135,12.56452,4838.89,0.82278,0.444439,1.851277678,1.821152632,-8.479105935,5.630099084
7.21135,15.34353,3086.7,0.77578,0.589025,1.31705785,2.11077446,-8.899214911,5.401455033
10.18891,12.57871,4331.19,0.8153,0.45887,1.776755944,1.791984236,-8.523743417,5.60124348
9.78203,16.36893,6052.71,0.8507,0.326481,2.605664648,1.55520904,-8.224505194,5.727351648
9.99949,12.48253,3164.97,0.76646,0.612594,1.251171249,2.080038844,-8.811560673,5.411013894
13.2197,17.90197,5015.35,0.86196,0.348553,2.472966808,1.363106713,-8.250339161,5.739505406
8.97195,12.31069,4963.06,0.8064,0.416166,1.937688326,1.944473922,-8.528388343,5.557344836
10.09507,13.60949,4876.03,0.847,0.394074,2.149342509,1.611183499,-8.320365791,5.638465021
12.23586,14.6357,4967.23,0.85578,0.373932,2.288597927,1.283468767,-8.28105361,5.794949098
9.79623,12.91894,4851.21,0.83308,0.413023,2.017030529,1.609918878,-8.457706538,5.654076458
12.77878,15.9041,5006.04,0.85226,0.342913,2.485353428,1.650061166,-8.211423696,5.700305577
7.11431,9.68437,3067.9,0.723,0.693898,1.041939882,2.563805646,-8.962267217,5.308373446
8.6669,12.10922,4571.24,0.81662,0.4539,1.799118749,1.763734472,-8.47867865,5.689368833
11.46278,13.82533,4451.53,0.84006,0.416988,2.014590348,1.471235844,-8.393645082,5.691342577
9.7218,11.26551,2866.89,0.75318,0.69124,1.089607083,2.050256844,-8.895319676,5.42506365
11.75391,15.49672,6243.5,0.87848,0.272968,3.218252689,1.27271599,-8.078018714,5.804403856
11.4597,15.12995,6128.16,0.8734,0.280721,3.111274183,1.314131215,-8.091021681,5.936420922
6.02731,8.93102,2557.49,0.69584,0.847724,0.820833196,2.543022748,-9.180847455,5.279505467
12.44241,13.68643,3333.39,0.7955,0.543576,1.463456812,1.767246348,-8.692084123,5.441159137
7.64128,12.37228,4496.48,0.79234,0.478445,1.656073321,2.135521544,-8.583647379,5.639767254
13.07158,15.09219,4884.52,0.8554,0.35331,2.42110328,1.387670852,-8.24176061,5.743291127
9.0783,12.86194,3317.02,0.7844,0.608086,1.289949119,1.906571204,-8.721914712,5.500166036
12.58793,15.51655,5584.2,0.86276,0.307396,2.806672826,1.401000148,-8.165147505,5.750710545
21.40818,25.43803,5785.36,0.8871,0.25119,3.531589633,1.228418074,-7.963477535,5.899751065
16.41575,29.56538,5136.2,0.88912,0.267123,3.328504097,1.040739512,-7.939793162,5.854949052
10.33976,12.52438,3378.23,0.77836,0.571624,1.361664311,2.125698638,-8.721211324,5.481853208
8.67618,12.01699,3647.79,0.79018,0.545988,1.447247925,1.631166302,-8.6723191,5.521822854
7.60052,10.39012,2930.26,0.74018,0.691,1.071172214,2.339489588,-8.947235864,5.366993268
10.87614,13.38336,4973.13,0.8485,0.379,2.23878628,1.62662083,-8.294958429,5.766200215
12.58758,15.75068,6403.1,0.8873,0.261641,3.391288063,1.147441747,-8.033633809,5.792691147
16.66131,20.60635,3280.25,0.81156,0.506297,1.602932666,1.57574721,-8.477768421,5.531149797
10.15611,17.95324,3519.91,0.84358,0.528379,1.59654339,1.343148664,-8.462108412,5.801752749
5.69924,8.39436,1451.14,0.66116,1.3162,0.502324875,2.895957392,-9.474718631,5.0573145
9.93628,12.4391,4744.14,0.80946,0.415409,1.948585611,1.948247906,-8.501994336,5.579809011
25.33368,29.12361,6606.03,0.91732,0.181928,5.042214502,0.916843835,-7.658716871,6.058378682
5.36068,8.90465,2132.74,0.65902,0.861994,0.764529684,2.818813252,-9.37628662,5.032083395
12.75523,17.63621,6899.58,0.90154,0.216853,4.157378501,1.002646967,-7.868322565,5.985861116
10.69027,13.11463,3574.94,0.79046,0.54299,1.45575425,2.056530587,-8.673267814,5.648365036
12.58056,15.85642,5006.76,0.8628,0.342046,2.522467738,1.456598938,-8.253491843,5.794955056
12.69879,15.97571,5629.05,0.87498,0.308427,2.836911165,1.189482477,-8.129838646,5.932048844
5.89371,8.63174,2249.15,0.66166,0.820593,0.806319332,2.958168881,-9.27427996,5.167360977
13.18199,16.93506,6253.84,0.88598,0.255497,3.46767281,1.183197267,-7.982384644,5.831596501
10.49403,13.03683,4041.6,0.80474,0.485463,1.65767525,1.942083511,-8.583687131,5.685657444
11.06607,14.04005,4486.48,0.82958,0.405512,2.045759435,1.915470681,-8.378722514,5.763024318
9.05235,11.72837,4272.34,0.80862,0.501524,1.612325631,2.019792924,-8.543339491,5.565793557
9.35582,11.64669,4142.67,0.7958,0.489954,1.624234112,1.979117646,-8.638790218,5.594949675
7.76112,11.18167,2342.7,0.74084,0.886798,0.835410093,2.26330309,-9.090723724,5.330164089
13.99484,16.74476,6555.87,0.8939,0.23782,3.758725086,1.119623865,-7.94044263,5.881349122
11.71612,14.82999,6001.15,0.87332,0.28722,3.040596059,1.329468756,-8.129664749,5.821585539
11.45057,15.29667,6319,0.8765,0.279918,3.131274159,1.279661488,-8.074255362,5.830842364
7.76503,10.33126,3362.68,0.74772,0.605344,1.235198499,2.521471547,-8.891612786,5.441055345
7.94959,10.85972,4883.39,0.77914,0.477758,1.630825648,2.233050302,-8.648284956,5.476978613
8.48994,13.76686,4481.45,0.80724,0.462178,1.746599795,1.934770881,-8.5558102,5.464583466
31.5725,34.50706,7091.19,0.92852,0.154346,6.015834554,0.773301798,-7.536228195,6.146868384
7.68236,9.98545,3296.26,0.74548,0.645702,1.154526391,2.567508406,-8.842854942,5.436421947
11.37435,15.22002,4763.66,0.86098,0.367132,2.345151063,1.358137764,-8.252571157,5.767283875
13.55805,16.44875,5173.62,0.8644,0.316997,2.726839686,1.500066733,-8.151228856,5.872460088
11.24911,15.71883,5966.94,0.86804,0.295006,2.942448628,1.329965604,-8.134418188,5.805671516
11.70149,20.93317,5323.55,0.87892,0.304289,2.888438294,1.189560068,-8.125191501,5.839870486
11.34174,13.16581,3566.6,0.80412,0.524206,1.533977101,1.795229926,-8.655865676,5.527292394
8.90186,13.07689,5619.51,0.83438,0.376082,2.218611898,1.674521994,-8.372579768,5.656066843
10.9064,13.75004,4922.34,0.8381,0.385215,2.175668133,1.784712691,-8.338420207,5.713997553
8.65463,10.67469,3573.11,0.76612,0.615362,1.244990753,2.383166318,-8.709873496,5.436105408
9.46501,14.32918,5750.92,0.85508,0.344331,2.483308212,1.398422284,-8.258617144,5.727888536
4.66613,7.96221,2283.35,0.65082,0.826304,0.787627798,3.839838658,-9.288775848,5.085303614
8.94242,13.1595,5817.53,0.84126,0.367561,2.288762954,1.598977189,-8.326050296,5.684705393
7.8507,11.78803,1983.82,0.7484,1.04996,0.712789059,2.038533415,-9.102376486,5.388107032
12.14095,15.23061,6072.46,0.87726,0.285227,3.075655531,1.237200401,-8.093524927,5.827837354
11.94234,14.90765,4233.75,0.84674,0.418577,2.022901402,1.266467718,-8.368465318,5.746510198
8.99005,11.25824,2934.31,0.73826,0.675984,1.092126441,2.350881581,-8.947002451,5.243141388
9.45963,13.88548,4597.29,0.83362,0.442494,1.88391255,1.578386574,-8.457579838,5.627279139
13.81631,17.46171,6393.63,0.8938,0.233669,3.825068794,1.104762133,-7.914530389,5.877760679
10.17743,12.50467,3729.78,0.79318,0.53059,1.494901902,2.056668212,-8.646007177,5.486743146
11.4139,13.78946,4967.25,0.83608,0.383271,2.181432981,1.843372936,-8.339114767,5.799189324
9.74336,14.30832,6001.55,0.84966,0.343181,2.475836366,1.523535773,-8.271624993,5.748142699
7.80922,9.85833,3308.23,0.73488,0.638752,1.150493462,2.638535345,-8.914522215,5.394475302
9.00434,13.7348,3440.55,0.7875,0.608436,1.294302112,1.887692766,-8.748120319,5.504242247
10.03825,11.49778,3503.26,0.77988,0.563503,1.383985533,2.206294386,-8.715942367,5.611524224
8.52342,12.63358,5057.07,0.8152,0.421817,1.932591621,1.896647051,-8.472836153,5.665103678
11.39226,14.15909,4306.36,0.82024,0.432105,1.898242325,1.746325015,-8.493848989,5.672083793
5.42199,8.97496,2545.84,0.68302,0.83998,0.813138408,3.199175811,-9.142695697,5.295360806
12.38752,16.54384,6310.34,0.88538,0.25985,3.407273427,1.1768055,-8.055141303,5.876250019
8.51817,10.78941,3526.69,0.74752,0.579401,1.29016001,1.993761851,-8.946436308,5.314096654
5.00277,7.78834,1639.75,0.64096,1.11075,0.577051542,2.958917933,-9.522607978,5.076868279
11.58792,15.59036,4584.78,0.83806,0.402516,2.082053881,1.617901935,-8.370337989,5.68570443
6.58722,10.79609,3844.67,0.75152,0.6135,1.224971475,2.44245281,-8.847430909,5.339900538
7.7705,11.66802,5081.3,0.81404,0.462155,1.761400396,1.833786379,-8.507292954,5.557907815
13.86289,17.67488,6308.21,0.88966,0.244759,3.634840803,1.135487465,-7.94379611,5.957118307
11.45109,14.15097,4998.77,0.84288,0.370703,2.27373396,1.716077479,-8.303631897,5.779351682
10.83914,13.48933,4969.24,0.83414,0.388198,2.148748834,1.624347088,-8.385637707,5.68389668
11.60691,14.98494,5892.07,0.8698,0.302471,2.875647583,1.29346941,-8.12853946,5.899756346
8.83229,16.10023,3889.24,0.83014,0.489275,1.69667365,1.421543201,-8.494990432,5.695959583
22.94863,28.42194,6275.2,0.91036,0.194317,4.68492206,0.974595089,-7.723922717,6.141097964
7.34082,12.96315,2607.97,0.73182,0.768291,0.952529706,2.072322614,-9.054769787,5.320423177
7.70498,10.24528,2269.57,0.69442,0.828469,0.838196722,2.96001749,-9.142394876,5.371216574
9.52437,12.60455,4789.37,0.82376,0.416955,1.975656845,1.757462457,-8.47683301,5.582934747
9.68949,12.48946,4323.39,0.82238,0.468988,1.753520346,1.533359306,-8.474213574,5.700403374
7.06068,9.38272,2852.91,0.72034,0.706226,1.019985104,2.784559025,-9.032588518,5.42028535
10.10571,13.1701,4050.59,0.80568,0.485015,1.661144501,1.594861065,-8.57072817,5.542139073
9.77046,13.72758,4668.44,0.8264,0.418847,1.9730355,1.804334687,-8.441220223,5.594971505
13.98557,16.91039,6276.74,0.89228,0.249117,3.581770815,1.096273928,-7.975835655,5.917476028
9.30309,11.50147,3845.84,0.78934,0.525857,1.501054469,2.120611816,-8.665430332,5.4975099
9.3933,12.09226,4984.02,0.8228,0.407853,2.017393522,1.77294692,-8.483829842,5.672381647
8.85799,12.74178,3606.8,0.77594,0.559682,1.386394417,1.798042237,-8.755937447,5.410649396
8.56038,18.12592,4925.25,0.84948,0.390282,2.176580011,1.364889882,-8.403623012,5.706613311
7.23435,9.39959,2934.22,0.7215,0.686157,1.05150862,2.572050846,-9.016256578,5.324867006
11.52071,14.21981,5115.5,0.8506,0.360807,2.357493064,1.454727696,-8.290322429,5.760726185
18.50157,22.60672,5491.83,0.85368,0.301886,2.827822423,1.571539871,-8.143264115,5.738545046
11.67419,14.17014,4794.98,0.8396,0.414866,2.023785994,1.365825989,-8.397252788,5.593538279
7.43067,9.64597,3313.8,0.73074,0.633673,1.153181531,2.65804548,-8.931141687,5.286682038
11.60783,15.91426,6325.28,0.88218,0.266952,3.304639036,1.245573081,-8.039583297,5.847562462
10.4367,12.65761,4862.53,0.8199,0.421938,1.943176486,1.843280631,-8.471191484,5.737679261
8.12033,15.4689,3631.41,0.8046,0.558758,1.439979383,1.703976408,-8.689264865,5.621934988
7.41473,9.83737,3194.09,0.74106,0.660322,1.12227065,2.474167231,-8.940373629,5.274604074
5.90506,8.10936,1429.18,0.65924,1.34641,0.489627974,2.961021783,-9.548907657,4.980598651
19.67196,23.05026,2792.76,0.82726,0.480996,1.719889562,1.322023159,-8.407628363,5.79263836
12.45512,15.30505,5003.96,0.85384,0.350716,2.434562438,1.39700778,-8.289332416,5.801666116
9.00151,15.8688,3961.52,0.82306,0.483655,1.701750215,1.496570794,-8.551633832,5.721346416
8.20672,16.15043,3876.6,0.80934,0.480191,1.68545433,1.767367511,-8.587931847,5.682212628
15.5745,18.44948,3032.87,0.81686,0.488151,1.673375656,1.498904467,-8.409727243,5.795277148
6.42698,10.38833,3447.92,0.73666,0.65472,1.125152737,2.202523994,-8.934305845,5.191643605
9.45715,12.49417,4661.01,0.82626,0.454829,1.816638781,1.883482011,-8.442407689,5.616982325
8.13898,11.10145,2743.38,0.729,0.703018,1.036957802,2.11244127,-9.057316235,5.350285417
5.09184,7.80723,2137.05,0.66384,0.843923,0.786612049,3.710878193,-9.361634608,4.897853854
10.5428,13.27795,4552.81,0.82606,0.41442,1.99329183,1.824735366,-8.403668693,5.723431369
6.81118,10.20924,2543.28,0.746,0.879648,0.848066499,2.266716614,-9.023535148,5.413962071
9.14552,12.22407,3161.53,0.75804,0.624656,1.213531928,2.424940543,-8.823050862,5.344718652
11.2026,14.19997,5057.7,0.8396,0.378795,2.21650233,1.638547675,-8.369965008,5.703719704
9.66609,17.06546,4669.49,0.83332,0.412831,2.018549964,1.690258159,-8.393955407,5.695019957
9.70147,12.40132,3928.44,0.79684,0.538596,1.479476268,1.936266949,-8.646052595,5.630489666
9.58108,11.97064,3722.08,0.77716,0.555768,1.39835327,2.050674926,-8.681836764,5.530794924
7.6286,10.86812,2357.24,0.74408,0.863864,0.861339285,2.181125378,-9.064790428,5.404177293
11.52668,18.59494,5751.66,0.8856,0.283296,3.126058963,1.098321434,-8.062632075,5.789233582
10.97071,13.5624,3539.2,0.79488,0.542829,1.464328545,1.934279727,-8.618315363,5.525800265
9.5302,11.36718,3401.37,0.77932,0.591879,1.316688039,2.059107378,-8.756223795,5.532611367
8.02966,12.49919,5078.16,0.8154,0.426447,1.912078171,1.89034134,-8.485452054,5.677269251
8.05467,12.60438,4449.35,0.79982,0.502955,1.590241672,2.096893113,-8.589874977,5.645696723
9.09947,12.93116,4849.45,0.82212,0.436178,1.884826837,1.677718884,-8.456338246,5.580697595
11.51749,14.1606,5065.25,0.85006,0.367275,2.31450548,1.509136708,-8.309890811,5.772907791
9.91759,12.88209,3851.77,0.81738,0.505043,1.61843645,1.553226437,-8.549970823,5.497856143
13.86507,16.55244,6320.97,0.89244,0.251228,3.552311048,1.074284694,-7.984968699,5.923181561
8.56849,10.80728,3515.67,0.76178,0.562852,1.35342861,2.383878261,-8.825264704,5.479774694
11.38557,14.23648,4544.31,0.8489,0.409961,2.070684772,1.454109569,-8.364537148,5.748695869
11.2869,15.15688,5024.33,0.85594,0.35728,2.395712047,1.500198056,-8.242189848,5.75460823
11.4488,14.99606,4426.2,0.8252,0.416816,1.97977045,1.932581332,-8.382269346,5.615707104
5.26574,9.54194,1612.49,0.64856,1.04718,0.61933956,2.928051009,-9.48739539,4.991459218
9.47218,12.63258,3076.78,0.80836,0.657521,1.229405601,1.703717102,-8.668942996,5.564236813
6.35795,9.07179,2484.54,0.71274,0.805582,0.884751645,2.352251494,-9.140321354,5.117415311
9.165,12.31194,4204.01,0.8015,0.459493,1.744313842,1.810451532,-8.632769173,5.479899922
8.40321,12.71834,5529.4,0.83224,0.388389,2.142800131,1.695222263,-8.383223511,5.646839983
16.71966,21.38139,2036.3,0.80754,0.790984,1.020930891,1.503821374,-8.700893513,5.696670632
16.86017,20.85978,2498,0.82072,0.636947,1.288521651,1.580199017,-8.633305874,5.568415421
12.25767,14.80803,5101.05,0.85258,0.35891,2.375470174,1.415830034,-8.309111076,5.809369721
10.27655,14.59419,6440.64,0.86294,0.306895,2.811841183,1.433014912,-8.154280801,5.79291277
10.23953,14.11155,2356.54,0.71998,0.658827,1.092821029,2.483547019,-8.923971969,5.27929931
10.76362,13.46081,5387.37,0.84584,0.354803,2.383970823,1.599739497,-8.29606982,5.729222329
11.08267,14.43286,6078.83,0.86912,0.305366,2.84615838,1.309062377,-8.126457812,5.755276106
9.75711,12.78109,4850.4,0.8294,0.425686,1.94838449,1.804180529,-8.432948401,5.694936265
10.25098,14.00913,5515.17,0.86218,0.335593,2.569123909,1.354166016,-8.225099006,5.764277176
10.70203,14.11602,4603.9,0.82936,0.404177,2.051972279,1.936446224,-8.394667627,5.628582236
7.96378,12.76333,4317.53,0.78644,0.501249,1.568960736,2.359910019,-8.582390466,5.575758733
23.69132,26.05754,6218.21,0.90158,0.226782,3.975535977,1.027205397,-7.868298022,5.965526068
9.45244,15.18813,4137.07,0.81038,0.484749,1.671751773,1.806505191,-8.619595283,5.577713977
7.54911,10.95936,2592.55,0.73804,0.790943,0.933114017,2.004763321,-9.009086329,5.390255803
7.61726,10.98869,3110.79,0.74286,0.68678,1.081656426,2.052816542,-8.915676267,5.43119407
6.59802,10.2851,2672.85,0.72692,0.794989,0.914377432,2.436461771,-9.054776624,5.308589337
11.2527,12.76423,2719.98,0.78266,0.719611,1.087615392,2.038578308,-8.809698449,5.563979935
11.62845,14.98291,5700.97,0.86528,0.307423,2.814623499,1.398086381,-8.160491369,5.867724388
9.61108,14.22242,5448.39,0.85306,0.358614,2.378769373,1.395603166,-8.291516573,5.711292921
11.67831,16.41242,6825.18,0.89068,0.241717,3.684804958,1.096340755,-7.951994327,5.798390276
8.91397,11.83431,3507.17,0.7692,0.55888,1.376324077,2.314099379,-8.764891051,5.42411273
27.14458,31.18124,6287.86,0.9137,0.185444,4.927093894,0.918227796,-7.667913207,5.946062839
9.93218,11.71394,3165.93,0.76556,0.610966,1.253032084,2.317971342,-8.828564455,5.521733581
6.7341,10.93166,4577.8,0.76418,0.509936,1.498580214,2.461439726,-8.721039112,5.533638981
9.27155,13.85743,5405.27,0.84058,0.376123,2.234854024,1.559118826,-8.326079867,5.713514565
12.1479,16.16464,4594.7,0.84172,0.413565,2.035278614,1.441757058,-8.400168039,5.623649231
7.74333,9.92337,2752.28,0.72628,0.719386,1.009583172,2.273540865,-9.071372727,5.352495766
4.87704,9.55127,1883.88,0.66106,0.975592,0.677598832,2.819503569,-9.364723447,5.102369957
9.8273,12.49995,3105.55,0.81316,0.649296,1.2523718,1.69583198,-8.722303668,5.592422833
13.31523,20.57355,5782.13,0.89216,0.264774,3.369515134,1.052826562,-7.988116366,5.882711719
7.37953,11.56466,4609.11,0.79502,0.521444,1.524650777,2.143774248,-8.555828669,5.620906195
11.61573,15.08949,6335.68,0.87764,0.28678,3.060324988,1.233609912,-8.118458623,5.839073129
8.99719,11.66551,2425.07,0.75488,0.816181,0.924892885,2.336121563,-8.984273701,5.464486247
9.7961,13.27431,4663.16,0.81398,0.430496,1.890795733,1.682659262,-8.515081497,5.618773072
12.21554,16.03606,6359.97,0.88394,0.270775,3.264481581,1.187375673,-8.056049255,5.783539331
12.03052,15.18858,6289.18,0.88204,0.277637,3.17695408,1.174488667,-8.059022853,5.787552852
5.64051,9.21652,2335.12,0.68344,0.865807,0.789367607,2.695714515,-9.203389298,5.134763939
12.92732,15.4378,6046.75,0.88274,0.274702,3.213445843,1.206533773,-8.06142665,5.825950307
10.13395,13.07391,4861.04,0.82988,0.418372,1.983593548,1.763113484,-8.420497586,5.815386717
7.3826,10.98472,3664.7,0.7774,0.61379,1.266556966,2.082787113,-8.740111771,5.481796399
8.93091,12.2889,4901.67,0.82198,0.422635,1.944893348,1.739578403,-8.467668222,5.620030314
10.84009,13.68678,4633.26,0.82684,0.4221,1.958872305,1.632990517,-8.471983214,5.591974194
7.8672,14.29441,3719.79,0.7942,0.558648,1.421646547,1.945106134,-8.674536186,5.575550699
10.43036,13.88745,4576.1,0.83454,0.414602,2.012870174,1.673889066,-8.38680285,5.607433075
12.89307,14.13,3585.98,0.80814,0.496124,1.628907289,1.748330822,-8.586175247,5.693759656
10.35475,13.52421,4777.72,0.8417,0.410428,2.050786009,1.692613771,-8.393145085,5.701921225
12.10305,14.91513,4872.8,0.85768,0.364581,2.35250877,1.514185976,-8.264856244,5.853518783
10.87386,12.35864,3728.55,0.79642,0.560231,1.421592165,1.835997617,-8.677058983,5.492969514
10.58628,12.51565,4237.41,0.81988,0.453926,1.806197486,1.62252931,-8.517414837,5.71065054
7.57608,11.72501,3754.4,0.77412,0.590364,1.311258817,2.196707504,-8.739673107,5.454378657
10.28273,11.95907,3567.07,0.78632,0.562587,1.397686047,1.97476124,-8.767620404,5.449586816
8.26432,10.45715,2830.83,0.71568,0.695455,1.02908168,2.486553463,-9.052793555,5.295058727
8.10349,12.64701,2692.76,0.7726,0.777562,0.993618515,1.979682331,-8.883613099,5.494200126
19.49555,23.14142,3497.89,0.82964,0.403152,2.057883875,1.268127265,-8.379757551,5.641405409
5.31483,8.45438,1494.84,0.65194,1.24127,0.525220137,3.098108071,-9.484259455,4.991558521
17.50794,21.11145,4298.84,0.82786,0.363401,2.278089493,1.756908303,-8.410407426,5.51899441
9.11253,12.70884,3397.66,0.77534,0.548641,1.413200982,2.159280832,-8.778699282,5.517569462
7.66082,15.65655,3059.1,0.7824,0.603002,1.297508134,1.977222345,-8.779324359,5.498127822
9.09671,14.26754,5722.68,0.83584,0.373213,2.239579007,1.693236374,-8.3773898,5.680572329
9.29863,13.79807,5970.74,0.8602,0.333826,2.576791502,1.376143669,-8.235535014,5.83399314
9.14085,12.32205,3724.57,0.7793,0.556832,1.399524453,2.15112864,-8.740307143,5.421951217
10.69718,14.10101,4374.05,0.84538,0.41587,2.032798711,1.443476254,-8.387166699,5.761748373
10.29973,11.89081,3796.14,0.79936,0.552151,1.447719917,1.796646011,-8.628817709,5.593853884
18.44697,22.18512,4379.4,0.86066,0.356198,2.416240406,1.509520622,-8.152206305,5.833266929
10.36772,12.98862,3898.27,0.8203,0.495867,1.654274231,1.505236572,-8.537920066,5.582335813
9.56312,12.92188,6090.43,0.84434,0.348661,2.421664597,1.587638378,-8.318266806,5.684262227
10.26704,19.25688,5211.43,0.85558,0.360807,2.371295457,1.317585155,-8.287182716,5.777120478
18.87984,21.24626,3514.51,0.84328,0.406721,2.073362329,1.488138675,-8.355387842,5.743190111
12.38113,15.76766,6568.56,0.8857,0.254956,3.473932757,1.178726906,-7.982216279,5.872365023
9.72844,11.90665,2595.73,0.75954,0.746569,1.017374148,2.022793018,-8.864314941,5.440213039
10.8185,13.21606,4305.14,0.81936,0.440502,1.860059659,1.815609297,-8.476723585,5.712168369
13.52788,16.50207,6559.63,0.89026,0.245632,3.624364904,1.124667578,-7.985584441,5.890506346
11.93231,14.96523,6414.28,0.88276,0.271908,3.246539271,1.176924261,-8.081845497,5.860909237
11.63938,15.55505,6378.91,0.88082,0.259368,3.396024182,1.247862849,-8.025781426,5.889446564
9.21198,12.65873,4749.97,0.81464,0.42497,1.916935313,1.84160761,-8.516369274,5.540658305
11.95119,15.39612,5188.14,0.85558,0.331852,2.57819751,1.54975496,-8.184860629,5.728558995
10.42911,13.59175,5018.35,0.83636,0.380665,2.197102439,1.772956583,-8.35168063,5.820055176
11.55783,13.83708,4897.5,0.85024,0.384869,2.209167275,1.583575751,-8.311634704,5.780397784
7.81245,10.65749,3315.5,0.761,0.67055,1.13488927,2.336877954,-8.839304284,5.452290018
5.98102,8.58723,2711.31,0.69982,0.816751,0.856833968,2.535798181,-9.121564863,5.241952917
9.96013,13.11018,4598.33,0.83694,0.422837,1.979344286,1.730383149,-8.385298881,5.710189706
12.3562,14.30541,3983.45,0.8168,0.451448,1.80928922,1.827203192,-8.536010468,5.538138342
12.238,15.61361,5980.31,0.87392,0.28885,3.025514973,1.237551304,-8.15150594,5.803602163
11.37587,15.33155,6071.61,0.86914,0.284845,3.0512735,1.326390231,-8.109888983,5.837356466
10.9326,14.48594,6179.81,0.85344,0.328972,2.594263342,1.531470027,-8.192860752,5.757143479
10.32175,13.2232,4898.21,0.84122,0.400259,2.101689156,1.718743209,-8.340411211,5.672289531
11.61133,14.3304,4823.99,0.83544,0.377367,2.213866077,1.486606172,-8.392430524,5.632650832
8.98741,12.21756,4545.75,0.82022,0.467381,1.754927992,1.712586604,-8.509370025,5.597695355
11.77842,14.66612,5414.7,0.86038,0.327283,2.628856372,1.321809087,-8.213398762,5.762293842
10.72729,15.25082,5834,0.86012,0.31992,2.688547137,1.47465421,-8.214407588,5.738194949
12.20877,14.79662,5626.77,0.86732,0.307394,2.821525469,1.358861095,-8.141755549,5.715417934
11.8568,13.69372,3182.29,0.79374,0.574904,1.380647899,1.709148762,-8.702899957,5.635977052
7.39744,9.3853,3288.15,0.72912,0.651323,1.119444577,2.669860846,-8.914248175,5.322333144
5.87877,8.56052,2226.5,0.66308,0.867146,0.764669387,2.951628162,-9.32228403,5.105490126
11.03747,14.67796,4828.77,0.8366,0.415758,2.012228267,1.598311404,-8.425002125,5.621343005
8.62667,11.58293,3252.92,0.7536,0.611089,1.233208256,2.249999944,-8.833459937,5.372602552
11.13687,13.62271,4623.63,0.82936,0.412024,2.012892453,1.79446843,-8.404356782,5.670913589
19.65035,23.8966,5153.44,0.87118,0.303857,2.86707234,1.285943011,-8.108688597,5.817926115
10.24078,12.95516,3867.14,0.8202,0.510757,1.605851706,1.480757206,-8.537961447,5.728305933
9.01269,16.76317,4344.69,0.8363,0.438159,1.908667858,1.545316972,-8.415294361,5.673797468
14.2868,17.48765,6650.07,0.8968,0.227973,3.933799178,1.077736382,-7.899222459,5.906728177
9.44347,11.55324,3522.33,0.77658,0.611334,1.270303958,2.013655482,-8.763014682,5.469387744
11.93777,14.85526,5831.4,0.86608,0.299356,2.893143949,1.348953545,-8.120438106,5.849201715
9.83981,13.10711,4471.87,0.81212,0.468492,1.733476772,1.872423825,-8.564032649,5.624628843
9.84589,13.03399,4307.99,0.812,0.46461,1.747702374,1.845434831,-8.560531412,5.547233213
10.22386,12.64827,3357.89,0.78498,0.573731,1.368202171,2.081814894,-8.690089661,5.373555667
11.49592,14.72826,4799.92,0.85082,0.372209,2.285866274,1.357101871,-8.305007116,5.7488933
11.22295,14.52722,5148.01,0.8496,0.36332,2.338434438,1.511714097,-8.287947738,5.676317753
10.2513,13.84016,4716.71,0.83992,0.406557,2.065934174,1.671108937,-8.326148702,5.836127648
12.85547,15.21865,4753.2,0.8598,0.378841,2.269553718,1.261013303,-8.239824279,5.812540933
5.98673,8.88079,2498.25,0.6886,0.847085,0.812905435,2.62547805,-9.195674367,5.225704025
11.98409,13.62979,5882.29,0.85976,0.331988,2.589732159,1.382543427,-8.219374119,5.78781284
8.29773,11.11595,2405.25,0.74252,0.854798,0.868649669,2.234163339,-9.046384887,5.386119777
9.10757,11.60374,2356.28,0.75536,0.816606,0.924999326,2.216529058,-8.993866207,5.508553919
8.77886,13.94436,6173.12,0.84614,0.361703,2.339322593,1.548319109,-8.296372488,5.66987865
6.05303,9.30052,1564.4,0.66976,1.13915,0.587947154,3.064297371,-9.425692119,5.062422243
9.56405,12.64638,4217.09,0.80652,0.467438,1.725405294,1.972667392,-8.513673974,5.494146288
9.89144,15.72591,4820.55,0.84428,0.390883,2.159930209,1.533569054,-8.398968577,5.690914697
13.7857,17.66667,6968.72,0.90618,0.20431,4.435318878,0.955319204,-7.795008183,5.952141685
23.00063,26.86304,6720.26,0.91248,0.198399,4.59921673,0.94475404,-7.699662613,6.088534103
10.48297,16.42859,2224.86,0.7506,0.65035,1.154147767,2.170766553,-8.742474926,5.652529896
10.0544,12.60021,3938.49,0.82602,0.523914,1.576632806,1.476477748,-8.514311693,5.596780269
6.64549,8.87656,2222.66,0.71586,0.961864,0.744242429,2.641080325,-9.165809689,5.25412253
14.00462,16.7801,6176.21,0.88856,0.251701,3.530220381,1.152818152,-7.987722454,5.92799854
12.57617,15.85375,6021.36,0.8824,0.272118,3.242710883,1.19532504,-8.050380184,5.784507338
8.31239,12.00651,4439.46,0.8091,0.481696,1.679690095,1.887503741,-8.562947838,5.637000446
7.89688,12.2111,3865.06,0.798,0.568207,1.404417756,2.010365573,-8.593043925,5.555363172
10.962,13.48531,4945.43,0.84136,0.391054,2.151518716,1.512792882,-8.372956999,5.614001726
25.04888,28.55411,6053.08,0.90248,0.215053,4.196546898,1.030224988,-7.841860796,5.936002172
12.0135,14.29914,4444.06,0.85066,0.429215,1.981897184,1.349589615,-8.324499104,5.761308404
12.5669,14.4603,3676.36,0.81936,0.485449,1.687839505,1.628296175,-8.555369684,5.599284758
11.05518,14.18182,5032.55,0.84426,0.372677,2.265393357,1.564037503,-8.336118758,5.759449877
10.51307,15.55547,4398.96,0.81932,0.460236,1.780217106,1.746991454,-8.512105136,5.636278437
12.20877,15.84245,6264.48,0.88026,0.275903,3.190469114,1.238192108,-8.079336086,5.789332348
9.19562,11.51478,1864.23,0.75062,1.01705,0.738036478,1.948514702,-8.980838174,5.48172059
10.16237,13.17661,4647.11,0.83172,0.418726,1.986310857,1.617861976,-8.472551319,5.763019533
7.67172,15.14652,2765.08,0.75564,0.654498,1.154533704,2.306013541,-8.968676367,5.336196351
7.34802,9.28113,2773.03,0.72308,0.766578,0.943256916,2.687012776,-9.051894725,5.265283122
8.07465,11.4963,3844.77,0.79022,0.548735,1.440075811,2.017426633,-8.65983575,5.536616223
12.12402,14.93291,5164.13,0.85248,0.339237,2.512933436,1.583928509,-8.234464065,5.812134492
9.68104,13.47437,4962.01,0.8252,0.407349,2.025781332,1.914580299,-8.376467469,5.673068567
8.55691,13.0392,3510.71,0.76914,0.597257,1.287787334,2.195508132,-8.814896708,5.404358514
11.45653,14.31776,4736.81,0.8385,0.391604,2.141193655,1.694491164,-8.334112713,5.685176554
8.8545,15.33515,3467.57,0.79012,0.55325,1.428142793,2.027661082,-8.678049749,5.554639293
9.24914,12.3389,4037.86,0.80808,0.537728,1.502767198,1.895988759,-8.591045135,5.596861644
10.20666,12.85132,3877.09,0.82078,0.500731,1.639163543,1.49023299,-8.514727961,5.613033694
9.42408,12.21091,4329.54,0.80524,0.455432,1.768079538,1.741070758,-8.529242036,5.672900357
8.91893,13.17493,4255.06,0.82554,0.493192,1.673871433,1.557028867,-8.505064482,5.627410952
11.97631,16.47628,5796.42,0.87422,0.299657,2.91740223,1.31239306,-8.118675295,5.80405937
11.386,14.59537,5016.03,0.8508,0.357617,2.379081531,1.574017891,-8.259462111,5.764799165
9.9142,13.51498,4455.41,0.82624,0.433689,1.905144009,1.724805178,-8.441883485,5.581396934
14.72431,18.60021,7169.3,0.91402,0.188971,4.836826815,0.893910445,-7.736201731,6.02138679
7.90149,11.93168,4522.3,0.81572,0.485327,1.680763691,1.668874481,-8.542099704,5.597022349
15.00709,19.83503,4089.08,0.8189,0.469968,1.742459061,1.731183831,-8.508439998,5.616290599
10.95075,13.8356,5442.11,0.8523,0.338592,2.517188829,1.522130043,-8.248626999,5.824113095
10.43323,12.92759,6069.27,0.83856,0.359285,2.333968855,1.70804586,-8.318970498,5.754291591
8.79741,12.50388,4655.15,0.8032,0.455221,1.764417722,1.970183122,-8.560529067,5.602065531
9.10018,10.9406,2760.78,0.73962,0.717747,1.030474527,2.234788612,-8.950690887,5.207925676
10.83321,13.19477,4394.01,0.81408,0.439277,1.853227007,1.877592542,-8.527480975,5.701665795
11.17425,13.9621,5069.6,0.8471,0.376508,2.249885793,1.518834764,-8.338882415,5.750270351
20.90195,24.7438,2931.14,0.85608,0.511851,1.672517979,1.323968368,-8.326546188,5.788267949
9.80577,16.93652,4738.44,0.85026,0.383835,2.215170581,1.478637091,-8.336195783,5.683202141
9.97275,14.27764,5780.09,0.85482,0.34077,2.508495466,1.426266285,-8.260963614,5.770336666
9.50886,14.09066,6153.15,0.85306,0.331104,2.576411037,1.504495784,-8.245487713,5.716553382
19.87281,23.97505,4764.34,0.87798,0.304894,2.879623738,1.359527089,-7.992716912,5.914533285
11.4947,14.02511,5956.74,0.86768,0.306312,2.832667346,1.317935304,-8.142596733,5.889207257
12.06007,15.30817,6116.72,0.87576,0.27954,3.132861129,1.279243262,-8.079311541,5.815823004
5.95651,10.53718,3705.36,0.74082,0.637003,1.162977254,2.60397053,-8.946602251,5.341104282
10.08256,12.95839,4681.71,0.83362,0.429501,1.940903514,1.774132038,-8.386753207,5.744658047
5.75905,9.85555,1528.3,0.67512,1.15602,0.584003737,3.083397721,-9.417432892,5.126666195
7.75365,10.89056,3387.43,0.74252,0.611154,1.21494746,2.110649657,-8.911134196,5.295241201
4.79143,8.89511,2513.85,0.67788,0.828135,0.818562191,3.428110142,-9.226626858,5.219676795
7.1323,9.96864,2376.73,0.74052,0.903025,0.820043742,2.372578255,-9.048471786,5.321689133
10.35916,13.01831,3902.77,0.82054,0.495052,1.657482446,1.458668081,-8.562782258,5.626974115
7.24483,9.80418,3085.39,0.74164,0.677259,1.095061121,2.59315824,-8.91678402,5.339630393
8.92729,14.74474,1741.21,0.6879,0.827485,0.831314163,2.101317391,-9.084517145,5.379969715
9.72155,14.06127,6199.44,0.85438,0.334358,2.555285054,1.48632631,-8.254785197,5.888935188
10.39209,11.79432,3420.2,0.77386,0.56702,1.364784311,2.241910756,-8.751850865,5.462704825
8.89254,10.78194,3680.63,0.78996,0.545946,1.446956292,1.96086673,-8.675700965,5.659297112
10.50329,13.15299,4510.54,0.82412,0.42659,1.931878384,1.866148452,-8.399196775,5.588261557
9.79194,12.62515,4018.87,0.79784,0.50339,1.584934146,2.044591536,-8.64408535,5.451813111
4.01784,6.59167,647.201,0.5575,1.23785,0.450377671,4.008194635,-9.994161374,4.517372287
24.92306,30.27474,6532.93,0.91864,0.178824,5.13711806,0.895698989,-7.656789615,5.924837971
9.36086,11.44453,3275.19,0.77818,0.645695,1.205182013,1.844000564,-8.76117138,5.487111678
14.43086,18.2692,3970.4,0.81778,0.436294,1.874378286,1.943861945,-8.419233407,5.854069238
9.69705,12.36064,4873.69,0.83352,0.410929,2.028379598,1.744540282,-8.400838981,5.735667937
9.54493,11.81426,3671.26,0.80336,0.542432,1.481033567,1.721888739,-8.664749861,5.495220611
9.11628,13.03141,6045.2,0.8079,0.431943,1.870385676,2.092100649,-8.521064781,5.584280052
18.25075,19.94013,3402.89,0.81254,0.472795,1.718588395,1.760754811,-8.511767386,5.695674492
8.21954,10.3326,2418.92,0.72126,0.845309,0.853250113,2.394046777,-9.033917581,5.234546194
10.28889,14.39212,5960.12,0.8473,0.338756,2.501210311,1.553292022,-8.239058256,5.76697938
14.35955,17.26099,6177.25,0.8908,0.247179,3.603866024,1.119539719,-7.957110369,5.958391023
11.56592,15.33046,6273.35,0.87246,0.282905,3.083932769,1.288018099,-8.120459604,5.825118797
10.66252,14.1657,6209.29,0.85164,0.324964,2.620721064,1.549021595,-8.193912097,5.741215412
8.27846,12.77661,4469.62,0.80502,0.470574,1.710719249,2.075636419,-8.476909813,5.618603529
10.84152,13.98858,5131.6,0.84914,0.360707,2.354099033,1.575067129,-8.331495168,5.719105324
11.07818,14.10911,5094.54,0.83024,0.363601,2.283382059,1.709201485,-8.375535469,5.610946913
10.1627,13.39168,4911.61,0.83336,0.400258,2.082057073,1.74127339,-8.370611082,5.775877349
18.72013,35.0324,5804.9,0.9156,0.200764,4.56057859,0.802386278,-7.673506377,6.1008202
12.67078,19.37922,5890.8,0.8917,0.263172,3.388278388,1.085535962,-7.988237686,5.914389868
10.74784,14.61765,5156.07,0.82746,0.422804,1.957077038,1.717625045,-8.448169873,5.671456554
7.83927,12.46355,4341.72,0.8002,0.521871,1.533329118,1.820281056,-8.564253886,5.640488924
9.26112,12.00638,2967.43,0.77214,0.660014,1.169884275,1.926023238,-8.759478099,5.501994531
5.62196,9.54515,2528.56,0.69264,0.848073,0.816722145,2.491620769,-9.153702563,5.183965746
20.05765,24.12726,5642.25,0.8863,0.25626,3.458596738,1.190013601,-8.008778874,5.894708497
11.34673,14.39889,6076.68,0.84634,0.335361,2.523668524,1.55874751,-8.25235751,5.812337777
8.90889,11.16367,3550.81,0.75458,0.57635,1.309239178,2.492628515,-8.844235579,5.530970502
8.9103,14.12404,4192.14,0.81704,0.457647,1.785306142,1.869630736,-8.530809016,5.727807867
10.15389,13.17381,4606.51,0.81728,0.429106,1.904610982,1.896915494,-8.457085453,5.667473955
11.40947,15.27853,6294.81,0.87378,0.275297,3.173953948,1.298277357,-8.077851827,5.865932697
9.43711,14.05551,6279.59,0.85262,0.329338,2.588890441,1.513739466,-8.238550286,5.730493944
9.7535,13.23091,4698.31,0.81578,0.430612,1.89446648,1.669530992,-8.498303714,5.549452441
10.00866,13.88478,5983.7,0.84796,0.343358,2.46960898,1.552759344,-8.280275991,5.76503449
10.70892,13.80907,4122.81,0.82346,0.445421,1.848722894,1.930453014,-8.440059826,5.705749843
14.1814,22.34967,5534.19,0.88642,0.270685,3.274728928,1.169515299,-8.044546738,5.870115839
9.67022,13.41738,6332.7,0.84308,0.362587,2.325179888,1.639115269,-8.31879741,5.70129059
13.30868,16.20729,6374.75,0.88754,0.25964,3.418348483,1.137945296,-7.991187006,5.865306968
9.09279,12.36605,4771.4,0.82092,0.436862,1.879128878,1.700474065,-8.460866682,5.71286061
15.19608,29.4478,5462.59,0.89072,0.264814,3.363568391,1.042901415,-7.965480701,5.925866843
8.13337,14.16485,4233.08,0.80136,0.504481,1.588484006,1.90872733,-8.617804346,5.465164758
8.92119,10.94748,4907.59,0.82214,0.462179,1.778834607,1.576034801,-8.411452893,5.660911255
7.95304,11.7845,4415.15,0.80318,0.506637,1.585316509,1.993558898,-8.569703724,5.618775029
9.36528,11.14253,3363.09,0.76744,0.665843,1.152584018,2.13463057,-8.823341498,5.429717946
16.69548,22.02153,6316.53,0.91614,0.198723,4.610135717,0.837986147,-7.759470349,6.004697179
23.58786,25.90318,4447.3,0.87138,0.303875,2.867560675,1.547709305,-8.007812624,5.868413573
11.2049,13.36414,3664.93,0.82118,0.516921,1.588598645,1.442575522,-8.548858374,5.714654025
11.30988,14.89058,6175.22,0.8724,0.281254,3.101822552,1.311250637,-8.129538867,5.82166179
9.75577,13.86622,6260.72,0.84792,0.357945,2.36885555,1.518461228,-8.318216621,5.821550533
12.03978,15.16393,5293.96,0.85732,0.343499,2.495844238,1.526740734,-8.228629977,5.853436582
34.45918,37.91424,6987.74,0.93916,0.137265,6.841948057,0.666180704,-7.371825165,6.154208941
9.80022,14.38292,4952.05,0.82668,0.401811,2.057385189,1.744498412,-8.430575562,5.7372236
7.83381,9.6691,3158.7,0.74706,0.664086,1.124944661,2.386373878,-8.900974308,5.329625054
12.53917,14.99254,4690.2,0.85246,0.392703,2.170749905,1.278570299,-8.300176145,5.728358893
12.43805,14.86523,4993.06,0.8589,0.3563,2.410609037,1.475264805,-8.219327114,5.816815673
6.29461,9.48189,2990.84,0.7072,0.730903,0.967570252,2.518241458,-9.09749593,5.224896697
10.97622,13.61743,4803.41,0.83476,0.399944,2.087192207,1.752670488,-8.364619042,5.694800882
7.54106,9.80196,3161.84,0.7413,0.646604,1.146451306,2.576660756,-8.926537586,5.276992875
7.30518,10.08095,2857.58,0.71954,0.706614,1.018292873,2.505756579,-8.995500878,5.203088393
9.17496,12.74532,4735.93,0.82384,0.440657,1.869572025,1.652034903,-8.446190292,5.721921981
13.90498,17.05765,4848.49,0.85792,0.334048,2.568253664,1.635426202,-8.140675378,5.845344341
6.1221,8.26177,2403.46,0.6859,0.855099,0.802129344,2.627276379,-9.204858971,5.170795374
5.49793,9.71295,2002.62,0.66968,0.90064,0.743560135,3.061918401,-9.241140757,5.196266663
6.64984,10.72848,4494.51,0.76186,0.520392,1.464011745,2.42454027,-8.712827366,5.449484944
8.20569,10.45915,3288.11,0.75886,0.648915,1.16942897,2.187513933,-8.840765072,5.383180095
7.7718,12.8632,4066.62,0.7833,0.514022,1.523864737,2.33761652,-8.598729261,5.587861513
9.73441,12.74391,3083.5,0.76624,0.608648,1.258921413,1.905725367,-8.782512848,5.373506561
9.08475,12.11238,1971.2,0.76112,0.974517,0.781022804,1.865786361,-9.015108897,5.486659
10.52468,13.91093,4515.19,0.81792,0.441775,1.851440213,1.782938725,-8.497843613,5.64538056
11.19803,14.13514,5062.43,0.8451,0.369608,2.286476483,1.514443927,-8.322682781,5.70455673
10.99264,12.90386,4487.56,0.82778,0.430417,1.923204706,1.642804223,-8.485127556,5.544382611
7.65497,11.90068,3874.9,0.79272,0.57082,1.388739007,2.063101697,-8.618251602,5.602486508
8.93166,11.67852,3464.35,0.78412,0.595879,1.315904739,1.982678426,-8.742183801,5.556983371
9.51645,17.01664,4486.89,0.82988,0.428992,1.934488289,1.56294036,-8.432163837,5.715353434
12.44754,14.40679,3828.83,0.80884,0.46752,1.730065024,1.921634353,-8.564127602,5.595051929
10.38799,13.54668,3800.02,0.8292,0.514054,1.613060107,1.701665245,-8.496364738,5.669622224
10.11471,12.48965,4611.45,0.83476,0.438491,1.90371068,1.414572622,-8.453799331,5.749602468
7.65071,11.74612,4188.19,0.79356,0.534229,1.485430405,2.160213726,-8.602277025,5.633478451
11.35262,15.04199,6231.37,0.87728,0.271394,3.232495928,1.297433684,-8.062895999,5.865003838
8.09361,10.32873,3553.02,0.76142,0.603452,1.261773927,2.315898006,-8.833034641,5.466866254
10.37759,13.64515,5927.26,0.83366,0.3801,2.19326493,1.742288879,-8.398128563,5.646605784
30.19986,33.30227,6673.72,0.92188,0.166986,5.520702334,0.820031215,-7.570117405,6.095364292
12.94636,16.07409,5350.76,0.864,0.313408,2.756789871,1.477337162,-8.165781108,5.824697833
8.47249,13.45271,5109.32,0.8288,0.40286,2.057290374,1.627126599,-8.447564049,5.717796098
7.31026,9.52456,3161.87,0.75426,0.713346,1.057355056,2.096921117,-8.907088181,5.465596745
11.26482,14.65722,5978.72,0.86534,0.298468,2.899272284,1.303774252,-8.164390408,5.772393141
10.30775,13.35529,3568.12,0.80458,0.609671,1.319695377,1.783475335,-8.663298899,5.656275383
8.7333,13.1317,5187.27,0.82826,0.401375,2.063556524,1.664616821,-8.447609512,5.632236637
10.24935,14.98891,5860.18,0.86856,0.306479,2.833995151,1.293343557,-8.159806439,5.793035943
11.16897,14.3133,6141.12,0.85888,0.329314,2.608088329,1.432997266,-8.217042816,5.742573294
12.38166,14.97872,5958.13,0.87832,0.284495,3.087295032,1.2275015,-8.082572718,5.791991834
12.3762,14.35713,5969.08,0.8726,0.302032,2.889097844,1.295177317,-8.075302699,5.849187721
9.34243,13.13066,4302.86,0.80196,0.469332,1.708726445,1.749248907,-8.593963088,5.51731269
9.67012,13.23888,4669.41,0.82746,0.433203,1.910097576,1.799435133,-8.456676356,5.744618704
6.46975,8.79988,2542.17,0.71938,0.83158,0.86507612,2.336851128,-9.101356188,5.173882226
9.3821,12.66424,5397.53,0.83252,0.409464,2.033194615,1.61590605,-8.361249596,5.670559362
11.20762,17.3116,4956.1,0.86258,0.369513,2.334369833,1.189738178,-8.242361075,5.749617668
8.16476,11.10734,3287.86,0.77318,0.671729,1.151029656,1.760575146,-8.804115822,5.555131248
8.35808,11.07305,1852.94,0.74302,1.06831,0.69550973,1.987900696,-9.13337374,5.421645312
10.26163,13.43838,3464.29,0.81864,0.547676,1.494752372,1.505942175,-8.562398376,5.542736166
8.95052,12.29236,4477.56,0.81492,0.458992,1.775455781,1.891239061,-8.498311581,5.584579873
11.17079,14.69964,5578.9,0.8605,0.321644,2.675318054,1.392073707,-8.171301694,5.804643902
10.67885,14.272,6369.96,0.87082,0.283331,3.073507664,1.302412091,-8.091329918,5.803905255
14.55154,27.37561,5503.12,0.88874,0.284279,3.126294943,1.01891474,-7.998513948,5.866074196
7.06514,12.41133,1267.52,0.6751,1.33062,0.507357472,2.525656639,-9.560115684,5.024471675
12.18353,13.71521,3872.44,0.79746,0.471739,1.69046867,2.045841251,-8.594686714,5.600849169
11.89014,14.17824,3253,0.80498,0.557172,1.444760325,1.694133228,-8.626279367,5.591349155
6.51713,9.423,1680.84,0.70624,1.22532,0.576371887,2.439767369,-9.313857044,5.075325534
11.97417,19.52997,5064.63,0.8743,0.325759,2.68388594,1.127803167,-8.179034565,5.794166164
7.69022,10.18549,2955.7,0.72476,0.652186,1.111278071,2.119972874,-9.035830319,5.140546374
10.49239,13.60947,4789.69,0.84134,0.407245,2.065930828,1.454515693,-8.376143539,5.755432626
13.99484,16.74476,6555.87,0.8939,0.23782,3.758725086,1.111754921,-7.941435203,5.936199012
14.1815,17.44322,6243.66,0.89056,0.240535,3.70241337,1.1535407,-7.934838203,5.917690013
6.45098,10.04497,3036.58,0.72012,0.714901,1.007300312,2.768315702,-8.982010895,5.293060738
8.324,15.70075,4184.18,0.8024,0.4772,1.681475272,1.776845052,-8.611822085,5.562686377
8.57203,9.75022,2778.02,0.71732,0.731499,0.980616515,2.609854441,-8.98460234,5.252410925
20.67687,24.73141,6054.24,0.90448,0.215672,4.193775734,1.021226125,-7.82309669,5.965127749
7.26394,11.98865,3542.3,0.7603,0.60259,1.261720241,2.516863746,-8.742342006,5.356767729
7.0867,10.48786,2962.96,0.75296,0.73839,1.01973212,2.204311946,-8.922282783,5.334216381
9.59522,13.48868,4563.68,0.80884,0.478624,1.689927793,2.009847919,-8.526062908,5.520679424
9.08174,17.16184,4457.75,0.82554,0.417302,1.978279519,1.859477868,-8.390742207,5.685789387
14.86155,21.06352,6344.34,0.90536,0.213745,4.23570142,0.971122352,-7.825332236,5.916904349
9.93686,15.7551,4249.57,0.81862,0.450271,1.818060679,1.638572525,-8.50087698,5.649423007
8.80802,16.10568,3488.95,0.8087,0.551808,1.465545987,1.974405612,-8.583744631,5.64320555
7.86435,14.52563,2570.48,0.78096,0.793586,0.984089941,1.940236157,-8.918353458,5.460465213
7.17263,11.42945,2630.95,0.70864,0.769428,0.920995857,2.588326731,-9.102225743,5.327626784
6.28974,11.81085,2533.16,0.71688,0.741677,0.966566309,2.693005573,-9.015878879,5.354911317
10.15165,14.91525,4104.71,0.81356,0.463268,1.756132519,1.761462726,-8.526570279,5.606494853
6.30595,12.33724,3035.11,0.74314,0.666007,1.115814098,2.663898244,-8.854616712,5.482891124
11.06659,20.04697,5011.11,0.86158,0.347633,2.478418332,1.33913621,-8.269055945,5.720580304
5.97768,11.22088,2127.72,0.69328,0.886588,0.781964114,2.66992934,-9.260663476,5.218639866
12.28468,17.91581,5053.02,0.85526,0.359674,2.377875521,1.397779764,-8.267723542,5.748207629
5.04585,7.41509,992.679,0.57848,1.17259,0.493335266,4.092795761,-9.759799929,4.84515305
9.03702,15.01073,4125.11,0.80814,0.47512,1.700917663,1.96812742,-8.541840475,5.652633049
8.98259,14.84078,3375.05,0.7935,0.58447,1.357640255,1.729464171,-8.68070632,5.51389049
12.11977,17.3531,4364.93,0.8585,0.387987,2.212703003,1.389261204,-8.277673502,5.811827138
9.97441,14.52433,3861.24,0.806,0.489117,1.647867484,1.72140657,-8.568482809,5.564427646
10.29123,16.0053,2816.72,0.79628,0.654283,1.217026883,1.83587512,-8.669878626,5.626672221
7.4051,12.54269,3834.35,0.78096,0.571719,1.365985738,2.124105276,-8.735623328,5.543937567
8.72681,15.62513,3969.54,0.80774,0.493705,1.636078225,1.737354397,-8.598960762,5.621799948
4.47659,9.20248,1936.39,0.6551,0.882922,0.741968147,3.317299145,-9.376220151,5.03336133
24.78918,26.24916,5685.96,0.90082,0.221508,4.066760568,1.006979114,-7.825840259,5.875746729
10.04302,30.79573,4415.13,0.85654,0.368118,2.326808252,1.512183848,-8.240848708,5.844780932
19.65457,21.0287,4016.72,0.85226,0.375696,2.268483029,1.323097534,-8.29750118,5.684200522
8.75797,15.87955,4310.96,0.81248,0.460944,1.762643618,2.06733607,-8.47926188,5.632663708
9.55054,14.46828,3315.58,0.79506,0.624384,1.273351015,2.033910931,-8.716062435,5.452046276
12.08478,16.76671,5402.75,0.86814,0.317502,2.734281989,1.305597738,-8.151022936,5.75101774
8.08957,13.82386,4238.67,0.80692,0.497173,1.623016535,1.747509214,-8.540948265,5.600739393
5.85034,11.48837,2454.74,0.69646,0.784359,0.887935244,3.121666618,-9.103862507,5.193680455
4.83697,10.1968,1369.99,0.63978,1.20128,0.532581913,3.260792668,-9.513992934,4.917266503
6.92839,14.42779,2003.32,0.74924,0.992153,0.755165786,2.031417833,-9.097462051,5.412918761
12.76055,18.57806,4081.94,0.841,0.427802,1.965862712,1.517783798,-8.371431219,5.731496485
6.31406,9.22294,1916.07,0.68746,1.01094,0.680020575,3.049832397,-9.380116884,5.160598198
9.58698,15.43186,2950.41,0.80294,0.64475,1.245350911,1.727289524,-8.673066277,5.54936463
7.64779,12.30094,3535.58,0.75886,0.648843,1.169558738,2.418289077,-8.80531492,5.503935505
7.36323,12.49926,3353.03,0.74932,0.618148,1.212201609,2.372835654,-8.855575393,5.406608824
11.90449,18.63245,5837.3,0.86136,0.313985,2.743315763,1.40838608,-8.178214077,5.715186926
7.17554,12.01787,2655.45,0.72526,0.745488,0.972866096,2.188706211,-9.017664522,5.337692503
8.43458,14.19378,4786.96,0.81554,0.432285,1.886579456,1.719853009,-8.4943997,5.611549057
6.97519,9.0561,1336.43,0.64568,1.05698,0.610872486,2.726210424,-9.436615015,5.409414639
4.38222,8.85082,1662.07,0.63978,1.00489,0.6366667,3.294488471,-9.436383179,4.978326185
4.86293,9.52793,1929.61,0.64872,0.928553,0.698635404,3.321657666,-9.335050729,5.177144657
4.73403,10.30484,2268.18,0.67554,0.865672,0.78036485,3.144116839,-9.214877976,5.104891029
8.272,14.11447,3599.05,0.77836,0.560609,1.388418666,1.865533297,-8.708861127,5.538303531
6.75103,11.57819,2646.22,0.7172,0.724506,0.989915888,2.571360635,-9.025207777,5.289774786
8.17207,11.58188,4528.35,0.78626,0.491437,1.599920234,2.245538375,-8.622368416,5.497728298
9.08296,15.28519,3531.39,0.8009,0.5502,1.45565249,1.722859497,-8.639181808,5.555174804
5.80755,7.91416,1443.41,0.60492,0.974705,0.620618546,3.945559807,-9.617724127,5.018097282
11.36314,17.76593,4835.65,0.8447,0.368079,2.294887782,1.676410382,-8.312994106,5.714295163
8.42885,12.93236,3869.8,0.78672,0.573525,1.371727475,2.130520423,-8.693283262,5.563814555
10.9562,15.76569,4794.79,0.82452,0.436333,1.88965767,1.747141615,-8.463486781,5.628152471
9.65233,17.19968,4766.37,0.83846,0.381212,2.199458569,1.604547201,-8.366696022,5.631343975
5.57485,11.25445,2308.4,0.7058,0.797575,0.884932451,2.734759432,-9.122161407,5.209059125
13.09109,18.24494,3376.47,0.83434,0.490155,1.702196244,1.30859566,-8.477747005,5.511765296
10.35787,15.74616,4892.05,0.84958,0.371807,2.285002703,1.441422075,-8.34359979,5.778831177
4.57558,7.98379,1203.28,0.59048,1.10036,0.536624377,3.779134076,-9.668227569,4.813207715
13.77978,18.5405,4839.71,0.86276,0.335106,2.574588339,1.397108621,-8.220237679,5.770502227
8.46343,15.10074,3175.41,0.78692,0.615331,1.27885642,1.683536596,-8.744142561,5.594049932
21.51312,21.78946,4027.38,0.8546,0.356546,2.396885675,1.586135644,-8.207295945,5.822251485
8.2616,13.06922,3503.91,0.78916,0.588456,1.341068831,1.782670152,-8.673302986,5.591486569
7.10831,10.99087,2754.16,0.73104,0.717528,1.018831321,2.552492426,-8.966312231,5.550180484
10.10286,14.32465,3801.18,0.81258,0.499791,1.625839601,1.599367102,-8.497351493,5.594169119
4.46361,10.19443,1377.79,0.61148,1.05536,0.579404184,3.199919683,-9.49940585,4.910321321
12.86617,18.77709,4018.08,0.83894,0.398958,2.102827867,1.807545263,-8.319139278,5.619523323
11.25465,15.32248,5097.21,0.85272,0.349077,2.44278483,1.502828631,-8.33287374,5.715924448
9.68832,12.61598,4556.82,0.8022,0.485452,1.652480575,1.969815024,-8.585808,5.6647576
3.82521,5.72116,114.467,0.51442,1.25596,0.409583108,5.433787063,-10.47643376,4.301430727
10.15209,16.1994,4840.6,0.83276,0.410755,2.027388589,1.612198731,-8.381465995,5.775687345
6.56873,12.02738,3472.65,0.74352,0.611629,1.215638892,2.301982943,-8.945434912,5.27711167
4.63631,10.54546,2023.95,0.67,0.859626,0.77940872,3.218013239,-9.388959534,5.093494541
4.91554,8.82458,1637.81,0.6469,1.01141,0.63960214,3.160316328,-9.438506251,4.756995927
11.91396,16.27129,4811.18,0.85252,0.3683,2.314743416,1.384505659,-8.290348569,5.731439506
5.54897,9.24323,1876.92,0.64546,0.907659,0.711126095,3.367827407,-9.40088072,5.083841672
4.07881,4.84068,86.0965,0.50836,1.28341,0.396101012,5.058217282,-10.2368867,4.319109455
4.95734,7.75901,1199.81,0.62918,1.34192,0.468865506,3.716962984,-9.613288891,5.031228804
6.99504,9.91902,3590.41,0.75622,0.632439,1.195720062,2.239701781,-8.771006423,5.488841319
8.49706,15.23854,4498.28,0.82404,0.456136,1.806566463,1.691444944,-8.478022404,5.560379937
11.21697,16.77427,4204.03,0.8178,0.407234,2.008182028,1.793437084,-8.469535024,5.66695752
4.51378,8.83058,921.764,0.6038,1.66693,0.362222769,3.489167136,-9.79581919,4.924212929
8.4987,12.6554,3926.82,0.77396,0.545246,1.419469377,2.243270574,-8.726571073,5.524779971
5.80379,9.96823,2509.4,0.7158,0.90224,0.793358752,2.401694305,-9.061333184,5.281188438
7.91254,15.05145,4206.4,0.8053,0.469542,1.715075542,1.902338595,-8.578142158,5.54796831
8.3765,11.92582,3851.45,0.78342,0.568241,1.378675597,2.24171564,-8.681524742,5.515120411
7.09201,10.84237,3130.82,0.74252,0.678337,1.094618162,2.578507109,-8.826268534,5.462411628
12.24382,19.2289,5608.54,0.88292,0.27271,3.23757838,1.146697284,-8.054607835,5.828900196
9.19041,15.87391,4222.78,0.8154,0.464571,1.755167671,1.789383662,-8.539986972,5.627656482
7.25044,12.37439,2756.69,0.72484,0.715898,1.012490606,2.613338272,-8.972359892,5.354188898
6.65759,10.49908,2717.49,0.7146,0.774294,0.922905253,2.631359014,-9.06505357,5.226042506
6.52813,11.76746,3505.77,0.7458,0.629347,1.185037825,2.679361557,-8.759704452,5.567991802
14.01668,20.33935,4587.31,0.81968,0.409365,2.002320667,1.76939461,-8.455703002,5.633099941
7.3518,11.48716,3227.54,0.74644,0.626343,1.191743182,2.3509959,-8.838669348,5.429426445
11.11929,20.16092,5712.54,0.8769,0.279925,3.13262481,1.248116022,-8.070269144,5.796222732
10.3572,16.45254,5162.75,0.84572,0.375676,2.251195179,1.540879205,-8.296095399,5.763036809
20.14515,21.81078,3945.13,0.86154,0.378277,2.27753736,1.432313573,-8.289559238,5.824269919
8.86329,13.61853,4055.48,0.80578,0.523739,1.538514413,1.730555215,-8.608335702,5.59919336
7.55571,14.09903,3120.8,0.75112,0.637571,1.178096243,2.190641066,-8.902090355,5.395655893
10.18495,14.50757,3062.82,0.8012,0.634741,1.262247121,1.747172223,-8.72991608,5.708744517
7.49574,12.57405,2616.85,0.73358,0.744586,0.985218632,2.361838423,-9.085262585,5.223321471
10.87209,17.48282,5136.3,0.84514,0.366553,2.305642022,1.514039325,-8.322006107,5.768600217
4.97785,10.44989,1306.93,0.63616,1.17117,0.543183312,3.18664863,-9.690282265,4.888931903
9.26744,14.78164,4070.56,0.79278,0.486028,1.631140593,2.03573452,-8.618093758,5.55021616
7.16391,31.7459,2795.16,0.79844,0.572527,1.394589251,1.527697713,-8.772881962,5.349179043
8.6827,32.65317,3821.61,0.83274,0.428319,1.944205137,1.591582098,-8.518379938,5.60929065
5.35094,9.9643,2231.94,0.68228,0.841668,0.810628419,2.961205429,-9.214847909,5.19428996
9.29516,15.84483,4275.09,0.81964,0.455137,1.800864355,1.607439612,-8.526896742,5.614419114
7.02587,10.90104,2494.49,0.7548,0.894025,0.844271693,2.19242581,-9.000023078,5.356797413
7.2781,9.81136,2235.58,0.6837,0.868703,0.787035385,3.00190825,-9.097259758,5.347938141
4.67787,9.2327,1615.28,0.62724,0.957364,0.655173999,3.671095295,-9.596185282,4.979461326
4.98843,8.98513,1637.53,0.64432,1.08222,0.595368779,3.007721334,-9.365587195,5.024542865
11.37777,32.88181,4226.87,0.86428,0.365414,2.365207682,1.452942719,-8.184965883,5.763336489
6.1297,11.62544,3073.58,0.74712,0.682565,1.094577073,2.360964901,-8.892979907,5.438310384
21.12394,22.78513,5164.74,0.88344,0.281598,3.137238191,1.158357619,-8.069355455,5.862701277
8.17918,12.64057,3188.26,0.78208,0.612423,1.277025847,1.88731528,-8.719630904,5.543069776
4.92442,8.0285,1089.31,0.59492,1.12754,0.527626514,3.90981334,-9.900674484,4.632736535
8.6918,15.32994,3810.93,0.80178,0.524296,1.529250652,1.959805245,-8.596879677,5.649339539
6.0607,9.54835,1627.71,0.67204,1.12199,0.59897147,2.791153198,-9.407154453,5.072766147
11.4227,21.22294,5266.95,0.87876,0.309821,2.836347439,1.162489875,-8.131954533,5.839160387
8.69877,15.29614,4036.57,0.7911,0.506466,1.562000213,1.962748642,-8.668558254,5.533812033
6.49372,12.18621,3198.25,0.73794,0.637874,1.156874242,2.292370835,-8.93251382,5.403402938
6.54223,13.78177,1380.02,0.7033,1.28429,0.54761775,2.210556398,-9.386697998,5.178060026
8.21524,14.56083,3596.15,0.77812,0.581644,1.337794252,2.2871823,-8.696443593,5.495552361
9.04538,17.4711,4389.36,0.82252,0.422425,1.947138545,1.883598654,-8.427511297,5.654036115
5.0137,9.18459,2010.84,0.65806,0.882569,0.745618756,3.311202275,-9.249163784,5.023970098
10.81342,16.73037,5151.66,0.84682,0.362699,2.334773462,1.560201689,-8.300445846,5.806004182
5.38233,8.44615,1093.28,0.6106,1.37992,0.44248942,3.536248737,-9.784112734,4.81691878
10.52183,32.67163,4599.44,0.85554,0.352611,2.426299803,1.716774234,-8.220802618,5.869885999
5.76764,11.27121,2853.46,0.71848,0.742717,0.967367113,3.047375608,-8.983017235,5.382449938
11.71453,20.10769,5688.29,0.87124,0.300654,2.897816094,1.28899671,-8.120586237,5.774504011
4.33752,7.76001,1449.58,0.60998,1.09117,0.559014636,3.615936409,-9.533270534,4.978227314
7.50721,11.17995,2659.73,0.74252,0.776984,0.955643874,2.414924577,-8.925709628,5.378517406
8.85807,15.50107,4226.92,0.81766,0.473096,1.728317297,1.879072674,-8.487029444,5.65796221
7.72252,12.88861,3897.39,0.77622,0.533833,1.454050237,2.140598937,-8.741086955,5.488363824
8.67204,16.1111,4012.37,0.8057,0.476295,1.691598694,2.098831626,-8.550884642,5.663066753
11.53735,15.60855,5015.94,0.8478,0.36826,2.302177809,1.423364238,-8.276858118,5.812475888
10.38272,12.9793,4180.15,0.80426,0.505392,1.591358787,1.958696777,-8.543155761,5.605180024
13.58573,17.14941,5799.89,0.8834,0.268111,3.294903976,1.209655911,-8.01793265,5.901431152
10.98013,18.61783,5738.87,0.87258,0.3082,2.831213498,1.263186823,-8.149049342,5.832630248
5.89974,10.7427,2450.29,0.6826,0.762903,0.894740223,2.896149268,-9.186202979,5.182119452
5.20629,9.30375,2042.75,0.6664,0.879784,0.757458649,2.971157337,-9.334228374,5.06659745
9.28681,17.04617,4052.04,0.82246,0.458803,1.792621234,1.713742172,-8.46072977,5.676255993
8.4849,13.11198,3970.33,0.79196,0.519828,1.523503928,1.965635958,-8.596808456,5.570401282
8.74535,14.23224,4511.06,0.82438,0.454083,1.815483072,1.662884049,-8.521803762,5.633197866
20.52132,21.92289,3867.37,0.86054,0.379689,2.266433845,1.213294054,-8.233660555,5.853648068
6.22727,11.19089,2037.28,0.70228,0.964836,0.727874996,2.864458936,-9.220693617,5.307152546
9.81513,13.09645,3651.32,0.80808,0.516398,1.564839523,1.933300405,-8.525177476,5.728305206
10.17332,15.50706,4587.9,0.83238,0.423962,1.963336337,1.738364161,-8.415048164,5.682964858
13.80255,21.94018,6094.97,0.89288,0.247262,3.611068421,1.069802131,-7.926644707,5.964260971
10.05184,14.97748,3973.92,0.80794,0.467357,1.728742696,2.108114437,-8.472404421,5.708152148
5.90786,9.93585,2800.67,0.70888,0.785471,0.902490353,2.908113326,-9.018141198,5.325489738
5.88719,10.335,1494.79,0.68402,1.31798,0.518991183,2.480574844,-9.390945761,5.215860623
13.04549,15.37767,4443.41,0.85924,0.393385,2.184221564,1.429165049,-8.292287951,5.895081115
13.52299,18.70156,3975.57,0.85086,0.409093,2.07986937,1.556599302,-8.319690406,5.856944493
7.85752,12.67085,3740.35,0.76518,0.569165,1.344390467,2.577040317,-8.673692181,5.552457233
10.19798,16.79743,4916.56,0.85346,0.379541,2.248663517,1.371011214,-8.296508712,5.774084069
10.73919,14.51674,4752.09,0.82858,0.423352,1.957189289,1.69263656,-8.452773039,5.697772222
8.44149,12.84097,3861.32,0.7796,0.551025,1.414817839,2.06912025,-8.687834296,5.566903158
8.56261,14.93134,3201.79,0.8028,0.64802,1.238850653,1.766231203,-8.706892581,5.50182929
8.91962,16.77445,4121.46,0.80946,0.474597,1.70557336,1.657024843,-8.556913278,5.53488829
7.95789,14.61949,3304.16,0.7785,0.623488,1.248620663,1.887462392,-8.77352683,5.458868191
7.82095,10.9703,3225.81,0.77218,0.666639,1.15831807,1.799955629,-8.755750008,5.588873648
14.0249,21.29097,5933.53,0.89946,0.232144,3.874577848,0.997219696,-7.883444979,6.044102291
7.20077,12.28034,3256.24,0.75488,0.618673,1.220159923,2.366682549,-8.782063655,5.462777924
14.28029,21.10184,6069.25,0.90128,0.226907,3.972023781,0.973771019,-7.858968986,5.98593095
13.55408,20.16749,5871.46,0.8863,0.258766,3.425102216,1.205463252,-7.976834763,5.888533903
8.32952,15.21287,3366.73,0.78076,0.632151,1.235084655,2.24051182,-8.730192147,5.534728803
9.3704,14.25028,3905.45,0.80276,0.513642,1.562878425,1.667132134,-8.608415714,5.580058837
6.32935,9.56255,2860.71,0.71666,0.78851,0.908878771,2.591015735,-9.028982213,5.326937297
7.04283,12.73459,1911.17,0.7074,0.987994,0.715996251,2.264369276,-9.196719295,5.210299516
23.91753,24.07387,5678.48,0.90668,0.234192,3.871524219,0.927929626,-7.871326404,6.047037265
3.8939,8.41635,858.22,0.58998,1.47204,0.400790739,3.555389024,-10.0977386,4.602278776
12.11089,14.34112,2753.49,0.76352,0.666777,1.145090488,1.765157669,-8.836603039,5.439726069
5.02569,10.59991,1407.93,0.6656,1.21205,0.549152263,3.002155532,-9.482707786,5.101826935
10.17317,15.76802,4426.43,0.83422,0.425117,1.96233037,1.500501204,-8.402244804,5.660195568
10.815,11.87043,3764.22,0.77696,0.561604,1.38346593,2.234641497,-8.613373485,5.553933883
11.10684,17.86899,5218.62,0.84934,0.356514,2.382346836,1.563707253,-8.268764728,5.751194432
5.33988,10.25014,1306.47,0.65172,1.26614,0.514729809,3.028526245,-9.674344406,4.754014448
9.29723,15.54653,4293.06,0.80218,0.46071,1.741182089,2.057660579,-8.529911546,5.614446479
4.75594,10.48131,1703.47,0.666,0.98536,0.675895104,3.071212851,-9.494905505,5.064543564
7.50087,11.25014,3304.11,0.75006,0.653035,1.148575497,2.448234984,-8.919179121,5.367133871
7.92788,14.20415,3824.04,0.7923,0.524569,1.51038281,2.003394492,-8.661566404,5.670647477
11.11474,19.04992,3274.68,0.83008,0.545842,1.520733106,1.504064168,-8.545005865,5.709246823
14.60761,16.18963,3591.01,0.82348,0.514844,1.599474792,1.385276868,-8.508664988,5.655167035
4.82481,8.16413,1651.96,0.62598,1.0028,0.62423215,3.539567403,-9.499904995,4.923953108
10.86159,15.5628,4586.46,0.83242,0.415864,2.001664006,1.655601633,-8.398099145,5.791774368
8.80005,32.30395,4338.07,0.84962,0.363911,2.334691724,1.486263599,-8.394345508,5.788084442
8.38768,14.42324,3938.83,0.8048,0.530317,1.51758288,1.93373243,-8.598715668,5.46768019
8.31551,16.88512,4857.35,0.82438,0.429512,1.91934102,1.643641536,-8.436128979,5.732157279
11.06218,20.08481,5310.29,0.87048,0.335392,2.595410743,1.213892298,-8.184776925,5.825860819
8.38078,14.25556,3960.38,0.7824,0.514637,1.520294887,2.30225642,-8.605378934,5.57946222
4.84607,10.11921,1768.86,0.6745,0.972141,0.693829393,3.061416269,-9.366119829,5.134887367
9.92843,16.71776,4694.49,0.83336,0.398283,2.092381548,1.719893851,-8.36687374,5.701897213
8.33442,12.23653,3500.36,0.78174,0.594961,1.313934863,1.846322374,-8.706243713,5.491789956
12.29498,20.38288,5594.09,0.88416,0.283169,3.122375684,1.141065625,-8.073967523,5.864151437
9.34947,14.72014,4459.69,0.8207,0.440922,1.861326947,1.967439879,-8.453936532,5.733056458
6.88737,13.38214,2728.15,0.73118,0.745204,0.981180992,2.09889036,-8.993771388,5.325887096
7.97845,12.53968,3254.92,0.76098,0.643262,1.183001639,2.374853398,-8.777338838,5.436235553
6.25166,11.52183,2584.17,0.72378,0.78181,0.925774805,2.57167115,-9.020673212,5.35065983
5.48438,10.2593,1891.65,0.6621,0.909185,0.728234628,2.831783192,-9.399553125,5.033534091
8.80224,16.41677,4143.3,0.80464,0.487581,1.650269391,2.097341759,-8.572627017,5.638615822
6.86543,11.00102,3186.24,0.75728,0.666479,1.136239852,2.31822585,-8.814624512,5.554248677
6.39786,14.20954,1908.64,0.7267,1.02944,0.705917781,2.174383071,-9.168751764,5.29526414
5.60073,9.66713,2133.66,0.66558,0.88785,0.749653658,3.378948625,-9.207397646,5.244360755
10.04056,15.99429,4928.41,0.8393,0.374483,2.241223233,1.613656643,-8.340138353,5.704589927
8.61131,14.85151,3337.86,0.79268,0.603813,1.312790549,1.621646666,-8.685287241,5.575248888
13.71015,19.01165,5935.71,0.90156,0.254364,3.544369486,0.933935698,-7.936598465,5.940730276
6.89552,12.56335,3042.61,0.73608,0.713943,1.031006677,2.654496839,-8.888963013,5.592479786
6.40768,12.72855,3518.59,0.73596,0.596769,1.233241003,2.535991161,-8.914019614,5.400853547
6.16291,10.27528,1885.79,0.70638,1.06437,0.663660193,2.517290078,-9.251995913,5.366721304
13.44275,20.92627,5930.11,0.88838,0.254047,3.496911989,1.094748038,-7.966662698,5.955460941
11.40217,13.15346,2107.71,0.70832,0.813473,0.870735722,2.090895311,-9.110480617,5.329835761
6.98834,11.83729,2711.41,0.7175,0.710151,1.010348503,2.769622991,-8.974533723,5.186602543
5.8194,8.33618,2762.38,0.68326,0.768602,0.88896464,3.263668173,-9.140262278,5.177848215
15.05112,23.07949,6881.09,0.91046,0.20301,4.484803704,0.919935141,-7.76540616,6.030171446
21.87267,23.61427,5727.07,0.89608,0.244739,3.661369867,1.049298179,-7.895240787,6.029419298
10.06116,17.06582,4651.45,0.81988,0.425534,1.926708559,1.788295926,-8.465724465,5.652643573
4.97266,8.0774,1835.36,0.64954,0.965073,0.673047531,3.39543961,-9.382846602,5.037200431
5.37053,11.40329,1624.52,0.6733,1.08062,0.623068239,3.023384802,-9.368975954,5.15569211
6.18448,12.91017,2859.93,0.7535,0.733073,1.027864892,2.258318724,-8.940749559,5.555459842
8.25335,13.15118,4248.44,0.7943,0.495562,1.60282669,2.10374618,-8.58706825,5.670060342
8.23222,15.505,3929.51,0.80336,0.523492,1.53461753,2.029925581,-8.563150249,5.687259505
12.67078,19.37922,5890.8,0.8917,0.263172,3.388278388,1.083686045,-7.996786106,5.928173625
11.10363,19.08269,3268.42,0.8294,0.547907,1.513760547,1.505199265,-8.549201512,5.694438314
6.84406,12.83993,3112.25,0.73902,0.658791,1.121782174,2.439006592,-8.939840695,5.456528105
10.40477,14.20525,4812.72,0.84996,0.402139,2.113597537,1.462636397,-8.361326364,5.784257812
11.02209,17.69786,5306.62,0.85658,0.340788,2.513527472,1.412738469,-8.247566883,5.790991947
8.64703,12.02511,3440.64,0.74956,0.6264,1.196615581,2.53596226,-8.863991942,5.408196011
8.78851,15.83247,4185.22,0.81928,0.487408,1.680891573,1.745176275,-8.52122528,5.644379991
8.41996,11.62058,4705.7,0.79994,0.471628,1.696124912,2.041034242,-8.606366769,5.528433094
9.46809,16.02848,4520.49,0.82522,0.424369,1.944581249,1.727995533,-8.432905521,5.723135676
8.20008,16.2714,4434.7,0.81142,0.456286,1.778314478,1.814941216,-8.532873009,5.594334172
10.5171,15.00469,4653.45,0.82886,0.408533,2.028869149,1.652659502,-8.414861844,5.708521516
8.7617,13.61712,4198.97,0.79584,0.51445,1.546972495,1.896780159,-8.623475534,5.560559219
5.09726,9.66544,2137.46,0.67,0.885843,0.756341699,3.289799871,-9.191941598,5.355211794
6.94584,13.21867,2350.27,0.72736,0.838888,0.867052574,2.184007065,-9.022146412,5.318647247
4.39437,7.67858,1401.76,0.59106,1.06511,0.554928599,3.974418183,-9.704186208,4.78462201
5.79395,12.04338,2749.77,0.71214,0.727703,0.978613528,2.688509122,-9.083671402,5.240895734
6.36095,9.32958,2368.3,0.71046,0.86348,0.822786862,2.654883448,-9.193307464,5.218290089
6.77458,14.17477,1802.65,0.72934,1.02997,0.708117712,2.043888661,-9.184819962,5.266938282
11.18822,16.84515,4437.15,0.83268,0.410789,2.02702604,1.561594288,-8.406796851,5.719531387
9.20703,12.03844,4283.82,0.79356,0.498756,1.591078604,2.095353763,-8.585657056,5.639093673
5.19461,8.09065,2443.16,0.6878,0.866936,0.79336883,3.018905045,-9.22846146,5.186742156
5.96809,9.84297,1498.63,0.66722,1.19565,0.55803956,2.914748421,-9.434746772,5.197120969
5.73613,9.70293,2376.29,0.67772,0.803857,0.843085275,3.218631293,-9.16383811,5.146793531
5.81246,9.04882,2500.37,0.6802,0.827877,0.821619637,3.244431206,-9.218931259,5.278559437
12.75708,20.52059,5886.82,0.8914,0.265625,3.355858824,1.076857769,-8.036064302,5.85430828
7.1823,11.27374,2944.54,0.739,0.727259,1.01614418,2.462712605,-8.899534949,5.477993152
5.71494,10.3068,2669.09,0.69706,0.780033,0.893628859,2.929073564,-9.104649229,5.23231468
4.11357,10.20828,1230.05,0.6354,1.24777,0.509228464,3.347793455,-9.625811191,4.882169343
8.49163,15.29386,4075.45,0.81332,0.480167,1.693827356,1.911833252,-8.52397976,5.643025206
4.49362,9.13292,1671.45,0.64378,0.95444,0.674510708,3.379323086,-9.524842542,5.161082896
10.60053,17.07601,4847.04,0.84066,0.389427,2.158710105,1.596879447,-8.356834456,5.728731922
5.00836,10.8141,1972.13,0.67726,0.888708,0.762072582,2.858160473,-9.339347804,5.059345604
7.2696,11.53694,3538.96,0.7562,0.635195,1.190500555,2.409990959,-8.852321102,5.540523151
5.92826,9.77102,1223.1,0.64252,1.44826,0.443649621,3.011166141,-9.527751808,5.173606666
5.9936,10.75657,3036.76,0.73026,0.759203,0.961877126,2.737411893,-8.964670924,5.473304314
7.88458,12.64465,3795.75,0.78336,0.548177,1.429027486,2.064843228,-8.656024336,5.534366847
5.91478,10.77922,2430.74,0.7163,0.817805,0.87588117,2.53808994,-9.037869426,5.178799689
4.62612,8.28883,1487.32,0.62004,1.04903,0.591060313,3.289990146,-9.574865454,4.859602349
8.04346,14.97937,3613.27,0.78368,0.564971,1.387115445,1.892483748,-8.687212965,5.576687321
7.1508,12.79845,2085.48,0.74106,0.960072,0.771879609,1.965391613,-9.045142726,5.495078521
10.06842,17.20544,4783.33,0.85192,0.380179,2.240839184,1.455379939,-8.335048947,5.689942341
5.10881,11.32995,1270.35,0.65754,1.36461,0.481851958,2.724106938,-9.500891637,5.076267435
7.4385,15.18153,3566.27,0.77506,0.553748,1.39966194,1.898749128,-8.780886338,5.434024971
15.8965,17.81691,4204.67,0.82752,0.413508,2.00121884,1.627603977,-8.45381631,5.610837356
8.50607,15.29989,3254.08,0.78706,0.624864,1.259570082,1.652621421,-8.794870086,5.483397892
14.49598,22.31237,6251.59,0.89158,0.249248,3.577079856,1.108229266,-7.963241878,5.850530402
5.07079,7.74357,1342.68,0.61204,0.996853,0.61397217,3.911332291,-9.684884625,4.740700291
13.13884,17.91679,4388.99,0.85464,0.406117,2.104418185,1.373273553,-8.347029782,5.770148605
11.40691,19.74992,5453.1,0.86098,0.32079,2.683936532,1.433335384,-8.21999776,5.664169105
5.63343,9.08382,1165.15,0.63912,1.46794,0.435385642,3.060854625,-9.59843117,5.010639857
4.22911,7.95434,1422.46,0.62202,1.04929,0.592800846,3.601264545,-9.546430815,4.966200269
14.6582,20.971,5987.54,0.89326,0.245207,3.642881321,1.051682624,-7.96454789,5.947650358
15.52227,24.25419,6278.98,0.91262,0.196724,4.639088266,0.859183272,-7.710064905,6.009236795
6.1889,12.01675,1629.47,0.69642,1.20208,0.579345801,2.530955273,-9.270530972,5.344879071
8.87065,14.19466,3097.84,0.76806,0.637189,1.20538804,1.906695334,-8.809127921,5.62281161
7.35505,13.61157,2911.95,0.75478,0.696536,1.083619511,1.830630783,-8.858035121,5.429542412
9.637,14.13205,4530.05,0.81446,0.440729,1.847983682,1.730337283,-8.507161434,5.610007578
12.41399,18.14251,3565.1,0.84846,0.465433,1.822947664,1.371453054,-8.386810818,5.751105317
12.02399,16.63934,4600.48,0.85096,0.389292,2.185916998,1.446709269,-8.370646918,5.75549545
9.33759,15.98416,4573.72,0.81158,0.426851,1.901319196,1.82382606,-8.508081055,5.618549022
8.40924,12.46669,4261.21,0.79256,0.531882,1.490104948,1.9809851,-8.618076541,5.663764742
5.2292,10.39664,1738,0.68306,1.0692,0.638851478,2.874609899,-9.300334769,5.309519632
7.84569,11.96492,3998.57,0.78028,0.553224,1.410423264,2.286189979,-8.677720639,5.515175782
6.17576,8.45238,2408.53,0.69258,0.855632,0.809436767,2.845399937,-9.192956062,5.090382136
5.39776,10.50912,2864.02,0.70002,0.764415,0.91575911,3.074936487,-9.048586709,5.370738353
4.55289,9.62457,1211.73,0.61472,1.15949,0.530164124,3.448962967,-9.924928038,4.645575912
8.03831,10.38134,2620.78,0.6973,0.768262,0.907633073,3.016175268,-9.072027059,5.254761287
8.36289,13.21859,3847.43,0.80056,0.555048,1.442325709,1.754166263,-8.619462102,5.759718768
18.77218,20.79993,5906.83,0.89306,0.266968,3.34519493,1.077310551,-7.999216787,5.968000779
30.99005,31.36351,6314.26,0.93196,0.156264,5.964009625,0.689151921,-7.518450012,6.111253376
8.17071,16.85434,4181.6,0.8183,0.448882,1.822973521,1.911708157,-8.47120134,5.632077799
7.00865,14.13443,3646.82,0.77028,0.566758,1.359098592,2.158251334,-8.769577786,5.54021744
11.11929,20.16092,5712.54,0.8769,0.279925,3.13262481,1.244444827,-8.070505639,5.868106242
5.08641,9.90533,1587.42,0.64998,1.03527,0.627836217,3.059539445,-9.432092774,5.128889805
5.22002,8.19768,1676.92,0.61562,0.952569,0.646273393,3.767218384,-9.455748618,5.101121306
5.33137,9.42428,2244.08,0.6717,0.872661,0.7697147,3.243732273,-9.299941882,5.051231294
3.9367,8.17937,813.479,0.57986,1.59827,0.362804783,3.785943532,-9.988014319,4.64465327
8.80661,16.3159,3953.13,0.80416,0.492646,1.632328284,1.919138837,-8.586340859,5.679372625
9.655,16.44859,4398.56,0.81982,0.426012,1.924405885,1.79985676,-8.429510982,5.669149199
8.53186,8.97102,2862.83,0.7192,0.756125,0.951165482,2.72529306,-8.849409249,5.500249633
9.44881,15.74166,4540.69,0.83514,0.415652,2.009228874,1.570832299,-8.403967643,5.741574758
8.1461,13.39804,2789.03,0.75382,0.709531,1.062420106,1.885682236,-8.901244439,5.336084801
5.82473,9.75436,1945.99,0.65932,0.886574,0.743671707,2.922199,-9.237664047,5.16576713
8.34623,15.09613,4198.41,0.79876,0.494395,1.615631226,1.979191587,-8.536835239,5.583247166
13.51217,18.42751,5386.66,0.8722,0.302102,2.887104355,1.328833185,-8.142961696,5.851983853
8.29216,15.76277,3582.05,0.77692,0.560896,1.385140917,1.835262777,-8.708123894,5.49945729
7.5363,10.16803,3252.49,0.72872,0.674016,1.081161278,2.66357432,-8.933318352,5.390243173
10.28887,17.972,5038.2,0.85556,0.363756,2.352016187,1.392376069,-8.313409414,5.74231678
6.23677,10.63378,2665.68,0.71734,0.754423,0.950845878,2.676630207,-9.074286813,5.307303935
7.07119,13.16539,3076.9,0.72906,0.653856,1.11501615,2.470429533,-9.016496454,5.347695172
4.65431,9.24403,1096.94,0.61304,1.3663,0.448686233,3.097039272,-9.724223261,5.01604751
5.60661,9.22564,1520.94,0.6521,1.1225,0.580935412,3.027805393,-9.505007854,5.043096358
4.30542,9.2344,1491.92,0.62372,1.04197,0.598596889,3.46149483,-9.52056715,5.162669137
11.0682,16.92314,4436.75,0.83888,0.407004,2.061109965,1.563435286,-8.360931196,5.78867919
6.13573,9.44714,2090.39,0.70466,0.942643,0.747536448,2.479125454,-9.254854286,5.187948237
8.74071,15.3753,3325.38,0.78776,0.586431,1.343312342,1.739661258,-8.719746595,5.592839233
5.29389,9.40731,1714.93,0.6384,0.945834,0.674959877,2.866293901,-9.546305175,4.73850167
5.68104,10.27927,2883.08,0.715,0.740118,0.966062168,2.643225313,-8.998855463,5.391698203
9.06688,15.40368,3648.49,0.77908,0.563106,1.383540577,1.877773394,-8.717552502,5.601139059
18.97336,21.70165,6105.95,0.8969,0.240609,3.727624486,1.061060863,-7.90264114,6.001854786
4.36882,10.65557,1416.72,0.66072,1.1109,0.594761005,3.011634022,-9.686734687,4.861404693
8.68596,14.91592,3467.42,0.8036,0.59165,1.358235443,1.919928024,-8.687096881,5.545546628
14.67225,22.89475,5985.42,0.89862,0.226442,3.968433418,1.015384838,-7.845507357,5.972622957
13.05329,20.05576,5714.97,0.87688,0.285235,3.074237033,1.257759237,-8.100881998,5.83178059
9.53667,15.96284,4135.82,0.8115,0.474111,1.711624493,1.924665265,-8.536298304,5.610329871
8.00634,12.28376,3446.92,0.75242,0.627354,1.19935475,2.429617287,-8.850377314,5.241010317
8.50748,14.86184,3314.84,0.8033,0.583699,1.376223019,1.569922788,-8.631350538,5.575125929
12.30826,20.87794,5671.39,0.88052,0.277594,3.171970576,1.180370099,-8.044066515,5.824918252
23.6919,24.61896,5714.66,0.90714,0.231937,3.911148286,0.923967522,-7.878365266,5.927908279
8.55493,15.02847,4076.81,0.80656,0.490588,1.644067935,1.814042375,-8.604730113,5.607862391
9.05593,11.99176,4453.16,0.80138,0.533447,1.502267329,2.081762636,-8.602302363,5.615215859
4.2586,7.01825,1158.22,0.6074,1.13011,0.537469804,3.624991848,-9.589266026,4.886198514
11.58989,19.21566,5392.13,0.8621,0.312384,2.759744417,1.382371347,-8.189725873,5.707417668
11.99233,20.56378,5878.55,0.88,0.278221,3.162953192,1.194577654,-8.06329263,5.907190127
8.15438,15.56367,4122.85,0.7969,0.485438,1.641610257,1.922067628,-8.615303058,5.574562909
7.18672,13.92209,1905.04,0.74048,0.981924,0.754111316,1.967090395,-9.126090077,5.272552007
10.45217,17.19947,4857.03,0.83772,0.389841,2.14887608,1.567352198,-8.35120959,5.71387554
6.55309,9.8834,2377.86,0.68074,0.816665,0.833560885,3.016134074,-9.235751258,5.148919064
4.24007,7.29746,1201.98,0.58758,1.10759,0.530503165,4.115174711,-9.773787444,4.695454604
17.33022,19.04114,3237.79,0.81136,0.498383,1.627984903,1.359551242,-8.558466307,5.643501224
6.44346,10.02695,2953.81,0.71552,0.730688,0.979241482,2.718196998,-9.013875779,5.29358737
9.32387,16.13691,4017.76,0.81904,0.493434,1.659877511,1.710604366,-8.492980576,5.620984554
12.0509,32.87743,4760.04,0.865,0.327817,2.638667305,1.515033988,-8.125830455,5.804524429
9.66184,13.61378,4889.42,0.8232,0.437311,1.882413203,1.753364495,-8.485990258,5.662897686
6.10974,10.12495,2624.11,0.69624,0.776118,0.897080083,2.906183277,-9.089660252,5.258682212
4.09567,8.16224,578.387,0.56114,1.20984,0.463813397,4.004855685,-10.08073834,4.585534316
6.63467,11.20633,3150.91,0.7368,0.654134,1.126374718,2.525615042,-8.935074003,5.249297462
4.71896,10.10497,1901.56,0.65814,0.958829,0.686399765,3.176862236,-9.34118571,5.032798403
5.56875,8.59092,1820.05,0.64714,0.999997,0.647141941,3.158639221,-9.286657804,5.255091045
9.13449,15.14106,3853.75,0.8195,0.507634,1.614352073,1.514177655,-8.565411432,5.592777642
8.51303,14.82756,3723.39,0.78552,0.5378,1.46061733,2.055962727,-8.65321136,5.521636934
8.44499,15.23835,4044.42,0.81326,0.497764,1.633826472,1.678289111,-8.521428154,5.647662187
5.4323,9.16694,1468.45,0.6261,1.07133,0.584413766,3.344304086,-9.559956719,5.001889031
8.64771,15.64821,4032.14,0.82136,0.486759,1.687405883,1.903275609,-8.511979291,5.678898165
9.94722,15.84076,4500.79,0.83676,0.426531,1.961780035,1.640816071,-8.378764102,5.787482769
5.4761,10.04076,1930.99,0.65818,0.953745,0.690100603,3.279456287,-9.312221008,5.144517578
7.99613,12.36709,3546.76,0.76432,0.605467,1.262364423,2.264736966,-8.799694186,5.563040698
7.21943,14.4267,1832.29,0.7336,1.05304,0.6966497,2.056523674,-9.157711282,5.336239508
11.61607,18.9689,5016.83,0.8502,0.357812,2.376108124,1.418079474,-8.272924273,5.698109153
7.98697,14.41313,2461.85,0.75056,0.801623,0.93630048,2.406658326,-8.872502143,5.561035167
6.61211,9.67481,2783.32,0.7229,0.77821,0.928926639,2.497387915,-9.073765855,5.297822485
6.43402,10.40519,2246.32,0.68306,0.824478,0.828475714,2.463248628,-9.210399064,5.023354978
9.80052,16.20056,4341.44,0.81906,0.450756,1.817080638,1.796733325,-8.460424665,5.605088813
9.26225,14.84396,4199.21,0.81496,0.488014,1.669952092,1.987432156,-8.540881342,5.68985062
9.18536,16.94498,4999.53,0.83952,0.402224,2.087195195,1.474132989,-8.342278082,5.799648062
15.25605,46.60226,5994.94,0.91708,0.189693,4.834548455,0.897868013,-7.710243979,6.043882054
11.32268,18.62739,4708.49,0.85558,0.366077,2.337158576,1.308982702,-8.240758888,5.851165607
9.72367,16.94099,4844.07,0.8362,0.384655,2.173896089,1.608069467,-8.37164359,5.6230853
7.51366,12.46837,3496.58,0.75614,0.612808,1.233893813,2.384184567,-8.799025331,5.382828372
11.28046,18.56743,4923.05,0.8507,0.350176,2.429349813,1.446161191,-8.245990589,5.752626357
7.02636,9.31768,943.831,0.54152,1.11445,0.485907847,3.965881037,-8.868367466,5.623400759
3.8442,4.49857,246.233,0.4563,1.5866,0.287596117,6.858417769,-9.378979725,4.97455711
4.58071,5.07924,782.685,0.53294,1.37299,0.388160147,5.472605796,-9.15612162,5.415062925
5.92782,9.02838,1322.94,0.63332,1.15645,0.547641489,3.021172721,-9.588658439,4.825278932
4.14383,5.43686,1063.67,0.5272,1.07065,0.492411152,5.55166789,-9.445410287,5.17451747
5.41814,6.73498,1137.36,0.53754,1.052,0.510969582,5.147504437,-9.016893768,5.309013376
5.9406,11.23796,3836.12,0.746,0.599562,1.24424163,2.854679303,-8.856746155,5.258136217
4.42032,5.45833,998.673,0.53636,1.21453,0.441619392,5.041738836,-8.85293155,5.819828769
4.69467,5.87443,1946.76,0.61004,1.07984,0.564935546,3.743057115,-9.032045694,5.467073025
3.99236,4.43033,247.782,0.55642,1.33979,0.415303891,5.879381385,-10.16803937,4.518474358
3.88819,5.32446,319.444,0.47876,2.34041,0.204562448,4.00767192,-10.15070825,4.829285705
6.67891,10.60386,2527.23,0.72914,0.768186,0.949171164,3.664515042,-8.894600883,5.445461933
4.44571,5.35231,2040.14,0.6374,0.961151,0.663163228,5.115667443,-8.946161799,5.557671008
7.63034,8.63632,2730.61,0.6691,0.777557,0.860515692,4.062084367,-8.848035656,5.501054214
8.47192,9.44546,2706.32,0.68758,0.754531,0.911268059,3.813982874,-8.850971785,5.5059999
7.4101,12.83987,4467.32,0.80556,0.522471,1.541827202,2.40940515,-8.586440634,5.761406263
5.74363,9.28847,1457.41,0.58692,0.92545,0.634199579,4.646328945,-8.86520483,5.374237882
5.94989,9.17575,1464.9,0.58758,0.929043,0.632457271,4.663227166,-8.881426905,5.612408658
5.87566,9.14672,1476.64,0.5921,0.925299,0.639901264,4.660930122,-8.834322199,5.611040197
8.17399,9.60031,4733.42,0.77984,0.525842,1.483031025,2.673842449,-8.627595325,5.521439227
6.89092,13.27896,2039.84,0.72896,0.883073,0.825481019,3.240855229,-9.036921462,5.401006207
6.64307,13.18363,2173.22,0.72136,0.881735,0.818114286,3.253090961,-9.050194787,5.339128145
4.27188,5.51513,796.329,0.5199,1.06812,0.486743063,6.103701633,-9.200451533,5.141101617
5.65011,7.39529,2830.42,0.69384,0.784783,0.884117011,3.656676412,-8.986047763,5.383600491
4.66315,5.64071,1053.73,0.5456,1.16869,0.466847496,4.606799436,-9.624511218,4.959241375
6.07292,8.33531,1887.56,0.62626,0.867063,0.722277389,4.035748689,-9.251425498,5.15237983
8.59079,19.43102,4036.3,0.8236,0.448746,1.835336694,1.918398609,-8.444238554,5.607774597
5.15214,5.93254,1685.67,0.63358,1.0803,0.586485236,4.318861519,-9.151295412,5.317611039
3.98335,5.63742,447.081,0.4978,1.20442,0.413310971,6.173193147,-9.695737914,5.11374107
5.1054,5.28515,799.331,0.57306,1.34186,0.427063926,5.52594018,-9.09251541,5.564167065
6.18035,6.5178,4786.42,0.71052,0.652513,1.088897846,3.942406437,-8.497613792,5.684733354
4.7152,7.1658,811.145,0.52794,1.41392,0.373387462,4.559400798,-9.751561253,4.859662279
3.85621,5.54342,948.983,0.5495,1.27196,0.432010441,5.369488282,-9.578165556,4.935323435
4.52059,7.01246,719.444,0.54492,1.55856,0.349630428,5.104765437,-9.426791628,5.12267722
4.25399,5.10735,420.659,0.4736,1.35619,0.349213606,5.382254197,-9.638188702,4.947409172
13.44364,15.14217,2383.52,0.7101,0.712137,0.997139595,3.459189719,-8.957058391,5.458388191
4.10328,5.08195,271.555,0.47618,1.44854,0.328730998,6.850960437,-8.992183614,5.143149547
4.69116,7.31017,1496.68,0.58784,1.06476,0.552086855,4.268454784,-9.288216709,5.101416845
4.12791,4.5434,429.914,0.49474,1.17273,0.421870337,6.730912351,-9.722563087,4.794663341
5.76129,9.22988,2037.53,0.6421,0.797235,0.805408694,3.996599167,-9.256877426,5.175026499
4.25257,5.15578,946.42,0.56682,1.02741,0.551697959,5.771071338,-9.343111414,5.166708159
6.6824,13.29046,2165.27,0.7205,0.885101,0.814031393,3.333868577,-9.033189253,5.46286492
6.68848,13.27819,2157.24,0.7204,0.886638,0.812507472,3.332217305,-9.053756043,5.3482315
6.68627,13.28015,2159.05,0.7205,0.886436,0.812805437,3.332605366,-9.066067225,5.405516473
6.68243,13.28501,2160.32,0.72034,0.885879,0.81313588,3.345951829,-9.009812638,5.38738223
6.68152,13.28667,2162.54,0.72032,0.885728,0.813251924,3.328609927,-9.039946084,5.351588835
6.68065,13.28765,2163.39,0.72048,0.885566,0.813581371,3.328532896,-9.029657107,5.434709697
6.68351,13.2906,2162.27,0.72032,0.885202,0.81373517,3.331871731,-9.067074386,5.398125341
6.68263,13.29232,2163.77,0.72044,0.88504,0.814019705,3.33149385,-9.038317999,5.382382503
6.68187,13.29109,2163.28,0.7204,0.885242,0.813788772,3.332858466,-9.050457996,5.408524022
6.68351,13.2906,2160.98,0.72032,0.885202,0.81373517,3.331255917,-9.037487473,5.376786875
6.68503,13.28991,2162.73,0.72042,0.885192,0.813857333,3.332348391,-9.059539022,5.432901816
6.68379,13.28599,2162.27,0.72046,0.885718,0.81341917,3.330432232,-9.04367531,5.467365949
6.68934,13.28076,2158.07,0.72058,0.886213,0.813100237,3.340342353,-9.043131862,5.319232565
6.6901,13.26684,2157.74,0.72064,0.886406,0.812990887,3.340143183,-9.053384735,5.382946245
6.6936,13.27658,2157.16,0.72074,0.886659,0.81287169,3.33432109,-9.050958501,5.356555697
6.69379,13.27227,2156.02,0.7207,0.887003,0.812511344,3.34555676,-9.045086703,5.386837175
6.69333,13.27228,2157.63,0.72098,0.887125,0.812715232,3.345143577,-9.036762155,5.396124223
6.69949,13.26803,2155.08,0.72078,0.887459,0.812183999,3.349540538,-9.043468189,5.383542256
6.69376,13.27475,2162.17,0.72116,0.886223,0.813745525,3.344699791,-9.056396521,5.390085135
6.68947,13.26122,2153.3,0.7207,0.888342,0.811286644,3.347674315,-9.057348614,5.440223468
6.69886,13.26005,2150.75,0.72072,0.888413,0.81124432,3.343795734,-9.073560848,5.424970574
6.68165,13.2499,2152.63,0.7205,0.889236,0.810246099,3.354706939,-9.07469289,5.327443775
6.68893,13.24907,2158.46,0.7211,0.88888,0.811245612,3.35705906,-9.010603599,5.409566806
6.68273,13.22867,2154.54,0.721,0.889541,0.810530375,3.364758345,-9.03422347,5.41800122
6.6779,13.21932,2163.13,0.72114,0.889246,0.810956698,3.357942958,-9.016828264,5.381566349
6.68001,13.20191,2165.87,0.72124,0.888687,0.81157933,3.35444894,-9.034859601,5.394626511
6.6647,13.20044,2158.16,0.72086,0.888809,0.811040392,3.345361121,-9.060650006,5.361643894
6.68747,13.2125,2159.26,0.72046,0.888677,0.810710753,3.347057596,-9.066918314,5.391142461
6.67871,13.19539,2164.76,0.72148,0.889032,0.811534343,3.359424619,-9.039565898,5.369942955
6.67524,13.31856,2148.4,0.71742,0.884636,0.810977622,3.29494694,-9.067211892,5.383142054
4.48624,6.11281,903.16,0.5644,1.17289,0.481204546,5.131248868,-9.699211286,4.749756983
6.88541,7.36509,1834.02,0.65136,0.955182,0.681922398,4.10746408,-9.040851017,5.502441092
4.15814,6.82504,1877.18,0.64242,0.987346,0.650653368,4.353408497,-9.144323955,5.31564021
5.20644,6.87938,1924.71,0.6477,0.976254,0.663454388,4.769050181,-9.204544529,5.262394773
6.08004,7.25048,1046.23,0.54556,1.09392,0.498720199,4.778254219,-9.081648652,5.434527825
5.8712,7.17371,1010.39,0.54822,1.10727,0.495109594,4.830964006,-9.068498341,5.255215717
4.7264,5.41735,1251.48,0.61704,1.2729,0.484751355,4.874038102,-9.129338372,5.393265325
8.07627,10.10393,2111.24,0.68152,0.796459,0.855687487,3.739922231,-9.193579769,5.285413557
6.68014,13.15947,1222.53,0.59602,1.04413,0.570829303,4.29184356,-9.552729191,5.008913055
4.56576,5.61478,359.423,0.4523,1.32216,0.342091729,5.506210457,-9.738530782,4.815195045
3.82785,4.75958,285.583,0.44576,1.76954,0.251907275,6.344993344,-9.739702713,4.792487968
3.84263,4.78039,281.889,0.44718,1.76597,0.25322061,6.333285329,-9.786458626,5.08808105
3.9124,5.0284,1117.31,0.59542,1.21944,0.488273306,5.124168672,-9.348459884,5.215582352
3.95835,5.08043,1177.67,0.60324,1.20337,0.501292204,5.053327792,-9.353543201,5.197386006
3.9622,5.05926,1159.88,0.60142,1.21011,0.496996141,5.087179957,-9.369435538,5.113716531
3.81551,4.99541,1069.88,0.58936,1.23241,0.478217476,5.17934223,-9.382081712,5.154014815
3.87283,5.01407,1086.67,0.5972,1.22609,0.487076805,5.148191071,-9.372367535,5.129755492
3.8892,5.04935,1096.94,0.5921,1.21647,0.486736212,5.110818957,-9.373347942,5.125354542
3.8343,5.00423,1035.09,0.59216,1.22609,0.482966177,5.145064033,-9.382665766,5.22553124
3.92518,5.0496,1091.56,0.5992,1.21011,0.495161597,5.078123351,-9.352405272,5.195107952
3.95879,5.07683,1109.78,0.60182,1.20337,0.500112185,5.054846958,-9.354377194,5.207265561
5.55983,9.76192,1447.81,0.67032,1.11305,0.602237096,3.572227946,-9.366913092,5.293024359
6.57125,11.8886,3167.22,0.74292,0.647287,1.147744355,3.039610521,-8.87385192,5.459019183
6.08499,10.32117,2289.94,0.6888,0.854705,0.805892091,3.850763414,-9.127883252,5.286772935
6.46763,9.93002,2600.05,0.7304,0.795967,0.917625982,2.903389502,-8.97158811,5.383721706
4.34715,4.86021,1198.3,0.60418,1.66839,0.362133554,3.538344224,-9.536624178,5.162633779
4.34562,4.86217,1180.22,0.60396,1.66926,0.361813019,3.536400228,-9.503129856,5.101461316
6.05366,6.93958,3396.24,0.72642,0.735097,0.988196116,3.343289613,-8.822167374,5.537964073
5.56918,6.7277,2328.01,0.67698,0.882671,0.766967534,3.925639418,-9.026867212,5.460326404
5.62808,6.82996,2213.01,0.67536,0.906851,0.744730943,3.765113412,-9.05065222,5.367019255
3.99598,4.7722,259.17,0.463,1.5688,0.295130036,5.480395199,-9.575132503,5.03777838
5.44672,6.48283,1248.8,0.61138,1.23973,0.493155768,4.099782896,-9.6902661,4.945566842
4.25071,5.89224,2128.06,0.66434,0.915526,0.725637502,3.071134978,-9.274766117,5.095290232
3.88732,4.53313,713.68,0.52178,1.15892,0.450229524,6.367924393,-9.360630714,5.239123107
4.77192,6.08213,1352.41,0.58448,1.01187,0.577623608,5.329393136,-9.398974667,5.188389017
4.27339,7.95641,897.294,0.60254,1.05221,0.572642343,4.696002857,-9.699362193,4.819323832
6.29526,7.54735,1151.6,0.56566,1.0416,0.543068356,4.151048797,-9.701951431,4.761698698
6.64177,6.98757,900.956,0.57482,1.55436,0.369811369,4.327968595,-8.95169178,5.76589114
6.59787,6.97041,837.616,0.55954,1.6291,0.343465717,4.537968886,-8.860830619,5.452489802
6.59754,6.98007,838.067,0.56018,1.62762,0.344171244,4.529870809,-8.848753731,5.630281507
6.78821,7.13111,928.636,0.57888,1.50724,0.38406624,4.145917876,-8.935943336,5.581019978
6.70514,7.05454,847.207,0.55176,1.61812,0.340988307,4.435830938,-8.958557315,5.576206086
6.73356,7.07406,860.908,0.5552,1.61064,0.344707694,4.412871083,-8.962413507,5.496473462
5.19916,6.77782,1512.39,0.5933,1.13174,0.524237016,3.953272971,-9.291669315,5.201661183
4.90776,5.78746,1905.77,0.67126,1.02316,0.656065522,3.916520728,-9.228086548,5.256051885
8.07829,10.22426,2748.7,0.72564,0.790487,0.91796576,3.299666796,-8.911207154,5.471033997
4.67292,6.08923,1515.01,0.60892,0.939565,0.648087147,4.988085887,-9.126894615,5.306134363
5.35648,5.82969,1195.57,0.57464,0.993205,0.578571393,5.054714243,-9.058040657,5.303228576
4.72527,6.06958,1570.14,0.61142,0.935479,0.6535903,4.983831534,-9.078987329,5.30992709
5.38954,5.90692,1169.95,0.57766,0.987787,0.584802189,5.024925246,-9.003338115,5.554964727
9.26877,9.52896,963.15,0.55786,1.12614,0.495373577,3.446824013,-8.729013205,5.810822848
5.1748,6.93055,629.126,0.48148,1.20906,0.398226722,5.325733306,-9.75814252,4.802712925
4.44867,6.60215,547.678,0.46904,1.25097,0.374941046,5.537244228,-9.906548777,4.56514566
4.98271,6.87089,629.45,0.48072,1.21823,0.394605288,5.332240017,-9.79458682,4.832134671
11.34151,12.3272,1162.17,0.61508,0.854178,0.720084104,4.867727279,-9.010630838,5.392304866
4.01037,4.88805,527.886,0.49632,1.43329,0.346280236,5.557466398,-9.271681946,5.261760476
4.785,5.05411,315.48,0.41298,1.40153,0.294663689,6.960098192,-9.269352499,5.182664699
4.01377,4.79857,1178.23,0.59212,1.19981,0.493511473,5.424082139,-9.137311589,5.455767206
3.85637,4.77299,917.917,0.56174,0.998724,0.562457696,5.863518683,-9.656873601,4.790710465
4.91725,5.43148,244.063,0.40428,1.632,0.247720588,5.340367144,-9.734613844,4.386717994
3.98785,4.99635,1113.37,0.60038,1.3412,0.447643901,3.751171484,-9.446049836,5.218745714
7.91583,15.05124,3648,0.80898,0.593338,1.363438715,2.036399989,-8.788398067,5.476082092
5.6073,15.04959,2577.02,0.75316,0.712902,1.056470595,2.901174652,-9.296520526,5.030296378
10.62864,20.93415,4789.57,0.86214,0.373403,2.308872719,1.699608704,-8.31466559,5.701139617
5.63757,6.13983,1177.67,0.58538,1.11988,0.52271672,4.591383935,-9.053064374,5.022572565
6.13196,10.28948,1430.73,0.62594,0.910166,0.687720701,4.638013755,-9.40536826,4.95366912
8.68741,10.25144,1547.17,0.64836,0.847968,0.764604325,4.235361574,-8.873152005,5.417526639
9.35673,10.61507,1791.62,0.66048,0.815931,0.809480213,4.059130016,-8.782129055,5.536760688
5.11285,5.96917,1415.3,0.61342,1.20816,0.507730764,3.873495329,-9.121254641,5.435328518
6.31093,9.43184,1216.69,0.60842,1.23596,0.492265122,3.424473308,-9.373702799,5.160421701
8.70015,10.26084,2941.68,0.74692,0.680562,1.097504709,2.907033215,-8.932136313,5.432016363
5.28936,7.0311,1528.2,0.62802,1.03834,0.604830788,4.703861065,-9.397765948,5.031343684
11.69295,18.47947,4502.99,0.84824,0.385139,2.202425618,1.698359841,-8.321560368,5.701287158
4.66761,6.30224,1115.55,0.6072,1.13784,0.533642691,4.950304193,-9.460094613,5.12541078
4.30182,6.39565,1571.29,0.6005,0.942507,0.637130547,5.162592872,-9.432317035,5.052496852
5.18035,7.02985,479.259,0.46108,1.2839,0.359124542,4.695766925,-9.664011154,5.000720612
4.45204,6.79621,404.464,0.4072,1.50028,0.271416002,6.517264665,-9.028641916,5.615120167
7.67787,8.56329,1025.97,0.55228,1.0884,0.507423741,3.877569333,-9.316800265,5.009891923
6.10381,6.49751,532.356,0.48132,1.26256,0.381225447,4.973695754,-9.139184479,5.342821501
4.52338,4.94766,411.824,0.4908,1.65228,0.297044085,6.576905591,-9.253875825,5.531270487
3.95219,6.37814,814.391,0.55588,1.40385,0.39596823,4.850057621,-9.253505341,5.368783338
3.82857,4.59442,318.79,0.44484,1.27958,0.347645321,6.588205973,-10.23247018,4.265088213
8.26476,12.15079,1831.48,0.67804,0.865202,0.783678262,2.363552965,-8.967572308,5.395974342
7.12814,10.62668,1438,0.6584,1.1199,0.587909635,3.218693635,-9.253011332,5.28005179
4.84283,7.29475,507.027,0.481,1.35618,0.354672684,5.135298531,-9.61583775,4.826081107
5.81943,6.67757,749.813,0.50662,1.11834,0.453010712,4.022446539,-9.924627585,4.372284397
4.84974,7.56186,1971.59,0.70064,1.40224,0.499657691,3.352527124,-9.081500394,5.484240214
5.10297,6.95421,1384.03,0.65022,1.53443,0.423753446,4.045763257,-9.25288962,5.371293367
5.00524,6.82599,1432.45,0.6428,1.48471,0.432946501,4.120989083,-9.256794426,5.314695676
5.71739,7.53203,1476.24,0.61164,0.998352,0.612649647,4.416584449,-9.349913148,5.182702869
7.98188,10.6209,3247.26,0.7441,0.698012,1.066027518,3.030905304,-8.754426964,5.542186828
34.51057,35.58882,3696.99,0.857,0.382184,2.2423754,1.736498808,-8.163202473,5.907139057
6.63764,9.89745,1326.22,0.66944,1.19874,0.558453042,3.922806555,-9.352924111,5.300274476
4.1598,4.58864,398.719,0.45738,1.33735,0.342004711,6.948672941,-9.470435119,5.246082862
6.83124,13.82069,3786.06,0.78012,0.581484,1.341601833,2.625119708,-8.692785061,5.522091661
7.22011,10.08149,4058.61,0.77646,0.573061,1.354934291,2.599827513,-8.589109818,5.657459271
5.25239,7.9765,2131.75,0.66122,0.909449,0.727055613,3.853489991,-9.20545615,5.202011865
4.14792,6.04006,1427.54,0.59394,0.993739,0.597682088,4.904429958,-9.377310093,5.139126211
5.78838,9.0167,1429.22,0.58268,1.0207,0.570863133,4.261331442,-9.118084594,5.360764832
4.75487,6.81302,1184.19,0.54944,1.04896,0.523794997,4.916345873,-9.516159018,5.069458139
4.89913,7.92371,1894.82,0.63658,0.908491,0.700700392,4.68030233,-9.495677901,4.917493536
5.34538,5.86305,745.164,0.5026,1.27095,0.395452221,5.396261103,-9.178626725,5.492366646
5.35243,5.88152,759.713,0.50198,1.27191,0.394666289,5.3919758,-9.17970725,5.36194249
3.92519,8.78791,839.627,0.52416,1.21365,0.431887282,5.00530495,-9.707317953,4.834790715
6.49016,12.63938,3156.83,0.74402,0.677616,1.097996505,3.3037696,-8.77388101,5.570825967
4.77054,5.47224,1425.73,0.62128,0.955888,0.649950622,4.708125608,-9.940769911,4.537241689
5.10134,8.66462,1938.6,0.63256,0.830188,0.761947896,4.110970912,-9.274027955,5.168299333
5.17427,6.76077,1301.37,0.5502,1.08432,0.507414785,5.122328438,-9.14309865,5.262409396
5.10575,5.65308,1175.62,0.54752,1.08357,0.50529269,5.641460966,-8.972396297,5.486869522
5.05908,6.01885,1904.02,0.63468,0.890782,0.712497558,5.104130234,-9.200767353,5.223725553
4.09417,4.678,307.046,0.4641,1.98147,0.234220049,5.63073237,-9.687834272,5.294314689
6.70838,9.37405,3564.23,0.76278,0.668653,1.140771073,2.827574006,-8.67551548,5.795864343
11.91501,12.83976,2953.86,0.74528,0.685959,1.086478929,2.775455919,-8.795046872,5.416354902
4.52945,7.45113,627.17,0.49818,1.32558,0.375820396,5.198226373,-9.893142744,4.498795841
5.48487,10.65116,2409,0.70984,0.840538,0.844506733,3.709448724,-9.077753492,5.405794756
6.96534,8.92635,2215.03,0.66644,0.799593,0.83347403,3.664076933,-9.100457077,5.273814064
6.08736,7.69209,563.306,0.52694,1.80232,0.292367615,4.174746501,-9.622991597,5.15277137
3.97207,6.08793,844.063,0.53044,1.14221,0.464397965,5.678942287,-9.436838423,5.124167388
3.89627,5.00328,346.044,0.43946,1.37708,0.319124524,6.352145864,-9.770605517,4.745895836
4.31016,4.69413,544.984,0.5088,1.23871,0.410749893,6.971733204,-8.788740282,5.723216409
6.30555,6.88268,766.628,0.5448,1.51625,0.359307502,4.422340987,-8.837552885,5.637786143
4.12899,5.0954,659.45,0.54162,1.32897,0.407548703,6.009731747,-8.848912435,5.785475408
4.80503,8.56333,914.59,0.58314,1.42554,0.409066038,4.545618164,-9.02483931,5.72760931
5.78928,6.78739,902.904,0.53426,1.3933,0.383449365,4.798179755,-9.432194089,5.142867508
5.6916,6.75428,886.626,0.53034,1.40497,0.377474252,4.846104951,-9.3895657,5.334776665
5.67186,6.73405,880.402,0.52936,1.40899,0.375701744,4.861358543,-9.395732717,5.090378152
5.66128,6.73192,882.438,0.52898,1.40989,0.375192391,4.865519792,-9.420141066,5.133450929
6.06182,6.9676,942.409,0.54388,1.36538,0.398335994,4.682371511,-9.384341214,5.1278397
4.84687,6.44994,811.663,0.5183,1.43017,0.362404469,4.99026525,-9.542374312,5.043229671
4.82556,6.3973,807.619,0.517,1.43147,0.361167192,4.995249001,-9.509299869,5.088139159
5.80608,6.7467,904.994,0.53502,1.39203,0.384345165,4.805567637,-9.475918266,5.054273377
6.33134,7.12445,955.765,0.54208,1.37347,0.39467917,4.656862369,-9.29946226,5.334237219
4.60351,5.35961,548.016,0.48144,1.5571,0.309190161,5.500913165,-9.409873742,5.199463666
6.15605,7.33038,975.353,0.54578,1.35339,0.403268829,4.575116355,-9.301796537,5.208723035
3.93449,5.82794,630.679,0.48322,1.54928,0.311899721,5.481915408,-9.620851575,5.064378307
5.87111,6.88083,932.255,0.53724,1.38485,0.387940932,4.766246046,-9.365768136,5.18008549
5.16362,6.80904,1832.55,0.6554,1.11208,0.58934609,3.765736516,-9.133754248,5.193251713
5.19238,6.79458,1797.82,0.65528,1.13284,0.578440027,3.791599761,-9.176057878,5.329631306
4.70834,5.81491,1572,0.64006,1.17141,0.546401345,3.886658961,-9.392573771,5.196998125
5.18388,6.74215,1756.19,0.65534,1.16256,0.563704239,3.807997297,-9.194600012,5.121207813
4.10522,5.84738,674.445,0.51912,1.34804,0.38509243,5.71519219,-9.449564687,5.171387087
4.65647,6.68041,2412.83,0.62798,0.848377,0.740213372,4.764848395,-9.500977444,4.826945286
4.37104,4.93842,1278.96,0.61406,1.56386,0.392656632,3.419243829,-9.484623407,5.197240274
4.31374,4.84869,1460.79,0.60618,1.3172,0.460203462,3.711256962,-9.387027375,5.142754825
6.3767,7.6272,1507.34,0.6257,1.10873,0.564339379,4.168446875,-9.261447138,5.26813073
4.02251,6.17269,458.586,0.518,1.31229,0.394729823,5.585288466,-9.729199594,4.817961757
5.37575,8.8715,1575.83,0.6307,1.06655,0.591345928,4.573600056,-9.180990333,5.360820094
4.28121,9.61163,2464.3,0.68112,0.793146,0.858757404,3.556922487,-9.096581481,5.233668171
5.33535,7.86927,463.634,0.48958,1.72669,0.283536709,4.743863343,-9.630534784,5.055969955
3.95733,5.41718,679.873,0.50228,1.22506,0.410004408,5.260233409,-9.548330675,4.869360558
3.95522,5.07501,1164.21,0.60598,1.20337,0.503569143,5.054412398,-9.349613409,5.161830333
7.84422,8.51162,2769.6,0.70716,0.729559,0.969297891,3.123578942,-8.832918115,5.504555185
3.99552,4.25922,110.14,0.37884,1.59647,0.23729854,7.619760804,-10.02925631,4.542137566
6.82094,8.06678,1559.27,0.62968,1.11278,0.565862075,3.809237793,-9.177901932,5.282870805
8.47337,11.18858,1837.6,0.71816,0.877,0.818882554,2.263815069,-8.856010609,5.726723955
8.38573,11.25293,1649.52,0.72216,0.979503,0.737271861,2.256592792,-8.865658935,5.493097569
4.88065,7.55965,1112.27,0.5935,1.29422,0.458577367,4.472534863,-9.433828546,5.109032763
4.77221,6.22751,264.482,0.48026,1.4177,0.338759963,5.874302701,-9.979169407,4.459836652
7.13068,7.25351,1476.97,0.60356,1.02495,0.58886775,4.313079609,-8.552800099,5.865497253
9.08126,9.58473,1501.08,0.61126,0.865744,0.706051673,3.536958707,-8.710927867,5.79475262
5.00672,5.61373,1566.78,0.61926,1.03591,0.597793245,4.247296058,-9.167149199,5.380606319
4.25139,4.43208,886.996,0.58636,1.35435,0.432945694,5.580822109,-8.911187313,5.671673431
7.77882,13.28738,2433.16,0.7057,0.710367,0.993430157,2.445405952,-8.768110792,5.518850002
4.4083,6.05951,1681.04,0.62108,0.950557,0.653385331,4.653806946,-9.495929778,5.054990833
4.41339,6.69512,2127.07,0.66902,0.85516,0.782333131,4.294002368,-9.249964561,5.202053379
5.28417,6.13028,1019.8,0.56762,1.12791,0.503249373,5.36543083,-8.685649718,5.789820239
5.69688,6.4627,511.218,0.52592,1.19679,0.439442174,5.939966701,-8.999496931,5.659032024
4.16615,6.74105,922.368,0.54778,1.15025,0.476226907,5.638606553,-9.004950407,5.547419528
3.99192,4.93073,487.482,0.48902,1.26506,0.38655874,6.432520382,-9.260618186,5.30956212
4.37059,4.87284,561.732,0.45614,1.23337,0.369832248,6.180572796,-9.789399736,5.011389096
4.78345,5.30026,760.532,0.48052,1.17129,0.410248529,5.796034762,-9.686155771,4.905188578
4.90134,5.6482,830.58,0.4959,1.14412,0.433433556,5.631312416,-9.601617784,5.114094024
4.86495,5.58794,831.809,0.49378,1.14902,0.429740126,5.686328019,-9.623367011,4.957518843
4.58247,11.22482,1189.12,0.61658,1.02492,0.601588417,5.296043912,-9.528971628,5.320578406
4.42324,5.27092,1322.05,0.59716,1.00292,0.59542137,5.297082619,-9.549012603,4.896651852
4.20268,4.49645,583.603,0.61604,1.20151,0.512721492,5.043184248,-9.820970154,4.657587155
4.67833,6.49326,493.396,0.42922,1.72093,0.249411655,5.264562413,-9.819384562,4.804096917
5.39086,6.81612,844.903,0.54318,1.26269,0.430176845,4.522466893,-9.026099662,5.577881125
4.22376,6.37389,1183.97,0.65474,1.46265,0.447639558,3.628501724,-9.616587974,5.122197352
5.16773,6.83937,2354.35,0.64882,0.842017,0.770554514,3.867722798,-9.14542274,5.257614636
4.37557,5.46748,861.334,0.53948,1.06062,0.508645886,5.470605718,-9.516094959,4.904024638
3.86448,4.74677,212.215,0.5127,1.13696,0.450939347,6.889628564,-10.24749917,4.374960314
6.89343,7.38233,891.743,0.56098,1.46524,0.382858781,4.09226642,-9.185037206,5.40568176
12.70856,15.83326,4078.43,0.82538,0.465056,1.774797014,2.026946874,-8.530465844,5.610096933
4.35513,9.85392,2242.64,0.66214,0.853176,0.776088404,4.263072545,-9.062977408,5.344003439
6.70705,8.56248,2140.75,0.64536,0.843378,0.765208483,3.490754102,-9.108827067,5.378934302
5.33991,6.52279,1014.22,0.58394,1.08899,0.536221637,5.030250679,-9.600033246,4.746138111
6.65272,14.44089,3285.24,0.75386,0.666176,1.131622874,3.010218088,-8.751090709,5.475941325
4.99291,6.29067,1045.31,0.5939,1.1744,0.505705041,4.868971422,-9.352078873,5.186261663
6.50644,14.29727,3323.12,0.75686,0.67257,1.125325245,3.06506061,-8.777226728,5.585052487
6.55268,13.92314,3281.76,0.75252,0.674226,1.116124267,3.083372525,-8.759914825,5.554363489
7.16955,8.52966,1006.75,0.5839,1.09037,0.535506296,5.511316097,-9.058646958,5.481768947
6.98003,8.58478,1056.73,0.5821,1.05217,0.553237595,5.51844875,-9.100023348,5.405170104
5.98042,6.6626,1186.48,0.65464,1.09891,0.595717575,4.40462173,-9.048851669,5.398170359
4.33283,7.33485,1671.83,0.6074,1.03027,0.589554195,4.469279297,-9.106313898,5.432143997
4.15774,7.61112,1740.96,0.61472,1.02549,0.599440268,4.453120393,-9.098669186,5.241457987
4.01359,7.05896,1685.87,0.59102,0.983447,0.60096782,4.859320557,-9.175566421,5.258758164
3.9824,7.18339,1736.5,0.5937,0.961979,0.61716524,4.77616087,-9.182407281,5.332156088
7.07944,7.23633,1294.77,0.591,1.10849,0.533157719,4.449314604,-8.468328107,5.668729526
7.0872,7.25163,1234.87,0.59512,1.12925,0.527004649,4.494360395,-8.458880714,6.011188682
7.07954,7.22558,1229.74,0.5949,1.12985,0.52653007,4.502385902,-8.490628961,5.789027477
7.03577,7.16847,1359.8,0.59508,1.11157,0.5353509,4.513757507,-8.537910448,5.613684712
7.08879,7.31229,1293.98,0.59632,1.11071,0.536881814,4.467332008,-8.580839255,5.865831859
6.9896,7.11741,1264.97,0.59182,1.13429,0.521753696,4.554863646,-8.526927045,6.062977449
7.09719,7.25665,1294.51,0.59074,1.10687,0.533703145,4.440576651,-8.441740225,5.794474717
5.85477,6.5257,1003.81,0.54456,1.16183,0.468708847,4.891580463,-9.110747114,5.363878821
6.55123,9.12316,1230.03,0.64436,1.31137,0.491363993,3.335660368,-9.407733997,5.281233054
6.03917,8.96134,1250.63,0.64098,1.3138,0.487882478,3.399216681,-9.35153572,5.333076836
5.99885,8.43305,1089.36,0.62144,1.37514,0.451910351,3.599272012,-9.434885904,5.046911407
6.76595,7.36263,1209.18,0.62392,1.28937,0.483895236,3.765897972,-8.839718507,5.373770847
4.28978,5.42171,782.958,0.51606,1.20951,0.426668651,4.971557779,-9.511960655,5.022959222
8.55287,11.53016,3583.57,0.79512,0.606791,1.310368809,2.179485584,-8.639311306,5.646260842
4.03212,4.53669,335.283,0.42088,1.59797,0.263384169,6.835069155,-9.53395778,5.151798782
5.95571,9.03113,2638,0.7058,0.834865,0.845406144,3.892002943,-8.945295542,5.421233205
5.24047,12.90794,2804.39,0.73804,0.673936,1.095118824,2.902116605,-9.023006842,5.306791801
6.01308,11.51198,2252.76,0.70466,0.74228,0.949318317,3.207098695,-9.18193191,5.248003098
6.64329,11.91575,2524.68,0.7173,0.716001,1.001814243,3.063367579,-9.031118153,5.279875439
4.4573,6.57316,734.243,0.53562,1.65256,0.324115312,3.366192981,-9.901365632,4.878949359
22.93237,23.6238,3288.79,0.83732,0.516314,1.621726314,1.83850981,-8.436554795,5.66603415
4.79592,5.45459,436.833,0.4653,1.5554,0.299151344,5.974397469,-9.548785364,5.049481753
4.41081,5.74693,337.532,0.46204,2.16525,0.213388754,3.835838123,-9.729951045,5.109685277
6.68584,9.30311,2052.85,0.66808,0.891595,0.749308823,2.807018883,-9.193986767,5.245458987
15.74639,17.28638,5116.74,0.87916,0.293688,2.99351693,1.456929332,-8.028707335,5.937801671
6.58995,10.76463,2280.02,0.71128,0.833076,0.853799653,3.752165096,-8.985275672,5.383127452
5.39642,9.54146,2053.01,0.67362,0.925869,0.72755433,3.810169919,-9.234928816,5.1629019
5.36674,8.47974,1745.97,0.66228,0.984083,0.672992014,3.866092162,-9.344726858,5.108389815
5.03901,5.54956,804.899,0.55624,1.56747,0.354864846,3.756717653,-9.365201795,5.078478195
6.35025,8.87571,2498.11,0.6809,0.77796,0.875237801,3.67289434,-8.949710797,5.246181593
6.37885,7.78612,2398.21,0.6657,0.828568,0.803434359,3.701325535,-9.001439476,5.438659827
11.59751,13.10906,3627.27,0.76924,0.53928,1.426420412,2.471541261,-8.626299586,5.413489245
4.81158,7.13681,969.315,0.5288,1.15152,0.459219119,4.338771564,-9.503591926,4.995360136
6.7491,7.41637,1517.68,0.62558,0.954239,0.655579996,4.153649212,-9.046370981,5.458274713
5.60978,9.23636,2729.49,0.70288,0.773392,0.908827606,3.596042942,-8.947575007,5.39193223
6.40536,10.23981,2257.55,0.6997,0.784123,0.892334493,3.502129122,-9.032104248,5.40422469
4.03787,6.51581,1356.34,0.54156,1.05137,0.515099347,5.338083422,-9.127489886,5.473807889
10.17688,10.99822,1840.14,0.66826,0.80611,0.828993562,2.583924147,-9.106178738,5.157953525
4.5426,12.01697,2641.55,0.7256,0.722308,1.004557613,2.881924512,-9.124972601,5.198473942
4.10343,13.46293,1289.6,0.61918,0.839472,0.737582671,4.583139895,-9.483207036,4.831307522
5.48137,6.14892,1267.42,0.5873,1.01825,0.576773877,5.026495064,-9.124029915,5.24330922
4.60807,5.39172,393.507,0.45404,1.74589,0.260062203,5.861459216,-9.340641468,5.296957275
6.95883,12.33456,3027.28,0.74632,0.708252,1.05374923,3.148497213,-8.867969208,5.435322766
14.69313,16.15291,4230.06,0.86026,0.412792,2.084003566,1.771280619,-8.336655845,5.76128622
7.03976,12.64493,3156.95,0.7635,0.68535,1.114029328,2.881461731,-8.907181602,5.454534648
4.51142,4.83064,376.463,0.47708,1.28879,0.370176677,6.461961555,-9.695141053,4.905869463
4.49281,4.81383,371.262,0.48146,1.28928,0.373433234,6.468698637,-9.700737282,4.889207124
4.42587,4.8407,346.361,0.47514,1.29544,0.366778855,6.583059409,-9.763915875,4.770107992
3.95118,4.8017,1104.5,0.5692,1.02025,0.557902475,5.14371013,-9.421709933,5.157107474
3.93215,4.79076,1048.08,0.5625,1.01704,0.553075592,5.122290793,-9.41261056,5.007008311
3.84654,4.72449,958.462,0.57384,1.03535,0.554247356,5.210985873,-9.472707821,4.966229994
4.36754,6.24558,1046.54,0.56026,1.21214,0.462207336,4.769972536,-9.498119684,5.050033557
5.92513,6.70189,1313.48,0.59328,1.0601,0.559645316,4.763643421,-8.934186817,5.437822907
6.13056,7.34002,1184.55,0.60842,1.22326,0.497375864,4.142102889,-9.353122507,5.132635376
5.09863,5.85157,859.956,0.52504,1.24567,0.421492048,5.057694142,-9.336233436,5.17673476
5.08135,5.82926,855.751,0.52928,1.24507,0.425100597,5.059505747,-9.405267877,5.02773821
5.09946,5.85717,864.675,0.53044,1.24136,0.427305536,5.054718027,-9.381252029,5.280499244
5.11703,5.87678,871.392,0.5313,1.23925,0.428727053,5.048250629,-9.368444792,5.13242426
5.13983,5.91316,884.186,0.5329,1.23456,0.431651763,5.024952919,-9.383025653,5.077453983
5.16221,5.94737,895.411,0.5343,1.2314,0.433896378,5.005785588,-9.303845918,5.128806345
5.17875,5.98426,907.989,0.5356,1.22798,0.436163455,5.000037505,-9.398734439,5.152862787
5.19329,6.01552,912.588,0.5362,1.22701,0.436997253,4.997017208,-9.343647857,5.214910542
5.21694,6.03525,923.213,0.53798,1.22274,0.439979063,4.974234919,-9.396974685,5.218737972
5.23566,6.04424,938.648,0.53918,1.22037,0.441816826,4.966910576,-9.356256584,5.148109831
4.98095,5.79441,842.909,0.5222,1.23638,0.422362057,4.972802235,-9.366800586,5.328429112
5.0814,5.83014,866.36,0.52876,1.23386,0.428541326,4.99698276,-9.354205524,5.089165069
5.11958,5.8948,882.91,0.52992,1.23559,0.42888013,5.030317287,-9.390795002,5.088192843
10.90932,11.71715,1230.01,0.66484,1.21946,0.545192134,3.260312619,-8.531636246,5.839036056
5.3287,7.61133,1618.94,0.616,1.06942,0.576013166,3.643862175,-9.48168508,5.079038069
5.25908,8.65094,1453.67,0.6194,1.14098,0.542866658,3.72928718,-9.482063027,5.098868598
5.24839,8.7496,1245.49,0.59698,1.17241,0.509190471,4.030921307,-9.568124989,5.012577616
4.51126,8.681,991.752,0.61456,1.41696,0.433717254,3.407680794,-9.983646748,4.583738688
4.8515,6.55849,1033.78,0.58632,1.08595,0.539914361,4.860502027,-9.501478505,5.040445005
4.8064,6.5379,1013.72,0.58402,1.09146,0.535081451,4.903894603,-9.48474639,4.946911726
4.74684,6.35636,745.951,0.57544,1.04617,0.550044448,5.101317699,-9.640213107,4.87193827
3.82141,5.20561,454.066,0.5057,1.29023,0.391945622,6.382936399,-9.489605832,5.196484955
3.97386,4.65881,382.042,0.48092,1.34738,0.356929745,7.057387144,-9.423217058,5.178978523
5.90394,6.37918,3166.68,0.67094,0.804259,0.834233748,3.688998245,-8.997588988,5.333483786
6.02432,6.70534,3161.12,0.6914,0.728308,0.949323638,3.42703226,-8.952406622,5.42996153
6.10812,7.03668,3189.69,0.69742,0.718413,0.970778647,3.373323515,-8.895650129,5.438892103
6.06191,6.7853,3501.07,0.69604,0.71467,0.973932025,3.420945571,-8.953108676,5.312286631
6.03585,6.62054,3476,0.69084,0.714161,0.967344898,3.770025183,-8.964807527,5.326056725
4.24598,6.23073,466.87,0.5088,1.08281,0.469888531,6.336404951,-10.18889264,4.306682531
4.17287,9.86717,929.548,0.53478,1.08823,0.49142185,4.123126622,-10.05603463,4.251353787
3.84524,4.35737,440.692,0.42706,1.27732,0.334340651,6.470115084,-9.297075523,5.183559535
5.40684,6.69877,2561.14,0.68372,0.878608,0.778185493,4.042558412,-8.83720205,5.530266075
4.4269,4.8597,406.023,0.44758,1.38069,0.324171248,6.79913066,-9.220279158,5.052042601
4.15493,4.56431,176.445,0.42712,1.43341,0.297974759,7.0754503,-9.326224251,5.13143908
4.44534,6.9711,1217.41,0.58306,1.09535,0.532304743,5.33148724,-9.51114465,5.039476241
4.51348,6.77119,1263.37,0.59344,1.0583,0.56074837,5.136169244,-9.405446011,5.11284513
6.67302,7.23927,1876.63,0.63436,0.822249,0.771493793,4.244771382,-9.367755281,5.030631426
4.5384,7.41662,1658.32,0.6219,0.990309,0.62798581,3.995819153,-9.512504074,4.960052334
3.93383,4.68396,279.968,0.46984,1.69201,0.277681574,6.167729179,-9.55996716,5.080260176
5.082,5.63348,513.131,0.47234,1.54253,0.306211224,5.193459561,-9.371637278,5.128251721
5.29972,6.29792,950.182,0.5666,1.24637,0.454600159,4.443162927,-9.6270695,4.986571418
11.33443,13.26482,3685.54,0.75142,0.597503,1.25760038,3.302385916,-8.728263242,5.504195209
4.33657,9.35233,1784.64,0.69862,1.04043,0.671472372,2.84183866,-9.554806817,5.045603103
7.44,13.1,3540.39,0.76,0.58,1.310344828,2.929184083,-8.674356606,5.584099694
29.92948,33.62157,3130.55,0.91874,0.240324,3.822922388,0.908122612,-7.527667208,6.284739015
7.41793,8.13737,1342.34,0.66434,1.22976,0.54021923,3.995595002,-9.324154243,5.24893923
7.9025,8.59245,1438.81,0.67802,1.19129,0.569147731,3.877809405,-9.266689179,5.302553101
7.23133,8.11684,1321.49,0.66194,1.24691,0.530864297,4.065397895,-9.327885309,5.177181526
5.54861,7.76038,2603.43,0.71286,0.846504,0.842122424,3.325879385,-8.948569656,5.370019302
6.51336,7.99676,2896.5,0.7291,0.788793,0.924323618,3.442634723,-8.862602709,5.470350491
5.2041,6.69521,1689.6,0.6524,1.12957,0.577564914,3.979789937,-8.954376594,5.432396979
9.18624,11.11935,3028.87,0.74914,0.668714,1.120269652,2.944941234,-8.834761986,5.451699632
12.47689,13.21557,3502.17,0.79536,0.543761,1.462701444,2.393301856,-8.657322243,5.540681451
4.83507,6.24379,1032.07,0.52362,1.06947,0.489607002,5.514365024,-9.055341927,5.457141247
6.47057,6.682,980.777,0.54324,1.35399,0.401214189,4.600464147,-8.247425885,6.243156401
9.40744,10.403,1421.6,0.62928,1.04916,0.599794121,3.338875333,-9.137294832,5.488094539
9.2057,10.20459,1380.9,0.62468,1.06882,0.584457626,3.423175267,-9.192738391,5.362872519
9.40181,10.39839,1439.32,0.63216,1.04415,0.605430254,3.372941713,-9.160747795,5.221970172
9.87565,10.8347,1542.16,0.64882,1.0024,0.64726656,3.267243105,-9.063360922,5.041146237
10.66498,11.70294,1421.22,0.64252,1.01253,0.634568852,3.07345956,-9.020520004,5.319942454
4.59542,6.74859,934.009,0.51936,1.05193,0.493721065,5.273704693,-9.70447345,4.784626638
8.60837,10.10622,1681.44,0.64676,0.871632,0.74201039,3.332126957,-8.760561543,5.62231555
10.7875,12.27565,4442,0.81018,0.486743,1.66449235,1.979259838,-8.549826893,5.707852569
4.51803,5.60643,1589.95,0.63906,1.0369,0.616317871,4.411508348,-9.088801963,5.260346335
4.82285,6.0154,1529.27,0.6447,1.02626,0.628203379,4.210248139,-9.141422715,5.38175908
4.79581,7.46662,2160.48,0.66268,1.0101,0.656053856,3.97675608,-9.003249399,5.400542907
6.11185,6.70042,1894.95,0.66816,0.956816,0.698316082,3.729369844,-9.14278279,5.380904401
4.08263,5.24587,1560.87,0.62306,1.0782,0.577870525,4.696988837,-9.046449614,5.345208009
6.36524,9.30232,1791.02,0.67918,0.891296,0.762013966,3.571973403,-9.279994439,5.051073424
4.41204,5.41797,1641.78,0.64194,1.02127,0.62857031,4.381053586,-9.061995382,5.4439629
4.92598,7.45171,1629.89,0.64164,1.06861,0.600443567,3.953695994,-9.077663444,5.401857524
4.4337,4.76594,650.849,0.51214,1.49774,0.341941859,6.365070897,-8.520980546,5.939058822
3.86741,4.00169,142.165,0.4021,1.98354,0.202718372,5.497373526,-9.06777196,5.403024366
11.12419,11.38543,4265.87,0.82832,0.437316,1.894099461,1.920888094,-8.328619194,5.738216373
4.66248,6.42799,863.482,0.50294,1.2058,0.41710068,5.174573133,-9.75703366,4.73063324
4.36115,6.66763,2036.25,0.66286,1.04515,0.634224752,4.153966888,-9.038364124,5.413722988
8.26373,8.56972,2143.21,0.68332,0.874357,0.781511442,3.65552476,-9.077314559,5.279599494
6.32962,7.02111,1699.21,0.63216,1.11473,0.567096965,3.935937359,-9.056665075,5.361902157
5.82029,10.38317,2902.67,0.72524,0.765244,0.947723863,3.525852425,-8.966595704,5.351203371
5.69918,10.59453,2827.91,0.71932,0.768776,0.935669168,3.508121673,-8.982409972,5.373448655
9.81587,15.6839,1691.43,0.72948,0.743275,0.981440248,2.730775373,-9.0376068,5.426396144
7.17794,10.08038,4146.15,0.77204,0.589363,1.309956682,2.863674229,-8.686501412,5.503939205
4.777,5.63813,1136.23,0.5562,1.03115,0.53939776,5.390576269,-9.537711124,4.848819136
4.18269,4.74189,600.424,0.53332,1.58149,0.337226287,4.685938768,-9.523238073,5.12727443
4.22431,4.76043,585.14,0.5311,1.6231,0.327213357,4.726167587,-9.551464337,5.073023259
4.137,4.67022,675.695,0.5216,1.35819,0.384040525,4.947835046,-9.519022609,5.265278369
6.25208,9.0657,1409.14,0.59382,0.958332,0.619639123,4.629246141,-8.772924654,5.652275114
6.97754,7.51924,938.794,0.5231,1.17363,0.44571117,4.585709697,-8.938668935,5.636449746
5.36501,7.33252,944.451,0.53242,1.20511,0.441801993,4.816848615,-9.463747703,5.088303203
4.70155,9.77543,2267.35,0.66778,0.848294,0.787203493,4.134714688,-9.016894699,5.378351103
6.98688,7.13587,2504.3,0.67844,0.8258,0.821554856,3.769895886,-8.923296399,5.525586432
4.20216,7.53059,1196.54,0.57828,1.13363,0.510113529,4.432127298,-9.585961063,4.790307651
4.38382,8.02672,1214.09,0.57306,1.12273,0.510416574,4.35402874,-9.571580253,4.950640053
4.31562,12.82817,1892.47,0.67744,0.868866,0.779682943,3.703654001,-9.444385604,5.104474482
4.3317,5.48563,986.77,0.56218,1.18591,0.474049464,5.615365017,-9.533145555,5.066026276
4.29561,5.4678,970.774,0.56172,1.2061,0.465732526,5.654051751,-9.516147137,5.155223559
4.73121,7.22233,832.179,0.5419,1.05141,0.515403125,5.811843884,-9.2672957,4.951797219
3.94557,4.45838,582.265,0.49374,1.61624,0.305486809,6.063556368,-9.605114274,4.853533494
6.36797,7.13166,1455.94,0.61694,1.0643,0.579667387,4.397286861,-9.219700506,5.260505182
5.13941,6.90621,1055.16,0.54894,1.10396,0.497246277,4.748446605,-9.215508029,5.253926245
9.06013,12.96226,814.364,0.58428,0.970833,0.601833683,4.713582806,-9.812384672,4.67502554
3.91416,5.30344,548.633,0.53756,1.18769,0.452609688,6.486453342,-9.004879023,5.519452775
7.82076,9.85959,2749.65,0.71968,0.707147,1.017723331,2.969042013,-8.876899974,5.424448404
6.06561,7.01824,2322.68,0.65284,0.867053,0.752941285,3.427447039,-9.060440753,5.408680237
5.17685,5.68191,1179.67,0.62746,1.29989,0.482702383,4.899418536,-9.412493446,5.048650408
6.82289,9.58074,2114.39,0.66388,0.900136,0.737532995,3.927129363,-8.995990221,5.33014819
7.91904,11.11626,2484.27,0.68722,0.721226,0.952849731,3.271190123,-8.821807045,5.396802686
7.92037,11.17851,2480.27,0.68832,0.716256,0.960997185,3.208424722,-8.883256673,5.482537875
7.94034,11.20436,2534.07,0.69136,0.711008,0.972365993,3.229032967,-8.865407859,5.507653084
7.9594,11.21713,2541.71,0.69322,0.708632,0.978251053,3.208825126,-8.822587762,5.495887972
8.02511,11.31495,2549.42,0.69652,0.701206,0.993317228,3.107485961,-8.877702448,5.464909441
8.06264,11.58602,2558.05,0.6987,0.694521,1.006017097,3.088119224,-8.856598355,5.431389157
8.11262,10.55388,2025.95,0.69876,0.996818,0.700990552,2.416128102,-9.163287588,5.272777901
3.81582,10.13591,1098.35,0.58606,1.29721,0.451784985,4.047166638,-9.651835354,4.903038294
6.27962,6.73786,1185.77,0.55114,1.04811,0.525841753,4.53162247,-9.335462671,5.297210196
5.83045,6.43441,1196.84,0.54634,0.991134,0.55122718,4.557631124,-9.320375429,5.246617615
4.45912,7.10694,1290.45,0.59914,1.15452,0.518951599,4.62716801,-9.443930022,5.163101451
3.80818,6.93892,962.226,0.53864,1.05982,0.508237248,5.274365611,-9.569518157,5.112793562
4.61181,5.46888,605.763,0.55032,1.67855,0.327854398,3.292527404,-9.848146531,4.983137175
4.48576,4.82967,278.725,0.40382,1.6967,0.238003183,6.435169616,-9.228247319,5.355801691
5.70228,8.71143,910.856,0.58006,1.44846,0.400466703,4.355880765,-9.034765222,5.633499462
14.4085,14.50811,1219.05,0.63274,0.957604,0.660753297,4.278031936,-8.182302642,6.395758071
10.60987,16.88394,4490.26,0.82904,0.446812,1.855455986,1.965434154,-8.47239807,5.68293194
5.07662,5.98913,408.206,0.51786,1.31215,0.394665244,5.593258928,-9.552386184,4.893861601
5.85889,6.71051,1604.53,0.60748,1.05932,0.573462221,4.434129264,-9.366965503,5.217900722
8.03964,10.85901,1200.85,0.62,1.03314,0.600112279,3.959363368,-9.499226286,5.010533562
13.37948,15.24588,2211.57,0.72862,0.777112,0.937599728,2.699719466,-9.083697035,5.232476146
13.37931,15.27666,2196.07,0.7279,0.777112,0.936673221,2.685634099,-9.093020439,5.352279686
3.9878,5.04878,441.75,0.45794,1.55276,0.294920013,5.505315019,-9.681823284,4.731315795
4.75737,6.30558,739.602,0.58214,1.82258,0.319404361,3.230126639,-9.912561128,4.839706126
4.14915,5.68256,981.616,0.53978,1.01525,0.531672002,6.433075765,-9.486161482,5.077642473
4.24018,6.45593,1374.9,0.583,1.07571,0.541967631,4.822130072,-9.562534259,4.86105107
5.40179,17.36935,1357.7,0.65458,1.04037,0.629180003,2.832928499,-9.311410658,5.233863687
7.66066,12.7039,1164.32,0.57256,0.903763,0.633528923,3.792953455,-9.69622114,4.753614669
6.88703,7.22845,2147.05,0.65106,0.852646,0.763575974,3.699350576,-9.230213656,5.19050458
5.42433,7.17053,1477.28,0.59084,0.947322,0.623695005,4.873390306,-9.182411479,5.279975898
4.12193,5.72746,1461.04,0.60832,1.21514,0.500617213,4.659450967,-9.395924894,5.266472773
4.3241,5.85565,1742.63,0.63622,1.11314,0.571554342,4.346272187,-9.297894554,5.288206778
3.89282,5.96136,1525.91,0.59662,1.11441,0.535368491,4.868328081,-9.365831307,5.10389298
3.81827,4.75858,965.604,0.57852,0.984908,0.587384812,5.910588076,-9.336851071,5.117557503
5.3381,17.26438,1367.57,0.65374,1.05121,0.621892866,2.858055284,-9.293343817,5.206530455
5.82511,8.22407,1962.2,0.64012,0.843093,0.759251945,4.073492287,-9.434057586,5.017491017
4.17002,4.59875,1874.39,0.62386,0.999501,0.624171462,4.620251714,-8.952382323,5.498863774
4.54759,6.09249,703.102,0.55558,1.63047,0.340748373,4.024714141,-9.699384756,4.990644436
5.80307,7.09205,2695.46,0.70076,0.944258,0.742127681,3.159356676,-9.1298134,5.293549393
4.50914,6.68622,2088.33,0.63912,0.770633,0.829344188,4.653098006,-9.486472769,4.987181392
6.04263,8.1775,1422.91,0.6423,1.00533,0.638894691,4.398959044,-9.50262799,5.003097321
5.75735,8.09273,1686.41,0.62226,0.987164,0.630351188,3.961190589,-9.242265849,5.296251314
5.21425,7.10002,1634.69,0.60756,0.943193,0.644152363,4.869410984,-9.00863888,5.33449961
4.57892,5.0786,159.255,0.37312,2.10255,0.177460702,4.893608708,-10.1219638,4.443947216
11.20267,15.42527,2232.21,0.69194,0.794433,0.870985974,3.423535745,-8.944600649,5.494506078
5.28318,6.67259,831.903,0.4984,1.1406,0.436963002,5.070130894,-9.434012331,5.070334013
4.18996,6.86464,1515.85,0.59788,0.930991,0.6421974,5.019977833,-9.054197852,5.453588817
3.92126,8.48171,1289,0.60702,0.891092,0.681209123,4.239511962,-9.502217349,5.026850368
4.9879,7.68451,1720.51,0.60526,1.00363,0.603070853,4.307440788,-9.078871045,5.352151558
4.04124,5.81423,413.018,0.4479,1.35939,0.329486019,5.900172413,-9.696411933,5.081843877
4.33779,5.28957,1262.15,0.58536,0.956875,0.611741346,5.035403933,-9.485501799,5.020800787
6.32995,13.3149,5130.94,0.7777,0.498432,1.560293079,2.853246282,-8.720283576,5.408519041
5.12827,8.22186,1846.21,0.62186,0.946932,0.656710302,4.083864228,-9.035669237,5.537381871
5.1093,8.2386,1818.26,0.61632,0.972915,0.633477745,4.128373309,-9.075940737,5.430411284
6.09535,6.69718,678.082,0.53236,1.23624,0.430628357,5.104669506,-9.724115337,4.971924486
6.10275,6.68707,676.386,0.53246,1.23624,0.430709247,5.142769691,-9.645006174,4.848535029
4.31032,5.44718,1365.35,0.61104,0.953017,0.641163799,5.460663526,-9.411116038,5.086424347
15.32514,16.10036,2333.48,0.72952,0.674334,1.081837784,2.980349897,-8.511050564,5.637669319
7.48414,8.69308,2723.13,0.70186,0.756867,0.927322766,3.650881783,-9.125229759,5.279861986
7.52,15.98,2330.88,0.76,0.73,1.04109589,2.751572115,-8.804530468,5.689520303
7.33598,9.61074,3504.38,0.78594,0.662989,1.185449532,1.48724459,-8.783305027,5.469741928
4.30482,5.83475,575.504,0.51776,1.2153,0.426034724,6.066263698,-9.598154742,4.952956198
4.38283,7.29165,146.254,0.44416,2.5399,0.174873026,5.956032323,-9.818334376,4.793853707
4.46118,7.4007,173.394,0.46312,2.45415,0.188708922,5.515682047,-9.790943569,5.281272929
10.84779,23.87093,1763.03,0.8023,0.911245,0.880443788,1.609400176,-8.810076288,5.71543606
3.83148,12.5822,1256.81,0.6526,1.13523,0.574861482,2.922995129,-10.02434111,4.580889205
7.65386,20.68684,1558.36,0.71004,0.945467,0.750993953,2.376793068,-9.039972358,5.342093178
3.851,4.74764,375.928,0.5425,1.19856,0.452626485,5.221757595,-10.01455281,4.666296144
3.86824,6.00262,582.161,0.49896,1.31,0.380885496,5.508029035,-9.417335631,4.79886784
7.72525,9.17432,3241.32,0.77592,0.709696,1.093313193,1.616356642,-8.808860455,5.5693284
8.41122,9.46604,3313.41,0.7777,0.69659,1.116438651,1.582266624,-8.795721622,5.494257501
11.37916,13.35791,589.063,0.55408,1.44659,0.383024907,3.203567619,-9.393748655,5.01681351
4.16158,5.62453,1246.15,0.62338,1.07616,0.579263307,4.570994816,-9.323881514,5.315868458
4.93156,8.83128,615.883,0.45152,1.43518,0.314608621,4.980841479,-9.937531755,4.560655628
3.94509,5.74545,1041.39,0.62448,1.37815,0.453129195,4.492687817,-9.81953886,5.007332476
7.49363,8.21847,1367.17,0.66292,1.22679,0.540369582,3.969893212,-9.326227645,5.246968032
7.97124,8.46005,1394.52,0.6707,1.21092,0.553876392,4.013465293,-9.292316645,5.339389351
4.11372,6.18049,1398.79,0.60906,0.97822,0.622620678,4.909718084,-9.471821599,4.938856466
6.0692,6.38985,783.672,0.56972,1.08724,0.524005739,5.264196279,-9.148973516,5.135012381
5.6316,6.80957,1442.51,0.58994,1.06721,0.552787174,4.583888087,-9.293174129,5.237537718
3.82113,4.68693,220.585,0.417,1.53559,0.271556861,6.897723037,-10.1337685,4.517075456
3.89974,4.76088,244.211,0.42052,1.51727,0.277155681,6.815426479,-10.1316428,4.589127772
12.0883,25.71531,5717.21,0.87874,0.289452,3.035874687,1.443448105,-8.124617767,5.758349404
9.03515,24.30948,4854.1,0.8463,0.38234,2.213474918,1.857790423,-8.361867142,5.618175427
6.32845,8.1286,1685.09,0.61166,0.874484,0.699452477,3.943221083,-9.277595953,5.103431012
9.5867,10.01279,2408.61,0.71116,0.70214,1.012846441,3.271156525,-8.486853768,5.923656386
9.59417,10.03253,2424.41,0.71136,0.699735,1.016613432,3.25933429,-8.519501628,5.789006429
9.58016,9.91946,2147.43,0.70022,0.781607,0.895872222,3.229785926,-8.464519445,5.751164491
7.14037,7.26111,1586.88,0.59978,0.948615,0.63226915,4.534317007,-8.475710705,5.872515788
4.15962,9.30827,1446.76,0.6279,0.852871,0.736219194,4.08901963,-9.654361958,4.773248195
4.98225,5.35067,1173.2,0.62644,1.31519,0.476311407,3.633899792,-9.300642374,5.099209658
5.98763,7.19827,993.602,0.5473,1.10603,0.494832871,4.832375224,-9.089430339,5.478602102
6.37447,7.11031,701.744,0.53378,1.26291,0.42265878,4.584602802,-9.077183387,5.378282358
3.9387,8.06664,1293.09,0.62486,1.15948,0.538913996,4.933713728,-9.511086185,5.051948528
4.26709,9.07505,1473.65,0.66108,1.26232,0.523702389,3.910052416,-9.446195307,5.226657076
4.02298,7.77196,1531.06,0.63002,0.967928,0.650895521,4.342698283,-9.449439733,4.739065825
4.11171,5.83271,2245.98,0.66604,0.775057,0.859343248,4.501645876,-9.236138487,5.146154245
4.09487,7.2529,1391.64,0.60988,1.02599,0.594430745,4.358498987,-9.077240738,5.629216929
5.66826,5.97637,1982.46,0.64602,0.916107,0.705179635,4.658951825,-8.953992574,5.368848798
4.74827,7.60143,1533.58,0.60814,1.03116,0.589762985,4.494876763,-9.295310667,5.189851376
5.0191,7.12952,364.382,0.42748,1.96935,0.217066545,5.40639658,-9.608630455,5.211859239
5.53694,6.12679,1044.23,0.54708,1.24903,0.438003891,4.511464318,-9.078446493,5.482874006
6.8337,8.47502,2112.09,0.66138,0.827108,0.799629553,3.630928223,-9.269996174,5.234650515
4.47989,7.1275,1244.3,0.6045,1.12613,0.536794153,4.21862391,-9.808486897,4.701465534
6.16089,10.92187,3041.04,0.73592,0.730979,1.006759428,3.420272108,-8.899310896,5.571307291
7.36684,8.35999,1653.52,0.64956,1.01133,0.642282934,3.809311552,-9.054702124,5.301641479
5.9051,9.9371,2671.63,0.683,0.740129,0.922812104,3.24698209,-8.928872595,5.394077717
5.33314,7.03241,1933.12,0.6341,1.0022,0.632708042,4.346776228,-9.175430944,5.394771072
4.07746,4.85832,572.069,0.53974,1.31771,0.409604541,5.405437982,-9.903713964,4.831575782
4.0805,4.8576,564.715,0.5455,1.31729,0.414107752,5.407210829,-9.944729209,4.62861324
6.74867,8.34589,395.899,0.50082,2.21863,0.225733899,4.213098973,-8.826657739,5.830258043
9.6087,12.95456,4743.72,0.82074,0.416845,1.968933297,1.970388129,-8.397816373,5.808050024
4.09444,6.09263,3003.53,0.68726,0.818977,0.839168866,4.091275078,-9.045850232,5.353304992
5.69956,6.04734,663.687,0.4951,1.50744,0.328437616,5.403305896,-9.273572574,5.442963877
5.7692,8.05193,972.046,0.61154,1.0871,0.562542544,3.626642687,-9.390356585,4.968517464
5.16312,7.09546,1841.41,0.6401,0.822497,0.778239921,4.280462401,-9.267730518,5.083053266
4.67009,7.68408,1554.64,0.63372,1.19851,0.528756539,3.88444327,-9.21085666,5.252304523
3.88044,5.17721,472.687,0.47356,1.56809,0.301997972,5.985567491,-9.476073143,4.988136442
5.10002,8.60372,2729.13,0.68892,0.785068,0.87752908,3.677298291,-8.927501053,5.381480705
6.62352,8.17736,2002.53,0.63456,0.938004,0.676500313,3.729594479,-9.018565278,5.378953833
6.25435,6.94357,1474.68,0.58524,1.02856,0.568989655,4.472593634,-9.410451925,5.082500751
4.73915,6.22529,1019.32,0.55374,1.09032,0.507869249,5.284163012,-9.326131848,5.352708071
4.04271,4.87289,1110.41,0.56076,1.11842,0.501385884,5.711798077,-9.223016013,5.252933635
8.40599,9.05788,2824.78,0.69858,0.706681,0.988536553,3.01454795,-8.808306864,5.450470403
3.80214,5.49154,196.459,0.44942,1.70676,0.263317631,5.48736945,-9.894009961,4.88785858
4.34338,4.78823,707.917,0.55432,1.25646,0.441176002,6.273727351,-9.169292939,5.51528023
4.18424,5.70734,953.275,0.56412,1.38731,0.406628655,5.30909386,-9.492714802,5.15063899
12.05657,12.5848,2205.94,0.70538,0.73279,0.962595014,3.189070671,-8.538284221,5.564475248
4.14066,7.95891,1228.79,0.62324,1.16582,0.534593677,4.667617025,-9.567835295,5.008073128
4.15104,7.88297,1220.16,0.62596,1.15793,0.540585355,4.647335943,-9.5482968,5.117626872
6.57223,9.00136,2284.33,0.6981,0.85431,0.817150683,3.581105509,-9.186900419,5.039562467
5.9811,7.50154,2398.98,0.71096,0.819546,0.867504692,3.238611123,-9.237157866,5.011466195
4.81311,6.82644,1028.38,0.59484,1.14185,0.520944082,4.641825097,-9.714629721,4.666380019
6.86002,11.33189,3525.36,0.77556,0.649596,1.193911293,2.587871028,-8.793242989,5.396509759
6.54623,8.04408,3030.06,0.71652,0.696864,1.028206365,3.229727792,-8.941539286,5.439502911
4.89351,5.85362,401.812,0.49786,1.47566,0.33738124,6.096435549,-8.751094795,5.883746691
7.97253,8.1361,2772.73,0.71952,0.812993,0.88502607,3.522508762,-8.845507794,5.495353701
5.58535,6.27871,379.155,0.43226,1.41351,0.305806114,4.428465886,-9.643235163,5.008755295
9.81645,10.15365,1309.6,0.64228,1.11827,0.574351454,2.710074902,-8.978676989,5.502019512
3.90242,5.11247,582.892,0.55168,1.50181,0.367343406,5.394300919,-9.936704738,4.619913063
3.87591,5.09985,581.604,0.5486,1.50728,0.363966881,5.438376233,-9.90177209,4.835346794
5.26051,6.30539,779.966,0.55648,1.49546,0.372112928,4.982729234,-9.425418175,5.272628972
4.17051,4.98965,395.504,0.44168,1.41285,0.312616343,5.83318017,-9.495252946,4.909058581
4.45881,4.92633,720.743,0.47192,1.33002,0.354821732,6.35600881,-9.011513795,5.793463384
4.00605,4.53296,359.645,0.42808,1.46371,0.292462305,7.201030463,-9.386227405,4.84754906
3.82439,5.08767,594.918,0.53076,1.48605,0.357161603,3.986636094,-10.00294352,4.645841816
8.56589,9.75671,1189.34,0.58796,1.06294,0.553145051,3.853703397,-8.908691642,5.555038046
4.48765,6.47441,3016.26,0.7012,0.782233,0.896408103,3.755410773,-9.020191801,5.278861322
5.60478,9.50106,2610.62,0.70592,0.851383,0.82914505,3.731020863,-9.033148347,5.422127034
3.95109,5.41082,697.679,0.52524,1.19816,0.438372171,4.981094009,-9.859455635,4.688968984
11.41854,13.18944,3890.23,0.7779,0.53853,1.444487772,2.645590299,-8.673509527,5.46991928
4.05301,5.61648,524.132,0.50086,1.31362,0.381282258,5.798362968,-9.683353302,4.977725027
4.05978,5.60027,520.813,0.50048,1.31362,0.380992981,5.794875583,-9.718666634,4.859404311
4.10495,8.32537,1624.93,0.64494,0.82756,0.779327179,4.190168216,-9.619053302,4.953818536
5.00317,5.74994,858.904,0.5022,1.13423,0.44276734,5.566638965,-9.618814552,4.952725335
4.83187,5.56977,798.33,0.48718,1.16042,0.419830751,5.679448053,-9.653705775,4.808566215
4.88733,5.63983,852.337,0.49684,1.14617,0.433478454,5.610305554,-9.611662342,4.877694893
4.87769,5.60791,842.651,0.49028,1.15397,0.424863731,5.65749912,-9.615056653,4.947399916
4.91694,5.70711,851.936,0.49416,1.1407,0.433207679,5.577034948,-9.795409923,4.778261489
4.76089,5.28158,741.689,0.47818,1.18541,0.403387857,5.879048322,-9.64092536,4.793457153
4.83558,5.27742,731.715,0.47948,1.18109,0.405963982,5.825208518,-9.577379996,4.768347511
4.23353,5.93161,926.929,0.53918,1.12874,0.47768308,5.720005962,-9.439932575,5.138726344
4.89469,8.83543,4698.14,0.70502,0.624336,1.129231696,4.08632426,-8.791154902,5.482792948
4.45937,5.50159,1499.44,0.65494,1.2167,0.538292102,3.96401657,-9.436115711,5.026498221
5.98736,7.21513,1052.17,0.57754,1.27988,0.451245429,4.264623377,-8.928461621,5.605896194
5.48339,7.93406,1946.8,0.65098,0.971712,0.669931008,3.621561473,-8.98168758,5.469035823
5.31039,6.8261,2015.61,0.65738,1.01498,0.647677787,4.080584064,-8.959677367,5.534368288
4.61596,6.71751,1285.5,0.58898,1.15559,0.509679038,4.36526751,-9.514930404,5.07186077
4.20706,6.32021,623.824,0.53758,1.716,0.313275058,5.248850024,-9.325821048,5.575124365
6.5073,6.8634,726.537,0.5622,1.07828,0.521385911,5.269925694,-8.814871825,5.57081117
4.00768,4.88126,1254.08,0.5981,1.04686,0.571327589,5.871977168,-9.302742976,5.434481646
3.81519,4.56903,1140.42,0.59528,1.082,0.550166359,5.723581202,-9.48678607,4.946676484
4.35167,5.47734,441.332,0.53456,2.01178,0.265714939,4.869225492,-10.29201589,4.497500479
7.1324,10.65652,3338.5,0.76318,0.649476,1.175070364,2.926680533,-8.93534264,5.344788536
7.87011,11.02675,2516.25,0.72618,0.803859,0.903367382,2.920788249,-9.030995191,5.338234793
7.46213,9.90019,2019.37,0.69592,0.9042,0.769652732,3.496419216,-9.368851795,4.987959929
7.84586,11.37997,2422.18,0.732,0.791329,0.925026127,2.824263499,-9.165863921,5.264659189
8.17134,11.46361,2558.69,0.73756,0.780594,0.944870189,2.831171558,-9.027268291,5.245787229
7.21362,10.82518,2178.83,0.7124,0.846584,0.841499485,3.040397723,-9.264565362,5.21299108
6.86873,8.97021,1512.08,0.65952,1.02124,0.645803141,4.052831147,-9.456354916,5.110137532
4.7914,12.53944,2385.06,0.70004,0.822662,0.850944859,3.884436528,-9.120562371,5.314146756
5.16023,7.49376,2738.29,0.68608,0.72122,0.951277003,4.044151075,-9.050844016,5.291341979
9.18322,14.98566,2002.73,0.66712,0.727734,0.916708578,3.796643381,-9.116342754,5.359794402
8.71112,10.2269,2395.88,0.68814,0.711062,0.967763711,3.342991716,-8.831521806,5.424443088
7.14116,9.73841,2318.91,0.67196,0.752041,0.893515114,3.571080202,-9.077837458,5.348752071
5.27423,7.40163,1606.41,0.63294,1.02718,0.616191904,4.460832213,-10.06101734,4.236731163
5.17265,7.76009,1846.49,0.62694,1.0195,0.614948504,3.430322597,-9.25919361,5.274909207
4.71958,6.43339,1502.63,0.60764,0.937191,0.648363034,4.718459773,-9.540788014,4.962371517
3.84254,4.97475,342.096,0.45972,1.32525,0.346893039,6.649399007,-9.830504491,4.504844963
3.84058,4.95927,338.031,0.45524,1.32588,0.343349323,6.635986704,-9.836107474,4.658289351
4.95516,5.68783,575.167,0.4337,1.59918,0.271201491,5.741516526,-9.449390632,5.241861526
3.91519,5.14597,239.169,0.45896,1.41637,0.324039622,6.186604289,-9.265862316,5.193746617
4.05672,6.08119,1673.04,0.63092,0.950744,0.663606607,4.96327161,-9.5850821,4.804174288
4.63989,6.29862,1005.24,0.53028,1.01225,0.523862682,6.068709375,-8.938230115,5.533420427
4.07784,6.32885,1955.06,0.61616,0.837909,0.735354317,5.057824994,-9.277151332,5.07892373
6.64666,9.77773,1139.51,0.59318,0.912205,0.650270498,4.159132364,-9.361223259,5.124059069
7.93542,10.78123,1639.7,0.63194,0.823199,0.767663712,3.576832795,-9.161190125,5.178740621
5.45731,6.25647,1623.82,0.57962,0.952334,0.608631006,4.766108755,-9.324551859,5.127083331
5.0269,7.1268,359.994,0.4262,1.98004,0.215248177,5.407162463,-9.590606288,4.96487312
5.08713,7.16916,358.321,0.43366,1.9547,0.221855016,5.323177945,-9.537533,5.25279147
5.13218,7.42906,431.425,0.45532,1.77226,0.2569149,5.048376433,-9.597896334,5.054114866
5.07987,7.25865,400.088,0.44058,1.86882,0.235753042,5.229166356,-9.559990416,5.204292027
5.08834,7.23101,385.825,0.43948,1.90327,0.230907859,5.265301904,-9.592357898,5.049917393
9.8426,9.97802,933.314,0.57052,1.0723,0.532052597,3.283248939,-8.967471063,5.406703608
9.94208,10.07018,793.564,0.55722,1.22593,0.454528399,3.253491376,-8.989706781,5.362843229
9.84285,9.99905,948.259,0.56764,1.06849,0.531254387,3.268207783,-9.022136325,5.488141588
9.93982,10.09823,800.902,0.5615,1.22363,0.458880544,3.260512191,-9.071873882,5.337441116
10.00017,10.18241,912.97,0.57188,1.06845,0.535242641,3.253037013,-8.989599407,5.441771903
10.05798,10.18191,817.203,0.5648,1.21075,0.466487714,3.243377135,-9.084472241,5.431619818
7.19713,8.07557,1219.62,0.58964,0.981503,0.600752112,4.379515828,-9.218201478,5.413664834
4.2524,6.31717,2200.22,0.62774,0.893807,0.702321642,4.833566847,-9.162782131,5.280295333
6.50142,9.5634,3107.28,0.715,0.680526,1.050657873,3.02796058,-8.930540002,5.249573646
4.49344,6.1387,1807.69,0.65712,0.940059,0.699019955,4.41288716,-9.3664885,5.049170024
6.50064,8.56175,1077.1,0.59424,1.3766,0.431672236,3.658568316,-9.134667542,5.690826801
5.45798,7.04332,1474.03,0.62808,1.1789,0.532767834,3.950074604,-9.382333812,4.951527016
4.25333,5.08668,441.261,0.49492,1.48919,0.332341743,6.099991522,-9.408626481,5.248714392
5.34059,7.09944,2318.54,0.66844,0.893388,0.748207945,3.674991235,-9.150561433,5.334724879
5.87305,6.9462,1555.01,0.64562,1.26346,0.510993621,3.883603948,-9.050641752,5.491974914
5.43482,9.5696,2494.11,0.7068,0.6688,1.056818182,3.418147941,-8.974401153,5.34809418
5.35547,5.93071,2738.01,0.68626,0.866561,0.791935017,4.027951907,-8.935426016,5.405622382
8.78691,13.52781,5101.42,0.84438,0.408029,2.069411733,1.707830988,-8.442592247,5.614348075
6.24859,7.286,2267.43,0.64522,0.867522,0.743750591,3.995237521,-9.089169391,5.359389338
7.89388,14.86745,3538.74,0.80412,0.609156,1.320055946,2.062293092,-8.77573203,5.461715179
6.40962,6.76851,971.418,0.56466,1.06856,0.528430785,5.143002458,-9.444056878,5.169313482
4.99407,8.03478,2290.09,0.6774,0.817121,0.829008189,3.986882111,-9.438475131,4.912259848
6.22623,8.03748,1661.27,0.63388,1.08776,0.582738839,3.521439921,-9.23270875,5.390319499
5.576,8.07184,2039.72,0.6414,0.920261,0.696976184,3.853300326,-9.209305094,5.139477139
5.62116,8.36266,2682,0.6693,0.801466,0.835094689,4.299824864,-9.207870235,5.258333952
4.36716,5.68988,327.734,0.50092,1.37492,0.364326652,6.09654651,-9.591327121,5.150770931
4.37091,5.34889,648.205,0.52424,1.32744,0.394925571,6.054421944,-9.47410506,5.164472525
4.11763,5.71457,302.482,0.49356,1.40487,0.351320763,6.294760295,-9.684640659,4.240628709
6.20483,7.57252,1538.09,0.64122,1.12902,0.567943881,4.06554379,-9.269838029,5.313701887
4.49755,14.06271,1945.41,0.70444,0.931261,0.756436702,3.49539918,-9.206414311,5.205206191
7.12488,8.36657,1702.48,0.64952,1.09017,0.595796986,3.735471452,-9.16401545,5.413757081
4.80817,5.97545,1915.9,0.6495,0.950435,0.683371298,4.136039588,-9.307168559,4.953460588
5.02145,6.22091,1566.73,0.62322,1.0165,0.613103788,4.168224959,-9.096260422,5.303001583
3.85425,5.76939,1393.82,0.60596,1.03783,0.583872118,4.143350088,-9.304715666,5.128294664
3.95603,7.62911,1627.05,0.60912,0.921866,0.66074679,4.38886569,-9.43487468,5.055373246
6.5153,7.15079,1368.21,0.57664,0.88298,0.653061224,4.288751048,-9.392431936,5.013327887
4.72819,6.90703,1341.61,0.59866,1.13022,0.529684486,4.3174622,-9.452238871,5.008738583
5.14931,7.40462,731.305,0.61198,1.03321,0.592309405,4.537052028,-9.45466084,5.12493504
8.64872,9.70753,2700.99,0.71546,0.819549,0.872992341,3.3038612,-8.995276703,5.313097377
11.62964,13.1918,3172.23,0.75586,0.690929,1.093976371,2.761205316,-8.844150742,5.540289272
8.71131,9.64298,2574.87,0.71204,0.809539,0.879562319,3.440441574,-8.914667271,5.543516308
11.14997,12.65736,3381.81,0.75748,0.678305,1.116724777,2.790607259,-8.810692387,5.36973124
12.09962,12.46942,3428.8,0.76174,0.660845,1.152675741,2.73535331,-8.782043206,5.400518324
6.68644,6.89356,1405.32,0.61704,1.03024,0.598928405,4.169036048,-8.608306693,5.86576776
5.60823,12.59507,2822.83,0.72258,0.755193,0.956815013,3.055200728,-9.074885335,5.258972853
5.18128,5.93683,369.13,0.43244,1.3408,0.322523866,5.774297406,-9.383363649,5.142883584
5.61829,17.88281,2596.23,0.74628,0.59819,1.247563483,3.02034196,-9.050458136,5.325127561
3.94057,12.81278,1457.29,0.61784,0.929822,0.664471264,4.955482031,-9.340029741,5.125300665
9.58722,12.9498,4715.17,0.82062,0.417413,1.965966561,1.95649054,-8.435824526,5.803476342
5.07102,5.30738,680.619,0.47642,1.24196,0.383603337,5.870178527,-9.143765192,5.468979908
5.00268,8.74413,2122.03,0.65026,0.838204,0.775777734,3.814251432,-9.100070216,5.329611527
5.99396,7.4896,2915.32,0.71736,0.796498,0.900642563,3.657932502,-8.856300188,5.546465518
7.56837,8.24958,793.907,0.51054,1.13945,0.448058274,4.040834829,-9.38319174,5.223324847
7.95732,20.39112,4718.68,0.8291,0.40349,2.054821681,2.052815921,-8.46651104,5.609468549
7.90669,20.29966,4598.3,0.82692,0.413296,2.00079362,2.070911301,-8.456141607,5.611304538
7.92146,20.33339,4669.87,0.82362,0.406521,2.026020796,2.064353967,-8.48271337,5.594209665
7.71087,8.09105,1212.52,0.57098,1.03438,0.552002166,4.258335855,-8.999127836,5.3671323
10.92142,14.63466,2494.33,0.76056,0.557506,1.364218502,2.621783969,-8.659240015,5.514074231
9.93166,12.5506,1862.23,0.68806,0.813948,0.845336557,2.912989535,-8.947512027,5.417977948
9.97272,12.6239,1859.95,0.68902,0.806244,0.854604809,2.866108188,-8.963735962,5.376399768
5.9816,6.40396,1119.23,0.53568,1.07446,0.498557415,3.99255209,-8.952083478,5.578917744
6.29787,6.62997,1419.79,0.61066,1.04722,0.583124845,4.228491586,-8.583737367,5.769610513
7.21043,7.67622,1579.79,0.63088,0.999675,0.631085103,3.989561648,-8.458417691,5.901470439
7.00403,7.53698,1604.15,0.6266,0.987992,0.634215662,3.903257919,-8.439704088,5.860345984
7.13922,7.63542,1615.86,0.6268,0.987031,0.635035779,3.905394081,-8.371594904,6.006028794
7.09783,7.60668,1620.96,0.62692,0.985546,0.636114398,3.90809652,-8.434092768,5.928117609
7.09297,7.61343,1626.7,0.6271,0.987151,0.635262488,3.917236595,-8.416722484,5.881855094
7.09254,7.60999,1626.4,0.627,0.987147,0.63516376,3.917077185,-8.413520682,5.859081957
9.8398,10.73827,1785.51,0.68188,0.874765,0.77950078,3.302937878,-9.046817993,5.115787541
9.09464,9.41711,1639.9,0.6678,0.965845,0.691415289,3.578734601,-9.131845728,5.233118294
7.94571,10.66058,2567.2,0.74448,0.758358,0.981699936,2.263730036,-8.912613925,5.365355584
5.9349,7.26408,1663.21,0.61874,0.928559,0.666344303,4.333713796,-8.677166974,5.784468718
7.3234,9.64796,2323.94,0.67216,0.745691,0.901392132,2.919570897,-9.023927178,5.28736339
10.12794,11.31643,1453.13,0.65254,1.037,0.629257473,2.924493353,-9.041495264,5.416996942
5.76,7.2725,350.341,0.4548,1.32744,0.342614355,4.318658057,-9.942477274,4.552182512
5.75367,7.28997,381.331,0.46264,1.31871,0.350827703,4.506664159,-9.870417335,4.521495459
8.20364,8.50919,450.763,0.44706,1.3525,0.330543438,4.260733172,-9.018186463,5.437875283
8.16692,8.46927,430.875,0.44636,1.35259,0.330003918,4.260183463,-8.969639529,5.490428531
7.90173,8.23002,464.16,0.45058,1.32672,0.339619513,3.891581903,-9.173405144,5.168037802
3.84672,5.75448,1085.72,0.57082,1.27352,0.44822225,4.959350685,-9.591749291,4.987778907
3.82869,5.76124,1080,0.57272,1.27239,0.450113566,4.954875219,-9.589890744,5.00494022
7.72074,9.86619,648.341,0.62682,2.03715,0.307694573,2.892695811,-9.633784445,5.053354461
5.33678,6.84915,1097.47,0.54296,1.1268,0.481860135,4.778547231,-8.993961676,5.460478355
3.9591,4.91096,262.856,0.43278,1.65468,0.261549061,6.111944582,-10.28965357,4.464558036
3.92459,6.10337,577.265,0.47374,1.30886,0.361948566,6.052266171,-9.351371477,5.215061178
3.80786,5.9828,803.258,0.52816,1.21698,0.433992342,5.803731257,-9.622315239,5.004222809
4.37179,6.7342,1841.93,0.65674,1.07253,0.61232786,4.134387241,-9.251980747,5.349914414
4.32524,6.79743,1815.73,0.65534,1.08441,0.604328621,4.195881121,-9.270918861,5.227300497
3.88747,4.87862,1107.36,0.61702,1.29691,0.475761618,4.317943433,-9.607255216,4.970567637
3.89845,4.90885,1123.87,0.62276,1.28693,0.483911324,4.264185455,-9.614642789,4.87189727
4.26379,5.5138,808.591,0.54808,1.61573,0.339215092,4.352173823,-9.323875474,5.329563621
4.23311,5.47175,780.545,0.5449,1.66186,0.327885622,4.401921223,-9.33702123,5.345659585
4.19271,5.40684,738.853,0.54004,1.71304,0.315252417,4.485902153,-9.408035035,5.26625113
4.34633,7.2534,832.347,0.57672,1.24385,0.463657193,4.700398777,-9.530887008,5.133527863
4.94123,5.93474,1533.76,0.59878,1.12209,0.53362921,4.012345061,-9.309282775,5.319582223
4.84545,6.70756,1816.55,0.64956,1.15517,0.562306847,4.205566282,-9.19559312,5.283674184
5.74465,6.60931,1225.68,0.60488,1.16881,0.517517817,4.379767119,-9.515018175,5.087714531
4.36093,5.51379,379.088,0.44002,1.7785,0.247410739,5.083394512,-9.275436987,5.445537366
4.30835,5.46839,357.793,0.4356,1.80799,0.240930536,5.178561052,-9.248968601,5.513002132
4.21783,5.39984,346.389,0.42988,1.8431,0.23323748,5.313437197,-9.256273313,5.196546794
5.70962,7.40414,660.613,0.49776,1.17288,0.424391242,4.470146453,-9.429035274,5.032166557
4.05594,6.19427,608.921,0.488,1.18958,0.41022882,5.783936232,-9.76812087,4.592423958
4.84213,6.13171,564.94,0.45872,1.27844,0.358812302,5.251647755,-9.54791507,4.76158463
4.41962,5.63215,3266.68,0.6922,0.709614,0.975459898,4.399157998,-9.009125595,5.236202899
13.53695,14.94628,2266.27,0.71036,0.789914,0.899287771,3.543680423,-8.95346087,5.5031336
3.88793,5.27982,356.265,0.5189,1.92173,0.27001712,5.934592334,-10.18626904,4.479391665
5.56143,7.09926,2952.44,0.71716,0.807372,0.888264641,3.339459274,-9.03670774,5.348014236
4.67136,5.42885,381.86,0.44926,1.36702,0.328641863,5.629158127,-9.881440087,4.623222601
5.80849,9.78657,1111.39,0.5566,0.947194,0.587630412,3.524197957,-9.688535585,4.790761498
3.85894,5.17469,514.799,0.5264,1.5676,0.335799949,5.398825566,-9.929256122,4.821434962
5.90208,7.07203,970.686,0.60388,1.44306,0.418471858,4.102412026,-9.571422425,4.930433705
3.97403,7.60738,787.876,0.51746,1.31766,0.392711322,5.105472007,-9.321359737,5.058108584
5.17695,5.9118,664.296,0.49168,1.3358,0.368079054,5.106855327,-9.219283908,5.096447137
4.21049,5.58529,536.175,0.55504,1.73559,0.319799031,4.008875658,-9.761149454,4.773389288
4.0827,5.1026,321.126,0.44804,1.64165,0.272920537,4.80048527,-9.835466302,4.879594092
7.21043,8.1309,2955.04,0.70906,0.715898,0.99044836,2.957681288,-8.838224658,5.489652633
4.70003,6.56789,1842.69,0.64936,0.994726,0.652802882,4.287194911,-9.279906163,5.172048126
4.40009,5.23045,1086.26,0.57466,1.19945,0.479102922,5.287425612,-9.314626033,5.055599542
6.47014,7.41428,2257.4,0.6624,0.816351,0.811415678,4.165991646,-9.028933168,5.256946969
3.82611,5.87643,1078.63,0.56336,1.02895,0.547509597,5.959004644,-9.508241858,5.046569536
4.14343,7.17756,1637.07,0.59258,0.93657,0.632712985,4.339063169,-9.443691494,4.917027119
4.73774,6.46497,1534.47,0.59666,0.941841,0.633503957,4.650757793,-9.335186289,5.110641985
5.45118,6.46968,1123.13,0.5422,1.037,0.522854388,4.622614861,-9.419737101,5.070770984
4.18127,5.96324,1751.03,0.60948,0.988783,0.616394093,5.026445068,-9.301024826,5.219624797
3.87203,5.63872,932.076,0.56508,1.06793,0.529135805,4.953595348,-9.635477829,4.919367082
4.07473,4.795,1736.46,0.70036,1.13588,0.616579216,2.6596009,-9.624438829,4.859634288
4.56275,5.53493,3384.59,0.75294,0.932577,0.807375691,2.117837773,-9.191869501,5.343929798
4.12661,5.0332,664.527,0.51396,1.10257,0.466147274,6.59867536,-9.62215168,4.8119023
4.2399,5.00227,621.816,0.515,1.10398,0.466493958,6.694958571,-9.549606908,4.862773219
4.23615,5.19102,473.651,0.47992,1.21425,0.39523986,6.578824442,-9.715933677,4.886381572
3.92423,5.53585,1363.64,0.62358,1.23909,0.503256422,4.576037616,-9.2215288,5.376150051
5.87333,8.76636,3555.74,0.74126,0.746336,0.993198774,3.070777426,-8.784149297,5.609071786
6.64746,8.08882,1969.32,0.65574,0.857961,0.764300475,3.7926052,-9.240137954,4.971224156
4.51959,4.69268,215.983,0.40958,1.86097,0.220089523,7.665057262,-8.94773738,5.782859835
4.49829,4.6866,217.594,0.40668,1.86798,0.21771111,7.686920852,-8.85954174,5.971835478
4.12276,5.10392,1899.92,0.7036,1.12645,0.62461716,2.612225963,-9.563355525,4.983877753
5.28768,6.55692,1112.41,0.53644,0.964561,0.556149378,4.83760113,-9.369823387,5.074971752
4.63079,6.09081,1578.11,0.6162,1.00409,0.613690008,5.119561098,-9.089386489,5.243162637
5.9549,6.35523,3067.29,0.6982,0.780645,0.894388615,3.615686117,-8.885789979,5.426183417
6.75629,8.83948,1743.86,0.63036,0.939688,0.670818399,4.012343175,-9.215566165,5.261772535
4.17724,7.1377,782.02,0.52046,1.24632,0.417597407,4.541824692,-9.867871431,4.744122565
10.39011,11.25458,2141.83,0.69712,0.837465,0.832416877,3.076611069,-9.080186921,5.376407057
14.15107,15.02825,2447.31,0.73902,0.818993,0.902352035,2.607044354,-8.894205977,5.471327803
4.41794,5.70852,609.052,0.5292,1.67395,0.316138475,6.317104215,-9.062972055,5.373839635
4.33438,5.5699,479.813,0.51378,1.93342,0.265736364,6.463909784,-9.165516627,5.658877938
6.48704,6.94577,1610.24,0.6243,1.01181,0.617013076,4.06422193,-8.533407039,5.694325008
6.74283,7.25204,1554.36,0.63084,1.01031,0.624402411,4.048393354,-8.540946723,5.634779989
6.6722,7.08623,1415.71,0.61824,1.02717,0.601886737,4.091912852,-8.538710737,5.737723416
6.67398,7.14051,1511.74,0.62202,1.01557,0.61248363,4.0515057,-8.51700888,5.824440722
6.10481,6.58573,1558.56,0.61984,1.02216,0.606402129,4.136264524,-8.554178488,5.694829477
6.6128,7.08508,1642.83,0.62734,1.00152,0.62638789,4.022881494,-8.5437443,6.057084379
6.41176,6.87071,1618.25,0.62586,1.00146,0.624947577,4.03017712,-8.509452749,5.704816914
3.88626,6.17038,771.313,0.55796,1.0897,0.512030834,5.959161138,-9.722415383,4.628547078
3.92033,4.6872,218.591,0.48568,1.23753,0.392459173,7.247536001,-9.908946599,4.72290566
5.13969,7.47721,1463.66,0.58642,0.925259,0.633790106,4.864140043,-8.899891873,5.343412304
5.23786,5.79357,954.734,0.5643,1.42202,0.396829862,4.99657809,-8.803011123,5.78534337
5.52341,9.19521,2015.37,0.64538,0.879294,0.733975212,4.287142768,-9.16335335,5.194419963
5.2438,7.48898,781.097,0.6258,1.02061,0.613162716,4.478269769,-9.403505985,5.014498497
4.86526,7.42959,565.983,0.52134,1.59483,0.326893776,4.178701145,-9.629841904,4.683132583
6.01818,8.71773,1209.68,0.63552,1.33605,0.475670821,3.420306049,-9.331830869,5.287450791
5.83377,8.6676,1201.12,0.63344,1.34426,0.471218365,3.467561341,-9.329008653,5.180973629
6.31963,9.11936,1470.49,0.64542,1.11347,0.579647409,3.312187683,-9.270994333,5.178904503
3.97754,6.18145,2300.91,0.66286,0.943184,0.7027897,4.449492463,-9.055216139,5.326632666
7.53546,24.1004,3286.62,0.78752,0.570649,1.380042723,2.267523049,-8.70525928,5.502080847
6.75259,23.87439,3213.6,0.79352,0.54542,1.454878809,2.176677127,-8.612422686,5.536301789
5.26119,6.84955,1713.55,0.6178,0.91964,0.671784611,4.95570317,-9.275701033,5.267448984
8.48639,9.04728,1898.32,0.66838,0.87931,0.760118729,4.002339302,-8.492649416,5.755485529
5.32108,7.0561,890.553,0.55636,1.40869,0.394948498,4.277952886,-9.974229894,4.532053515
10.51321,18.94727,1771.4,0.7951,1.00603,0.790334284,1.159657243,-8.779918282,5.779957222
10.34053,10.56188,1606.53,0.6606,0.902736,0.731775403,2.657089309,-8.805079795,5.593381669
7.02117,7.92311,1334.79,0.58806,1.04215,0.564275776,4.065351016,-9.201398847,5.167136051
4.17711,5.42105,1991.4,0.61692,0.867442,0.711194524,5.031107473,-9.091260568,5.381416701
3.897,4.92906,1043.25,0.57606,1.27844,0.450596039,5.351072301,-9.516325975,5.064705783
4.5721,5.98483,1927.8,0.63406,0.945356,0.670710293,4.950284318,-8.984587719,5.56025465
4.53541,6.46265,1551.65,0.58576,1.0284,0.56958382,4.904129539,-9.251789938,5.235818325
7.9821,15.02646,3701.88,0.81106,0.595037,1.36304129,2.045154682,-8.760655771,5.419800376
7.67619,8.14433,1334.6,0.66568,1.22499,0.543416681,4.036562638,-9.349047108,5.216984568
6.41603,18.775,3508.39,0.76482,0.610707,1.252351782,2.621267134,-8.724053086,5.543546499
7.69354,8.87098,973.885,0.55986,1.40672,0.39798965,2.895484576,-9.43225709,5.011063659
16.71746,16.78888,1961.59,0.77044,0.713223,1.080223156,2.449168854,-8.101060811,6.169623822
6.47099,8.24333,2179.07,0.66502,0.864634,0.769134686,3.411915874,-9.056846736,5.355187681
4.38483,6.15862,1370.87,0.60726,1.07794,0.56335232,4.988461353,-9.517922085,4.96369409
6.43648,6.91507,776.782,0.5279,1.15816,0.455809215,5.17107422,-8.996040114,5.134230224
19.56277,24.11444,2769.19,0.85352,0.396669,2.151718435,1.335930681,-8.155625036,5.886109512
6.5918,11.77864,2699.15,0.73976,0.794772,0.930782665,3.089084695,-9.115841686,5.241959029
10.12824,14.29207,2649.84,0.77246,0.648977,1.190273307,2.546424323,-8.838207126,5.466388851
8.72571,12.47571,2728.65,0.75322,0.678618,1.109932245,2.913147033,-8.925594363,5.298453072
7.62193,11.30323,2996.36,0.7445,0.677748,1.098490885,3.090283561,-8.980708978,5.292531131
7.19983,12.36076,2899.65,0.74754,0.687816,1.086831362,3.010905523,-9.035922484,5.299502127
8.4918,11.02963,2775.46,0.73292,0.735801,0.996084539,3.107971202,-9.11788661,5.296994369
9.14708,11.82924,2808.05,0.74898,0.688549,1.087765722,2.996846227,-8.970348371,5.359370089
6.59467,11.54376,2988.57,0.73652,0.708658,1.039316567,3.189202984,-9.041826675,5.167238868
8.43938,11.4181,3086.27,0.7373,0.695103,1.060706111,3.282431232,-8.793265082,5.53783479
6.15217,12.20585,2577.21,0.70956,0.793444,0.894278613,2.96409416,-9.08154773,5.334722932
5.19047,10.81396,2196.41,0.73196,0.995074,0.735583484,2.922903878,-9.316984738,5.240354312
4.2919,4.6846,428.223,0.4655,1.31892,0.352940284,6.728706088,-9.484945698,5.177460547
9.15991,17.5271,4124.42,0.80388,0.493165,1.630042683,2.197425202,-8.630786339,5.453385531
14.45168,16.95031,3152.87,0.82286,0.50204,1.639032746,1.738786891,-8.417655217,5.69148618
8.74134,21.37941,4439.7,0.82442,0.420413,1.960976468,1.970444791,-8.462538529,5.696498379
4.60356,8.83209,2147.85,0.6528,0.894333,0.729929456,4.427998412,-9.134996261,5.067916731
4.64589,5.46454,959.73,0.52802,1.16038,0.45504059,5.320456749,-9.61896928,4.993621076
4.62581,5.66684,950.925,0.52422,1.17377,0.446612198,5.310119363,-9.612852783,4.942692347
4.65074,5.66299,924.954,0.53938,1.30634,0.41289404,5.304671671,-9.64003895,4.921727117
8.47189,17.75046,4797.36,0.79004,0.458587,1.722770161,2.409179538,-8.598625966,5.538937437
8.58252,21.33814,4642.34,0.82328,0.403686,2.039406866,1.984591705,-8.488184666,5.627488496
10.49588,25.24149,5543.64,0.87108,0.291153,2.991829038,1.438125774,-8.164373438,5.81282143
8.81904,10.86981,3383.5,0.75616,0.665683,1.135916044,2.936679477,-8.841527952,5.39013941
8.95533,10.97224,3307.78,0.75668,0.663582,1.14029615,2.982218082,-8.831838026,5.503627421
7.63115,21.77625,4456.81,0.82692,0.452533,1.827314251,2.131278815,-8.616853513,5.522108608
10.79351,11.87679,1419.49,0.65456,1.06888,0.612379313,3.079319726,-8.973439292,5.578913658
10.03888,17.63143,1647.88,0.69026,0.751788,0.918157779,3.65407204,-8.967200993,5.172344038
5.9743,7.4254,1928.96,0.69778,1.40157,0.497855976,2.145353669,-9.150232207,5.421975962
5.4202,9.61179,2525.84,0.70412,0.666698,1.056130362,3.417338369,-8.996857259,5.269844468
5.39631,9.7447,2552.1,0.70632,0.66078,1.068918551,3.407940834,-8.967263381,5.335942678
5.38216,9.71412,2474.06,0.70686,0.667627,1.058764849,3.429344639,-9.022315563,5.235778001
5.45923,9.71962,2458.67,0.70608,0.665822,1.060463607,3.431782755,-9.016776899,5.287485891
6.63779,8.05832,1095.26,0.61032,1.47307,0.414318396,3.519178503,-9.481404395,5.174435028
6.74383,8.53606,1227.06,0.6312,1.39796,0.451515065,3.282747927,-9.401929531,5.192538908
6.78307,8.49651,1227.28,0.6283,1.40015,0.448737635,3.270953055,-9.426913399,5.121292062
19.6462,27.62636,4479.93,0.87038,0.319125,2.727395221,1.378963323,-8.145644217,5.821632214
8.65245,9.33807,1101.49,0.62566,1.33968,0.467021975,3.688861057,-8.560190496,6.081853607
26.8915,28.38912,4330.91,0.86968,0.324235,2.68225207,1.569345214,-8.098449974,5.82383204
26.5894,28.056,4872.66,0.87052,0.284192,3.063140412,1.638509596,-8.024203631,5.92518427
8.6768,8.83227,1876.71,0.67246,0.846692,0.79422033,3.398854029,-8.917765547,5.441804988
5.12978,5.63389,2074.77,0.66092,1.03186,0.640513248,4.005114703,-9.110753304,5.332818604
3.98828,4.78374,607.51,0.5199,1.2488,0.416319667,6.281820187,-9.158327806,5.174115799
3.89264,5.48014,994.666,0.58622,1.114,0.526229803,5.676616512,-9.573661424,4.90944853
5.04936,7.20433,380.505,0.43506,1.89362,0.229750425,5.320291177,-9.590505013,4.974446898
8.57778,11.26671,4087.84,0.7968,0.544352,1.463758744,2.33200011,-8.629987355,5.617805348
4.9693,7.56056,2225.05,0.6369,0.853165,0.746514449,3.923920325,-9.196364625,5.162967192
5.51475,6.6136,467.709,0.4665,2.20984,0.211101256,4.044090667,-9.436229469,5.348278607
11.09496,12.8466,1967.31,0.6925,0.704786,0.982567758,3.033196319,-8.598389411,5.511618701
7.48583,9.92059,1118.24,0.5647,1.01231,0.557833075,4.015181179,-9.433361352,4.860670935
6.03574,6.92889,2307.33,0.65556,0.751805,0.871981431,4.162209397,-9.257349525,5.107035079
4.85353,5.87095,599.756,0.49236,1.43918,0.34211148,4.914439606,-9.91244502,4.789760239
5.27198,6.2294,1301.09,0.62858,1.14554,0.548719381,4.37711858,-9.067706262,5.425777242
9.82723,10.25461,997.71,0.57396,1.07189,0.535465393,3.567187097,-8.824712566,5.692126406
9.92334,10.34811,998.311,0.57372,1.06947,0.536452635,3.565932608,-8.8002514,5.654556043
9.82936,10.26924,997.512,0.58698,1.05391,0.556954579,3.737523223,-9.310977488,4.976487168
9.65715,10.25508,981.732,0.57158,1.06872,0.534826709,3.691309835,-8.893371624,5.810431848
9.86894,10.30863,994.204,0.57346,1.07331,0.534291118,3.61370946,-8.804238659,5.624087317
5.51402,13.89765,2141.49,0.73214,0.824207,0.888296265,2.493826929,-9.282862968,5.102053814
4.73463,5.21702,808.04,0.51112,1.1388,0.448823323,6.464664942,-8.584443409,5.671603197
5.98977,9.1487,1449.51,0.59132,0.92582,0.638698667,4.634175068,-8.788079908,5.857473783
4.66172,5.75292,347.817,0.4715,1.28873,0.365864068,5.388152591,-9.383456889,5.320162161
5.13094,6.957,638.898,0.5275,1.57886,0.33410182,4.001942013,-9.42698365,5.095075873
5.09054,6.88318,599.889,0.531,1.58969,0.334027389,4.010810842,-9.360931138,5.165875951
6.39579,6.80122,1116.3,0.56292,1.29813,0.433639158,4.559802708,-8.906459874,5.751818774
9.17861,18.69262,2936.83,0.79786,0.606595,1.315309226,2.09682765,-8.647125161,5.516725602
4.1274,6.10079,1297.66,0.58662,1.15948,0.505933694,4.521391482,-9.544609674,4.872819456
6.43314,9.51377,2362.65,0.66126,0.798695,0.827925554,3.755290819,-9.054661495,5.421001344
4.37137,6.90146,1290.73,0.58204,0.999683,0.582224565,5.268469245,-9.594505005,4.796553527
4.72909,10.62231,2109.06,0.65868,0.840025,0.78411952,4.129096383,-9.423223298,4.867471285
4.73833,8.20846,2207.24,0.6527,0.84105,0.776053742,3.966902783,-9.012580408,5.317072173
4.51221,5.58552,732.461,0.52268,1.29905,0.402355568,6.575757175,-8.928668009,5.713025222
5.03456,6.36969,1258.86,0.64356,1.44309,0.445959711,4.170390929,-9.40851221,5.145943697
15.75155,15.8468,2019.71,0.75942,0.656923,1.156025896,2.277762294,-8.061410757,5.805560558
7.0978,7.50467,1516.23,0.62638,1.02131,0.613310356,4.007617604,-8.475331353,5.909205495
4.88151,6.1601,1656.54,0.58046,0.959179,0.605163374,5.215301486,-9.213822139,5.354394921
7.4129,7.85155,1704.51,0.63386,0.988066,0.64151585,3.97033861,-8.430991419,5.849917782
6.12054,6.66565,1535.76,0.61508,1.03261,0.595655669,4.164519407,-8.539440556,5.806158167
5.71486,6.08117,1429.3,0.6051,1.0654,0.567955697,4.378715595,-8.619489811,5.726212806
6.11727,6.63074,1496.53,0.61994,1.03639,0.598172503,4.194968581,-8.561879099,5.92932208
5.2162,6.68812,1745.8,0.65822,1.12906,0.582980532,3.988341015,-9.018210562,5.544640859
4.89996,7.21804,936.886,0.51688,1.05199,0.491335469,4.061244738,-9.761251188,4.660764132
14.87864,15.74073,2451.32,0.73902,0.734143,1.00664312,2.980458711,-8.872784381,5.545924339
4.74737,5.62912,439.288,0.4398,1.92155,0.228877729,5.296798365,-9.74018004,4.914688169
6.34504,7.17331,1062.64,0.5939,1.28612,0.461776506,4.56888698,-9.377436553,5.318725515
6.37578,7.20132,1074.28,0.59874,1.27824,0.468409688,4.5280592,-9.353521659,5.195235086
6.40725,8.93591,1830.51,0.67624,0.861374,0.785071293,3.730432761,-9.030314676,5.236167473
4.58648,6.54798,1668.68,0.59358,0.991599,0.598608913,4.758017332,-9.131104807,5.394797798
4.11023,8.57756,881.154,0.59796,1.21659,0.491504944,4.487545401,-9.759595723,4.883094307
4.10889,8.23229,1102.86,0.59784,1.21659,0.491406308,4.490550125,-9.744539676,4.729612633
4.03809,8.12994,876.7,0.5996,1.2166,0.492848923,4.499268263,-9.786459705,4.763949954
3.85924,8.17701,800.77,0.57928,1.11826,0.518019065,4.891878698,-9.788822053,4.740745148
4.17817,8.7001,905.684,0.6025,1.56011,0.386190717,4.386210827,-9.827452002,4.811380939
4.96961,5.52619,1468.51,0.62518,1.18279,0.528563819,4.160908031,-9.38531958,5.146664061
8.54299,9.00309,1072.57,0.6726,0.97843,0.687427818,3.963117912,-9.34741595,5.108699214
9.75466,14.27976,2006.69,0.70342,0.875377,0.803562351,3.626834787,-9.237568894,5.231778292
14.53475,16.80129,2344.17,0.729,0.681961,1.068976085,3.248700361,-8.879396878,5.39024431
5.92468,10.06669,1782.67,0.68116,1.03617,0.657382476,3.04096616,-9.120739281,5.387695206
4.11514,8.93039,1800.73,0.70176,1.11173,0.631232404,2.862082366,-9.488176186,5.091152062
4.23716,8.96058,1805.76,0.70764,1.11708,0.633472983,2.82945337,-9.483810375,5.009023575
4.56831,6.54196,1504.37,0.5949,0.938074,0.634171718,5.184635372,-9.269275132,5.121474193
4.52491,6.28591,1429.82,0.5998,0.948554,0.632330895,5.197563816,-9.30405484,5.191739291
4.80891,6.46523,1505.15,0.59878,0.94279,0.635114925,5.229516009,-9.279522349,5.21860119
4.78818,6.33471,1569.52,0.60042,0.937811,0.640235613,5.200324016,-9.217457832,5.232788593
4.62415,6.46285,1507.22,0.60062,0.930333,0.645596792,5.121796282,-9.289848474,5.130692437
4.02088,4.65994,561.961,0.52146,1.18719,0.439238875,6.297534173,-9.503903289,4.922053121
4.18035,6.34814,751.543,0.53892,1.16715,0.461740136,5.718098876,-9.485096264,5.003592133
3.95127,9.77148,1207.74,0.63846,1.08328,0.589376708,4.2185604,-9.806212471,4.778255602
4.81449,6.07023,739.254,0.50288,1.20939,0.41581293,5.470627939,-9.214748901,5.066857394
4.29862,7.97046,883.259,0.60172,1.05689,0.569330772,4.684806173,-9.711252819,4.736694953
6.78751,10.0327,2714.01,0.70106,0.739265,0.948320291,3.42963183,-9.072612501,5.316359525
7.4934,12.53415,3155.31,0.73514,0.637007,1.154053252,3.085448516,-8.914208874,5.40627026
7.86809,11.63879,3519.6,0.75406,0.594628,1.268120573,2.861741776,-8.848239148,5.422093653
10.48172,15.53234,4101.54,0.80152,0.459782,1.743260937,2.478262297,-8.595388353,5.530944834
6.45256,11.33831,1958.64,0.6753,0.86403,0.781570084,3.593995677,-9.238401758,5.157228889
4.25493,5.94331,1251.43,0.56496,1.03057,0.548201481,5.556552409,-9.16164603,5.351423133
4.14091,6.01546,2037.61,0.65322,0.986437,0.662201438,4.51336084,-9.227879863,5.335562481
6.36839,7.65199,2386.32,0.69086,0.889824,0.776400726,3.932454097,-9.080915013,5.332265942
4.91537,5.26252,1105.32,0.53204,1.15534,0.460505133,5.628889303,-9.293304489,5.078587003
7.72021,8.43697,946.266,0.5138,1.03874,0.494637734,4.653294184,-9.408957931,5.096312813
4.08985,5.22962,253.575,0.42026,2.0701,0.203014347,4.981698325,-9.734300111,4.78950008
6.38807,7.62136,1296.53,0.57518,1.08418,0.530520762,3.756206425,-8.933730311,5.652769982
15.58526,18.21481,3231.8,0.814,0.462868,1.758600724,1.821868741,-8.397599876,5.732043535
5.57122,6.72563,682.993,0.49734,1.15231,0.431602607,6.477115673,-9.742323435,4.670885879
4.40406,5.61338,2166.61,0.69138,1.06606,0.648537606,2.832304625,-9.174353511,5.201949685
4.42901,5.62745,2212.32,0.69222,1.06272,0.651366305,2.81730301,-9.18531699,5.316360036
4.47405,5.64435,2266.46,0.69314,1.05807,0.655098434,2.800580993,-9.170846688,5.287980771
4.60094,5.73609,2479.38,0.69844,1.03985,0.671673799,2.741915384,-9.135785002,5.252801445
4.3837,5.58759,2101.98,0.68976,1.07026,0.644478912,2.842607155,-9.245687546,5.209115045
4.39581,5.60157,2131.45,0.69066,1.06802,0.646673283,2.836019612,-9.196985403,5.2743208
4.40385,5.61357,2166.37,0.69134,1.06606,0.648500084,2.827983602,-9.19204026,5.210090182
4.42824,5.6275,2211.69,0.69218,1.06272,0.651328666,2.816674053,-9.191582017,5.264802141
4.44582,5.63489,2240.02,0.69242,1.06079,0.652739939,2.811762425,-9.181594629,5.257779686
4.46761,5.64072,2255.58,0.69296,1.05911,0.654285202,2.804468995,-9.18963101,5.508901556
4.47445,5.644,2265.11,0.6932,1.05807,0.655155141,2.800517249,-9.170255777,5.294835953
4.50803,5.65854,2304.74,0.69404,1.0548,0.657982556,2.792621405,-9.190111577,5.325717725
4.5303,5.67593,2340.17,0.69508,1.05131,0.661156081,2.778755916,-9.131710082,5.208296055
4.56197,5.70452,2370.11,0.69638,1.04697,0.665138447,2.765317961,-9.16646749,5.222199749
4.60029,5.73555,2480.96,0.69836,1.03985,0.671596865,2.74150072,-9.137810481,5.321368757
4.63585,5.76062,2522.06,0.70054,1.03565,0.676425433,2.729985182,-9.132009899,5.210628561
4.68615,5.787,2577.33,0.70204,1.03012,0.681512833,2.707897506,-9.112670929,5.459774477
7.03865,11.08232,3158.14,0.75642,0.706119,1.071235868,2.841323088,-8.837957503,5.477219466
5.69321,11.60551,3098.82,0.73458,0.756483,0.971046276,3.229272867,-8.842654059,5.644456371
8.05488,11.98728,3080.94,0.74854,0.72084,1.03842739,2.912293024,-8.763891883,5.462696334
4.17239,5.67031,1090.04,0.53976,1.18787,0.454393158,4.911016798,-9.487501541,5.139095199
4.90333,6.38762,2243.22,0.71266,0.985223,0.723348927,2.798353967,-9.379522921,5.07574039
4.90295,6.38911,2243.77,0.71272,0.984664,0.723820511,2.784762756,-9.344944255,5.05686405
3.92327,4.97412,338.355,0.55174,1.11198,0.496177989,6.276079357,-10.34584719,4.219451192
3.98659,4.93159,985.742,0.56216,1.07028,0.52524573,6.330872303,-9.148479527,5.221334465
3.9347,5.17871,567.686,0.53432,1.30921,0.408123983,6.376780022,-8.873139251,5.790898473
3.98518,5.28754,577.759,0.54076,1.29873,0.416375998,6.283287455,-9.026076234,5.555140609
4.00781,5.75057,1069,0.54568,1.13972,0.478784263,5.20784032,-9.587289865,4.950233918
4.20779,5.99612,1196.76,0.56558,1.09616,0.515964823,4.941778701,-9.519354791,4.928518221
5.11595,5.62194,825.67,0.52302,1.12689,0.464126933,5.088979458,-9.295046127,5.259335113
4.89652,6.38285,1124.9,0.54092,1.09177,0.495452339,4.241427993,-9.522436756,4.946616368
4.75731,8.23561,2234.08,0.65522,0.841576,0.778563077,3.966465832,-9.208236566,5.259787689
4.89957,5.39685,217.822,0.4024,1.63231,0.2465218,5.374478306,-9.734925466,4.541105312
4.8394,5.32691,209.176,0.39886,1.64247,0.242841574,5.450069042,-9.727319471,4.836305054
4.92439,5.43827,232.32,0.4022,1.64151,0.245018306,5.385815384,-9.832950501,4.968821376
4.64907,5.40268,1501.59,0.61282,1.01024,0.606608331,5.515612657,-9.236391618,5.23260824
4.42412,5.10059,1170.71,0.57096,0.933293,0.611769294,5.676494348,-9.369356781,5.151346444
10.27787,10.39364,1240.53,0.61214,0.990795,0.617827098,3.482050384,-8.948068534,5.309024104
4.0538,4.83597,1075.49,0.61976,1.04226,0.594630898,5.37372524,-9.446189659,5.117708583
7.10734,12.14192,3229.48,0.7162,0.697914,1.026200936,3.641587846,-8.847954943,5.421777591
4.16271,5.05147,361.626,0.47498,1.13092,0.419994341,6.307210181,-9.607653386,5.032049238
4.08701,5.083,345.133,0.48446,1.12522,0.430546915,6.253214265,-9.610561882,5.015433034
7.10265,7.3989,271.356,0.4558,1.86184,0.244811584,3.908640735,-9.569092416,5.012376704
10.34284,10.43782,620.812,0.55304,1.11052,0.498000936,3.571743141,-9.230687151,5.27937121
4.0897,4.90958,657.911,0.49298,1.27414,0.386911956,5.922645976,-9.688672619,4.987946973
4.65199,5.7578,2612.11,0.70192,1.02515,0.6846998,2.686195475,-9.115820967,5.345896354
3.92148,5.83028,1129.71,0.58126,1.25472,0.463258735,4.920428447,-9.560329561,4.981836547
4.0944,5.86454,1075.36,0.57376,1.28277,0.447282054,5.056805087,-9.544017149,5.065020606
5.81939,7.61968,1791.39,0.63844,0.929894,0.686572878,4.059950371,-9.226777622,5.303644797
3.80128,6.35889,492.986,0.47744,1.36336,0.350193639,5.289701443,-10.03710912,4.651946616
6.70298,7.52312,1162.4,0.56862,1.04834,0.542400366,4.239508674,-9.500016701,5.041264217
5.12695,7.31754,429.66,0.45344,1.78125,0.254562807,5.044363151,-9.568549221,5.139651731
5.12362,7.3154,437.502,0.4535,1.77872,0.254958622,5.02714483,-9.596333453,5.101542921
5.07386,7.34058,438.282,0.4571,1.77151,0.258028462,5.013205782,-9.562259878,5.232255634
5.11399,7.32397,436.516,0.457,1.7716,0.257958907,5.015486577,-9.600683043,5.142986379
4.91036,7.23942,418.639,0.4502,1.7997,0.250152803,5.18542748,-9.584437303,5.264156151
4.55031,6.97684,2230.05,0.64902,0.806536,0.804700596,4.1594002,-9.203445334,5.179434024
4.84816,6.85522,1493.87,0.59368,0.971676,0.610985555,4.407612801,-9.293661275,5.091591106
4.82147,5.41795,285.023,0.40012,1.52384,0.262573499,4.864458833,-9.597914021,5.038273788
4.55814,6.48228,1533.48,0.608,1.0623,0.572343029,4.381023722,-9.420164743,5.058172329
13.71841,15.61444,4719.81,0.79706,0.514247,1.549955566,2.505695771,-8.652607825,5.604616336
4.93416,5.27662,887.573,0.51682,1.16508,0.443591856,5.272341651,-9.261912213,5.092641599
7.69355,8.14869,1138.86,0.5748,0.987789,0.58190565,4.421440572,-9.190898593,5.437528498
9.57458,11.39023,4461.67,0.81702,0.493516,1.655508636,2.124811471,-8.595383309,5.604315608
3.95758,6.27152,549.659,0.47512,1.38102,0.344035568,5.004923253,-9.640716121,5.032266967
9.84925,10.99192,1227.19,0.63402,1.18883,0.533314267,3.10972449,-8.777110447,5.701063392
9.80954,11.06598,1259.94,0.63874,1.1867,0.538248926,3.124385248,-8.729737789,5.721988062
9.80964,11.01144,1275.48,0.63884,1.18637,0.538482935,3.107503987,-8.740268161,5.867423996
9.87899,11.15761,1270.76,0.63918,1.18127,0.5410956,3.100757202,-8.706861816,5.652272752
9.86004,11.10045,1246.47,0.63944,1.1813,0.541301955,3.100262987,-8.731779472,5.869854873
9.92421,11.20025,1223.25,0.64018,1.17831,0.543303545,3.099736135,-8.757293044,5.58961008
9.89743,11.20845,1256.49,0.64212,1.17889,0.544681862,3.089339996,-8.673906195,5.826946524
9.85075,10.95857,1294.76,0.65152,1.20305,0.541556876,3.14472487,-8.75083007,5.716771011
9.9584,11.06557,1264.96,0.6543,1.19415,0.547921115,3.150136861,-8.826282263,5.445792166
9.87166,11.0184,1251.12,0.63574,1.18797,0.535148194,3.097334487,-8.803095697,5.77312466
4.32453,5.60667,683.097,0.49452,1.2413,0.398388786,4.596307155,-9.786709907,4.870066639
3.97759,4.69443,471.991,0.51572,1.13804,0.453165091,6.111503537,-9.790757256,4.832253716
3.90334,6.17141,1160.41,0.55654,1.0195,0.545895047,4.919791687,-9.81954875,4.62222034
4.74964,5.60484,1058.79,0.55576,1.07243,0.518224966,5.465003969,-9.565252456,4.947069151
4.52244,4.75404,310.38,0.43144,1.18943,0.362728366,6.535144278,-9.555090534,4.986560765
4.28733,15.32957,875.405,0.64476,0.82417,0.782314328,3.707010781,-9.923459266,4.649608208
5.00794,7.15013,377.468,0.42798,1.94765,0.21974174,5.374564692,-9.61515625,5.122271379
5.01285,7.16272,386.347,0.43186,1.93261,0.223459467,5.380319279,-9.611452967,5.207518683
6.28305,7.33926,1966.75,0.65154,0.91185,0.714525415,3.613857043,-9.047172113,5.322120578
4.37055,6.13135,1698.16,0.5906,0.966131,0.611304264,5.035431468,-9.2009416,5.264264235
9.76034,10.78109,1353.61,0.6174,0.954298,0.646967719,3.61032245,-8.496995138,5.878979302
5.89807,6.57892,2073.7,0.68,1.10785,0.613801507,3.560274045,-8.88913633,5.564153984
7.61249,12.51834,3166.39,0.73564,0.637007,1.154838173,3.087585646,-8.907432331,5.349604491
6.10049,8.23736,1374.39,0.6093,1.05875,0.575489965,4.105539468,-9.325849304,5.198557418
6.50203,8.0106,1283.16,0.5995,1.08206,0.554035821,4.250962901,-9.352381295,5.124415893
5.70388,7.44729,2262.58,0.66684,0.883784,0.754528256,3.984026828,-9.04476699,5.356994415
7.37101,8.67819,2119.7,0.64884,0.808147,0.802873735,3.476734913,-9.186071935,5.184364555
3.81788,4.66467,266.272,0.43542,2.25323,0.19324259,5.058979529,-9.808599482,4.976684701
7.45868,11.68951,3213.99,0.74172,0.635617,1.166929141,3.086259913,-8.759560254,5.472590931
7.334,11.52058,3183.77,0.73928,0.638345,1.158119825,3.07004033,-8.773078135,5.547205537
6.16263,10.94144,2699.42,0.71046,0.73574,0.965640036,3.36991639,-8.915731457,5.375382682
4.64075,7.7679,1930.62,0.64124,0.97417,0.658242401,3.705028784,-9.150719265,5.368157592
6.0803,10.98417,2607.63,0.70462,0.75368,0.934906061,3.407644483,-8.964864281,5.416170369
5.27685,5.74302,1639.49,0.63964,1.21834,0.525009439,4.016029883,-9.108310666,5.569690034
8.2956,9.08968,3051.55,0.73364,0.720728,1.017915219,2.824780484,-8.964231126,5.48891183
4.5685,8.74594,2103.33,0.64528,0.892293,0.723170528,4.488370187,-9.110814563,5.212554487
4.55116,8.71895,2095.87,0.64422,0.895776,0.71917533,4.506694725,-9.131571588,5.223230697
4.52269,8.66619,2066.98,0.64226,0.897578,0.715547841,4.512410666,-9.136323062,5.312952508
3.98335,5.17179,585.295,0.49382,1.18882,0.415386686,6.27923401,-9.215367793,5.330335716
5.93484,7.26398,1664.86,0.61874,0.928582,0.666327799,4.327455774,-8.694996564,5.72844292
4.99033,10.05627,1285.35,0.65212,1.27605,0.511045805,3.420437203,-9.486984855,5.188977499
5.24596,7.57658,1182.45,0.5517,1.02746,0.53695521,4.819879521,-9.592633357,4.997088039
5.30803,6.66583,2337.47,0.66744,0.938373,0.711273662,3.69621792,-9.046416649,5.483467073
5.30501,6.66603,1988.42,0.64502,0.973404,0.662643671,3.836092945,-9.185360948,5.241193828
4.92807,5.59298,1037.91,0.55882,1.15802,0.482565068,4.762451239,-9.466620943,5.196604856
4.5802,6.15184,693.732,0.52542,1.20476,0.436120057,5.222355808,-9.670418347,4.851037563
6.64118,10.30601,2422.77,0.69722,0.805914,0.86512953,3.015070825,-9.150820668,5.139029721
4.50564,5.27757,645.373,0.54238,1.24039,0.437265699,5.278941633,-9.630616651,5.053577906
5.40382,6.42465,1855.47,0.64804,0.966783,0.670305539,4.013399672,-9.091297981,5.266066722
4.27158,6.83841,1204.6,0.62548,1.16057,0.538942072,4.133569388,-9.612597235,4.763468794
4.80173,5.28453,861.125,0.55174,1.43501,0.384485126,4.64063707,-9.155788775,5.464418925
5.56339,6.45056,532.83,0.57344,1.15416,0.496846191,4.848686592,-9.55482015,4.867054521
5.57332,6.39416,552.103,0.56746,1.14467,0.495741131,4.868086117,-9.76294854,5.074816451
3.83342,5.85396,1090.14,0.5812,1.02444,0.567334349,4.831508037,-9.875813379,4.614961911
3.84033,5.85231,1103.3,0.58314,1.01925,0.572126564,4.801868214,-9.840133862,4.62587639
4.91,12.75,1947.26,0.67688,0.732143,0.924518844,3.928443025,-9.162191025,5.166359166
4.99,12.87,1981.25,0.67844,0.728838,0.930851575,3.93099708,-9.186901732,5.284931101
5.3,12.37,2021.24,0.940935,0.722154,1.302956156,3.911559437,-9.103325668,5.14584336
5.74,12.5,2134.81,0.68,0.71,0.957746479,3.858415025,-9.072351021,5.287353616
4.37434,6.87571,656.753,0.53418,1.26224,0.423200025,4.850983493,-9.615059262,4.895850668
6.58555,8.25256,1282.69,0.58768,1.13597,0.517337606,4.130082476,-9.402826518,5.211219095
5.47787,7.34237,470.44,0.47334,1.52902,0.309570836,5.20442475,-9.661771129,5.040564397
4.10291,4.99697,466.878,0.5058,1.2735,0.397173145,6.416328257,-9.242783994,5.183315404
3.82583,4.81496,1175.18,0.57806,1.13347,0.509991442,5.052351559,-9.267151142,5.194474428
4.32281,5.49382,1579.69,0.62012,1.02346,0.605905458,4.304266942,-9.270231601,5.199363398
4.62985,5.27906,1538.28,0.60934,1.04928,0.580722019,4.391365804,-9.16979348,5.126919392
4.02699,5.10607,1244.1,0.58484,1.11842,0.522916257,4.742927755,-9.269259678,5.471728562
4.94756,7.14061,1060.07,0.56,1.20532,0.464606909,4.992520543,-9.474546231,5.143317288
4.84747,5.28866,785.483,0.52848,1.29946,0.406692011,5.655451341,-9.526471132,4.953203491
3.9272,4.89671,1094.62,0.5883,1.32887,0.442706962,4.771441296,-9.334348915,5.150416769
6.71212,7.38705,2279.9,0.6779,0.935187,0.724881762,3.402410109,-9.10806982,5.292984756
5.77243,6.67772,995.471,0.5834,1.37946,0.422919113,4.542176672,-9.312878826,5.34742726
6.60927,7.27418,875.752,0.5622,1.47237,0.381833371,4.067751772,-9.24910289,5.387169265
4.86289,7.00326,1223.57,0.57592,1.1818,0.48732442,4.824061391,-9.22859749,5.186469792
7.72449,8.38907,1406.18,0.6728,1.20127,0.560073922,3.966759209,-9.331530819,5.209771889
4.34629,6.13469,2253.61,0.69064,1.17934,0.585615683,2.813429177,-9.146673764,5.433133237
6.53331,13.51443,3237.7,0.74626,0.653619,1.141735476,3.16239214,-8.791941781,5.478950059
4.86799,7.01725,1442.48,0.63382,1.23133,0.51474422,3.984136147,-9.151915093,5.323047721
9.52295,10.82294,1292.73,0.64498,1.0693,0.60317965,2.990192841,-9.265220013,5.17097572
11.13953,21.8367,4332.84,0.81434,0.43704,1.863307706,2.128003494,-8.420368948,5.696649526
8.72821,13.8531,2746.46,0.74116,0.762381,0.972164836,3.16018776,-8.920866332,5.464340358
10.31061,11.13693,2603.63,0.80082,0.748964,1.069236973,1.455827706,-8.735893069,5.60193874
4.83707,7.10977,1457.11,0.56878,1.05149,0.540927636,4.807673014,-9.401949783,4.872218101
3.82945,4.48241,422.386,0.505,1.26627,0.398809101,6.258231903,-9.548721466,4.932841071
7.94106,15.02876,3670.02,0.8106,0.595896,1.360304483,2.047524282,-8.77321264,5.478545361
7.93728,15.03569,3669.99,0.81046,0.595966,1.359909794,2.047519042,-8.740212206,5.565126108
6.29437,6.7326,816.401,0.57104,1.53602,0.371765993,3.935218093,-9.037036413,5.42540643
7.66991,8.43825,1577.1,0.60878,0.899517,0.67678543,3.950070506,-9.143030578,5.245173039
4.45301,6.06535,682.017,0.53446,1.35673,0.39393247,5.25231187,-9.828360334,4.829415542
6.50841,6.88683,1092.12,0.56996,1.28067,0.445048295,4.503905016,-8.876970923,5.750957454
6.57314,6.93182,889.223,0.57194,1.58977,0.359762733,4.372614402,-8.979804698,5.720646407
6.53286,6.92288,846.675,0.55538,1.65406,0.335767747,4.526638749,-8.914152333,5.720977597
6.48693,6.87869,850.375,0.56576,1.63046,0.3469941,4.440931535,-8.986377149,5.70325967
6.50199,6.86565,863.938,0.56868,1.63118,0.348631052,4.442058323,-8.960881283,5.670016731
6.45021,6.84748,822.641,0.56358,1.66996,0.337481137,4.683540039,-8.989088584,5.365568831
7.95608,15.10116,3701.81,0.81036,0.589497,1.374663484,2.012610807,-8.773959609,5.476740702
7.9585,15.1002,3694.3,0.8104,0.589907,1.373775866,2.014587674,-8.784856733,5.544087756
7.9386,15.0923,3694.94,0.81016,0.589907,1.373369023,2.013264435,-8.760173786,5.453747276
7.93691,15.06244,3742.7,0.80926,0.591684,1.367723312,2.027396767,-8.762916117,5.33890683
7.93652,15.0745,3749.18,0.80934,0.590588,1.37039696,2.021905653,-8.744363017,5.400696138
7.93827,15.0805,3753.63,0.80934,0.589428,1.373093915,2.008262245,-8.797220899,5.48797313
7.93483,15.09972,3757.35,0.80928,0.58881,1.374433179,2.004627697,-8.759449006,5.511728238
5.12,12.83,2057,0.68324,0.7175,0.952250871,3.891614784,-9.101379856,5.331597467
4.57521,6.45802,1237.48,0.56584,1.03521,0.546594411,5.063829578,-9.491929682,4.995156351
4.95549,5.57744,1497.21,0.62984,1.06968,0.588811607,4.397544149,-9.160254682,5.410162411
4.43769,9.81867,2426.02,0.71732,0.838672,0.855304577,3.469466278,-9.127922614,5.3896771
4.36946,9.36969,2345.39,0.71128,0.882661,0.805835989,3.510494166,-9.156573181,5.246182575
4.21977,5.14094,324.86,0.4525,1.60723,0.28154029,6.320569889,-9.299293042,5.480266962
6.60905,8.11845,2046.59,0.6414,0.914085,0.701685292,3.540570303,-9.004214516,5.534814892
4.15581,4.72844,111.176,0.43422,2.17734,0.199426824,5.154641675,-9.648304929,5.222499573
9.11981,24.94881,4598.57,0.83746,0.407171,2.056777128,1.917851652,-8.391095031,5.706838404
8.48832,13.20779,4426.29,0.8025,0.514689,1.559193999,2.454478566,-8.668096292,5.574896313
10.72802,11.49386,1127.31,0.6359,1.31034,0.485293893,3.156775522,-8.631947956,5.879015203
4.85253,5.52925,2537.38,0.66302,0.807375,0.821204521,4.424348634,-9.05298105,5.391628457
5.48027,9.63173,2488.5,0.70486,0.666563,1.057454434,3.411076874,-9.006225659,5.37775571
4.2936,5.70322,680.719,0.50462,1.41973,0.35543378,5.616532663,-9.194344738,5.501703922
6.39708,7.09435,1965.67,0.6983,1.10433,0.632329105,3.088139962,-9.333028262,5.227148611
4.56714,5.07559,458.194,0.4833,1.67128,0.289179551,5.73337966,-9.350170588,5.472419683
4.05785,12.81022,2408.02,0.70774,0.771367,0.917513972,3.692205268,-9.178096551,5.321432634
6.8654,20.18098,1072.25,0.61622,0.883011,0.697862201,4.631171294,-8.976412981,5.230315535
3.93225,5.91307,1195.09,0.57774,0.947393,0.609820845,5.129759047,-9.527272214,4.872017818
3.88293,5.76478,1031.08,0.5637,0.975082,0.578105226,5.312934122,-9.564825415,4.831640968
8.10197,9.99333,2016.74,0.66814,0.81142,0.82342067,3.52324196,-9.004028462,5.400350179
3.8157,9.4187,1172.66,0.59984,1.15388,0.519846085,4.857370167,-9.575831533,4.960618263
4.09783,9.48211,1668.31,0.69616,1.10251,0.631431914,2.856004247,-9.52592732,5.045731923
4.49229,6.16997,775.622,0.49054,1.15777,0.423693825,5.66156089,-9.671377593,4.955415845
4.55513,4.98366,816.945,0.52538,1.07707,0.487786309,6.211412415,-9.037592854,5.295883875
12.07725,14.54406,4008.29,0.80904,0.502805,1.609053211,2.185622804,-8.601935091,5.632108763
5.77662,7.72615,938.473,0.5714,1.17897,0.484660339,5.490453311,-9.611147646,4.966919425
5.86346,12.80393,2589.65,0.73358,0.732254,1.001810847,2.82157943,-8.954348948,5.401251162
6.07561,8.59986,1187.48,0.63712,1.33584,0.476943347,3.478636573,-9.359548686,5.173246151
4.1628,7.20254,1873.09,0.63946,0.886931,0.72098055,4.407871698,-9.404452692,5.066994433
4.24331,6.01025,1304.98,0.59982,1.01002,0.593869428,5.05566728,-9.585049527,4.880880355
5.00426,5.91163,914.565,0.56176,1.15595,0.485972577,5.223924563,-8.707257343,5.608295198
6.02504,6.36041,466.314,0.45788,1.39254,0.328809226,4.971879706,-9.650381662,4.850052816
3.90043,5.63611,940.737,0.56404,1.06263,0.530796232,4.945433289,-9.636324969,4.828035629
3.9288,5.58762,938.143,0.561,1.07311,0.522779585,4.993860244,-9.610999911,4.783234147
4.68748,6.39737,1121.31,0.56266,1.04668,0.5375664,5.298828379,-9.236570138,5.348985582
5.91491,7.0104,1465.2,0.61256,1.01758,0.60197724,4.306078806,-9.402758503,5.16769929
3.83248,7.2178,982.123,0.56322,1.09612,0.513830602,4.86969328,-9.854602147,4.834301322
3.92306,5.41094,525.58,0.50398,1.30752,0.385447259,5.874777292,-9.787491875,4.74836256
3.8162,5.19023,541.861,0.49884,1.31984,0.377954904,6.080769181,-10.12013735,4.351269195
3.85018,6.13233,505.793,0.47386,1.37267,0.345210429,5.940378811,-9.755358246,4.94056357
4.49425,6.01281,1757.32,0.61876,1.02042,0.606377766,4.65839974,-9.388348976,5.030808403
4.28425,5.4803,890.741,0.55348,1.08612,0.509593783,6.26756561,-9.077748144,5.478766783
4.66596,8.11285,1591.09,0.6161,1.07811,0.571463023,3.926372657,-9.18555454,5.210958934
4.90341,6.04161,706.596,0.56768,1.78682,0.317704078,4.44765375,-9.149625054,5.446824598
5.33783,6.41625,779.434,0.5883,1.67137,0.351986694,4.101730091,-9.150748992,5.674825618
9.80221,10.90817,1390.23,0.63658,1.08454,0.586958526,2.974842206,-8.63535302,5.836920703
9.9815,11.0404,1415.98,0.64618,1.0737,0.601825463,2.933589111,-8.667613302,5.914187563
9.68892,10.81251,1282.6,0.6241,1.16864,0.534039567,3.219696119,-8.500844764,6.029377216
14.40453,14.69858,1314.52,0.69086,0.993806,0.695165857,3.807836058,-8.34108116,5.968891898
4.05863,5.50924,675.159,0.48386,1.30714,0.370166929,5.457027334,-9.92341348,4.371989895
5.7674,9.21037,2423.82,0.72872,0.890328,0.818484873,2.825246997,-9.112321513,5.344777307
8.26406,11.66545,1399.22,0.63792,1.01014,0.631516423,3.337685129,-9.26232623,5.211177814
13.78223,14.55985,1768.35,0.66548,0.784824,0.847935333,3.804972275,-8.944305186,5.093964253
5.32518,5.69577,584.031,0.45438,1.3733,0.330867254,5.306271454,-9.407088603,5.019437987
7.02568,8.26904,1757.09,0.64034,1.05459,0.607193317,3.625772245,-9.240801456,5.299900566
4.56467,7.5362,626.229,0.52822,1.31454,0.401828777,4.575012976,-9.82861589,4.771804698
6.65728,13.17739,2175.87,0.72038,0.881906,0.816844426,3.346854581,-9.027036128,5.377440279
6.67449,13.23241,2204.67,0.72128,0.876399,0.823004134,3.332292672,-9.052075441,5.410915625
4.09866,6.92788,634.011,0.5611,1.5951,0.35176478,4.747698037,-9.901435191,4.773102827
4.63026,4.96727,535.005,0.47418,1.29284,0.366773924,6.405527789,-9.309623528,5.146080026
4.24915,4.96103,508.955,0.46122,1.44232,0.319776471,6.045510905,-9.753225876,4.867555957
5.6534,7.52412,1311.35,0.56146,1.03145,0.544340492,4.770010049,-9.326156526,5.139429826
5.87256,7.70412,1344.5,0.5635,1.02639,0.549011584,4.70899138,-9.368712685,5.17561251
5.85542,7.66591,1311.66,0.56478,1.02962,0.548532468,4.724367631,-9.315279856,5.144287345
5.84066,7.68055,1302.26,0.56552,1.02599,0.551194456,4.71495089,-9.310908087,5.017293152
5.87796,7.6755,1329.6,0.566,1.02659,0.551339873,4.715704099,-9.351642788,5.204134057
5.80686,7.61946,1301.82,0.56382,1.03101,0.546861815,4.741159683,-9.323619476,5.103222763
3.97544,4.76594,1042.83,0.50466,1.17247,0.430424659,6.278969346,-9.112587371,5.310263906
3.93529,5.17234,278.396,0.4662,1.20763,0.386045395,6.978019503,-10.09406351,4.872318251
4.889,7.82073,899.199,0.54798,1.29296,0.423818216,3.872987639,-9.533017225,5.147060278
4.95438,7.90715,908.856,0.54708,1.29448,0.422625301,3.851672649,-9.541743647,4.889518457
9.55837,11.66692,3446.24,0.77694,0.599196,1.296637494,2.283454043,-8.705456254,5.539716655
3.81154,4.91554,302.303,0.46388,1.42961,0.324480103,6.038998829,-9.57413242,4.807545563
5.32796,9.40759,1373.72,0.65316,0.921844,0.708536368,4.055401776,-9.375322489,5.129058552
5.48397,9.58037,1443.13,0.6563,0.89011,0.7373246,3.906441502,-9.336498614,5.1287311
6.34934,7.54991,1827.1,0.67696,1.01424,0.667455435,3.60724396,-9.212378769,5.240835786
6.609,9.78512,4388.3,0.76586,0.532137,1.439215841,2.880196692,-8.757191481,5.330706025
5.07129,5.64907,808.203,0.50172,1.2313,0.407471778,5.402164866,-9.788767063,4.659972179
4.92542,5.30336,904.3,0.54002,1.19355,0.452448578,4.940489325,-8.815404276,5.517715496
4.88912,5.25442,896.628,0.53448,1.20931,0.441971041,5.015239328,-8.857635802,5.350437971
4.9355,5.40311,966.824,0.54358,1.1935,0.455450356,4.958660415,-8.827756653,5.516778401
4.88245,5.24171,873.584,0.53678,1.21123,0.44316934,5.021057779,-8.856716135,5.671388787
4.95925,5.42751,922.896,0.54634,1.17969,0.463121668,4.889907039,-8.857781172,5.795258094
4.69215,5.21289,678.287,0.48598,1.27198,0.382065756,5.74843848,-9.843107752,4.769856414
5.49511,6.10412,919.561,0.51716,1.18923,0.434869622,5.212347602,-9.736107475,4.736951981
5.42401,6.09975,919.926,0.5164,1.18953,0.434121039,5.1813272,-9.683622878,5.10819749
5.47386,6.14785,931.39,0.52082,1.1794,0.441597422,5.15658354,-9.748939637,5.018510997
9.44256,10.30257,981.807,0.58932,1.08662,0.542342309,3.622174007,-8.813694481,5.559658947
10.04078,10.44279,986.401,0.59344,1.07967,0.54964943,3.581134847,-8.783213917,5.696895724
7.39459,7.6174,2575.84,0.68964,0.871398,0.791417928,3.982546566,-9.027463205,5.381051822
4.2806,6.36296,1326.63,0.60576,1.20693,0.501901519,4.690242385,-9.113919388,5.595973939
6.74493,12.05622,3576.51,0.78288,0.618537,1.265696312,2.555562812,-8.710093924,5.472755147
7.01697,8.19723,1100.36,0.61842,1.37403,0.450077509,4.192368743,-9.345037184,5.131308418
4.29241,4.96705,308.607,0.41458,1.47907,0.280297755,6.476866259,-9.577808471,4.79657526
4.26488,4.95272,316.35,0.42548,1.45304,0.292820569,6.403587771,-9.55426978,4.752087584
5.20447,5.51433,500.088,0.44822,1.39065,0.322309711,5.46301849,-9.599259509,5.424337168
3.90767,5.34449,659.675,0.47608,1.19766,0.397508475,6.618932532,-9.271160816,5.303214574
4.69426,5.32382,317.386,0.4246,1.65668,0.256295724,6.002356817,-9.281951653,5.243597572
4.51055,5.18677,338.329,0.42572,1.52314,0.279501556,6.07628624,-9.444943613,5.173801911
5.19927,10.24604,2927.81,0.723,0.774705,0.933258466,3.366546513,-8.983055649,5.413960682
4.24517,5.44824,1365.14,0.62774,1.10783,0.566639286,4.796064646,-9.412200705,5.130847234
3.98212,5.38373,1169.79,0.60824,1.15006,0.528876754,5.016641177,-9.482553178,5.078395386
4.49786,5.94944,1679.34,0.64166,1.06091,0.60482039,4.424194363,-9.353450594,5.193045039
4.1915,5.76423,1444.82,0.62674,1.09839,0.570598785,4.60881623,-9.389629473,5.091595239
4.42912,5.58853,1453.05,0.62874,1.09003,0.576809813,4.662752141,-9.409143329,5.185537151
4.25931,7.74379,1930.06,0.67216,0.9596,0.700458524,3.576019121,-9.324539981,5.128728039
5.2032,6.77313,1701.91,0.65054,1.14435,0.568479923,4.174311083,-8.977296721,5.513018237
4.14354,5.32617,1702.56,0.67174,1.10004,0.610650522,3.290781947,-9.499586209,5.005376974
4.15643,5.36278,1736.17,0.67378,1.09674,0.614347977,3.279884629,-9.48408768,4.76658789
7.97271,18.51843,3994.77,0.80888,0.531149,1.522887175,2.183480069,-8.59405993,5.604593798
7.96401,18.83938,4063.31,0.80806,0.527426,1.532082226,2.175664561,-8.599872735,5.599753265
4.32368,5.82132,1064.91,0.56054,1.24497,0.450243781,5.757061692,-8.944564577,5.608480667
4.13773,5.34824,563.617,0.4917,1.34089,0.366696746,5.463163848,-9.514031815,4.979659358
4.14932,5.34764,577.376,0.49112,1.34276,0.365754118,5.474131877,-9.536137952,5.227613337
6.89727,8.49976,1056.16,0.57166,1.31953,0.433230014,4.134380571,-9.463011108,4.976718447
4.83873,5.08726,624.944,0.46016,1.27292,0.361499544,6.131895895,-9.197723355,5.284897506
5.15007,7.43512,2357.33,0.67048,0.84804,0.790623084,3.689789115,-9.152382733,5.187528617
16.76415,16.84369,1930.1,0.75648,0.692416,1.092522414,2.370435434,-8.055590718,6.142634693
16.82951,16.91027,1944.02,0.75698,0.672455,1.125696143,2.316848945,-8.039043184,6.141448637
16.82254,16.90358,1941.99,0.75824,0.671459,1.129242441,2.326160318,-8.040694438,6.092959793
16.81333,16.8944,1939.29,0.75818,0.672143,1.128004011,2.329248444,-8.044227814,6.025569209
16.84467,16.92569,1942.31,0.75908,0.669653,1.133542297,2.331421875,-8.031590169,6.372753933
5.59961,14.89833,2197.65,0.6694,0.684242,0.978308844,3.61171301,-9.188207198,5.075665485
4.30891,5.59771,1136.47,0.55448,1.06696,0.519682087,5.430542251,-9.329674808,5.049159662
4.73878,9.63659,1926.46,0.64786,0.905495,0.715476066,4.582826257,-9.322662247,5.045337971
4.63709,9.00352,1350.84,0.6343,0.93614,0.677569594,4.77504778,-9.359973404,5.044408619
8.5918,11.35798,2735.31,0.72182,0.674777,1.069716366,3.914288048,-8.978668847,5.446441872
7.72647,8.91518,1155.3,0.55596,1.0088,0.55111023,3.964845444,-9.234738566,5.291636737
4.25525,7.03566,1389.12,0.5956,1.12855,0.527756856,5.086831051,-9.247964873,5.266660294
7.53558,9.31006,4330.66,0.7641,0.580679,1.315873314,2.886463818,-8.73988649,5.588154649
3.81259,6.20608,631.842,0.53298,1.48643,0.358563807,5.028185499,-9.942044217,4.560338172
4.88112,7.54049,1255.76,0.59464,1.17286,0.506999983,4.484654483,-9.392732947,4.971541989
3.91181,6.25491,723.011,0.54414,1.39707,0.389486568,4.933571543,-9.69078584,5.099489263
5.16476,6.25712,1204.77,0.56588,1.06941,0.529151588,5.285992666,-9.325290033,5.119004758
5.90628,7.14471,2029.65,0.64238,0.87799,0.731648424,3.96082475,-9.081390051,5.27854134
6.64351,8.52239,2997.89,0.70128,0.716016,0.979419454,3.275053506,-8.879946151,5.387458952
9.04853,12.50004,3196.15,0.76914,0.6224,1.235764781,2.71674645,-8.659397046,5.731212073
3.80425,4.17698,119.352,0.3985,1.75068,0.227625837,6.565237023,-10.05450513,4.557240928
6.5651,8.76979,1949.75,0.72074,1.23234,0.584854829,2.201424325,-9.037174441,5.499607715
6.72598,9.46149,1886.94,0.72764,1.3222,0.550325216,1.72037294,-9.024764613,5.55914294
6.14293,6.51956,1175.52,0.62042,1.25239,0.495388817,4.559749062,-8.740314252,5.757563934
11.50288,12.58218,3197.52,0.75846,0.603307,1.257170893,2.808408715,-8.779833199,5.464247724
3.93087,5.33307,1132.67,0.60896,1.15662,0.526499628,5.083851682,-9.495937874,4.980821704
5.08903,7.68734,1366.39,0.56048,1.09108,0.513692855,4.886864303,-9.189241698,5.412888147
4.52002,13.35543,1960.77,0.69226,0.978068,0.707783099,3.709934251,-9.223530482,5.228794688
4.52582,13.6466,1943.27,0.6941,0.969419,0.71599587,3.598545667,-9.219907364,5.229449727
4.33422,5.77585,1426.67,0.61016,1.19211,0.511831962,4.410316618,-9.512796179,5.060144443
8.11803,12.26016,1739.43,0.6458,0.845073,0.764194336,4.042031074,-9.500574485,5.036513289
7.20564,13.36085,3517.67,0.80198,0.61631,1.301260729,2.09661048,-8.831088815,5.404136627
3.81053,4.41097,823.104,0.56806,1.23944,0.458319886,5.74828353,-8.95685704,5.528308024
4.86322,7.46107,857.469,0.53892,1.31027,0.41130454,4.015140019,-9.621311536,4.975998468
4.65771,6.51326,1287.52,0.64626,1.72938,0.373694619,3.226724777,-9.419024364,5.220807922
7.78405,8.80758,3007.7,0.7064,0.713822,0.98960245,2.928982399,-8.865364375,5.489030184
7.9588,15.10806,3733.68,0.8119,0.589231,1.377897633,2.018168127,-8.750295152,5.468439815
7.9644,15.09714,3732.07,0.8123,0.589873,1.377076082,2.016391888,-8.771956151,5.572638327
7.96701,15.09349,3729.23,0.81226,0.590379,1.37582807,2.018455065,-8.719996676,5.459339131
7.95718,15.08596,3726.04,0.81206,0.591119,1.37376738,2.019937484,-8.765716793,5.514383453
7.96677,15.08284,3722.2,0.81234,0.591387,1.373618291,2.022719053,-8.763855403,5.47162814
7.96595,15.0609,3719.16,0.81248,0.59208,1.372246994,2.025867679,-8.748836901,5.522610163
7.96658,15.05711,3720.94,0.81252,0.592451,1.371455192,2.030170472,-8.76628747,5.475216779
7.9668,15.06038,3720.32,0.81244,0.592912,1.370253933,2.032450655,-8.76036833,5.517948032
7.96703,15.0563,3717.05,0.8128,0.593319,1.369920734,2.043318366,-8.769891154,5.519367368
7.9598,15.04191,3715.38,0.81252,0.593843,1.368240427,2.043659966,-8.746017469,5.502165261
7.97451,15.04391,3710.62,0.8128,0.594416,1.367392533,2.049849157,-8.766742278,5.446654532
7.97184,15.03142,3711.51,0.81292,0.59483,1.36664257,2.051682083,-8.775508981,5.516254658
7.96935,15.01657,3707.4,0.81264,0.595342,1.364996926,2.053130444,-8.742296681,5.481713545
7.96738,15.02896,3710.21,0.8128,0.595661,1.364534526,2.056420708,-8.756679063,5.445557117
7.97064,15.01042,3702.77,0.81282,0.596285,1.363140109,2.059369209,-8.77652834,5.544328113
7.97129,15.00796,3704.87,0.81292,0.596423,1.362992373,2.060094977,-8.745534231,5.471476835
7.97632,15.0088,3696.74,0.81288,0.597424,1.360641688,2.064958015,-8.757900596,5.516992784
7.97705,15.00013,3695.84,0.81298,0.597792,1.359971361,2.066332632,-8.768892458,5.499968892
7.97713,14.99731,3685.48,0.81244,0.598677,1.357058982,2.068406056,-8.768055237,5.462481185
7.96906,14.99836,3688.78,0.81264,0.598642,1.357472413,2.068709708,-8.761962559,5.542603785
4.9389,5.99664,1343.51,0.59356,1.0207,0.581522485,4.936402055,-9.54193017,5.044385882
4.93271,5.99775,1299.56,0.59376,1.0207,0.581718429,4.937590219,-9.557253612,4.811053717
5.88092,6.70296,699.937,0.508,1.13456,0.44775067,6.138736484,-9.507592491,4.981103847
6.39591,7.14805,816.546,0.5268,1.06573,0.494309065,5.681147621,-9.454555537,4.849176656
4.92206,5.77868,450.432,0.44054,1.33529,0.329920841,4.814033761,-9.664825695,4.749260428
4.10839,5.75215,381.453,0.46882,1.40367,0.333995882,6.10232269,-9.434014161,5.225382582
6.55932,6.80526,761.982,0.4989,1.25428,0.397758076,4.693806167,-9.597698223,5.029518515
6.16155,6.57786,699.718,0.4753,1.31122,0.362486844,4.952900121,-9.63695515,5.008500005
5.84627,6.33392,643.917,0.4538,1.36545,0.332344648,5.267138207,-9.620076722,5.015558756
5.51061,6.12857,581.507,0.42362,1.44911,0.292331155,5.726208597,-9.675261933,4.911980639
5.36819,6.06597,565.769,0.41006,1.49008,0.275193278,5.94435654,-9.684112997,5.032201301
9.75442,11.1144,1198.49,0.6065,0.986032,0.615091599,4.052571774,-8.823061404,5.463888518
10.81199,11.16343,1207.56,0.61772,0.974993,0.633563523,3.994684205,-8.799181945,5.685945235
4.28533,4.71676,490.81,0.49148,1.30405,0.376887389,7.480760656,-8.342006891,5.991798714
6.55778,6.89591,1456.1,0.60374,1.0419,0.579460601,4.389728185,-8.289577063,5.815356093
4.19114,6.49396,1300.84,0.6386,1.29248,0.494088883,4.059104857,-9.549688271,5.000621961
4.97088,6.11636,1749.73,0.64934,1.14225,0.568474502,4.089552365,-8.981267129,5.363834035
5.04442,8.81867,931.976,0.55066,1.25296,0.439487294,4.320803616,-9.497067543,5.088311923
5.33808,6.56785,1901.46,0.66442,1.09158,0.60867733,3.775001642,-9.130455785,5.534623666
5.36,7.39,519.307,0.54734,1.56979,0.348670841,4.477043548,-10.18826858,4.483679996
6.44619,12.4058,3466.74,0.76078,0.643237,1.18273669,2.952975405,-8.709151524,5.471492837
6.38821,10.49302,3032.56,0.7415,0.743714,0.997023049,2.995638285,-8.871924061,5.606831896
9.81049,13.18784,4606.36,0.80924,0.452893,1.786823819,2.312993651,-8.481155188,5.694948472
4.13382,6.66105,568.967,0.53772,1.61442,0.333073178,4.641250453,-10.0137051,4.675014253
3.89777,6.45765,525.444,0.54148,1.36487,0.396726428,5.104000338,-10.00837038,4.605781678
4.51564,5.66644,2275.65,0.67634,0.981281,0.689241919,3.135516019,-9.371811815,4.993903165
4.05435,4.73204,319.964,0.4277,1.35155,0.316451482,6.186727053,-9.673071753,5.005906152
4.8264,5.98746,685.982,0.53052,1.48355,0.357601699,5.103419563,-9.579795368,5.103868829
9.20377,14.80939,1800.7,0.70398,0.851944,0.826321918,2.237028694,-8.962950288,5.425210872
4.07958,6.88524,1285.3,0.62358,1.18758,0.525084626,4.584632793,-9.450967784,5.212713052
5.61485,6.87631,2115.17,0.63956,0.939106,0.681030682,3.90718682,-9.198111414,5.2732003
4.90421,6.77584,1010.01,0.56156,0.994946,0.564412541,4.79799424,-9.146936321,5.315763315
4.88256,6.98839,1580.21,0.61206,0.920367,0.665017325,4.692455433,-9.48363242,4.933221694
4.58005,5.20828,834.689,0.52362,1.11938,0.467776805,5.366216289,-9.528362451,5.125404162
4.16361,5.04646,673.074,0.50424,1.19416,0.422254974,5.742001641,-9.462474548,5.093513818
11.95813,12.29446,2060.41,0.68504,0.744524,0.920104657,3.337612228,-8.896299165,5.385586029
8.44595,9.12886,1014.72,0.56214,1.00188,0.56108516,3.48113812,-9.17591941,5.061050753
7.36383,7.68803,1876.75,0.62688,0.950247,0.659702162,3.822585365,-9.075942751,5.334544785
3.97712,7.7972,937.557,0.58572,1.1623,0.503931859,6.008141908,-9.679374561,4.869736141
8.31199,10.7008,2986.32,0.7021,0.628411,1.117262429,3.529523585,-8.999410945,5.218995876
6.63386,18.89368,3744.38,0.79456,0.562193,1.413322471,2.457581551,-8.628577604,5.607692033
5.88693,6.89695,856.577,0.55542,1.44086,0.385478117,4.896263113,-9.163844626,5.423989084
3.96893,6.00569,202.584,0.52692,1.13245,0.465292066,5.942696164,-10.07415147,4.722437996
4.39477,7.09727,2140.05,0.63992,0.950443,0.673286036,4.082146524,-9.211505348,5.301249161
5.12372,5.82935,1462.81,0.63114,1.29204,0.488483329,3.772726262,-9.171262029,5.385598319
5.98915,7.03715,811.644,0.53062,1.28044,0.414404423,4.202349378,-9.797549469,4.741715176
12.65122,13.44844,2394.71,0.76104,0.869875,0.874884322,2.629846429,-8.949688572,5.384879255
13.34985,14.169,2503.1,0.77684,0.845802,0.918465551,2.466046518,-8.903981553,5.474145003
6.76783,8.36355,1063.58,0.56354,1.33052,0.423548688,4.198051596,-9.49860612,5.1091582
5.00492,7.33223,1791.86,0.61622,0.937356,0.65740231,4.384311223,-9.193275382,5.29778799
6.43303,7.42883,2114.3,0.64898,0.851362,0.762284434,3.780918194,-9.022784252,5.384886816
6.72764,7.7279,2730.5,0.7229,0.803714,0.899449307,3.375246377,-8.758068083,5.593723574
5.68293,7.16636,2617.08,0.69684,0.873364,0.79788038,3.835332008,-8.886954581,5.552763934
5.1578,5.66812,807.237,0.5395,1.35058,0.399458011,5.107570317,-9.313405315,5.305051179
7.67137,8.4023,1269.75,0.59786,1.09338,0.546799832,3.72870874,-9.117209815,5.559834165
4.17251,6.53947,360.568,0.46198,1.42791,0.323535797,6.313193713,-10.08543065,4.537874496
9.57746,15.66484,1739.47,0.73392,0.72296,1.015159898,2.685716059,-8.84495293,5.641076676
3.84006,4.32673,1152.08,0.5859,1.1945,0.490498116,5.474959566,-9.225227647,5.330296028
4.92678,6.29282,1608.3,0.60312,1.05196,0.573329784,4.302467772,-9.112881096,5.461098983
6.07222,6.23863,1178.37,0.53452,1.11938,0.477514338,5.197571045,-8.725444425,5.733462494
6.06718,6.23732,1176.05,0.5353,1.12213,0.477039202,5.215774558,-8.732106313,5.601455175
4.06197,5.74941,588.733,0.49136,1.46194,0.336101345,5.215895651,-9.380758905,5.398920611
3.99796,4.52715,364.836,0.45408,1.63451,0.277808028,6.680234897,-9.1278683,5.399855087
4.70268,5.01289,547.821,0.47896,1.56754,0.305548822,6.219663011,-8.699511619,5.901789343
8.31604,10.41333,5242.19,0.82044,0.437831,1.873873709,2.160289427,-8.375608541,5.833573287
4.18445,4.53887,261.63,0.3603,1.74664,0.206281775,5.313515522,-9.549734975,5.223187573
4.1748,8.21773,1243.33,0.63422,1.2028,0.527286332,3.678412558,-9.765111526,4.793318424
4.10631,6.32737,710.499,0.4954,1.16822,0.424063961,5.723029111,-9.726468244,4.876545073
5.78841,7.52321,681.896,0.49768,1.16388,0.42760422,4.420093624,-9.370235025,5.174336191
3.87482,5.2589,849.63,0.5277,1.10135,0.479139238,5.255579809,-9.603562863,4.970284043
11.45257,12.52913,3472.5,0.77288,0.578749,1.335432113,2.657149506,-8.728028444,5.463210711
4.33133,5.94588,1408.15,0.5951,1.22585,0.485459069,4.961548233,-9.076719725,5.527087876
4.01579,5.07535,1014.46,0.6212,1.15907,0.535946923,5.12982267,-9.333250293,5.157868086
4.75767,5.54429,1518.35,0.63618,1.04137,0.610906786,4.290849864,-9.112086925,5.251084562
4.10902,5.15523,508.14,0.53648,1.47553,0.36358461,5.858487448,-9.937047341,4.589498101
4.18602,8.84631,1706.18,0.70336,1.16199,0.605306414,2.904557431,-9.542584875,5.063266972
4.15241,8.86151,2272.72,0.7026,0.875522,0.802492684,2.994191993,-9.363894384,5.009153368
4.32605,9.01357,2021.65,0.7095,1.00423,0.706511457,2.77250221,-9.402972039,5.147851952
4.19423,8.82176,1851.46,0.70298,1.0822,0.64958418,2.86738645,-9.48224105,4.983422607
4.22407,8.85655,1858.54,0.70442,1.08196,0.651059189,2.846660712,-9.426190008,5.062602771
3.85164,4.48006,403.303,0.48398,1.14611,0.422280584,6.304822687,-10.16855859,4.374836196
4.41446,7.10434,2627.19,0.6595,0.83655,0.788356942,4.272726977,-9.136057015,5.219210741
4.94837,7.12232,2718.62,0.6713,0.851796,0.788099498,4.163579327,-9.075186318,5.309542525
4.98216,13.45228,2293.51,0.69998,0.776126,0.901889642,3.791539769,-9.249334994,5.169572392
3.93626,6.53453,925.52,0.57176,1.34798,0.424160596,4.922125925,-9.62658949,5.037523693
6.68911,7.56745,1388.82,0.60116,1.07613,0.558631392,3.801646552,-9.333752142,5.209639031
5.75072,7.96067,3754.58,0.70468,0.695846,1.012695338,3.485497821,-8.804227539,5.624117793
10.97665,11.35149,1225.51,0.6367,1.17524,0.541761683,3.071417572,-8.607928923,5.741213119
10.64646,11.39615,1263.84,0.6358,1.17113,0.542894469,3.003630499,-8.837715358,5.762180526
3.9227,5.87047,1170.69,0.57814,0.947947,0.609886418,5.140950818,-9.576046906,4.869752975
5.59872,9.09863,4362.91,0.74034,0.664973,1.113338436,3.25526783,-8.669988155,5.65350193
5.28522,5.86925,622.29,0.51114,1.2305,0.415392117,5.346732054,-9.793449729,4.753268153
7.0244,7.6924,2764.13,0.71946,0.745846,0.964622724,3.330311555,-9.244606137,5.096188616
6.52553,15.82314,4632.88,0.81398,0.498918,1.631490546,2.192335228,-8.518901258,5.659407839
7.59757,9.49894,663.183,0.5598,1.33539,0.419203379,5.047169167,-9.289715828,5.281163076
4.61131,6.91043,1017.19,0.60786,1.03281,0.588549685,5.543583384,-9.280514126,5.301228041
9.32321,11.60468,4172.94,0.78064,0.548188,1.424037009,3.0461057,-8.651140155,5.55921383
5.99671,8.21752,2560.23,0.6714,0.756185,0.887877966,3.398902291,-9.108652697,5.383781995
4.51456,4.9876,1231.58,0.56248,1.17458,0.478877556,6.425121385,-9.144781152,5.394682185
4.61701,5.92864,1579.5,0.59556,0.974569,0.611100907,4.865069701,-9.401218313,5.127630765
4.77821,7.34019,931.923,0.53066,1.20148,0.441671938,4.120942881,-9.478650825,5.167576204
3.81829,4.68942,534.254,0.51702,1.2394,0.417153461,6.305471818,-9.494351494,5.038111166
3.98304,5.81645,565.926,0.52228,1.24255,0.420329162,6.176139687,-9.348714868,5.085009157
4.53855,5.41485,1150.94,0.5581,1.12052,0.498072324,5.710967687,-9.272096087,5.194575004
4.29457,4.82648,456.358,0.50178,1.65303,0.30355166,6.304030602,-8.836430787,5.799395133
3.9894,4.88877,299.281,0.47486,1.93052,0.245975178,6.233153376,-9.182311399,5.390963602
5.46518,12.53445,1289.47,0.56904,1.01277,0.561864984,3.783100589,-9.464421537,5.009939861
5.76203,12.25139,1189.1,0.57394,1.08035,0.53125376,3.538691092,-9.440793337,5.049508633
3.92618,6.24498,1022.49,0.55392,1.0314,0.537056428,5.699882523,-9.258861676,5.174641248
7.09602,8.07265,2422.23,0.68164,0.782971,0.870581414,3.522156192,-9.035519509,5.185270939
5.93133,6.98127,890.635,0.52726,1.4203,0.37123143,4.492565791,-9.113533876,5.655035098
5.78544,6.94552,898.23,0.52968,1.42342,0.372117857,4.506326467,-9.113242324,5.489320488
5.86962,6.83817,889.508,0.5302,1.42399,0.372334075,4.508321082,-9.077257587,5.589699868
5.56467,6.36623,842.592,0.51528,1.45681,0.353704327,4.668400434,-9.397099198,5.315701492
5.69528,6.30801,800.709,0.5157,1.46389,0.352280568,4.687969439,-9.418581492,5.3117215
5.73709,6.35462,806.051,0.5193,1.45754,0.356285248,4.673909324,-9.367117683,5.251046748
7.94511,15.05129,3807.69,0.80684,0.572296,1.409829878,1.970843949,-8.761165419,5.529511267
3.89562,4.95109,346.743,0.45784,1.53728,0.297824729,6.94640074,-9.208821741,5.536830332
10.66951,12.40074,261.375,0.5033,2.29878,0.218942222,2.645590338,-9.572858169,5.289541327
4.06012,4.68454,1720.08,0.61792,1.064,0.58075188,5.281360158,-8.915351379,5.570952026
4.09054,4.66904,1961.83,0.62058,0.942406,0.658505994,5.300588333,-8.860187392,5.556913418
14.88459,27.51057,5109.54,0.8912,0.279595,3.187467587,1.281884265,-7.997284557,5.862455052
17.55175,32.00355,5397.23,0.91408,0.223433,4.091069806,1.026035946,-7.766323847,6.049006258
5.18074,6.21117,657.788,0.52526,1.9388,0.270920157,3.600951716,-9.513970569,5.253403824
7.36423,14.03164,3398.26,0.76644,0.622681,1.230871024,2.95751811,-8.719205705,5.540411155
4.64365,7.4378,1852.85,0.66194,1.2326,0.537027422,3.462364029,-8.956712596,5.555070804
4.62821,7.45855,1867.84,0.66254,1.23037,0.538488422,3.513512819,-8.981849601,5.60853642
4.63983,7.44488,1886.24,0.66764,1.22204,0.546332362,3.457743809,-8.94277077,5.579595937
3.80136,15.21973,1606.47,0.65618,0.83569,0.785195467,4.39771609,-9.495717843,4.957692025
9.24875,10.42385,2687.06,0.69516,0.730648,0.951429416,3.627553503,-8.873748756,5.532099317
7.14498,7.96983,1337.17,0.60668,0.958363,0.633037795,3.835171968,-8.941578388,5.448921167
4.01238,5.92635,750.252,0.4782,1.28472,0.372221184,5.973044413,-9.785973144,4.800605837
5.25211,5.8871,3067.58,0.68744,0.735505,0.934650342,4.308748617,-9.067891796,5.261281936
7.47639,9.48433,4481.6,0.76522,0.558554,1.370001826,3.028794584,-8.692724735,5.474319692
4.4136,4.79937,922.745,0.56152,1.0571,0.531189102,5.886099338,-9.536471526,4.945908512
6.01154,10.63837,1715.22,0.6658,1.05177,0.633028134,2.836863516,-9.318872612,5.178400757
6.40748,11.85606,2432.39,0.70664,0.818223,0.863627642,3.184999212,-9.020730632,5.553027725
5.58563,10.22437,848.979,0.58042,1.32883,0.436790259,4.793788884,-9.312857751,5.440170592
3.91942,5.69424,702.206,0.52968,1.32791,0.398882454,5.447859681,-9.615333931,4.905631938
4.46882,5.86863,814.822,0.5147,1.13108,0.455051809,5.389234095,-9.821726165,4.673217384
4.85174,9.1257,1754.48,0.65068,0.956862,0.680014464,4.029143604,-9.345087871,5.193508445
7.78516,8.39896,1416.38,0.6729,1.2112,0.555564729,3.956694238,-9.266553532,5.303493135
7.63206,8.3208,1398.14,0.6715,1.20763,0.556047796,3.893847804,-9.21997011,5.239607325
7.68868,8.38921,1449.74,0.6767,1.19762,0.565037324,3.880507311,-9.231214173,5.37260905
7.77175,8.52507,1515.24,0.67936,1.1812,0.575143921,3.811164564,-9.204875185,5.245639979
5.11208,5.28259,1073.07,0.53488,1.1717,0.456499104,5.621140795,-9.231457721,5.104102889
5.01808,5.62673,1063.86,0.54826,1.04593,0.524184219,5.184976444,-8.712763552,5.861422555
6.79716,8.11946,2907.11,0.69544,0.764763,0.909353617,3.836040775,-8.933401027,5.250591763
7.7906,14.86103,3581.77,0.80918,0.603194,1.341492124,1.800065806,-8.709845438,5.596204445
7.99069,14.78223,3534.32,0.81566,0.60575,1.346529096,1.847191547,-8.693532824,5.612177495
7.84915,14.90522,3655.31,0.8114,0.595293,1.363026274,1.774695838,-8.723069171,5.502385792
4.60018,4.94474,269.237,0.38192,1.61734,0.236140824,6.2530848,-9.466362424,5.414283436
4.5825,4.93426,254.43,0.37962,1.61551,0.234984618,6.230556494,-9.498272811,5.180817649
4.21812,4.9219,271.429,0.49422,1.56689,0.315414611,5.882832048,-10.04647085,4.505889354
4.61383,4.9549,428.613,0.53188,1.45912,0.364521081,5.372675772,-9.944215737,4.873951538
4.9317,5.26068,429.037,0.51028,1.52336,0.334970066,5.708119256,-9.655583774,4.896480422
4.54107,5.40858,755.787,0.53782,1.66638,0.322747513,4.678360375,-9.041648548,5.584139948
10.66621,11.48526,1250.72,0.65222,1.19832,0.544278657,3.125022624,-8.639095156,5.692904373
4.69936,6.1592,2023.02,0.60826,1.00061,0.607889188,4.069163239,-9.018104067,5.525629245
4.25994,5.57218,1369.5,0.5393,1.06467,0.506541933,5.405996661,-9.217293699,5.305846732
4.39499,5.39399,1586.34,0.55578,1.00245,0.554421667,5.411846299,-9.09208512,5.504624696
5.48184,6.02005,1629.74,0.61018,0.946326,0.644788371,4.45757191,-9.055382008,5.162091072
6.59726,9.36325,1069.71,0.63646,1.43951,0.44213656,3.203964548,-8.931172779,5.558551832
4.77174,6.32793,1528.34,0.60334,1.06743,0.56522676,4.614054246,-9.270359994,5.30818946
3.86536,5.06822,434.706,0.48418,1.18684,0.407957265,6.308798532,-9.90213116,4.842636766
4.45805,6.7664,1603.21,0.63014,1.03972,0.606067018,4.989429126,-9.040176478,5.390831457
9.89769,10.10107,1308.1,0.60726,1.02317,0.59350841,4.617272106,-9.21696877,5.262628365
5.78938,6.93743,1149.02,0.54196,1.14165,0.474716419,4.607727767,-8.944714672,5.53627922
5.59501,6.24477,1005.23,0.52626,1.19392,0.440783302,4.929511253,-9.279375297,5.221086109
5.49275,6.20964,955.494,0.5279,1.19566,0.441513474,4.93111785,-9.358773325,5.356955965
5.73918,6.47898,1033.77,0.53274,1.16985,0.455391717,4.80675908,-9.300068973,5.144099738
5.40754,6.29424,986.152,0.5257,1.19809,0.438781728,4.950960598,-9.310067502,4.928882256
5.83765,6.59897,1086.17,0.5368,1.15867,0.463289806,4.715257451,-9.294594118,5.246416015
5.70328,6.32198,1015.15,0.52608,1.18747,0.443025929,4.882200235,-9.264673588,5.278643569
5.65537,6.40452,1034.65,0.53292,1.17792,0.452424613,4.830064382,-9.316103471,5.273567513
8.36752,9.32517,716.851,0.59946,0.982387,0.610207586,5.260899023,-9.183141471,5.557719481
6.30977,7.91316,1470.27,0.64896,1.24187,0.522566774,3.258650848,-9.246906357,5.354573057
3.87698,5.91571,450.292,0.57418,0.866172,0.662893744,5.713109047,-9.307059428,5.009313111
3.93075,5.92167,1162.63,0.58732,0.871868,0.673634082,5.733061609,-9.338025776,4.931218292
4.32228,6.00836,2319.05,0.68348,0.799722,0.85464699,3.722959951,-9.270979875,5.007394337
4.33549,6.01151,2318.12,0.6848,0.794607,0.861809674,3.611709416,-9.258424321,5.095782007
4.25115,4.82032,471.033,0.48978,1.27602,0.383834109,6.262453089,-9.264465919,5.229063987
4.35876,4.99291,499.76,0.4878,1.27773,0.381770797,6.216439616,-9.1568679,5.234316609
6.87272,10.89201,3087.28,0.75016,0.722737,1.037943263,2.870749277,-8.841940359,5.397137444
3.85397,5.84014,651.999,0.5233,1.503,0.348170326,4.547988109,-9.876078582,4.81849504
5.75569,9.16707,2443.85,0.72936,0.884237,0.824846732,2.80825049,-9.122831117,5.350173293
10.6662,12.21539,4621.92,0.82578,0.463781,1.780538659,2.025564915,-8.522090183,5.556181081
3.8636,4.95462,419.322,0.48308,1.17037,0.412758358,6.718873957,-9.83513536,4.664198248
7.73253,8.93677,1534.47,0.61018,0.94358,0.64666483,4.202358608,-9.244539648,5.277552201
7.13769,8.30406,1458.88,0.59606,0.977056,0.610057151,4.525404168,-9.261234056,5.178646117
7.37969,8.44223,1439.64,0.59782,0.972998,0.614410307,4.409789712,-9.238244636,5.165173417
7.09842,8.04827,1440.66,0.59318,0.982079,0.604004362,4.594756117,-9.265993755,5.147381937
7.49178,8.31415,1480.4,0.60074,0.960232,0.625619642,4.365239379,-9.275051504,5.226835792
7.73882,9.08651,1537.62,0.6123,0.939446,0.651767105,4.180787678,-9.257311938,5.225535855
3.83063,4.68867,641.91,0.5329,1.17021,0.455388349,6.019106787,-9.790179101,4.626390115
7.8304,8.65239,3051.99,0.7382,0.77452,0.95310644,2.874217865,-8.869026787,5.449227493
4.35866,8.62654,1105.82,0.5445,1.08466,0.502000627,4.412700231,-9.744110687,4.642420499
4.35938,5.14759,1109.55,0.5593,1.09987,0.508514643,5.097966631,-9.403286409,5.047247523
3.94966,4.69226,345.206,0.4388,1.56841,0.279773784,6.395526722,-9.733985649,4.994063966
4.89061,5.50745,1139.92,0.58316,1.25128,0.466050764,4.27728098,-9.246844252,5.221503946
4.00684,5.70065,564.198,0.51958,1.58378,0.328063241,5.03005088,-9.71020363,4.940768901
3.84167,5.32208,733.601,0.52318,1.29298,0.404631162,4.499451637,-9.636783112,4.899873827
14.05,36.15,3194.15,0.84,0.43,1.953488372,1.749057442,-8.325002454,5.76603927
4.36229,5.75405,434.125,0.53696,1.52699,0.351646049,5.141133516,-10.12155696,3.556827597
4.52515,6.13875,1493.41,0.59662,0.993468,0.600542745,4.764918074,-9.360030897,5.106312006
4.59373,7.22618,1828.79,0.63454,0.965963,0.656898867,4.198509214,-9.276674175,5.175528714
4.84122,7.00262,1423.64,0.6081,1.05423,0.5768191,4.38150459,-9.434335952,5.086476812
7.6444,11.00214,3428.42,0.7599,0.618366,1.228883865,2.708221286,-8.807112566,5.433377712
5.04848,6.66002,1843.49,0.6398,0.964914,0.663064273,4.267776027,-9.24569362,5.229163079
8.90439,11.42925,2223.6,0.7661,0.968512,0.791007236,2.336156712,-8.819438394,5.738440439
9.07717,10.66695,2190.82,0.76578,0.975199,0.785255112,2.357900637,-8.783958807,5.649247428
4.30728,6.57238,1065.49,0.57762,1.26099,0.45806866,4.673427709,-9.597498107,5.025178962
4.17882,5.59305,385.068,0.52662,1.53138,0.343885907,5.327640961,-10.12236507,4.74804814
4.9999,7.18693,382.807,0.43326,1.91678,0.22603533,5.353109152,-9.628295748,5.332784614
5.0904,7.36476,417.439,0.44926,1.82236,0.246526482,5.124561012,-9.536823244,5.335896186
4.20373,6.56154,1298.13,0.62504,1.08955,0.573668028,4.557550425,-9.336734242,5.109614961
3.9125,4.92581,465.067,0.5106,1.40546,0.363297426,5.956458821,-9.692286089,4.700289896
5.21899,5.64492,1481.39,0.6254,1.05864,0.590757954,4.553720413,-9.579154151,5.097741788
5.95602,6.21326,729.698,0.49766,1.24359,0.400180124,5.786081121,-8.894761772,5.817036855
4.27127,6.49659,1347.59,0.60658,1.11792,0.542596966,4.335726433,-9.388882162,5.14896698
5.43474,10.46212,1605.6,0.62286,0.950984,0.654963701,4.246583181,-9.374269851,5.068999351
8.87116,9.8373,969.875,0.57238,1.07364,0.533120972,4.822761063,-9.423209179,5.062860229
6.24854,7.34237,1596.36,0.61886,0.908904,0.68088599,4.555894785,-9.350479741,5.039210978
5.22989,9.48905,1808.31,0.6674,0.968985,0.688761952,4.077128833,-9.279519583,5.091302962
3.86782,5.37464,1870.73,0.6346,0.948704,0.668912538,5.230525942,-9.153417037,5.356248346
4.8868,5.91842,910.212,0.5532,1.15127,0.480512825,5.506588102,-8.746279195,5.518408692
4.30122,4.60907,281.671,0.39598,1.97594,0.200400822,5.765947728,-9.19059091,5.291072727
12.87,14.1,2228.79,0.8,0.81,0.987654321,1.447420742,-8.654063647,5.753517601
7.10723,9.16435,1785.58,0.71672,1.34842,0.531525786,1.929545175,-8.982172081,5.61515598
4.22527,7.96797,2299.7,0.67772,0.946948,0.715688718,3.935620474,-9.123001065,5.367835896
9.08154,9.76423,2457.06,0.73812,0.802832,0.91939534,2.767219074,-8.910899884,5.293607211
19.3368,19.79872,1528.3,0.69486,0.704653,0.986102379,2.653542927,-8.836359376,5.425007153
4.20657,5.38643,847.142,0.55426,1.10966,0.499486329,5.828488176,-9.548405817,5.01713953
3.99735,4.64307,462.848,0.46236,1.33375,0.346661668,6.024957864,-9.380578395,5.364715934
5.37715,6.43933,1005.64,0.6692,1.49915,0.446386286,2.602556635,-9.687230074,4.965042601
9.42284,13.86987,3129.13,0.77574,0.653017,1.18793232,2.673059407,-8.825636081,5.49408394
4.17617,5.14144,544.588,0.4835,1.21667,0.397396172,6.655841105,-9.658459278,4.77753081
4.26413,5.21651,475.679,0.45476,1.30724,0.347877972,6.522714586,-9.3697605,5.198680225
4.20625,5.17671,465.806,0.45174,1.3234,0.341348043,6.632655836,-9.318609022,5.063980078
4.19232,5.18455,463.163,0.4517,1.32508,0.340885079,6.638430082,-9.35819653,5.128298597
4.2044,5.10253,688.026,0.52112,1.08974,0.478205811,6.53688981,-9.594628898,4.947068999
4.22957,5.18183,462.543,0.44602,1.32225,0.337318964,6.604443522,-9.387927927,5.227682516
4.16078,5.12951,497.637,0.48528,1.20914,0.401343103,6.541275198,-9.710699624,4.823770109
4.14989,5.13643,493.337,0.48544,1.20422,0.40311571,6.518240432,-9.720817396,4.775585773
4.11286,5.03837,651.17,0.51576,1.09856,0.469487329,6.582344953,-9.623788736,4.915345583
4.16408,5.11629,496.29,0.48534,1.20453,0.402928943,6.544405671,-9.757675235,4.875490065
4.1448,5.10846,500.794,0.48324,1.20766,0.400145736,6.583534138,-9.735295071,4.798968773
4.15972,5.11945,495.45,0.48482,1.20367,0.402784816,6.548887322,-9.748939346,4.769526501
4.2274,5.18521,710.574,0.52506,1.07871,0.48674806,6.46272373,-9.561917335,4.892156693
4.14844,5.07705,452.586,0.44634,1.32658,0.336459166,6.655247149,-9.401472608,5.33201973
4.14733,5.07722,507.094,0.4848,1.20629,0.401893409,6.56485386,-9.731736137,4.783507698
4.13768,5.06728,446.329,0.44662,1.32981,0.33585249,6.678788223,-9.376213023,5.301556861
4.15333,5.07375,452.563,0.4458,1.32574,0.336265029,6.642604283,-9.408426622,5.175848393
5.02172,6.11473,933.45,0.52766,1.11848,0.471765253,4.826931823,-9.76692789,4.863597524
8.04507,8.8545,2063.91,0.68774,0.943263,0.729107365,3.308411479,-8.814847006,5.507610524
11.03925,13.60446,3327.56,0.78654,0.644518,1.220353815,2.651636628,-8.706341368,5.658174637
13.19796,24.78598,4947.46,0.87136,0.313235,2.781809185,1.528940398,-8.142254894,5.832938091
6.35591,10.98199,3296.94,0.73154,0.660572,1.107434163,3.232511109,-8.856877212,5.538654345
12.98274,23.06458,4838.56,0.86456,0.330655,2.614689026,1.626136617,-8.162982305,5.853347806
5.7276,6.88265,1611.77,0.62392,1.02354,0.609570706,3.946242379,-9.41767281,5.107782373
5.1746,5.7945,720.338,0.50562,1.16161,0.435275178,4.754965447,-9.302337135,4.897808315
5.39567,7.38904,1219.07,0.5702,1.09901,0.518830584,4.375323096,-9.328852094,5.179248096
6.73,16.55,2814.27,0.76,0.77,0.987012987,2.469136058,-8.941315882,5.42173222
4.65956,6.41327,1535.34,0.62906,1.12783,0.557761365,4.517346487,-9.387736702,5.075486814
12.10423,18.23146,2275.9,0.74336,0.765487,0.971094218,2.394363122,-8.857588362,5.421959343
12.14323,13.84583,2768.28,0.76258,0.658889,1.157372486,2.529483395,-8.768671073,5.489709952
4.53426,6.95809,806.815,0.50894,1.13212,0.449545985,5.681522074,-9.587834591,4.953310771
4.64204,5.78941,747.823,0.51762,1.32315,0.391202811,5.583718468,-9.665495665,4.927337095
10.88776,11.70127,1638.11,0.6523,0.905898,0.720058991,3.271093817,-8.402043673,5.882539317
5.0291,8.2837,1472.76,0.65304,1.3243,0.493120894,3.120813489,-9.166029278,5.420518709
5.49258,8.41938,1657.31,0.64074,1.03412,0.619599273,3.405961033,-9.228050209,5.300202062
4.59988,5.9608,1278.73,0.58256,1.18841,0.490201193,4.722625994,-9.571453727,5.004406449
4.1602,7.73235,1013.57,0.58146,1.08482,0.535996755,5.505551764,-9.576519664,5.144356263
8.86311,9.22928,2034.56,0.70346,0.986231,0.713281168,3.585254418,-9.194211067,5.337782831
4.58328,5.6202,524.474,0.50516,1.81543,0.278259145,5.425989902,-9.083901614,5.542111977
4.61311,5.63723,653.391,0.5075,1.46954,0.345346163,5.512943625,-8.901053487,5.681609028
4.88882,6.32359,578.504,0.50292,1.12593,0.446670752,5.06305284,-10.09743557,4.564401162
4.66146,6.0002,357.416,0.48426,1.44047,0.336181941,5.011928507,-10.3884864,3.855223024
6.74608,13.227,2215.11,0.72426,0.868865,0.833570232,3.29247934,-9.025385112,5.407550907
4.42359,8.09828,2607.82,0.6967,0.85933,0.810747908,3.47397463,-9.104267009,5.288595601
5.8597,6.79191,2100.11,0.65406,0.948194,0.689795548,3.901743231,-9.157382452,5.340326382
10.86073,11.63735,1214.12,0.65836,1.22977,0.535352139,3.211870886,-8.711400379,5.927601682
10.98212,11.75163,1234.42,0.65036,1.19791,0.542912239,3.147577371,-8.423267083,5.94505556
11.03917,11.38312,1247.21,0.6341,1.17282,0.540662676,3.063636855,-8.625858008,5.798625202
11.05994,11.42805,1336.09,0.63804,1.09099,0.584826625,2.872970332,-8.628404533,5.768909393
7.7572,11.72853,2286.7,0.6749,0.760878,0.887001596,3.437364273,-9.25997465,5.064074965
7.62995,8.13936,1348.68,0.66956,1.21532,0.550933088,4.019901321,-9.34149894,5.285813692
4.04173,4.60479,130.945,0.43722,1.9832,0.22046188,6.283678465,-9.780044905,4.984749956
3.93912,4.45544,113.051,0.43892,1.99203,0.220338047,6.441915063,-9.598622207,5.23825006
9.31362,12.67704,2398.06,0.7234,0.655199,1.104092039,2.488486226,-8.791172145,5.560467684
3.91222,5.67083,563.649,0.49038,1.17083,0.418831086,6.080209774,-10.08451824,4.388123508
4.88116,5.59343,1371.16,0.58004,1.10464,0.525094148,4.292717318,-9.624758042,4.816646127
4.97261,5.7034,1433.79,0.58618,1.0469,0.559919763,4.200278425,-9.583397934,5.008311338
5.54904,8.76686,2604.01,0.67976,0.758956,0.895651395,4.137370395,-8.911726785,5.440091103
7.20377,7.38052,1110.14,0.60582,1.33314,0.454430892,4.787668543,-8.563958038,5.774586589
7.1769,7.28809,1079.81,0.60038,1.35972,0.441546789,4.897204729,-8.596336284,6.089335606
7.09442,7.22049,1102.15,0.608,1.32207,0.459884878,4.730764324,-8.675417112,5.892794996
4.97186,7.04903,1928.15,0.66846,1.01719,0.657163362,2.622731219,-9.183405537,5.291968102
5.10341,5.73499,868.95,0.55314,1.20537,0.458896438,5.881095607,-8.709072892,5.824228158
3.82437,4.56896,318.261,0.41566,1.42368,0.291961677,6.659955844,-9.455385825,5.181849619
5.38811,5.97222,971.173,0.51938,1.10964,0.468061714,5.487763889,-8.985712185,5.377244917
4.56727,6.25402,4238.89,0.72984,0.748874,0.974583174,3.176251417,-8.843467306,5.540772661
4.35413,5.10968,507.864,0.45478,1.37878,0.329842324,6.010314833,-9.416421795,5.389017057
4.4456,6.19639,2275.6,0.64936,0.86834,0.747817675,4.63022008,-9.14419016,5.267244889
8.18133,11.98894,2562.18,0.74316,0.771897,0.96277094,2.851116728,-8.908281299,5.415774157
4.29128,6.55703,1466.02,0.64516,1.17548,0.54884813,4.235946204,-9.100594568,5.447057762
5.2518,5.87924,459.011,0.43962,1.52853,0.287609664,5.990528995,-9.028982382,5.631183616
5.9765,9.58182,2648.37,0.72546,0.840674,0.862950442,3.088107833,-8.954203715,5.443321988
4.26959,8.02011,1734.38,0.64124,1.00925,0.635362893,4.371316253,-9.28214143,5.328754005
4.45129,6.37079,1125.51,0.54744,1.04803,0.522351459,5.717252602,-9.09667467,5.469242214
7.17386,7.35052,1113.64,0.60504,1.33314,0.453845808,4.766137664,-8.607399891,5.840722755
7.17038,7.33344,1105.39,0.60502,1.33826,0.452094511,4.795298119,-8.522621852,5.918516283
7.28396,7.42387,1113.73,0.60704,1.32488,0.458184892,4.762931295,-8.539566963,5.79252554
7.20219,7.37728,1123.83,0.6071,1.32559,0.457984746,4.746733503,-8.596709762,5.564883754
7.21509,7.38305,1117.68,0.60596,1.32603,0.45697307,4.745342723,-8.605124581,5.767815645
7.33893,7.46814,1116.84,0.6071,1.32685,0.457549836,4.736618434,-8.504535728,5.95459099
7.33479,7.46558,1116.13,0.60854,1.3287,0.457996538,4.754311396,-8.577731368,5.728412707
7.28781,7.41619,1121.84,0.6093,1.32565,0.459623581,4.760372346,-8.502193885,5.473482907
5.34411,7.59357,4735.19,0.77128,0.655873,1.17595937,2.478394299,-8.625717096,5.627247704
5.80414,7.65948,5109.81,0.77446,0.594976,1.30166595,2.276773718,-8.575982201,5.599941641
5.28462,7.52132,4773.59,0.76688,0.654155,1.172321545,2.50134704,-8.598380227,5.736387393
5.31741,7.56107,4836,0.76632,0.643698,1.190496164,2.489689304,-8.643872382,5.637953746
5.32516,7.56218,4706.13,0.77324,0.660401,1.170864369,2.51070346,-8.657105452,5.639529619
4.45476,6.90995,3284.32,0.71432,0.826748,0.864011767,3.1184177,-9.068078987,5.313176658
4.2786,5.606,919.873,0.5269,1.14741,0.45920813,5.020343315,-9.694561005,4.790094441
5.19998,7.26534,2312.96,0.64896,0.828762,0.783047485,3.878719788,-9.156576816,5.337714378
5.18545,7.18754,2240.96,0.64394,0.839237,0.767292195,3.962772658,-9.160771669,5.316590727
4.43891,5.88824,1359.64,0.59112,1.02509,0.576651806,5.057405652,-9.326585023,5.280535929
13.85784,19.10077,1958.44,0.74916,0.601751,1.244966772,2.97931583,-8.728952255,5.577272451
11.95217,14.68028,1706.9,0.69464,0.792697,0.876299519,3.526149625,-9.138738053,5.279383536
7.14174,9.45168,2585.83,0.7282,0.790347,0.92136745,3.143346216,-9.106642027,5.337476478
4.80567,5.5413,918.195,0.58248,1.19582,0.48709672,4.830101808,-9.10029467,5.058703875
4.21189,5.10436,719.223,0.51582,1.19023,0.433378423,5.336953294,-9.398824078,5.167192653
4.39766,7.90411,921.201,0.60446,1.05144,0.574887773,4.670844389,-9.699585036,4.858415699
4.84046,6.75607,1702.93,0.63134,1.13784,0.554858328,4.201350369,-8.982841573,5.493246912
11.04095,11.66314,1362.13,0.6492,1.07501,0.603901359,2.912208909,-8.602960097,5.937359378
11.08852,11.77684,1364.53,0.65012,1.07383,0.605421715,2.898932881,-8.516872795,5.903361789
10.98127,11.76704,1368.99,0.6465,1.07223,0.602948994,2.881728391,-8.533068152,5.72303235
10.53212,11.30509,1104.45,0.6287,1.32172,0.475668069,3.172036313,-8.62557588,5.765648
10.60044,11.32593,1101.05,0.6293,1.32216,0.475963575,3.158269582,-8.634701405,5.824685749
10.68224,11.42001,1104.64,0.627,1.32181,0.474349566,3.165568579,-8.603547292,5.866681545
10.585,11.34307,1108.97,0.63104,1.32207,0.477312094,3.196907021,-8.629503236,5.731024486
4.23947,6.93068,428.413,0.48152,1.54491,0.311681587,4.411326019,-9.859422299,4.641249456
5.40152,7.73062,1563.13,0.60222,0.954052,0.631223455,4.552892371,-9.236498055,5.357491672
11.23461,11.80999,791.305,0.69846,0.847503,0.824138676,3.345459305,-9.447295531,4.861495077
3.90775,5.56128,937.649,0.57918,1.25158,0.462759073,5.153652799,-9.835378246,4.627995139
5.49468,12.14001,2045.91,0.70078,0.953828,0.734702693,3.575382898,-8.971543419,5.533628847
5.62136,12.35154,2106.67,0.70198,0.923606,0.760042702,3.455983552,-8.904349042,5.611302161
4.92388,5.36231,929.173,0.5349,1.15349,0.463723136,4.891009107,-9.175534362,5.484918607
6.15293,7.0253,1368.59,0.60364,1.10438,0.546587225,4.437772705,-8.838507081,5.573689203
5.05276,7.19025,380.65,0.43228,1.91608,0.225606446,5.309093404,-9.543301201,5.0570444
4.83476,7.39284,390.61,0.44328,1.80811,0.245162075,5.193417449,-9.755016112,5.127841552
4.12844,5.05496,265.094,0.4326,1.63353,0.264825256,7.025952871,-8.890009167,5.84208627
5.18154,5.67135,826.877,0.53,1.3438,0.394403929,5.465843253,-8.831357507,5.730492807
5.18428,6.67552,1413.08,0.64578,1.17133,0.551322001,4.116009972,-9.104849514,5.262674225
4.28304,4.62483,401.92,0.465,1.33462,0.348413781,8.318522199,-8.18233859,6.496205924
6.23608,7.81335,1896.01,0.61804,0.973393,0.63493368,3.867567052,-9.038632932,5.48046713
3.87145,5.21671,916.293,0.57468,1.45236,0.39568702,4.201386368,-9.54030787,5.297095409
4.5166,6.66976,419.442,0.47544,1.58721,0.299544484,4.951142163,-10.08983046,4.804901604
6.89364,9.14224,1206.55,0.68506,1.35956,0.503883609,2.713536795,-8.852297057,5.726594935
4.29599,4.63098,472.788,0.54852,1.36764,0.401070457,6.812171794,-8.585093164,5.763644937
4.30308,4.63882,479.173,0.55296,1.35126,0.409218063,6.699756445,-8.611680538,5.853833067
4.3739,4.70831,504.05,0.55312,1.34518,0.411186607,6.634267553,-8.521511651,5.982565259
4.32354,4.94837,343.374,0.4138,1.35138,0.306205508,6.563895319,-9.414364504,5.060782469
3.86596,4.87431,384.255,0.50358,1.94999,0.258247478,5.392639197,-9.756442826,5.046281913
7.93434,15.09269,3662.05,0.80844,0.589901,1.370467248,1.992212523,-8.780459499,5.496886683
8.16227,9.83364,1518.5,0.6467,1.01836,0.635040654,3.731815245,-8.991812907,5.580924813
5.47634,6.55951,887.688,0.5474,1.31717,0.415587965,5.298952647,-9.547505399,5.071029322
8.00757,9.50189,1472.54,0.6415,1.0519,0.609848845,3.80061073,-9.104536519,5.336421434
5.60789,6.70842,923.542,0.55088,1.32053,0.417165835,5.12496863,-9.521299102,4.996566911
3.89017,4.60881,358.284,0.50074,1.36646,0.366450536,6.207016183,-9.666802881,4.721574025
4.63859,5.4738,936.735,0.53538,1.20371,0.444774904,5.428222066,-9.588452825,4.86149445
3.82594,5.32552,933.983,0.63118,1.14144,0.552968181,4.488708409,-9.933877336,4.611907655
4.80371,5.79765,719.191,0.48864,1.25943,0.387985041,4.556222919,-9.61647091,4.957218299
5.53808,6.21036,3005.53,0.70958,0.800127,0.886834215,3.345154809,-8.951692199,5.433481168
9.14394,9.7414,2685.62,0.73662,0.771129,0.955248733,2.905663705,-8.892260213,5.400695232
3.8225,5.04054,599.563,0.5377,1.26802,0.424046939,5.769905482,-9.725856296,4.71129698
4.02408,6.70856,1520.73,0.60054,0.93073,0.64523546,5.030662226,-9.402705339,5.151772503
5.65831,7.18303,2159.1,0.63818,0.833244,0.765898104,4.462280032,-9.210644453,5.255019059
5.43297,8.20333,2579.5,0.6694,0.769862,0.869506483,3.649156725,-9.075811156,5.395584156
5.26481,6.66878,2374.68,0.64048,0.823111,0.778121055,4.040898452,-9.083312316,5.298033894
10.38341,21.55746,3407.64,0.7949,0.51708,1.5372863,2.397307694,-8.603496343,5.631487184
4.20652,5.45311,379.2,0.4955,1.21242,0.408686759,6.652001791,-9.937449936,4.830462573
7.46673,9.06566,2614.65,0.70354,0.753022,0.934288772,3.099468208,-8.919984337,5.481250385
6.23525,7.9329,3678.83,0.74178,0.684898,1.083051783,2.666257477,-8.713973476,5.636005901
4.07497,5.51848,768.197,0.5054,1.34514,0.375722973,5.173008449,-9.740644278,5.033196035
3.95909,5.10254,437.509,0.5031,1.42412,0.353270792,6.143093307,-9.703245866,4.789288794
6.85852,10.91726,2093.97,0.68638,1.0029,0.684395254,3.469200382,-8.963561518,5.470956338
3.85266,4.38796,227.864,0.42118,1.51141,0.27866694,7.75291955,-9.550114593,5.14700973
6.3776,6.74837,1354.57,0.612,1.05651,0.579265696,4.249944059,-8.563962919,5.642104057
6.81306,7.22831,1378.36,0.61594,1.03011,0.597936143,4.09713728,-8.573564194,5.652815601
6.39006,6.77242,1385.26,0.61286,1.04905,0.584204757,4.186265159,-8.67070807,5.817979084
5.23227,5.48105,933.84,0.56018,1.20095,0.466447396,4.938571992,-8.796228929,5.749659947
5.4678,5.99001,1068.02,0.56938,1.06078,0.536755972,4.883793853,-9.212587916,5.21666554
7.95842,14.84843,3604.94,0.81076,0.610855,1.327254422,2.112628048,-8.770266751,5.463224409
7.78421,14.89727,3586.34,0.80204,0.605776,1.323987745,2.044035758,-8.819680564,5.419919024
7.88362,14.80942,3589.86,0.8074,0.613708,1.315609378,2.108300615,-8.807057185,5.489890455
7.51947,17.77125,3727.49,0.78298,0.588936,1.329482321,2.527801604,-8.709885341,5.542403556
4.38509,5.34544,595.858,0.50328,1.05997,0.474805891,6.727219832,-9.54924675,4.89614839
4.60824,5.54275,612.62,0.5036,1.0598,0.475183997,6.600059355,-9.572652032,4.917642567
4.9888,6.47723,883.154,0.5291,1.38224,0.382784466,5.607476222,-8.780403264,5.70733625
5.74582,14.84116,2081.5,0.73758,0.873426,0.844467648,2.373638678,-9.399026255,5.074813572
10.18861,12.50562,1427.25,0.62988,0.9535,0.660597798,3.10903822,-8.806738871,5.629676942
9.87308,10.22467,1776.13,0.6437,0.904434,0.711715836,3.057852423,-9.140645563,5.389153004
5.2373,8.38892,2325.74,0.69738,0.834748,0.835437761,3.704479714,-9.344811751,5.077921173
5.19524,7.17773,1952.04,0.64908,0.956819,0.678372817,3.870685515,-9.157175403,5.342440347
4.42953,7.7619,1495.79,0.59842,1.03258,0.579538631,4.624995749,-9.629809208,4.921687136
4.28453,7.72003,1425.82,0.59674,1.05835,0.56383994,4.737386595,-9.687144545,4.705661236
4.27814,7.86707,1463.08,0.60246,1.04756,0.57510787,4.670193838,-9.535054654,4.940798557
4.65507,4.94172,341.815,0.43284,1.26035,0.343428413,6.379404143,-9.452468389,5.199204185
4.11044,4.60115,240.625,0.4126,1.31055,0.314829652,7.034902985,-9.274474484,5.205613993
4.15196,4.57237,242.657,0.42696,1.28586,0.332042369,6.862761528,-9.343573167,5.263109668
4.13429,4.52452,236.614,0.4365,1.26708,0.34449285,6.776914718,-9.454508349,5.251040083
7.69473,8.27361,982.513,0.54876,1.26901,0.432431581,3.95289659,-9.254567929,5.422182336
5.96588,14.75395,1813.85,0.66668,0.935418,0.712708116,4.275199395,-9.000887031,5.389170859
4.00789,6.12931,631.093,0.54224,1.09199,0.496561324,5.877954147,-9.770646024,4.71203534
7.67913,8.28575,1019.59,0.54822,1.27602,0.429632764,3.963227247,-9.244962301,5.237924401
7.79711,9.19593,3351.12,0.7791,0.691873,1.126073716,1.560103838,-8.802158515,5.514018257
7.61097,8.52736,2223.03,0.66938,0.846818,0.790465011,3.706394528,-9.031714592,5.385321805
3.83552,4.83068,755.439,0.49704,1.13311,0.438651146,6.601765854,-9.028135954,5.346271192
4.8111,6.00527,1836.24,0.64434,0.960875,0.670576298,4.200925136,-9.387599706,4.934916289
3.92497,4.8742,635.773,0.55464,1.75108,0.316741668,4.6296394,-9.448680653,5.15313767
4.64481,5.69309,832.994,0.54008,1.18335,0.456399206,5.499169805,-9.043732764,5.374425549
4.45699,5.55611,826.753,0.53054,1.21017,0.438401216,5.733836774,-8.929391885,5.515453083
4.28157,5.21032,776.798,0.5272,1.2268,0.429735898,5.944335863,-8.98243043,5.643441098
10.42713,12.46006,2936.95,0.76142,0.591905,1.286388863,2.254896034,-8.677866722,5.504817203
5.12111,6.39676,1645.65,0.6016,0.921688,0.652715453,4.406372068,-9.308987956,4.997666571
26.34739,26.52566,1356.7,0.74972,0.688685,1.088625424,1.850523067,-8.011003445,6.106925097
26.09798,26.31371,1372.03,0.75088,0.693447,1.08282248,1.886760545,-8.119339977,5.993156628
26.24063,26.43723,1351.18,0.74846,0.692567,1.080704105,1.851431311,-8.061319838,6.112666196
8.56409,18.51885,4401.09,0.81236,0.489414,1.659862611,2.269711541,-8.509476305,5.693802976
8.92625,22.31857,4755.38,0.83242,0.425765,1.955116085,2.075688888,-8.397001992,5.761753035
4.74059,6.1504,855.421,0.50512,1.21563,0.41552117,5.522407634,-9.233103421,5.322624889
3.80347,5.16886,194.659,0.41242,2.04384,0.201786833,4.67169269,-9.69750321,5.007795332
6.20805,7.4772,2278.72,0.64536,0.784087,0.82307193,3.713045959,-8.927187203,5.54598986
8.86897,9.41867,1061.37,0.57612,1.10001,0.523740693,3.403357275,-9.021773088,5.29651585
6.82741,7.37109,983.118,0.56996,1.40599,0.405379839,4.088628283,-9.12661326,5.531835934
3.97904,4.67797,973.055,0.53454,1.06036,0.504111811,6.403275762,-8.952368856,5.526782939
4.53531,6.19197,1294.04,0.58712,1.09324,0.537045845,5.19328765,-9.177267763,5.235375484
4.2949,5.66876,1042.39,0.55906,1.05913,0.527848328,5.672980453,-9.27713541,5.306191728
4.33923,5.78991,1083.76,0.55066,1.03923,0.529873079,5.572659138,-9.27100774,5.296818736
10.79864,14.70007,4071.3,0.78818,0.483438,1.630364183,2.52570211,-8.451515985,5.720565162
4.92371,7.97392,1309.3,0.58394,0.954107,0.612027791,5.667387195,-9.374021556,5.065558202
5.77219,7.03254,1934.42,0.65152,1.04422,0.623929823,3.893547139,-9.271048199,5.097329925
4.39318,5.81593,1594.77,0.62932,0.99503,0.632463343,4.648205483,-9.535973929,5.017460069
6.23955,11.88575,2800.47,0.72192,0.709619,1.017334654,3.051593277,-8.969043535,5.303259205
6.76772,8.14998,2029,0.62938,0.920168,0.683983794,4.468484303,-9.127547012,5.306050308
8.82837,9.40538,2859.85,0.72322,0.800645,0.903296717,3.173501921,-8.918222924,5.450204967
8.71365,9.30915,2668.86,0.71384,0.821567,0.868876184,3.418201702,-8.991064411,5.364712284
6.18953,7.62791,2803.98,0.68232,0.66886,1.020123793,4.028044341,-9.045321098,5.36299965
4.01215,7.09135,1366.41,0.61722,1.0722,0.575657527,4.282344998,-9.6417288,4.849361555
4.22996,7.80071,243.183,0.5562,1.22507,0.454014873,4.982437244,-9.756552072,4.73058371
4.10448,5.15222,361.049,0.44042,1.41779,0.310638388,6.364566181,-9.432563396,5.35591526
5.7905,7.94569,2798.56,0.6884,0.718783,0.957729941,3.441315752,-9.084882658,5.201763984
5.21501,6.1741,1149.07,0.57204,1.07844,0.530432847,5.647543115,-8.813243361,5.664660542
6.16762,8.03037,1911.3,0.64028,0.894418,0.715862158,3.88286574,-9.298470426,5.170004076
6.84577,11.3135,2384.58,0.69446,0.847078,0.819830051,2.718028551,-9.221934397,5.190684372
5.27136,6.99943,992.972,0.53192,1.1241,0.473196335,4.779215409,-9.509577214,4.977899095
5.63231,7.1315,1089.78,0.53834,1.1056,0.486921129,4.725324548,-9.413723581,5.06095401
4.80142,6.89815,1599.81,0.6443,1.16087,0.555014773,4.286528697,-9.018841958,5.425833369
4.13535,6.70617,1111.94,0.60218,1.22084,0.493250549,4.560764109,-9.362274076,5.284008198
3.92719,5.62914,1193.76,0.60084,1.20596,0.49822548,4.94779492,-9.382302213,5.191916774
4.48921,5.82315,1521.2,0.56606,0.959455,0.58998077,5.005422548,-9.326131272,5.117030388
6.95777,8.22754,1695.34,0.64638,1.0931,0.591327417,3.750895558,-9.211039552,5.297728752
8.82117,10.50578,2260.22,0.68866,0.768678,0.895901795,3.767418307,-9.052832156,5.367716604
3.92558,5.69776,930.686,0.58754,1.26995,0.462648136,5.214092972,-9.511227627,4.9437421
4.03981,4.83061,696.561,0.50924,1.24259,0.409821421,5.66830895,-9.44010483,5.0006131
4.91819,5.50979,969.524,0.55132,1.14051,0.483397778,5.116671742,-8.753404809,5.747031504
6.33216,6.70975,1994.31,0.65718,1.05033,0.625689069,4.155127664,-9.080674564,5.410525298
8.39804,15.09144,4987.34,0.79742,0.46153,1.727775009,2.362619906,-8.57610167,5.569479252
4.73242,5.31645,677.414,0.5579,1.56466,0.356563087,4.664432488,-9.052650511,5.497350428
3.92708,4.58512,250.926,0.45928,1.84741,0.24860751,6.248027316,-9.631288608,5.041908861
3.95239,4.54229,237.437,0.45662,1.89145,0.241412673,6.320807186,-9.631543332,5.374202989
3.9304,4.50897,231.262,0.455,1.90926,0.238312226,6.351976268,-9.615867898,5.163265589
10.08472,12.81046,2553.75,0.7199,0.728225,0.988568094,3.178937241,-9.030139131,5.211604743
7.32218,7.81866,1603.25,0.6327,0.998911,0.633389761,3.989125935,-8.420888386,5.806746467
6.12582,10.0961,2333.35,0.6885,0.851346,0.808719369,3.843945798,-9.102918134,5.253993973
4.75516,9.11239,2000.07,0.66122,0.990208,0.667758693,4.446228595,-9.164102597,5.381124435
5.13874,8.55503,1707.82,0.63054,0.917905,0.686933833,4.116744411,-9.411942342,4.951000215
7.79992,9.00524,2186.41,0.6719,0.836247,0.803470745,3.09890883,-9.242738224,5.2058826
4.64818,6.65732,2016.22,0.62158,0.851853,0.729679886,4.416622609,-9.310126836,5.146660771
3.85843,5.24683,652.783,0.54098,1.22144,0.442903458,5.627681219,-9.757008475,4.702442655
6.48945,9.29834,926.462,0.54842,1.21668,0.450751225,3.931499003,-9.455410422,5.022800933
3.80722,5.44759,843.723,0.55704,1.23164,0.452275015,5.856835115,-9.528921873,5.003489653
4.31452,5.57595,458.333,0.4806,1.46536,0.327974013,6.474446626,-9.254528215,5.589075809
4.03539,4.24654,184.465,0.37856,2.18504,0.173250833,6.870871742,-8.698632425,6.002023355
6.36836,7.14794,958.336,0.60018,1.22477,0.490034864,3.979552855,-9.543250257,5.086587852
4.74176,6.3577,865.328,0.53028,1.14455,0.463308724,5.862962535,-9.610789325,4.937682669
5.08562,5.50168,911.011,0.53136,1.08026,0.491881584,5.88567562,-9.270432521,5.24529866
4.34847,4.67043,274.72,0.50016,1.26775,0.394525735,7.001994673,-8.999997812,5.483343296
28.26773,32.36037,3176.96,0.83118,0.473548,1.755218056,1.909253352,-8.356252128,5.858324415
3.91744,6.00756,1222.09,0.61286,0.930353,0.65873921,4.941922475,-9.537947031,4.935089273
4.69389,6.6747,513.133,0.53646,2.0556,0.260974898,4.602867671,-9.671117741,5.092910012
4.49673,7.06657,527.938,0.51922,1.70049,0.305335521,5.115137989,-10.36951899,4.353362294
4.79138,6.89128,1169.1,0.57822,1.23174,0.469433484,4.318681855,-9.119554064,5.385166987
3.94029,4.71244,282.359,0.4711,1.86641,0.252409706,6.105650322,-9.993949708,4.647262328
4.97206,6.85219,637.76,0.51858,1.41693,0.36598844,6.160799877,-8.972205503,5.791754397
8.74819,9.72743,1965.47,0.66,0.867164,0.761101706,3.201075283,-9.220455566,5.237116396
4.70307,5.97055,622.468,0.48362,1.22492,0.394817621,5.382059401,-10.03928699,4.496711494
4.33786,8.62906,1330.97,0.64206,1.28033,0.501480087,3.617796743,-9.449706806,5.184068688
4.28089,6.80431,780.842,0.52058,1.43909,0.36174249,4.742762702,-9.867896554,4.584069244
4.09777,5.33833,1086.15,0.56804,1.02323,0.555144005,5.116281174,-9.713021315,4.836287529
4.47657,6.03486,2871.87,0.70114,0.924756,0.758189187,2.49562401,-9.148138612,5.193333256
6.37424,7.90536,1714.73,0.6371,0.88756,0.717810627,4.363294852,-9.241560579,5.181195336
5.56027,6.59159,1162.19,0.5609,1.07018,0.524117438,5.019752811,-9.108301788,5.416940329
5.54712,6.43021,962.03,0.5438,1.21213,0.448631747,5.173201062,-9.123671526,5.299300373
4.06699,4.59203,343.67,0.40144,1.55074,0.258869959,6.174296249,-8.852311448,5.835186332
5.53647,6.87756,1182.66,0.54192,1.18214,0.45842286,4.321394945,-8.821193779,5.523245501
4.53621,5.40564,976.915,0.5452,1.33406,0.408677271,4.789215456,-8.977451055,5.23443353
8.76388,22.97967,4407.7,0.83216,0.403152,2.064134619,1.891398374,-8.451196998,5.652612921
5.65073,6.45845,906.109,0.57084,1.52092,0.375325461,4.104058405,-9.628187141,5.015603115
3.80696,7.01702,655.181,0.48474,1.33459,0.363212672,5.255240155,-9.781730997,4.808623809
3.81528,7.01869,654.079,0.4887,1.33794,0.365263016,5.266641768,-9.488457792,5.112103321
3.80896,7.01042,644.352,0.48814,1.3366,0.365210235,5.259394269,-9.511289285,5.371256128
3.82362,7.01606,660.495,0.48814,1.3363,0.365292225,5.246303932,-9.472012813,4.799832964
3.82948,7.02313,644.836,0.49026,1.33462,0.367340516,5.253615937,-9.462691676,5.058694391
3.83288,7.03275,661.004,0.49004,1.33192,0.367919995,5.234160243,-9.464597064,5.05571539
3.82338,7.04297,663.416,0.49154,1.33044,0.369456721,5.240510201,-9.4973717,5.322189051
3.82805,7.0406,655.899,0.49066,1.32731,0.369664961,5.220464135,-9.468597705,5.250733402
3.83129,7.04341,658.457,0.49186,1.32486,0.371254321,5.213882383,-9.485151176,5.121907881
3.80353,7.02932,666.492,0.49248,1.32333,0.372152071,5.213773101,-9.461467832,5.186707269
3.81631,7.03553,665.746,0.49252,1.32324,0.372207612,5.219175965,-9.505474328,5.193480912
3.80398,7.0591,663.374,0.49546,1.31482,0.376827246,5.181331958,-9.476383913,5.162486285
4.62006,5.30234,703.25,0.55042,1.31152,0.419680981,5.77571702,-8.868287834,5.75559738
6.44372,9.67197,2959.81,0.76876,0.77122,0.996810249,2.331693209,-8.865752471,5.422630594
5.81143,6.67584,742.575,0.49274,1.12235,0.43902526,3.927450129,-9.635604907,4.751306677
4.09157,5.80501,1421.65,0.66424,1.16562,0.569859817,2.961322925,-9.615150446,4.960666448
4.07072,4.99075,787.362,0.59424,1.39072,0.427289462,5.946551532,-9.299977307,5.366613727
4.07489,5.27687,820.524,0.58692,1.3881,0.422822563,5.878445583,-9.271967545,5.159670948
3.85554,4.30865,168.58,0.36432,1.71497,0.212435203,6.678808265,-9.185930297,5.403060103
4.27265,5.73732,697.131,0.53542,1.56934,0.341175271,4.723139185,-9.361243366,5.204374705
4.20957,5.3531,1070.75,0.58134,1.08192,0.537322538,5.678883274,-9.646702165,4.814183705
4.79223,6.23329,1928.01,0.63598,0.956504,0.664900513,4.64695235,-9.147349602,5.237118723
6.8583,9.23094,2432.7,0.68082,0.756037,0.900511483,3.502907217,-9.130579153,5.291560736
6.4421,9.82138,2524.21,0.68676,0.736889,0.931972115,3.506553602,-9.053124854,5.273887926
4.8393,5.91598,2173.33,0.65366,0.946458,0.690638148,4.120353219,-9.214488075,5.175911214
5.19194,6.28295,2318.81,0.6684,0.913349,0.731812265,3.881893963,-9.183838243,5.210563465
4.848,5.8822,2016.61,0.65044,0.949674,0.684908716,4.12943332,-9.278414698,5.250306221
3.95054,4.76534,570.686,0.49664,1.34356,0.369644824,5.777271557,-9.584364144,5.13709755
5.12734,6.24349,2343.28,0.66256,0.9162,0.723160882,3.903456006,-9.17710662,5.388209157
4.91381,6.10211,2118.11,0.6547,0.939951,0.69652567,4.074345863,-9.231272738,5.15720553
4.72024,5.90984,2266.11,0.65608,0.936419,0.700626536,4.068854281,-9.240977192,5.034690591
4.86996,6.00653,2228.78,0.65828,0.931336,0.706812579,4.018725873,-9.212325802,5.312868074
4.42588,5.00224,242.639,0.38846,2.00794,0.193461956,5.374246089,-9.066719456,5.742991305
5.65156,7.05411,1777.75,0.629,0.967554,0.650092915,3.914507471,-9.231803807,5.108478356
4.15655,6.77563,1467.46,0.63808,1.06978,0.596459085,4.521287741,-9.592725195,5.062055522
6.59132,8.39175,1407.9,0.56948,0.957359,0.594844776,4.518095985,-9.049305436,5.44191427
6.73186,8.63633,1463.94,0.58242,0.935461,0.622602118,4.41472816,-9.033981767,5.344245334
5.08733,5.95986,848.321,0.55358,1.45523,0.380407221,4.511591265,-9.503009087,5.355017823
3.97327,8.08316,1385.79,0.62858,1.14357,0.549664647,3.65530563,-9.320837922,5.160109978
3.84022,6.4221,867.72,0.54454,1.13898,0.478094435,5.574805563,-9.658478457,4.894470577
5.22924,16.36508,2765.81,0.71038,0.720668,0.985724356,3.475761733,-8.893802864,5.359016698
5.24588,16.40599,2790.13,0.70928,0.71711,0.989081173,3.457094532,-8.932240223,5.448509957
5.24565,16.39933,2792.33,0.7091,0.71719,0.988719865,3.456260675,-8.89048191,5.38883053
5.24663,16.39644,2792.94,0.7091,0.717349,0.988500716,3.457402985,-8.920742569,5.429256058
5.24682,16.38928,2792.84,0.709,0.717588,0.98803213,3.459313664,-8.921751441,5.370695806
5.24265,16.3778,2792.93,0.7093,0.717908,0.988009606,3.465311817,-8.934163001,5.39754481
5.23896,16.36646,2794.94,0.7094,0.718227,0.987710014,3.467815921,-8.894918279,5.427384427
5.22933,16.34087,2797.87,0.70994,0.718946,0.987473329,3.47732259,-8.890129233,5.379632154
5.22574,16.32287,2793.86,0.70952,0.719907,0.985571747,3.47923876,-8.907525845,5.412478429
5.22559,16.31009,2787.05,0.70892,0.720949,0.983315047,3.483613109,-8.912863077,5.383126683
5.21999,16.28739,2781.62,0.7089,0.722396,0.981317726,3.495169436,-8.909979903,5.445097195
4.54109,5.80261,612.998,0.50166,1.48289,0.338298862,5.423358567,-9.153248784,5.328453913
4.6547,5.27343,743.474,0.5214,1.1624,0.448554714,6.581518676,-8.59592376,5.935359957
4.05577,4.94177,583.498,0.57376,1.11879,0.512839764,5.545534827,-9.808574629,4.938117621
8.22575,9.51217,2291.8,0.67834,0.734364,0.923710857,3.572330126,-8.949069562,5.441974385
4.72444,8.11802,568.731,0.58246,2.64249,0.220420891,2.732223353,-9.910050266,5.014326008
3.85025,7.14967,381.654,0.49564,1.8852,0.262911097,4.845217408,-9.940072512,4.834220912
5.2612,6.89833,2032.01,0.64344,0.909297,0.707623582,4.301046747,-9.171671038,5.028577357
4.81731,6.90235,2052.86,0.64848,0.908537,0.713762896,4.342502032,-9.216785073,5.122033453
7.3846,9.12367,3821.55,0.77072,0.60089,1.282630764,2.705311492,-8.736705332,5.573140793
4.47901,5.71523,1500.48,0.59364,1.04798,0.566461192,4.915541869,-9.16446724,5.274727579
5.00163,6.47963,664.18,0.5234,1.24165,0.42153586,5.538244614,-9.591240911,5.123676499
9.60437,10.29771,654.093,0.52912,1.52872,0.346119629,3.819920081,-8.657146485,5.777281906
6.98056,7.99116,2188.16,0.66072,0.854766,0.772983483,3.132521312,-8.932581695,5.329757955
6.20959,6.49703,794.592,0.52524,1.36194,0.385655756,4.62334097,-8.799328489,5.805351837
8.13977,8.49323,2232.73,0.67724,0.773596,0.87544403,3.745680729,-8.951110186,5.122554359
9.83513,9.92153,2194.45,0.69922,0.704734,0.992175771,3.08611026,-8.776384043,5.325053768
10.10462,10.30552,2409.66,0.7131,0.67734,1.052794756,3.184560611,-8.302696643,5.660110733
8.22981,9.66456,2371.65,0.69528,0.719522,0.966308188,3.403937735,-8.699984806,5.580045452
9.40018,9.80277,2401.38,0.70764,0.706024,1.002288874,3.351022277,-8.519932908,5.682358061
6.49649,10.06165,2902.78,0.73198,0.726621,1.007375234,3.13603196,-9.014898639,5.387207288
7.19033,9.102,1730.62,0.66528,0.965103,0.68933575,3.760997602,-8.860522062,5.341048142
4.98598,6.73488,1141.11,0.59042,1.11309,0.530433298,4.630693369,-9.270065242,5.171880888
7.4091,10.66909,4161.49,0.77696,0.565023,1.375094465,2.527431232,-8.651195279,5.554132245
4.28847,5.07067,611.931,0.51052,1.30387,0.391542102,6.134100153,-9.542530439,4.886279526
4.39215,5.89004,886.395,0.50798,1.54457,0.328881177,4.588601572,-8.984861201,5.802202421
4.35313,5.86223,881.147,0.5065,1.55825,0.32504412,4.622389925,-8.994145774,5.491687544
4.17616,5.17336,932.1,0.55168,1.33076,0.414560101,5.677358139,-9.561344949,4.942542645
8.8403,9.48553,1015.22,0.6142,1.4036,0.437589057,3.275307215,-9.828037074,4.921731798
10.00981,12.36518,2733.8,0.71686,0.715605,1.001753761,2.700078597,-8.875277133,5.572758657
5.04854,5.79552,475.902,0.4525,1.51587,0.298508447,4.885251633,-9.391145046,5.421325048
4.95466,5.08011,418.59,0.44072,1.28742,0.342328067,6.19441246,-8.616641013,5.669329208
5.48586,6.80616,1530.66,0.62726,1.14478,0.547930607,4.171284802,-9.438480212,5.140276472
6.57368,19.03849,3527.08,0.78152,0.594852,1.313805787,2.591292543,-8.718795076,5.486069698
4.83521,5.76966,675.983,0.49968,1.51984,0.32877145,5.382908275,-9.301065419,5.312241985
7.89234,8.57661,1426.6,0.6708,1.19439,0.5616256,3.867117285,-9.286989546,5.209224636
7.8928,8.45824,1379.58,0.66732,1.20511,0.553741982,3.977944154,-9.277975398,5.248318673
7.40998,8.39033,1379.39,0.66706,1.20923,0.5516403,3.865387587,-9.258666729,5.210318258
5.76334,6.2506,2574.73,0.70316,0.921251,0.763266471,3.348750044,-9.073916476,5.383055616
5.46808,7.32111,1661.89,0.73318,1.5718,0.466458837,2.213688061,-9.340490058,5.359589686
4.56791,5.34593,759.401,0.5018,1.18507,0.423434903,6.189406862,-9.151184596,5.306904979
4.62847,5.60614,511.247,0.50278,1.77494,0.283265913,5.36013191,-8.999624444,5.755584884
4.36461,6.06205,1286.5,0.62204,1.22934,0.505995087,4.387656368,-9.235358363,5.227124499
17.51395,17.92516,2638.6,0.76272,0.536552,1.42152112,2.538292023,-8.309444515,5.956402581
23.62721,24.44059,2780.42,0.7981,0.439059,1.817751145,2.284926986,-8.111655939,5.967807887
30.14408,30.70055,3030.2,0.82792,0.362219,2.285689044,1.83174816,-7.914021883,6.08476298
36.43313,36.78756,2954.66,0.85506,0.334728,2.554492005,1.599648257,-7.718945412,6.256857915
34.35542,34.85961,3369.2,0.84726,0.286106,2.961349989,1.609523628,-7.71653943,6.077723102
38.06649,38.22812,2782.7,0.83128,0.326773,2.543906626,1.372063338,-7.781448015,6.171027809
5.18923,6.59267,886.669,0.55228,1.24447,0.443787315,4.414673287,-9.853940116,4.682181202
4.95677,7.5254,3239.27,0.6945,0.75626,0.918334964,3.336531077,-8.91990251,5.506936499
4.24768,8.85312,1497.51,0.62228,0.848051,0.733776624,4.279075369,-9.466835924,4.698694143
9.45289,15.81778,1500.82,0.70398,0.959285,0.733859072,2.636458645,-9.60214299,4.787120383
10.03609,13.87561,1610.91,0.70492,0.965847,0.729846446,2.99153608,-9.092447303,5.381798874
7.36405,9.58279,1009.68,0.55554,1.02513,0.541921512,4.2043197,-8.948240032,5.600680167
7.12348,9.49471,980.542,0.55378,1.03474,0.535187583,4.277355127,-9.047204899,5.523131296
5.83066,8.94751,965.504,0.54624,1.05936,0.51563208,4.41179335,-9.226710079,5.565729921
5.70271,8.06325,967.049,0.54364,1.05948,0.513119644,4.693937927,-9.219462892,5.22721339
5.63412,8.02638,919.341,0.5422,1.06522,0.509002835,4.749366255,-9.228266269,5.274150725
5.06073,7.61203,971.021,0.53216,1.0883,0.488982817,4.554041902,-9.193780766,5.485343849
5.19617,6.83933,1022.44,0.53006,1.09861,0.48248241,4.629511807,-9.149443856,5.304246607
4.79912,6.55429,941.621,0.52844,1.10539,0.478057518,4.721796234,-9.264337391,5.367450257
4.78318,6.61361,939.715,0.52762,1.10695,0.476643028,4.764705044,-9.187749161,5.348223811
5.1443,5.22922,385.113,0.5144,1.6171,0.318100303,4.196384289,-9.495574079,4.462837614
6.20532,7.88308,1058.16,0.60308,1.40501,0.429235379,4.743163341,-8.927618585,5.624024216
5.99694,7.72531,1479.64,0.6152,1.07668,0.571386113,4.811737914,-8.728084701,5.805288261
5.30071,6.00247,524.787,0.48104,1.71779,0.28003423,4.811769076,-9.53017632,5.249626703
5.78584,6.52014,393.689,0.44588,1.60919,0.277083502,4.413423549,-9.670363701,5.02708639
4.03217,4.22072,147.752,0.37282,2.18549,0.170588747,6.859214279,-8.633649321,5.940521478
3.96956,4.19061,162.522,0.3707,2.19605,0.168803078,6.895671118,-8.751275644,6.330138442
6.48187,7.78665,2532.4,0.71664,0.899667,0.796561394,3.154269096,-8.890675782,5.522874318
6.6287,9.2158,2675.84,0.74044,0.813635,0.910039514,2.860397752,-8.946023594,5.465100256
4.09776,5.39014,559.235,0.45538,1.21945,0.373430645,6.442508836,-9.377761167,5.108182999
4.72276,5.09966,564.892,0.46068,1.21463,0.379275994,6.481578388,-9.439768963,4.901344187
4.84916,5.1864,1076.23,0.52748,1.17199,0.4500721,5.737903117,-9.23480129,5.207845167
4.27999,7.01256,1391.99,0.56442,1.09096,0.517360856,5.096517164,-9.190155399,5.335114597
8.07599,8.96947,1902.49,0.67526,0.97123,0.695262708,3.263445826,-9.093009303,5.352311536
6.94262,18.51106,3660.84,0.78188,0.597667,1.308220129,2.601258011,-8.717352771,5.541263042
5.05884,7.20015,997.74,0.56006,1.17107,0.47824639,4.748711223,-9.543112491,4.795246227
5.70512,8.08493,1134.24,0.62502,1.37969,0.453014808,3.589341761,-9.360333935,5.34590265
5.8473,8.77219,1227.51,0.63726,1.32352,0.481488757,3.428023387,-9.375561579,5.117642497
5.56771,8.63785,1171.43,0.63032,1.36162,0.46291917,3.556988346,-9.348649117,5.164086039
5.62434,10.30851,1307.39,0.65086,1.28435,0.506762175,3.3203495,-9.359441755,5.107570256
7.09895,8.90631,1265.12,0.6509,1.2857,0.506261181,3.294978019,-9.305548689,5.303016655
6.23971,10.39698,1291.15,0.66214,1.26275,0.524363492,3.261131847,-9.368832333,5.08993444
5.67843,8.6384,1190.82,0.62544,1.35953,0.460041338,3.56684592,-9.392300233,5.325927582
6.69323,8.37909,1214.14,0.63476,1.32806,0.477960333,3.405660086,-9.342802331,5.267646347
5.96123,9.20954,1200.34,0.63452,1.33437,0.475520283,3.415470798,-9.314363231,5.224749941
6.22037,8.55578,1184.82,0.63538,1.35087,0.470348738,3.510965431,-9.382004384,5.230109523
6.18424,8.11172,1163.18,0.62748,1.35522,0.463009696,3.563275745,-9.373151994,5.063638804
6.26863,10.02209,2212.16,0.71232,0.811705,0.877560197,3.902451105,-8.930646583,5.446823917
6.59717,13.17296,2220.34,0.72244,0.883255,0.817929137,3.356180054,-9.020865534,5.388823568
5.27542,5.40721,1074.11,0.54272,1.18423,0.458289353,5.559739786,-9.242283113,5.350194848
5.0342,5.97505,2363.42,0.66762,0.92739,0.719891308,3.714353742,-8.989118337,5.406587633
5.09508,6.08901,2301.02,0.66154,0.93229,0.709586073,3.698060639,-9.006323782,5.600228775
5.01622,7.94342,2838.59,0.70966,0.877067,0.809128607,3.524034529,-8.772105072,5.750042362
5.16379,6.19817,772.834,0.50844,1.46257,0.347634643,5.14166849,-9.534958112,5.233901299
6.52783,13.18615,2245.39,0.72198,0.879718,0.820694814,3.34534872,-9.058019125,5.379395355
10.06588,11.52194,1864.44,0.65632,0.825504,0.795053688,3.806078785,-9.261203405,5.143845971
9.92431,11.74025,1927.88,0.66344,0.808668,0.820410848,3.746034734,-9.248320705,5.190725377
4.23676,5.6172,514.069,0.45784,1.93171,0.237012802,4.75241074,-9.840899537,4.76232053
4.84,12.94,2015.14,0.68168,0.716983,0.950761734,3.83829573,-9.128109708,5.204916199
4.29629,6.02864,1318.64,0.60574,1.13222,0.535002031,4.431852283,-9.452867665,4.975551682
5.17369,5.39694,291.38,0.40912,2.25257,0.181623657,5.399720651,-9.354157954,5.246968432
5.14642,6.20774,759.433,0.50616,1.46403,0.34573062,5.141297822,-9.549137919,5.025507139
4.16071,5.40468,745.81,0.516,1.54847,0.333232158,4.25163801,-9.732929736,4.668045954
4.22456,6.45985,1115.94,0.59794,1.36984,0.436503533,3.977919312,-9.611256982,5.091806614
4.17139,6.50302,1095.1,0.59726,1.38117,0.432430476,3.986912373,-9.631574625,4.958174982
4.08594,6.47601,1078.19,0.59492,1.39035,0.427892257,4.007457829,-9.634713762,5.03382153
8.27766,10.88253,1238.24,0.60742,1.009,0.602001982,3.92813457,-9.487577915,5.153618517
4.93276,8.69638,920.719,0.55316,1.22642,0.45103635,4.675578848,-9.533312116,4.532677793
4.56918,5.58996,755.358,0.53188,1.27653,0.416660791,6.468524606,-8.895146106,5.576614864
4.70953,5.87386,784.394,0.54114,1.30849,0.413560669,6.108372815,-9.00081299,5.600205059
10.04767,10.50032,1346.32,0.60606,0.982459,0.616880704,3.958829682,-8.773980959,5.540591515
4.61739,5.96762,840.777,0.57572,1.1098,0.518760137,4.318027712,-9.734572479,4.535612528
4.65776,6.35159,774.721,0.51056,1.14836,0.444599255,5.322088027,-9.436829643,5.145810501
7.49831,8.18384,1374.08,0.66592,1.22176,0.545049764,3.955619148,-9.323519056,5.166008434
7.80553,8.30815,1404.88,0.67156,1.20426,0.557653663,3.949022384,-9.243659672,5.245428733
7.50788,8.35741,1396.17,0.66472,1.24126,0.535520358,3.999177807,-9.189018314,5.31746781
7.50835,8.27117,1381.5,0.6644,1.23809,0.53663304,4.01117592,-9.241809952,5.421554148
4.01581,5.06604,211.642,0.44116,1.4577,0.302641147,6.697932326,-9.545614421,5.323900864
4.28854,5.6803,1812.45,0.6414,1.1313,0.566958366,4.164446493,-9.320121113,5.272107588
4.42295,5.8918,1940.34,0.64608,1.11408,0.579922447,4.061539076,-9.304674654,5.276387702
5.28492,6.78863,1760.56,0.65298,1.08447,0.602119007,3.843517186,-9.310845714,5.174149629
5.23642,6.50104,2488.12,0.68618,0.958325,0.716020139,3.471930331,-9.14828464,5.395351238
5.16908,6.74711,2564.61,0.69242,0.926118,0.747658506,3.31134492,-9.153838,5.214925184
5.1049,7.01898,2531.04,0.6978,0.913193,0.764132007,3.221755591,-9.067110735,5.395548588
4.49108,7.26111,1332.98,0.6082,1.17019,0.519744657,3.895673042,-9.606942553,4.775654848
5.9559,15.59448,4089.7,0.78788,0.560837,1.404828854,2.402342951,-8.710311052,5.500826895
5.20454,6.54271,976.21,0.55636,1.10411,0.503899068,5.903529993,-9.287425273,5.185230913
4.36113,5.08447,450.366,0.46286,1.22435,0.378045494,6.789111572,-8.892232876,5.575891635
7.33404,8.20229,1759.08,0.66736,0.896085,0.744750777,3.634055279,-8.630875006,5.679798409
5.42977,9.60382,2479.03,0.70826,0.669195,1.058376109,3.410188833,-8.96387324,5.35643479
6.08998,6.42929,4194.52,0.70336,0.7293,0.964431647,3.864207158,-8.565991428,5.813636611
3.80406,8.78253,1370.92,0.6028,1.06098,0.568153971,4.77761373,-9.481652315,4.990001841
5.14039,6.60108,918.633,0.5514,1.17875,0.467783669,5.782673026,-9.434249521,5.327823438
4.00842,8.70379,1182.28,0.59454,1.20121,0.494950924,4.527968458,-9.717819868,4.808950875
4.21343,7.49731,574.38,0.48284,1.44845,0.333349443,5.08324522,-9.515577044,5.017172312
5.43231,6.88401,2652.58,0.69848,0.929347,0.751581487,3.611828926,-9.012797735,5.412022578
4.58097,8.98757,1795.98,0.61762,0.876216,0.704871858,4.264612492,-9.241090432,5.448219497
4.18889,6.51947,1345.22,0.63434,1.08279,0.585838436,4.405395868,-9.385659925,5.265846813
4.41438,5.31747,683.676,0.51526,1.35237,0.381005198,5.511263268,-9.705692584,4.972214538
7.98957,9.17489,1485.28,0.61806,0.92991,0.664644966,4.454465142,-9.276191499,5.231406462
4.62328,7.09732,1337.42,0.57534,1.00078,0.574891585,4.806759595,-9.549664551,4.878104877
8.46338,9.84183,2436.44,0.77858,0.895692,0.869249697,1.554071221,-8.896854916,5.608164446
8.76011,10.02499,2419.17,0.78066,0.882826,0.884273911,1.511320824,-8.880901497,5.684265789
8.72369,10.01133,2425.72,0.78102,0.889531,0.878013245,1.525270083,-8.890301434,5.480526156
6.27169,7.47442,997.289,0.61248,1.39226,0.439917831,3.864431234,-9.527181566,4.941280906
3.9229,15.26539,1770.44,0.66484,0.842534,0.789095752,4.239058757,-9.335932682,5.028199818
4.62926,5.8356,1011.92,0.55576,1.09463,0.507714936,5.803247133,-8.99649028,5.522930845
4.61754,13.61739,2026.62,0.69804,0.953237,0.732283787,3.582213497,-9.217267243,5.178537168
4.2385,4.46346,746.839,0.51854,1.32222,0.392173768,6.214009053,-8.747270037,5.810324086
7.37206,12.27489,1966.41,0.71848,0.921667,0.779544022,2.971331008,-9.210170514,5.276999005
5.67876,6.04937,1037.17,0.58178,1.13736,0.511517901,5.235401463,-8.188652378,6.031132597
3.98908,6.09913,740.584,0.5408,1.3777,0.392538288,5.219874235,-9.707488754,4.862866335
4.00559,5.12851,430.546,0.46608,1.54997,0.300702594,6.214500807,-9.753535555,4.924775219
4.0299,5.17293,466.605,0.47528,1.53238,0.310158055,6.021448359,-9.800084585,5.072185449
4.53606,5.41046,1560.69,0.58092,0.911263,0.637488848,5.19107619,-9.35285477,5.051282073
4.62746,5.2704,1532.62,0.57776,0.917142,0.629956975,5.284910039,-9.372940019,5.044444718
5.65873,6.72021,855.781,0.53676,1.01181,0.530494856,4.327721892,-9.377738102,5.229218231
6.38772,6.55761,846.242,0.52014,1.0684,0.486840135,4.412044684,-9.36790032,5.318323477
5.67424,6.65442,807.053,0.49694,1.10163,0.451095195,4.720299918,-9.347265054,4.959261211
4.37328,6.19569,1623.32,0.593,0.902331,0.657186775,5.051820822,-9.347279512,5.01883259
4.69938,6.48146,1785.17,0.59726,0.892352,0.669309869,4.987201321,-9.287097294,5.143257969
7.35837,9.71547,1177,0.57768,1.15099,0.501898366,3.727045276,-8.922392609,5.495920825
7.37011,9.7478,1186.68,0.57946,1.14404,0.506503269,3.687313742,-8.905968785,5.504861979
7.37414,9.69288,1192.44,0.58158,1.14102,0.509701846,3.684072582,-8.885894179,5.606972251
7.47258,9.62315,1199.31,0.58264,1.13645,0.512684236,3.649020424,-8.93636956,5.55362533
7.528,9.45566,1189.56,0.57994,1.15031,0.504159748,3.707138745,-8.942185764,5.401933642
13.20205,15.8929,2126.73,0.7288,0.679059,1.073249894,2.513247357,-8.765570593,5.684516324
4.57602,6.51796,1152.25,0.59574,1.14323,0.52110249,4.663931418,-8.848558289,5.603405395
7.63768,8.1061,1313.96,0.66608,1.2392,0.53750807,4.063925915,-9.318248336,5.17199424
7.59473,8.2086,1354.21,0.66396,1.22736,0.540965976,4.003838559,-9.330276585,5.175451862
6.48147,6.85652,861.552,0.5653,1.67165,0.338168875,4.685275828,-8.949256817,5.471326542
7.35,7.87003,1598.45,0.63556,0.987944,0.643315815,3.846920887,-8.458608683,5.721931896
6.86498,10.43035,2752.25,0.71598,0.681319,1.050873379,3.269778771,-8.878448493,5.398870042
5.98929,9.0448,1309.45,0.61784,1.10047,0.561432842,3.7443538,-9.471262628,4.869067915
4.15651,5.19203,410.768,0.44882,1.32487,0.338765313,6.477878976,-9.337734969,5.203358193
4.11856,5.10825,614.964,0.47928,1.21472,0.394560063,6.626599874,-9.711340581,4.754638477
4.13079,5.12494,593.397,0.47774,1.21393,0.393548228,6.630092426,-9.739031072,4.850165304
7.84062,14.9462,3658.67,0.80704,0.604715,1.334579099,2.069502382,-8.764987289,5.49733491
4.12363,5.10796,463.829,0.48212,1.21487,0.396849046,6.53236135,-9.794544753,4.822911869
7.96722,15.10109,3718.36,0.81186,0.589709,1.376712921,2.011077356,-8.765121037,5.5378806
7.94906,15.11067,3699.19,0.81026,0.589088,1.37544815,2.016061981,-8.774736725,5.462897403
7.95238,15.07723,3643.91,0.80894,0.591689,1.367170929,2.005434613,-8.766019865,5.50617057
7.94526,15.08768,3667.79,0.80922,0.589511,1.372697032,2.000371202,-8.780027873,5.458929824
7.91769,15.10036,3684.86,0.81016,0.589511,1.374291574,2.015776938,-8.72916236,5.420955421
5.12904,5.58245,2038.34,0.66094,1.03675,0.637511454,4.028643307,-9.131848968,5.174905626
5.02553,5.5169,2005.01,0.66172,1.03225,0.641046258,4.007237357,-9.169890618,5.427701308
4.22373,6.03384,965.378,0.57316,1.23375,0.464567376,5.091979878,-9.460015443,4.969033204
4.58117,6.38849,1162.58,0.58826,1.19854,0.490813823,4.95473492,-9.479232572,5.042625943
4.59516,6.36899,1154.29,0.59546,1.19858,0.496804552,4.972816752,-9.465807265,5.108880184
6.98017,7.83578,1525.44,0.61456,0.980713,0.626646124,3.804491254,-8.821212272,5.612405334
4.8025,6.50583,673.201,0.51554,1.599,0.322414009,5.651272518,-9.60928262,5.154906314
4.91174,6.50945,835.098,0.51856,1.32827,0.390402554,5.745001928,-9.435237197,5.117727722
23.23987,28.19349,2993.89,0.88298,0.305679,2.888585739,1.105583693,-7.919795681,6.044685126
4.96103,5.44623,234.038,0.40304,1.63073,0.247153115,5.313672232,-9.700910935,4.817609885
4.00276,9.01794,899.793,0.55688,1.24682,0.446640253,4.277405224,-9.7278714,4.904681328
9.13273,10.62623,1789.43,0.68422,0.914395,0.748276183,3.577374465,-9.170453706,5.198108409
9.10715,10.65559,1777.69,0.68372,0.918282,0.744564306,3.56675958,-9.170542838,5.157350822
9.07282,10.68647,2078.29,0.68016,0.778283,0.873923753,3.538618161,-9.048798714,5.252532964
3.83801,5.05177,685.855,0.54018,1.20269,0.449143171,6.632767927,-9.0614121,5.454150132
10.84114,11.21149,1298.71,0.63396,1.13101,0.560525548,3.014011439,-8.567133123,5.840527435
10.99568,11.61678,1344.14,0.64782,1.13145,0.572557338,3.023884464,-8.487196904,5.729248863
10.8267,11.26396,1333.08,0.64048,1.13289,0.565350564,2.998791434,-8.468433788,5.791476508
10.94497,11.57288,1350.73,0.64468,1.13911,0.565950611,3.047875049,-8.558072281,5.909285376
6.16862,9.2766,1485.27,0.6488,1.10826,0.585422193,3.022666041,-9.458009565,5.067293252
5.38961,7.62039,483.849,0.48832,1.67019,0.292373922,4.950370949,-9.295284281,5.472806178
4.93889,7.18261,458.227,0.48322,1.60057,0.301904946,5.214452601,-9.289766309,5.26611351
10.83458,11.54579,1268.2,0.6411,1.17672,0.544819498,3.101241443,-8.612084704,5.951949862
10.82299,11.31191,1246.5,0.63556,1.17016,0.5431394,3.0448655,-8.609714387,5.797079402
4.67755,5.68214,1015.19,0.60378,1.62598,0.371332981,3.359918131,-9.563288079,5.063144697
5.22927,16.36523,2760.4,0.71038,0.720658,0.985738034,3.480392435,-8.919144827,5.470566948
5.15011,5.65834,2097.92,0.66534,1.02534,0.648896951,3.978133226,-9.181858886,5.220663458
4.63206,7.74471,600.367,0.48252,1.3092,0.368560953,4.763875549,-9.493697605,5.292746439
3.82499,11.61384,1502.42,0.6444,0.903214,0.713452183,3.72521877,-9.666989027,4.807531364
3.82654,11.61381,1503.47,0.64454,0.901728,0.714783172,3.718759489,-9.639204745,4.819200963
4.61822,5.47299,1382.86,0.62922,1.35698,0.463691432,4.185956078,-9.193305763,5.354667415
4.60331,5.44704,1367.15,0.62954,1.3755,0.457680843,4.216642995,-9.226076947,5.37152189
4.59352,5.41612,1289.24,0.62976,1.41024,0.446562287,4.505550483,-9.181931784,5.470078154
4.61623,5.47631,1754.71,0.63378,1.08146,0.586041093,4.30472569,-9.116440536,5.44821395
4.04304,5.72411,631.656,0.51634,1.14687,0.450216677,5.19998563,-9.502717554,4.91422394
3.84303,5.28042,474.798,0.51602,1.17037,0.440903304,5.555445034,-9.596983089,4.917443282
12.93727,30.84703,6013.66,0.9055,0.237231,3.816954782,1.269195763,-7.92937169,5.937857905
4.93164,5.53296,858.384,0.5458,1.1424,0.477766106,5.658983769,-8.923947134,5.669326257
5.53555,6.18995,1283.69,0.58934,1.00925,0.583938568,4.978790742,-9.092545491,5.421383288
8.02852,8.8151,894.431,0.57682,1.47492,0.391085618,3.645453838,-9.418104457,5.297032014
8.12377,8.81658,1115.57,0.58256,1.17608,0.495340453,3.590831528,-9.294234451,5.154000918
8.36992,8.94248,682.131,0.54522,1.63113,0.334259072,3.483258545,-9.391179543,5.145410034
5.32208,7.1432,2111.95,0.6522,0.951672,0.685320152,3.863107258,-9.18336453,5.356746164
4.26632,4.42679,628.494,0.52602,1.31307,0.400603167,5.425864983,-9.210058125,5.610497672
4.34625,4.49444,704.473,0.5303,1.29869,0.408334553,5.364229011,-9.162448153,5.268189972
4.22902,4.41727,599.734,0.52672,1.31505,0.400532299,5.43623443,-9.245299434,5.032094649
7.34267,7.85539,1558.53,0.63556,0.993925,0.639444626,3.873427633,-8.376837355,5.718711526
7.22608,7.76352,1527.34,0.62892,0.996606,0.631061824,3.884618088,-8.935514544,5.420062948
7.60574,8.05582,1646.37,0.63604,0.990751,0.641977651,3.863866652,-8.396923875,6.077854989
8.58608,10.19056,3037.95,0.73974,0.702208,1.053448551,2.937588811,-8.839213002,5.471682333
4.98443,6.38657,2856.74,0.68188,0.814512,0.837163848,3.943802146,-9.089336326,5.352382531
5.20358,5.89707,2250.81,0.69818,1.03265,0.676105166,2.83362586,-9.143409527,5.291747066
6.70425,10.12176,3057.45,0.74078,0.708799,1.045119985,3.080505626,-8.862287286,5.435785366
4.21433,4.92676,2110.48,0.65442,0.888887,0.736224064,4.488466697,-9.218148214,5.096791944
4.38596,4.69951,2426.46,0.66926,0.872213,0.767312572,4.378187646,-9.095550314,5.253889307
5.1936,5.99511,624.62,0.50944,1.69632,0.300320694,5.094171977,-8.95237088,5.576812221
5.21528,5.97003,660.945,0.51094,1.65966,0.307858236,5.070944824,-8.949379154,5.752864516
3.98805,5.24448,1255.43,0.61198,1.10666,0.552997307,4.815795267,-9.640640399,4.779673487
4.0676,5.24396,1160.37,0.60512,1.11955,0.540502881,4.858402728,-9.565547367,4.882021331
6.47199,8.31266,3466.08,0.75368,0.679186,1.109681295,2.951008289,-8.679839656,5.567323812
5.95196,8.43693,1052.18,0.60916,1.35381,0.449959743,4.131760293,-9.145647132,5.670542241
4.03318,4.87776,198.185,0.36024,1.72206,0.209191317,7.70555089,-9.37559137,5.033298232
4.98966,6.78942,659.571,0.47808,1.39975,0.341546705,4.816121766,-9.423293408,5.096017248
6.83328,8.71902,4053.73,0.75098,0.58944,1.274056732,3.053086142,-8.77384917,5.566885592
7.40782,9.82923,4304.34,0.78316,0.512153,1.529152421,2.567775986,-8.636715838,5.37944498
4.96284,7.94411,2747.84,0.69578,0.80119,0.868433206,3.528853328,-9.079673431,5.268541324
5.71555,6.38354,1665.64,0.64902,1.16333,0.557898447,3.833111864,-9.100857541,5.577920861
5.25681,6.23207,783.278,0.53884,1.2688,0.424684741,4.835286862,-9.379029469,5.165266453
8.17838,9.69532,2350.29,0.69962,0.723839,0.966540902,3.385846323,-8.721169078,5.572469227
8.02301,8.65383,1417.97,0.67562,1.19399,0.565850635,3.904732939,-9.24742254,5.244186656
7.41946,8.13654,1329.86,0.65856,1.23579,0.532906076,4.009885491,-9.310274552,5.299857469
7.56134,8.20693,1374.29,0.66664,1.2172,0.547683207,3.943673833,-9.277476965,5.283302391
8.24178,8.77466,1446.44,0.67988,1.17605,0.578104672,3.874350194,-9.2456431,5.194987047
7.97366,8.72478,1424.17,0.67888,1.18471,0.573034751,3.943494345,-9.257746732,5.213661475
7.91648,8.46136,1379.13,0.66582,1.21276,0.549012171,3.964518713,-9.315842519,5.283823817
6.77563,8.78676,2257.23,0.67368,0.847279,0.795109993,3.714514057,-9.073984325,5.315245778
6.32665,6.70484,1949.79,0.64806,1.05966,0.611573524,4.209590942,-9.045933276,5.447423967
7.39172,8.11347,1343.63,0.6662,1.23046,0.541423533,3.979248147,-9.286634054,5.233349391
6.34214,6.70637,2032.5,0.65784,1.04875,0.627261025,4.151761505,-9.038627397,5.388523402
6.34258,6.71551,1962.77,0.6487,1.05531,0.614700894,4.186379185,-9.056734882,5.350659232
6.35537,6.73279,2042.84,0.65872,1.03071,0.63909344,4.073944728,-9.068315071,5.433206464
5.71334,5.97543,1104.1,0.56576,1.17893,0.479892784,4.994367423,-8.531019807,5.59568318
6.62162,13.20026,2185.7,0.72742,0.879921,0.82668785,3.33305661,-9.033177568,5.54983204
6.63983,13.19327,2182.23,0.72302,0.881013,0.820668935,3.350863494,-9.03601036,5.47072436
6.43639,7.99336,2618.98,0.6771,0.786263,0.861162232,3.728773937,-9.002031894,5.335860495
7.50509,8.78838,2812.45,0.69804,0.73171,0.953984502,3.367807086,-8.859645952,5.463128105
6.85068,8.29809,2367.94,0.66012,0.790491,0.835075921,3.70711504,-9.005057736,5.463528528
4.97565,9.55153,2496.75,0.69406,0.85378,0.812926047,3.542701071,-9.243230038,5.185600592
4.76966,9.887,2373.6,0.6954,0.851934,0.816260415,3.488331201,-9.260328603,5.18279466
4.93119,10.25301,2070.74,0.68658,0.903826,0.759637364,3.634645907,-9.482331887,4.81698996
5.14189,6.12649,1490.06,0.64744,1.25484,0.515954225,3.69683352,-9.274979942,5.286934951
3.95878,4.93273,1310.83,0.61448,1.06916,0.574731565,5.238004015,-9.326524316,5.282806535
6.57882,13.17245,2205.4,0.72624,0.881994,0.823406962,3.339421927,-9.046768949,5.543236698
11.59411,12.99556,4771.76,0.83964,0.409914,2.048332089,1.788491011,-8.471404512,5.620386537
6.74513,8.35438,1218.74,0.60408,1.25512,0.481292625,3.769857467,-8.98232265,5.580126091
6.59808,7.55155,673.922,0.53124,1.24948,0.42516887,4.206095873,-9.304920365,5.444023491
10.30174,11.25061,2295.26,0.6833,0.775347,0.881282832,2.664831076,-8.947093685,5.425781681
10.10535,14.87522,2467.99,0.73434,0.621573,1.181421973,2.777938239,-8.824522997,5.468645886
5.81764,9.82615,2428.56,0.67298,0.800346,0.840861327,3.392335534,-9.012064169,5.279993865
5.23411,7.25953,2259.19,0.6993,1.08539,0.644284543,3.810894482,-9.151307179,5.261740998
5.46816,6.01068,430.281,0.43852,1.45362,0.30167444,4.943995851,-9.37512451,5.109523027
6.06319,6.18933,330.08,0.43072,1.70548,0.252550602,4.855438607,-9.111796666,5.134530918
5.92233,6.03338,305.661,0.42442,1.73347,0.244838388,4.982994034,-9.08988321,5.558679174
6.00668,6.11363,314.383,0.43214,1.71163,0.252472789,4.81851841,-9.120255767,5.51434467
5.25293,6.848,3392.1,0.70984,0.694132,1.022629702,3.902881581,-8.866105346,5.326877533
5.17767,6.83932,3473.53,0.70056,0.667047,1.050240838,3.796486485,-8.862136092,5.407486817
12.22348,12.9835,1839.36,0.6619,0.782876,0.845472335,4.058173642,-9.189813455,5.228009749
12.01283,12.20204,2023.44,0.67448,0.782648,0.861792274,3.877656624,-9.115100098,5.26168897
5.4183,7.18408,3337.29,0.70438,0.735724,0.957397067,3.282448139,-8.975102131,5.43900971
5.47476,7.19373,3000.72,0.68262,0.743514,0.918099726,3.650802778,-9.014677385,5.303777823
9.55919,10.5248,746.086,0.59442,1.53175,0.388065938,3.771651565,-8.967874706,5.662211546
9.57688,10.52986,745.984,0.59654,1.52454,0.391291799,3.721525784,-8.935824146,5.532974928
6.99995,7.05969,1189.62,0.58384,1.17586,0.496521695,4.61781809,-8.533855483,5.799254821
6.93916,7.05263,1199.54,0.58244,1.17979,0.493681079,4.66035686,-8.525883899,5.748134436
7.259,11.15594,2281.39,0.72028,0.82433,0.873776279,2.932542413,-9.24269283,5.101427217
6.94851,8.92381,756.405,0.54424,1.37984,0.394422542,3.922092724,-9.711773762,4.983614818
7.41632,9.35755,1289.22,0.6152,1.16758,0.526901797,3.431751335,-9.35423751,5.287122269
3.89872,4.64123,115.402,0.45456,1.60316,0.283540008,6.315951741,-10.21264534,4.695130598
3.9752,4.69623,180.155,0.45984,1.55724,0.29529167,6.180632453,-10.13590703,4.602755742
8.25863,8.38886,1942.74,0.70438,0.927218,0.759670326,3.085994307,-8.938748078,5.436030498
4.66211,4.98254,210.989,0.4197,1.2855,0.326487748,6.197394166,-9.75441654,4.643207438
7.45,11.94,4386.62,0.78,0.56,1.392857143,2.334379655,-8.533966794,5.644479997
10.73897,12.08735,2440.63,0.73534,0.620401,1.185265659,3.297244741,-8.740729903,5.492258248
11.20672,12.48204,2276,0.73952,0.609743,1.212838852,2.581320794,-8.930432072,5.464170684
10.9248,12.15024,3246.87,0.75918,0.559582,1.356691245,3.116633482,-8.677608751,5.596376294
6.39643,8.94506,2007.8,0.6734,0.932619,0.722052628,3.71319849,-9.185943575,5.24437426
6.44823,7.27421,797.998,0.57912,0.918654,0.630400564,4.858429593,-9.148387407,5.222487024
3.94411,5.155,699.82,0.56988,1.22508,0.465177784,5.211962743,-9.950880846,4.669939475
5.36256,5.56311,718.415,0.47334,1.26306,0.374756544,5.476221106,-9.172660996,5.395877576
7.76727,8.48559,3355,0.7571,0.69107,1.095547484,2.722122556,-8.780317823,5.545271419
5.37593,14.40357,2089.1,0.69962,0.783218,0.893263434,2.582974153,-9.105248049,5.392273408
9.55228,10.05089,2141.9,0.717,0.899208,0.797368351,2.871731091,-9.152548137,5.242016415
4.62153,5.52258,365.317,0.4535,1.32625,0.341941565,7.178376782,-9.629837166,4.86107696
4.61719,8.09113,771.959,0.54146,1.43313,0.377816388,4.881631992,-9.735297333,4.897688323
6.03948,7.12468,730.309,0.49814,1.31037,0.380152171,4.581332334,-9.046718609,5.489077335
4.32378,9.74723,2428.55,0.67384,0.807529,0.834446812,3.733584136,-9.173329797,5.214866042
10.86579,15.71457,2959.34,0.74806,0.592467,1.262618846,2.935432159,-8.81939294,5.547862992
4.41973,5.37557,911.572,0.55872,1.14422,0.488297705,5.466368424,-9.808046264,4.866513891
3.87866,4.96812,508.341,0.5069,1.29312,0.391997649,6.596922234,-9.671020002,5.126627514
5.81739,6.97253,843.277,0.52428,1.26357,0.414919632,4.864265012,-9.276374372,5.16724827
5.80169,6.72204,921.447,0.51564,1.15116,0.447930783,4.874860523,-9.187612967,5.452634283
6.73057,10.62365,2452.46,0.69298,0.736025,0.941516932,3.232108705,-8.996884319,5.357026057
3.8044,5.13889,451.983,0.48024,1.3464,0.356684492,6.236202181,-9.888117622,4.905455311
6.73872,7.36714,802.124,0.52834,1.14671,0.460744216,4.758369403,-9.648235833,4.894799653
6.12269,7.18204,1987.51,0.62472,0.866215,0.721206629,3.914644149,-8.973362436,5.464683647
4.52304,6.18548,956.292,0.53814,1.1169,0.48181574,5.519165915,-9.444334911,5.01646802
6.90616,7.0595,1851.69,0.67238,1.03857,0.647409419,3.699086666,-9.32467823,5.030654748
4.02928,4.2096,365.104,0.58924,1.31378,0.44850736,5.283131312,-9.343398458,5.046196997
5.24575,8.69858,1773.98,0.66012,0.922778,0.715361658,3.281517136,-9.377313815,5.141563183
4.63324,6.07207,1540.89,0.6043,0.941113,0.642112052,4.978729922,-9.135749643,5.303960946
4.63235,7.88517,1719.26,0.61816,1.00373,0.615862832,3.538974284,-9.409762637,4.9849537
7.31301,9.31104,3126.58,0.78852,0.758181,1.040015511,1.505627084,-8.844345204,5.630791258
5.1125,6.9378,1109.02,0.56054,1.1916,0.470409533,5.446557554,-9.223724489,5.282279068
5.02444,6.09614,1193.75,0.55906,1.07096,0.522017629,5.509021948,-9.30765516,5.283952852
4.41521,10.6324,2361.57,0.66208,0.802555,0.824965267,4.313066203,-9.083195204,5.295394231
4.56022,11.19601,1303.43,0.6639,1.01627,0.653271276,4.136007926,-9.704366649,4.746421036
4.60621,6.67033,1295.12,0.61006,1.09473,0.557269829,4.801883888,-9.47840078,5.13299725
5.27904,6.90179,1266.7,0.56356,1.10178,0.511499573,5.213224015,-9.149980845,5.347449181
4.04507,8.51649,2329.78,0.66468,0.818285,0.812284229,4.692256931,-9.08990745,5.358383944
8.40687,9.12835,2507.28,0.68464,0.738025,0.927665052,3.609802472,-9.203937714,5.354064722
3.91911,5.07339,1147.2,0.58102,0.938456,0.619123326,5.565546177,-9.481770361,4.990422535
9.5428,10.72174,1430.84,0.66024,1.08933,0.606097326,3.467563631,-8.633577454,5.92838093
8.98959,10.11718,1374.14,0.64986,1.13998,0.570062633,3.58030901,-8.714977844,5.796625692
3.85298,4.70069,755.204,0.56774,1.25512,0.452339219,5.96046126,-9.14939019,5.436867835
4.18847,5.89344,1389.07,0.57098,0.984353,0.580056138,5.614591542,-9.453203108,4.983661527
6.33455,7.14824,1027.8,0.57896,1.33984,0.432111297,3.884249281,-9.043133921,5.218817959
4.54627,6.18172,1005.47,0.60372,1.23378,0.489325488,4.862685207,-9.681560119,4.971264444
4.05076,5.68269,1590.27,0.6309,1.1925,0.529056604,4.580314637,-9.056916087,5.495343982
4.00719,5.98694,1010.01,0.54588,1.17836,0.463254014,5.335341099,-9.628539069,5.019039588
4.60339,4.87462,285.35,0.37256,1.60547,0.232056656,6.436761604,-9.240099331,5.20332594
3.90104,4.69422,296.044,0.43882,1.33698,0.328217326,6.667704416,-9.687219632,4.996140789
6.43412,7.20706,2624.97,0.71492,0.83873,0.852383961,3.563086035,-8.769758632,5.555946935
6.92579,7.42094,498.884,0.46864,1.50963,0.310433682,4.227717221,-9.140659242,5.30418135
5.40906,8.4438,3284.48,0.70766,0.731873,0.966916391,3.847588239,-8.858296324,5.467596511
4.1146,4.69191,311.041,0.42404,1.30005,0.32617207,8.505220351,-9.327128404,5.344989875
10.37066,13.68087,4692.64,0.83192,0.399582,2.081975665,1.94251665,-8.385534482,5.816485629
8.2906,12.65101,4436.15,0.81062,0.451159,1.796750148,2.161171821,-8.486960678,5.643125991
8.36781,12.42499,4239.14,0.7967,0.470537,1.693171844,2.365003337,-8.539075783,5.586244757
5.30329,7.14215,2098.6,0.65274,0.862488,0.75681053,4.151506053,-9.316427044,5.115357934
8.94797,13.15242,3506.84,0.74066,0.566631,1.307129331,3.081097271,-8.765612069,5.354832701
5.00759,11.37766,3139.42,0.71074,0.697273,1.019313813,3.658102838,-8.934536126,5.340070577
7.77952,8.82467,2976.96,0.7072,0.718839,0.983808614,2.952283282,-8.925116841,5.504030408
4.73179,6.93499,1689.63,0.61848,1.00825,0.613419291,5.116075815,-9.299927646,5.146974808
7.97255,8.86609,1511.99,0.60424,0.87729,0.688757423,4.900848041,-9.389890701,5.001066636
4.27765,4.88487,730.364,0.49106,1.14926,0.427283643,5.752301163,-9.156888366,5.413492095
5.12266,5.62501,1157.78,0.5562,1.0421,0.533729968,4.918748058,-8.909721659,5.78075315
9.32974,13.77283,2286.62,0.72532,0.843356,0.860040125,2.743800701,-9.090649454,5.301601489
3.81365,4.71595,701.475,0.64466,1.35498,0.47577086,4.209872332,-9.586848468,5.006957752
3.84866,5.6085,427.534,0.4557,1.73795,0.262205472,5.928109588,-9.753638879,4.914297989
3.84215,5.27232,584.482,0.47752,1.23985,0.385143364,5.90876606,-9.23366057,5.244209263
3.95007,11.48833,1492.91,0.64682,0.911589,0.709552221,3.838712795,-9.581456201,4.264298769
4.43874,6.62548,2427.27,0.64624,0.811884,0.79597578,4.672963683,-8.987370997,5.426908355
3.81876,4.7672,131.656,0.41302,1.57647,0.261990396,6.873835344,-9.510697045,4.357949204
4.35003,4.8099,444.516,0.47026,1.31666,0.357161302,6.684365814,-9.421103948,4.969707993
4.36617,4.80367,469.707,0.46938,1.30952,0.358436679,6.643736718,-9.402373463,5.256966245
4.37549,4.80264,467.526,0.46958,1.30838,0.358901848,6.633979048,-9.42720542,5.488496088
4.4419,4.88368,484.71,0.47394,1.30126,0.364216221,6.562163542,-9.366823606,5.176649836
4.99633,6.92653,1215.22,0.54532,1.00914,0.540380918,5.158357328,-9.170883125,5.222962976
4.36886,6.62446,1144.27,0.53822,1.02982,0.522635024,5.335768463,-9.191153493,5.361171146
4.80527,6.77386,1210.17,0.54094,1.02251,0.529031501,5.260845287,-9.140134489,5.386629943
5.94334,7.58539,1300.06,0.56098,1.03555,0.54172179,4.746152624,-9.331423914,5.232345
22.89921,24.23226,4095.95,0.82914,0.438068,1.892719852,1.904529195,-8.372984373,5.739162524
7.55924,8.25861,1410.1,0.66728,1.22262,0.545778737,3.969129797,-9.256835009,5.318139172
4.56824,5.42772,460.817,0.54228,1.09568,0.494925526,5.841207475,-9.891188837,4.450988657
4.83612,6.31608,826.254,0.56294,1.45624,0.386570895,4.800397,-9.686279351,4.811953241
4.85437,6.33067,834.35,0.56262,1.46159,0.384936952,4.787346212,-9.704678131,4.83312549
4.82644,6.32321,800.893,0.55948,1.48289,0.377290291,4.826198289,-9.692321739,4.870464649
6.56871,13.17014,2198.69,0.72452,0.882705,0.820795169,3.33116806,-9.047188228,5.504409837
7.22847,8.1734,1386.22,0.66494,1.21949,0.545260724,4.130847415,-9.474615537,5.085413182
7.35206,8.09472,1311.78,0.65968,1.24694,0.529039088,4.054214354,-9.289302051,5.306612808
7.49345,7.99802,1365.52,0.66716,1.22768,0.543431513,4.047640811,-9.332697593,5.290828115
7.11073,8.11816,1374.07,0.66288,1.22088,0.542952624,3.933858754,-9.269518396,5.21400947
6.10487,6.74707,1222.91,0.57302,1.02439,0.5593768,4.998964866,-9.393216602,5.060368934
6.25774,7.86092,1727.23,0.6746,1.30122,0.518436544,2.749387987,-9.221003592,5.452579658
5.83008,6.35635,1370.15,0.63194,1.00359,0.629679451,4.238654175,-9.673044934,4.768369444
11.17997,13.79937,2249.43,0.80124,0.783809,1.022238836,2.265579827,-8.73446664,5.616521352
6.24008,6.85464,1439.89,0.6169,1.16526,0.529409745,4.630569934,-9.387069587,5.177854092
6.41478,7.19202,1165.68,0.59802,1.40092,0.426876624,3.165683462,-9.14233066,5.411606475
6.32764,7.11427,1149.29,0.59096,1.42622,0.414354027,3.246529737,-9.130874534,5.412081321
6.30763,7.09807,1135.13,0.59022,1.42891,0.413056106,3.252562879,-9.112265514,5.352954973
4.09815,5.37516,645.677,0.51398,1.22032,0.421184607,6.652701724,-9.136121858,5.46179932
4.19267,5.26486,1104.7,0.64204,1.20943,0.530861646,3.286161017,-9.950405453,4.460241272
4.04783,6.75773,1022.93,0.58036,1.05377,0.550746368,4.971148995,-9.624929106,4.806943378
4.04035,10.661,1677.69,0.62342,0.932992,0.668194368,4.22892986,-9.381862269,5.003247216
5.81733,7.38156,3090.39,0.70562,0.675677,1.044315553,4.027434691,-9.182472592,5.048166761
4.8353,6.30273,1277.49,0.6085,0.968672,0.628179611,4.433677549,-9.320498809,5.174433473
3.98171,5.44159,896.095,0.5447,1.19373,0.456300839,5.243275039,-9.119540045,5.265467161
4.73885,6.1103,1051.46,0.576,1.15278,0.499661687,5.247735369,-9.313266767,5.173853399
6.807,7.01875,207.074,0.32878,2.47032,0.133092069,5.173535173,-8.98978915,5.785013505
5.67068,6.77742,2686.05,0.71204,0.861722,0.826298969,3.152226357,-9.181714605,5.345698721
5.3119,10.2017,2648.12,0.68248,0.774012,0.881743436,3.699556662,-9.067205084,5.226257099
3.81172,5.01926,223.685,0.4194,1.35653,0.309171194,7.284840645,-9.289870671,5.126616981
4.81444,7.03658,1269.96,0.59182,1.1542,0.512753422,4.662259235,-9.384209792,5.287881652
4.78738,7.0082,1261.98,0.59226,1.16844,0.506880969,4.680848178,-9.386526995,5.105637728
10.32446,18.78161,4245.79,0.83804,0.429891,1.949424389,1.838483764,-8.493529243,5.549366429
13.79843,19.36968,1649.85,0.7522,0.712953,1.05504851,3.046860176,-8.650379544,5.703909125
7.52574,10.57455,2376.21,0.67474,0.823179,0.819675915,3.104117149,-8.952955769,5.487052067
9.63813,13.66711,3236.97,0.77846,0.628902,1.237808116,2.693779783,-8.763685141,5.470375726
4.48052,9.13035,2899.43,0.70972,0.761383,0.932145845,3.602283258,-8.961296163,5.4043528
3.99697,5.16699,516.86,0.5247,2.08607,0.251525596,5.100514307,-9.812175167,5.154688729
4.5792,7.24657,1032.81,0.55594,1.09306,0.50860886,5.694631329,-9.331715918,5.065984969
4.51731,7.20509,1108.32,0.54452,1.01682,0.535512677,5.782437029,-9.303609453,5.191791826
4.48545,7.24877,1094.73,0.53936,1.0306,0.523345624,5.921595815,-9.318373301,5.288792608
4.4286,7.2141,1047.88,0.53394,1.05667,0.5053044,6.087855136,-9.350733827,5.071102288
5.83185,7.9794,2187.08,0.63504,0.893496,0.710736254,3.283321648,-9.104856294,5.34364681
5.40028,6.57121,1507.53,0.63392,1.35328,0.468432253,3.870551553,-8.992969687,5.588130846
6.34979,8.7673,1243.03,0.6455,1.30492,0.49466634,3.384666247,-9.375405021,5.237226775
5.90829,8.29808,1204.14,0.63394,1.34322,0.47195545,3.524930899,-9.374763666,5.117082629
6.10924,8.54677,1220.15,0.63876,1.32937,0.480498281,3.466220053,-9.340708759,5.2382426
6.43433,8.86217,1218.99,0.6429,1.31015,0.490707171,3.400329453,-9.379655657,5.121703994
4.75945,5.14269,1249.98,0.63368,1.14921,0.551404878,4.368920342,-9.40601117,5.075826519
5.22417,5.68466,1344.05,0.60904,1.23934,0.491422854,4.765298908,-9.300859506,5.197197397
4.65091,5.41853,1218.92,0.58148,1.04463,0.556637278,4.839923814,-9.36564093,5.194152839
4.63526,4.71055,359.961,0.49424,1.47308,0.335514704,7.237826522,-8.442100989,6.264265149
5.90244,8.31991,1217.75,0.63882,1.33036,0.480185814,3.517178322,-9.330318396,5.161407287
5.26943,8.20629,1192.87,0.63058,1.3504,0.466957938,3.53181752,-9.337432611,5.289423529
5.89473,8.3593,1221.37,0.63852,1.33036,0.479960311,3.515345762,-9.339071419,5.175427285
4.96773,7.1388,752.034,0.55802,1.60251,0.348216236,4.858018774,-9.46948183,5.194162446
6.09762,8.30632,3278.57,0.72956,0.751545,0.970746928,3.139800524,-8.999041129,5.308626911
5.39006,6.29398,698.188,0.53046,1.61584,0.328287454,4.911634287,-8.986221608,5.657174751
5.04643,7.11235,728.537,0.55428,1.65932,0.33404045,5.120371379,-9.446626174,5.090660808
4.93769,7.17498,768.874,0.55424,1.56952,0.353127071,4.827974578,-9.496488027,5.258387793
4.46538,5.96732,827.695,0.53506,1.62337,0.329598305,4.787907195,-8.962680578,5.599029839
4.3172,5.93545,848.308,0.53552,1.61863,0.330847692,4.840861463,-9.037673316,5.774686885
7.15317,8.23557,1624.35,0.6312,1.10058,0.573515783,3.7565429,-9.202102959,5.407621264
5.11829,6.27903,1042.19,0.55842,1.43647,0.388744631,4.711828488,-9.534777409,5.245925931
6.04018,12.498,5222.56,0.80136,0.48038,1.668179358,2.40988634,-8.529202528,5.660026951
5.98085,11.72616,5220.51,0.79364,0.505624,1.56962486,2.579443083,-8.56490548,5.639489217
6.09657,11.74556,5207.64,0.78906,0.512375,1.540004879,2.634350055,-8.538712366,5.553629492
6.07261,11.19548,4990.44,0.77704,0.54262,1.432015038,2.851876836,-8.634628094,5.530340036
5.92931,9.82687,3933.94,0.73554,0.641251,1.147039147,3.590629637,-8.872887433,5.475727922
6.14212,9.81532,3146.97,0.71292,0.699468,1.019231759,3.922621282,-8.950406556,5.249016681
6.12776,9.73892,3092.62,0.70812,0.704912,1.004550923,3.949869704,-8.954389633,5.29755371
6.11183,9.64899,2949.59,0.7033,0.717947,0.979598773,4.032250556,-8.991687015,5.361770538
6.07844,9.5277,2899.02,0.70114,0.722374,0.970605254,4.052503023,-8.977791928,5.302862982
6.0393,9.30813,2795.16,0.69782,0.731985,0.953325546,4.114517912,-9.031329082,5.290296501
5.36113,10.95537,5056.56,0.77612,0.533113,1.455826438,2.82438598,-8.613144763,5.541893701
5.41503,11.30468,5059.07,0.7839,0.512269,1.530250708,2.677498093,-8.58417785,5.534837708
5.47188,11.81211,5105.3,0.79094,0.501768,1.576306181,2.589897207,-8.571582844,5.601600625
5.42066,11.61852,5072.49,0.78732,0.51003,1.543673902,2.650618275,-8.55291125,5.527259618
5.34922,11.36787,5067.93,0.77464,0.533932,1.450821453,2.838179855,-8.6091876,5.58753436
5.2519,11.16649,4942.47,0.76878,0.555198,1.38469519,2.995937162,-8.649836764,5.619946833
5.24933,11.33302,4884.86,0.76336,0.558087,1.367815412,3.029457022,-8.68291687,5.652596068
5.20054,7.50813,3964.6,0.72602,0.647965,1.120461753,3.748875012,-8.874947325,5.410018194
5.1021,7.58377,2988.4,0.69712,0.720299,0.967820308,4.229497191,-9.047332138,5.409861647
5.10695,8.26869,2680.8,0.68916,0.739009,0.932546153,4.304780315,-9.055019417,5.389288783
5.10678,7.88398,2556.58,0.68526,0.750929,0.912549655,4.385923753,-9.069901425,5.242577694
5.09547,7.73054,2533.94,0.68714,0.751192,0.914732851,4.387606918,-9.0583665,5.170922213
5.10727,8.08,2487.77,0.68546,0.75692,0.90559108,4.392107164,-9.120859663,5.170094976
5.34376,11.13019,5136.86,0.7746,0.540267,1.433735542,2.876466933,-8.619312895,5.667981717
5.37416,11.39121,5039.42,0.78056,0.528259,1.477608522,2.786888071,-8.583931239,5.560029184
5.98917,13.02556,5129.83,0.80308,0.473838,1.694840853,2.401857248,-8.514998966,5.588149695
5.25928,11.09362,4937.3,0.76358,0.56801,1.344307319,3.097603121,-8.666414465,5.476935766
5.35338,12.07339,5140.03,0.77692,0.527677,1.472340087,2.799773711,-8.594116581,5.621436032
5.20485,9.81757,4844.77,0.75344,0.582326,1.293845715,3.194247466,-8.736598413,5.499128458
5.23079,9.91334,4850.78,0.75556,0.575954,1.311840876,3.145164188,-8.724500412,5.491356248
5.27481,10.42971,4943.1,0.76392,0.557764,1.36961152,3.015116478,-8.67315654,5.541163712
5.34276,11.15907,5066.66,0.7739,0.535598,1.444926979,2.84716904,-8.623183662,5.593712758
5.36939,11.42851,5060.9,0.77594,0.532371,1.457517408,2.825570226,-8.615618866,5.486598943
5.20239,9.75422,4799.93,0.75062,0.581306,1.291264842,3.196146836,-8.703929687,5.387782226
5.96806,11.7936,5245.34,0.79438,0.502437,1.581053943,2.566102827,-8.563104983,5.603746763
5.68179,10.36799,5086.81,0.76794,0.557538,1.377376968,2.972312606,-8.644409902,5.533999293
5.7016,10.40783,5142.37,0.77088,0.554264,1.390817372,2.944519409,-8.657867087,5.602246564
5.82104,10.92239,5150.64,0.77616,0.537309,1.444531917,2.817440916,-8.596218861,5.639189536
6.00494,11.43321,5226.9,0.78598,0.521066,1.508407764,2.693551079,-8.583909613,5.693295121
5.66439,10.32083,5098.1,0.77,0.556946,1.382539779,2.96487562,-8.636069412,5.450040147
6.02223,12.08323,5188.58,0.79652,0.495095,1.608822549,2.510585102,-8.552461725,5.695621122
6.04966,12.44931,5190.36,0.80366,0.481059,1.670605892,2.417766007,-8.556091973,5.689409731
5.3599,9.27242,5128.53,0.76676,0.544667,1.407759236,2.883322889,-8.699013736,5.570049323
5.37054,9.75529,5062.53,0.77362,0.541661,1.42823648,2.861303806,-8.62125204,5.544273205
5.23269,10.2026,4808.21,0.7555,0.576016,1.311595511,3.152835993,-8.700489783,5.548094801
5.23581,10.24236,4774.18,0.75806,0.576725,1.314421952,3.170091874,-8.719624965,5.602867689
5.29557,10.43104,4959.21,0.76224,0.565681,1.347473223,3.077995401,-8.694744019,5.617898844
5.32116,11.2434,5067.16,0.76948,0.544527,1.413116338,2.906615595,-8.640778795,5.532102725
5.21129,10.36323,4711.39,0.75674,0.581505,1.301347366,3.20986883,-8.720700768,5.530469953
8.4757,9.49806,477.035,0.52398,2.20878,0.23722598,3.247840087,-8.961566586,5.560392451
3.87519,6.75931,1234.11,0.60784,1.24165,0.489542142,4.620726487,-9.384452647,5.172293041
6.9765,8.18788,1641.49,0.62754,1.09192,0.574712433,3.747123195,-9.212033969,5.286487431
7.00638,8.22196,1526.34,0.64046,1.18297,0.541400036,3.78789337,-9.251190616,5.261728122
7.38864,12.6211,3730.51,0.7693,0.566541,1.357889367,2.8658758,-8.653759298,5.628737567
9.18226,18.73018,3247.92,0.81648,0.559382,1.459610785,1.965587869,-8.624861663,5.700828766
4.68882,6.98697,1090.65,0.57676,1.0268,0.561706272,5.338740537,-9.758632758,4.776102612
4.03591,6.64302,1483.57,0.59698,0.939066,0.635716765,5.436035048,-9.349476384,5.151730387
3.80399,4.88677,629.912,0.54964,1.1967,0.459296398,5.982856102,-9.46702209,5.100890363
4.8019,9.59235,1945.33,0.69386,1.04942,0.661184273,3.495128229,-9.343487482,5.111857963
4.63088,5.62402,679.385,0.52362,1.0296,0.508566434,6.406481681,-9.498986139,4.990317268
7.55866,8.47123,2638.99,0.72524,0.752331,0.963990584,3.264417777,-8.807734874,5.406590017
7.85329,8.53899,2563.08,0.72192,0.74811,0.964991779,3.232805784,-8.920971541,5.495766318
4.51984,9.76128,1835.43,0.68796,1.07567,0.639564179,3.429684623,-9.298499579,5.06781858
7.29133,8.22766,1585.84,0.61644,1.01857,0.60520141,4.432007337,-9.377574564,5.078427173
5.94328,8.66526,1518.27,0.60202,1.00954,0.596331002,4.04740662,-9.386007261,5.195364676
6.59544,9.78266,1328.67,0.67156,1.19807,0.56053486,3.93848871,-9.335816155,5.221391242
5.44409,6.75938,3083.55,0.70018,0.77718,0.900923853,3.602929337,-8.992576379,5.33034137
5.32058,17.22643,1358.37,0.65368,1.04628,0.624765837,2.858106158,-9.308705175,5.197949401
5.71174,6.42663,1044.46,0.60638,1.58208,0.383280239,3.964915044,-9.458062598,5.289638904
3.86427,5.06012,1477.46,0.6231,0.990442,0.629113063,5.021563834,-9.245907892,5.101883927
4.8596,7.11279,525.794,0.48876,1.37449,0.355593711,4.482344571,-9.516180234,5.028140592
3.826,4.92087,387.706,0.50744,1.19226,0.425611863,6.495383227,-9.477317351,5.173644746
4.70396,5.89761,1105.65,0.54338,1.14377,0.475078031,5.449220807,-9.363332426,5.23409365
8.92731,10.28423,3392.53,0.76974,0.565579,1.360976981,2.581264562,-8.710085271,5.493614567
8.88209,10.65657,3353.08,0.7691,0.568939,1.351814518,2.573095378,-8.674113769,5.505241493
9.01667,10.80975,3121.04,0.76484,0.57877,1.32149213,2.391109685,-8.728053973,5.551468551
8.99871,11.06486,3124.19,0.76458,0.578861,1.320835226,2.404476175,-8.703884616,5.551246006
8.54355,11.63304,3288.46,0.7625,0.576845,1.321845556,2.580310309,-8.725848023,5.455532887
8.06777,8.57419,1698.02,0.60346,0.978062,0.616995651,4.340090248,-9.281284982,5.094894939
4.57547,5.99371,1838.85,0.6336,0.952092,0.665481907,5.010718563,-9.032929399,5.412756954
4.14635,5.4452,849.289,0.55878,1.16308,0.480431269,5.25468086,-9.467747405,5.042394473
4.66623,6.1259,1537.3,0.59642,1.0094,0.590865861,5.296627272,-9.243626184,5.230856462
4.81637,6.08949,1401.4,0.5839,0.94328,0.619010262,5.363917117,-9.477034539,5.015929232
7.04787,7.1779,1294.2,0.59806,1.13503,0.526911183,4.402489256,-8.633822863,5.748083439
6.69761,13.20708,2195.32,0.72346,0.878357,0.823651431,3.309175614,-9.055597645,5.35385992
5.79316,7.36512,3073.49,0.70376,0.678518,1.037201666,4.047023669,-9.188488085,5.07837151
5.78241,7.33818,3087.38,0.7054,0.675641,1.04404558,4.033832908,-9.230211442,5.069153075
5.72246,7.3374,3227.75,0.7052,0.669934,1.052641006,4.013411169,-9.140317288,5.181709591
4.23256,11.10172,1859.66,0.64436,0.888211,0.725458253,3.990901644,-9.381742324,5.019745379
5.3716,7.19018,576.154,0.46366,1.13147,0.4097855,4.996426206,-9.396307504,5.174876429
5.62836,7.13781,576.757,0.46362,1.22808,0.377516123,5.003775898,-9.353700829,5.183485362
4.47342,6.5158,2588.28,0.69076,0.877848,0.786878822,4.066457287,-8.872857253,5.552034249
6.05766,14.24977,1944.96,0.74626,1.03274,0.72260201,2.266717901,-9.048873779,5.447828791
4.77135,5.69712,753.147,0.52992,1.53417,0.345411525,5.0239204,-9.113583168,5.646126202
6.80377,7.04016,2238.38,0.66554,0.930569,0.715196831,4.608274189,-9.025930398,5.427903795
6.75464,6.9686,1918.86,0.6558,0.970836,0.67550029,4.843917454,-8.994565078,5.449230342
8.34107,8.50715,820.492,0.52252,1.18054,0.442611009,3.725806909,-8.953648554,5.488820899
8.3704,8.53124,820.299,0.54676,1.18192,0.462603222,3.798182816,-8.915298578,5.659989411
6.46187,10.7636,2491.22,0.70284,0.754034,0.93210651,3.203979865,-8.972599281,5.310228148
11.11801,25.84424,2993.2,0.83732,0.527457,1.587465898,1.69723407,-8.451973551,5.732232186
4.8127,6.05449,485.792,0.47448,1.78797,0.26537358,4.783027255,-9.423869729,5.177998198
3.8221,5.4847,212.345,0.44154,1.96889,0.224258338,5.463545093,-10.07892815,4.746304114
9.48231,10.23495,723.644,0.58966,1.57268,0.374939594,3.805618796,-8.996156178,5.568991488
13.26042,14.92091,5206.98,0.85268,0.364732,2.33782613,1.759126486,-8.224871446,5.749748032
14.48863,15.28058,5143.11,0.8575,0.352218,2.434571771,1.708461111,-8.219534663,5.857935704
3.89316,6.4105,580.433,0.5786,1.19065,0.485953051,5.611709081,-10.45024612,3.971340912
4.4159,5.81668,594.288,0.48732,1.29937,0.37504329,5.633150748,-9.780890697,4.746889928
4.40654,5.75711,573.233,0.48078,1.31802,0.364774434,5.695357572,-9.750429069,4.817480845
4.86854,6.23826,632.895,0.52482,1.64521,0.31899879,5.394509699,-9.433971727,5.101732181
4.28071,5.21348,593.651,0.50806,1.82071,0.279044988,4.492355748,-9.67970778,4.967801719
5.58858,10.47061,1822.57,0.68036,0.777087,0.875526164,3.642021088,-9.038161911,5.277432433
10.81985,11.37157,1235.41,0.63864,1.17979,0.541316675,3.120413185,-8.570141705,5.855452066
5.78406,7.70786,884.827,0.5531,1.38137,0.400399603,3.277047897,-9.88475059,4.604839721
10.83475,11.48256,1245.45,0.64072,1.17217,0.546610133,3.087332517,-8.576480276,5.794960818
10.84702,11.49062,1254.53,0.64058,1.17541,0.544984303,3.090755119,-8.593859684,5.88338432
6.00066,8.56369,2472.15,0.64792,0.853114,0.759476459,4.071383753,-9.044675434,5.362554135
4.69235,5.56221,299.897,0.41664,1.46678,0.284050778,5.548808929,-9.986477355,4.485483218
4.26843,7.50874,2202.49,0.63334,0.807576,0.78424817,4.615185077,-9.072548006,5.379098386
6.48381,8.3742,1634.54,0.69526,1.28778,0.539890354,2.446211799,-9.301208244,5.192001493
5.01575,5.55628,825.183,0.56068,1.55799,0.35987394,3.772592699,-9.363759593,5.280992699
6.17315,8.62656,1467.01,0.62022,1.08027,0.574134244,3.999418197,-9.4376464,5.027947633
4.56068,6.24288,1670.72,0.62264,1.07396,0.579760885,5.082661747,-9.288300661,5.241789827
4.15949,4.41725,794.762,0.53562,1.15817,0.462470967,5.330513448,-9.171086258,5.559428072
4.79302,6.85041,748.712,0.5169,1.28666,0.401737833,4.590767348,-9.471129338,5.17977617
4.81417,6.86024,753.138,0.52028,1.27918,0.406729311,4.553501971,-9.487295866,5.179032792
4.67285,5.69723,1043.32,0.60696,1.60096,0.379122526,3.293872938,-9.58709776,5.254661124
4.67382,5.86599,1122.63,0.61658,1.53817,0.400852962,3.10998435,-9.549283781,5.150770474
8.86133,13.45467,3849.89,0.8106,0.559007,1.450071287,2.143317652,-8.659271929,5.575742749
4.5915,5.03461,548.837,0.45434,1.23766,0.367095971,6.292303927,-9.284953918,5.470249115
7.93969,15.08014,3713.28,0.80784,0.589901,1.369450128,1.994783705,-8.77255619,5.624867872
7.93508,15.07409,3656.32,0.80886,0.591689,1.367035723,2.006581834,-8.768393194,5.430847645
9.82354,17.30249,3818.7,0.8459,0.511068,1.655161348,1.722961216,-8.478090467,5.589231507
7.36025,9.10711,995.031,0.66538,1.61302,0.412505735,2.72634294,-8.96263395,5.650172101
3.88211,5.03386,185.767,0.49382,1.55505,0.317558921,6.276099209,-9.909457805,4.782962973
4.07874,6.01158,1355.5,0.58196,1.03866,0.560298847,4.941477724,-9.363660438,5.063960098
3.96749,5.91977,1213.69,0.57476,1.05921,0.542630829,5.09117522,-9.446991604,5.024588269
3.89416,5.7298,1161.84,0.57036,1.06894,0.533575318,5.161591519,-9.442440212,4.949971522
4.06358,5.93857,1276.04,0.57496,1.05075,0.547190102,5.044424862,-9.440405134,5.05073635
4.00314,5.95596,1251.36,0.57552,1.05093,0.547629243,5.017679251,-9.439507473,5.116015121
3.83278,5.63762,1133.51,0.56848,1.07445,0.529089302,5.197073561,-9.505963822,5.106895601
4.12997,5.91912,1246.73,0.5761,1.04225,0.552746462,5.059018504,-9.418318876,5.103262539
4.12403,5.91757,1214.32,0.57642,1.04313,0.552586926,5.06104474,-9.467862161,4.967905488
9.06734,26.2956,3025.59,0.82684,0.576598,1.433997343,1.775070515,-8.576667847,5.660824161
8.97115,26.23164,2337.02,0.82642,0.749461,1.102685797,1.787565648,-8.707763743,5.715482306
5.14986,6.85321,1044.34,0.5355,1.08872,0.491862003,4.715991602,-9.22451893,5.288746271
5.05601,6.64353,997.163,0.51948,1.10291,0.471008514,4.737723089,-9.274051449,5.150922514
5.1354,6.79283,1010.69,0.54426,1.12265,0.484799359,4.82524611,-9.187631163,5.237857426
5.14759,6.84998,1016.08,0.5421,1.11831,0.484749309,4.801162094,-9.20126815,5.527748277
5.14075,6.86758,1033.82,0.54564,1.11182,0.490762893,4.766216109,-9.161818606,5.263229992
5.16192,6.89118,1046.18,0.55016,1.10372,0.498459754,4.753340362,-9.197616147,5.342279729
5.12762,6.87389,1009.78,0.54626,1.11455,0.490117088,4.795688169,-9.188006731,5.417753758
8.73086,10.09778,2158.69,0.70838,0.852582,0.830864363,3.330578226,-9.024688317,5.286781525
4.50888,13.77124,1987.24,0.69716,0.959384,0.726674616,3.616931584,-9.225609474,5.236907294
7.39464,11.89701,2132.79,0.68086,0.776883,0.876399664,2.826481115,-8.909516074,5.453885549
4.02227,8.79809,1718.25,0.6939,1.10229,0.629507661,2.94435228,-9.532650644,4.986307502
5.28654,6.4229,1923.24,0.66882,0.928973,0.719956339,4.070204268,-9.402633534,5.061306174
5.0687,6.55973,1938.53,0.67428,0.921332,0.731853447,4.017688045,-9.382731273,5.067495456
5.69683,8.47376,2047.38,0.6845,0.880009,0.777832954,3.858399737,-9.249972209,5.145957057
4.41454,5.87539,642.835,0.52,1.26001,0.412695137,5.46334113,-9.932144859,4.556143888
13.16757,14.01468,2268.33,0.7446,0.723032,1.029829938,2.196062215,-9.000655884,5.334533387
3.85549,5.12179,836.799,0.5506,1.24019,0.443964231,5.39598088,-9.357657237,5.171381315
4.921,6.52238,824.364,0.54514,1.46143,0.373018208,4.00051569,-9.477982713,5.034696803
3.86113,5.42382,484.606,0.45198,1.28962,0.350475334,6.480298347,-9.860869256,4.680730136
9.22489,11.97495,2250.76,0.7649,0.937417,0.815965573,2.281046723,-8.962074474,5.503488865
4.58543,5.90319,2248.59,0.65716,0.850194,0.772952997,4.790563897,-9.180615556,5.253179425
5.86323,9.7712,2566.11,0.67434,0.773292,0.872037988,3.7235375,-9.119150693,5.227503037
4.08181,4.65057,563.912,0.5178,1.14596,0.451848232,6.660903875,-9.236100494,5.233419242
6.2427,7.38415,847.428,0.53642,1.11891,0.479413,4.020097718,-9.917582725,4.238810714
4.09789,5.30875,1085.41,0.56096,1.03603,0.541451502,5.096048059,-9.455666851,5.040249834
5.04479,6.16109,725.101,0.56428,1.68509,0.334866387,3.611063877,-9.745734981,4.956777722
4.59016,5.3607,875.531,0.5299,1.2053,0.439641583,5.336888203,-9.264066144,5.368225571
7.30655,9.39066,1474.49,0.62894,1.12702,0.558055758,3.639949286,-9.434090342,4.971845717
7.27933,9.98256,2532.7,0.7429,0.808976,0.918321434,1.798513308,-8.987023338,5.417059671
3.89151,4.56016,371.847,0.4509,1.54463,0.291914569,5.496571644,-9.598441742,5.140553179
3.89522,4.62845,767.567,0.53092,1.17508,0.451816047,6.373107618,-9.394831193,5.189970631
4.39323,4.98641,572.466,0.5217,1.53429,0.340026983,4.518615754,-9.299702906,5.307971292
5.56303,6.07104,999.988,0.57246,1.4189,0.403453379,4.502872797,-9.467388713,5.050731591
5.80939,6.97691,820.153,0.52362,1.4748,0.355044752,4.527885985,-8.765510021,5.730423498
5.69177,6.87611,788.589,0.5194,1.52398,0.340818121,4.584705757,-8.793308259,5.8360269
5.9564,7.42228,1164.71,0.55142,1.07433,0.513268735,4.466526619,-9.361529583,5.134085086
4.97595,6.49065,932.568,0.56124,1.07139,0.523842858,4.653402983,-9.476421396,4.977335395
4.15157,6.64322,1130.23,0.63196,1.41271,0.447338803,4.130286165,-9.632086968,4.996023527
6.90793,10.93877,3249.33,0.76476,0.690693,1.107235776,2.7492394,-8.816689342,5.549494891
3.87051,5.13433,739.328,0.54742,1.31108,0.417533636,6.008617868,-9.384682137,5.279837231
7.42233,10.03238,2862.97,0.73598,0.749914,0.981419203,2.781194125,-8.798307739,5.59600259
6.34609,8.73473,1242.74,0.636,1.3133,0.484276251,3.403630582,-9.330229647,5.351290957
4.43575,5.5254,1139.51,0.59884,1.26722,0.472561986,4.266198561,-9.854693797,4.591566297
5.40039,7.36413,2459.37,0.65382,0.881375,0.741818182,3.794653962,-9.087139361,5.276134743
4.92239,7.53158,2887.73,0.67898,0.767101,0.885124645,3.885344747,-9.005737931,5.462391059
5.31352,6.19077,1727.81,0.63064,0.976178,0.64602972,4.918748237,-9.012468586,5.404855274
4.04163,4.89933,216.658,0.47074,1.32671,0.354817556,6.578276216,-9.722090736,4.697019551
4.53976,5.98429,826.9,0.52448,1.20437,0.435480791,5.407488059,-9.505538307,4.950712242
4.28901,6.72543,1695.44,0.64424,1.05647,0.609804348,4.111223766,-9.259644923,5.233510796
8.75374,11.11495,2552.05,0.72914,0.70291,1.037316299,3.163051978,-8.968727686,5.646897825
4.78872,5.31005,518.016,0.50396,1.60595,0.313808026,5.835665349,-8.781407181,5.693484662
3.83588,4.67576,664.962,0.55334,1.22348,0.452267303,6.111495296,-9.544968894,5.120154747
6.93403,7.54626,1509.25,0.61762,1.01005,0.611474679,4.223232629,-8.834550837,5.53196282
6.29263,8.28524,1966.04,0.71834,1.28416,0.559385123,2.133238365,-9.012911562,5.554752164
5.99619,7.75927,1005.44,0.6128,1.41123,0.434231132,3.84467604,-9.50346253,5.037733174
5.57973,8.9147,1154.77,0.63252,1.34608,0.469897777,3.486216749,-9.407620902,5.012502746
4.82237,6.32363,825.723,0.5615,1.49229,0.376267347,4.970086017,-9.705090393,4.909671109
8.38587,10.29567,2330.86,0.73422,0.842606,0.871368113,2.509536295,-8.882065428,5.513254264
6.35433,7.83796,1068.35,0.57012,1.04646,0.544808211,5.66533018,-9.105823333,5.421613218
6.24667,7.74052,1017.2,0.56666,1.0594,0.534887672,5.740126464,-9.134072163,5.359387738
6.40337,7.90027,991.924,0.56592,1.10679,0.51131651,5.707773163,-9.127010343,5.411056978
6.54413,7.99474,986.026,0.56588,1.10841,0.510533106,5.676609499,-9.101258323,5.273996282
6.23818,7.72851,965.563,0.56578,1.11585,0.507039477,5.789422159,-9.134468843,5.316034676
5.15951,10.15164,1301.72,0.6518,1.26924,0.513535659,3.371728624,-9.497814238,5.077779073
5.89781,7.31308,2659.22,0.71266,0.83597,0.852494707,3.377338027,-8.932013677,5.279567655
13.81107,14.72034,873.984,0.62692,1.23894,0.506013205,2.593368215,-9.164116159,5.20949922
4.59937,5.74617,1578.55,0.62932,1.07923,0.583119446,3.92721978,-9.294353486,5.246882109
4.32231,5.58633,523.648,0.5044,1.41396,0.35672862,5.851351733,-9.833448304,4.611397361
5.30461,6.57621,806.558,0.53756,1.34132,0.400769391,5.405641563,-9.711192761,4.936349927
3.95686,5.01507,426.288,0.45316,1.39517,0.324806296,6.147409093,-9.838308869,4.89075071
10.23371,11.32335,2017.01,0.67262,0.790589,0.850783403,3.966237085,-8.805903253,5.527614426
10.26466,11.32844,2019.15,0.67224,0.790589,0.850302749,3.969406115,-8.818192023,5.564405057
4.46098,5.04139,1165.6,0.57368,1.00728,0.569533794,5.361914126,-9.410630638,4.932363552
4.24964,4.81422,925.936,0.55468,1.04625,0.530160096,5.597639697,-9.483173042,4.867043406
4.31451,4.89363,1001.96,0.56294,1.033,0.544956438,5.517966766,-9.495739998,4.999983694
6.45196,13.72369,3187.14,0.78164,0.685669,1.139966952,2.379978886,-8.933670071,5.288068503
7.97019,14.98828,3682.42,0.80746,0.594675,1.357817295,2.04383214,-8.772696818,5.5973242
7.99679,14.99758,3687.31,0.80722,0.594675,1.357413713,2.041107499,-8.72845683,5.461559236
5.28078,7.56763,2812.41,0.68548,0.714751,0.959047277,3.998647118,-9.02139801,5.239049169
4.28251,5.93486,1486.61,0.65396,1.19094,0.549112466,3.025195481,-9.564161208,4.983439081
10.73402,16.87141,4551.51,0.8305,0.438341,1.894643668,1.917722524,-8.431357622,5.641803379
7.16155,16.20891,3399.7,0.75108,0.580972,1.292798964,3.01172884,-8.751053602,5.616440684
6.79866,15.95836,4261.5,0.77286,0.49512,1.56095492,2.937345193,-8.658989795,5.448164356
6.94786,16.02728,3228.98,0.74998,0.608079,1.233359481,3.056851222,-8.797104778,5.441733349
7.17077,16.15521,4046.29,0.77204,0.498613,1.548375193,2.960226296,-8.687320912,5.511336665
3.84924,5.21911,256.221,0.46326,1.302,0.355806452,5.824923529,-10.51957734,3.913420159
7.338,8.53929,2632.28,0.67244,0.746473,0.900822937,3.55621941,-8.920272087,5.450162706
10.49353,15.93828,3621.79,0.78274,0.575196,1.360823093,2.749189554,-8.665567669,5.505723524
5.74338,7.37329,1462.04,0.59142,0.949012,0.623195492,4.757104339,-8.375688538,5.764891585
6.51318,7.20791,1493.63,0.59392,0.94264,0.630060256,4.754240827,-8.33696224,5.914807601
6.19052,9.96907,2822.92,0.6843,0.69348,0.986762416,3.724706481,-8.993784738,5.393748985
6.43178,8.54706,4018.59,0.75936,0.665022,1.141856961,2.869453107,-8.660631398,5.813523345
5.62341,6.17335,698.514,0.48236,1.2809,0.376578968,4.47448007,-9.568718574,5.140933029
5.38886,6.27516,1308.38,0.64512,1.20156,0.536902027,3.147505374,-9.530730963,4.914975595
4.61939,10.60263,3171.54,0.70852,0.666978,1.062283913,3.847066277,-8.965554974,5.389698565
4.21913,10.8507,3454.99,0.7136,0.655054,1.089375838,3.847173787,-8.884755984,5.452262457
8.55453,10.29437,2648.08,0.72168,0.6883,1.048496295,2.708201219,-8.962448092,5.361057485
4.47781,7.91312,1014.79,0.61066,1.01651,0.600741754,4.52647001,-9.61410014,4.959120223
7.91531,18.88525,3681.19,0.78614,0.52911,1.485778005,2.419080703,-8.577380434,5.613929494
7.24737,10.46531,2859.54,0.7172,0.692819,1.035191009,3.318653213,-8.790368215,5.544609396
4.50294,6.51263,572.589,0.52224,1.437,0.3634238,5.608147339,-9.978902434,4.477149832
4.33861,6.503,2870.26,0.71038,0.992115,0.716025864,2.617223718,-9.08615949,5.277773366
4.05801,5.21223,358.865,0.4294,1.45552,0.29501484,6.255091386,-9.867682087,4.916882425
4.18257,5.20127,503.392,0.47642,1.3,0.366476923,6.311794685,-9.666164184,4.98420083
5.04903,5.5219,1771.73,0.634,0.826455,0.767131907,5.063656101,-9.129432906,5.241883181
4.78997,6.73931,1190.66,0.56306,1.07497,0.523791362,4.80526472,-9.15518688,5.034363433
5.36003,6.68828,1239.23,0.57056,1.06163,0.537437714,4.780097803,-9.322789926,5.248632732
3.90561,4.85962,314.475,0.45496,1.68872,0.269411152,6.154598522,-9.778608896,5.042988424
3.88578,4.84334,326.855,0.45414,1.72479,0.263301619,6.194141736,-9.782280394,4.873496906
6.78698,10.89625,2386.84,0.71854,0.812812,0.88401746,3.663867367,-8.99285235,5.405104214
6.72932,10.711,2382.92,0.71766,0.81633,0.879129764,3.699428132,-8.963074042,5.487105023
6.69089,10.86494,2454.07,0.7228,0.80874,0.893735935,3.644779887,-8.965276369,5.387593368
6.87066,11.37189,2404.78,0.71932,0.813465,0.884266686,3.699883611,-8.956448952,5.453655894
5.77138,11.11094,2943.86,0.7482,0.73357,1.019943564,2.9749627,-8.918356761,5.549986537
5.64839,11.74533,2791.67,0.73744,0.778372,0.947413319,3.00279338,-8.945359418,5.549819819
4.5881,6.00938,1721.63,0.60096,0.954156,0.629834115,5.036440242,-9.01773821,5.347392883
4.30379,4.83761,1129.02,0.60654,1.70777,0.355164923,3.569982655,-9.534195431,5.24728637
4.27369,4.83981,1111.5,0.59754,1.75476,0.3405252,3.921487673,-9.46444551,5.148262997
4.37647,4.90097,1253,0.60948,1.61335,0.377772957,3.461120658,-9.523695503,5.158092764
4.34946,4.85948,1170.75,0.60586,1.66666,0.363517454,3.530318543,-9.539385601,5.22926567
4.33226,4.8612,1151.46,0.60372,1.68559,0.35816539,3.546444525,-9.530013819,5.256997889
3.86158,4.6267,416.346,0.48114,1.41831,0.339234723,6.329929675,-9.804570763,4.791147264
5.67945,6.24089,319.417,0.44108,1.51264,0.29159615,5.661145261,-9.677098367,4.742865582
3.83478,4.91533,496.319,0.50726,1.40969,0.359837979,6.451894957,-9.291056811,5.284342106
5.77431,7.34523,278.941,0.44896,1.55847,0.288077409,4.966750702,-9.633838136,5.276612335
5.78969,7.43383,334.176,0.44634,1.58521,0.281565218,4.964939287,-9.676832398,5.117826444
3.80687,4.54974,1105.83,0.57982,1.12252,0.516534227,5.363697235,-9.342165725,5.195653422
7.11755,7.60111,1510.38,0.62938,1.01218,0.621806398,4.041743609,-8.473118766,5.984838631
7.22908,9.73279,2565.36,0.70494,0.781161,0.902426004,3.277884594,-9.001649259,5.308311388
5.50308,6.7427,826.369,0.53606,1.44712,0.370432307,4.580248412,-8.925933308,5.486358059
6.80397,10.21317,2632.14,0.7091,0.728441,0.973448776,3.268572909,-8.879296519,5.478684814
11.55698,14.24395,3601.66,0.82726,0.475086,1.741284736,1.779330627,-8.436949281,5.697259107
3.92787,7.61954,2253.29,0.72672,0.877202,0.828452284,2.816093845,-9.318343596,5.024512863
4.0796,4.65234,421.426,0.497,1.34338,0.369962334,6.660813515,-9.652471286,5.045108233
10.3413,12.50789,3455.23,0.76192,0.505152,1.508298492,2.286241957,-8.623471856,5.574130978
4.84274,5.45688,1147.79,0.55356,1.09301,0.506454653,5.768721377,-9.046401609,5.628579127
7.15186,7.75334,1003.98,0.55812,1.04071,0.536287727,4.791174919,-9.437943874,5.231807817
4.39834,6.21484,1294.79,0.58908,1.03298,0.570272416,5.002578001,-9.370828421,5.161239724
4.95547,5.88607,1653.19,0.6024,1.02366,0.588476643,4.584032681,-9.222409589,5.139907997
6.13483,9.09166,2832.53,0.71798,0.794129,0.904110038,3.446694825,-9.167043842,5.090539939
10.95027,11.54524,1261.27,0.63702,1.17224,0.543421142,3.059701559,-8.620508439,5.953994118
10.51295,11.388,1155.64,0.64282,1.29023,0.498221247,3.234816072,-8.729232241,6.025165928
4.22892,6.09672,1813.53,0.63336,0.908366,0.697251989,5.23559247,-8.980860792,5.416062386
6.6809,12.96894,2930.92,0.7393,0.722585,1.023132227,2.965856797,-9.00032562,5.294537941
6.70087,12.99921,2934.44,0.73956,0.720044,1.027103899,2.947982298,-9.023066786,5.333250097
6.71578,13.01322,2931.41,0.74,0.720774,1.026674103,2.948199123,-8.975437685,5.338181761
6.69479,12.97792,2912.5,0.73832,0.724595,1.018941616,2.967445085,-8.965326601,5.224369576
6.65215,12.91792,2904.58,0.7369,0.727849,1.012435272,2.989325767,-9.003098373,5.285503576
6.67,12.93895,2894.84,0.73686,0.728362,1.011667275,2.987862677,-9.013226182,5.33793893
6.65994,12.9296,2898.42,0.73692,0.728191,1.01198724,2.9878562,-9.024837118,5.399217504
6.66027,12.93472,2893.82,0.73698,0.7293,1.010530646,3.001785263,-9.018150153,5.310482892
6.68384,12.97087,2910.19,0.73894,0.725786,1.0181238,2.983589032,-9.011306281,5.357768036
11.04159,11.82299,1199.36,0.65944,1.21909,0.540928069,3.215232974,-8.632312024,5.964448055
10.6155,11.39724,1249.15,0.66122,1.22811,0.53840454,3.197396837,-8.847736683,5.74039127
10.81312,11.57654,1197.73,0.65704,1.26388,0.51985948,3.361452086,-8.680814173,5.856674006
10.75539,11.55274,1213.49,0.65842,1.25102,0.526306534,3.339629601,-8.676489736,5.779145639
10.81121,11.63688,1246.22,0.66284,1.22145,0.542666503,3.223996795,-8.661929877,5.844359577
10.78465,11.59848,1223.91,0.66046,1.22698,0.538280983,3.252987746,-8.653277766,5.965834619
10.84815,11.68121,1265.68,0.66724,1.21577,0.548820912,3.221743824,-8.579712437,5.929439563
5.29156,5.74395,1915.85,0.65078,1.06237,0.612573774,4.247819036,-9.213603494,5.235679237
5.50482,5.80963,593.723,0.46118,1.36819,0.337073067,5.190095946,-9.439811375,5.196978025
5.49412,5.78942,609.696,0.46268,1.35545,0.341347892,5.157278725,-9.465862802,5.193910258
4.44331,5.72419,1472.03,0.70078,1.42898,0.490405744,3.421503077,-9.348659541,5.17353584
12.38023,13.08079,1871.54,0.68884,0.690785,0.997184363,2.667553692,-9.01727624,5.267736438
7.44682,7.57197,928.686,0.55172,1.26544,0.435990644,3.419398986,-9.306682098,4.994919365
4.03658,5.48028,272.189,0.44028,1.20981,0.363924914,6.614748142,-9.74268754,4.540306509
10.95208,11.66235,1296,0.6417,1.12361,0.571105633,2.992845648,-8.520781858,5.939943873
10.87886,11.61446,1309.26,0.64116,1.12308,0.570894326,3.004660571,-8.566553505,5.798210131
10.70959,10.90023,1241.6,0.6254,1.18162,0.52927337,3.150848089,-8.553208981,5.945466095
4.08598,5.25085,312.091,0.4448,2.1223,0.209583942,3.92942498,-9.92839612,4.885190738
4.44781,6.86807,971.089,0.60056,1.54228,0.389397515,2.711242363,-9.824579693,4.763151793
5.799,7.74164,714.571,0.51428,1.37569,0.373834221,3.952619905,-9.772622633,4.903234053
5.64741,8.46756,2063.92,0.6713,0.942685,0.712114863,3.89717304,-9.255360257,5.132645963
5.76979,7.54466,3591.92,0.72434,0.764767,0.947138148,3.344983749,-8.736063855,5.467949216
5.14016,6.27181,971.491,0.52384,1.1,0.476218182,5.445913017,-9.705500608,4.781938876
5.48815,7.0777,1127,0.5663,1.07806,0.525295438,4.635135758,-9.520260791,5.000214596
4.12484,5.16081,365.45,0.45722,1.1814,0.387015405,6.174935459,-9.948570487,4.807662651
4.87372,5.63894,2069.3,0.6643,0.95923,0.692534637,4.512121909,-9.211387607,5.211712078
4.01485,5.23028,364.22,0.45192,1.22139,0.370004667,6.575601294,-9.921810784,4.583840304
5.47406,6.39935,515.087,0.43064,1.41166,0.305059292,5.246158006,-9.182492854,5.654935508
5.92239,12.04583,2762.74,0.726,0.785656,0.924068549,3.543792985,-8.940508058,5.584899091
5.95231,12.32799,2594.38,0.71734,0.80227,0.894137884,3.63005647,-9.024776734,5.408670232
5.76234,12.52097,2508.84,0.71186,0.820913,0.867156447,3.717408535,-9.047655311,5.30964694
4.78582,8.72596,2384.43,0.66754,0.69846,0.95573118,4.159618697,-9.274027557,4.985328471
7.15944,9.13832,499.523,0.47466,1.55974,0.304319951,4.434022033,-9.602239941,5.043901838
3.81301,4.31723,185.205,0.3811,1.71018,0.22284204,5.957433428,-9.166587106,5.546368636
7.68463,7.8028,814.357,0.54896,1.45973,0.376069547,4.131595799,-9.410271073,5.121459254
5.28356,11.03405,2333.08,0.69982,0.906784,0.771760419,3.325192373,-9.241195541,5.194516264
7.53577,10.93441,2715.93,0.68178,0.740914,0.920187768,3.310062809,-8.881187556,5.528143325
8.76145,9.24219,1380.13,0.63232,0.965643,0.654817567,3.945243616,-9.02037413,5.325608297
6.60038,20.08743,3677.13,0.78218,0.594513,1.315665091,2.605565278,-8.845757782,5.572267348
6.68289,13.2528,2185.95,0.71868,0.879538,0.817110801,3.299644204,-9.051744657,5.400983321
5.79444,7.08547,1778.89,0.6586,0.976074,0.674743923,3.910338716,-9.112344416,5.36535872
4.2579,5.0116,470.669,0.4846,1.20953,0.400651493,6.638693365,-9.754782516,5.10955938
4.0295,4.93904,440.32,0.4749,1.22564,0.387471036,6.643452738,-9.882202625,4.688186202
4.13298,5.09877,620.308,0.48494,1.20829,0.401344048,6.618729956,-9.719648578,4.881313342
4.11717,5.08559,437.222,0.48464,1.2088,0.400926539,6.4329315,-9.741741065,4.806457371
4.16376,5.11473,690.156,0.52056,1.08866,0.478165819,6.520197731,-9.627392042,4.906351843
4.13393,5.10474,678.725,0.51758,1.0969,0.471857052,6.585869853,-9.553406135,4.959342291
4.17716,5.08733,684.692,0.51694,1.08852,0.474901701,6.504430914,-9.613888299,4.852466521
4.14711,5.04996,661.113,0.51562,1.09607,0.470426159,6.559899432,-9.652926688,4.890869701
4.17789,5.07875,688.887,0.51816,1.09375,0.473746286,6.537738279,-9.594227805,4.77653502
4.15379,5.09924,461.087,0.48606,1.2063,0.402934593,6.471383126,-9.75134284,4.607966669
4.1998,5.13748,696.774,0.5208,1.08542,0.479814265,6.494422523,-9.57677247,4.847764749
4.10802,5.06256,686.43,0.51804,1.09653,0.472435775,6.575124475,-9.594019524,4.891301969
13.73176,19.34742,1960.16,0.75234,0.60242,1.24886292,3.038711815,-8.635987124,5.703972582
4.86396,6.32965,1492.67,0.61994,0.999228,0.620418963,4.052307124,-9.343445175,5.283492359
6.59227,6.92026,712.37,0.48076,1.32896,0.361756562,4.650212657,-9.155544739,5.348272743
6.12459,8.48774,1512.12,0.5888,0.953346,0.617614172,4.085239162,-9.274517185,5.059305404
5.0967,7.39924,411.897,0.4521,1.7772,0.254388926,5.098103306,-9.560286676,5.214068062
12.45148,12.65678,2169.1,0.7441,0.754809,0.985812305,2.677494081,-8.38164448,5.950804036
4.98444,7.17175,375.502,0.4289,1.90997,0.224558501,5.393381655,-9.563512338,5.048234632
5.15143,7.46533,456.074,0.45878,1.74528,0.262868995,4.981107046,-9.558995849,5.084591528
4.98308,7.16776,371.863,0.43518,1.90582,0.228342656,5.395212507,-9.597398176,5.169376049
5.42795,6.86556,687.824,0.55866,1.72448,0.323958527,3.509537171,-9.396159253,5.413681785
5.07183,7.99773,2066.13,0.65016,0.876448,0.741812406,3.911523995,-9.152273388,5.344694726
5.82003,9.10759,2406.25,0.68434,0.79426,0.86160703,3.435420464,-9.051638555,5.382280962
6.19333,8.78773,2587.48,0.66756,0.743413,0.897966541,3.566028507,-9.045766332,5.369686351
7.061,9.29397,2320.29,0.6692,0.804304,0.832023712,3.655299108,-9.104162542,5.385015086
5.17643,9.05505,2435.36,0.66936,0.759045,0.88184495,3.525357024,-9.134211312,5.131863944
6.95652,9.26232,2221.17,0.66544,0.838222,0.793870836,3.647278823,-9.162917187,5.236889454
6.23369,8.73316,2616.75,0.67104,0.740492,0.906208305,3.701783994,-9.051622805,5.2267172
4.20385,5.93429,777.517,0.57266,1.95218,0.293343851,4.564132883,-9.586857878,5.195181924
5.71888,9.03956,2260.26,0.66964,0.818305,0.818325685,3.511898232,-9.092865189,5.287277367
4.62391,5.6865,195.07,0.44346,2.0702,0.214211187,5.600686963,-9.600236708,4.876295901
4.49569,5.90641,661.045,0.49602,1.1598,0.427677186,5.107642231,-9.877881625,4.758788479
7.2431,10.60893,751.774,0.59994,1.18823,0.50490225,3.786900606,-9.327206298,5.442115485
13.85413,14.13574,1462.4,0.68312,0.869053,0.786051023,3.621781016,-8.368584218,6.154493579
6.65907,13.23644,2244.38,0.72884,0.875752,0.832244745,3.325208205,-9.019242061,5.443310314
6.64739,13.24642,2249.68,0.72852,0.87412,0.833432481,3.307605034,-9.025331197,5.390347126
4.25664,5.56472,1190.5,0.55888,1.21878,0.458556918,4.359302587,-9.699579019,4.836498205
5.36376,6.46377,1568.86,0.58616,1.13461,0.516618045,4.080955214,-9.452013855,5.04115287
13.24304,14.91316,5187.81,0.84834,0.365184,2.323048107,1.757389721,-8.245256559,5.848038995
13.28886,14.21921,5145.67,0.85124,0.359874,2.36538344,1.736961878,-8.212832251,5.872856332
13.19368,14.22916,5318.4,0.84786,0.358398,2.365694005,1.728441988,-8.248142955,5.841325012
13.174,14.83912,5164.09,0.85136,0.366991,2.319838906,1.754214497,-8.237157898,5.693569732
10.86748,12.36916,5129.09,0.84754,0.374438,2.263498897,1.803764293,-8.303962442,5.695245054
13.37952,14.31673,4665.87,0.86194,0.356183,2.41993582,1.607617996,-8.185990972,5.768807186
21.60719,23.03533,6237.79,0.92452,0.170429,5.424663643,0.919089852,-7.56913432,6.208856903
7.19596,7.98338,3462.05,0.73634,0.722195,1.019586123,3.373984142,-8.785141973,5.608894228
4.27878,6.07415,1288.34,0.59516,0.965162,0.616642595,5.405875218,-9.51038147,5.027627919
7.75873,12.06174,1536.01,0.6201,0.881143,0.703745022,4.243075815,-9.512840968,4.941244115
8.02038,12.23219,1678.62,0.64588,0.853098,0.757099419,4.057616991,-9.510766248,4.877637468
8.09448,12.1779,1677.3,0.64182,0.853016,0.752412616,4.077049942,-9.436077028,5.037903857
7.7394,12.14685,1533.52,0.6251,0.885336,0.70605962,4.254710375,-9.482159579,4.966019616
7.83288,12.38727,1559.49,0.626,0.880388,0.711050128,4.249654911,-9.527750428,4.918162677
7.5095,12.14021,1527.51,0.619,0.892504,0.693554315,4.312187089,-9.495713145,4.940677449
7.67742,12.0955,1551.09,0.61846,0.88783,0.696597322,4.207924538,-9.465618679,4.857649816
9.04409,11.1437,3356.64,0.76018,0.650684,1.168278304,2.878602641,-8.807269636,5.490596528
8.99249,10.30936,2803.79,0.70596,0.734436,0.961227391,3.191726247,-8.924955467,5.507301367
8.16544,13.39679,4629.3,0.80466,0.453203,1.775495749,2.24030213,-8.461420172,5.647178849
4.28729,7.85407,1959.89,0.65022,0.974318,0.667359117,4.643540511,-9.143368279,5.366693959
9.17237,18.68299,3246.01,0.80774,0.551216,1.465378363,1.926861767,-8.639765098,5.636774921
6.6292,16.29659,2227.69,0.72672,0.78852,0.921625323,3.281084189,-9.006059525,5.400702097
6.69779,16.53276,2255.65,0.7309,0.78335,0.933043978,3.281606287,-9.005032229,5.304224663
6.72961,13.20706,2159.04,0.72344,0.879722,0.822350697,3.329574609,-9.02081323,5.53862913
6.72456,13.18662,2147.96,0.72276,0.882605,0.818894069,3.344129011,-9.052451374,5.570691635
6.71826,13.17767,2159.63,0.7232,0.884458,0.81767591,3.369108853,-9.041991933,5.372263007
6.69067,13.16192,2147.35,0.72224,0.887821,0.813497315,3.383909162,-9.057443038,5.646640593
6.40333,12.94074,2126.79,0.71524,0.919994,0.777439853,3.557258009,-9.072883375,5.483864545
6.61787,13.11018,2166.03,0.72106,0.895381,0.805310812,3.427491686,-9.042340111,5.432843439
6.64621,13.1663,2158.78,0.72228,0.88326,0.81774336,3.343367588,-9.029388062,5.527388996
6.65907,8.47788,1652.79,0.61964,0.938367,0.660338652,3.785830462,-9.251687857,5.23520273
4.4748,6.14583,2626.37,0.65502,0.794677,0.824259416,4.548885856,-9.089537361,5.135475439
4.49275,6.11311,2656.81,0.65592,0.785206,0.835347667,4.524782715,-9.106725172,5.321441396
9.2255,13.12173,3818.7,0.80414,0.567489,1.41701425,2.147777473,-8.669222655,5.543050685
5.66055,6.91782,1234.64,0.58368,1.1601,0.503129041,4.199404471,-9.039917443,5.408713232
7.45425,8.13608,1347.71,0.6626,1.22623,0.540355398,4.102989062,-9.488566396,5.128824599
7.02354,7.18852,1310.73,0.59522,1.11226,0.53514466,4.510659911,-8.510041496,5.884298432
7.1276,7.3057,1289.27,0.59548,1.11442,0.534340733,4.475383639,-8.453844182,5.997989743
7.12733,7.30662,1275.54,0.5947,1.1168,0.532503582,4.479384863,-8.473025067,5.770664706
7.15837,7.31075,1274.72,0.59404,1.119,0.530866845,4.475796618,-8.46283455,6.049534808
7.11813,7.30941,1266.4,0.5935,1.12085,0.529508855,4.488948072,-8.397215668,5.967871786
7.2403,7.33092,1284.09,0.59614,1.11449,0.534899371,4.438372912,-8.40028772,5.903163294
7.26133,7.33103,1265.95,0.59476,1.11607,0.532905642,4.440668741,-8.449469151,6.020833192
7.08591,7.31581,1291.79,0.597,1.1114,0.537160338,4.475601835,-8.539257702,5.960775199
7.71066,8.23812,1389.57,0.66636,1.2095,0.550938404,3.985526421,-9.331244772,5.228386687
7.85452,8.43698,1402.46,0.67264,1.19984,0.560608081,3.983614019,-9.286269385,5.241793489
8.63887,10.47318,1561.13,0.7394,1.31181,0.563648699,1.378295384,-9.004825584,5.609343101
5.09614,6.36937,1642.89,0.65938,0.987749,0.667558256,3.985693564,-9.125614394,5.347524282
4.76389,5.46139,1733.14,0.64174,0.955004,0.671976243,4.061510635,-9.264798409,5.21175132
4.77674,7.01351,811.368,0.55298,1.46731,0.376866511,4.960841408,-9.653815539,5.10517686
7.66141,7.93575,798.747,0.50276,1.31784,0.381503066,3.702454802,-9.597432827,4.69593058
4.58024,13.51875,1942.33,0.69308,0.967914,0.716055352,3.648965739,-9.236880846,5.260308554
6.97386,8.21663,1594.67,0.6443,1.11162,0.579604541,3.797451161,-9.204540361,5.337955977
5.82023,8.52599,2463.1,0.67906,0.788781,0.860898019,3.988274305,-9.086280221,5.302191595
7.29552,7.82348,1652.21,0.63258,0.99494,0.635797133,3.981126667,-8.400088058,5.931272654
12.51,15.63,3344.03,0.78,0.53,1.471698113,2.890687967,-8.693767082,5.521971164
9.22291,10.78711,4691.09,0.81336,0.464213,1.752126718,2.116617782,-8.481706325,5.755398072
9.91355,12.08201,4611.13,0.81672,0.465059,1.756164272,2.128210743,-8.48026915,5.677487551
3.94171,4.84924,331.977,0.50006,1.78705,0.279824291,5.885037441,-9.23583417,5.402326289
4.32366,7.48304,1453.09,0.63988,1.13521,0.563666634,4.81973009,-9.326573021,5.198646082
4.32331,6.8392,1207.46,0.60904,1.14242,0.533113916,3.94666674,-9.525470753,4.98962535
4.32814,6.83643,1216.77,0.60882,1.14242,0.532921342,3.957831852,-9.523440389,5.039639197
5.65574,8.03848,1658.18,0.63976,1.06612,0.600082542,3.594677722,-9.37166284,5.204398599
4.89988,7.4125,1491.51,0.62534,1.09762,0.569723584,3.736746878,-9.415883391,5.142393952
4.94122,7.81736,1911.18,0.64802,1.03321,0.627190987,3.41728522,-9.273249699,5.211227276
5.69274,8.23995,1694.89,0.64122,1.05735,0.60644063,3.533088549,-9.329362604,5.235677363
5.85838,6.60096,1768.99,0.65076,1.03463,0.628978475,3.603210131,-9.393589711,5.065897713
4.91006,5.88115,2281.03,0.61914,0.940943,0.657999475,4.069532662,-8.900867048,5.538431203
4.93297,5.91545,2278.96,0.61868,0.930696,0.664749822,4.009119355,-8.874444754,5.508665824
3.92805,4.48007,348.006,0.47474,1.14958,0.412968214,6.407415158,-10.20422449,4.543865362
9.29464,9.85685,1124.24,0.56974,1.10591,0.515177546,3.578736434,-9.104281519,5.373584963
9.36477,9.9038,1085.47,0.54844,1.10837,0.494816713,3.28227127,-8.982829882,5.360626425
8.12641,8.87023,823.158,0.52878,1.28139,0.412661251,3.639061882,-9.201436975,5.165032191
8.01633,8.64993,1205.47,0.55746,1.0685,0.52172204,3.547780227,-8.985030952,5.497413903
7.40132,8.01945,1045.37,0.56394,1.23661,0.456037069,3.644584922,-9.070276079,5.366834723
8.14175,8.72919,1132.89,0.5682,1.12133,0.506719699,4.05162356,-9.155552051,5.44044773
8.06353,8.3881,1168.89,0.5633,1.12082,0.502578469,4.084482773,-9.200395438,5.253869719
8.85338,9.62722,1257.88,0.59276,1.05458,0.562081587,3.694199933,-9.120665887,5.293095494
4.79076,6.22077,1423.73,0.65614,1.34353,0.488370189,3.855946355,-9.30834857,5.23683595
4.63591,6.9167,2142.22,0.6505,0.936691,0.694465944,4.324945772,-9.07425897,5.451943714
4.99085,5.89843,804.948,0.51824,1.17751,0.440115158,5.194234265,-9.313680948,5.179233694
6.71064,19.61611,1999.56,0.74706,0.903297,0.827036955,2.289890998,-9.057119883,5.311124047
6.85327,19.50435,1988.95,0.74544,0.908856,0.820195939,2.289955948,-9.044173718,5.379626455
6.72401,19.59015,2000.87,0.7463,0.902602,0.82683176,2.285607899,-9.062146299,5.332372445
4.07005,6.23549,861.503,0.6016,1.80747,0.332840932,4.303086477,-9.855991004,4.806718237
4.02189,6.2924,1203.3,0.60374,1.33234,0.453142591,4.229363539,-9.736185305,4.936649693
6.64584,19.52135,1442.82,0.74532,1.26176,0.590698707,2.309288617,-9.213993551,5.364376387
6.25511,7.40475,1054.18,0.56562,1.09542,0.516349893,4.719201881,-9.267546523,5.061771923
18.72951,18.90864,1895.21,0.7607,0.692037,1.099218683,2.472257034,-8.501501237,5.663730314
6.02587,9.42856,1288.35,0.64688,1.28204,0.50457084,3.297659232,-9.306255294,5.170399005
6.0394,9.46287,1307.42,0.64616,1.26391,0.511238933,3.245721651,-9.319612999,5.117013264
6.40194,9.11851,1235.01,0.64552,1.31172,0.49211722,3.368501409,-9.298310144,5.332094436
4.0122,6.08478,1429.16,0.5961,1.01421,0.5877481,4.557915869,-9.484526645,5.038124582
3.99073,5.98845,1315.26,0.5931,1.03053,0.575529097,4.642975684,-9.564614526,5.007967142
3.87826,5.63541,951.587,0.56598,1.09092,0.518809812,5.009096041,-9.633710773,4.964149362
3.8792,5.64298,912.43,0.56488,1.08478,0.520732314,4.981080725,-9.610696764,4.899899967
6.48918,8.02024,2942.07,0.70094,0.699116,1.002609009,4.317447075,-9.015689193,5.251172186
4.10207,5.41924,372.542,0.4435,1.543,0.28742709,5.973275164,-9.617921,4.929020058
5.88361,7.72889,1927.82,0.64718,0.997869,0.648562086,3.098582168,-9.321293709,5.175219886
4.28799,6.28616,1690.65,0.66686,1.09832,0.607163668,3.642844051,-9.378487733,5.21657463
4.38224,5.58391,458.434,0.55488,1.48991,0.37242518,5.37596096,-9.009114265,5.284087233
5.37633,10.81376,1816.67,0.66394,0.944323,0.703085703,3.99966155,-9.114343108,5.278040566
3.94718,5.04407,958.047,0.61434,1.1747,0.522976079,5.137595553,-9.351559893,5.21542931
5.01855,11.26084,2215.18,0.68342,0.828925,0.824465422,4.062288964,-9.087559053,5.300313929
8.23246,8.54513,3154.74,0.78998,0.722133,1.093953607,1.568578002,-8.792210693,5.586122019
4.69494,6.47036,1655.93,0.65096,1.17962,0.551838728,3.803405479,-9.38718552,5.084333297
4.56509,7.01927,1128.7,0.59534,1.20631,0.493521566,4.439087315,-9.483248198,5.067051349
6.17461,9.34169,1819.53,0.6259,0.826436,0.757348421,4.105666334,-9.280508318,5.128829305
5.3332,7.50726,1919.66,0.61788,0.991241,0.623339834,4.021154637,-9.07530645,5.368917861
4.66605,6.63855,1358.78,0.55586,1.06117,0.52381805,4.624415776,-9.197864009,5.450932476
4.25341,5.56779,1329.89,0.55018,1.05181,0.523079263,4.861739978,-9.68242306,4.592916957
9.77333,11.45503,5009.73,0.83686,0.404958,2.066535295,1.819824778,-8.337216099,5.774849606
5.59779,6.57595,1622.97,0.6601,1.07267,0.615380313,4.217213404,-9.402048979,4.957137413
6.17876,11.92741,2371.28,0.7151,0.841842,0.849446808,3.149314241,-8.971070547,5.461671134
5.04991,6.34584,1667.15,0.64294,1.10902,0.579737065,4.174965504,-9.31648351,4.899469151
8.18722,9.12848,2295.48,0.70662,0.813283,0.868848851,2.961468184,-8.953242249,5.466137231
4.60613,16.80237,3248.18,0.72262,0.589197,1.226448879,3.409084823,-8.917323043,5.285999202
4.02795,6.57261,967.327,0.52992,1.02982,0.514575363,5.907490905,-9.716983513,4.896197628
4.51142,5.84221,930.373,0.52716,1.25506,0.420027728,5.178882566,-9.086429088,5.251396472
4.75213,5.88914,960.198,0.53232,1.23811,0.429945643,5.072224825,-9.079813584,5.263325923
4.22176,5.94415,815.38,0.54272,1.20125,0.451796046,5.811526805,-9.84859525,4.932213047
10.75846,13.17229,6362.13,0.87062,0.287208,3.031322247,1.438384732,-8.116899911,5.716925192
5.1227,5.4813,1399.64,0.61972,1.25424,0.494100013,4.285475434,-9.374781998,5.242378612
5.10748,5.48445,1394.43,0.61942,1.24179,0.498812199,4.268000781,-9.379350432,5.18819113
4.1864,7.71161,806.505,0.54296,1.34841,0.402666845,5.213024917,-9.238681201,5.18183888
13.13968,15.07113,4398.63,0.79872,0.479637,1.665259352,2.384786687,-8.638164046,5.524663808
5.41115,6.21978,1103.1,0.57316,1.07724,0.532063421,5.183086738,-9.109449346,5.31812652
4.17994,6.70721,699.97,0.48666,1.11065,0.438175843,6.132111554,-9.614330537,4.831399001
5.22151,8.57387,1250.32,0.57448,0.997477,0.575933079,4.47819523,-9.27556877,5.045189118
5.50957,5.63288,1260.43,0.56064,1.07586,0.521108694,5.055839876,-9.245860202,5.225257591
3.93575,6.77398,1514.31,0.57252,1.0241,0.559046968,4.875717452,-9.355636837,5.22467719
5.37055,7.89334,2375.09,0.66676,0.873402,0.763405625,4.878696433,-9.014843992,5.410057723
6.77808,8.749,1726.73,0.65022,0.964207,0.67435727,3.764920311,-9.186327478,5.244698174
7.54223,9.23645,1882.66,0.6629,0.838059,0.790994429,3.023296602,-9.075862056,5.308728773
3.81567,4.45066,547.736,0.5457,1.13709,0.479909242,6.756905706,-9.554955575,4.965674721
4.18958,4.87973,339.865,0.4278,1.91746,0.223107653,5.773795375,-9.509266814,5.126667705
9.67182,10.70302,1359.19,0.62264,0.961173,0.647791813,3.632003264,-8.513946146,5.852702951
4.0341,5.07878,499.226,0.48888,1.22095,0.400409517,6.540267737,-9.492459031,4.92875023
3.98181,5.25265,1489.77,0.6386,0.962764,0.663298586,4.906343418,-9.225542862,5.149331431
3.94642,5.04398,517.986,0.47294,1.29452,0.365340049,6.610974559,-9.820037246,4.597190581
6.03691,11.27088,2592.34,0.69578,0.827082,0.841246696,3.015900102,-9.155212742,5.251927615
5.74685,9.16363,2390.02,0.72964,0.890102,0.819726279,2.825232613,-9.118346881,5.380370183
13.61044,15.13602,2024.71,0.67406,0.799776,0.842810987,4.020769657,-9.065357212,5.382869631
6.62234,15.48597,2730.48,0.74196,0.747785,0.992210328,3.182238827,-8.898037576,5.424356228
4.91496,9.86186,2055.95,0.65798,0.854434,0.770077033,3.935104033,-9.22846192,5.320152295
5.38349,5.80792,1114.07,0.58698,1.12998,0.519460521,4.626059936,-9.126358251,5.254843162
5.25433,6.10819,2752.3,0.68602,0.863424,0.794534319,4.012847966,-8.961659079,5.47451677
4.19832,4.58853,221.351,0.46036,1.42471,0.323125408,6.426770945,-10.10548382,4.826361005
6.14414,6.81519,743.097,0.55158,1.60609,0.343430318,3.192337484,-9.830223561,4.770262556
4.83808,7.31661,689.204,0.5669,1.36986,0.41383791,4.852543836,-9.506137167,5.021319759
3.97085,13.71017,1104.43,0.60978,1.23134,0.495216593,4.200160285,-9.524854217,5.055844847
5.02363,6.4533,2164.99,0.65096,0.985188,0.660746984,3.90387936,-9.121504685,5.35612642
9.23203,10.20016,2709.66,0.72104,0.804003,0.896812574,3.245029912,-8.942753512,5.458793958
5.92083,7.62702,1882.36,0.61826,0.977291,0.632626311,3.835120663,-8.995702823,5.383420308
6.86281,7.55002,1995.51,0.63226,0.941882,0.671273047,3.645973086,-8.955350438,5.487989613
6.50668,6.87778,871.167,0.56924,1.59244,0.357464017,4.411454692,-8.968490462,5.367753777
4.55241,6.25531,531.652,0.5372,1.60942,0.333784842,4.643187436,-9.729800256,5.000627182
4.14157,6.98334,1659.49,0.65496,1.19557,0.547822378,3.72943161,-9.361334239,5.182780775
3.87237,7.76134,1145.56,0.58388,1.15876,0.503883462,4.053252735,-9.757893498,4.773174583
5.57464,5.84848,680.184,0.55766,1.84239,0.302682928,5.455273947,-8.992764392,5.920329136
4.04226,9.06042,1132.56,0.64424,1.25445,0.513563713,3.992459947,-9.689962979,4.819637034
4.23883,8.98552,1142.26,0.6443,1.25419,0.513718017,3.990136328,-9.729999665,4.908562218
5.99614,9.10869,2819.55,0.72198,0.787709,0.916556749,3.386354724,-9.217853399,5.181754452
4.23928,6.47025,1536.56,0.608,1.06649,0.570094422,4.63088984,-9.374630598,5.083798709
4.24175,5.89247,1597.85,0.61858,1.04927,0.589533676,4.664567869,-9.36355365,5.218810147
8.23796,9.47139,3394.1,0.79736,0.666821,1.195763181,2.115487971,-8.740060524,5.582845604
6.03269,7.03393,986.368,0.54102,1.11887,0.48354143,4.941614806,-9.093784762,5.373115964
5.89758,7.14406,965.371,0.5477,1.11162,0.492704341,4.84152273,-9.134543137,5.231382018
5.89697,7.13405,965.057,0.5478,1.11162,0.4927943,4.843234538,-9.087581116,5.406689963
3.86327,4.15669,125.199,0.42266,3.23985,0.130456657,5.729355881,-10.23182566,4.737629134
4.5627,6.22226,1108.74,0.55016,1.01998,0.539383125,4.880013855,-9.632540925,4.843738887
7.36677,7.99703,545.12,0.4705,1.64643,0.285769817,4.630597833,-9.154186146,5.284611617
7.27239,7.93236,511.848,0.46456,1.6586,0.280091644,4.630831263,-9.162808438,5.31964388
3.97105,5.13693,821.636,0.56084,0.982113,0.571054451,5.973159049,-9.679430526,4.871713774
5.18062,6.8059,660.34,0.52096,1.41637,0.367813495,6.087983353,-8.879106641,5.875038971
6.65727,13.16813,2177.53,0.72264,0.881908,0.819405199,3.338052003,-9.032514637,5.379976041
6.67449,13.22354,2217.12,0.7237,0.8764,0.825764491,3.324563987,-9.039040015,5.345830218
4.86667,7.27536,1374.32,0.61122,0.966335,0.632513569,4.746999621,-9.360031463,5.024961957
4.78135,5.41632,739.92,0.50606,1.32576,0.381713131,5.675039672,-9.230204772,5.255596922
9.41793,10.82894,1493.76,0.64298,0.926286,0.69414846,3.49995899,-8.770822411,5.705234191
9.23374,9.74389,890.547,0.55512,1.05908,0.524153038,3.407260923,-8.851880769,5.308658892
8.95969,9.35578,872.356,0.55088,1.07347,0.513176894,3.525926185,-8.888011738,5.361024697
4.1401,6.37722,904.33,0.57846,1.48117,0.390542612,3.789726328,-9.817552192,4.751164529
3.94305,7.44579,1293.18,0.57794,1.00681,0.57403085,5.488468233,-9.436525399,4.988568184
5.53792,6.06957,1665.63,0.62224,0.892995,0.696801214,3.80569495,-9.411687606,4.862928364
4.74264,7.16525,2062.49,0.61754,0.861413,0.716891897,4.550101186,-9.003540767,5.380165969
5.58315,6.53052,677.25,0.5027,1.14575,0.438751909,6.293314014,-9.620641577,4.585775339
5.45199,6.55588,674.392,0.50086,1.14259,0.438354965,6.355432109,-9.665880724,4.852206339
5.84937,6.69444,710.088,0.50328,1.13629,0.442915101,6.150137153,-9.55685712,5.008641799
5.82012,6.69706,714.516,0.50676,1.12302,0.451247529,6.079791736,-9.549959969,4.978920732
5.79486,6.7589,729.019,0.50762,1.1199,0.453272614,6.14296498,-9.588727392,4.613003749
5.88003,6.823,725.198,0.50986,1.1136,0.45784842,6.067705151,-9.532757412,4.826900653
5.08469,6.62212,670.362,0.50502,1.12644,0.448332801,6.505044986,-9.732889357,4.629458034
4.79784,6.67565,774.417,0.52464,1.08038,0.485606916,6.143796427,-9.655019455,4.595139477
4.04722,6.44081,711.265,0.51294,1.09379,0.468956564,6.509921686,-9.883195858,4.690318349
5.14118,6.73531,690.944,0.51818,1.08477,0.477686514,6.377597909,-9.737499221,4.793730566
6.25516,7.09133,814.658,0.52622,1.0672,0.493084708,5.699530285,-9.562902816,4.777779497
5.2818,6.79198,699.176,0.51986,1.07942,0.481610495,6.301470802,-9.722552441,4.524872526
9.47922,10.46203,1040.35,0.6072,1.13142,0.536670732,2.56576639,-9.670622294,4.818246101
4.85597,5.21744,502.716,0.48678,1.23316,0.394741964,5.431979151,-9.255413274,5.154778742
6.70029,13.27907,2173.74,0.72136,0.882932,0.81700516,3.33228783,-9.060633012,5.362054952
8.89146,13.27914,2632.02,0.75028,0.6982,1.074591808,2.308428341,-8.782387226,5.485521574
12.00951,13.97996,2843.51,0.78658,0.61183,1.285618554,1.908866693,-8.568638015,5.615425686
7.35004,8.32775,1549.58,0.6404,1.04928,0.610323269,3.877163697,-9.041975131,5.469399737
4.94745,8.69265,1075.16,0.60728,1.19814,0.506852288,4.318409736,-9.222015423,5.381747163
4.13008,5.81942,876.934,0.51738,1.08758,0.475716729,5.838855475,-9.479240628,5.027763199
3.91982,4.78325,1090.54,0.5598,1.01421,0.551956695,5.188184426,-9.447519698,5.144303634
4.53676,6.78829,1136.61,0.60594,1.15506,0.524596125,4.026034756,-9.569270532,5.095032127
6.24399,7.42167,1637.92,0.62492,1.08555,0.575671319,2.879078661,-9.257997739,5.04322581
6.34458,7.64047,1673.55,0.63374,1.05425,0.601128765,2.786475578,-9.265342371,5.169524806
4.9062,6.09359,2473.64,0.673,0.831336,0.809540306,3.771063207,-8.948667797,5.420018209
6.77637,10.89993,3083.82,0.75168,0.718001,1.04690662,2.86491942,-8.852238002,5.558909174
8.94015,11.91055,4875.01,0.8048,0.448758,1.793394212,2.316252904,-8.550498646,5.587066365
4.49111,5.98412,867.092,0.54292,1.61045,0.337123164,4.728204884,-8.967117497,5.789540153
4.34741,5.85992,1246.22,0.521,1.1473,0.454109649,5.040665021,-9.062701874,5.563888086
6.65142,6.81125,1220.26,0.61322,1.26369,0.485261417,3.420717725,-8.984164509,5.333471321
3.98756,5.44503,318.222,0.4934,1.47604,0.334272784,5.804229076,-10.1297223,4.469006294
7.11095,9.13708,2263.13,0.67358,0.82221,0.819231097,3.994391107,-9.090291445,5.350841743
8.47609,13.69253,2840.61,0.75202,0.683521,1.100214917,2.351309423,-8.711795835,5.677260372
7.52617,8.234,2684.93,0.7102,0.858047,0.827693588,3.21669388,-8.911720932,5.530190334
13.01,37.34,4170.37,0.83,0.4,2.075,2.024898545,-8.341269756,5.786683836
4.77812,5.63795,939.666,0.56304,1.59088,0.353917329,4.567266103,-9.484743097,5.22635154
4.58752,5.76004,899.505,0.54104,1.23436,0.438316212,4.598339393,-9.795382474,4.756297589
4.63008,4.9883,533.788,0.4817,1.28691,0.37430745,6.35949176,-9.325517617,5.09594821
14.41981,17.65359,2507.2,0.7468,0.688928,1.084002973,2.817678276,-8.790349206,5.613140908
5.76726,7.81236,2249.44,0.66866,0.879883,0.759941947,3.600257026,-9.05123608,5.44535619
4.56878,5.00131,481.095,0.49172,1.44177,0.341053011,5.891179511,-9.490741673,5.236458791
4.47094,5.37118,678.242,0.52104,1.34967,0.386049923,5.480696948,-9.688321149,4.852800054
4.3746,5.22265,659.957,0.51326,1.35436,0.378968664,5.456413462,-9.739616541,4.916751367
4.25116,5.28891,677.435,0.52228,1.21408,0.43018582,5.374378354,-9.768286002,4.847407892
9.22584,21.49816,4397.57,0.8236,0.4666,1.765109301,2.171748117,-8.575529613,5.69289136
10.2733,24.28264,4718.11,0.84228,0.405541,2.076929336,1.99304094,-8.407988494,5.735301926
6.66271,20.08724,3621.71,0.78226,0.597835,1.308488128,2.644328138,-8.828241362,5.591930207
5.00118,7.04018,993.397,0.5278,1.11887,0.471725938,4.975186252,-9.669552859,4.699912327
4.99085,7.11877,1000.3,0.52832,1.11442,0.474076201,4.94727417,-9.671458686,4.901664549
5.15865,7.26305,1108.03,0.53866,1.0949,0.49197187,4.828344141,-9.616483294,4.797322111
6.50331,13.14331,2183.01,0.71832,0.890304,0.806825534,3.368512315,-9.070230348,5.432861868
4.19176,4.51112,558.895,0.5126,1.1607,0.441630051,5.518201437,-8.800399444,5.785681748
6.88405,13.38268,2599.37,0.74416,0.804279,0.925251063,2.769666709,-8.996993443,5.35834018
7.05231,10.69503,1559.11,0.6553,0.975433,0.671804214,3.800993363,-9.390746903,4.916924046
6.49977,8.08211,1022.26,0.60514,1.60695,0.376576745,2.723819912,-9.466306259,5.263255918
3.95101,5.22384,532.984,0.47686,1.32405,0.360152562,6.173198373,-9.396710938,5.452253139
8.06587,8.3258,952.915,0.5303,1.20593,0.4397436,4.08268888,-9.108824221,5.411830182
3.95884,5.34498,586.029,0.48884,1.23434,0.396033508,5.996206549,-10.00992529,4.654203083
4.48097,5.33865,1010.19,0.56926,1.32498,0.429636674,4.455354354,-9.671047328,5.017519749
4.48289,5.30607,1009.61,0.56666,1.35411,0.418474127,4.507162568,-9.617104036,4.958714107
4.52403,5.30653,971.658,0.56692,1.36913,0.414073171,4.49579768,-9.670670941,4.943044139
4.57646,5.32227,965.763,0.57162,1.37671,0.41520727,4.503859653,-9.649941156,4.869285954
4.55872,5.30179,939.764,0.5688,1.39948,0.406436676,4.570440229,-9.676152779,4.902190691
8.28295,10.33934,3457.73,0.78204,0.62663,1.248009192,2.217855666,-8.751749729,5.601231212
7.75871,10.01013,3208.81,0.76924,0.671545,1.145477965,2.398400039,-8.733504249,5.57929835
4.32637,5.3293,400.24,0.4537,1.33144,0.340758878,5.56089021,-10.20153079,4.449948036
4.41255,5.28683,416.394,0.45598,1.35718,0.335976068,5.610093182,-10.11336276,4.496470325
11.06843,16.90888,4987.42,0.86814,0.361932,2.398627366,1.429891825,-8.322805317,5.828623577
3.89595,5.1171,651.502,0.53102,1.10157,0.482057427,6.569541393,-9.553487232,4.911518158
3.95776,5.19184,685.492,0.53212,1.08691,0.489571354,6.434972551,-9.534724805,4.891493055
6.73421,7.4185,882.806,0.51014,1.13583,0.449134113,4.698695806,-9.199576831,5.21821448
4.11889,5.43641,1055.38,0.51632,1.10203,0.468517191,5.633277428,-9.491522755,5.21205755
4.73515,6.86808,1109.09,0.57404,1.25879,0.456025231,4.371513401,-9.094540738,5.453940921
4.77027,6.82109,1103.25,0.57436,1.2492,0.459782261,4.389478829,-9.089585103,5.622830023
6.84646,12.82981,2426.47,0.71776,0.799058,0.898257698,3.170653115,-8.96602497,5.362458679
6.57481,11.59694,2074.45,0.68832,0.866393,0.794466253,3.558289641,-9.063743847,5.335688666
5.58584,7.07783,2925.33,0.7039,0.782965,0.899018475,3.76373642,-8.957003738,5.294142758
3.9573,5.81598,1683.97,0.63652,0.969805,0.65633813,5.045270356,-9.385104116,4.995695721
4.28704,4.9863,759.342,0.54882,0.999721,0.548973164,5.482359572,-9.695659925,4.771423458
3.8062,4.97187,833.619,0.56414,0.952981,0.591974027,5.409285731,-9.523519726,4.813861184
5.88445,9.14666,1441.13,0.58864,0.927388,0.634728938,4.640300109,-8.868120927,5.209239877
7.96955,9.30653,3725.15,0.75678,0.639421,1.183539483,3.031506895,-8.76595773,5.5946814
4.17837,8.81434,1700.55,0.7024,1.15604,0.607591433,2.919753954,-9.513307455,5.002799287
4.17886,8.8325,1746.77,0.70274,1.13678,0.618184697,2.909123321,-9.517552571,5.053573457
6.7436,16.39277,2266.17,0.73098,0.781296,0.935599312,3.318518385,-8.995530159,5.399842241
6.72913,9.10665,3267.6,0.72394,0.629598,1.149844822,3.202420097,-8.951432808,5.315275314
4.0904,4.87799,607.065,0.51416,1.19653,0.429709243,5.660880745,-9.664488722,4.988335616
4.91539,5.9099,778.768,0.52664,1.28892,0.408590137,5.879168674,-9.082454409,5.452645139
4.53903,7.47107,1136.56,0.58078,1.09467,0.530552587,4.749920903,-9.402112675,5.014599928
3.81576,4.39347,284.731,0.42546,1.76923,0.240477496,6.729257944,-9.563922935,5.169276418
4.01306,9.64217,1518.61,0.60408,0.962992,0.627294931,4.277972468,-9.455633054,5.00269527
6.60227,9.41161,3568.49,0.74736,0.678974,1.100719615,2.851714407,-8.715035381,5.599480943
4.54083,6.0596,1007.99,0.57734,1.15823,0.498467489,5.248774439,-9.147918348,5.117019957
4.62522,6.19749,1077.49,0.585,1.13009,0.517657886,5.064833757,-9.171815039,5.628976012
4.0026,5.10912,898.115,0.56728,1.07778,0.526341183,5.717375514,-9.675289849,4.752588036
4.03954,6.93984,1902.96,0.6427,0.864343,0.74357055,5.106056988,-9.183269419,5.235388239
4.16129,6.81689,858.215,0.54328,1.34232,0.404732106,3.843449273,-9.482438497,4.99298793
5.11086,7.30118,725.718,0.61272,1.04457,0.586576295,4.600657693,-9.38970767,5.182460378
6.83417,7.97254,870.173,0.54492,1.12239,0.485499693,5.07812643,-9.663272839,5.060487957
6.01065,7.7256,1350.37,0.59506,1.03826,0.573131971,3.710844194,-9.429488458,4.969804122
4.22172,5.40132,710.914,0.5336,1.52696,0.349452507,5.613901921,-9.479960977,5.260749223
5.4291,5.81277,1258.22,0.58546,1.09047,0.536887764,4.414302381,-8.963058031,5.072348499
4.23405,6.48565,1081.65,0.56556,1.20859,0.467950256,4.405138787,-9.473092654,5.043976878
4.91611,6.99233,1727.16,0.61002,0.880805,0.692571,5.185897004,-9.232961568,5.099437131
10.68501,11.21967,2579.13,0.77842,0.962771,0.808520406,1.640962838,-8.796158521,5.691738222
3.97231,6.12654,1214.84,0.5539,1.08189,0.511974415,4.89373872,-9.138574411,5.18734607
5.54572,6.25511,2625.19,0.70148,0.917254,0.764760906,3.701298811,-8.857836246,5.560193303
6.59647,8.11138,3012.51,0.6908,0.733886,0.941290609,3.586363447,-8.884079417,5.439860442
6.8566,12.38418,2122.63,0.72552,0.903178,0.803296803,2.866551183,-9.037998059,5.364364383
